tile,fold,x0,y0,x1,y1,score
tile_r017251_c011107,3,412.9507751464844,219.44137573242188,464.9892578125,270.77056884765625,0.8196224570274353
tile_r017251_c011107,3,72.58631896972656,273.8646850585937,111.73789978027344,313.5193786621094,0.7967151999473572
tile_r017251_c011107,3,366.5858459472656,88.4952163696289,412.159912109375,129.3311767578125,0.7887119650840759
tile_r017251_c011107,3,328.8487243652344,247.1771545410156,361.7423706054688,279.73114013671875,0.7672410607337952
tile_r017251_c011107,3,76.49303436279297,392.47845458984375,119.16691589355467,435.1294555664063,0.7480963468551636
tile_r017251_c011107,3,370.12884521484375,22.527978897094727,400.8106384277344,51.49345016479492,0.7439526915550232
tile_r017251_c011107,3,87.55933380126953,466.2782287597656,125.9112319946289,503.0114135742188,0.7406829595565796
tile_r017251_c011107,3,203.28384399414065,470.9240112304688,236.10562133789065,500.6851501464844,0.7403421401977539
tile_r017251_c011107,3,464.1712951660156,349.7193298339844,514.9951171875,401.5016479492188,0.704490602016449
tile_r017251_c011107,3,338.5589904785156,304.7607421875,394.69970703125,347.74285888671875,0.7001540064811707
tile_r017251_c011107,3,469.1404418945313,150.7455596923828,511.3660278320313,191.84054565429688,0.6994258165359497
tile_r017251_c011107,3,83.27832794189453,115.0636215209961,112.5973663330078,140.7133331298828,0.6990355253219604
tile_r017251_c011107,3,204.6132354736328,5.397688388824463,240.87338256835935,34.16535186767578,0.6799400448799133
tile_r017251_c011107,3,466.075439453125,451.6460876464844,510.1734924316406,486.9441528320313,0.6646766662597656
tile_r017251_c011107,3,282.3502197265625,61.46776580810547,343.3059387207031,120.4623565673828,0.5352449417114258
tile_r017251_c011107,3,283.67529296875,62.5410385131836,338.14617919921875,108.40202331542967,0.4385319650173187
tile_r017251_c011107,3,434.51123046875,27.912220001220703,497.3518676757813,95.49930572509766,0.3950180411338806
tile_r017251_c011107,3,408.5148315429688,114.7244873046875,431.8787231445313,136.0084991455078,0.3234264850616455
tile_r017251_c011107,3,286.4183654785156,64.34831237792969,327.5555725097656,103.4168701171875,0.3199643492698669
tile_r017251_c011107,3,0.310687243938446,296.6776733398437,19.977283477783203,332.6720275878906,0.0581407062709331
tile_r017251_c011107,3,201.1725616455078,3.185786485671997,243.58657836914065,38.85565948486328,0.0533894263207912
tile_r017251_c011107,3,83.29109954833984,116.59925842285156,108.14503479003906,137.49874877929688,0.0343147441744804
tile_r017251_c011107,3,310.971435546875,99.5941925048828,336.1604919433594,118.7100067138672,0.0285500288009643
tile_r017251_c011107,3,445.1207885742188,29.713558197021484,487.6758728027344,79.20726013183594,0.0247154589742422
tile_r017251_c011107,3,469.86279296875,455.7459411621094,506.9441528320313,484.238525390625,0.0233061760663986
tile_r017251_c011107,3,341.5633544921875,306.7931213378906,385.74407958984375,343.7718200683594,0.021381476894021
tile_r017251_c011107,3,78.74077606201172,111.88703918457033,114.8769989013672,144.3677520751953,0.018174136057496
tile_r017251_c011107,3,461.80267333984375,447.0757751464844,513.5531616210938,494.9373168945313,0.0181166511029005
tile_r017251_c011107,3,72.40869903564453,387.8003234863281,124.1052703857422,441.2532348632813,0.0151842348277568
tile_r017251_c011107,3,460.3405151367188,344.27911376953125,519.6495361328125,409.0535278320313,0.0144627168774604
tile_r017251_c011107,3,316.95770263671875,102.8044891357422,336.4324951171875,118.517578125,0.0116986762732267
tile_r017251_c011107,3,430.6643676757813,23.371288299560547,507.1080932617188,104.94947814941406,0.0116762528195977
tile_r017251_c011107,3,443.1001892089844,73.7281265258789,466.67431640625,95.29229736328124,0.0111976433545351
tile_r017251_c011107,3,1.3425811529159546,297.7384338378906,16.437137603759766,327.4906616210937,0.0097848745062947
tile_r017251_c011107,3,371.4732971191406,25.5382137298584,395.78704833984375,48.46527862548828,0.0086624743416905
tile_r017251_c011107,3,78.1128921508789,276.4914855957031,109.09172058105467,310.77069091796875,0.0078158555552363
tile_r017251_c011107,3,79.70524597167969,393.9869689941406,114.3492431640625,429.049560546875,0.0075323297642171
tile_r017251_c011107,3,405.45849609375,110.41943359375,428.62548828125,137.19052124023438,0.006951852235943
tile_r017251_c011107,3,204.5549774169922,474.0406799316406,231.9703063964844,498.2254333496094,0.0067911026999354
tile_r017251_c011107,3,200.2673797607422,468.876953125,238.9627990722656,505.228515625,0.006046702619642
tile_r017251_c011107,3,-9.96140480041504,288.191162109375,21.65372085571289,342.3827514648437,0.0057726306840777
tile_r017251_c011107,3,1.905969262123108,-5.181114196777344,48.21959686279297,7.6590895652771,0.0050500119104981
tile_r017251_c011107,3,331.873291015625,296.14630126953125,401.8699645996094,356.5751647949219,0.0050211739726364
tile_r017251_c011107,3,464.2772521972656,503.3049926757813,513.6884765625,512.9733276367188,0.0047472156584262
tile_r017251_c011107,3,193.9706115722656,472.50537109375,242.36572265625,508.58544921875,0.0046732467599213
tile_r017251_c011107,3,416.5394592285156,222.8539276123047,459.1953125,265.7055358886719,0.0045921085402369
tile_r017251_c011107,3,440.8040161132813,64.76725006103516,476.5302734375,96.6374740600586,0.0041327765211462
tile_r017251_c011107,3,280.2187194824219,56.5697021484375,353.0179443359375,132.6341552734375,0.0039989086799323
tile_r017251_c011107,3,9.287132263183594,0.7027740478515625,46.488525390625,13.84643840789795,0.0039923540316522
tile_r017251_c011107,3,93.8841552734375,502.2014770507813,156.7006072998047,512.84033203125,0.003815222531557
tile_r017251_c011107,3,-4.060390472412109,286.15478515625,8.285593032836914,334.64825439453125,0.0036686693783849
tile_r017251_c011107,3,72.58317565917969,512.1212158203125,153.3602752685547,520.8895874023438,0.0036351075395941
tile_r017251_c011107,3,287.3108825683594,68.19342041015625,321.3028869628906,100.74664306640624,0.0035941351670771
tile_r017251_c011107,3,323.9405212402344,244.62551879882807,366.9411010742188,285.65875244140625,0.0032158070243895
tile_r017251_c011107,3,82.3999252319336,518.7581787109375,150.20034790039062,524.7999877929688,0.0031237541697919
tile_r017251_c011107,3,66.7879409790039,268.6337890625,115.2663345336914,318.52471923828125,0.002973869908601
tile_r017251_c011107,3,464.0840759277344,144.7196807861328,514.7247314453125,202.05880737304688,0.0028139799833297
tile_r017251_c011107,3,94.0487060546875,515.3863525390625,153.7854766845703,523.6199951171875,0.0027183766942471
tile_r017251_c011107,3,1.0267455577850342,293.4815673828125,25.223224639892575,339.2415771484375,0.0026873857714235
tile_r017251_c011107,3,175.45144653320312,505.5,242.6975555419922,512.7213134765625,0.0026366510428488
tile_r017251_c011107,3,68.58070373535156,519.38671875,142.13954162597656,524.7999877929688,0.0025126333348453
tile_r017251_c011107,3,-4.405887603759766,294.8370056152344,5.102011203765869,334.12921142578125,0.0025121408980339
tile_r017251_c011107,3,213.45101928710935,515.5106201171875,269.837158203125,523.8137817382812,0.0024958574213087
tile_r017251_c011107,3,102.1372299194336,22.467578887939453,171.57229614257812,94.3969268798828,0.0024556196294724
tile_r017251_c011107,3,236.5231475830078,519.9046630859375,307.83184814453125,524.7999877929688,0.0024461767170578
tile_r017251_c011107,3,167.2242431640625,520.4685668945312,234.36715698242188,524.7999877929688,0.0024179157335311
tile_r017251_c011107,3,78.60365295410156,463.7595825195313,132.43283081054688,509.1810607910156,0.0023786453530192
tile_r017251_c011107,3,486.50830078125,340.75103759765625,524.0460205078125,411.453369140625,0.0023286519572138
tile_r017251_c011107,3,319.5960998535156,100.1307144165039,338.3915100097656,118.6031494140625,0.0022891664411872
tile_r017251_c011107,3,106.8893585205078,499.9611206054688,158.3660125732422,512.7069091796875,0.002280481159687
tile_r017251_c011107,3,224.5377960205078,515.9374389648438,286.5982971191406,524.4984130859375,0.0022768194321542
tile_r017251_c011107,3,336.7003479003906,-0.8882301449775696,389.422119140625,13.2432279586792,0.0022368822246789
tile_r017251_c011107,3,201.598876953125,503.4164123535156,264.93310546875,512.8132934570312,0.0021850024349987
tile_r017251_c011107,3,182.4283447265625,509.7405395507813,270.4877624511719,521.6124267578125,0.0021268820855766
tile_r017251_c011107,3,377.2203979492188,-0.6030990481376648,427.1598510742188,12.73228645324707,0.0021184766665101
tile_r017251_c011107,3,353.3136291503906,-12.800000190734863,426.94915771484375,4.168139457702637,0.0020962648559361
tile_r017251_c011107,3,84.256103515625,516.4071044921875,145.3310546875,523.4710083007812,0.0020658052526414
tile_r017251_c011107,3,406.2171020507813,214.198974609375,471.1417846679688,277.81158447265625,0.0020542098209261
tile_r017251_c011107,3,361.6622619628906,14.914929389953612,404.782958984375,57.3282470703125,0.0020507406443357
tile_r017251_c011107,3,183.61886596679688,519.2199096679688,256.6610717773437,524.7999877929688,0.0020037794020026
tile_r017251_c011107,3,85.8104248046875,503.700927734375,150.9936065673828,513.0684204101562,0.0019802907481789
tile_r017251_c011107,3,90.72349548339844,469.3704223632813,122.51783752441406,500.32177734375,0.0019081977661699
tile_r017251_c011107,3,513.0768432617188,457.1424865722656,524.7999877929688,510.8418884277344,0.001886595855467
tile_r017251_c011107,3,367.7218017578125,-12.800000190734863,443.8352661132813,1.7085708379745483,0.0018530233064666
tile_r017251_c011107,3,158.6451416015625,515.6302490234375,212.6459045410156,524.2281494140625,0.0018384509021416
tile_r017251_c011107,3,168.75648498535156,516.4755249023438,226.3861846923828,524.1329345703125,0.0018318929942324
tile_r017251_c011107,3,250.08041381835935,519.6754150390625,316.853759765625,524.7999877929688,0.0018220293568447
tile_r017251_c011107,3,189.9170379638672,514.11572265625,250.9462432861328,523.07958984375,0.0018155843717977
tile_r017251_c011107,3,457.926025390625,432.6828002929688,516.9185180664062,491.4793090820313,0.0018117238068953
tile_r017251_c011107,3,108.1377182006836,514.7030029296875,168.688232421875,524.2264404296875,0.0017953336937353
tile_r017251_c011107,3,172.41098022460938,504.3076171875,226.0283203125,513.0775146484375,0.0017839225474745
tile_r017251_c011107,3,200.833740234375,516.0230102539062,257.9511108398437,523.5240478515625,0.0017809115815907
tile_r017251_c011107,3,170.1516571044922,511.7077026367188,259.122802734375,520.9513549804688,0.0017687969375401
tile_r017251_c011107,3,453.1912536621094,501.8678283691406,514.5581665039062,513.1588134765625,0.0017564821755513
tile_r017251_c011107,3,157.28981018066406,513.4627075195312,238.2114715576172,520.2333984375,0.0017455059569329
tile_r017251_c011107,3,345.6383361816406,311.15509033203125,394.6932067871094,344.05419921875,0.0017101102275773
tile_r017251_c011107,3,361.6148986816406,82.02542877197266,418.7890625,138.02784729003906,0.0017027995781973
tile_r017251_c011107,3,366.76025390625,21.466196060180664,405.9124145507813,59.7359733581543,0.0016769104404374
tile_r017251_c011107,3,208.3158721923828,504.9338989257813,272.15924072265625,512.7730712890625,0.0016764969332143
tile_r017251_c011107,3,-4.110984802246094,272.5904235839844,9.621931076049805,333.08160400390625,0.0016564809484407
tile_r017251_c011107,3,144.70211791992188,515.1763916015625,198.9300842285156,524.2357177734375,0.0016392517136409
tile_r017251_c011107,3,438.232421875,26.828800201416016,493.572265625,81.49613189697266,0.0016347770579159
tile_r017251_c011107,3,459.4210510253906,522.0361328125,522.9277954101562,524.7999877929688,0.0016329607460647
tile_r017251_c011107,3,81.3285903930664,513.1142578125,157.49227905273438,519.52392578125,0.0015876890392974
tile_r017251_c011107,3,243.3322296142578,516.0225830078125,301.43560791015625,524.2301635742188,0.0015722526004537
tile_r017251_c011107,3,294.09625244140625,518.7843627929688,359.9330444335937,524.7999877929688,0.0015628434484824
tile_r017251_c011107,3,0.569470226764679,297.41552734375,13.530047416687012,334.98736572265625,0.0015515841078013
tile_r017251_c011107,3,332.4967346191406,519.62158203125,398.8980102539063,524.7999877929688,0.0015439323615282
tile_r017251_c011107,3,90.017578125,117.8407211303711,113.0144271850586,139.1809539794922,0.0015435486566275
tile_r017251_c011107,3,149.6540985107422,21.140893936157227,192.9698944091797,69.57704162597656,0.0015413624932989
tile_r017251_c011107,3,395.1624145507813,95.57920837402344,434.9136657714844,137.25936889648438,0.0014682378387078
tile_r017251_c011107,3,436.89202880859375,520.5934448242188,499.2918395996094,524.7999877929688,0.0014681610045954
tile_r017251_c011107,3,254.05386352539065,515.6312866210938,313.13824462890625,524.281982421875,0.0014666552888229
tile_r017251_c011107,3,356.68115234375,519.9617309570312,426.1936645507813,524.7999877929688,0.0014551959466189
tile_r017251_c011107,3,90.9835968017578,498.0241088867188,153.51904296875,512.86669921875,0.0014548668405041
tile_r017251_c011107,3,180.8152618408203,504.1228942871094,254.3270263671875,512.0345458984375,0.0014513679780066
tile_r017251_c011107,3,303.1474609375,84.39746856689453,337.9795837402344,119.7123031616211,0.0014482469996437
tile_r017251_c011107,3,130.6692657470703,514.7972412109375,183.3670654296875,524.0123291015625,0.0014433846808969
tile_r017251_c011107,3,264.69549560546875,503.6329956054688,316.6239318847656,513.3390502929688,0.001436797901988
tile_r017251_c011107,3,144.5312042236328,521.1168212890625,214.2378692626953,524.7999877929688,0.0014310952974483
tile_r017251_c011107,3,-6.870129585266113,-12.800000190734863,56.197547912597656,2.024247646331787,0.0014271613908931
tile_r017251_c011107,3,256.48583984375,484.9393615722656,305.3681640625,510.7819213867188,0.0013940790668129
tile_r017251_c011107,3,322.2439880371094,-12.800000190734863,398.0458984375,2.267497301101685,0.001385242328979
tile_r017251_c011107,3,-0.7699645757675171,290.578125,29.025360107421875,346.72314453125,0.0013724359450861
tile_r017251_c011107,3,217.1407165527344,-12.710370063781738,293.544921875,-0.2438743561506271,0.0013636545045301
tile_r017251_c011107,3,-1.5838623046875,289.6693420410156,38.35088348388672,351.47882080078125,0.0013458899920806
tile_r017251_c011107,3,490.5074157714844,513.0952758789062,524.5031127929688,524.7999877929688,0.0013344351900741
tile_r017251_c011107,3,194.9631805419922,-0.0435668937861919,248.0655212402344,47.68955612182617,0.0013259780826047
tile_r017251_c011107,3,306.6943664550781,518.4929809570312,373.4410400390625,524.7999877929688,0.0013152011670172
tile_r017251_c011107,3,312.0519104003906,94.5028076171875,338.963134765625,118.3415298461914,0.0013150244485586
tile_r017251_c011107,3,194.77197265625,519.43115234375,273.042724609375,524.7999877929688,0.0012682339875027
tile_r017251_c011107,3,375.4931640625,-6.181359767913818,432.0535278320313,6.917013645172119,0.0012477908749133
tile_r017251_c011107,3,365.55218505859375,521.4310913085938,429.6398010253906,524.7999877929688,0.001246538828127
tile_r017251_c011107,3,178.93606567382812,514.9098510742188,242.1782684326172,523.7390747070312,0.0012441255385056
tile_r017251_c011107,3,331.19073486328125,251.517333984375,356.225341796875,277.38043212890625,0.0012433639494702
tile_r017251_c011107,3,131.9517059326172,520.4277954101562,200.8409118652344,524.7999877929688,0.001225879183039
tile_r017251_c011107,3,209.460693359375,501.4171447753906,269.709716796875,512.5708618164062,0.0012092740507796
tile_r017251_c011107,3,1.781365990638733,503.6918029785156,36.25819778442383,512.6935424804688,0.0011898459633812
tile_r017251_c011107,3,248.6049346923828,501.6168518066406,305.7320861816406,513.2059936523438,0.0011861958773806
tile_r017251_c011107,3,257.3954467773437,485.0296325683594,271.8539428710937,496.80755615234375,0.0011468945303931
tile_r017251_c011107,3,511.7510681152344,142.62033081054688,524.6182861328125,212.1249237060547,0.0011339237680658
tile_r017251_c011107,3,58.40534591674805,512.7933349609375,142.8302459716797,520.947998046875,0.0011298609897494
tile_r017251_c011107,3,122.6845474243164,520.9105224609375,190.68362426757807,524.7999877929688,0.0011123286094516
tile_r017251_c011107,3,135.760498046875,512.7117919921875,220.87466430664065,520.8931274414062,0.0011096277739852
tile_r017251_c011107,3,318.0174865722656,518.5119018554688,389.3425903320313,524.7999877929688,0.0010986144188791
tile_r017251_c011107,3,262.1024169921875,514.7854614257812,326.4602355957031,524.7252807617188,0.0010856288718059
tile_r017251_c011107,3,442.1015625,510.7605590820313,522.3228759765625,522.5142822265625,0.0010801412863656
tile_r017251_c011107,3,446.8220825195313,521.2249145507812,515.3001708984375,524.7999877929688,0.0010674237273633
tile_r017251_c011107,3,255.5811004638672,482.5858459472656,316.8748474121094,512.7430419921875,0.0010655223159119
tile_r017251_c011107,3,207.5116729736328,8.469568252563477,236.423095703125,31.577312469482425,0.0010632965713739
tile_r017251_c011107,3,471.3872985839844,498.3165893554688,518.701171875,513.2556762695312,0.0010565629927441
tile_r017251_c011107,3,-8.790105819702148,522.6781005859375,49.548858642578125,524.7999877929688,0.0010557756759226
tile_r017251_c011107,3,111.4806900024414,520.5072021484375,182.0006103515625,524.7999877929688,0.0010443212231621
tile_r017251_c011107,3,491.072265625,384.763427734375,510.9877014160156,405.3714904785156,0.0010405712528154
tile_r017251_c011107,3,112.67317199707033,8.144689559936523,181.2718963623047,61.78462600708008,0.0010401846375316
tile_r017251_c011107,3,239.3876037597656,513.68701171875,319.3662109375,521.2854614257812,0.0010240239789709
tile_r017251_c011107,3,458.8026428222656,512.9089965820312,521.8443603515625,522.6702270507812,0.0010227881139144
tile_r017251_c011107,3,215.37222290039065,519.5842895507812,292.4952697753906,524.7999877929688,0.0010161419631913
tile_r017251_c011107,3,223.33154296875,499.1248474121094,295.4938049316406,512.6534423828125,0.0010122027015313
tile_r017251_c011107,3,63.5866584777832,516.6177978515625,118.16204833984376,524.7788696289062,0.0010074783349409
tile_r017251_c011363,3,157.3819580078125,219.7603759765625,208.52780151367188,270.36102294921875,0.8207074999809265
tile_r017251_c011363,3,110.99055480957033,88.91853332519531,155.715576171875,128.8344268798828,0.7934959530830383
tile_r017251_c011363,3,210.7235870361328,353.498291015625,260.51129150390625,396.8987426757813,0.7820585370063782
tile_r017251_c011363,3,73.08622741699219,247.6747589111328,105.0795440673828,279.4423828125,0.7686207890510559
tile_r017251_c011363,3,114.41517639160156,22.77958297729492,144.62240600585938,51.31475830078125,0.745200514793396
tile_r017251_c011363,3,83.0458984375,305.4214782714844,135.38906860351562,346.9034118652344,0.7122763395309448
tile_r017251_c011363,3,213.88638305664065,151.05856323242188,255.2313995361328,189.7596435546875,0.6972469687461853
tile_r017251_c011363,3,317.5595092773437,487.2896423339844,354.350830078125,512.5152587890625,0.6918942928314209
tile_r017251_c011363,3,209.9418182373047,451.8297729492188,255.0870819091797,486.5162963867188,0.6768432855606079
tile_r017251_c011363,3,297.85308837890625,292.846435546875,342.8427124023437,336.51123046875,0.6095078587532043
tile_r017251_c011363,3,255.296630859375,322.83013916015625,289.2752380371094,352.9217224121094,0.5667824149131775
tile_r017251_c011363,3,284.33892822265625,458.4750061035156,320.56396484375,487.5193481445313,0.511887788772583
tile_r017251_c011363,3,30.35801124572754,63.6396598815918,72.5874252319336,103.6118621826172,0.4659695923328399
tile_r017251_c011363,3,27.12960433959961,62.11333084106445,85.80509185791016,118.5647201538086,0.4312516152858734
tile_r017251_c011363,3,152.5790252685547,114.7678451538086,175.89791870117188,135.9823455810547,0.3789485692977905
tile_r017251_c011363,3,176.65853881835938,27.428747177124023,243.0970764160156,101.43438720703124,0.3361898362636566
tile_r017251_c011363,3,279.97479248046875,455.4373474121094,323.36480712890625,493.13287353515625,0.2190369069576263
tile_r017251_c011363,3,432.9149475097656,0.529406726360321,460.9932556152344,17.666370391845703,0.202339768409729
tile_r017251_c011363,3,428.4606323242188,-3.929746150970459,462.8555603027344,18.797794342041016,0.1751895993947982
tile_r017251_c011363,3,435.17376708984375,2.1146514415740967,457.6417541503906,18.787134170532227,0.1321161538362503
tile_r017251_c011363,3,182.3190460205078,29.7617244720459,236.6923370361328,85.21871948242188,0.1209595948457717
tile_r017251_c011363,3,302.51220703125,294.45660400390625,339.3349609375,331.1233825683594,0.0515181198716163
tile_r017251_c011363,3,55.502418518066406,99.76765441894533,79.79931640625,118.4629898071289,0.0252261292189359
tile_r017251_c011363,3,186.9824676513672,73.60079193115234,211.0674743652344,95.51432037353516,0.0246631521731615
tile_r017251_c011363,3,213.82827758789065,456.0241088867188,251.31655883789065,483.88916015625,0.022718958556652
tile_r017251_c011363,3,219.79885864257807,153.8639373779297,253.0462646484375,186.6524353027344,0.0204259734600782
tile_r017251_c011363,3,79.43186950683594,301.49395751953125,141.8140869140625,352.2627868652344,0.0203341729938983
tile_r017251_c011363,3,189.1192626953125,30.076122283935547,230.20217895507807,78.90089416503906,0.0195416156202554
tile_r017251_c011363,3,429.8319396972656,-0.3098724484443664,461.1270446777344,12.664861679077148,0.0193376149982213
tile_r017251_c011363,3,205.8006896972656,447.73089599609375,258.6324157714844,494.1404724121094,0.0183590129017829
tile_r017251_c011363,3,429.767578125,0.903967261314392,460.03662109375,22.443511962890625,0.0181256588548421
tile_r017251_c011363,3,259.6181030273437,324.0599670410156,289.0805053710937,348.0497131347656,0.0174559000879526
tile_r017251_c011363,3,61.373779296875,102.9950942993164,80.1506118774414,118.2888412475586,0.0112008973956108
tile_r017251_c011363,3,115.5813980102539,25.7607364654541,139.49917602539062,48.29378128051758,0.0091533130034804
tile_r017251_c011363,3,149.729248046875,111.2997589111328,172.5234832763672,137.08535766601562,0.0082759605720639
tile_r017251_c011363,3,299.411865234375,494.9546813964844,356.9871520996094,522.6701049804688,0.0081787453964352
tile_r017251_c011363,3,293.9170227050781,288.761962890625,346.76666259765625,342.4739685058594,0.0069417604245245
tile_r017251_c011363,3,185.0003662109375,69.2179946899414,220.10671997070312,96.8284683227539,0.0068012443371117
tile_r017251_c011363,3,86.67143249511719,307.88116455078125,127.6232452392578,341.46435546875,0.0063625182956457
tile_r017251_c011363,3,23.564855575561523,57.219703674316406,96.0254898071289,132.49111938476562,0.0052300319075584
tile_r017251_c011363,3,311.0032958984375,490.0211791992188,357.33673095703125,521.7028198242188,0.0049035577103495
tile_r017251_c011363,3,427.1240234375,-4.577063083648682,473.2767639160156,14.679361343383787,0.0047919075004756
tile_r017251_c011363,3,160.8531951904297,223.03128051757807,202.8816680908203,265.4936218261719,0.0044186008162796
tile_r017251_c011363,3,206.0532684326172,346.4056091308594,265.05914306640625,405.1505737304688,0.0041227526962757
tile_r017251_c011363,3,31.69015884399414,68.42805480957031,65.0943603515625,100.23088073730467,0.0038908880669623
tile_r017251_c011363,3,427.1582946777344,-4.2469635009765625,464.7239379882813,7.452743530273437,0.0035296499263495
tile_r017251_c011363,3,437.0927734375,3.073864698410034,463.2562561035156,19.11978530883789,0.0032876767218112
tile_r017251_c011363,3,251.2997589111328,318.2868957519531,293.94732666015625,360.3318481445313,0.0031004424672573
tile_r017251_c011363,3,405.6223754882813,-12.800000190734863,472.4039916992188,2.408046007156372,0.0029539312236011
tile_r017251_c011363,3,211.9536590576172,502.4840698242188,277.39141845703125,513.1756591796875,0.0028915354050695
tile_r017251_c011363,3,421.5256958007813,-2.0326828956604004,460.1159057617188,11.391508102416992,0.0027402355335652
tile_r017251_c011363,3,67.90156555175781,245.1842498779297,110.6116714477539,285.47271728515625,0.0025002977345138
tile_r017251_c011363,3,307.0386657714844,476.2589416503906,358.8003845214844,513.9869384765625,0.0024946657940745
tile_r017251_c011363,3,-6.110650539398193,520.3013916015625,49.3995475769043,524.7999877929688,0.0024539313744753
tile_r017251_c011363,3,276.4795227050781,448.8982849121094,329.51824951171875,499.1990661621094,0.0023798518814146
tile_r017251_c011363,3,96.2665557861328,-12.800000190734863,171.4657745361328,3.6026687622070312,0.0023112380877137
tile_r017251_c011363,3,121.57853698730467,-0.161793515086174,171.7194366455078,12.67921257019043,0.0022328896448016
tile_r017251_c011363,3,80.3592529296875,-0.8798011541366577,133.77163696289062,13.14269733428955,0.002163743134588
tile_r017251_c011363,3,-1.902880907058716,519.8639526367188,60.5841178894043,524.7999877929688,0.0021237491164356
tile_r017251_c011363,3,64.08074951171875,100.0219268798828,82.13703918457031,118.3835678100586,0.0020454465411603
tile_r017251_c011363,3,151.00192260742188,214.7181701660156,214.5916748046875,277.8218688964844,0.0019751761574298
tile_r017251_c011363,3,89.75819396972656,311.3617248535156,138.54283142089844,343.8306579589844,0.0019447569502517
tile_r017251_c011363,3,497.1383666992188,101.42161560058594,511.9599609375,122.08497619628906,0.0019226274453103
tile_r017251_c011363,3,317.1444702148437,506.691650390625,383.7770690917969,524.7999877929688,0.0019197720102965
tile_r017251_c011363,3,420.660400390625,-0.2466590851545334,461.0758361816406,24.593978881835938,0.0018736593192443
tile_r017251_c011363,3,342.57012939453125,516.91259765625,408.8241271972656,524.7999877929688,0.0018551050452515
tile_r017251_c011363,3,110.66654205322266,-12.800000190734863,188.53363037109372,1.423980712890625,0.0018535524141043
tile_r017251_c011363,3,75.7778091430664,519.2064819335938,143.22024536132812,524.7999877929688,0.0017880550585687
tile_r017251_c011363,3,37.99069595336914,518.52099609375,104.6893081665039,524.7999877929688,0.0017772237770259
tile_r017251_c011363,3,105.8913116455078,14.530444145202637,148.82861328125,57.12297439575195,0.0017141959397122
tile_r017251_c011363,3,111.29278564453124,22.006855010986328,149.50747680664062,59.60326385498047,0.0016794851981103
tile_r017251_c011363,3,418.54248046875,-12.755541801452637,472.16845703125,6.705071926116943,0.0016623258125036
tile_r017251_c011363,3,269.5876159667969,519.0188598632812,351.2008056640625,524.7999877929688,0.0016559290233999
tile_r017251_c011363,3,75.28147888183594,251.6987762451172,100.10935974121094,277.30035400390625,0.0016180088277906
tile_r017251_c011363,3,99.8641357421875,519.7025146484375,170.168701171875,524.7999877929688,0.001612409367226
tile_r017251_c011363,3,225.3901824951172,514.4157104492188,284.586181640625,523.9440307617188,0.001610854989849
tile_r017251_c011363,3,50.15876388549805,518.2849731445312,117.9917221069336,524.7999877929688,0.0015714765759184
tile_r017251_c011363,3,207.8883056640625,140.72616577148438,265.35064697265625,206.1623077392578,0.0015536027494817
tile_r017251_c011363,3,179.20620727539062,520.3236083984375,242.06201171875,524.7999877929688,0.0015439417911693
tile_r017251_c011363,3,214.9579162597656,513.9635009765625,272.3516540527344,523.7279052734375,0.001534171286039
tile_r017251_c011363,3,407.6446228027344,519.1204833984375,477.2694396972656,524.7999877929688,0.0014812018489465
tile_r017251_c011363,3,238.45706176757807,500.2898559570313,306.8831787109375,513.0111083984375,0.0014711461262777
tile_r017251_c011363,3,286.5081481933594,514.0201416015625,361.56927490234375,524.7999877929688,0.0014484236016869
tile_r017251_c011363,3,106.1779556274414,82.39149475097656,162.40975952148438,137.73402404785156,0.0014035165077075
tile_r017251_c011363,3,248.4871063232422,501.8972778320313,311.9590759277344,512.7152099609375,0.0013955070171505
tile_r017251_c011363,3,238.70095825195312,514.4715576171875,298.9906616210937,524.2623901367188,0.0013868864625692
tile_r017251_c011363,3,0.011907959356904,501.6459045410156,55.01091384887695,514.0787353515625,0.0013817684957757
tile_r017251_c011363,3,73.78132629394531,293.65997314453125,148.35336303710938,358.4615173339844,0.001369985518977
tile_r017251_c011363,3,108.60319519042967,521.2008666992188,173.63040161132812,524.7999877929688,0.0013607065193355
tile_r017251_c011363,3,66.03186798095703,-12.800000190734863,142.5061798095703,2.192155361175537,0.0013579366495832
tile_r017251_c011363,3,292.58544921875,461.2311096191406,320.1771545410156,484.33209228515625,0.0013440734473988
tile_r017251_c011363,3,61.53485870361328,518.24951171875,133.3861846923828,524.7999877929688,0.0013400446623563
tile_r017251_c011363,3,201.86343383789065,434.7305603027344,263.9974060058594,491.2469787597656,0.0013397518778219
tile_r017251_c011363,3,256.90118408203125,520.8591918945312,336.06170654296875,524.7999877929688,0.0013298582052811
tile_r017251_c011363,3,420.5384826660156,520.6954345703125,490.5062561035156,524.7999877929688,0.0012989046517759
tile_r017251_c011363,3,118.913818359375,-5.851075649261475,176.9411163330078,6.291429042816162,0.0012947594514116
tile_r017251_c011363,3,274.2799072265625,515.947021484375,332.7819519042969,524.6834716796875,0.0012781973928213
tile_r017251_c011363,3,56.44255447387695,94.759033203125,82.6532974243164,118.033203125,0.0012747930595651
tile_r017251_c011363,3,143.22279357910156,96.7402114868164,179.41921997070312,137.07083129882812,0.0012633457081392
tile_r017251_c011363,3,427.1377868652344,1.5533034801483154,466.7010803222656,34.96099090576172,0.0012480689911171
tile_r017251_c011363,3,288.70428466796875,287.18780517578125,352.6273498535156,359.86053466796875,0.0012432720977813
tile_r017251_c011363,3,114.3993682861328,-0.516430675983429,161.1796112060547,13.48529052734375,0.0012382518034428
tile_r017251_c011363,3,223.82797241210935,502.934814453125,288.44952392578125,513.1785888671875,0.0012382270069792
tile_r017251_c011363,3,342.85333251953125,522.1979370117188,410.5720825195313,524.7999877929688,0.0012318474473431
tile_r017251_c011363,3,156.5516815185547,1.1397826671600342,183.9016876220703,15.430694580078123,0.0012262692907825
tile_r017251_c011363,3,284.20233154296875,521.896484375,360.1085510253906,524.7999877929688,0.0012053617974743
tile_r017251_c011363,3,256.940185546875,514.8809814453125,315.05889892578125,524.3958129882812,0.0012043145252391
tile_r017251_c011363,3,419.37548828125,502.6868591308594,493.2870178222656,514.5018920898438,0.0012015496613457
tile_r017251_c011363,3,456.59033203125,520.6393432617188,523.9856567382812,524.7999877929688,0.0011727660894393
tile_r017251_c011363,3,297.7811584472656,522.6282348632812,362.18017578125,524.7999877929688,0.0011683349730446
tile_r017251_c011363,3,131.75588989257812,-0.0143592832610011,186.4021453857422,13.521774291992188,0.0011639189906418
tile_r017251_c011363,3,90.094482421875,520.3377685546875,154.2930908203125,524.7999877929688,0.0011589453788474
tile_r017251_c011363,3,433.9212951660156,520.6226806640625,504.4449157714844,524.7999877929688,0.0011542426655068
tile_r017251_c011363,3,111.72712707519533,85.114501953125,168.70657348632812,145.62667846679688,0.0011475726496428
tile_r017251_c011363,3,234.4605407714844,303.6532287597656,297.65789794921875,363.0017700195313,0.0011469442397356
tile_r017251_c011363,3,434.9995727539063,1.0329558849334717,474.455810546875,15.767370223999023,0.0011223102919757
tile_r017251_c011363,3,394.6719665527344,518.365234375,464.7715759277344,524.7999877929688,0.0011183811584487
tile_r017251_c011363,3,113.0765380859375,-3.337113857269287,156.0469970703125,9.816645622253418,0.0011102897115051
tile_r017251_c011363,3,257.8130798339844,321.60809326171875,287.71026611328125,343.38787841796875,0.0011052065528929
tile_r017251_c011363,3,235.1585998535156,513.4132690429688,324.32257080078125,521.5364379882812,0.001102365902625
tile_r017251_c011363,3,236.7479553222656,520.885498046875,309.37774658203125,524.7999877929688,0.0010998463258147
tile_r017251_c011363,3,358.1996459960937,516.8395385742188,423.35784912109375,524.7999877929688,0.0010952323209494
tile_r017251_c011363,3,24.98945617675781,518.8875732421875,92.7312469482422,524.7999877929688,0.0010818296577781
tile_r017251_c011363,3,47.6068115234375,83.96919250488281,81.4244384765625,119.34855651855467,0.0010707149049267
tile_r017251_c011363,3,5.857439994812012,519.0455932617188,73.25910949707031,524.7999877929688,0.0010626262519508
tile_r017251_c011363,3,202.4622039794922,521.6199951171875,268.27618408203125,524.7999877929688,0.0010575836058706
tile_r017251_c011363,3,276.4395446777344,444.7998962402344,357.1197204589844,507.0668029785156,0.0010448148241266
tile_r017251_c011363,3,196.4886779785156,502.30810546875,262.22296142578125,513.31494140625,0.0010429020039737
tile_r017251_c011363,3,218.0901336669922,175.7349090576172,248.9149932861328,196.0324249267578,0.0010413507698103
tile_r017251_c011363,3,295.94287109375,-12.54078483581543,366.18408203125,0.1084426864981651,0.0010369487572461
tile_r017251_c011363,3,309.8105773925781,479.3377075195313,375.4270629882813,515.0330200195312,0.0010301027214154
tile_r017251_c011363,3,426.7813415527344,-12.800000190734863,485.1061401367188,7.51025390625,0.0010258621769025
tile_r017251_c011363,3,109.60432434082033,52.2946662902832,160.9744415283203,81.14683532714844,0.0010256202658638
tile_r017251_c011363,3,451.9439086914063,515.5328979492188,515.7747802734375,524.7999877929688,0.0010211149929091
tile_r017251_c011363,3,437.0457153320313,515.3970947265625,503.8734436035156,524.7301025390625,0.0010180237004533
tile_r017251_c011363,3,377.2969665527344,518.3855590820312,446.4225463867188,524.7999877929688,0.0010048197582364
tile_r017251_c011363,3,452.7543029785156,-12.74497413635254,522.2099609375,0.6801849603652954,0.0010021090274676
tile_r017251_c011363,3,354.8221740722656,519.5660400390625,420.77337646484375,524.7999877929688,0.0010013654828071
tile_r017251_c011619,3,342.7411193847656,162.66329956054688,381.5692443847656,204.973388671875,0.7919310331344604
tile_r017251_c011619,3,421.4104614257813,192.17138671875,484.64794921875,246.6086883544922,0.7818498611450195
tile_r017251_c011619,3,328.1759033203125,277.7108459472656,373.8239135742188,319.62701416015625,0.7694638967514038
tile_r017251_c011619,3,366.8780212402344,51.999305725097656,417.653076171875,97.1174087524414,0.7459990382194519
tile_r017251_c011619,3,423.9065551757813,287.6056213378906,458.3555603027344,319.9689025878906,0.7238169312477112
tile_r017251_c011619,3,408.9278259277344,482.1150817871094,450.8128051757813,512.2852783203125,0.707984447479248
tile_r017251_c011619,3,293.97332763671875,155.3209686279297,327.283203125,187.48068237304688,0.6903893947601318
tile_r017251_c011619,3,413.49810791015625,350.28936767578125,445.430908203125,377.3213195800781,0.6891983151435852
tile_r017251_c011619,3,60.64067459106445,486.8391723632813,98.83780670166016,513.0697021484375,0.6849617958068848
tile_r017251_c011619,3,253.40054321289065,78.3378677368164,287.5184936523437,110.7253189086914,0.66629558801651
tile_r017251_c011619,3,42.16313934326172,293.486572265625,86.36648559570312,336.116455078125,0.6041640639305115
tile_r017251_c011619,3,28.35390281677246,458.3759765625,64.42301940917969,487.6320190429688,0.5431097149848938
tile_r017251_c011619,3,303.2931213378906,-2.9974427223205566,346.44537353515625,27.93809127807617,0.5262370109558105
tile_r017251_c011619,3,2.615643262863159,322.23895263671875,33.22371292114258,350.3874816894531,0.5144195556640625
tile_r017251_c011619,3,476.3299865722656,0.6068588495254517,505.8761596679688,25.822986602783203,0.3859369456768036
tile_r017251_c011619,3,176.89205932617188,0.451986700296402,204.4794921875,17.934757232666016,0.2234209179878235
tile_r017251_c011619,3,172.62600708007812,-3.9026284217834473,205.3456268310547,19.309818267822266,0.1873295456171035
tile_r017251_c011619,3,24.041675567626957,455.3294372558594,67.59773254394531,493.59613037109375,0.1454931199550628
tile_r017251_c011619,3,0.295977771282196,320.824951171875,34.20746994018555,357.6905822753906,0.0970943048596382
tile_r017251_c011619,3,388.840087890625,18.941308975219727,418.5455627441406,45.7166862487793,0.0748787969350814
tile_r017251_c011619,3,180.1654357910156,2.468746900558472,202.4509735107422,18.884958267211918,0.0685086995363235
tile_r017251_c011619,3,410.17724609375,347.8337707519531,447.4703979492188,380.9010009765625,0.0584084838628768
tile_r017251_c011619,3,444.5335083007813,268.6283264160156,469.9452209472656,294.4497985839844,0.0445741266012191
tile_r017251_c011619,3,305.3358764648437,-0.9600738286972046,339.5551147460937,25.486995697021484,0.0360625796020031
tile_r017251_c011619,3,49.33012771606445,296.7452697753906,83.10603332519531,331.4934997558594,0.0331759452819824
tile_r017251_c011619,3,173.8845977783203,-0.4412780702114105,204.59762573242188,13.283361434936523,0.0239366553723812
tile_r017251_c011619,3,173.5497283935547,0.5443817377090454,203.8688201904297,22.658496856689453,0.0229884702712297
tile_r017251_c011619,3,308.80230712890625,-0.0039985654875636,347.64727783203125,23.593585968017575,0.0189162231981754
tile_r017251_c011619,3,493.8475646972656,303.6171875,513.9617919921875,336.7320251464844,0.0167745780199766
tile_r017251_c011619,3,490.8718872070313,309.0269470214844,513.0051879882812,335.44610595703125,0.0137249464169144
tile_r017251_c011619,3,44.182716369628906,495.4703063964844,100.5036849975586,522.6414184570312,0.0080935768783092
tile_r017251_c011619,3,421.1157836914063,282.9259338378906,463.2163696289063,321.8466186523437,0.0075721652247011
tile_r017251_c011619,3,402.68450927734375,479.1998901367188,459.910400390625,515.0865478515625,0.007367412559688
tile_r017251_c011619,3,486.54443359375,302.2245178222656,513.2210083007812,338.5569763183594,0.0073395636864006
tile_r017251_c011619,3,171.83670043945312,-4.80511999130249,214.95016479492188,15.879528999328612,0.0069925091229379
tile_r017251_c011619,3,-2.005549669265747,317.2654113769531,37.85317993164063,362.9133605957031,0.0064114229753613
tile_r017251_c011619,3,382.3284912109375,16.252038955688477,421.6185607910156,49.11164474487305,0.0059881610795855
tile_r017251_c011619,3,38.2349739074707,289.0814819335937,90.60462951660156,344.1819763183594,0.0058723157271742
tile_r017251_c011619,3,248.3827667236328,75.6380844116211,291.96783447265625,114.74104309082033,0.0058569116517901
tile_r017251_c011619,3,299.3743591308594,-3.1148407459259038,350.4342346191406,34.51329803466797,0.0051159956492483
tile_r017251_c011619,3,495.8755493164063,311.2977600097656,512.3028564453125,335.95654296875,0.0048499852418899
tile_r017251_c011619,3,426.626220703125,291.9856262207031,453.45892333984375,317.4323425292969,0.0044741574674844
tile_r017251_c011619,3,55.7229118347168,490.1715698242188,100.95274353027344,521.6588134765625,0.0041670631617307
tile_r017251_c011619,3,471.7691345214844,-1.6035354137420654,509.3505859375,28.4959659576416,0.0041495920158922
tile_r017251_c011619,3,171.5408477783203,-4.375534057617188,208.21823120117188,8.204498291015625,0.0036203435156494
tile_r017251_c011619,3,255.26449584960935,82.0034408569336,282.1012268066406,108.1890106201172,0.0033103136811405
tile_r017251_c011619,3,165.576904296875,-2.3311164379119877,203.909423828125,11.943316459655762,0.0031731897033751
tile_r017251_c011619,3,295.0189514160156,-4.197476387023926,347.8358459472656,21.565860748291016,0.0031648203730583
tile_r017251_c011619,3,439.5423889160156,266.23486328125,471.9246215820313,293.25946044921875,0.0030587615910917
tile_r017251_c011619,3,150.6483612060547,-12.800000190734863,215.41519165039065,2.589430332183838,0.0030284696258604
tile_r017251_c011619,3,321.9637145996094,271.1424255371094,379.731689453125,330.4537658691406,0.0027597842272371
tile_r017251_c011619,3,63.075172424316406,490.3561401367188,93.1150360107422,512.2784423828125,0.0025904262438416
tile_r017251_c011619,3,435.6103515625,268.661865234375,470.7615356445313,299.8384704589844,0.0025439383462071
tile_r017251_c011619,3,-10.539215087890623,308.97149658203125,38.19942092895508,367.0275268554688,0.0024281900841742
tile_r017251_c011619,3,398.2106323242188,482.4323120117188,455.4905395507813,522.06005859375,0.0024021628778427
tile_r017251_c011619,3,20.399194717407227,448.8185424804688,73.34712219238281,499.5631713867188,0.002142111537978
tile_r017251_c011619,3,164.4955291748047,-0.7193756103515625,205.0486297607422,24.9200439453125,0.0021024704910814
tile_r017251_c011619,3,421.8396606445313,262.3959350585937,473.224609375,319.2650451660156,0.0020119692198932
tile_r017251_c011619,3,411.0497131347656,488.1432495117188,448.39404296875,513.0167236328125,0.0019909723196178
tile_r017251_c011619,3,448.5479431152344,271.2572631835937,469.3301696777344,292.4481811523437,0.0019794981926679
tile_r017251_c011619,3,51.60097503662109,476.0555725097656,102.4501495361328,514.0286254882812,0.0019623730331659
tile_r017251_c011619,3,491.4559631347656,300.1163635253906,514.8816528320312,344.36090087890625,0.0019565979018807
tile_r017251_c011619,3,358.7040405273437,31.163684844970703,429.3649291992188,105.95623779296876,0.0018555712886154
tile_r017251_c011619,3,61.993011474609375,506.9271545410156,127.0354461669922,524.7999877929688,0.0018550369422882
tile_r017251_c011619,3,14.451855659484863,519.2456665039062,94.56266784667967,524.7999877929688,0.001784972497262
tile_r017251_c011619,3,339.6914978027344,503.87060546875,389.1109313964844,512.2272338867188,0.0017649114597588
tile_r017251_c011619,3,381.8541564941406,17.854724884033203,425.1305236816406,60.947242736816406,0.0016569738509133
tile_r017251_c011619,3,449.58203125,516.2267456054688,507.4430541992188,524.7232666015625,0.0016454956494271
tile_r017251_c011619,3,419.5348510742188,509.7271423339844,487.7653198242188,524.7999877929688,0.0016313571250066
tile_r017251_c011619,3,86.83314514160156,516.84765625,151.15176391601562,524.7999877929688,0.0016053260769695
tile_r017251_c011619,3,368.4590759277344,60.1369743347168,401.9710083007813,91.1288833618164,0.0015332316979765
tile_r017251_c011619,3,1.682470679283142,521.0526123046875,80.80097961425781,524.7999877929688,0.0015217454638332
tile_r017251_c011619,3,169.9729461669922,0.7443130612373352,211.0697326660156,35.3348388671875,0.0015112536493688
tile_r017251_c011619,3,162.4375,-12.739941596984863,214.9403381347656,8.0657958984375,0.0015095494454726
tile_r017251_c011619,3,287.81787109375,152.75894165039062,334.46319580078125,198.4465789794922,0.0015019407728686
tile_r017251_c011619,3,294.5947265625,-12.704998970031738,351.8348999023437,23.78202438354492,0.0014986027963459
tile_r017251_c011619,3,174.0630645751953,2.5155670642852783,199.75558471679688,19.041711807250977,0.001494322088547
tile_r017251_c011619,3,292.9764404296875,520.314453125,349.24273681640625,524.7999877929688,0.0014895484782755
tile_r017251_c011619,3,479.6414184570313,94.1562271118164,495.9871215820313,106.8076400756836,0.0014442523242905
tile_r017251_c011619,3,36.73445892333984,461.08203125,64.02587890625,484.2749938964844,0.0014391470467671
tile_r017251_c011619,3,31.416894912719727,514.2279052734375,104.70460510253906,524.7999877929688,0.0014025777345523
tile_r017251_c011619,3,316.5985717773437,1.3272888660430908,349.6586303710937,18.506006240844727,0.0013929337728768
tile_r017251_c011619,3,282.42791748046875,139.33200073242188,334.53729248046875,195.278564453125,0.0013827809598296
tile_r017251_c011619,3,240.357421875,-0.4528450071811676,273.22100830078125,13.471593856811523,0.0013778932625427
tile_r017251_c011619,3,488.7410278320313,278.25347900390625,515.9826049804688,340.97314453125,0.0013542409287765
tile_r017251_c011619,3,411.0960998535156,345.5424194335937,448.4230346679688,390.949951171875,0.0013213721103966
tile_r017251_c011619,3,509.779052734375,285.4593811035156,523.6268310546875,343.8026428222656,0.0012509884545579
tile_r017251_c011619,3,28.041126251220703,522.0164184570312,103.6135482788086,524.7999877929688,0.0012479020515456
tile_r017251_c011619,3,477.3208923339844,284.68524169921875,515.1715087890625,340.66168212890625,0.001228809938766
tile_r017251_c011619,3,151.9636993408203,518.9221801757812,220.0345916748047,524.7999877929688,0.0012074219994246
tile_r017251_c011619,3,42.09550857543945,522.5953369140625,105.5066146850586,524.7999877929688,0.0011972340289503
tile_r017251_c011619,3,382.3280944824219,507.8314514160156,458.4052734375,524.7999877929688,0.0011937278322875
tile_r017251_c011619,3,385.8853454589844,14.08685302734375,424.9681701660156,43.51411056518555,0.0011936515802517
tile_r017251_c011619,3,370.7922973632813,515.89111328125,424.1627807617188,524.7999877929688,0.0011790909338742
tile_r017251_c011619,3,33.07171630859375,287.7322692871094,95.4428253173828,359.36181640625,0.0011783711379393
tile_r017251_c011619,3,465.3291015625,60.875099182128906,506.3193359375,116.0575180053711,0.001145439222455
tile_r017251_c011619,3,150.09085083007812,503.8653259277344,228.1663055419922,514.3790893554688,0.001139405881986
tile_r017251_c011619,3,242.16226196289065,70.64884948730469,295.287353515625,120.5827178955078,0.0011341971112415
tile_r017251_c011619,3,-9.445904731750488,513.2027587890625,75.29109191894531,522.8117065429688,0.0011262310435995
tile_r017251_c011619,3,404.2262573242188,256.62567138671875,475.0524291992188,328.2339782714844,0.0011257987935096
tile_r017251_c011619,3,338.22027587890625,154.31478881835938,387.506103515625,211.2148895263672,0.0011152734514325
tile_r017251_c011619,3,370.84906005859375,209.5471954345703,382.9739685058594,220.1350860595703,0.00111453642603
tile_r017251_c011619,3,179.55776977539062,0.8228241205215454,217.030517578125,15.8434476852417,0.0011144913733005
tile_r017251_c011619,3,341.9842529296875,139.1656494140625,388.24505615234375,194.2255859375,0.0011048233136534
tile_r017251_c011619,3,484.7906188964844,94.56980895996094,499.6990356445313,106.71971130371094,0.0011036036303266
tile_r017251_c011619,3,400.4494018554688,522.8040161132812,455.6012573242188,524.7999877929688,0.001097596483305
tile_r017251_c011619,3,164.5334014892578,520.4461669921875,232.69808959960935,524.7999877929688,0.0010929920244961
tile_r017251_c011619,3,7.154736518859863,501.0333862304688,56.835716247558594,512.7330322265625,0.0010894446168094
tile_r017251_c011619,3,305.3919982910156,500.554931640625,357.2611694335937,512.586181640625,0.0010748656932264
tile_r017251_c011619,3,257.9405822753906,520.4834594726562,317.2447204589844,524.7999877929688,0.0010724830208346
tile_r017251_c011619,3,393.2111206054688,512.6737060546875,454.0003051757813,515.59326171875,0.0010714149102568
tile_r017251_c011619,3,508.05218505859375,-12.800000190734863,524.5570068359375,4.986546516418457,0.0010671893833205
tile_r017251_c011619,3,87.58212280273438,522.3313598632812,152.7244110107422,524.7999877929688,0.0010590183082967
tile_r017251_c011619,3,483.45013427734375,298.7872619628906,515.1954345703125,347.00299072265625,0.0010582554386928
tile_r017251_c011619,3,93.6737289428711,521.5745849609375,157.0644073486328,524.7999877929688,0.0010550672886893
tile_r017251_c011619,3,177.70108032226562,520.22216796875,244.3274383544922,524.7999877929688,0.0010522141819819
tile_r017251_c011619,3,478.5435485839844,93.28172302246094,495.4527282714844,110.94993591308594,0.0010362085886299
tile_r017251_c011619,3,486.924560546875,97.198974609375,499.4278869628906,109.4840316772461,0.0010343992616981
tile_r017251_c011619,3,463.9004821777344,504.4797973632813,512.76220703125,512.79931640625,0.0010245840530842
tile_r017251_c011619,3,172.03651428222656,515.3388671875,239.5087890625,524.7777099609375,0.0010153111070394
tile_r017251_c011619,3,330.14239501953125,136.6091766357422,388.3115234375,206.44790649414065,0.0010139680234715
tile_r017251_c011619,3,278.4600524902344,519.5862426757812,336.29364013671875,524.7999877929688,0.0010116213234141
tile_r017251_c011619,3,224.65982055664065,-12.800000190734863,289.0653686523437,1.634129285812378,0.0010030445409938
tile_r017507_c011107,3,148.9491729736328,470.791015625,191.6708068847656,511.2697143554688,0.8118084073066711
tile_r017507_c011107,3,85.31112670898438,335.6181030273437,137.76229858398438,382.1917724609375,0.7840445637702942
tile_r017507_c011107,3,165.39236450195312,421.48681640625,208.4305877685547,468.7594604492188,0.778968870639801
tile_r017507_c011107,3,73.32661437988281,18.63117027282715,110.87548828125,56.975921630859375,0.7770920991897583
tile_r017507_c011107,3,193.453369140625,398.6434631347656,227.4378967285156,429.78369140625,0.7749790549278259
tile_r017507_c011107,3,88.52876281738281,211.1770477294922,124.6233139038086,245.7233428955078,0.7637065649032593
tile_r017507_c011107,3,476.3230590820313,438.5476684570313,514.5587768554688,481.2378845214844,0.7569590210914612
tile_r017507_c011107,3,38.5683479309082,307.2039489746094,82.10540771484375,341.65679931640625,0.7561550140380859
tile_r017507_c011107,3,114.5663070678711,273.8086853027344,154.3897247314453,313.3866271972656,0.745905876159668
tile_r017507_c011107,3,203.81265258789065,214.9994354248047,235.99447631835935,244.7254180908203,0.7408483028411865
tile_r017507_c011107,3,76.8469009399414,136.7830810546875,118.93017578125,178.86343383789062,0.7407863140106201
tile_r017507_c011107,3,464.6643676757813,94.3268585205078,514.5335083007812,144.36172485351562,0.7094694972038269
tile_r017507_c011107,3,462.5075073242188,340.08648681640625,492.365234375,369.4596252441406,0.7021992206573486
tile_r017507_c011107,3,338.8013916015625,48.96816253662109,394.4187622070313,91.48374938964844,0.691285252571106
tile_r017507_c011107,3,-0.3140197694301605,413.4075317382813,56.833946228027344,463.3825073242188,0.6867238283157349
tile_r017507_c011107,3,329.4776306152344,-0.6913787722587585,360.3645935058594,23.85187339782715,0.6642685532569885
tile_r017507_c011107,3,466.389404296875,195.4740753173828,510.20843505859375,230.7478485107422,0.6614596843719482
tile_r017507_c011107,3,244.76205444335935,379.173828125,275.87164306640625,410.7664184570313,0.5455556511878967
tile_r017507_c011107,3,495.8302307128906,359.9573669433594,512.7835693359375,387.7742614746094,0.2944938242435455
tile_r017507_c011107,3,167.59390258789062,422.6998901367188,205.07595825195312,458.91845703125,0.2106493860483169
tile_r017507_c011107,3,425.0344848632813,-3.271798610687256,459.1692504882813,11.187417984008787,0.0729357600212097
tile_r017507_c011107,3,505.7462768554688,347.6647033691406,520.0106201171875,391.2437133789063,0.0488722622394561
tile_r017507_c011107,3,0.4285095334053039,40.91900634765625,19.21418190002441,75.6485824584961,0.0432297587394714
tile_r017507_c011107,3,460.22021484375,89.99919128417969,516.3233642578125,155.4068145751953,0.040204606950283
tile_r017507_c011107,3,430.3096618652344,-0.7743980288505554,458.8043823242188,12.375814437866213,0.0333552062511444
tile_r017507_c011107,3,460.927490234375,338.4736633300781,496.5835571289063,374.66119384765625,0.0318476967513561
tile_r017507_c011107,3,502.7311401367188,347.940673828125,520.18896484375,398.5413513183594,0.0254638288170099
tile_r017507_c011107,3,470.3660278320313,199.7096710205078,506.8802795410156,227.8795928955078,0.0239657890051603
tile_r017507_c011107,3,33.77070999145508,303.82550048828125,85.16130828857422,346.12384033203125,0.0227646175771951
tile_r017507_c011107,3,421.4279174804688,-1.4175323247909546,463.9556579589844,13.253155708312988,0.0207507591694593
tile_r017507_c011107,3,430.98541259765625,-0.073114775121212,477.7437133789063,13.303393363952637,0.0161410253494977
tile_r017507_c011107,3,72.82560729980469,132.223388671875,124.02214050292967,185.0424346923828,0.0157453399151563
tile_r017507_c011107,3,-0.071441650390625,417.50048828125,49.9526596069336,457.0332946777344,0.0156943593174219
tile_r017507_c011107,3,250.3959503173828,383.4224548339844,275.08306884765625,408.9518432617188,0.0149875516071915
tile_r017507_c011107,3,461.6111450195313,191.14730834960935,513.7691650390625,237.9013214111328,0.0136879784986376
tile_r017507_c011107,3,406.666015625,-4.166671752929688,466.470703125,9.900741577148438,0.0135386744514107
tile_r017507_c011107,3,341.91656494140625,50.95527267456055,384.9230346679688,87.4169692993164,0.0125444000586867
tile_r017507_c011107,3,240.99386596679688,374.8212890625,278.7966003417969,415.701904296875,0.0113298632204532
tile_r017507_c011107,3,201.456787109375,212.48239135742188,238.6152801513672,251.9730224609375,0.0093980571255087
tile_r017507_c011107,3,1.4073975086212158,41.871826171875,16.007278442382812,70.7748031616211,0.0078703258186578
tile_r017507_c011107,3,495.96533203125,354.6229248046875,515.9364013671875,393.4143371582031,0.0075431852601468
tile_r017507_c011107,3,196.0907440185547,402.1570739746094,223.9942626953125,428.4317932128906,0.0068163801915943
tile_r017507_c011107,3,79.99452209472656,138.23358154296875,114.02439880371094,172.70706176757812,0.0063802264630794
tile_r017507_c011107,3,0.6322784423828125,40.379615783691406,23.100133895874023,83.0394058227539,0.0059891664423048
tile_r017507_c011107,3,109.6241455078125,269.81817626953125,159.6571044921875,319.9151306152344,0.0059649152681231
tile_r017507_c011107,3,423.3463439941406,-4.245730400085449,477.6129455566406,10.09063720703125,0.0057879271917045
tile_r017507_c011107,3,332.3614196777344,40.4538459777832,401.4560546875,100.36295318603516,0.0054066334851086
tile_r017507_c011107,3,499.5480041503906,358.62579345703125,512.9546508789062,386.024169921875,0.0054053259082138
tile_r017507_c011107,3,393.610107421875,-11.892776489257812,470.19915771484375,5.512621879577637,0.0054033114574849
tile_r017507_c011107,3,162.75003051757812,407.6608276367188,218.1616973876953,472.1688537597656,0.0052958074957132
tile_r017507_c011107,3,204.6594696044922,218.15267944335935,231.4268493652344,242.25161743164065,0.0048768408596515
tile_r017507_c011107,3,-9.979037284851074,30.52777099609375,20.7018985748291,85.91258239746094,0.0044722254388034
tile_r017507_c011107,3,488.6128845214844,430.8504028320313,523.7277221679688,486.7085876464844,0.004436744377017
tile_r017507_c011107,3,512.7286376953125,338.004150390625,521.8907470703125,400.89697265625,0.0036161439493298
tile_r017507_c011107,3,437.958984375,1.7915862798690796,482.9388732910156,13.292193412780762,0.0035683976020663
tile_r017507_c011107,3,80.94480895996094,20.296764373779297,109.24796295166016,54.855995178222656,0.0034193973988294
tile_r017507_c011107,3,403.9474487304688,432.7858276367188,427.5490112304688,455.0270385742188,0.0031613970641046
tile_r017507_c011107,3,82.79603576660156,521.4058837890625,142.63198852539062,524.7999877929688,0.0030934307724237
tile_r017507_c011107,3,-3.997300624847412,30.76510238647461,7.7002763748168945,77.29427337646484,0.0029408517293632
tile_r017507_c011107,3,243.7368621826172,504.0220642089844,305.4666442871094,512.9576416015625,0.0028127450495958
tile_r017507_c011107,3,461.515625,334.5935363769531,506.3693237304688,380.99322509765625,0.0028011361137032
tile_r017507_c011107,3,413.7388610839844,-12.800000190734863,471.7828063964844,7.329272270202637,0.0026658587157726
tile_r017507_c011107,3,259.44927978515625,521.3863525390625,327.5556030273437,524.7999877929688,0.0026373045984655
tile_r017507_c011107,3,125.2314682006836,463.689453125,199.8201141357422,523.7930908203125,0.0023363658692687
tile_r017507_c011107,3,405.9586791992188,433.4256896972656,425.06884765625,451.8297729492188,0.0023114713840186
tile_r017507_c011107,3,386.58538818359375,-0.133248895406723,420.5464782714844,13.408044815063477,0.0022440839093178
tile_r017507_c011107,3,78.2325668334961,325.498046875,146.5961151123047,395.267578125,0.0022405236959457
tile_r017507_c011107,3,418.7488708496094,-1.677971601486206,463.7513122558594,21.25581741333008,0.0021889950148761
tile_r017507_c011107,3,-4.349005222320557,39.19146728515625,4.801501274108887,76.93582916259766,0.0021789374295622
tile_r017507_c011107,3,514.5687866210938,345.421630859375,522.3541259765625,395.02935791015625,0.0021575246937572
tile_r017507_c011107,3,391.6528015136719,-0.137490838766098,450.2409057617188,13.901049613952637,0.0021138901356607
tile_r017507_c011107,3,488.5855407714844,84.80818176269531,524.0162963867188,154.88656616210938,0.0020587916951626
tile_r017507_c011107,3,463.596435546875,419.5252990722656,483.8688049316406,439.2805786132813,0.0020554808434098
tile_r017507_c011107,3,345.8622436523437,55.2292594909668,394.44183349609375,87.9731674194336,0.0020432109013199
tile_r017507_c011107,3,154.2911834716797,473.6847534179688,189.87326049804688,507.5564575195313,0.0019244197756052
tile_r017507_c011107,3,388.3150329589844,-5.0861005783081055,439.0802612304688,6.62254810333252,0.0018994506681337
tile_r017507_c011107,3,263.845703125,502.8162536621094,317.6080017089844,513.4251708984375,0.0018288149731233
tile_r017507_c011107,3,69.45549774169922,12.827313423156738,113.9203872680664,61.6665267944336,0.0018266314873471
tile_r017507_c011107,3,89.54316711425781,502.9999084472656,150.12979125976562,513.2176513671875,0.0017982595600187
tile_r017507_c011107,3,401.8659057617188,-11.68638038635254,468.6178588867188,10.21245002746582,0.0017741023330017
tile_r017507_c011107,3,335.44793701171875,1.2368011474609375,365.88763427734375,22.264562606811523,0.001732773031108
tile_r017507_c011107,3,142.01473999023438,467.5979614257813,198.37399291992188,514.5520629882812,0.0017281067557632
tile_r017507_c011107,3,45.05498123168945,309.77020263671875,81.3406753540039,337.798828125,0.0017231913516297
tile_r017507_c011107,3,328.06640625,161.29476928710938,377.2819213867188,213.491943359375,0.0017015963094308
tile_r017507_c011107,3,458.4083862304688,178.04649353027344,516.2830200195312,234.7292022705078,0.0016630199970677
tile_r017507_c011107,3,69.39168548583984,520.9136962890625,135.33998107910156,524.7999877929688,0.0016368585638701
tile_r017507_c011107,3,101.97979736328124,515.6898193359375,160.96261596679688,524.7999877929688,0.0016230281908065
tile_r017507_c011107,3,520.4769287109375,332.38531494140625,524.6945190429688,394.7143859863281,0.0015622437931597
tile_r017507_c011107,3,0.6026886105537415,41.513648986816406,12.886922836303713,78.71992492675781,0.0015256578335538
tile_r017507_c011107,3,375.24749755859375,-12.800000190734863,451.0015258789063,1.915869116783142,0.0015098642325028
tile_r017507_c011107,3,519.6726684570312,341.8955993652344,524.3031005859375,401.1744079589844,0.0015060303267091
tile_r017507_c011107,3,510.3298950195313,348.50262451171875,523.8289184570312,392.6610412597656,0.0014843329554423
tile_r017507_c011107,3,-4.0257744789123535,16.797863006591797,9.084991455078123,75.90321350097656,0.0014571041101589
tile_r017507_c011107,3,320.021484375,-3.171416521072388,361.0266723632813,16.92962074279785,0.0014549402985721
tile_r017507_c011107,3,303.58892822265625,0.4006408751010895,329.0753479003906,16.928375244140625,0.0014458396472036
tile_r017507_c011107,3,323.8973999023437,-10.561071395874023,365.75726318359375,18.41655540466309,0.0014015462948009
tile_r017507_c011107,3,378.6283264160156,-1.1819366216659546,416.6689453125,14.199417114257812,0.0013879487523809
tile_r017507_c011107,3,464.8038940429688,339.54461669921875,501.0426635742188,383.2711791992188,0.0013765358598902
tile_r017507_c011107,3,273.7598876953125,-12.326009750366213,341.3887939453125,0.6023635864257812,0.0013724922901019
tile_r017507_c011107,3,248.5277862548828,513.3829345703125,331.704345703125,523.0477294921875,0.00136729713995
tile_r017507_c011107,3,270.68609619140625,520.7283935546875,334.5701599121094,524.7999877929688,0.001364660798572
tile_r017507_c011107,3,277.71466064453125,271.5677795410156,351.22979736328125,351.25946044921875,0.0013529680436477
tile_r017507_c011107,3,271.6568298339844,515.9207153320312,335.9942321777344,524.3859252929688,0.0013295669341459
tile_r017507_c011107,3,503.7329711914063,429.6392517089844,524.7298583984375,493.037109375,0.0013282165164127
tile_r017507_c011107,3,267.7364807128906,501.1383666992188,324.2244567871094,513.8848876953125,0.0012962277978658
tile_r017507_c011107,3,425.2289123535156,-3.806987762451172,483.04541015625,6.538098335266113,0.0012770071625709
tile_r017507_c011107,3,337.93719482421875,378.7386169433594,433.7009887695313,479.33636474609375,0.0012666289694607
tile_r017507_c011107,3,172.89918518066406,515.7522583007812,239.83139038085935,524.7999877929688,0.0012648284900933
tile_r017507_c011107,3,512.7820434570312,186.2798309326172,524.6687622070312,248.4432678222656,0.0012632603757083
tile_r017507_c011107,3,78.63653564453125,501.6982421875,141.58438110351562,514.3193359375,0.0012490138178691
tile_r017507_c011107,3,454.8850708007813,2.2134125232696533,480.0911254882813,13.691482543945312,0.0012363584246486
tile_r017507_c011107,3,384.2420043945313,518.4125366210938,449.3662109375,524.7999877929688,0.0012338284868746
tile_r017507_c011107,3,262.8665466308594,515.3619995117188,321.9403686523437,523.7252807617188,0.0012310276506468
tile_r017507_c011107,3,454.6630859375,522.0159301757812,521.36181640625,524.7999877929688,0.0012277441564947
tile_r017507_c011107,3,254.896484375,514.7557373046875,311.6226501464844,523.6649169921875,0.0012198496842756
tile_r017507_c011107,3,391.2056884765625,-5.317303657531738,458.8267517089844,7.0057373046875,0.0012152240378782
tile_r017507_c011107,3,91.398681640625,521.1466064453125,154.61221313476562,524.7999877929688,0.0012095147976651
tile_r017507_c011107,3,436.1131896972656,519.6097412109375,499.5458068847656,524.7999877929688,0.0012085813796147
tile_r017507_c011107,3,387.78997802734375,457.2609252929688,410.7457885742188,474.1470642089844,0.0012073806719854
tile_r017507_c011107,3,240.8227996826172,10.177362442016602,302.28045654296875,62.64818572998047,0.0012035089312121
tile_r017507_c011107,3,514.1857299804688,380.1245727539063,524.3912353515625,430.660400390625,0.0011879343073815
tile_r017507_c011107,3,370.89300537109375,518.2508544921875,438.6222229003906,524.7999877929688,0.0011840363731607
tile_r017507_c011107,3,82.69461059570312,205.2466735839844,128.2237091064453,253.4822235107422,0.0011833581374958
tile_r017507_c011107,3,447.4417114257813,520.2858276367188,515.8733520507812,524.7999877929688,0.0011801173677667
tile_r017507_c011107,3,390.7944946289063,455.30657958984375,412.2280883789063,472.4622497558594,0.0011666245991364
tile_r017507_c011107,3,333.76123046875,520.5205078125,398.157958984375,524.7999877929688,0.0011630118824541
tile_r017507_c011107,3,-0.7718750238418579,34.742713928222656,28.28204345703125,90.82936096191406,0.0011607115156948
tile_r017507_c011107,3,479.4576721191406,431.1428833007813,524.176025390625,502.6021423339844,0.001150181167759
tile_r017507_c011107,3,483.6467895507813,204.05517578125,511.3063354492188,226.02587890625,0.0011175578692927
tile_r017507_c011107,3,367.12548828125,270.5863342285156,497.9805603027344,398.1363830566406,0.0011143299052491
tile_r017507_c011107,3,-5.553491115570068,403.3255920410156,65.83081817626953,471.4586791992188,0.0011129841441288
tile_r017507_c011107,3,345.591552734375,518.6476440429688,412.1731567382813,524.7999877929688,0.0011123217409476
tile_r017507_c011107,3,427.2311096191406,-0.2278831452131271,482.3460388183594,23.34304428100586,0.0010848535457625
tile_r017507_c011107,3,36.865501403808594,-12.800000190734863,107.0877914428711,-0.185047909617424,0.0010784576879814
tile_r017507_c011107,3,466.7340698242188,330.0249328613281,511.7687377929688,391.4267883300781,0.0010679445695132
tile_r017507_c011107,3,513.0223388671875,355.6900939941406,524.7999877929688,410.9010314941406,0.0010662123095244
tile_r017507_c011107,3,410.5389709472656,-12.162637710571287,462.6866149902344,-0.2659057676792145,0.00105935591273
tile_r017507_c011107,3,518.7096557617188,345.5220642089844,523.9609375,405.6412048339844,0.0010586673161014
tile_r017507_c011107,3,505.6954956054688,178.21347045898438,523.4470825195312,240.3211975097656,0.0010426854714751
tile_r017507_c011107,3,350.00653076171875,-12.607378005981444,426.814453125,0.6493606567382812,0.001025392091833
tile_r017507_c011107,3,54.7604866027832,520.8698120117188,122.21366119384766,524.7999877929688,0.0010244586737826
tile_r017507_c011107,3,223.6860809326172,510.15240478515625,310.93017578125,521.4342041015625,0.001022384269163
tile_r017507_c011107,3,378.779052734375,-12.715414047241213,435.33343505859375,-7.560152530670166,0.0010223278077319
tile_r017507_c011107,3,491.4298706054688,128.63677978515625,510.7166137695313,149.15377807617188,0.0010145946871489
tile_r017507_c011107,3,71.09415435791016,513.3113403320312,152.01174926757812,524.3939208984375,0.0010080323554575
tile_r017507_c011107,3,395.5872497558594,518.305419921875,461.82952880859375,524.7999877929688,0.0010066699469462
tile_r017507_c011363,3,313.4437561035156,231.25100708007807,360.05029296875,282.8007507324219,0.8194680213928223
tile_r017507_c011363,3,210.6611785888672,97.4858169555664,260.59576416015625,141.0841522216797,0.7809128761291504
tile_r017507_c011363,3,411.47509765625,422.3642578125,454.08203125,460.818359375,0.7755827307701111
tile_r017507_c011363,3,364.07427978515625,297.77203369140625,406.6829528808594,336.540771484375,0.770694375038147
tile_r017507_c011363,3,218.7745056152344,436.10498046875,279.1477966308594,485.390625,0.7536073327064514
tile_r017507_c011363,3,448.5826110839844,353.10528564453125,496.8540954589844,400.63037109375,0.7490402460098267
tile_r017507_c011363,3,240.00405883789065,350.37615966796875,282.910400390625,390.2734375,0.7199056148529053
tile_r017507_c011363,3,83.18988037109375,49.44330978393555,135.24026489257812,90.7042999267578,0.7044203877449036
tile_r017507_c011363,3,206.0392608642578,339.6551208496094,237.21792602539065,370.4612731933594,0.6857974529266357
tile_r017507_c011363,3,209.4801788330078,195.0376892089844,255.5907287597656,231.1003875732422,0.6740806698799133
tile_r017507_c011363,3,73.47210693359375,-0.6769775152206421,104.31892395019533,23.83734703063965,0.6607638001441956
tile_r017507_c011363,3,297.67303466796875,36.42705154418945,343.0038146972656,80.78788757324219,0.6084296703338623
tile_r017507_c011363,3,255.5340881347656,66.93778991699219,289.2093811035156,96.6730499267578,0.5580019354820251
tile_r017507_c011363,3,281.8304748535156,200.5396423339844,322.2352600097656,233.2624053955078,0.5453458428382874
tile_r017507_c011363,3,0.83837890625,380.8817138671875,19.487268447875977,414.94970703125,0.2473815083503723
tile_r017507_c011363,3,334.0682983398437,489.5192260742188,387.9685974121094,512.91064453125,0.1067384183406829
tile_r017507_c011363,3,168.8233184814453,-3.3974709510803223,203.72146606445312,11.027999877929688,0.0665799304842948
tile_r017507_c011363,3,333.2016906738281,496.0760192871094,392.3744812011719,513.8793334960938,0.0648216605186462
tile_r017507_c011363,3,213.32473754882807,199.55734252929688,253.3326416015625,228.4995880126953,0.0580392442643642
tile_r017507_c011363,3,278.7293395996094,197.5119171142578,325.2854919433594,239.9087829589844,0.0490181595087051
tile_r017507_c011363,3,174.210693359375,-0.778429388999939,203.0771484375,12.365948677062988,0.0312285646796226
tile_r017507_c011363,3,203.6150360107422,335.9444885253906,241.90380859375,375.56097412109375,0.024421228095889
tile_r017507_c011363,3,205.22659301757807,191.4648895263672,259.3502197265625,238.0774383544922,0.0224377121776342
tile_r017507_c011363,3,259.77587890625,68.12849426269531,289.0938415527344,91.86231994628906,0.0185677949339151
tile_r017507_c011363,3,79.41817474365234,45.13691329956055,141.92568969726562,96.55216979980467,0.0179972816258668
tile_r017507_c011363,3,164.9386444091797,-1.4356590509414673,208.2433319091797,13.24269676208496,0.0173894520848989
tile_r017507_c011363,3,174.364013671875,-0.061596680432558,222.4236297607422,13.278326034545898,0.0170731022953987
tile_r017507_c011363,3,304.9742431640625,40.228271484375,339.4233093261719,76.12748718261719,0.0157071948051452
tile_r017507_c011363,3,148.92391967773438,-4.224751949310303,210.88119506835935,9.787912368774414,0.0125814536586403
tile_r017507_c011363,3,338.59576416015625,496.58795166015625,382.41217041015625,512.8282470703125,0.0124504687264561
tile_r017507_c011363,3,235.8616180419922,345.5010681152344,289.41143798828125,395.4729919433594,0.0120396027341485
tile_r017507_c011363,3,284.27618408203125,205.0083923339844,316.02099609375,230.5404357910156,0.0105712516233325
tile_r017507_c011363,3,359.7801818847656,294.67059326171875,410.2220153808594,341.46484375,0.010518966242671
tile_r017507_c011363,3,327.972412109375,475.3511657714844,399.353759765625,511.7056579589844,0.0100941024720668
tile_r017507_c011363,3,330.9593200683594,488.1390686035156,403.6656188964844,514.6199340820312,0.0095219323411583
tile_r017507_c011363,3,293.79595947265625,31.660457611083984,346.9000549316406,86.46726989746094,0.0091418549418449
tile_r017507_c011363,3,86.74066162109375,51.88294219970703,127.35260009765624,85.35105895996094,0.0069304876960814
tile_r017507_c011363,3,221.05062866210935,440.1542053222656,272.5652770996094,478.7278442382813,0.0059140678495168
tile_r017507_c011363,3,166.55093383789062,-4.283576011657715,222.2621154785156,9.902532577514648,0.0057986136525869
tile_r017507_c011363,3,136.957763671875,-11.86756420135498,214.61282348632807,5.118978977203369,0.0046841716393828
tile_r017507_c011363,3,206.0803680419922,90.6087417602539,265.1629943847656,149.253173828125,0.004617067053914
tile_r017507_c011363,3,-4.149603843688965,371.861083984375,8.005017280578613,416.04681396484375,0.004400064703077
tile_r017507_c011363,3,-9.807821273803713,368.6975708007813,22.1093807220459,416.6675720214844,0.0041274614632129
tile_r017507_c011363,3,149.38673400878906,433.0403442382813,172.06484985351562,453.8169860839844,0.003975510597229
tile_r017507_c011363,3,180.915771484375,1.826534986495972,226.57974243164065,13.2352933883667,0.0035104171838611
tile_r017507_c011363,3,251.4519805908203,62.278465270996094,293.8592529296875,104.14517974853516,0.0033105891197919
tile_r017507_c011363,3,324.73590087890625,511.2490234375,386.7566833496094,523.03125,0.0032508438453078
tile_r017507_c011363,3,157.4438934326172,-12.800000190734863,215.833740234375,7.41632080078125,0.0027351139578968
tile_r017507_c011363,3,406.1817321777344,415.1761169433594,460.5192260742188,466.65179443359375,0.0025699657853692
tile_r017507_c011363,3,3.641845703125,521.7186889648438,72.13391876220703,524.7999877929688,0.0025000968016684
tile_r017507_c011363,3,151.02383422851562,433.7899475097656,169.07962036132812,450.0987243652344,0.0024732700549066
tile_r017507_c011363,3,333.3626403808594,501.6986389160156,387.275634765625,512.5046997070312,0.0023274777922779
tile_r017507_c011363,3,9.971692085266112,520.737548828125,77.00035095214844,524.7999877929688,0.0023049004375934
tile_r017507_c011363,3,453.3264770507813,355.9991149902344,492.43896484375,396.6255493164063,0.0023014903999865
tile_r017507_c011363,3,245.9200134277344,503.32373046875,300.4214782714844,513.0784301757812,0.0021868089679628
tile_r017507_c011363,3,162.0592041015625,-1.626803636550903,208.55630493164065,21.345703125,0.0020956813823431
tile_r017507_c011363,3,241.7142639160156,355.47344970703125,276.2177734375,387.4859313964844,0.0020392411388456
tile_r017507_c011363,3,133.27151489257812,457.7228088378906,155.22059631347656,474.211181640625,0.00201993342489
tile_r017507_c011363,3,135.5119171142578,-0.255746454000473,194.5705108642578,13.918957710266112,0.0019824753981083
tile_r017507_c011363,3,10.025073051452637,501.6127014160156,61.66280364990234,513.4978637695312,0.0019720231648534
tile_r017507_c011363,3,436.6442260742188,343.094970703125,506.8073120117188,410.49322509765625,0.0019447947852313
tile_r017507_c011363,3,454.3961791992188,341.8450622558594,478.8163146972656,361.6878356933594,0.0018532993271946
tile_r017507_c011363,3,374.5088195800781,515.00390625,445.9068298339844,524.6394653320312,0.0018471515504643
tile_r017507_c011363,3,64.1633529663086,-3.544081926345825,105.35853576660156,18.21784400939941,0.0018441246356815
tile_r017507_c011363,3,311.96661376953125,522.0065307617188,379.1366271972656,524.7999877929688,0.0018431487260386
tile_r017507_c011363,3,89.9422607421875,55.3170051574707,138.49295043945312,87.7386474609375,0.0018305601552128
tile_r017507_c011363,3,-3.5906379222869877,358.0771484375,10.187787055969238,416.04052734375,0.0017769251717254
tile_r017507_c011363,3,307.8500366210937,222.0350646972656,368.5179138183594,289.3773803710937,0.0017371692229062
tile_r017507_c011363,3,238.1244201660156,521.7112426757812,302.8560485839844,524.7999877929688,0.0016606649151071
tile_r017507_c011363,3,313.328857421875,509.846923828125,390.43646240234375,516.4202880859375,0.0016563974786549
tile_r017507_c011363,3,146.33230590820312,429.9851684570313,173.95217895507812,455.2530212402344,0.001636974629946
tile_r017507_c011363,3,-0.1344680786132812,502.6873168945313,50.33277130126953,512.9304809570312,0.0015622951323166
tile_r017507_c011363,3,130.32540893554688,-0.4072715640068054,165.57540893554688,13.394662857055664,0.0015575933502987
tile_r017507_c011363,3,255.400634765625,-0.0948364287614822,289.5558166503906,13.292513847351074,0.0015558751765638
tile_r017507_c011363,3,79.49397277832031,1.223171949386597,109.9226303100586,22.26680374145508,0.0015545859932899
tile_r017507_c011363,3,335.3001403808594,501.2653198242188,426.0848693847656,524.6663208007812,0.0015453551895916
tile_r017507_c011363,3,118.9023208618164,-12.800000190734863,195.5391845703125,1.9862762689590452,0.0015354991191998
tile_r017507_c011363,3,132.06796264648438,-5.34761905670166,183.7440948486328,6.691540718078613,0.0014996277168393
tile_r017507_c011363,3,120.5713348388672,518.6105346679688,187.4032287597656,524.7999877929688,0.0014798779739066
tile_r017507_c011363,3,321.8582458496094,522.0018310546875,392.3273010253906,524.7999877929688,0.0014467355795204
tile_r017507_c011363,3,401.9864196777344,503.3005981445313,467.7125854492188,513.0657958984375,0.001423705369234
tile_r017507_c011363,3,317.958740234375,513.4387817382812,382.98443603515625,524.5467529296875,0.0014166388427838
tile_r017507_c011363,3,205.0318145751953,521.4942626953125,275.1260070800781,524.7999877929688,0.0014107084134593
tile_r017507_c011363,3,136.5225372314453,454.935546875,157.47116088867188,470.0612182617188,0.0013909982517361
tile_r017507_c011363,3,201.3589324951172,189.0147247314453,265.07958984375,247.37380981445312,0.0013898668112233
tile_r017507_c011363,3,89.06391143798828,518.9287109375,156.97323608398438,524.7999877929688,0.0013777785934507
tile_r017507_c011363,3,132.3226776123047,518.2398681640625,200.3042449951172,524.7999877929688,0.001369971781969
tile_r017507_c011363,3,292.4305114746094,205.442626953125,320.0072631835937,228.3849639892578,0.0013690131017938
tile_r017507_c011363,3,-4.108712673187256,377.5888671875,6.335202217102051,412.4513549804688,0.0013688690960407
tile_r017507_c011363,3,67.1025390625,-10.649212837219238,109.8542709350586,18.181934356689453,0.0013580711092799
tile_r017507_c011363,3,201.7021942138672,179.20022583007812,264.1962280273437,235.5093231201172,0.0013576897326856
tile_r017507_c011363,3,64.34516906738281,156.8008270263672,119.8449249267578,214.27243041992188,0.0013449999969452
tile_r017507_c011363,3,257.8782653808594,65.68089294433594,287.714599609375,87.70393371582031,0.0013044252991676
tile_r017507_c011363,3,73.86451721191406,37.51358795166016,148.6262969970703,102.3848114013672,0.0012944174231961
tile_r017507_c011363,3,386.86376953125,502.5328674316406,458.6755981445313,513.199462890625,0.0012915398692712
tile_r017507_c011363,3,168.8161163330078,-3.745532989501953,226.4284210205078,6.487475395202637,0.0012905409093946
tile_r017507_c011363,3,354.4254455566406,293.2859802246094,417.4178161621094,354.1449584960937,0.0012897697743028
tile_r017507_c011363,3,77.17411804199219,520.43212890625,144.0145263671875,524.7999877929688,0.0012614590814337
tile_r017507_c011363,3,106.4963150024414,518.6351928710938,175.5301971435547,524.7999877929688,0.0012495944974943
tile_r017507_c011363,3,18.34286880493164,515.9132690429688,81.37419128417969,524.400390625,0.0012212471337988
tile_r017507_c011363,3,262.8853454589844,0.317709356546402,285.960693359375,13.286676406860352,0.0012165287043899
tile_r017507_c011363,3,18.70534324645996,-12.173130989074709,86.7187271118164,0.5958831906318665,0.0011950765037909
tile_r017507_c011363,3,-7.080535888671875,513.3054809570312,76.08009338378906,523.2171630859375,0.0011894645867869
tile_r017507_c011363,3,288.6297912597656,30.883716583251957,352.77294921875,103.9173812866211,0.0011882252292707
tile_r017507_c011363,3,320.613037109375,469.3942260742188,401.6927795410156,516.4617919921875,0.001186779118143
tile_r017507_c011363,3,257.06866455078125,515.5575561523438,320.771484375,524.495361328125,0.0011853204341605
tile_r017507_c011363,3,225.56472778320312,522.2847290039062,295.6980285644531,524.7999877929688,0.0011693492997437
tile_r017507_c011363,3,-1.052557349205017,374.357421875,25.225631713867188,423.1201171875,0.001169228926301
tile_r017507_c011363,3,197.703125,2.199789524078369,223.8027801513672,13.643594741821287,0.0011665195925161
tile_r017507_c011363,3,324.8236694335937,-12.394952774047852,399.4529418945313,0.5637435913085938,0.0011616704287007
tile_r017507_c011363,3,423.7392578125,522.05322265625,486.5525512695313,524.7999877929688,0.0011513639474287
tile_r017507_c011363,3,234.532470703125,45.38932037353516,297.7488708496094,107.71217346191406,0.0011478557717055
tile_r017507_c011363,3,27.954147338867188,34.22829055786133,70.759521484375,87.85150909423828,0.001142558408901
tile_r017507_c011363,3,49.16670989990234,0.519848644733429,72.40325927734375,17.597087860107422,0.0011257199803367
tile_r017507_c011363,3,2.164623975753784,378.002685546875,20.972240447998047,406.954833984375,0.0011221311287954
tile_r017507_c011363,3,135.03781127929688,-5.41986608505249,203.0943603515625,7.079882621765137,0.0010954071767628
tile_r017507_c011363,3,169.86019897460938,-0.2829414308071136,227.0032196044922,23.493896484375,0.0010804021731019
tile_r017507_c011363,3,513.7295532226562,336.2823791503906,524.0672607421875,410.8030700683594,0.0010802374454215
tile_r017507_c011363,3,340.70318603515625,483.5285034179688,388.2240295410156,507.0628967285156,0.0010745795443654
tile_r017507_c011363,3,190.9462890625,519.842529296875,260.171142578125,524.7999877929688,0.0010711663635447
tile_r017507_c011363,3,375.4957275390625,520.9672241210938,444.9470825195313,524.7999877929688,0.0010522061493247
tile_r017507_c011363,3,223.0486297607422,502.24066162109375,294.0286560058594,513.6802368164062,0.0010491387220099
tile_r017507_c011363,3,508.1516723632813,-12.800000190734863,524.6744995117188,1.597384691238403,0.0010454312432557
tile_r017507_c011363,3,513.1998291015625,311.6319885253906,524.092529296875,372.86627197265625,0.0010402263142168
tile_r017507_c011363,3,244.4969482421875,515.1101684570312,297.6405029296875,523.6982421875,0.0010401197941973
tile_r017507_c011363,3,-2.730813503265381,372.2212829589844,33.125118255615234,436.5064392089844,0.0010371423559263
tile_r017507_c011363,3,222.64694213867188,-12.38090991973877,299.8883056640625,1.0354461669921875,0.0010344134643673
tile_r017507_c011363,3,513.4337768554688,324.042236328125,524.1224365234375,391.6365661621094,0.0010255249217152
tile_r017507_c011363,3,459.8621520996094,520.9719848632812,521.0618896484375,524.7999877929688,0.0010154282208532
tile_r017507_c011363,3,329.55584716796875,507.555908203125,398.3197326660156,522.4642944335938,0.0010114444885402
tile_r017507_c011363,3,179.33370971679688,519.6563720703125,243.0220947265625,524.7999877929688,0.0010073214070871
tile_r017507_c011363,3,65.91203308105469,520.94775390625,131.20651245117188,524.7999877929688,0.0010061628418043
tile_r017507_c011363,3,154.2808837890625,-12.16474723815918,207.0244903564453,-0.498544305562973,0.0010057627223432
tile_r017507_c011363,3,144.52685546875,518.6148681640625,211.8846435546875,524.7999877929688,0.0010053142905235
tile_r017507_c011363,3,432.4912109375,521.7181396484375,494.3751831054688,524.7999877929688,0.0010011957492679
tile_r017507_c011619,3,57.481239318847656,231.324951171875,103.9896469116211,282.756103515625,0.8234357237815857
tile_r017507_c011619,3,408.0745239257813,225.99087524414065,449.83056640625,266.4813842773437,0.8063523173332214
tile_r017507_c011619,3,327.65069580078125,21.504398345947266,373.69189453125,63.37409591674805,0.7995840907096863
tile_r017507_c011619,3,385.6676940917969,307.63140869140625,429.5885620117188,353.3536376953125,0.7758821249008179
tile_r017507_c011619,3,155.66970825195312,422.4774475097656,197.9464111328125,460.6329040527344,0.7741104960441589
tile_r017507_c011619,3,108.3620147705078,298.15985107421875,150.1908416748047,336.09527587890625,0.7719354629516602
tile_r017507_c011619,3,192.7655792236328,353.5013122558594,241.0014190673828,400.44970703125,0.7682626843452454
tile_r017507_c011619,3,448.3883666992188,373.189453125,487.40771484375,407.21868896484375,0.7600976824760437
tile_r017507_c011619,3,424.13568115234375,31.806659698486328,458.361083984375,64.15292358398438,0.7283303737640381
tile_r017507_c011619,3,413.3880920410156,94.21319580078124,445.5758666992188,121.46981048583984,0.6656104922294617
tile_r017507_c011619,3,41.9376220703125,37.22046661376953,86.30183410644531,80.16034698486328,0.6162223219871521
tile_r017507_c011619,3,28.266780853271484,202.52828979492188,64.43778228759766,232.0699920654297,0.5425596237182617
tile_r017507_c011619,3,2.7927489280700684,66.38961029052734,33.12017822265625,94.1994400024414,0.5011906027793884
tile_r017507_c011619,3,1.084346055984497,350.2362365722656,27.61747360229492,384.5625915527344,0.4430193603038788
tile_r017507_c011619,3,1.292022705078125,446.2964782714844,26.2440128326416,476.6929626464844,0.3706901371479034
tile_r017507_c011619,3,-1.4762176275253296,347.2433166503906,31.07372093200684,389.003173828125,0.2408254742622375
tile_r017507_c011619,3,443.3685607910156,11.670372009277344,470.5679626464844,38.63409423828125,0.2392975986003875
tile_r017507_c011619,3,24.161178588867188,199.3654327392578,67.5791244506836,237.51303100585935,0.1673732697963714
tile_r017507_c011619,3,78.81929779052734,489.3485412597656,131.40663146972656,512.8270263671875,0.1596513986587524
tile_r017507_c011619,3,79.9106216430664,495.602783203125,131.748291015625,513.6986694335938,0.0916350930929184
tile_r017507_c011619,3,0.368734747171402,64.93023681640625,34.128177642822266,101.66178131103516,0.0827090963721275
tile_r017507_c011619,3,46.26372146606445,38.74186325073242,83.1124496459961,74.81804656982422,0.036026731133461
tile_r017507_c011619,3,-4.206634521484375,341.8734741210937,36.6128158569336,395.9780883789063,0.0161493197083473
tile_r017507_c011619,3,389.2556762695313,308.5902709960937,425.1917114257813,344.57501220703125,0.0153930531814694
tile_r017507_c011619,3,430.1865234375,3.869642734527588,473.2422790527344,40.91635894775391,0.0121329650282859
tile_r017507_c011619,3,72.378662109375,475.8006896972656,141.0030059814453,511.7330017089844,0.011461398564279
tile_r017507_c011619,3,447.4766540527344,14.519678115844728,469.8460998535156,36.68043899536133,0.0094735966995358
tile_r017507_c011619,3,-0.6775237917900085,442.1029357910156,29.760128021240234,483.2621154785156,0.0092378947883844
tile_r017507_c011619,3,104.0250015258789,295.12286376953125,153.72531127929688,341.1498107910156,0.0091139078140258
tile_r017507_c011619,3,73.48202514648438,484.55029296875,136.9496612548828,514.9577026367188,0.00882432423532
tile_r017507_c011619,3,494.1539001464844,47.16561126708984,514.0836181640625,80.82020568847656,0.0087291048839688
tile_r017507_c011619,3,3.560520887374878,448.611328125,24.419422149658203,473.7557678222656,0.0086279418319463
tile_r017507_c011619,3,409.7679748535156,91.5636749267578,448.3408203125,127.5399932861328,0.0080252652987837
tile_r017507_c011619,3,490.9903259277344,52.7827262878418,513.1915893554688,79.49337005615234,0.0076421592384576
tile_r017507_c011619,3,37.85183334350586,31.976415634155277,90.4934310913086,85.9985580444336,0.0061660925857722
tile_r017507_c011619,3,-9.830856323242188,433.0811462402344,29.498779296875,481.8235473632813,0.0059507302939891
tile_r017507_c011619,3,-1.9308960437774656,61.3577995300293,37.853515625,106.8983383178711,0.0056745633482933
tile_r017507_c011619,3,453.446044921875,376.513427734375,485.921630859375,404.3592224121094,0.0051893852651119
tile_r017507_c011619,3,382.5708923339844,302.8097229003906,435.0105590820313,359.06890869140625,0.004960065241903
tile_r017507_c011619,3,486.6148376464844,45.24666213989258,513.384765625,83.14531707763672,0.0045813340693712
tile_r017507_c011619,3,426.4554138183594,35.83882522583008,453.6964416503906,61.50928497314453,0.0043587074615061
tile_r017507_c011619,3,388.0279235839844,-0.7948043942451477,437.9374084472656,12.475608825683594,0.0040708607994019
tile_r017507_c011619,3,69.9527587890625,507.4771423339844,131.5485076904297,522.8455200195312,0.0040167681872844
tile_r017507_c011619,3,496.29205322265625,55.337013244628906,512.2486572265625,79.93638610839844,0.0029886600095778
tile_r017507_c011619,3,321.094970703125,15.409274101257324,380.0787658691406,75.0438461303711,0.0028289682231843
tile_r017507_c011619,3,21.081762313842773,193.4991149902344,72.72518157958984,245.4632873535156,0.0027009707409888
tile_r017507_c011619,3,416.6070251464844,1.34716796875,473.4986267089844,54.98737716674805,0.0025722365826368
tile_r017507_c011619,3,150.647216796875,415.4000854492188,204.386962890625,466.2395629882813,0.0024083608295768
tile_r017507_c011619,3,-10.56072998046875,52.32819747924805,38.13956451416016,111.1059112548828,0.0023619539570063
tile_r017507_c011619,3,199.7670440673828,357.6866455078125,237.8345184326172,396.2337036132813,0.0023387179244309
tile_r017507_c011619,3,257.0367126464844,-12.478915214538574,333.0005798339844,0.7828582525253296,0.0021711499430239
tile_r017507_c011619,3,59.09357452392578,522.0702514648438,121.7474365234375,524.7999877929688,0.0021540431771427
tile_r017507_c011619,3,-3.9351203441619873,339.8482360839844,6.778106689453125,386.1036071777344,0.0019984066020697
tile_r017507_c011619,3,78.4774169921875,501.6127014160156,130.89306640625,512.4388427734375,0.0019699691329151
tile_r017507_c011619,3,381.52825927734375,-12.757757186889648,451.90478515625,1.1809265613555908,0.0019412791589275
tile_r017507_c011619,3,-9.681755065917969,329.77081298828125,39.42423629760742,398.5216674804688,0.0018309244187548
tile_r017507_c011619,3,122.01878356933594,515.4144897460938,190.34815979003903,524.5975952148438,0.0018177174497395
tile_r017507_c011619,3,198.282958984375,342.02203369140625,222.50112915039065,361.5779113769531,0.001763810403645
tile_r017507_c011619,3,51.785911560058594,221.76547241210935,112.51234436035156,289.55010986328125,0.0017290884861722
tile_r017507_c011619,3,402.10162353515625,220.77328491210935,456.4425354003906,276.7823791503906,0.0016851648688316
tile_r017507_c011619,3,188.141357421875,347.8819274902344,246.16860961914065,405.3710021972656,0.0016223150305449
tile_r017507_c011619,3,408.0209045410156,-0.5156173706054688,435.7189331054688,12.675175666809082,0.0016071392456069
tile_r017507_c011619,3,-10.778338432312012,521.0905151367188,45.00457000732422,524.7999877929688,0.0016070351703092
tile_r017507_c011619,3,83.04267883300781,494.61907958984375,123.12541198730467,512.4530639648438,0.0015813382342457
tile_r017507_c011619,3,80.5458984375,502.3362426757813,170.3084716796875,524.6907348632812,0.0015498211141675
tile_r017507_c011619,3,146.0651092529297,503.7699279785156,211.4414825439453,512.9876098632812,0.0015085829654708
tile_r017507_c011619,3,4.731835842132568,-4.455114841461182,33.201881408691406,7.56103515625,0.0014657295541837
tile_r017507_c011619,3,284.9813842773437,-0.2708679139614105,325.77069091796875,13.995321273803713,0.0014467748114839
tile_r017507_c011619,3,66.8502426147461,522.22412109375,135.95870971679688,524.7999877929688,0.0014348562108352
tile_r017507_c011619,3,439.4173889160156,367.2835998535156,496.2366333007813,419.2284240722656,0.0014157256809994
tile_r017507_c011619,3,263.3526611328125,-1.312411546707153,305.6513977050781,12.732461929321287,0.0013769384240731
tile_r017507_c011619,3,36.57181930541992,205.3563232421875,63.88124465942383,228.5152587890625,0.0013760232832282
tile_r017507_c011619,3,55.74681854248047,508.9710998535156,132.5908660888672,517.2691650390625,0.0013651215704157
tile_r017507_c011619,3,99.2550277709961,293.70703125,160.9464874267578,353.13360595703125,0.0013490141136571
tile_r017507_c011619,3,-4.4137468338012695,348.2102966308594,4.822901725769043,385.5675354003906,0.0013459546025842
tile_r017507_c011619,3,131.2170867919922,502.7756958007813,202.82730102539065,513.1229248046875,0.0013416076544672
tile_r017507_c011619,3,-2.731414794921875,338.47589111328125,50.50081634521485,400.9217834472656,0.0013233765494078
tile_r017507_c011619,3,448.99755859375,500.24169921875,499.9005737304688,513.19873046875,0.0012709081638604
tile_r017507_c011619,3,0.9732116460800172,501.7471618652344,45.592918395996094,512.9694213867188,0.0012554813874885
tile_r017507_c011619,3,33.16965103149414,31.42852783203125,95.3897705078125,103.44007873535156,0.0012149220565333
tile_r017507_c011619,3,491.6341247558594,43.803009033203125,515.0975952148438,88.75933074951172,0.0011946338927373
tile_r017507_c011619,3,63.28252410888672,510.8910217285156,128.47909545898438,524.5379028320312,0.0011921206023544
tile_r017507_c011619,3,166.95468139648438,522.1287231445312,229.6582946777344,524.7999877929688,0.0011851539602503
tile_r017507_c011619,3,269.9264221191406,-6.358792304992676,326.23223876953125,6.991485595703125,0.0011663228506222
tile_r017507_c011619,3,415.87353515625,12.738916397094728,471.53076171875,69.58103942871094,0.0011616605333983
tile_r017507_c011619,3,65.26249694824219,469.4982299804688,143.6352081298828,516.5584716796875,0.0011181622976437
tile_r017507_c011619,3,-3.5752487182617188,433.4961853027344,3.665531873703003,478.0579223632813,0.0010956972837448
tile_r017507_c011619,3,359.1224975585937,-12.7649564743042,440.55950927734375,0.788745105266571,0.0010915762977674
tile_r017507_c011619,3,240.4817657470703,-12.338346481323242,312.60235595703125,0.494189441204071,0.0010909759439527
tile_r017507_c011619,3,510.4598693847656,29.261266708374023,523.68603515625,87.92243957519531,0.0010842764750123
tile_r017507_c011619,3,119.612548828125,520.7764892578125,190.122314453125,524.7999877929688,0.0010823460761457
tile_r017507_c011619,3,60.22187042236328,510.2596130371094,133.57846069335938,515.9630126953125,0.001080225687474
tile_r017507_c011619,3,379.61956787109375,-6.355920314788818,436.1080627441406,5.892855644226074,0.0010744475293904
tile_r017507_c011619,3,325.0508728027344,-12.604693412780762,403.6410217285156,0.5641845464706421,0.0010666776215657
tile_r017507_c011619,3,246.03451538085935,321.131103515625,262.9617614746094,336.09771728515625,0.001066438271664
tile_r017507_c011619,3,229.34231567382807,233.35513305664065,288.0183410644531,299.57818603515625,0.001040163449943
tile_r017507_c011619,3,298.3290405273437,518.9338989257812,366.64056396484375,524.7999877929688,0.0010338061256334
tile_r017507_c011619,3,2.492254734039306,-5.243344306945801,40.21199798583984,7.221710205078125,0.0010276987450197
tile_r017507_c011619,3,69.45281219482422,-12.4724760055542,142.6822052001953,0.4694854617118835,0.0010257081594318
tile_r017507_c011619,3,6.106939792633057,0.3135009706020355,29.683574676513672,12.9710693359375,0.0010213961359113
tile_r017507_c011619,3,175.67608642578125,521.7420654296875,236.5465850830078,524.7999877929688,0.0010032189311459
tile_r017763_c010083,3,268.0531311035156,110.2743148803711,322.6832580566406,166.30398559570312,0.8265768885612488
tile_r017763_c010083,3,388.204345703125,407.8772583007813,432.8089294433594,448.1077270507813,0.7998923063278198
tile_r017763_c010083,3,266.3095092773437,2.682269334793091,311.61883544921875,44.03216552734375,0.7985796332359314
tile_r017763_c010083,3,283.3480834960937,365.9886779785156,331.8134460449219,408.7399291992188,0.7940637469291687
tile_r017763_c010083,3,349.56988525390625,256.9130249023437,391.6021118164063,295.0470275878906,0.7798923850059509
tile_r017763_c010083,3,118.37834167480467,59.385353088378906,153.98684692382812,92.8814697265625,0.77745521068573
tile_r017763_c010083,3,218.33230590820312,404.6197204589844,255.57986450195312,439.4374084472656,0.7766121029853821
tile_r017763_c010083,3,147.27664184570312,0.0855194106698036,191.26882934570312,38.31389999389648,0.7445530891418457
tile_r017763_c010083,3,314.768310546875,84.71994018554688,387.1647033691406,141.38497924804688,0.7374207377433777
tile_r017763_c010083,3,174.9062042236328,292.0868530273437,211.3565368652344,327.3522033691406,0.7353704571723938
tile_r017763_c010083,3,333.40777587890625,196.7741241455078,368.99066162109375,226.3111267089844,0.7154494524002075
tile_r017763_c010083,3,169.11575317382812,176.78550720214844,208.814208984375,214.1386260986328,0.7092355489730835
tile_r017763_c010083,3,429.915771484375,327.1979675292969,466.71722412109375,361.8336791992188,0.6960924863815308
tile_r017763_c010083,3,462.89208984375,424.0661010742188,492.5593872070313,452.9645385742188,0.6854997873306274
tile_r017763_c010083,3,283.0946655273437,488.4401245117188,329.9832458496094,512.87939453125,0.5289254188537598
tile_r017763_c010083,3,152.33126831054688,187.1752471923828,173.3717498779297,209.2500915527344,0.1170508861541748
tile_r017763_c010083,3,1.159234642982483,497.07806396484375,28.40523147583008,513.226318359375,0.109727032482624
tile_r017763_c010083,3,299.3287658691406,421.8837890625,316.260009765625,440.8220825195313,0.1006062626838684
tile_r017763_c010083,3,330.5704040527344,194.07357788085935,371.5259399414063,231.2294464111328,0.0756793990731239
tile_r017763_c010083,3,165.2040252685547,174.2260284423828,214.5071563720703,218.94711303710935,0.06675486266613
tile_r017763_c010083,3,458.77923583984375,420.3107299804688,496.2643127441406,457.0787048339844,0.061562392860651
tile_r017763_c010083,3,-1.4352325201034546,495.9060668945313,35.13190460205078,513.0911865234375,0.0356245264410972
tile_r017763_c010083,3,337.810791015625,94.2262725830078,387.6983947753906,135.5701446533203,0.0348361022770404
tile_r017763_c010083,3,427.0953979492188,324.644287109375,470.1768493652344,368.1705627441406,0.0233311168849468
tile_r017763_c010083,3,274.78594970703125,115.13932800292967,318.7636108398437,163.6313018798828,0.0209129806607961
tile_r017763_c010083,3,-1.3980591297149658,498.1554565429688,42.08369064331055,514.2757568359375,0.0183753352612257
tile_r017763_c010083,3,153.7062530517578,3.4350600242614746,187.80368041992188,33.69254302978516,0.016140729188919
tile_r017763_c010083,3,287.18231201171875,491.51806640625,324.12255859375,512.68212890625,0.0153352078050374
tile_r017763_c010083,3,155.3046112060547,186.0489501953125,176.47274780273438,210.0196075439453,0.0113444114103913
tile_r017763_c010083,3,170.42300415039062,287.7023010253906,219.76953125,333.4065856933594,0.0100568486377596
tile_r017763_c010083,3,480.0401306152344,17.361791610717773,509.2141723632813,45.52862548828125,0.0095990700647234
tile_r017763_c010083,3,115.65201568603516,55.4623908996582,156.86996459960938,98.0134048461914,0.0080465357750654
tile_r017763_c010083,3,179.6239471435547,295.4412536621094,207.52151489257807,324.9534606933594,0.0076559130102396
tile_r017763_c010083,3,272.9720764160156,493.6951599121094,330.98748779296875,522.025146484375,0.0075934194028377
tile_r017763_c010083,3,419.7926635742188,500.7931213378906,477.6582946777344,513.1992797851562,0.0061312918551266
tile_r017763_c010083,3,171.3404083251953,179.67477416992188,203.10427856445312,212.17135620117188,0.005317554809153
tile_r017763_c010083,3,-2.680938720703125,492.3525390625,54.86730194091797,513.9083862304688,0.0051894765347242
tile_r017763_c010083,3,273.3021545410156,475.5428771972656,340.0927734375,513.99267578125,0.0050246505998075
tile_r017763_c010083,3,280.2469177246094,361.3927307128906,335.73699951171875,414.744384765625,0.004688540007919
tile_r017763_c010083,3,288.5639038085937,368.6461486816406,328.94891357421875,404.5276794433594,0.0046637612394988
tile_r017763_c010083,3,261.41748046875,-1.934637427330017,316.49365234375,50.01554107666016,0.0046006958000361
tile_r017763_c010083,3,162.6621856689453,165.62704467773438,219.0869598388672,227.4911651611328,0.0044398098252713
tile_r017763_c010083,3,412.7352600097656,521.7984619140625,478.53271484375,524.7999877929688,0.0037564376834779
tile_r017763_c010083,3,354.7763671875,261.1351623535156,389.3781127929688,291.4437561035156,0.0034484250936657
tile_r017763_c010083,3,206.5410614013672,319.1578369140625,220.9487762451172,331.8217468261719,0.0029509931337088
tile_r017763_c010083,3,431.9970703125,330.466064453125,463.2042846679688,358.5743713378906,0.0024708514101803
tile_r017763_c010083,3,397.2933654785156,509.3443298339844,481.783203125,523.2610473632812,0.0024272939190268
tile_r017763_c010083,3,346.6805114746094,502.9462890625,405.6595764160156,513.1461181640625,0.0023749852553009
tile_r017763_c010083,3,382.6299133300781,402.5355529785156,442.634765625,459.8091735839844,0.0023152560461312
tile_r017763_c010083,3,346.375,251.97021484375,394.9650268554688,299.41583251953125,0.0022516576573252
tile_r017763_c010083,3,1.9067245721817017,489.75482177734375,39.456520080566406,512.7611694335938,0.0021614886354655
tile_r017763_c010083,3,152.05374145507812,179.644775390625,178.8296356201172,213.3114776611328,0.0021353848278522
tile_r017763_c010083,3,-0.505340576171875,471.6471252441406,54.14252853393555,513.251708984375,0.0021089520305395
tile_r017763_c010083,3,242.8426818847656,519.6459350585938,311.5430603027344,524.7999877929688,0.0019814907573163
tile_r017763_c010083,3,-1.846923828125,506.28564453125,39.669715881347656,521.8944091796875,0.0019604770932346
tile_r017763_c010083,3,412.69622802734375,501.9816284179688,469.4126586914063,513.1435546875,0.00195105408784
tile_r017763_c010083,3,-0.4344726502895355,484.0001831054688,53.94551849365234,513.4703369140625,0.0019495543092489
tile_r017763_c010083,3,424.2860412597656,514.1046142578125,486.0840759277344,523.43505859375,0.0019441350596025
tile_r017763_c010083,3,80.64189147949219,-1.0309264659881592,124.0149917602539,17.756643295288086,0.0019243758870288
tile_r017763_c010083,3,255.4374542236328,495.56591796875,334.4048767089844,524.24755859375,0.0019164361292496
tile_r017763_c010083,3,-0.1720123291015625,499.8357543945313,33.48717498779297,516.2511596679688,0.001908928155899
tile_r017763_c010083,3,190.5388641357422,-12.27759075164795,270.7137145996094,0.5628143548965454,0.0018885020399466
tile_r017763_c010083,3,140.33596801757812,-4.900170803070068,195.3565368652344,47.0900993347168,0.0018834037473425
tile_r017763_c010083,3,99.7538604736328,-0.4037055969238281,147.18972778320312,15.508275985717772,0.0018614721484482
tile_r017763_c010083,3,329.93798828125,516.3011474609375,384.1139526367188,524.7999877929688,0.0018566586077213
tile_r017763_c010083,3,250.458984375,516.1725463867188,311.92333984375,524.6839599609375,0.0018442027503624
tile_r017763_c010083,3,381.3419799804688,520.862548828125,448.3794860839844,524.7999877929688,0.0018211180577054
tile_r017763_c010083,3,-10.578638076782228,522.5218505859375,45.461204528808594,524.7999877929688,0.0018197752069681
tile_r017763_c010083,3,219.626953125,-12.162394523620604,299.29522705078125,0.8277435302734375,0.0018010673811659
tile_r017763_c010083,3,426.8815307617188,500.44329833984375,487.18212890625,513.951904296875,0.0017987036844715
tile_r017763_c010083,3,410.85589599609375,514.04833984375,465.735595703125,523.6173095703125,0.0017739901086315
tile_r017763_c010083,3,247.3987579345703,521.0885009765625,316.8855285644531,524.7999877929688,0.0017463205149397
tile_r017763_c010083,3,154.1519317626953,87.33892822265625,174.1089630126953,108.52974700927734,0.001709611271508
tile_r017763_c010083,3,286.04248046875,501.876953125,359.2837829589844,524.7999877929688,0.0016587676946073
tile_r017763_c010083,3,403.66607666015625,512.2228393554688,485.1710510253906,521.8033447265625,0.0016541404183954
tile_r017763_c010083,3,47.0171127319336,53.19293212890625,115.5182647705078,130.12306213378906,0.0016295817913487
tile_r017763_c010083,3,89.8028793334961,-0.4823203980922699,139.8726043701172,16.14719581604004,0.0015867218608036
tile_r017763_c010083,3,306.318603515625,74.86748504638672,397.2115173339844,151.6748046875,0.0015756058273836
tile_r017763_c010083,3,431.161376953125,498.6996154785156,501.15814208984375,514.12890625,0.0015430093044415
tile_r017763_c010083,3,104.61849212646484,-12.490994453430176,175.57736206054688,0.50433349609375,0.0015343889826908
tile_r017763_c010083,3,435.62060546875,512.9714965820312,500.89306640625,524.0550537109375,0.0015162237687036
tile_r017763_c010083,3,386.4279174804688,514.6375732421875,443.4999084472656,524.3038330078125,0.0015082181198522
tile_r017763_c010083,3,209.3501434326172,521.2355346679688,275.08990478515625,524.7999877929688,0.0014887771103531
tile_r017763_c010083,3,402.5619201660156,514.3499145507812,454.6716918945313,523.70751953125,0.0014695185236632
tile_r017763_c010083,3,379.1568908691406,511.423828125,465.56939697265625,522.8523559570312,0.0014472302282229
tile_r017763_c010083,3,215.7455139160156,512.8729858398438,307.064453125,522.993408203125,0.001383141730912
tile_r017763_c010083,3,321.3658142089844,185.83441162109372,377.6502990722656,240.07925415039065,0.0013798887375742
tile_r017763_c010083,3,365.2203979492188,514.2657470703125,424.8728637695313,524.5941162109375,0.0013699979754164
tile_r017763_c010083,3,315.6104431152344,172.25534057617188,382.0482482910156,238.3011016845703,0.0013633864000439
tile_r017763_c010083,3,365.5118408203125,519.7789306640625,432.9024353027344,524.7999877929688,0.0013527006376534
tile_r017763_c010083,3,450.1880798339844,413.6771545410156,497.4808654785156,463.5714721679688,0.0013519974891096
tile_r017763_c010083,3,248.5684051513672,0.433218389749527,296.4073791503906,13.729684829711914,0.0013473903527483
tile_r017763_c010083,3,-8.417101860046387,496.3406677246094,44.84379959106445,512.9642333984375,0.0013463834766298
tile_r017763_c010083,3,258.7006225585937,101.82902526855467,328.16796875,178.59963989257812,0.00133474660106
tile_r017763_c010083,3,262.7090759277344,522.8152465820312,334.72149658203125,524.7999877929688,0.0013347408967092
tile_r017763_c010083,3,400.1707153320313,502.2517700195313,461.5812377929688,513.1773681640625,0.0013326843036338
tile_r017763_c010083,3,-1.830297827720642,509.1893615722656,48.80965423583984,522.5139770507812,0.001330770435743
tile_r017763_c010083,3,35.6499137878418,515.8607177734375,109.9340362548828,524.7999877929688,0.0013296935940161
tile_r017763_c010083,3,356.02423095703125,514.203125,411.1314392089844,523.8851318359375,0.0013090830761939
tile_r017763_c010083,3,139.4888153076172,519.3201904296875,206.5474090576172,524.7999877929688,0.0012943280162289
tile_r017763_c010083,3,150.8229522705078,518.4597778320312,219.74658203125,524.7999877929688,0.0012858938425779
tile_r017763_c010083,3,148.883544921875,184.83680725097656,167.0376434326172,208.97314453125,0.0012710061855614
tile_r017763_c010083,3,62.61782836914063,-12.706608772277832,134.27041625976562,1.272923231124878,0.0012631297577172
tile_r017763_c010083,3,439.39892578125,520.0494384765625,508.1133728027344,524.7999877929688,0.0012550253886729
tile_r017763_c010083,3,220.8582000732422,407.78033447265625,250.6327667236328,435.0571899414063,0.0012449423084035
tile_r017763_c010083,3,343.2156677246094,514.9231567382812,395.6184997558594,524.1932373046875,0.0012398007092997
tile_r017763_c010083,3,36.026634216308594,521.3927001953125,101.27957916259766,524.7999877929688,0.0012381207197904
tile_r017763_c010083,3,114.09049224853516,0.026562500745058,165.11029052734375,15.274179458618164,0.0012295136693865
tile_r017763_c010083,3,347.397216796875,520.2644653320312,411.2538146972656,524.7999877929688,0.0012292595347389
tile_r017763_c010083,3,6.580468654632568,511.7955017089844,83.80598449707031,524.5751953125,0.0012180412886664
tile_r017763_c010083,3,398.233642578125,521.281494140625,471.06939697265625,524.7999877929688,0.0012106489157304
tile_r017763_c010083,3,127.9630355834961,520.02880859375,193.94650268554688,524.7999877929688,0.0012011645594611
tile_r017763_c010083,3,352.6386108398437,503.39593505859375,422.444580078125,513.371337890625,0.0011986416066065
tile_r017763_c010083,3,380.0635681152344,9.179895401000977,433.89501953125,59.159576416015625,0.00119499117136
tile_r017763_c010083,3,452.3370056152344,513.2100830078125,518.8518676757812,524.7999877929688,0.0011811412405222
tile_r017763_c010083,3,508.0032348632813,-12.800000190734863,524.6823120117188,1.5356231927871704,0.0011732024140655
tile_r017763_c010083,3,81.5177230834961,-12.800000190734863,164.05471801757812,1.1295257806777954,0.0011657180730253
tile_r017763_c010083,3,116.32843017578124,520.6155395507812,181.33639526367188,524.7999877929688,0.0011483917478471
tile_r017763_c010083,3,109.35807800292967,93.60888671875,127.77629089355467,113.2790756225586,0.001142023014836
tile_r017763_c010083,3,213.9507751464844,520.7684326171875,286.66192626953125,524.7999877929688,0.0011383236851543
tile_r017763_c010083,3,448.4034118652344,520.9821166992188,514.86865234375,524.7999877929688,0.0011347915278747
tile_r017763_c010083,3,461.3995056152344,427.190673828125,486.0299682617188,450.537353515625,0.0011149165220558
tile_r017763_c010083,3,338.8426208496094,520.8135986328125,401.8912658691406,524.7999877929688,0.0011079689720645
tile_r017763_c010083,3,-3.092993259429932,507.9962768554688,62.871726989746094,523.8021240234375,0.0011059537064284
tile_r017763_c010083,3,225.8742218017578,520.1728515625,303.67022705078125,524.7999877929688,0.0010990917216986
tile_r017763_c010083,3,194.225830078125,520.4046020507812,260.401611328125,524.7999877929688,0.0010963722597807
tile_r017763_c010083,3,452.58740234375,501.5977478027344,513.6016845703125,513.4063720703125,0.0010954013559967
tile_r017763_c010083,3,204.2804718017578,-0.0162231437861919,256.9969787597656,13.780423164367676,0.0010903530055657
tile_r017763_c010083,3,172.59915161132812,-12.515149116516112,255.5264434814453,0.188934326171875,0.0010829261736944
tile_r017763_c010083,3,244.5963897705078,-4.485238075256348,293.53887939453125,4.838284492492676,0.0010821672622114
tile_r017763_c010083,3,457.920654296875,521.7935180664062,520.2845458984375,524.7999877929688,0.0010806729551404
tile_r017763_c010083,3,232.6914520263672,-11.943942070007324,310.9815979003906,0.3542938232421875,0.0010726909385994
tile_r017763_c010083,3,316.86334228515625,90.7711181640625,354.61944580078125,124.1239013671875,0.0010659395484253
tile_r017763_c010083,3,276.4476318359375,523.0870971679688,340.8170166015625,524.7999877929688,0.0010654726065695
tile_r017763_c010083,3,-12.178125381469728,510.6485900878906,51.69243240356445,519.2144165039062,0.0010606858413666
tile_r017763_c010083,3,164.52529907226562,519.9949340820312,230.43276977539065,524.7999877929688,0.0010453882860019
tile_r017763_c010083,3,90.01435852050781,521.15087890625,156.9043731689453,524.7999877929688,0.0010420081671327
tile_r017763_c010083,3,325.275390625,510.9261779785156,408.1551818847656,523.0714721679688,0.0010406401706859
tile_r017763_c010083,3,73.49047088623047,-6.148507118225098,124.9432601928711,8.007192611694336,0.0010403268970549
tile_r017763_c010083,3,209.17886352539065,397.4126892089844,264.52838134765625,454.8929748535156,0.0010253887157887
tile_r017763_c010083,3,396.2239074707031,484.0497131347656,477.1229553222656,513.8151245117188,0.0010068479459732
tile_r017763_c010083,3,72.82537841796875,520.622314453125,137.29798889160156,524.7999877929688,0.0010067764669656
tile_r017763_c010083,3,-3.5209288597106934,508.2175903320313,40.63164520263672,516.80517578125,0.0010017600143328
tile_r017763_c010851,3,415.47509765625,440.4732360839844,480.0964965820313,498.7118225097656,0.7952038645744324
tile_r017763_c010851,3,47.4390754699707,135.5330810546875,113.1059341430664,193.2328643798828,0.7907834053039551
tile_r017763_c010851,3,405.4029235839844,214.980224609375,446.7645568847656,255.462646484375,0.7870196104049683
tile_r017763_c010851,3,449.635986328125,142.8462371826172,483.3882446289063,173.6177520751953,0.7806053161621094
tile_r017763_c010851,3,340.6277160644531,79.2068862915039,394.4029541015625,126.8310775756836,0.7750203013420105
tile_r017763_c010851,3,293.9710998535156,50.60075759887695,338.6107482910156,86.17262268066406,0.7610183358192444
tile_r017763_c010851,3,369.576171875,16.867389678955078,411.1945190429688,57.84074020385742,0.7573578953742981
tile_r017763_c010851,3,421.8406677246094,166.11306762695312,464.25689697265625,210.2014923095703,0.7572874426841736
tile_r017763_c010851,3,252.40982055664065,158.951171875,311.86334228515625,205.4440460205078,0.7487420439720154
tile_r017763_c010851,3,364.9798278808594,311.3191833496094,434.850830078125,366.73388671875,0.7318165898323059
tile_r017763_c010851,3,46.39754486083984,86.95414733886719,89.39827728271484,131.61099243164062,0.7173638939857483
tile_r017763_c010851,3,480.615966796875,346.74688720703125,514.3472290039062,394.7874145507813,0.6755663752555847
tile_r017763_c010851,3,292.48065185546875,319.338134765625,332.76788330078125,354.337890625,0.5927619338035583
tile_r017763_c010851,3,30.568038940429688,239.7001953125,76.30339050292969,276.61590576171875,0.553939938545227
tile_r017763_c010851,3,348.9534606933594,412.5106506347656,379.3810119628906,440.5173950195313,0.1287666410207748
tile_r017763_c010851,3,494.4998474121094,492.8289184570313,513.1561889648438,513.2506103515625,0.0650300979614257
tile_r017763_c010851,3,1.1834716796875,1.3109252452850342,27.811132431030277,38.13995361328125,0.0440910533070564
tile_r017763_c010851,3,51.59150314331055,55.62981033325195,77.25593566894531,84.9403076171875,0.0354436859488487
tile_r017763_c010851,3,289.36090087890625,47.01518630981445,341.58648681640625,90.7404556274414,0.0316892303526401
tile_r017763_c010851,3,24.788476943969727,234.4830780029297,81.8731460571289,285.0634460449219,0.0273580029606819
tile_r017763_c010851,3,31.81724548339844,241.96566772460935,65.96986389160156,273.3919982910156,0.0215588845312595
tile_r017763_c010851,3,505.5984497070313,337.69927978515625,524.0128784179688,399.751953125,0.0176553763449192
tile_r017763_c010851,3,383.8165588378906,325.2030334472656,432.56439208984375,362.19287109375,0.014889121055603
tile_r017763_c010851,3,349.1656799316406,407.0082092285156,385.3033752441406,443.2269592285156,0.0148843023926019
tile_r017763_c010851,3,289.2525329589844,315.40509033203125,337.7802734375,359.75457763671875,0.01455994322896
tile_r017763_c010851,3,366.7691040039063,12.437707901000977,416.6632385253906,62.67833709716797,0.0110187763348221
tile_r017763_c010851,3,48.95219802856445,142.1944580078125,102.7846450805664,191.3517303466797,0.0101060019806027
tile_r017763_c010851,3,237.21109008789065,-0.1036560088396072,288.21783447265625,17.107105255126953,0.007358671631664
tile_r017763_c010851,3,452.2586059570313,146.293212890625,479.9292907714844,172.343994140625,0.0069133448414504
tile_r017763_c010851,3,452.7046813964844,-0.0684715285897255,504.9177856445313,13.295852661132812,0.0058425832539796
tile_r017763_c010851,3,370.2870178222656,319.3011779785156,429.81298828125,363.7939453125,0.0054000630043447
tile_r017763_c010851,3,48.72272872924805,52.75765228271485,79.89927673339844,88.59600830078125,0.0053636571392416
tile_r017763_c010851,3,220.1306610107422,-1.268592119216919,259.7867126464844,16.067291259765625,0.0051076896488666
tile_r017763_c010851,3,253.3999481201172,161.4867706298828,302.8436889648437,200.1387176513672,0.0050544128753244
tile_r017763_c010851,3,494.7032165527344,485.5914001464844,514.6712646484375,514.8804931640625,0.004946397151798
tile_r017763_c010851,3,1.8053405284881592,5.68710470199585,26.1887264251709,33.80381393432617,0.004346162546426
tile_r017763_c010851,3,252.3903045654297,0.1563354432582855,296.5160522460937,15.396820068359377,0.0042959148995578
tile_r017763_c010851,3,419.0276794433594,148.37185668945312,473.9396057128906,215.0394592285156,0.0037756841629743
tile_r017763_c010851,3,347.58404541015625,400.9244995117188,395.4800415039063,445.8221740722656,0.0036673988215625
tile_r017763_c010851,3,-1.546789526939392,0.8362518548965454,32.62993621826172,32.72016143798828,0.0035632555373013
tile_r017763_c010851,3,213.741943359375,-6.244255065917969,260.49676513671875,10.753913879394531,0.0035494484473019
tile_r017763_c010851,3,0.5571975708007812,-1.913964867591858,31.93515014648437,54.724029541015625,0.003478713100776
tile_r017763_c010851,3,436.9482421875,-5.495182991027832,498.1453247070313,6.254859924316406,0.0034518910106271
tile_r017763_c010851,3,465.0122680664063,-0.2956047058105469,511.8269958496094,13.6552734375,0.0034123945515602
tile_r017763_c010851,3,421.4456176757813,447.8532104492188,476.0533142089844,495.4498901367188,0.0033960281871259
tile_r017763_c010851,3,270.3375549316406,95.0199966430664,324.279296875,148.97512817382812,0.0032507621217519
tile_r017763_c010851,3,442.0401306152344,-0.7420082092285156,495.2840881347656,13.40649700164795,0.0031718157697468
tile_r017763_c010851,3,333.421142578125,68.76020812988281,403.5140686035156,139.77505493164062,0.0030012296047061
tile_r017763_c010851,3,32.4293098449707,501.822265625,102.2971649169922,513.1353759765625,0.0029829593840986
tile_r017763_c010851,3,2.038812160491944,501.8716735839844,65.24803924560547,513.3045043945312,0.0028945340309292
tile_r017763_c010851,3,442.85888671875,-12.800000190734863,519.33203125,1.917894005775452,0.002833021339029
tile_r017763_c010851,3,365.2752380371094,314.9253845214844,408.1138610839844,353.67596435546875,0.0027182137127965
tile_r017763_c010851,3,247.842041015625,-4.947975158691406,307.55230712890625,8.946861267089844,0.0025184000842273
tile_r017763_c010851,3,247.33364868164065,77.37506866455078,316.0703125,144.8458251953125,0.0025142505764961
tile_r017763_c010851,3,473.8296813964844,341.6070251464844,516.5318603515625,403.5577087402344,0.0024627270177006
tile_r017763_c010851,3,416.7556762695313,161.4088897705078,471.0119018554688,218.8223114013672,0.0023463994730263
tile_r017763_c010851,3,366.5825805664063,315.73712158203125,400.7994995117188,349.3620910644531,0.0023294573184102
tile_r017763_c010851,3,256.46533203125,518.3056640625,324.35479736328125,524.7999877929688,0.0022944021038711
tile_r017763_c010851,3,390.9142150878906,520.9005126953125,452.9331665039063,524.7999877929688,0.0022889040410518
tile_r017763_c010851,3,267.782470703125,518.8324584960938,335.2942810058594,524.7999877929688,0.0022801351733505
tile_r017763_c010851,3,196.17333984375,-12.800000190734863,265.18731689453125,2.583683729171753,0.0022785649634897
tile_r017763_c010851,3,294.43560791015625,323.55078125,325.0286560058594,351.6250915527344,0.0022477316670119
tile_r017763_c010851,3,358.71063232421875,-12.800000190734863,432.995849609375,4.180746555328369,0.0021787602454423
tile_r017763_c010851,3,229.18017578125,-0.275949090719223,267.30859375,17.377002716064453,0.0021742533426731
tile_r017763_c010851,3,398.5238342285156,210.2313537597656,453.3294067382813,264.4756774902344,0.0021530799567699
tile_r017763_c010851,3,488.8221740722656,495.1905212402344,515.0895385742188,514.7081298828125,0.0021373904310166
tile_r017763_c010851,3,398.7620239257813,-12.800000190734863,478.4033203125,1.408087134361267,0.0021352223120629
tile_r017763_c010851,3,305.46685791015625,260.1139221191406,352.0274963378906,298.5042419433594,0.0021309521980583
tile_r017763_c010851,3,38.98369216918945,240.7705993652344,76.52020263671875,272.19903564453125,0.0021037352271378
tile_r017763_c010851,3,32.752662658691406,246.0812225341797,59.3807487487793,271.95074462890625,0.0020809972193092
tile_r017763_c010851,3,487.564208984375,483.8565368652344,513.5679931640625,515.0343017578125,0.0020375892054289
tile_r017763_c010851,3,426.0840759277344,-0.6192626953125,472.7643432617188,13.219390869140623,0.0019818905275315
tile_r017763_c010851,3,22.7973690032959,225.09683227539065,87.84547424316406,293.21856689453125,0.0019642594270408
tile_r017763_c010851,3,15.013562202453612,513.8546142578125,78.26387786865234,523.8547973632812,0.0019268740434199
tile_r017763_c010851,3,351.03497314453125,-5.074899196624756,401.8489685058594,10.208892822265623,0.0019244747236371
tile_r017763_c010851,3,47.29853439331055,504.0936584472656,112.56561279296876,512.68896484375,0.0018539945594966
tile_r017763_c010851,3,292.1702880859375,517.9501953125,359.7714538574219,524.7999877929688,0.0017739909235388
tile_r017763_c010851,3,13.430496215820312,502.13287353515625,82.82234191894531,514.1060180664062,0.0017688070656731
tile_r017763_c010851,3,90.4612045288086,521.8472290039062,146.63265991210938,524.7999877929688,0.0017679493175819
tile_r017763_c010851,3,7.316979885101318,514.21923828125,65.42799377441406,523.6032104492188,0.0017601085128262
tile_r017763_c010851,3,25.49078369140625,513.7341918945312,91.76750183105467,523.9813232421875,0.0017580847488716
tile_r017763_c010851,3,459.15179443359375,522.33154296875,522.8702392578125,524.7999877929688,0.0017165574245154
tile_r017763_c010851,3,217.3810577392578,-5.122430324554443,276.08233642578125,14.385418891906738,0.0016986496048048
tile_r017763_c010851,3,352.17315673828125,415.560546875,375.3210754394531,440.0787963867188,0.0016592795727774
tile_r017763_c010851,3,42.117958068847656,514.0802001953125,103.47599792480467,523.8840942382812,0.0016510314308106
tile_r017763_c010851,3,189.39920043945312,520.4991455078125,252.0758819580078,524.7999877929688,0.0016475478187203
tile_r017763_c010851,3,51.94707107543945,92.50300598144533,87.17243957519531,130.3605499267578,0.0016099825734272
tile_r017763_c010851,3,415.139892578125,-5.578286647796631,474.0641174316406,5.562582492828369,0.0016068713739514
tile_r017763_c010851,3,418.1070861816406,-12.63654327392578,499.48187255859375,2.1963119506835938,0.001575487316586
tile_r017763_c010851,3,212.6928253173828,520.1643676757812,277.5443725585937,524.7999877929688,0.001569116488099
tile_r017763_c010851,3,351.99774169921875,-0.9144828915596008,400.1412048339844,14.278600692749023,0.0015603601932525
tile_r017763_c010851,3,511.5423889160156,479.3960876464844,523.9114990234375,518.0826416015625,0.0015490663936361
tile_r017763_c010851,3,510.5294494628906,485.7743225097656,524.3998413085938,524.7999877929688,0.0015469954814761
tile_r017763_c010851,3,487.3153381347656,450.3563537597656,515.5157470703125,517.1669921875,0.001539391814731
tile_r017763_c010851,3,97.8108367919922,503.2476501464844,138.09780883789062,512.6097412109375,0.0015286017442122
tile_r017763_c010851,3,499.4000549316406,473.0040588378906,523.1338500976562,517.3209228515625,0.0015285187400877
tile_r017763_c010851,3,200.46728515625,520.4908447265625,263.313232421875,524.7999877929688,0.0015102595789358
tile_r017763_c010851,3,33.122596740722656,521.3069458007812,96.06282806396484,524.7999877929688,0.001500331913121
tile_r017763_c010851,3,-5.941015720367432,521.9049682617188,55.78350830078125,524.7999877929688,0.0014888530131429
tile_r017763_c010851,3,-10.865200996398926,-7.696990966796875,30.046436309814453,51.502044677734375,0.0014543833676725
tile_r017763_c010851,3,395.1839294433594,499.3998107910156,467.1814880371094,514.109375,0.0014360859058797
tile_r017763_c010851,3,449.2897338867188,-5.700472354888916,510.7626037597656,6.352853298187256,0.0014356510946527
tile_r017763_c010851,3,-0.1402816772460937,0.0741699188947677,36.785789489746094,40.98173904418945,0.0014255952555686
tile_r017763_c010851,3,520.9396362304688,482.259765625,524.7896728515625,524.7999877929688,0.0014150807401165
tile_r017763_c010851,3,55.850196838378906,141.34390258789062,108.4269561767578,183.45474243164065,0.0013598256045952
tile_r017763_c010851,3,407.705078125,436.1378784179688,489.52783203125,508.515625,0.001351595739834
tile_r017763_c010851,3,57.827613830566406,513.8309936523438,116.18522644042967,524.0239868164062,0.001349844969809
tile_r017763_c010851,3,243.160400390625,518.6137084960938,310.0992736816406,524.7999877929688,0.0013333801180124
tile_r017763_c010851,3,48.15518951416016,44.53288650512695,85.188720703125,90.8598175048828,0.0013293345691636
tile_r017763_c010851,3,453.2067260742188,498.2941284179688,519.56005859375,521.6533203125,0.0013159391237422
tile_r017763_c010851,3,305.4161071777344,518.9251708984375,371.154296875,524.7999877929688,0.0012968396767973
tile_r017763_c010851,3,51.5693588256836,57.50901412963867,69.8191146850586,79.49620819091797,0.0012945591006428
tile_r017763_c010851,3,366.98681640625,520.3316650390625,429.8490295410156,524.7999877929688,0.0012765415012836
tile_r017763_c010851,3,238.9416961669922,-4.782907009124756,290.9951171875,7.300741672515869,0.0012729580048471
tile_r017763_c010851,3,425.0403442382813,168.6790313720703,457.4364318847656,198.8580322265625,0.0012697229394689
tile_r017763_c010851,3,358.290283203125,300.6659545898437,446.2019958496094,374.6832580566406,0.0012695693876594
tile_r017763_c010851,3,224.8107452392578,519.6151123046875,290.161376953125,524.7999877929688,0.0012664546957239
tile_r017763_c010851,3,326.52801513671875,-1.321479082107544,369.8673706054688,13.239593505859377,0.0012634461745619
tile_r017763_c010851,3,432.7283630371094,454.40045166015625,477.0660705566406,495.013427734375,0.0012541374890133
tile_r017763_c010851,3,512.3328857421875,346.0484313964844,524.7999877929688,413.4474182128906,0.0012457483680918
tile_r017763_c010851,3,441.2301635742188,-12.69929027557373,506.2266540527344,-7.175490379333496,0.0011885002022609
tile_r017763_c010851,3,288.55328369140625,37.50531005859375,348.3160705566406,100.0992660522461,0.0011846799170598
tile_r017763_c010851,3,18.569067001342773,211.3339385986328,84.26466369628906,279.4344787597656,0.0011761838104575
tile_r017763_c010851,3,228.02783203125,-1.543609619140625,276.6341857910156,24.728694915771484,0.0011698227608576
tile_r017763_c010851,3,400.7214965820313,521.338623046875,464.9595642089844,524.7999877929688,0.001160922111012
tile_r017763_c010851,3,-10.797266006469728,-12.800000190734863,33.6180305480957,30.885089874267575,0.0011522537097334
tile_r017763_c010851,3,268.56842041015625,-1.069422960281372,311.1654663085937,27.319799423217773,0.0011520941043272
tile_r017763_c010851,3,300.55426025390625,54.099220275878906,337.4130859375,82.0864486694336,0.0011269383830949
tile_r017763_c010851,3,73.30284118652344,514.1807250976562,129.46299743652344,524.0404663085938,0.0010970984585583
tile_r017763_c010851,3,234.198486328125,-12.800000190734863,310.810302734375,2.470690965652466,0.0010869777761399
tile_r017763_c010851,3,424.6136779785156,-12.71630573272705,487.2898559570313,-7.113423824310303,0.001086595817469
tile_r017763_c010851,3,520.8689575195312,314.98516845703125,524.7999877929688,376.6008911132813,0.001081449445337
tile_r017763_c010851,3,67.52639770507812,503.70697021484375,130.6841583251953,513.0864868164062,0.0010723364539444
tile_r017763_c010851,3,75.95210266113281,521.4185791015625,131.9653778076172,524.7999877929688,0.0010641985572874
tile_r017763_c010851,3,403.7926330566406,-0.23541259765625,456.6647033691406,12.916784286499023,0.0010589951416477
tile_r017763_c010851,3,302.38397216796875,253.614013671875,362.4944763183594,302.4293518066406,0.0010546845151111
tile_r017763_c010851,3,242.5760498046875,-1.3224395513534546,297.16827392578125,24.969913482666016,0.0010472883004695
tile_r017763_c010851,3,403.0597534179688,515.32275390625,463.0744018554688,524.1506958007812,0.0010465043596923
tile_r017763_c010851,3,123.443115234375,101.7239227294922,202.134765625,194.01284790039065,0.0010448705870658
tile_r017763_c010851,3,276.47088623046875,514.0725708007812,370.4432678222656,524.73095703125,0.0010437155142426
tile_r017763_c010851,3,367.16058349609375,-6.005055904388428,425.6643676757813,7.466104030609131,0.0010291100479662
tile_r017763_c010851,3,520.1473999023438,331.47186279296875,524.6939697265625,388.7707214355469,0.0010262164287269
tile_r017763_c010851,3,239.30343627929688,-12.714925765991213,297.95782470703125,-7.765772819519043,0.0010246133897453
tile_r017763_c010851,3,181.62744140625,-12.53046989440918,258.646484375,1.3441375494003296,0.0010235947556793
tile_r017763_c010851,3,51.513648986816406,519.6846923828125,112.8485107421875,524.7999877929688,0.0010224237339571
tile_r017763_c010851,3,38.04190826416016,78.3879623413086,95.27262878417967,140.9032440185547,0.0010024976218119
tile_r017763_c011107,3,224.1224822998047,344.67218017578125,273.66656494140625,395.0731506347656,0.8131228685379028
tile_r017763_c011107,3,159.691650390625,440.7418823242188,223.8192901611328,498.3123168945313,0.7959297299385071
tile_r017763_c011107,3,149.603515625,214.9954071044922,190.6990966796875,255.4755859375,0.7891873121261597
tile_r017763_c011107,3,85.20846557617188,79.59790802001953,137.8109588623047,126.143798828125,0.7821938395500183
tile_r017763_c011107,3,193.4482879638672,142.66571044921875,227.4589385986328,173.74893188476562,0.7774971723556519
tile_r017763_c011107,3,476.3927612304688,183.02032470703125,514.4088134765625,224.6934509277344,0.7594108581542969
tile_r017763_c011107,3,113.86515808105467,17.1661434173584,154.64578247070312,57.3676872253418,0.7574934363365173
tile_r017763_c011107,3,165.90042114257812,166.10855102539062,208.2039794921875,210.35073852539065,0.7555660009384155
tile_r017763_c011107,3,38.37202453613281,51.097618103027344,82.17304992675781,85.80142974853516,0.7545075416564941
tile_r017763_c011107,3,109.1996612548828,311.4081420898437,178.693603515625,366.615478515625,0.7310025691986084
tile_r017763_c011107,3,462.4791564941406,84.14735412597656,492.2632446289063,113.41748046875,0.7256408333778381
tile_r017763_c011107,3,-0.1966430693864822,157.49618530273438,57.023582458496094,207.124755859375,0.6969072222709656
tile_r017763_c011107,3,383.0713195800781,429.1311645507813,418.0005798339844,460.5198364257813,0.6780209541320801
tile_r017763_c011107,3,336.25732421875,367.4807739257813,361.42620849609375,390.7584533691406,0.6649640798568726
tile_r017763_c011107,3,244.4630126953125,123.0325164794922,276.21197509765625,154.9836883544922,0.5760442614555359
tile_r017763_c011107,3,35.91150665283203,319.4502868652344,77.15769958496094,354.419921875,0.5490313768386841
tile_r017763_c011107,3,235.01480102539065,494.7586059570313,279.70318603515625,513.2279052734375,0.3532221019268036
tile_r017763_c011107,3,495.8506774902344,104.0506820678711,512.7703247070312,131.7500457763672,0.2967292070388794
tile_r017763_c011107,3,233.1630401611328,490.0033264160156,283.16656494140625,512.7735595703125,0.1572376191616058
tile_r017763_c011107,3,93.18672943115234,412.5994567871094,123.52628326416016,440.299072265625,0.1521424353122711
tile_r017763_c011107,3,332.4677734375,365.94189453125,363.1897583007813,394.0188598632813,0.0691024214029312
tile_r017763_c011107,3,505.645751953125,91.80378723144533,520.0650024414062,135.2293701171875,0.0505691096186637
tile_r017763_c011107,3,32.63595962524414,315.79376220703125,81.60932922363281,359.40203857421875,0.0273059848695993
tile_r017763_c011107,3,460.7118225097656,82.57404327392578,496.31884765625,118.6366958618164,0.0248271711170673
tile_r017763_c011107,3,33.429718017578125,47.3862419128418,85.21656799316406,90.70111083984376,0.0219230502843856
tile_r017763_c011107,3,-0.0583984367549419,161.72653198242188,49.89962768554688,200.8778381347656,0.0162468720227479
tile_r017763_c011107,3,128.1183624267578,325.2806396484375,176.4669647216797,362.1316528320313,0.0154999876394867
tile_r017763_c011107,3,240.90182495117188,118.98411560058594,278.6873779296875,159.49537658691406,0.0148857980966568
tile_r017763_c011107,3,379.8092651367188,425.0817260742188,421.6680603027344,462.7180786132813,0.0147583493962883
tile_r017763_c011107,3,93.50750732421876,407.0866088867188,129.44439697265625,442.9447326660156,0.0140599515289068
tile_r017763_c011107,3,250.0787048339844,127.36383056640624,275.29754638671875,153.07823181152344,0.0137752415612339
tile_r017763_c011107,3,1.6836624145507812,-3.5735716819763184,30.50214195251465,8.210855484008789,0.0109395822510123
tile_r017763_c011107,3,224.3119201660156,498.0774536132813,282.58251953125,522.2063598632812,0.0097391298040747
tile_r017763_c011107,3,1.659875512123108,0.3153930604457855,30.172765731811523,15.814740180969238,0.0093015106394886
tile_r017763_c011107,3,110.9835968017578,12.63018798828125,160.218994140625,62.37238311767578,0.0089987674728035
tile_r017763_c011107,3,226.37014770507807,476.2430114746094,290.20465087890625,511.9087524414063,0.0088886832818388
tile_r017763_c011107,3,495.8439331054688,98.9833984375,515.8792724609375,137.2540283203125,0.0085283005610108
tile_r017763_c011107,3,333.9034118652344,369.2495727539063,356.90887451171875,389.600830078125,0.0083493646234273
tile_r017763_c011107,3,230.1898956298828,486.0634765625,288.0413513183594,514.3768310546875,0.0076645943336188
tile_r017763_c011107,3,196.07192993164065,146.16957092285156,224.024658203125,172.38172912597656,0.0069651342928409
tile_r017763_c011107,3,-0.7664810419082642,-4.845828056335449,44.5654296875,8.894503593444824,0.0059760375879704
tile_r017763_c011107,3,196.61572265625,0.3607818484306335,249.755859375,13.216583251953123,0.0058585363440215
tile_r017763_c011107,3,499.5166931152344,102.6613311767578,512.9807739257812,130.0286407470703,0.0057333693839609
tile_r017763_c011107,3,463.97900390625,163.68954467773438,483.7743225097656,182.9422912597656,0.0057305507361888
tile_r017763_c011107,3,114.4188461303711,319.35919189453125,173.71731567382812,363.6932067871094,0.0049478681758046
tile_r017763_c011107,3,512.7498168945312,82.40817260742188,521.943359375,144.9540252685547,0.0037392212543636
tile_r017763_c011107,3,163.14990234375,149.50894165039062,218.2120056152344,215.7368621826172,0.0037257669027894
tile_r017763_c011107,3,91.6187973022461,400.982666015625,139.4286346435547,445.49798583984375,0.0036576008424162
tile_r017763_c011107,3,228.4709930419922,349.04510498046875,267.8412475585937,392.3469848632813,0.0034485070500522
tile_r017763_c011107,3,165.48074340820312,448.016845703125,219.8811492919922,495.2472229003906,0.0034165498800575
tile_r017763_c011107,3,168.18045043945312,167.50271606445312,205.2508544921875,202.7848358154297,0.0031759403645992
tile_r017763_c011107,3,185.82260131835935,-0.3385650515556335,240.098388671875,13.392450332641602,0.0031737266108393
tile_r017763_c011107,3,109.3652572631836,314.96002197265625,151.7164306640625,353.3118591308594,0.0030715197790414
tile_r017763_c011107,3,488.7381896972656,175.68865966796875,523.7102661132812,230.3742218017578,0.0029960132669657
tile_r017763_c011107,3,38.37583541870117,323.97088623046875,68.94136047363281,351.56610107421875,0.0029337059240788
tile_r017763_c011107,3,403.4240112304688,176.7324981689453,427.8527221679688,198.7374267578125,0.0028714055661112
tile_r017763_c011107,3,179.96160888671875,-5.136343479156494,242.8495178222656,5.670815944671631,0.0028563847299665
tile_r017763_c011107,3,461.75091552734375,79.04253387451172,506.0203552246094,124.7352523803711,0.0025399110745638
tile_r017763_c011107,3,141.7482452392578,-12.769325256347656,223.2334442138672,1.1703704595565796,0.0025308704935014
tile_r017763_c011107,3,78.2133560180664,69.66947174072266,146.55526733398438,139.30743408203125,0.0024590890388935
tile_r017763_c011107,3,135.8363494873047,521.0340576171875,197.24807739257807,524.7999877929688,0.0023826768156141
tile_r017763_c011107,3,514.5502319335938,89.55557250976562,522.3709716796875,138.8730010986328,0.0023496164940297
tile_r017763_c011107,3,204.53939819335935,522.1803588867188,279.11285400390625,524.7999877929688,0.0022943245712667
tile_r017763_c011107,3,373.3832092285156,420.7232360839844,424.45068359375,472.32568359375,0.0022901697084307
tile_r017763_c011107,3,170.0231475830078,-0.1070289611816406,217.55160522460935,13.241622924804688,0.0022832551039755
tile_r017763_c011107,3,102.9127960205078,-12.800000190734863,177.80038452148438,3.5398223400115967,0.0022577624768018
tile_r017763_c011107,3,207.7983856201172,507.5275268554688,285.5833435058594,516.3937377929688,0.0022212520707398
tile_r017763_c011107,3,338.63140869140625,126.1943359375,435.63519287109375,227.0417938232422,0.0020574831869453
tile_r017763_c011107,3,12.469632148742676,519.2210693359375,79.6378173828125,524.7999877929688,0.0020567001774907
tile_r017763_c011107,3,2.014324903488159,518.8165893554688,68.96957397460938,524.7999877929688,0.0020197394769638
tile_r017763_c011107,3,95.635498046875,-4.951995849609375,146.39599609375,9.632779121398926,0.0019958785269409
tile_r017763_c011107,3,157.9051971435547,-5.200778007507324,218.6707000732422,5.041259765625,0.0019910053815692
tile_r017763_c011107,3,405.8352661132813,178.1489715576172,425.8248901367188,196.076904296875,0.0019843319896608
tile_r017763_c011107,3,208.618408203125,0.4766998291015625,257.71734619140625,13.559741020202637,0.0019054989097639
tile_r017763_c011107,3,142.6399688720703,210.09619140625,197.3426055908203,264.634033203125,0.0019037185702472
tile_r017763_c011107,3,211.2849578857422,499.1393432617188,286.9002990722656,524.1885986328125,0.0018446495523676
tile_r017763_c011107,3,35.94975662231445,518.1038208007812,103.6482391357422,524.7999877929688,0.001827671425417
tile_r017763_c011107,3,339.40655517578125,522.0279541015625,398.4363403320313,524.7999877929688,0.0018268062267452
tile_r017763_c011107,3,399.1346740722656,337.8798217773437,415.93310546875,352.0243225097656,0.001741154352203
tile_r017763_c011107,3,217.5765380859375,338.853271484375,281.4475402832031,401.66448974609375,0.0017324736109003
tile_r017763_c011107,3,160.40621948242188,-12.44911766052246,244.785400390625,1.9324127435684204,0.001730206538923
tile_r017763_c011107,3,96.5973663330078,415.7764587402344,119.2840347290039,439.82958984375,0.0017179831629619
tile_r017763_c011107,3,456.5704650878906,-12.573179244995115,520.5101318359375,0.9175094366073608,0.0016804815968498
tile_r017763_c011107,3,44.8709602355957,54.0850830078125,81.252197265625,81.88960266113281,0.0016686829039826
tile_r017763_c011107,3,520.4779052734375,76.84137725830078,524.7066650390625,138.7239532470703,0.0016382875619456
tile_r017763_c011107,3,42.7789306640625,257.73309326171875,93.58927917480467,298.61865234375,0.0016210357425734
tile_r017763_c011107,3,30.805099487304688,393.9937133789063,93.9982452392578,467.71099853515625,0.0015877133700996
tile_r017763_c011107,3,519.6622314453125,86.33992767333984,524.3145751953125,145.17860412597656,0.0015859237173572
tile_r017763_c011107,3,221.7567443847656,522.6165771484375,286.8421936035156,524.7999877929688,0.0015471957158297
tile_r017763_c011107,3,1.1589996814727783,-3.759138584136963,26.85423851013184,12.664054870605469,0.0015314207412302
tile_r017763_c011107,3,510.3092651367188,92.9905776977539,523.8180541992188,136.60635375976562,0.0015131025575101
tile_r017763_c011107,3,96.5069580078125,-0.7962120175361633,144.54299926757812,14.01955223083496,0.0014560740673914
tile_r017763_c011107,3,139.6083526611328,499.4673767089844,211.1958770751953,513.9978637695312,0.0014488843735307
tile_r017763_c011107,3,240.444091796875,50.386451721191406,396.08148193359375,194.0033264160156,0.0013753853272646
tile_r017763_c011107,3,111.9620361328125,-5.66161060333252,170.5170440673828,7.011659145355225,0.0013649383326992
tile_r017763_c011107,3,176.69119262695312,454.71240234375,220.9203186035156,494.8849487304688,0.0013547429116442
tile_r017763_c011107,3,396.1149597167969,336.9479064941406,412.7586975097656,353.2835998535156,0.0013326938496902
tile_r017763_c011107,3,-4.953381538391113,149.12960815429688,67.2968978881836,218.8942413330078,0.0013247447786852
tile_r017763_c011107,3,48.72712326049805,518.8419189453125,115.1423568725586,524.7999877929688,0.001323707983829
tile_r017763_c011107,3,151.8546600341797,436.3799743652344,233.41329956054688,508.2391662597656,0.0013222999405115
tile_r017763_c011107,3,396.2701110839844,332.6535339355469,414.0941467285156,351.6754150390625,0.0012851138599216
tile_r017763_c011107,3,351.57391357421875,88.39427185058594,370.8475036621094,104.74176025390624,0.0012769245076924
tile_r017763_c011107,3,393.3864135742188,199.7415008544922,413.16259765625,212.5447235107422,0.0012663967208936
tile_r017763_c011107,3,335.0849609375,501.2522888183594,385.9584045410156,513.020751953125,0.0012643659720197
tile_r017763_c011107,3,331.0152587890625,361.37310791015625,366.1671752929688,398.3709106445313,0.0012510903179645
tile_r017763_c011107,3,110.51570129394533,520.2635498046875,173.93923950195312,524.7999877929688,0.0012484554899856
tile_r017763_c011107,3,365.8753662109375,21.73516845703125,494.7144470214844,141.8057861328125,0.0012351407203823
tile_r017763_c011107,3,474.6613159179688,0.3005401492118835,519.3460693359375,12.909616470336914,0.0012287215795367
tile_r017763_c011107,3,7.091540336608887,-1.2326186895370483,54.893341064453125,28.130590438842773,0.0012243743985891
tile_r017763_c011107,3,102.4355239868164,300.6729431152344,190.0264892578125,374.4630737304688,0.0012218585470691
tile_r017763_c011107,3,352.8809509277344,497.58447265625,391.012451171875,513.5818481445312,0.0012200750643387
tile_r017763_c011107,3,414.2537231445313,385.62347412109375,439.1134643554688,409.5411987304688,0.0012030320940539
tile_r017763_c011107,3,144.98739624023438,521.3741455078125,208.4818115234375,524.7999877929688,0.0012005063472315
tile_r017763_c011107,3,356.30059814453125,8.87162971496582,405.7412109375,59.32861328125,0.0011954284273087
tile_r017763_c011107,3,16.4833984375,411.8331604003906,99.46646881103516,509.0968322753906,0.0011868870351463
tile_r017763_c011107,3,289.042724609375,516.4036865234375,344.34332275390625,524.7999877929688,0.0011857021600008
tile_r017763_c011107,3,514.0768432617188,124.2545166015625,524.35400390625,173.8694610595703,0.001180053805001
tile_r017763_c011107,3,149.0188446044922,0.2942840456962585,201.7099609375,12.889803886413574,0.0011727644596248
tile_r017763_c011107,3,391.3087463378906,202.666015625,411.1793518066406,217.47866821289065,0.0011675667483359
tile_r017763_c011107,3,200.6980438232422,514.495361328125,276.73992919921875,524.7999877929688,0.0011661790776997
tile_r017763_c011107,3,109.49464416503906,0.5512756109237671,155.71636962890625,14.223401069641112,0.0011594439856708
tile_r017763_c011107,3,0.638476550579071,0.0097015378996729,47.92083740234375,16.622976303100586,0.001152878976427
tile_r017763_c011107,3,506.11962890625,174.0789337158203,524.6707763671875,235.9442138671875,0.0011516957310959
tile_r017763_c011107,3,84.4908676147461,401.8802795410156,125.7480697631836,448.8346557617188,0.0011428886791691
tile_r017763_c011107,3,243.9555206298828,498.4154357910156,325.1310119628906,524.7999877929688,0.0011362408986315
tile_r017763_c011107,3,518.7108154296875,89.85880279541016,523.9710693359375,149.60374450683594,0.0011237084399908
tile_r017763_c011107,3,111.10911560058594,315.8902893066406,143.68313598632812,347.1703491210937,0.0011194363469257
tile_r017763_c011107,3,31.18355369567871,38.22998046875,92.04307556152344,100.8704833984375,0.001113835372962
tile_r017763_c011107,3,167.26840209960938,-12.700345039367676,231.7834014892578,-7.190874576568604,0.0011084841098636
tile_r017763_c011107,3,512.9510498046875,99.8137664794922,524.7999877929688,154.681640625,0.0011068154126405
tile_r017763_c011107,3,150.72280883789062,-12.737359046936035,206.03793334960935,-7.474238395690918,0.0011007146677002
tile_r017763_c011107,3,41.4384765625,405.9275512695313,95.4711685180664,472.3761596679688,0.0010994954500347
tile_r017763_c011107,3,15.684359550476074,86.25114440917969,70.81292724609375,147.1499786376953,0.0010979290818795
tile_r017763_c011107,3,239.9237365722656,213.8890380859375,259.47100830078125,229.4876708984375,0.0010893635917454
tile_r017763_c011107,3,-9.244745254516602,519.1337890625,55.01483154296875,524.7999877929688,0.0010823517804965
tile_r017763_c011107,3,461.458984375,86.42620849609375,486.31640625,110.15035247802734,0.0010820032330229
tile_r017763_c011107,3,135.743896484375,-0.0553581230342388,192.9653778076172,13.196698188781738,0.0010766935301944
tile_r017763_c011107,3,351.8378295898437,520.3350830078125,410.0843200683594,524.7999877929688,0.0010627441806718
tile_r017763_c011107,3,210.6685028076172,510.6682739257813,285.88623046875,515.4329223632812,0.0010503713274374
tile_r017763_c011107,3,147.3352813720703,515.2432861328125,206.34310913085935,524.0397338867188,0.0010471435962244
tile_r017763_c011107,3,186.1134796142578,-12.663556098937988,270.24200439453125,1.350622534751892,0.0010377725120633
tile_r017763_c011107,3,348.9693603515625,88.98465728759766,366.42474365234375,105.62642669677734,0.0010292639490216
tile_r017763_c011107,3,348.5149841308594,500.022705078125,385.3092346191406,513.078369140625,0.0010284092277288
tile_r017763_c011107,3,457.6739196777344,521.0685424804688,522.1749877929688,524.7999877929688,0.0010225913720205
tile_r017763_c011107,3,124.43977355957033,-12.636451721191406,210.7164306640625,1.0456726551055908,0.0010181162506341
tile_r017763_c011107,3,467.7630920410156,74.05342102050781,511.6982421875,135.2328338623047,0.0010150567395612
tile_r017763_c011107,3,71.70997619628906,-1.6003410816192627,113.51602935791016,13.0718994140625,0.0010114593897014
tile_r017763_c011107,3,62.63859939575195,519.1911010742188,127.91691589355467,524.7999877929688,0.001009062398225
tile_r017763_c011363,3,387.0086975097656,309.7158508300781,434.5354614257813,360.04364013671875,0.8584517240524292
tile_r017763_c011363,3,354.1205139160156,270.6620483398437,393.04833984375,309.8358459472656,0.8118110299110413
tile_r017763_c011363,3,364.2587890625,41.88338470458984,406.2562561035156,80.04166412353516,0.7766717672348022
tile_r017763_c011363,3,411.7467346191406,166.36831665039062,454.093505859375,204.6781311035156,0.7748674154281616
tile_r017763_c011363,3,218.6340789794922,180.01815795898438,278.9043884277344,229.06185913085935,0.7448824644088745
tile_r017763_c011363,3,448.7298889160156,97.5168685913086,496.7024536132813,144.3331298828125,0.7439242005348206
tile_r017763_c011363,3,337.824951171875,237.099853515625,384.512451171875,277.5101928710937,0.7298706769943237
tile_r017763_c011363,3,239.6024932861328,94.0621566772461,283.41461181640625,134.6534881591797,0.7186331748962402
tile_r017763_c011363,3,205.8343963623047,83.58158874511719,237.4512481689453,114.75732421875,0.6809746026992798
tile_r017763_c011363,3,80.56863403320312,367.7149963378906,105.2637939453125,390.48822021484375,0.6738231778144836
tile_r017763_c011363,3,127.1543426513672,429.16162109375,161.94046020507812,460.4940490722656,0.6645792722702026
tile_r017763_c011363,3,320.246826171875,0.128204345703125,356.5636291503906,27.45624351501465,0.5731207132339478
tile_r017763_c011363,3,375.0174865722656,351.443359375,412.8949279785156,390.4073181152344,0.5087838172912598
tile_r017763_c011363,3,452.14349365234375,410.4645385742188,488.22161865234375,443.8792114257813,0.4557841122150421
tile_r017763_c011363,3,0.8275176882743835,124.8736801147461,19.615137100219727,159.0248565673828,0.2487971186637878
tile_r017763_c011363,3,296.3775634765625,300.3043518066406,320.9667358398437,324.220947265625,0.2194622904062271
tile_r017763_c011363,3,0.322866827249527,496.3138732910156,23.050222396850582,513.4744262695312,0.1867004930973053
tile_r017763_c011363,3,378.0993041992188,353.1488647460937,409.5516052246094,385.03216552734375,0.1055494248867034
tile_r017763_c011363,3,76.47297668457031,366.2605590820313,107.1666030883789,393.7977600097656,0.0683120191097259
tile_r017763_c011363,3,213.7775421142578,174.75503540039062,283.36834716796875,235.5131378173828,0.0637085363268852
tile_r017763_c011363,3,123.8124008178711,426.8766479492188,164.9187469482422,465.1868286132813,0.0636496171355247
tile_r017763_c011363,3,460.5588989257813,501.3003845214844,513.9425048828125,512.9660034179688,0.031177069991827
tile_r017763_c011363,3,371.56939697265625,348.69195556640625,416.23931884765625,396.837646484375,0.0307532325387001
tile_r017763_c011363,3,0.84588623046875,494.09674072265625,26.1917781829834,516.0527954101562,0.0306724067777395
tile_r017763_c011363,3,326.10797119140625,1.8606078624725344,353.8631286621094,25.2774658203125,0.0291987415403127
tile_r017763_c011363,3,203.453369140625,79.94830322265625,241.92691040039065,119.72132873535156,0.028076883405447
tile_r017763_c011363,3,334.15802001953125,232.0854949951172,389.69189453125,282.38873291015625,0.0214224122464656
tile_r017763_c011363,3,235.52780151367188,89.29936218261719,290.0972900390625,139.8074188232422,0.0147678721696138
tile_r017763_c011363,3,380.0470581054688,310.0057983398437,434.0430603027344,372.6970520019531,0.0128826219588518
tile_r017763_c011363,3,294.6344299316406,295.66241455078125,325.697265625,325.52587890625,0.0127444742247462
tile_r017763_c011363,3,347.44512939453125,250.56198120117188,394.3800354003906,312.34332275390625,0.0126274349167943
tile_r017763_c011363,3,448.6653442382813,405.69580078125,491.8584899902344,447.4851684570313,0.0106894709169864
tile_r017763_c011363,3,359.7650451660156,37.88456344604492,410.3078002929688,85.09304809570312,0.0105315903201699
tile_r017763_c011363,3,77.95416259765625,369.4519653320313,100.742919921875,389.4505920410156,0.010061664506793
tile_r017763_c011363,3,220.957275390625,184.14498901367188,272.7164611816406,222.50296020507807,0.0074460888281464
tile_r017763_c011363,3,0.7066802978515625,351.22930908203125,17.684717178344727,390.8318481445313,0.0072069726884365
tile_r017763_c011363,3,388.7391662597656,502.3220825195313,453.3164978027344,513.1888427734375,0.0067715398035943
tile_r017763_c011363,3,-4.526098728179932,491.2842712402344,37.14392852783203,515.0616455078125,0.005917171947658
tile_r017763_c011363,3,315.62921142578125,-1.883251905441284,359.04962158203125,33.661468505859375,0.0051687732338905
tile_r017763_c011363,3,-4.155449867248535,116.2747802734375,8.2974853515625,160.2604522705078,0.0043923677876591
tile_r017763_c011363,3,0.8785613775253296,341.6381225585937,14.847521781921388,393.5636291503906,0.0043619307689368
tile_r017763_c011363,3,-9.813369750976562,112.8908920288086,22.232421875,160.867919921875,0.004313332028687
tile_r017763_c011363,3,369.676513671875,308.0238342285156,434.5138244628906,394.3429260253906,0.0042572706006467
tile_r017763_c011363,3,1.16119384765625,351.4324645996094,13.009765625,390.27349853515625,0.0040256697684526
tile_r017763_c011363,3,0.999975562095642,355.6210021972656,11.080804824829102,387.6071166992188,0.0037157568149268
tile_r017763_c011363,3,391.12213134765625,513.6961059570312,461.8329162597656,523.6961059570312,0.0033257594332098
tile_r017763_c011363,3,369.1549682617188,338.89678955078125,422.2330017089844,399.4344787597656,0.0032577533274888
tile_r017763_c011363,3,469.5084838867188,498.287109375,514.26513671875,512.8063354492188,0.0031441748142242
tile_r017763_c011363,3,454.8062438964844,86.19828033447266,478.4501953125,105.14115142822266,0.0028999969363212
tile_r017763_c011363,3,384.8543090820313,505.0780334472656,445.6289978027344,513.50634765625,0.0028601218946278
tile_r017763_c011363,3,378.2693481445313,513.7667236328125,439.62744140625,523.1901245117188,0.002854706486687
tile_r017763_c011363,3,394.384033203125,503.3577270507813,465.841064453125,512.85791015625,0.0027780977543443
tile_r017763_c011363,3,455.1488342285156,522.5398559570312,521.2298583984375,524.7999877929688,0.0027187864761799
tile_r017763_c011363,3,373.9059143066406,514.724609375,431.0584411621094,523.6031494140625,0.0026988678146153
tile_r017763_c011363,3,448.6033325195313,514.2255859375,509.7843627929688,523.5460815429688,0.0026008624117821
tile_r017763_c011363,3,453.4961853027344,100.2654037475586,492.3746948242188,140.3693084716797,0.0025258641690015
tile_r017763_c011363,3,466.5421447753906,486.6615295410156,515.7301025390625,513.9156494140625,0.0025174994952976
tile_r017763_c011363,3,0.592144787311554,489.5631408691406,29.6464900970459,513.3084716796875,0.0024215208832174
tile_r017763_c011363,3,148.58700561523438,176.7734375,173.232421875,198.0158233642578,0.0024115315172821
tile_r017763_c011363,3,275.985107421875,-0.277862548828125,331.895751953125,13.539074897766112,0.0023629665374755
tile_r017763_c011363,3,247.59375,0.3394927978515625,283.1739196777344,15.379305839538574,0.0023035409394651
tile_r017763_c011363,3,243.5996551513672,97.7747573852539,279.826904296875,131.7974090576172,0.0023011236917227
tile_r017763_c011363,3,368.9022521972656,508.31097412109375,455.5264587402344,521.9713134765625,0.0022850381210446
tile_r017763_c011363,3,443.645263671875,397.2762145996094,495.321044921875,449.33148193359375,0.0022716452367603
tile_r017763_c011363,3,438.138671875,87.26323699951172,506.6281127929688,153.9853973388672,0.0022434401325881
tile_r017763_c011363,3,252.5858459472656,-12.752595901489258,333.4286193847656,1.392115831375122,0.0022411015816032
tile_r017763_c011363,3,405.5572814941406,513.47900390625,481.86029052734375,524.7999877929688,0.0022211137693375
tile_r017763_c011363,3,117.31385803222656,420.6780395507813,168.82737731933594,472.4172973632813,0.0021486997138708
tile_r017763_c011363,3,438.1123046875,511.9716796875,520.6461181640625,520.2943115234375,0.0021429057233035
tile_r017763_c011363,3,439.4915161132813,514.1221923828125,495.9725646972656,523.98388671875,0.0021374747157096
tile_r017763_c011363,3,406.8776245117188,159.0514373779297,460.4992065429688,210.29476928710935,0.0021104940678924
tile_r017763_c011363,3,231.11087036132807,-0.2817443907260895,283.90069580078125,14.133703231811523,0.0021072649396955
tile_r017763_c011363,3,-2.0824005603790283,500.6133728027344,32.68492889404297,521.9973754882812,0.0020339447073638
tile_r017763_c011363,3,370.9917602539063,521.9085693359375,433.6834411621094,524.7999877929688,0.0020215499680489
tile_r017763_c011363,3,345.18658447265625,242.5625457763672,383.3846130371094,272.9535522460937,0.0019632147159427
tile_r017763_c011363,3,465.1550903320313,514.1724853515625,520.9656372070312,523.1942138671875,0.0019608866423368
tile_r017763_c011363,3,74.77919006347656,360.78521728515625,110.4819793701172,395.52740478515625,0.0019556717015802
tile_r017763_c011363,3,444.6935119628906,521.9827880859375,515.2423095703125,524.7999877929688,0.0019041661871597
tile_r017763_c011363,3,483.97454833984375,508.278564453125,524.2684936523438,524.7999877929688,0.0018946130294352
tile_r017763_c011363,3,319.2700500488281,0.949353039264679,349.7008056640625,24.12333297729492,0.0018570043612271
tile_r017763_c011363,3,440.654541015625,486.4451293945313,517.433837890625,513.9630737304688,0.0018392010824754
tile_r017763_c011363,3,436.7859497070313,501.6998901367188,506.8156127929688,513.08544921875,0.0018014868255704
tile_r017763_c011363,3,-3.595452785491944,102.58464050292967,10.687387466430664,160.1437530517578,0.0017998832045122
tile_r017763_c011363,3,377.0323181152344,510.5885620117188,467.4153442382813,521.6583251953125,0.001771954470314
tile_r017763_c011363,3,-10.401156425476074,485.9352416992188,32.66166687011719,516.0509033203125,0.0017474015476182
tile_r017763_c011363,3,1.792535424232483,339.3614807128906,23.680465698242188,388.8121643066406,0.0017216015839949
tile_r017763_c011363,3,337.7268981933594,233.6031188964844,398.9854431152344,310.4950561523437,0.0016905424417927
tile_r017763_c011363,3,83.6676025390625,522.036865234375,142.06631469726562,524.7999877929688,0.0016505827661603
tile_r017763_c011363,3,362.60791015625,521.17431640625,430.2648315429688,524.7999877929688,0.0016220540273934
tile_r017763_c011363,3,346.9254455566406,262.8714904785156,398.0269165039063,318.006103515625,0.0016118491766974
tile_r017763_c011363,3,278.15966796875,459.9491271972656,323.64666748046875,506.1626892089844,0.0015919200377538
tile_r017763_c011363,3,150.8587646484375,178.10751342773438,170.9506072998047,194.9419403076172,0.0015754093183204
tile_r017763_c011363,3,263.77996826171875,-5.891075134277344,328.041259765625,5.496294975280762,0.0015712348977103
tile_r017763_c011363,3,358.1805114746094,512.5910034179688,442.482177734375,521.4329833984375,0.0014968399191275
tile_r017763_c011363,3,354.642578125,36.411582946777344,416.8849182128906,96.7940444946289,0.0014705852372571
tile_r017763_c011363,3,353.7581481933594,519.6060791015625,423.649658203125,524.7999877929688,0.0014604282332584
tile_r017763_c011363,3,381.4711608886719,520.9759521484375,453.5166931152344,524.7999877929688,0.0014443884138017
tile_r017763_c011363,3,379.51019287109375,358.0828552246094,407.0843200683594,387.2127075195313,0.0014212859096005
tile_r017763_c011363,3,305.2633361816406,-4.050135135650635,355.3917541503906,13.84423828125,0.0014182660961523
tile_r017763_c011363,3,-4.131997108459473,121.7755126953125,6.457724094390869,156.7678985595703,0.0013693423243239
tile_r017763_c011363,3,430.8606567382813,520.8623046875,504.1231384277344,524.7999877929688,0.0013669950421899
tile_r017763_c011363,3,213.8657684326172,-12.800000190734863,297.81451416015625,1.784600853919983,0.0013500481145456
tile_r017763_c011363,3,347.7349548339844,263.389404296875,408.3163146972656,332.43975830078125,0.0013282032450661
tile_r017763_c011363,3,142.8651123046875,337.58428955078125,159.93527221679688,352.05401611328125,0.0012992789270356
tile_r017763_c011363,3,82.5317153930664,126.2914581298828,182.883056640625,228.5811462402344,0.001262210891582
tile_r017763_c011363,3,221.300048828125,517.8258666992188,289.8282165527344,524.7999877929688,0.0012563780182972
tile_r017763_c011363,3,205.2491149902344,86.3619384765625,231.379150390625,111.0176773071289,0.0012483989121392
tile_r017763_c011363,3,271.59112548828125,-12.800000190734863,352.30712890625,1.4589446783065796,0.00123135256581
tile_r017763_c011363,3,-12.800000190734863,521.8919677734375,35.052879333496094,524.7999877929688,0.0012159530306234
tile_r017763_c011363,3,2.1724915504455566,121.9355010986328,21.0672664642334,151.190185546875,0.0011909077875316
tile_r017763_c011363,3,291.1307067871094,289.1474609375,332.4739685058594,329.6200256347656,0.001190005801618
tile_r017763_c011363,3,246.04470825195312,512.2049560546875,343.0172119140625,524.6417236328125,0.0011727152159437
tile_r017763_c011363,3,362.8413696289063,337.43316650390625,427.84381103515625,408.7192993164063,0.0011677303118631
tile_r017763_c011363,3,435.0134887695313,465.56494140625,516.7376708984375,512.8936767578125,0.0011597234988585
tile_r017763_c011363,3,233.6835479736328,517.3450927734375,302.18572998046875,524.7999877929688,0.0011449961457401
tile_r017763_c011363,3,140.14723205566406,332.18310546875,158.76942443847656,351.85723876953125,0.0011358524207025
tile_r017763_c011363,3,78.58260345458984,500.9207153320313,130.17987060546875,513.0462036132812,0.0011250473326072
tile_r017763_c011363,3,-1.1618865728378296,117.80859375,25.3869686126709,167.281982421875,0.0011149442289024
tile_r017763_c011363,3,207.7873992919922,165.7106475830078,291.5550231933594,247.1616668701172,0.0011090233456343
tile_r017763_c011363,3,259.8163452148437,-0.1416389495134353,321.3866577148437,14.109899520874023,0.0011071043554693
tile_r017763_c011363,3,294.4617614746094,0.410998523235321,335.1317443847656,15.046133041381836,0.0011064078425988
tile_r017763_c011363,3,414.5374145507813,-12.616175651550291,490.5720825195313,0.9760360717773438,0.0011042756959795
tile_r017763_c011363,3,-12.800000190734863,520.7686767578125,40.7480354309082,524.7999877929688,0.0010994849726557
tile_r017763_c011363,3,210.6671142578125,518.3746948242188,276.0971984863281,524.7999877929688,0.0010959906503558
tile_r017763_c011363,3,242.1966857910156,452.5285034179688,257.3689880371094,469.3390502929688,0.0010958048515021
tile_r017763_c011363,3,257.07977294921875,2.624777317047119,279.2547607421875,17.14349365234375,0.0010923367226496
tile_r017763_c011363,3,197.75390625,519.5693969726562,264.2195739746094,524.7999877929688,0.001090935897082
tile_r017763_c011363,3,-3.717086791992188,502.0572204589844,24.46209716796875,515.6642456054688,0.0010834587737917
tile_r017763_c011363,3,227.6041259765625,316.3730163574219,275.15655517578125,367.98577880859375,0.0010773424291983
tile_r017763_c011363,3,513.7647094726562,80.0804672241211,524.066650390625,155.72396850585938,0.0010662544518709
tile_r017763_c011363,3,409.9317321777344,250.4885711669922,434.4420776367188,268.76611328125,0.0010498340707272
tile_r017763_c011363,3,103.76155853271484,8.594316482543945,149.50086975097656,57.704376220703125,0.0010425011860206
tile_r017763_c011363,3,284.0521240234375,278.6676330566406,333.6822509765625,329.91192626953125,0.0010424628853797
tile_r017763_c011363,3,72.96163177490234,363.7117614746094,111.97698974609376,405.40045166015625,0.0010385805508121
tile_r017763_c011363,3,228.7440948486328,430.9981994628906,320.8287048339844,513.7969970703125,0.0010367556242272
tile_r017763_c011363,3,366.34124755859375,515.6885986328125,425.1725463867188,524.5188598632812,0.0010274255182594
tile_r017763_c011363,3,95.6043701171875,497.3887634277344,135.15853881835938,513.7307739257812,0.0010273375082761
tile_r017763_c011363,3,228.7724151611328,-5.312823295593262,296.9965209960937,9.993921279907228,0.001027132035233
tile_r017763_c011363,3,221.5891571044922,86.39869689941406,285.093994140625,137.11473083496094,0.0010254047811031
tile_r017763_c011619,3,131.24411010742188,309.82086181640625,178.4346923828125,359.9078674316406,0.8593219518661499
tile_r017763_c011619,3,98.1408920288086,270.58721923828125,137.1092987060547,309.9808349609375,0.8069394826889038
tile_r017763_c011619,3,108.4475326538086,41.96199798583984,150.2008819580078,79.90510559082031,0.7756279110908508
tile_r017763_c011619,3,192.70947265625,97.38459777832033,241.0897521972656,144.49655151367188,0.7719475626945496
tile_r017763_c011619,3,155.7184600830078,166.328125,198.1045837402344,204.7016143798828,0.7711634635925293
tile_r017763_c011619,3,385.83251953125,51.70721435546875,429.4118041992188,97.26994323730467,0.7703020572662354
tile_r017763_c011619,3,448.06298828125,117.40262603759766,486.8702087402344,150.55770874023438,0.7414747476577759
tile_r017763_c011619,3,81.84159851074219,237.0315704345703,128.5601043701172,277.5691223144531,0.735183835029602
tile_r017763_c011619,3,64.67878723144531,0.1130859404802322,100.36540222167967,27.321197509765625,0.6059097051620483
tile_r017763_c011619,3,119.3064422607422,351.48223876953125,156.84799194335938,390.1502075195313,0.5048987865447998
tile_r017763_c011619,3,329.5279235839844,491.1797790527344,366.2816467285156,512.57666015625,0.4982074499130249
tile_r017763_c011619,3,1.0734069347381592,94.4828109741211,27.30112838745117,128.21157836914062,0.4666878581047058
tile_r017763_c011619,3,196.16567993164065,410.5948181152344,231.8690948486328,443.9309692382813,0.4564651548862457
tile_r017763_c011619,3,255.81625366210935,494.7540588378906,300.9872436523437,512.684326171875,0.4308310449123382
tile_r017763_c011619,3,1.365635633468628,190.25912475585935,26.042993545532227,220.5888214111328,0.318226546049118
tile_r017763_c011619,3,-1.4441848993301392,91.52774810791016,30.639057159423828,132.33631896972656,0.2206150889396667
tile_r017763_c011619,3,39.80860137939453,300.2511291503906,66.65851593017578,323.87799072265625,0.1880730390548706
tile_r017763_c011619,3,122.3029556274414,353.21197509765625,153.4583282470703,384.91119384765625,0.1071514338254928
tile_r017763_c011619,3,325.533935546875,489.08740234375,371.405029296875,514.7908935546875,0.1031391844153404
tile_r017763_c011619,3,412.9953002929688,-5.169910430908203,449.9087829589844,8.469781875610352,0.0412300266325473
tile_r017763_c011619,3,251.5747528076172,491.4407348632813,307.597412109375,514.4525146484375,0.0399129353463649
tile_r017763_c011619,3,70.14204406738281,1.8039138317108157,97.7121810913086,25.237579345703125,0.0385077372193336
tile_r017763_c011619,3,414.8418884277344,-1.148029327392578,449.1058654785156,13.224743843078612,0.0383052639663219
tile_r017763_c011619,3,444.3872680664063,114.1033706665039,490.6365661621094,155.23062133789062,0.0331808105111122
tile_r017763_c011619,3,115.74690246582033,348.73565673828125,160.24765014648438,396.5661926269531,0.0262551661580801
tile_r017763_c011619,3,-2.265455722808838,88.99639129638672,36.23421478271485,138.09335327148438,0.0242801643908023
tile_r017763_c011619,3,78.31700134277344,232.14419555664065,133.64389038085938,282.45220947265625,0.0212938617914915
tile_r017763_c011619,3,389.4279479980469,52.71589279174805,424.7759704589844,87.4124984741211,0.0149399749934673
tile_r017763_c011619,3,91.5601806640625,250.60708618164065,138.57339477539062,312.5896911621094,0.0136909577995538
tile_r017763_c011619,3,38.71136474609375,295.68951416015625,69.95174407958984,325.2776794433594,0.0126747256144881
tile_r017763_c011619,3,124.32413482666016,310.080322265625,177.94244384765625,372.4368591308594,0.0109478617087006
tile_r017763_c011619,3,192.5775451660156,405.7235412597656,235.6022491455078,447.6340942382813,0.0108113782480359
tile_r017763_c011619,3,104.0479965209961,38.16731643676758,154.16259765625,84.84770202636719,0.0086861792951822
tile_r017763_c011619,3,244.093994140625,499.8060607910156,304.4432983398437,522.0120849609375,0.0077006411738693
tile_r017763_c011619,3,-0.277261346578598,186.02066040039065,29.49399757385254,227.87319946289065,0.0074174115434288
tile_r017763_c011619,3,132.54592895507812,502.3631286621094,197.1661071777344,513.2283935546875,0.006937064230442
tile_r017763_c011619,3,3.658512830734253,192.74105834960935,24.335918426513672,217.5957489013672,0.0068400930613279
tile_r017763_c011619,3,246.2392120361328,475.5585021972656,310.3233947753906,512.0416870117188,0.0058602271601557
tile_r017763_c011619,3,-9.83349323272705,176.0935516357422,29.143407821655277,225.91781616210935,0.0053283018060028
tile_r017763_c011619,3,311.5844116210937,498.5681762695313,370.21380615234375,522.4382934570312,0.0051489602774381
tile_r017763_c011619,3,382.76556396484375,46.7928352355957,434.7930603027344,103.00093841552734,0.0049707093276083
tile_r017763_c011619,3,200.27392578125,501.7035217285156,265.50146484375,513.1828002929688,0.0040586474351584
tile_r017763_c011619,3,60.2428092956543,-2.008807420730591,102.96488189697266,33.73235321044922,0.0039213947020471
tile_r017763_c011619,3,114.0324935913086,308.3838806152344,178.2459259033203,393.4931640625,0.0037981707137078
tile_r017763_c011619,3,391.4786071777344,-12.653329849243164,462.0185546875,3.976231336593628,0.0037838572170585
tile_r017763_c011619,3,228.3625946044922,505.2095336914063,305.24676513671875,523.3134155273438,0.0036514371167868
tile_r017763_c011619,3,313.97979736328125,475.126953125,383.0081176757813,515.4189453125,0.0033542232122272
tile_r017763_c011619,3,134.6220703125,513.5603637695312,205.5712432861328,523.6038818359375,0.0032897021155804
tile_r017763_c011619,3,410.1830139160156,-5.270806789398193,467.9296875,7.522839546203613,0.0030650962144136
tile_r017763_c011619,3,113.5116729736328,339.40887451171875,166.0863800048828,398.5982971191406,0.0030247834511101
tile_r017763_c011619,3,128.8299102783203,505.0673828125,189.6070251464844,513.5400390625,0.0028854075353592
tile_r017763_c011619,3,122.16209411621094,513.736572265625,183.86708068847656,523.1820068359375,0.0028505532536655
tile_r017763_c011619,3,138.08016967773438,503.41802978515625,209.05712890625,512.8717041015625,0.0027971921954303
tile_r017763_c011619,3,21.66849899291992,-0.6594787836074829,75.34193420410156,13.318341255187988,0.0025660877581685
tile_r017763_c011619,3,219.120849609375,508.90814208984375,307.8336486816406,516.4545288085938,0.0024521858431398
tile_r017763_c011619,3,112.9864501953125,508.2022399902344,199.55862426757807,522.0563354492188,0.0023757764138281
tile_r017763_c011619,3,-4.563574314117432,85.7798080444336,40.206092834472656,151.4469757080078,0.0023169289343059
tile_r017763_c011619,3,297.96337890625,493.9574279785156,374.4446716308594,524.294921875,0.0023066247813403
tile_r017763_c011619,3,188.02651977539065,511.5758361816406,280.3827514648437,521.1698608398438,0.0022759442217648
tile_r017763_c011619,3,147.4431610107422,513.4596557617188,222.5437469482422,524.6387939453125,0.002248206641525
tile_r017763_c011619,3,290.3651733398437,521.7489013671875,367.1536560058594,524.7999877929688,0.0021314593032002
tile_r017763_c011619,3,237.45980834960935,522.7564086914062,309.7648010253906,524.7999877929688,0.002107759239152
tile_r017763_c011619,3,197.33090209960935,100.0591278076172,236.27847290039065,140.4298858642578,0.0020841595251113
tile_r017763_c011619,3,150.9927520751953,159.11294555664062,204.4125213623047,210.16195678710935,0.0020786370150744
tile_r017763_c011619,3,179.93728637695312,514.4097900390625,239.0160369873047,524.3836059570312,0.0020582755096256
tile_r017763_c011619,3,218.9313507080078,515.0020751953125,287.9248962402344,524.07373046875,0.0020161680877208
tile_r017763_c011619,3,116.5400619506836,522.0296630859375,178.0133819580078,524.7999877929688,0.0020159522537142
tile_r017763_c011619,3,89.08687591552734,242.3939971923828,127.47984313964844,273.076416015625,0.0020138369873166
tile_r017763_c011619,3,197.9945831298828,520.4754028320312,276.8501892089844,524.7999877929688,0.0019883711356669
tile_r017763_c011619,3,0.0503417961299419,-12.800000190734863,77.18560791015625,1.3199020624160769,0.0018613294232636
tile_r017763_c011619,3,120.85285949707033,510.4095764160156,211.2356719970703,521.7517700195312,0.0018560650059953
tile_r017763_c011619,3,187.64044189453125,397.5372619628906,239.3856506347656,449.5972290039063,0.001855062553659
tile_r017763_c011619,3,195.567626953125,514.809326171875,251.8483428955078,524.1460571289062,0.0017899377271533
tile_r017763_c011619,3,-9.609399795532228,73.48961639404297,39.61766815185547,142.26705932617188,0.0017879647202789
tile_r017763_c011619,3,-3.975417375564575,84.654296875,6.923642158508301,129.5579071044922,0.0017821385990828
tile_r017763_c011619,3,412.2805786132813,0.724749743938446,448.3186645507813,21.594470977783203,0.0017414452740922
tile_r017763_c011619,3,258.96728515625,501.1914978027344,339.613037109375,524.7999877929688,0.0017040278762578
tile_r017763_c011619,3,81.89154052734375,233.9499969482422,143.15382385253906,310.8892517089844,0.0017006915295496
tile_r017763_c011619,3,206.7607879638672,514.630859375,265.1302185058594,524.1755981445312,0.0016942588845267
tile_r017763_c011619,3,188.0446014404297,91.96533203125,246.2649688720703,149.43798828125,0.0016565101686865
tile_r017763_c011619,3,419.205078125,410.7395629882813,446.544921875,439.1981506347656,0.0016488878754898
tile_r017763_c011619,3,30.109249114990234,464.8094787597656,68.4505386352539,502.9693298339844,0.0016450569964945
tile_r017763_c011619,3,34.88249588012695,295.6884155273437,72.29844665527344,331.1004333496094,0.0016303438460454
tile_r017763_c011619,3,198.1918029785156,86.27909851074219,222.5207977294922,105.5761947631836,0.0016130997100844
tile_r017763_c011619,3,90.7688980102539,262.6542053222656,142.0849609375,318.1859436035156,0.0015995282446965
tile_r017763_c011619,3,10.579333305358888,-6.162519931793213,71.64322662353516,5.713159084320068,0.0015985058853402
tile_r017763_c011619,3,107.7879867553711,521.3355712890625,174.75613403320312,524.7999877929688,0.0015659149503335
tile_r017763_c011619,3,175.27310180664062,520.11572265625,251.7665557861328,524.7999877929688,0.0015589701943099
tile_r017763_c011619,3,348.9310607910156,515.4515380859375,425.9473571777344,524.7999877929688,0.0015372736379504
tile_r017763_c011619,3,233.1933135986328,498.2207946777344,308.2272033691406,513.7297973632812,0.0015273345634341
tile_r017763_c011619,3,297.8443908691406,522.61181640625,370.7437133789063,524.7999877929688,0.0015248808776959
tile_r017763_c011619,3,441.504638671875,107.21124267578124,494.7042541503906,160.57199096679688,0.0015196508029475
tile_r017763_c011619,3,412.6646118164063,-2.885842084884644,457.04498291015625,9.897287368774414,0.0014874740736559
tile_r017763_c011619,3,102.8094711303711,512.6099853515625,186.90164184570312,521.4517822265625,0.0014657569117844
tile_r017763_c011619,3,125.39892578125,521.0020751953125,197.7059326171875,524.7999877929688,0.0014583733864128
tile_r017763_c011619,3,99.29670715332033,36.95247650146485,160.6930389404297,96.06136322021484,0.0014313426800072
tile_r017763_c011619,3,42.334617614746094,477.5153198242188,58.97309494018555,490.0579223632813,0.0013780993176624
tile_r017763_c011619,3,179.97512817382812,502.845703125,249.865966796875,513.2115478515625,0.0013708546757698
tile_r017763_c011619,3,-3.108978271484375,82.74028778076172,51.22737884521485,145.694580078125,0.0013282032450661
tile_r017763_c011619,3,154.08261108398438,250.6957244873047,178.30511474609375,268.8075866699219,0.0013280464336276
tile_r017763_c011619,3,92.06119537353516,262.845947265625,152.28956604003906,331.8352966308594,0.0013247196329757
tile_r017763_c011619,3,63.7463264465332,0.9500152468681335,92.84930419921876,23.76268577575684,0.0013230179902166
tile_r017763_c011619,3,98.1776123046875,519.7232666015625,168.24514770507812,524.7999877929688,0.0013136194320395
tile_r017763_c011619,3,50.77530670166016,-3.276637315750122,104.18049621582033,29.08465576171875,0.0013101040385663
tile_r017763_c011619,3,123.65812683105467,358.18707275390625,150.95651245117188,387.0769348144531,0.0013006656663492
tile_r017763_c011619,3,80.82801818847656,234.87890625,137.63035583496094,293.8365173339844,0.0012857860419899
tile_r017763_c011619,3,-1.233526587486267,184.77859497070312,33.74706268310547,241.80810546875,0.0012696305057033
tile_r017763_c011619,3,-4.422608375549316,92.5958023071289,4.970312595367432,129.1086883544922,0.0012628627009689
tile_r017763_c011619,3,323.40673828125,374.72314453125,406.55950927734375,454.7277221679688,0.001244373852387
tile_r017763_c011619,3,412.86181640625,-0.088384248316288,466.4978637695313,13.897997856140137,0.0012343716807663
tile_r017763_c011619,3,281.6012878417969,520.3140258789062,363.24114990234375,524.7999877929688,0.0012268691789358
tile_r017763_c011619,3,150.7487335205078,-12.570460319519045,229.87060546875,0.8097793459892273,0.0012218276970088
tile_r017763_c011619,3,49.96076583862305,-4.63930606842041,99.8902359008789,14.421307563781738,0.0012055661063641
tile_r017763_c011619,3,324.8817749023437,502.1637573242188,397.9700317382813,524.7999877929688,0.0011852629249915
tile_r017763_c011619,3,217.0095672607422,521.0582275390625,299.3475646972656,524.7999877929688,0.0011599775170907
tile_r017763_c011619,3,219.3176727294922,467.6806640625,310.5726623535156,514.7418823242188,0.0011594903189688
tile_r017763_c011619,3,209.6499938964844,519.5501708984375,291.322265625,524.7999877929688,0.0011578353587538
tile_r017763_c011619,3,232.9893035888672,484.5127868652344,309.9078063964844,513.8571166992188,0.0011522603454068
tile_r017763_c011619,3,137.5594940185547,499.23150634765625,237.98660278320312,514.2147827148438,0.0011368314735591
tile_r017763_c011619,3,37.97495651245117,474.91839599609375,53.32150268554688,489.6888122558594,0.0011009721783921
tile_r017763_c011619,3,7.194869995117188,514.3900146484375,86.07487487792969,524.5601806640625,0.0010972290765494
tile_r017763_c011619,3,106.9565200805664,337.5311584472656,171.57376098632812,408.2913208007813,0.0010842263000085
tile_r017763_c011619,3,416.5282287597656,2.0496459007263184,448.7057495117188,17.037511825561523,0.0010761721059679
tile_r017763_c011619,3,414.70751953125,518.4495849609375,483.3545837402344,524.7999877929688,0.0010668056784197
tile_r017763_c011619,3,363.7903137207031,515.24365234375,450.7506713867188,524.7999877929688,0.001057201414369
tile_r017763_c011619,3,38.72736358642578,0.0974914580583572,78.14790344238281,14.764907836914062,0.0010551372542977
tile_r017763_c011619,3,424.2548828125,-12.746758460998535,505.3025512695313,-0.441671758890152,0.0010463249636813
tile_r017763_c011619,3,110.7007064819336,515.6844482421875,169.8729248046875,524.5499267578125,0.0010444809449836
tile_r017763_c011619,3,128.8897247314453,488.4287109375,208.96469116210935,512.8414306640625,0.0010382531909272
tile_r017763_c011619,3,377.13482666015625,519.12158203125,443.593994140625,524.7999877929688,0.0010342273162677
tile_r017763_c011619,3,402.30474853515625,519.1461791992188,469.5288696289063,524.7999877929688,0.0010336013510823
tile_r017763_c011619,3,23.8045654296875,519.876953125,89.04422760009766,524.7999877929688,0.0010301042348146
tile_r017763_c011619,3,-1.423211693763733,518.2091674804688,64.70451354980469,524.7999877929688,0.0010285243624821
tile_r017763_c011619,3,328.27716064453125,-12.747050285339355,403.54248046875,0.0056198118254542,0.0010283950250595
tile_r017763_c011619,3,24.59454727172852,278.15875244140625,77.46024322509766,329.32769775390625,0.0010225913720205
tile_r017763_c011619,3,17.59381103515625,-12.800000190734863,95.85490417480467,1.486172437667847,0.0010208134772256
tile_r017763_c011619,3,174.4767303466797,512.2650146484375,262.53631591796875,521.1345825195312,0.0010002352064475
tile_r018019_c010083,3,388.1983337402344,152.0142059326172,432.6380004882813,191.9608917236328,0.8079312443733215
tile_r018019_c010083,3,1.0433746576309204,244.09506225585935,31.630355834960938,279.82183837890625,0.8053790926933289
tile_r018019_c010083,3,283.1075439453125,109.8480987548828,331.93170166015625,152.9243927001953,0.794645369052887
tile_r018019_c010083,3,30.1911735534668,336.82208251953125,74.13639068603516,375.3221130371094,0.7830384373664856
tile_r018019_c010083,3,359.83477783203125,336.1026916503906,396.3078002929688,368.7398986816406,0.7760850191116333
tile_r018019_c010083,3,218.1683654785156,148.4985809326172,255.65560913085935,183.5126495361328,0.7751956582069397
tile_r018019_c010083,3,364.3876037597656,411.3583984375,404.5110473632813,447.5379028320313,0.7548940181732178
tile_r018019_c010083,3,284.82049560546875,233.4473571777344,328.4814453125,273.56866455078125,0.7521420121192932
tile_r018019_c010083,3,174.90115356445312,36.008522033691406,211.22262573242188,71.41015625,0.7503140568733215
tile_r018019_c010083,3,350.2967224121094,2.185459852218628,390.30963134765625,37.7501335144043,0.7439424991607666
tile_r018019_c010083,3,85.5558090209961,475.6151428222656,127.3034210205078,510.5651245117188,0.727660059928894
tile_r018019_c010083,3,430.1144104003906,71.28138732910156,466.6683044433594,105.62198638916016,0.7039231061935425
tile_r018019_c010083,3,463.4588012695313,168.41201782226562,492.2052612304688,196.6079559326172,0.6766594052314758
tile_r018019_c010083,3,320.16510009765625,475.2726135253906,354.04302978515625,506.23443603515625,0.644805908203125
tile_r018019_c010083,3,417.3833923339844,271.3794860839844,453.2459106445313,300.50750732421875,0.6183544993400574
tile_r018019_c010083,3,354.8380432128906,269.7938537597656,373.66400146484375,290.48846435546875,0.5819041728973389
tile_r018019_c010083,3,484.0130004882813,368.89947509765625,515.70751953125,419.1576232910156,0.4737910032272339
tile_r018019_c010083,3,299.20574951171875,165.89608764648438,316.2774353027344,184.862548828125,0.1933643668889999
tile_r018019_c010083,3,487.2346801757813,370.6112365722656,514.1771240234375,404.5067443847656,0.0534053444862365
tile_r018019_c010083,3,314.6230773925781,471.1994018554688,359.98736572265625,511.2150268554688,0.0417113304138183
tile_r018019_c010083,3,412.6572265625,269.10601806640625,455.5836791992188,306.25457763671875,0.0416763126850128
tile_r018019_c010083,3,459.10400390625,164.58590698242188,495.9553833007813,200.9727783203125,0.0342281945049762
tile_r018019_c010083,3,222.06527709960935,151.82879638671875,253.11782836914065,181.16558837890625,0.0292173400521278
tile_r018019_c010083,3,427.4366149902344,69.16508483886719,469.9202270507813,112.0133819580078,0.0176975131034851
tile_r018019_c010083,3,488.89154052734375,361.1218872070313,523.9713134765625,423.40771484375,0.013498580083251
tile_r018019_c010083,3,-2.893627882003784,239.9640655517578,36.393333435058594,283.79864501953125,0.0134015651419758
tile_r018019_c010083,3,347.69317626953125,268.7796325683594,376.1675415039063,293.90771484375,0.011478878557682
tile_r018019_c010083,3,289.37176513671875,235.9266662597656,324.86846923828125,270.357421875,0.0093347886577248
tile_r018019_c010083,3,179.75372314453125,39.462989807128906,207.3498077392578,68.880126953125,0.0072226705960929
tile_r018019_c010083,3,24.93037986755371,332.0489807128906,77.51499938964844,381.507080078125,0.0068111564032733
tile_r018019_c010083,3,359.0179748535156,408.2892456054688,408.15631103515625,452.8353576660156,0.0067400969564914
tile_r018019_c010083,3,170.0671844482422,31.32568359375,219.705810546875,77.71952819824219,0.0064788707531988
tile_r018019_c010083,3,361.6705932617188,338.5487670898437,391.6004943847656,363.9349365234375,0.0062920395284891
tile_r018019_c010083,3,146.53225708007812,202.7037353515625,227.85452270507807,300.9810791015625,0.005957901943475
tile_r018019_c010083,3,279.70709228515625,105.2499542236328,336.0847473144531,158.94515991210938,0.005918453913182
tile_r018019_c010083,3,281.26422119140625,227.71554565429688,330.98248291015625,278.3398742675781,0.0059028984978795
tile_r018019_c010083,3,77.86073303222656,472.02587890625,133.0525360107422,514.1671142578125,0.0048894686624407
tile_r018019_c010083,3,33.86672592163086,340.20135498046875,70.5220947265625,372.18017578125,0.0047004329971969
tile_r018019_c010083,3,297.5838928222656,512.0452270507812,382.0633850097656,518.8870239257812,0.0041348319500684
tile_r018019_c010083,3,-9.793767929077148,229.2847442626953,39.03608322143555,286.11944580078125,0.004118915181607
tile_r018019_c010083,3,288.55877685546875,112.6163558959961,328.9400329589844,148.59292602539062,0.0037900728639215
tile_r018019_c010083,3,473.91162109375,365.2080078125,516.5897216796875,425.359375,0.0036197586450725
tile_r018019_c010083,3,455.7723693847656,503.67864990234375,514.11962890625,513.3521728515625,0.0034902736078947
tile_r018019_c010083,3,63.62523651123047,512.0660400390625,143.2558135986328,516.4384765625,0.0029884583782404
tile_r018019_c010083,3,-1.4111449718475342,500.05224609375,50.7843132019043,513.4260864257812,0.0029142769053578
tile_r018019_c010083,3,418.5322265625,274.27716064453125,449.3843688964844,297.8501892089844,0.0029094410128891
tile_r018019_c010083,3,89.20588684082031,478.9755859375,122.9311294555664,508.6943359375,0.002791796112433
tile_r018019_c010083,3,84.53704833984375,503.65185546875,123.90374755859376,511.49169921875,0.0027648597024381
tile_r018019_c010083,3,308.64892578125,518.0281372070312,376.64013671875,524.7999877929688,0.0026994182262569
tile_r018019_c010083,3,315.0401306152344,502.34381103515625,362.216552734375,510.32916259765625,0.0026738934684544
tile_r018019_c010083,3,410.2073364257813,263.5179443359375,458.8231506347656,316.5054016113281,0.0026341094635427
tile_r018019_c010083,3,50.99595260620117,513.044921875,129.5569305419922,516.26953125,0.0025200357194989
tile_r018019_c010083,3,228.8814392089844,-0.2165344208478927,287.23004150390625,13.232989311218262,0.0024609575048089
tile_r018019_c010083,3,295.0133972167969,165.0836639404297,319.59820556640625,182.58352661132807,0.0023661341983824
tile_r018019_c010083,3,61.8951416015625,521.1295776367188,130.51632690429688,524.7999877929688,0.002359171397984
tile_r018019_c010083,3,326.578125,515.87841796875,385.1950073242188,524.0654296875,0.0023578172549605
tile_r018019_c010083,3,432.1863403320313,74.55046081542969,463.2132873535156,102.30792236328124,0.0022668021265417
tile_r018019_c010083,3,63.2236557006836,473.8171997070313,133.08694458007812,523.8547973632812,0.0022188280709087
tile_r018019_c010083,3,65.60566711425781,513.0619506835938,147.99935913085938,518.3887329101562,0.0021424987353384
tile_r018019_c010083,3,106.9577407836914,516.5333251953125,172.2809295654297,524.7999877929688,0.0021165441721677
tile_r018019_c010083,3,289.38055419921875,-12.800000190734863,367.7872009277344,1.076725721359253,0.0020779515616595
tile_r018019_c010083,3,1.553035020828247,242.64486694335935,26.324859619140625,270.8295288085937,0.0020136560779064
tile_r018019_c010083,3,343.54931640625,-6.355175971984863,396.9901428222656,49.481201171875,0.0019111299188807
tile_r018019_c010083,3,206.6060333251953,62.898658752441406,221.1151123046875,75.88615417480469,0.0018813852220773
tile_r018019_c010083,3,205.8788146972656,522.2955932617188,266.2450256347656,524.7999877929688,0.0018696303013712
tile_r018019_c010083,3,303.5452880859375,513.0675659179688,383.4094848632813,519.7630615234375,0.0018466848414391
tile_r018019_c010083,3,384.23626708984375,147.616943359375,441.371337890625,202.6821746826172,0.0018353201448917
tile_r018019_c010083,3,359.263427734375,503.2704162597656,420.4827575683594,513.1217651367188,0.0018190960399806
tile_r018019_c010083,3,64.25677490234375,518.3778076171875,135.77040100097656,524.7999877929688,0.0017541585257276
tile_r018019_c010083,3,353.7938842773437,329.4179077148437,403.68695068359375,377.2273864746094,0.0016754030948504
tile_r018019_c010083,3,489.673828125,373.08636474609375,512.5105590820312,416.88128662109375,0.0016581354429945
tile_r018019_c010083,3,341.1641540527344,514.7073974609375,399.7845764160156,524.253662109375,0.0016461161430925
tile_r018019_c010083,3,87.25615692138672,514.5113525390625,153.96182250976562,524.697265625,0.0016312825027853
tile_r018019_c010083,3,452.09375,522.2615356445312,513.876953125,524.7999877929688,0.0016174582997336
tile_r018019_c010083,3,72.99897003173828,519.7255859375,143.6664581298828,524.7999877929688,0.0016090645221993
tile_r018019_c010083,3,446.2577209472656,20.24945068359375,497.2698364257813,68.0941390991211,0.0015593642601743
tile_r018019_c010083,3,171.2023468017578,519.9063720703125,237.3677215576172,524.7999877929688,0.0015316425124183
tile_r018019_c010083,3,481.4857482910156,365.740234375,524.154296875,434.1696166992188,0.0014848997816443
tile_r018019_c010083,3,500.4520568847656,357.9991149902344,523.9530029296875,420.7255859375,0.001469969167374
tile_r018019_c010083,3,303.36016845703125,-12.556818962097168,380.2357482910156,0.3371032774448395,0.0014369955752044
tile_r018019_c010083,3,78.78047943115234,520.7947998046875,148.46978759765625,524.7999877929688,0.0014120229752734
tile_r018019_c010083,3,489.168212890625,370.6682739257813,511.9490661621094,394.2092895507813,0.001411335892044
tile_r018019_c010083,3,50.7869758605957,515.66796875,109.82559967041016,524.7999877929688,0.0013864757493138
tile_r018019_c010083,3,319.0524597167969,519.154296875,384.6199035644531,524.7999877929688,0.0013334379764273
tile_r018019_c010083,3,190.86697387695312,520.9332885742188,255.4923858642578,524.7999877929688,0.0013053436996415
tile_r018019_c010083,3,45.553672790527344,512.6395263671875,128.71510314941406,518.5490112304688,0.0012970712268725
tile_r018019_c010083,3,306.520751953125,-0.3722404539585113,366.5840759277344,13.291046142578123,0.0012818994000554
tile_r018019_c010083,3,236.3471221923828,-0.644543468952179,299.058837890625,13.908086776733398,0.0012798486277461
tile_r018019_c010083,3,231.5904541015625,495.5591735839844,265.3143310546875,513.2947387695312,0.0012745653511956
tile_r018019_c010083,3,450.1874084472656,158.19863891601562,496.9112243652344,206.53836059570312,0.0012689166469499
tile_r018019_c010083,3,159.469482421875,518.74169921875,225.078369140625,524.7999877929688,0.00125887861941
tile_r018019_c010083,3,468.7855529785156,504.0811462402344,513.3703002929688,512.9210205078125,0.0012516600545495
tile_r018019_c010083,3,354.8344116210937,521.6619873046875,417.0836486816406,524.7999877929688,0.0012483858736231
tile_r018019_c010083,3,461.4920043945313,171.4339599609375,485.7787170410156,194.32180786132807,0.0012474581599235
tile_r018019_c010083,3,441.593505859375,520.8630981445312,500.284423828125,524.7999877929688,0.0012455981923267
tile_r018019_c010083,3,307.77655029296875,458.94873046875,363.7657165527344,513.4571533203125,0.00123586517293
tile_r018019_c010083,3,215.72915649414065,520.5521850585938,279.4195861816406,524.7999877929688,0.0012352925259619
tile_r018019_c010083,3,45.15179443359375,520.4386596679688,119.0718002319336,524.7999877929688,0.0012284127296879
tile_r018019_c010083,3,125.022705078125,516.130126953125,186.649169921875,524.7999877929688,0.001228337874636
tile_r018019_c010083,3,-3.726837158203125,229.4457550048828,48.69502639770508,296.53179931640625,0.0012280301889404
tile_r018019_c010083,3,0.861370861530304,246.75033569335935,23.07491683959961,275.61529541015625,0.0012227799743413
tile_r018019_c010083,3,371.74847412109375,413.474609375,404.2734375,444.5595703125,0.0012178469914942
tile_r018019_c010083,3,-3.9835572242736816,521.9895629882812,54.96826171875,524.7999877929688,0.0011785901151597
tile_r018019_c010083,3,-2.2502989768981934,501.0687561035156,65.77757263183594,513.9169921875,0.0011663362383842
tile_r018019_c010083,3,345.7850646972656,520.8944091796875,411.64459228515625,524.7999877929688,0.0011532579082995
tile_r018019_c010083,3,214.3770446777344,-0.5192268490791321,260.354736328125,13.241827011108398,0.0011172784725204
tile_r018019_c010083,3,185.97543334960935,-12.602520942687988,268.2782592773437,1.2571121454238892,0.0011130451457574
tile_r018019_c010083,3,434.0718383789063,1.019989013671875,502.5933227539063,65.27877807617188,0.0011116708628833
tile_r018019_c010083,3,-10.927660942077637,521.5493774414062,44.205665588378906,524.7999877929688,0.0011097091482952
tile_r018019_c010083,3,296.1527709960937,479.10986328125,362.0845336914063,523.65185546875,0.0011047953739762
tile_r018019_c010083,3,257.630126953125,446.5460815429688,303.282958984375,502.0333862304688,0.0011033997870981
tile_r018019_c010083,3,277.2967834472656,379.9074096679688,301.9111328125,403.5928649902344,0.0010997593635693
tile_r018019_c010083,3,60.16111373901367,512.607421875,129.2814178466797,524.7999877929688,0.0010953476885333
tile_r018019_c010083,3,214.81692504882807,142.6946258544922,261.83697509765625,189.7454071044922,0.0010933715384453
tile_r018019_c010083,3,322.812744140625,479.9151306152344,351.406005859375,505.1871948242188,0.0010517610935494
tile_r018019_c010083,3,270.3610534667969,518.77490234375,338.5219116210937,524.7999877929688,0.0010209345491603
tile_r018019_c010083,3,434.9850463867188,503.2975463867188,505.4159240722656,513.56298828125,0.0010183602571487
tile_r018019_c010083,3,358.45831298828125,514.6749267578125,413.7262268066406,524.0748901367188,0.0010150407906621
tile_r018019_c010083,3,368.5985107421875,521.8933715820312,429.3655395507813,524.7999877929688,0.0010138052748516
tile_r018019_c010083,3,348.2939758300781,269.5054626464844,369.3647155761719,289.24853515625,0.001004361314699
tile_r018019_c010339,3,132.26931762695312,151.990478515625,176.67001342773438,191.9346618652344,0.8060006499290466
tile_r018019_c010339,3,228.1570281982422,367.1962890625,280.4693298339844,419.462646484375,0.8011894226074219
tile_r018019_c010339,3,27.33045959472656,109.7663345336914,75.70780181884766,152.8284454345703,0.7953267097473145
tile_r018019_c010339,3,104.0993881225586,336.2223205566406,140.2982177734375,368.677978515625,0.7755246758460999
tile_r018019_c010339,3,108.2959442138672,411.2001953125,148.76431274414062,447.6824340820313,0.7564049363136292
tile_r018019_c010339,3,94.3311767578125,2.1853318214416504,134.3729248046875,37.71000289916992,0.7424420714378357
tile_r018019_c010339,3,28.426143646240234,233.2615203857422,72.5660629272461,273.86834716796875,0.7408249378204346
tile_r018019_c010339,3,287.4454040527344,326.36053466796875,346.4794921875,371.4885559082031,0.7196905612945557
tile_r018019_c010339,3,298.921875,466.8595275878906,331.23876953125,493.7449645996094,0.7007864713668823
tile_r018019_c010339,3,174.0879669189453,71.3577880859375,210.41012573242188,105.55086517333984,0.7000431418418884
tile_r018019_c010339,3,271.4068298339844,446.0090942382813,306.74444580078125,475.7694396972656,0.69970703125
tile_r018019_c010339,3,207.8260955810547,168.5143585205078,236.0336151123047,196.37744140625,0.6893481612205505
tile_r018019_c010339,3,64.22835540771484,475.3785095214844,98.1137466430664,506.2992248535156,0.6356954574584961
tile_r018019_c010339,3,161.4549102783203,271.3470764160156,197.25784301757807,300.46051025390625,0.6159378886222839
tile_r018019_c010339,3,99.0800323486328,269.9812927246094,117.5578842163086,290.3656616210937,0.5566770434379578
tile_r018019_c010339,3,43.2767219543457,165.94992065429688,60.14080810546875,184.7556915283203,0.2460933327674865
tile_r018019_c010339,3,296.0040588378906,465.3953247070313,333.0723571777344,499.9964904785156,0.0696646273136138
tile_r018019_c010339,3,156.7964630126953,268.7882385253906,199.6019287109375,305.9578552246094,0.0480302609503269
tile_r018019_c010339,3,58.93280029296875,471.6213989257813,104.07887268066406,511.56494140625,0.0257375203073024
tile_r018019_c010339,3,171.37210083007812,69.30931091308594,213.54080200195312,111.99796295166016,0.0224887616932392
tile_r018019_c010339,3,203.1324462890625,164.34188842773438,238.93771362304688,200.8297576904297,0.0213449839502573
tile_r018019_c010339,3,289.1043395996094,330.3905029296875,336.99713134765625,369.1955871582031,0.0133334947749972
tile_r018019_c010339,3,293.4258728027344,455.232421875,330.69989013671875,493.1966857910156,0.0114064868539571
tile_r018019_c010339,3,91.84196472167967,268.7118530273437,120.1249008178711,293.91192626953125,0.0096725272014737
tile_r018019_c010339,3,103.0082778930664,408.0377807617188,152.3769073486328,453.0577087402344,0.0075217043049633
tile_r018019_c010339,3,298.394287109375,469.1473693847656,326.88543701171875,489.3792114257813,0.0067020347341895
tile_r018019_c010339,3,272.8983764648437,449.51702880859375,301.540771484375,472.4409790039063,0.0065047075040638
tile_r018019_c010339,3,33.11396789550781,235.7882843017578,68.928466796875,270.5448608398437,0.006489360705018
tile_r018019_c010339,3,105.5945281982422,338.5346374511719,135.99423217773438,364.29827880859375,0.0064621455967426
tile_r018019_c010339,3,267.14752197265625,439.0161743164063,309.0191650390625,476.3805236816406,0.0058239754289388
tile_r018019_c010339,3,24.05408096313477,105.29351806640624,80.25105285644531,159.01473999023438,0.0056037539616227
tile_r018019_c010339,3,292.94140625,36.873043060302734,314.70428466796875,57.05192947387695,0.0051090130582451
tile_r018019_c010339,3,32.64600372314453,112.6050262451172,72.94366455078125,148.5381622314453,0.0049915993586182
tile_r018019_c010339,3,24.8592529296875,227.6533966064453,75.53541564941406,278.8073425292969,0.0049875890836119
tile_r018019_c010339,3,462.9654235839844,-0.509777843952179,514.59033203125,12.397287368774414,0.0045153214596211
tile_r018019_c010339,3,41.50139236450195,511.8846740722656,126.3259048461914,519.5565185546875,0.0037431418895721
tile_r018019_c010339,3,39.010841369628906,165.0796356201172,63.0809326171875,182.7993927001953,0.0035338120069354
tile_r018019_c010339,3,52.9296760559082,518.2769775390625,120.63130950927734,524.7999877929688,0.0029824376106262
tile_r018019_c010339,3,448.1177673339844,-12.800000190734863,520.3197021484375,2.229666233062744,0.0029411201830953
tile_r018019_c010339,3,162.5806427001953,274.23858642578125,193.39242553710935,297.8812561035156,0.0028963098302483
tile_r018019_c010339,3,58.7260627746582,502.0247497558594,105.9994888305664,510.442138671875,0.0028826582711189
tile_r018019_c010339,3,154.00918579101562,262.9181213378906,203.15036010742188,316.530517578125,0.002707009203732
tile_r018019_c010339,3,212.0006561279297,503.3067321777344,273.0333251953125,513.4561767578125,0.0025201987009495
tile_r018019_c010339,3,176.12869262695312,74.55848693847656,207.00564575195312,102.278076171875,0.002514868043363
tile_r018019_c010339,3,71.2115707397461,515.7462768554688,130.014404296875,524.1468505859375,0.0024260254576802
tile_r018019_c010339,3,278.4799499511719,448.00238037109375,307.4274597167969,473.20013427734375,0.002250496763736
tile_r018019_c010339,3,199.3958740234375,503.4519653320313,264.6103820800781,513.6970825195312,0.002133831847459
tile_r018019_c010339,3,366.7740173339844,517.96484375,439.7066345214844,524.7999877929688,0.0020472411997616
tile_r018019_c010339,3,445.9983825683594,-0.682965099811554,499.97369384765625,13.208288192749023,0.0020149385090917
tile_r018019_c010339,3,33.2264289855957,-12.800000190734863,112.115234375,1.381811499595642,0.0019952196162194
tile_r018019_c010339,3,102.76945495605467,502.6417846679688,164.95681762695312,513.3445434570312,0.001969376578927
tile_r018019_c010339,3,87.36780548095703,-6.5955810546875,141.2706756591797,49.565574645996094,0.0019440990872681
tile_r018019_c010339,3,214.9101104736328,514.3436279296875,282.8143005371094,523.8563232421875,0.0018649483099579
tile_r018019_c010339,3,207.7004852294922,514.6555786132812,270.24151611328125,523.59619140625,0.0018553186673671
tile_r018019_c010339,3,388.5476989746094,518.99462890625,458.01800537109375,524.7999877929688,0.0018494230462238
tile_r018019_c010339,3,356.6891174316406,517.4298095703125,427.49896240234375,524.7999877929688,0.001843370613642
tile_r018019_c010339,3,128.1533966064453,147.64962768554688,185.4571990966797,203.05056762695312,0.0018365915166214
tile_r018019_c010339,3,255.0899353027344,521.1549072265625,321.217529296875,524.7999877929688,0.0017852401360869
tile_r018019_c010339,3,86.131591796875,514.5303955078125,144.99169921875,524.3134765625,0.0017796854954212
tile_r018019_c010339,3,195.74398803710935,521.8757934570312,262.9524841308594,524.7999877929688,0.0017683206824585
tile_r018019_c010339,3,338.7066955566406,518.2345581054688,410.3627014160156,524.7999877929688,0.0017192936502397
tile_r018019_c010339,3,97.49821472167967,329.2767944335937,147.8153076171875,377.6893005371094,0.0016644621500745
tile_r018019_c010339,3,303.1244506835937,516.1094970703125,367.03997802734375,524.7999877929688,0.0016059483168646
tile_r018019_c010339,3,325.26202392578125,515.93994140625,387.2416076660156,524.7999877929688,0.0015982136828824
tile_r018019_c010339,3,254.0432586669922,502.4197387695313,321.3016052246094,513.4375,0.0015786910662427
tile_r018019_c010339,3,63.516143798828125,519.36767578125,129.1158905029297,524.7999877929688,0.0015629349509254
tile_r018019_c010339,3,268.0809936523437,522.156005859375,328.1430053710937,524.7999877929688,0.0015615395968779
tile_r018019_c010339,3,46.7578010559082,-12.410995483398438,124.76424407958984,0.452728271484375,0.0015358903910964
tile_r018019_c010339,3,285.19171142578125,471.3690490722656,337.7557678222656,509.4108276367188,0.0015354910865426
tile_r018019_c010339,3,99.2963638305664,521.8193969726562,161.2090301513672,524.7999877929688,0.0014453784096986
tile_r018019_c010339,3,184.8183441162109,520.7236938476562,245.2515563964844,524.7999877929688,0.0014364278176799
tile_r018019_c010339,3,306.1271057128906,330.8498840332031,343.2555236816406,361.7462158203125,0.001425247057341
tile_r018019_c010339,3,215.6348571777344,499.4524536132813,283.5030822753906,513.9000854492188,0.0014154291711747
tile_r018019_c010339,3,201.6255340576172,25.083044052124023,243.4312438964844,65.7867431640625,0.00139316462446
tile_r018019_c010339,3,90.15339660644533,521.2059326171875,155.8455810546875,524.7999877929688,0.0013523992383852
tile_r018019_c010339,3,426.35589599609375,518.618408203125,496.34613037109375,524.7999877929688,0.0013375665294006
tile_r018019_c010339,3,401.40234375,517.7369384765625,470.7559509277344,524.7999877929688,0.0013298055855557
tile_r018019_c010339,3,185.4808349609375,504.4260864257813,256.15643310546875,513.6602783203125,0.0013296916149556
tile_r018019_c010339,3,197.41482543945312,515.0748291015625,249.94015502929688,523.9992065429688,0.0013108354760333
tile_r018019_c010339,3,336.36236572265625,515.8652954101562,401.5508728027344,524.7999877929688,0.0012891477672383
tile_r018019_c010339,3,457.3982543945313,-6.5614776611328125,513.3519287109375,7.035845756530762,0.0012777243973687
tile_r018019_c010339,3,430.0546875,143.21774291992188,455.3170776367188,169.84225463867188,0.0012775601353496
tile_r018019_c010339,3,265.31768798828125,514.73828125,314.57733154296875,524.1818237304688,0.0012612111167982
tile_r018019_c010339,3,354.7455444335937,513.1278686523438,442.5584106445313,523.6527709960938,0.0012534979032352
tile_r018019_c010339,3,441.0503540039063,519.4219970703125,508.1651916503906,524.7999877929688,0.0012530813692137
tile_r018019_c010339,3,271.82733154296875,502.9786071777344,335.70947265625,512.7713012695312,0.0012490518856793
tile_r018019_c010339,3,413.57421875,518.2734375,484.6535034179688,524.7999877929688,0.0012474380200728
tile_r018019_c010339,3,49.19818115234375,-0.6689300537109375,110.8195343017578,13.526056289672852,0.0012426179600879
tile_r018019_c010339,3,194.3128204345703,158.44290161132812,239.70193481445312,206.41726684570312,0.0012426173780113
tile_r018019_c010339,3,177.43417358398438,2.0404419898986816,243.2254943847656,63.1657600402832,0.0012228381820023
tile_r018019_c010339,3,287.9971618652344,516.8284912109375,352.0125427246094,524.2898559570312,0.0011916595976799
tile_r018019_c010339,3,275.52032470703125,522.0906372070312,341.52178955078125,524.7999877929688,0.0011914524948224
tile_r018019_c010339,3,260.3373413085937,513.7985229492188,342.53570556640625,522.2581176757812,0.0011851522140204
tile_r018019_c010339,3,271.6600036621094,515.7730712890625,324.99200439453125,524.0437622070312,0.001177629455924
tile_r018019_c010339,3,362.8887939453125,515.0653076171875,434.2088928222656,524.7999877929688,0.0011550752678886
tile_r018019_c010339,3,112.7124481201172,521.9876098632812,173.91943359375,524.7999877929688,0.0011501832632347
tile_r018019_c010339,3,129.1667022705078,-5.115118980407715,165.69851684570312,7.762664794921875,0.001144103356637
tile_r018019_c010339,3,228.93795776367188,513.2391357421875,303.5248718261719,524.7999877929688,0.0011431130114942
tile_r018019_c010339,3,125.6668930053711,514.9219970703125,182.5660400390625,524.119873046875,0.0011425208067521
tile_r018019_c010339,3,328.0943908691406,520.0142822265625,398.5226135253906,524.7999877929688,0.001141405198723
tile_r018019_c010339,3,321.3572082519531,520.951171875,392.2776489257813,524.7999877929688,0.0011395621113479
tile_r018019_c010339,3,214.4303436279297,487.0626831054688,273.98358154296875,512.5955810546875,0.0011231744429096
tile_r018019_c010339,3,392.74169921875,513.2642822265625,493.5951232910156,524.7999877929688,0.0011194529943168
tile_r018019_c010339,3,82.68568420410156,502.4878845214844,152.84585571289062,513.5247802734375,0.0011042093392461
tile_r018019_c010339,3,104.6065902709961,514.4879760742188,158.82827758789062,524.0467529296875,0.0011002959217876
tile_r018019_c010339,3,23.204370498657227,519.3157958984375,90.6575698852539,524.7999877929688,0.0010951164877042
tile_r018019_c010339,3,234.456298828125,512.1053466796875,323.92193603515625,523.6151123046875,0.0010863577481359
tile_r018019_c010339,3,149.2801513671875,255.24966430664065,206.4549865722656,310.30389404296875,0.0010841081384569
tile_r018019_c010339,3,52.10261917114258,513.3387451171875,132.53244018554688,521.70849609375,0.0010778357973322
tile_r018019_c010339,3,189.55587768554688,23.61166381835937,238.68966674804688,67.44928741455078,0.00106857647188
tile_r018019_c010339,3,81.13954162597656,520.4371337890625,150.08074951171875,524.7999877929688,0.0010631522163748
tile_r018019_c010339,3,174.06373596191406,519.5302734375,238.820068359375,524.7999877929688,0.0010567064164206
tile_r018019_c010339,3,205.44921875,171.49807739257812,229.39892578125,194.427734375,0.0010556338820606
tile_r018019_c010339,3,455.03607177734375,520.8842163085938,520.3768920898438,524.7999877929688,0.001052429084666
tile_r018019_c010339,3,134.90670776367188,-0.8774040341377258,167.91224670410156,13.794299125671388,0.0010268717305734
tile_r018019_c010339,3,374.1622314453125,514.3187255859375,449.0003051757813,524.7999877929688,0.0010260556591674
tile_r018019_c010339,3,115.6147232055664,413.4285278320313,148.3667755126953,444.615234375,0.0010132418246939
tile_r018019_c010339,3,307.7962341308594,219.8277587890625,442.4202575683594,348.6963195800781,0.0010124697582796
tile_r018019_c010339,3,52.261817932128906,467.8453063964844,107.41368103027344,515.431640625,0.0010100675281137
tile_r018019_c010339,3,116.6575698852539,514.8994140625,170.8754119873047,524.0443115234375,0.0010078517952933
tile_r018019_c010339,3,279.37548828125,516.2809448242188,343.1488342285156,523.9055786132812,0.001005227677524
tile_r018019_c010595,3,267.8501892089844,259.69091796875,332.083251953125,314.6298828125,0.7604840397834778
tile_r018019_c010595,3,293.7215881347656,345.2084350585937,345.20654296875,391.8345336914063,0.7513859272003174
tile_r018019_c010595,3,30.648021697998047,324.96728515625,89.01972961425781,373.3577270507813,0.7474303841590881
tile_r018019_c010595,3,15.836919784545898,445.8885803222656,50.58750534057617,475.5352478027344,0.7265076637268066
tile_r018019_c010595,3,42.892127990722656,466.77239990234375,75.32768249511719,494.0545349121094,0.7082539796829224
tile_r018019_c010595,3,426.5252990722656,488.3892517089844,465.9834899902344,512.1017456054688,0.6625452041625977
tile_r018019_c010595,3,287.2154235839844,-0.1075714081525802,319.0472717285156,17.515270233154297,0.3124695718288421
tile_r018019_c010595,3,0.7812591791152954,371.161376953125,25.17967796325684,415.3948669433594,0.239986851811409
tile_r018019_c010595,3,284.7501525878906,-1.7475287914276123,321.9593200683594,23.322479248046875,0.1354319751262664
tile_r018019_c010595,3,40.20805740356445,465.1658325195313,77.06132507324219,500.2339782714844,0.054919309914112
tile_r018019_c010595,3,422.7774963378906,485.1582946777344,470.6109008789063,513.19384765625,0.0440426617860794
tile_r018019_c010595,3,-0.2486572265625,364.614501953125,29.2971305847168,421.9925231933594,0.0360418632626533
tile_r018019_c010595,3,-9.822778701782228,365.6056518554688,26.160327911376957,420.2090759277344,0.0208797305822372
tile_r018019_c010595,3,297.52569580078125,350.1789245605469,340.2734375,388.5488586425781,0.0196882560849189
tile_r018019_c010595,3,417.5311584472656,476.3628845214844,476.9117126464844,513.0989990234375,0.0086148306727409
tile_r018019_c010595,3,37.36815643310547,454.6754760742188,74.90699005126953,493.6110229492188,0.0082821389660239
tile_r018019_c010595,3,281.3179016113281,-0.6596847772598267,335.1253662109375,27.93540573120117,0.0066256318241357
tile_r018019_c010595,3,278.52740478515625,268.9149475097656,329.7694702148437,312.7544860839844,0.005910858977586
tile_r018019_c010595,3,278.15673828125,-12.723211288452148,329.48944091796875,13.349963188171388,0.0054582082666456
tile_r018019_c010595,3,12.493995666503906,441.3082885742188,53.51057052612305,477.9004821777344,0.0053763072937726
tile_r018019_c010595,3,42.3984489440918,469.1747131347656,70.88653564453125,489.3963928222656,0.0049563837237656
tile_r018019_c010595,3,421.5999145507813,498.7618103027344,471.2516479492188,521.5999145507812,0.0047379988245666
tile_r018019_c010595,3,17.36554527282715,449.701171875,45.295448303222656,472.2311401367188,0.0046651028096675
tile_r018019_c010595,3,283.1417541503906,-2.809741258621216,336.0763244628906,16.37040138244629,0.0045905136503279
tile_r018019_c010595,3,279.90655517578125,-3.5917510986328125,324.4087829589844,26.793087005615234,0.0043413843959569
tile_r018019_c010595,3,271.45654296875,267.68634033203125,319.3584899902344,307.71759033203125,0.0042790942825376
tile_r018019_c010595,3,207.3729553222656,-0.8512992858886719,263.46044921875,12.676745414733888,0.0034817727282643
tile_r018019_c010595,3,-4.104180812835693,367.10888671875,11.797903060913086,412.2333984375,0.003411249956116
tile_r018019_c010595,3,22.523717880249023,447.9027404785156,51.3353385925293,473.1052856445313,0.0030119682196527
tile_r018019_c010595,3,429.2752990722656,492.1455078125,461.77294921875,511.9554748535156,0.0028633535839617
tile_r018019_c010595,3,263.43572998046875,251.9765625,340.8759765625,320.62188720703125,0.0024714155588299
tile_r018019_c010595,3,339.98590087890625,521.5640869140625,409.5765075683594,524.7999877929688,0.0022504378575831
tile_r018019_c010595,3,432.14947509765625,513.92236328125,502.66314697265625,524.7999877929688,0.002225769450888
tile_r018019_c010595,3,196.2695770263672,-0.5810912847518921,248.0430145263672,12.683944702148438,0.0021786522120237
tile_r018019_c010595,3,278.25408935546875,-1.8600174188613887,330.1570739746094,34.98372268676758,0.0021253251470625
tile_r018019_c010595,3,110.6316146850586,518.1558227539062,184.424560546875,524.7999877929688,0.0020770491100847
tile_r018019_c010595,3,457.0037231445313,517.1151733398438,518.1336059570312,524.7066040039062,0.0020536410156637
tile_r018019_c010595,3,-2.5761351585388184,363.4959411621094,37.324195861816406,428.2369079589844,0.0020484270062297
tile_r018019_c010595,3,100.571044921875,517.4886474609375,172.38198852539062,524.7999877929688,0.0018128597876057
tile_r018019_c010595,3,6.114214897155762,521.2853393554688,68.84681701660156,524.7999877929688,0.0017578788101673
tile_r018019_c010595,3,132.2871856689453,519.307373046875,201.99313354492188,524.7999877929688,0.0017100281547755
tile_r018019_c010595,3,192.97232055664065,-12.800000190734863,269.5406188964844,2.322090148925781,0.0017015759367495
tile_r018019_c010595,3,23.8247184753418,100.0520477294922,91.07779693603516,170.2319793701172,0.0016438304446637
tile_r018019_c010595,3,-8.46142578125,358.260986328125,31.129846572875977,425.461181640625,0.0016102746594697
tile_r018019_c010595,3,29.4083251953125,471.07958984375,81.65458679199219,509.3433532714844,0.0015986543148756
tile_r018019_c010595,3,0.8038696050643921,368.3457946777344,19.157489776611328,405.1397399902344,0.0015708549180999
tile_r018019_c010595,3,47.37641525268555,516.2906494140625,114.10284423828124,524.7999877929688,0.0015619522891938
tile_r018019_c010595,3,87.92890930175781,518.47119140625,158.71762084960938,524.7999877929688,0.0015568237286061
tile_r018019_c010595,3,76.07636260986328,436.1380004882813,154.7434539794922,511.06689453125,0.0014992365613579
tile_r018019_c010595,3,12.182138442993164,522.1096801757812,72.01426696777344,524.7999877929688,0.0014440302038565
tile_r018019_c010595,3,69.42890167236328,516.0830078125,135.33120727539062,524.7999877929688,0.0014085974544286
tile_r018019_c010595,3,402.0386657714844,488.0016479492188,472.4298706054688,524.03759765625,0.0014080716064199
tile_r018019_c010595,3,132.20956420898438,513.5942993164062,239.3418426513672,524.7999877929688,0.0013739928836002
tile_r018019_c010595,3,300.3053283691406,521.0933837890625,362.885498046875,524.7999877929688,0.0013645379804074
tile_r018019_c010595,3,226.236572265625,521.0519409179688,290.98126220703125,524.7999877929688,0.0013342242455109
tile_r018019_c010595,3,145.2065887451172,518.3114013671875,213.8565673828125,524.7999877929688,0.0013325948966667
tile_r018019_c010595,3,4.959149360656738,503.4878540039063,70.77582550048828,513.2742919921875,0.0012928316136822
tile_r018019_c010595,3,48.54389572143555,330.582275390625,87.51103210449219,361.9482421875,0.0012869224883615
tile_r018019_c010595,3,17.21259117126465,502.8449096679688,79.26853942871094,512.6340942382812,0.0012683800887316
tile_r018019_c010595,3,106.52214050292967,515.3132934570312,180.61941528320312,524.7999877929688,0.0012675884645432
tile_r018019_c010595,3,116.0504913330078,514.6251220703125,199.7237243652344,524.7999877929688,0.0012632909929379
tile_r018019_c010595,3,460.9949340820313,505.1552734375,510.1194458007813,512.5578002929688,0.0012608249671757
tile_r018019_c010595,3,388.3645935058594,522.3927001953125,466.993408203125,524.7999877929688,0.0011997695546597
tile_r018019_c010595,3,157.77847290039062,518.8912353515625,227.09146118164065,524.7999877929688,0.0011738926405087
tile_r018019_c010595,3,340.88787841796875,497.3150329589844,410.47900390625,513.67529296875,0.0011458625085651
tile_r018019_c010595,3,98.49356842041016,513.2360229492188,187.22537231445312,523.9385986328125,0.0011422808747738
tile_r018019_c010595,3,377.7449645996094,521.5806884765625,461.6468200683594,524.7999877929688,0.0011357387993484
tile_r018019_c010595,3,289.79254150390625,521.188720703125,346.052001953125,524.7999877929688,0.0011322814971208
tile_r018019_c010595,3,152.6024627685547,514.0958862304688,264.2112121582031,524.7999877929688,0.0011284040519967
tile_r018019_c010595,3,4.80633544921875,513.8653564453125,85.40836334228516,521.7039794921875,0.0011213644174858
tile_r018019_c010595,3,170.38412475585938,519.1361083984375,238.5476531982422,524.7999877929688,0.0011088458122685
tile_r018019_c010595,3,374.49603271484375,516.4365844726562,429.00482177734375,524.737060546875,0.0011039585806429
tile_r018019_c010595,3,32.31448745727539,516.8178100585938,95.20420837402344,524.3787841796875,0.0011006109416484
tile_r018019_c010595,3,328.9173889160156,521.9095458984375,395.26263427734375,524.7999877929688,0.0010986897395923
tile_r018019_c010595,3,441.8851623535156,19.8514461517334,507.2042846679688,78.88984680175781,0.0010961765656247
tile_r018019_c010595,3,172.94308471679688,142.18243408203125,202.3750762939453,172.31423950195312,0.0010894399601966
tile_r018019_c010595,3,393.9309692382813,513.0160522460938,461.9632873535156,524.7999877929688,0.0010756539413705
tile_r018019_c010595,3,312.9603881835937,522.095703125,374.9862365722656,524.7999877929688,0.0010665043955668
tile_r018019_c010595,3,208.2563018798828,-12.800000190734863,287.9371643066406,1.3044525384902954,0.0010655416408553
tile_r018019_c010595,3,-10.1651611328125,318.17071533203125,32.33502197265625,423.8934631347656,0.0010627188021317
tile_r018019_c010595,3,360.6529846191406,501.9985961914063,412.7081604003906,511.9718322753906,0.0010557229397818
tile_r018019_c010595,3,72.665771484375,519.8114013671875,142.80307006835938,524.7999877929688,0.001035961904563
tile_r018019_c010595,3,213.1271514892578,521.189453125,275.88818359375,524.7999877929688,0.001032913220115
tile_r018019_c010595,3,282.86358642578125,336.8564453125,357.05059814453125,407.7581176757813,0.0010317222913727
tile_r018019_c010851,3,12.783556938171388,255.8440399169922,76.55769348144531,315.0360412597656,0.7879228591918945
tile_r018019_c010851,3,416.4093627929688,184.5113067626953,479.2267456054688,241.1182403564453,0.7834650278091431
tile_r018019_c010851,3,37.193660736083984,344.7074279785156,89.62579345703125,392.3273315429688,0.7469639182090759
tile_r018019_c010851,3,363.8755493164063,56.15290451049805,432.749755859375,111.0466766357422,0.738101065158844
tile_r018019_c010851,3,400.2555541992188,349.7781677246094,446.9411010742188,390.7904357910156,0.7334831953048706
tile_r018019_c010851,3,480.4820251464844,90.6284637451172,514.3941650390625,138.94961547851562,0.6857434511184692
tile_r018019_c010851,3,170.91647338867188,488.5816955566406,209.45339965820312,512.0662841796875,0.6819630861282349
tile_r018019_c010851,3,292.057373046875,63.3953742980957,333.227783203125,98.8402328491211,0.566011905670166
tile_r018019_c010851,3,488.5322265625,237.9040069580078,514.0831909179688,279.1092224121094,0.4296380877494812
tile_r018019_c010851,3,31.92514419555664,-0.0558174140751361,63.43840408325195,17.480091094970703,0.288060188293457
tile_r018019_c010851,3,29.5981502532959,-1.4468696117401123,66.46836853027344,23.053699493408203,0.1394505053758621
tile_r018019_c010851,3,349.0057983398437,156.5475616455078,379.350341796875,184.59814453125,0.1104571968317031
tile_r018019_c010851,3,167.0016326904297,485.4089965820313,213.8770446777344,513.2523193359375,0.0358141809701919
tile_r018019_c010851,3,406.3465881347656,249.8557586669922,426.4078063964844,267.52703857421875,0.0252414084970951
tile_r018019_c010851,3,505.9307556152344,81.6993637084961,524.0245361328125,143.88760375976562,0.0185054801404476
tile_r018019_c010851,3,41.191627502441406,349.8501281738281,84.35009765625,388.6733093261719,0.0160223264247179
tile_r018019_c010851,3,289.0143737792969,59.1346435546875,337.7206726074219,104.0132293701172,0.0151773057878017
tile_r018019_c010851,3,500.801025390625,225.979248046875,523.696533203125,282.73931884765625,0.0131199182942509
tile_r018019_c010851,3,349.08795166015625,150.7752227783203,385.7137756347656,187.28073120117188,0.0124865714460611
tile_r018019_c010851,3,383.3905334472656,68.98331451416016,432.8514709472656,106.20890045166016,0.0123199075460433
tile_r018019_c010851,3,487.1653747558594,225.2520446777344,515.9315795898438,285.7933654785156,0.0107655236497521
tile_r018019_c010851,3,395.25885009765625,344.3226623535156,451.7508239746094,396.0865173339844,0.0075219175778329
tile_r018019_c010851,3,161.98782348632812,476.5068359375,219.7677001953125,513.2203979492188,0.0073811644688248
tile_r018019_c010851,3,26.708324432373047,-0.7031158208847046,79.41676330566406,27.80246353149414,0.0073429550975561
tile_r018019_c010851,3,27.88145065307617,-2.7543511390686035,80.49842834472656,16.410131454467773,0.0056288745254278
tile_r018019_c010851,3,414.3870239257813,0.0675689727067947,455.4625854492188,14.11694049835205,0.0052686785347759
tile_r018019_c010851,3,166.2135772705078,498.677001953125,214.61752319335935,521.587158203125,0.0047668246552348
tile_r018019_c010851,3,23.23446083068848,268.7332458496094,73.71443939208984,312.7381286621094,0.0046627121046185
tile_r018019_c010851,3,24.929479598999023,-12.645025253295898,74.19173431396484,12.221628189086914,0.00387590425089
tile_r018019_c010851,3,347.6312866210937,144.8480224609375,395.9771118164063,189.2499237060547,0.0035791529808193
tile_r018019_c010851,3,476.3635864257813,226.2144012451172,515.2843017578125,285.29052734375,0.0033795568160712
tile_r018019_c010851,3,173.3916015625,492.1598205566406,205.3239288330078,511.9371643066406,0.0033477526158094
tile_r018019_c010851,3,294.119873046875,67.27876281738281,325.3856811523437,95.6746063232422,0.0027936897240579
tile_r018019_c010851,3,473.6560668945313,85.3019027709961,516.4396362304688,147.93753051757812,0.0027251951396465
tile_r018019_c010851,3,406.9351501464844,-0.4541908204555511,447.8986206054688,14.7819185256958,0.0025544795207679
tile_r018019_c010851,3,180.68536376953125,516.3801879882812,245.2245178222656,524.7999877929688,0.0024562857579439
tile_r018019_c010851,3,499.0750427246094,228.5509796142578,521.2984008789062,293.0009765625,0.0022637888323515
tile_r018019_c010851,3,365.0607299804688,58.77568435668945,409.3251953125,98.43670654296876,0.0022620984818786
tile_r018019_c010851,3,397.024658203125,-5.444863796234131,452.044677734375,8.033655166625977,0.0021625205408781
tile_r018019_c010851,3,83.8190689086914,521.5313720703125,152.7896270751953,524.7999877929688,0.0021512808743864
tile_r018019_c010851,3,232.53857421875,522.2260131835938,297.1029663085937,524.7999877929688,0.0020851991139352
tile_r018019_c010851,3,26.13340759277344,-12.800000190734863,82.03306579589844,17.93692970275879,0.0020475753117352
tile_r018019_c010851,3,205.3983917236328,515.9794921875,260.1324157714844,524.169921875,0.0020348334219306
tile_r018019_c010851,3,510.9650268554688,233.9072723388672,524.7999877929688,297.0572814941406,0.0018214847659692
tile_r018019_c010851,3,24.397968292236328,-1.2312195301055908,73.91720581054688,34.46141815185547,0.0018118600128218
tile_r018019_c010851,3,242.6649932861328,504.1915893554688,294.703857421875,512.8137817382812,0.0017173305386677
tile_r018019_c010851,3,432.9437561035156,198.64889526367188,476.5294799804688,238.3587646484375,0.0016671980265527
tile_r018019_c010851,3,366.4901428222656,59.6202507019043,401.2378845214844,93.50154113769533,0.0016484757652506
tile_r018019_c010851,3,341.2684020996094,451.7076721191406,359.34527587890625,467.48052978515625,0.0016407679067924
tile_r018019_c010851,3,404.4286193847656,246.96536254882807,429.2284240722656,268.4239501953125,0.0015089844819158
tile_r018019_c010851,3,237.031982421875,503.6607360839844,285.1058959960937,512.6044921875,0.00150278408546
tile_r018019_c010851,3,352.18670654296875,159.66983032226562,375.3088989257813,184.08609008789065,0.0014272313565015
tile_r018019_c010851,3,147.0401611328125,488.5910034179688,215.3111572265625,524.0201416015625,0.0014218741562217
tile_r018019_c010851,3,43.63494873046875,520.8931884765625,106.2710418701172,524.7999877929688,0.0014068204909563
tile_r018019_c010851,3,396.1491088867188,-0.661517322063446,444.1539001464844,15.02813720703125,0.0014001482632011
tile_r018019_c010851,3,379.5787658691406,-12.584991455078123,456.7247619628906,2.029545545578003,0.0013908584369346
tile_r018019_c010851,3,414.6798400878906,519.552734375,482.3865661621094,524.7999877929688,0.0013747886987403
tile_r018019_c010851,3,358.1286315917969,44.47382736206055,446.8707885742188,118.8385238647461,0.0013503816444426
tile_r018019_c010851,3,512.3328247070312,89.2052001953125,524.7999877929688,157.17251586914062,0.0012962432811036
tile_r018019_c010851,3,484.1990661621094,190.16204833984372,516.6363525390625,282.0919494628906,0.0012960759922862
tile_r018019_c010851,3,427.89013671875,518.7543334960938,494.6989135742188,524.7999877929688,0.0012530443491414
tile_r018019_c010851,3,252.26010131835935,515.67919921875,318.877197265625,524.2771606445312,0.0012414343655109
tile_r018019_c010851,3,385.7652282714844,-6.826241493225098,442.1842651367188,9.086801528930664,0.0012407032772898
tile_r018019_c010851,3,336.6055603027344,240.8336944580078,379.13092041015625,286.2422790527344,0.0012287205317988
tile_r018019_c010851,3,218.58383178710935,515.3336181640625,273.386962890625,524.0445556640625,0.0012100713793188
tile_r018019_c010851,3,390.238037109375,519.2701416015625,456.9490661621094,524.7999877929688,0.0011752464342862
tile_r018019_c010851,3,56.67000579833984,522.0108642578125,118.17940521240234,524.7999877929688,0.0011640032753348
tile_r018019_c010851,3,95.7210464477539,496.36614990234375,155.70556640625,512.6722412109375,0.0011639322619885
tile_r018019_c010851,3,31.714984893798828,520.9444580078125,89.57555389404297,524.7999877929688,0.0011605235049501
tile_r018019_c010851,3,520.7788696289062,68.4405746459961,524.7999877929688,126.4888687133789,0.0011599432909861
tile_r018019_c010851,3,133.2891845703125,522.499267578125,210.08981323242188,524.7999877929688,0.0011562081053853
tile_r018019_c010851,3,402.5450744628906,519.2557983398438,468.2996520996094,524.7999877929688,0.0011372831650078
tile_r018019_c010851,3,341.8526916503906,448.3585815429688,360.02685546875,465.2755737304688,0.0011256583966314
tile_r018019_c010851,3,170.19381713867188,519.2105712890625,238.54458618164065,524.7999877929688,0.0011176670668646
tile_r018019_c010851,3,416.2619018554688,413.3042907714844,505.7090759277344,476.8556518554688,0.0011169938370585
tile_r018019_c010851,3,297.42144775390625,520.7498779296875,361.9889221191406,524.7999877929688,0.0011137834517285
tile_r018019_c010851,3,520.1231689453125,76.22257232666016,524.7110595703125,132.71194458007812,0.0011107630562037
tile_r018019_c010851,3,108.2100067138672,501.3916931152344,155.00393676757812,511.8213806152344,0.0011074581416323
tile_r018019_c010851,3,394.7327575683594,-12.612550735473633,464.2942810058594,1.045283555984497,0.0011070510372519
tile_r018019_c010851,3,402.2662658691406,353.6030578613281,440.4803161621094,385.6210632324219,0.0011062757112085
tile_r018019_c010851,3,225.2397003173828,502.3738708496094,283.26885986328125,512.5819091796875,0.0010963121894747
tile_r018019_c010851,3,122.46076965332033,521.6953125,204.8169403076172,524.7999877929688,0.0010942838853225
tile_r018019_c010851,3,138.7156219482422,513.0616455078125,204.4602813720703,524.7999877929688,0.0010828808881342
tile_r018019_c010851,3,377.6280822753906,520.0636596679688,445.7076721191406,524.7999877929688,0.0010815730784088
tile_r018019_c010851,3,408.4425659179688,180.6259307861328,487.9619140625,248.98599243164065,0.0010720866266638
tile_r018019_c010851,3,447.6311645507813,518.9558715820312,517.2727661132812,524.7999877929688,0.0010688574984669
tile_r018019_c010851,3,505.12060546875,228.9941864013672,520.68896484375,290.7967834472656,0.0010618024971336
tile_r018019_c010851,3,358.4798889160156,519.4317626953125,426.2976684570313,524.7999877929688,0.0010476934257894
tile_r018019_c010851,3,243.103271484375,514.9734497070312,298.2073669433594,523.8775634765625,0.0010464888764545
tile_r018019_c010851,3,157.9645538330078,515.2023315429688,244.4277801513672,521.0593872070312,0.0010411801049485
tile_r018019_c010851,3,31.26182556152344,438.9244689941406,102.71675872802734,508.1167602539063,0.0010370515519753
tile_r018019_c010851,3,408.59222412109375,-5.465211391448975,454.0396118164063,5.992897033691406,0.001036281697452
tile_r018019_c010851,3,520.6307373046875,219.153076171875,524.7816162109375,278.4799194335937,0.0010352919343858
tile_r018019_c010851,3,239.6920623779297,521.73046875,304.24969482421875,524.7999877929688,0.0010342838941141
tile_r018019_c010851,3,72.76414489746094,521.8693237304688,137.32464599609375,524.7999877929688,0.0010302092414349
tile_r018019_c010851,3,120.27400207519533,516.4412841796875,171.3768310546875,524.6119995117188,0.0010261685820296
tile_r018019_c010851,3,327.594482421875,520.4334716796875,392.32708740234375,524.7999877929688,0.0010218097595497
tile_r018019_c010851,3,339.01580810546875,520.0018310546875,405.9291076660156,524.7999877929688,0.0010109069989994
tile_r018019_c011107,3,232.8905792236328,237.8329315185547,280.247314453125,281.17095947265625,0.8116675615310669
tile_r018019_c011107,3,224.4125213623047,88.86796569824219,273.4695129394531,138.8751983642578,0.8085077404975891
tile_r018019_c011107,3,160.67678833007812,184.8111267089844,222.9231719970703,240.72933959960935,0.7755298018455505
tile_r018019_c011107,3,349.3558349609375,429.16943359375,388.2179870605469,469.3936462402344,0.7684592604637146
tile_r018019_c011107,3,287.2530517578125,399.52838134765625,332.4451904296875,438.90435791015625,0.7563222646713257
tile_r018019_c011107,3,109.01570129394533,55.33381271362305,178.6114044189453,110.5057373046875,0.7291660904884338
tile_r018019_c011107,3,144.4292449951172,349.864990234375,190.7152404785156,390.55560302734375,0.7255303263664246
tile_r018019_c011107,3,383.2701416015625,173.2650604248047,417.630859375,204.0550079345703,0.6719074249267578
tile_r018019_c011107,3,336.38153076171875,111.600830078125,361.3517456054688,134.6627960205078,0.6516161561012268
tile_r018019_c011107,3,298.9591064453125,285.3216857910156,331.1147155761719,313.8534240722656,0.6298655867576599
tile_r018019_c011107,3,35.58447265625,63.46199798583984,77.888916015625,98.8830337524414,0.5039322972297668
tile_r018019_c011107,3,93.2210922241211,156.6494598388672,123.2390594482422,184.3521423339844,0.1084658801555633
tile_r018019_c011107,3,263.37030029296875,474.994384765625,289.7392578125,503.1399841308594,0.0814718902111053
tile_r018019_c011107,3,295.2040100097656,281.75360107421875,334.5367126464844,316.1747436523437,0.070985272526741
tile_r018019_c011107,3,332.4930725097656,110.11161041259766,363.038818359375,137.94728088378906,0.0614898018538951
tile_r018019_c011107,3,379.7789916992188,170.78970336914062,420.7477416992188,208.9043426513672,0.0313934758305549
tile_r018019_c011107,3,36.83330154418945,66.6279525756836,71.82098388671875,96.34896087646484,0.0288736131042242
tile_r018019_c011107,3,32.4440803527832,59.64189529418945,81.26878356933594,103.58766174316406,0.0240181740373373
tile_r018019_c011107,3,344.6270446777344,424.3907165527344,393.5283203125,474.3938598632813,0.020482487976551
tile_r018019_c011107,3,150.4484405517578,249.8489227294922,170.39169311523438,267.44012451171875,0.0176045801490545
tile_r018019_c011107,3,127.9012451171875,69.2083511352539,176.3789825439453,105.95231628417967,0.0138708474114537
tile_r018019_c011107,3,93.4686508178711,150.85897827148438,129.5611114501953,187.30288696289065,0.0095569342374801
tile_r018019_c011107,3,333.9532775878906,113.3247528076172,356.92657470703125,133.51992797851562,0.0076466952450573
tile_r018019_c011107,3,158.65927124023438,0.3530944883823395,199.7023468017578,13.8369140625,0.0057472619228065
tile_r018019_c011107,3,139.17245483398438,344.39385986328125,195.580810546875,395.9189758300781,0.0053777205757796
tile_r018019_c011107,3,114.3289794921875,63.28157806396485,173.7108612060547,107.62702941894533,0.0052341669797897
tile_r018019_c011107,3,282.3277587890625,394.109375,336.2397766113281,445.0030212402344,0.0050460123457014
tile_r018019_c011107,3,300.87762451171875,288.3411560058594,327.10809326171875,311.4944763183594,0.0046318587847054
tile_r018019_c011107,3,362.0036010742188,503.1695251464844,425.1795043945313,513.0455322265625,0.0041165449656546
tile_r018019_c011107,3,228.61767578125,93.2204132080078,267.83624267578125,136.2535858154297,0.0038423722144216
tile_r018019_c011107,3,90.80158996582033,154.2918243408203,125.4139175415039,190.46371459960935,0.0038287043571472
tile_r018019_c011107,3,196.3193817138672,415.1214294433594,250.1025848388672,472.2711486816406,0.0037898190785199
tile_r018019_c011107,3,261.520751953125,473.0518493652344,295.086669921875,505.5940551757813,0.0034095514565706
tile_r018019_c011107,3,428.1509704589844,500.3728637695313,457.7545776367188,512.6728515625,0.0032786217052489
tile_r018019_c011107,3,151.68594360351562,-0.0051330565474927,192.32321166992188,14.459277153015137,0.0030738397035747
tile_r018019_c011107,3,109.1836166381836,58.80096435546875,152.40036010742188,98.03511810302734,0.0029436452314257
tile_r018019_c011107,3,91.77857971191406,144.8693084716797,139.90377807617188,189.658935546875,0.0027752816677093
tile_r018019_c011107,3,231.3681640625,520.1851806640625,296.11846923828125,524.7999877929688,0.0027215911541134
tile_r018019_c011107,3,376.9865417480469,514.844970703125,438.0496215820313,524.1446533203125,0.002438323572278
tile_r018019_c011107,3,140.01510620117188,-5.184729099273682,196.28335571289065,7.274527072906494,0.0023331483826041
tile_r018019_c011107,3,382.5903930664063,521.9490966796875,450.7732543945313,524.7999877929688,0.0022404396440833
tile_r018019_c011107,3,110.5701675415039,59.62897872924805,144.94271850585938,93.49835205078124,0.0022239307872951
tile_r018019_c011107,3,244.444091796875,519.9646606445312,310.14208984375,524.7999877929688,0.0021380181424319
tile_r018019_c011107,3,248.9079132080078,520.9782104492188,317.35137939453125,524.7999877929688,0.0021243414375931
tile_r018019_c011107,3,393.2218627929688,514.6839599609375,450.8351440429688,524.2423706054688,0.0020667756907641
tile_r018019_c011107,3,416.7062377929688,519.0916748046875,486.7867126464844,524.7999877929688,0.0020223439205437
tile_r018019_c011107,3,176.61434936523438,198.9767608642578,220.2712860107422,238.1636657714844,0.0019684629514813
tile_r018019_c011107,3,291.181884765625,276.0881042480469,342.0157775878906,325.4213562011719,0.0019113726448267
tile_r018019_c011107,3,373.5977478027344,166.5319061279297,423.5548706054688,214.6876983642578,0.0018082244787365
tile_r018019_c011107,3,225.6315460205078,225.4671173095703,286.39080810546875,291.9599304199219,0.0018023460870608
tile_r018019_c011107,3,274.08221435546875,501.035888671875,343.76373291015625,512.749267578125,0.001704819034785
tile_r018019_c011107,3,353.30084228515625,514.5096435546875,414.52532958984375,523.6529541015625,0.0016526654362678
tile_r018019_c011107,3,363.8673400878906,514.3013916015625,426.69482421875,523.8492431640625,0.0016433006385341
tile_r018019_c011107,3,345.3706970214844,515.115234375,403.2782287597656,523.7527465820312,0.0016414164565503
tile_r018019_c011107,3,357.8258361816406,521.6256103515625,430.0262756347656,524.7999877929688,0.0016351692611351
tile_r018019_c011107,3,-12.265393257141112,521.8076171875,43.65814208984375,524.7999877929688,0.0015976066933944
tile_r018019_c011107,3,370.2618103027344,522.0280151367188,439.5542907714844,524.7999877929688,0.0015814488288015
tile_r018019_c011107,3,233.62939453125,511.1461791992188,320.9330444335937,524.0139770507812,0.0015722900861874
tile_r018019_c011107,3,123.2205047607422,-12.553319931030272,200.7112274169922,1.6196426153182983,0.0015501427697017
tile_r018019_c011107,3,269.85418701171875,515.3497314453125,334.17510986328125,524.2337036132812,0.0015411870554089
tile_r018019_c011107,3,249.8746032714844,502.8103942871094,321.36309814453125,513.9862670898438,0.0014961952110752
tile_r018019_c011107,3,158.1603546142578,519.3668212890625,227.3368682861328,524.7999877929688,0.0014766550157219
tile_r018019_c011107,3,217.6428985595703,82.98690032958984,281.40545654296875,145.80178833007812,0.0014735268196091
tile_r018019_c011107,3,96.49483489990234,159.6896209716797,118.99830627441406,183.9219512939453,0.00146505900193
tile_r018019_c011107,3,262.5267944335937,515.33447265625,320.61785888671875,523.8436279296875,0.0014601564034819
tile_r018019_c011107,3,154.2060546875,178.5467987060547,229.42800903320312,245.0845489501953,0.001451775082387
tile_r018019_c011107,3,80.69441986083984,239.6853485107422,123.14422607421876,284.97705078125,0.0014509492320939
tile_r018019_c011107,3,422.1468811035156,521.0394287109375,492.9465942382813,524.7999877929688,0.0014306443044915
tile_r018019_c011107,3,411.8863220214844,514.0167236328125,463.3591918945313,523.9361572265625,0.0014067427255213
tile_r018019_c011107,3,171.093994140625,518.2923583984375,239.4325714111328,524.7999877929688,0.0014037617947906
tile_r018019_c011107,3,337.1576843261719,515.413818359375,393.7309265136719,524.153076171875,0.0013942702207714
tile_r018019_c011107,3,253.6105194091797,469.4205932617188,295.5205383300781,514.3577270507812,0.0013880155747756
tile_r018019_c011107,3,179.06358337402344,409.0376892089844,250.5426788330078,470.2284240722656,0.0013797580031678
tile_r018019_c011107,3,345.72076416015625,502.5794067382813,417.8424377441406,513.1891479492188,0.0013717852998524
tile_r018019_c011107,3,133.6234588623047,-0.3071624636650085,185.22219848632807,14.140869140625,0.0013601337559521
tile_r018019_c011107,3,427.06298828125,514.0230102539062,478.0198364257813,524.1426391601562,0.0013578900834545
tile_r018019_c011107,3,146.26828002929688,353.54815673828125,184.37765502929688,385.5378723144531,0.0013522112276405
tile_r018019_c011107,3,238.8174285888672,500.6006774902344,315.12310791015625,513.9074096679688,0.0013382763136178
tile_r018019_c011107,3,287.00244140625,515.5255126953125,348.99664306640625,524.5526123046875,0.0013313668314367
tile_r018019_c011107,3,323.39129638671875,521.8687744140625,394.6285095214844,524.7999877929688,0.0013225581496953
tile_r018019_c011107,3,348.7025451660156,511.373046875,435.51080322265625,522.3484497070312,0.0013119750656187
tile_r018019_c011107,3,451.7136840820313,504.5032653808594,511.9347534179688,512.9042358398438,0.0013034571893513
tile_r018019_c011107,3,436.0509643554688,515.1881103515625,489.9205017089844,524.0841064453125,0.0012852362124249
tile_r018019_c011107,3,129.94003295898438,-6.68175745010376,186.3882293701172,7.848730564117432,0.0012757969088852
tile_r018019_c011107,3,102.3318099975586,44.4643783569336,190.3326873779297,118.46405029296876,0.0012719895457848
tile_r018019_c011107,3,443.9090270996094,515.9051513671875,503.5895080566406,524.0846557617188,0.0012674622703343
tile_r018019_c011107,3,134.03329467773438,519.1768798828125,201.8083038330078,524.7999877929688,0.001248883549124
tile_r018019_c011107,3,410.1495971679688,512.1403198242188,493.4497985839844,523.1729736328125,0.0012223329395055
tile_r018019_c011107,3,349.94744873046875,485.4381713867188,441.27532958984375,513.6905517578125,0.001213981071487
tile_r018019_c011107,3,146.2943878173828,519.1121215820312,213.2227020263672,524.7999877929688,0.0012091300450265
tile_r018019_c011107,3,148.43386840820312,246.3856964111328,173.41598510742188,268.2738647460937,0.001195776858367
tile_r018019_c011107,3,401.748046875,520.2144775390625,471.9632873535156,524.7999877929688,0.0011935953516513
tile_r018019_c011107,3,395.7452697753906,521.9412841796875,461.55511474609375,524.7999877929688,0.0011857067001983
tile_r018019_c011107,3,28.877635955810547,54.0716438293457,89.9893569946289,110.22257232666016,0.0011724823853
tile_r018019_c011107,3,361.0660095214844,43.581573486328125,384.015625,65.90873718261719,0.0011702848132699
tile_r018019_c011107,3,215.1423797607422,518.5810546875,285.5945739746094,524.7999877929688,0.0011516595259308
tile_r018019_c011107,3,418.891357421875,-12.584912300109863,496.566162109375,0.1044128388166427,0.0011512152850627
tile_r018019_c011107,3,331.0453186035156,105.01953125,366.1819458007813,142.7788543701172,0.0011501745320856
tile_r018019_c011107,3,-3.921032667160034,502.19873046875,47.70317459106445,513.4186401367188,0.001134754740633
tile_r018019_c011107,3,443.6891479492188,521.3298950195312,508.6810607910156,524.7999877929688,0.0011335317976772
tile_r018019_c011107,3,138.1598663330078,-12.587091445922852,208.4424285888672,0.8168395757675171,0.001114587415941
tile_r018019_c011107,3,402.8406372070313,498.7692260742188,457.5834045410156,512.84619140625,0.0011131019564345
tile_r018019_c011107,3,454.41595458984375,516.4274291992188,518.4681396484375,524.4586791992188,0.0011023901170119
tile_r018019_c011107,3,121.312744140625,519.9344482421875,190.4043884277344,524.7999877929688,0.0011003839317709
tile_r018019_c011107,3,166.15817260742188,514.7969360351562,258.9010314941406,524.7999877929688,0.0010985767003148
tile_r018019_c011107,3,340.5419311523437,521.1895141601562,413.1603393554688,524.7999877929688,0.0010929706040769
tile_r018019_c011107,3,231.8463897705078,497.1875,311.45184326171875,514.6982421875,0.0010904454393312
tile_r018019_c011107,3,195.6173553466797,517.7801513671875,265.1496887207031,524.7999877929688,0.0010888671968132
tile_r018019_c011107,3,414.2590942382813,128.5343780517578,440.4676818847656,154.018798828125,0.001086029689759
tile_r018019_c011107,3,164.09242248535156,274.40155029296875,225.0840301513672,326.52606201171875,0.0010786878410726
tile_r018019_c011107,3,102.14152526855467,519.414794921875,170.3179473876953,524.7999877929688,0.0010780118172988
tile_r018019_c011107,3,444.0281372070313,501.0048828125,510.0365295410156,513.447265625,0.0010754617396742
tile_r018019_c011107,3,40.80584716796875,520.6767578125,106.24398040771484,524.7999877929688,0.0010742008453235
tile_r018019_c011107,3,310.05029296875,391.997802734375,390.8987426757813,475.1663513183594,0.0010646253358572
tile_r018019_c011107,3,83.13672637939453,447.0205078125,104.85693359375,468.7150268554688,0.0010587036376819
tile_r018019_c011107,3,347.3740234375,488.0486450195313,420.6825256347656,510.7978515625,0.0010366208152845
tile_r018019_c011107,3,89.2444076538086,519.7230224609375,157.2467041015625,524.7999877929688,0.0010344352340325
tile_r018019_c011107,3,147.33642578125,250.065185546875,167.68496704101562,268.7967224121094,0.0010315526742488
tile_r018019_c011107,3,337.53839111328125,503.8636779785156,403.3523559570313,513.2081909179688,0.0010300006251782
tile_r018019_c011107,3,257.94024658203125,465.6763610839844,308.82843017578125,509.2523498535156,0.0010214331559836
tile_r018019_c011363,3,387.423583984375,54.011695861816406,434.2010192871094,103.6493911743164,0.8623868823051453
tile_r018019_c011363,3,381.71234130859375,265.1430969238281,431.2254028320313,309.5751342773437,0.7655459046363831
tile_r018019_c011363,3,93.4572982788086,429.1613159179688,132.18899536132812,469.3497924804688,0.7612489461898804
tile_r018019_c011363,3,353.1826171875,12.773923873901367,393.9937438964844,55.03043365478516,0.7582226991653442
tile_r018019_c011363,3,30.726415634155277,399.22369384765625,76.75667572021484,439.46575927734375,0.7575657963752747
tile_r018019_c011363,3,79.75401306152344,111.47509765625,105.5660171508789,135.12252807617188,0.6896608471870422
tile_r018019_c011363,3,127.67561340332033,173.4317626953125,161.4038543701172,203.859375,0.669850766658783
tile_r018019_c011363,3,435.7218322753906,394.77239990234375,468.7610778808594,426.3190002441406,0.636001706123352
tile_r018019_c011363,3,41.651611328125,283.4082946777344,76.76567077636719,314.88739013671875,0.6218897700309753
tile_r018019_c011363,3,296.01251220703125,44.7128791809082,321.68377685546875,67.75418853759766,0.5814687013626099
tile_r018019_c011363,3,377.0248107910156,96.5092544555664,412.3778381347656,131.36825561523438,0.5380975604057312
tile_r018019_c011363,3,452.9111328125,154.62454223632812,487.6423950195313,187.87252807617188,0.5087795257568359
tile_r018019_c011363,3,338.4100646972656,-3.661184787750244,385.5712890625,22.44826889038086,0.4792425632476806
tile_r018019_c011363,3,-0.3791824281215668,239.3103485107422,26.339519500732425,282.8970642089844,0.4518239200115204
tile_r018019_c011363,3,340.1095275878906,-1.8572410345077517,381.9349670410156,17.59414291381836,0.1976289302110672
tile_r018019_c011363,3,495.9758911132813,264.1300354003906,512.865234375,290.2449645996094,0.0573280304670333
tile_r018019_c011363,3,345.6259765625,0.373129278421402,385.2156372070313,19.37603759765625,0.0558062456548213
tile_r018019_c011363,3,372.4689331054688,93.5693359375,415.3203125,139.1211395263672,0.0454736836254596
tile_r018019_c011363,3,38.728309631347656,279.7376403808594,80.2353515625,318.6588439941406,0.0391530990600585
tile_r018019_c011363,3,124.11305236816406,170.99044799804688,164.69654846191406,208.81326293945312,0.0357385613024234
tile_r018019_c011363,3,495.52142333984375,254.783203125,514.2667236328125,292.06671142578125,0.0333632491528987
tile_r018019_c011363,3,77.8431625366211,112.79353332519533,101.14128112792967,133.1039276123047,0.0301373209804296
tile_r018019_c011363,3,407.14990234375,0.1403137147426605,435.12255859375,12.420331001281738,0.0284480955451726
tile_r018019_c011363,3,44.2203369140625,286.5684509277344,73.302490234375,312.66412353515625,0.0251670368015766
tile_r018019_c011363,3,293.81024169921875,41.0133056640625,324.41961669921875,70.23689270019531,0.0211257841438055
tile_r018019_c011363,3,341.7929077148437,0.258566290140152,376.17669677734375,18.873205184936523,0.0195895619690418
tile_r018019_c011363,3,88.68292236328125,424.6737365722656,137.33155822753906,474.0301818847656,0.0192510429769754
tile_r018019_c011363,3,448.96624755859375,152.1753692626953,491.2574768066406,191.35787963867188,0.0156506709754467
tile_r018019_c011363,3,-9.6817045211792,231.0612335205078,29.602710723876957,285.538818359375,0.0149290533736348
tile_r018019_c011363,3,405.8744201660156,-2.6014771461486816,436.3270568847656,11.095636367797852,0.0143176168203353
tile_r018019_c011363,3,295.39263916015625,46.5931396484375,316.2826538085937,66.8770751953125,0.0131378229707479
tile_r018019_c011363,3,-3.993397474288941,231.5061798095703,35.050270080566406,294.1151123046875,0.0127025870606303
tile_r018019_c011363,3,0.70379638671875,95.78205871582033,17.293304443359375,134.4307403564453,0.0091154025867581
tile_r018019_c011363,3,358.61102294921875,17.992565155029297,390.8069458007813,51.63996505737305,0.0089869787916541
tile_r018019_c011363,3,432.26708984375,390.3230895996094,474.1581115722656,431.1131286621094,0.0080721788108348
tile_r018019_c011363,3,507.0887756347656,244.15786743164065,520.6393432617188,303.7340393066406,0.0063413372263312
tile_r018019_c011363,3,0.896099865436554,86.26553344726562,14.497881889343262,137.0268096923828,0.0055863768793642
tile_r018019_c011363,3,1.180332899093628,95.9622039794922,12.771440505981444,133.7958984375,0.0055797030217945
tile_r018019_c011363,3,25.71879005432129,393.6724548339844,80.76155853271484,445.4940490722656,0.0053077572956681
tile_r018019_c011363,3,403.9476623535156,-5.094503879547119,455.6068420410156,9.869699478149414,0.0049668620340526
tile_r018019_c011363,3,0.9900909662246704,99.95100402832033,10.8683443069458,131.3250274658203,0.0048893066123127
tile_r018019_c011363,3,75.75900268554688,108.75767517089844,108.5704345703125,140.17242431640625,0.0046662208624184
tile_r018019_c011363,3,487.8456115722656,248.1301727294922,514.9035034179688,294.2604064941406,0.0046066171489655
tile_r018019_c011363,3,380.77978515625,52.1716194152832,439.9627075195313,118.26861572265624,0.0043433532118797
tile_r018019_c011363,3,107.27342224121094,502.9205017089844,168.38043212890625,512.9658203125,0.0042137447744607
tile_r018019_c011363,3,337.84234619140625,-0.7946532964706421,397.13812255859375,45.43546676635742,0.0041933278553187
tile_r018019_c011363,3,437.6106567382813,398.0011596679688,464.74755859375,424.2667846679688,0.0041746133938431
tile_r018019_c011363,3,407.8990173339844,0.115509033203125,453.4485473632813,13.414209365844728,0.0041646878235042
tile_r018019_c011363,3,-3.944798231124878,226.93814086914065,11.22026538848877,283.2826538085937,0.0038125284481793
tile_r018019_c011363,3,397.1897583007813,-4.369807243347168,439.6116333007813,7.53549337387085,0.0036971904337406
tile_r018019_c011363,3,489.8223571777344,237.0241241455078,515.5255126953125,297.99774169921875,0.0035136733204126
tile_r018019_c011363,3,-4.3423333168029785,239.46792602539065,7.636034965515137,282.7711486816406,0.0035045142285525
tile_r018019_c011363,3,405.2037048339844,-12.800000190734863,477.0453186035156,1.843310594558716,0.0034461319446563
tile_r018019_c011363,3,410.7225646972656,410.9020385742188,429.5592651367188,429.32275390625,0.0034141221549361
tile_r018019_c011363,3,381.9749450683594,100.20344543457033,410.741943359375,128.9652099609375,0.0033493153750896
tile_r018019_c011363,3,172.53536987304688,499.9732360839844,201.57614135742188,512.6256713867188,0.0031694632489234
tile_r018019_c011363,3,34.7584114074707,275.46783447265625,86.2330322265625,325.558837890625,0.0030005248263478
tile_r018019_c011363,3,375.7859802246094,256.47125244140625,437.3067932128906,316.84844970703125,0.0029067930299788
tile_r018019_c011363,3,332.85809326171875,-3.824115037918091,383.2007751464844,14.3539400100708,0.0029017571359872
tile_r018019_c011363,3,370.5831909179688,52.88931274414063,433.6319274902344,136.0541534423828,0.0028735550586134
tile_r018019_c011363,3,377.4017639160156,-12.42973518371582,446.67724609375,7.357470512390137,0.0027940429281443
tile_r018019_c011363,3,513.6620483398438,242.8441925048828,521.1669311523438,295.90533447265625,0.0027897565159946
tile_r018019_c011363,3,33.544456481933594,403.4435424804688,72.11795806884766,437.005859375,0.0027888333424925
tile_r018019_c011363,3,339.1922607421875,-0.5273910760879517,389.7737121582031,26.695581436157227,0.0026129793841391
tile_r018019_c011363,3,370.2727966308594,-12.141830444335938,444.932373046875,1.0351364612579346,0.0024362402036786
tile_r018019_c011363,3,369.85748291015625,84.63407897949219,421.53411865234375,142.13418579101562,0.0023845103569328
tile_r018019_c011363,3,121.6291046142578,514.6602783203125,181.15673828125,524.1490478515625,0.0022738371044397
tile_r018019_c011363,3,185.1898498535156,24.2797908782959,239.3285217285156,68.04673767089844,0.0022599482908844
tile_r018019_c011363,3,443.92236328125,141.5976104736328,495.3030395507813,193.3089141845703,0.0021057934500277
tile_r018019_c011363,3,344.54461669921875,4.635406494140625,393.8385314941406,55.194114685058594,0.0020483832340687
tile_r018019_c011363,3,127.36076354980467,522.0060424804688,193.14352416992188,524.7999877929688,0.0020051463507115
tile_r018019_c011363,3,8.704954147338867,476.33154296875,32.18377685546875,501.9000854492188,0.0019896775484085
tile_r018019_c011363,3,267.9612731933594,519.9110717773438,331.79998779296875,524.7999877929688,0.0019463476492092
tile_r018019_c011363,3,137.8309326171875,514.4728393554688,193.99172973632807,524.2611083984375,0.0018939170986413
tile_r018019_c011363,3,248.6190948486328,-0.016736602410674,309.904296875,13.141552925109863,0.0018818796379491
tile_r018019_c011363,3,117.70375061035156,167.3574676513672,167.17564392089844,213.9032287597656,0.001871237065643
tile_r018019_c011363,3,161.30239868164062,519.0048217773438,229.5166473388672,524.7999877929688,0.0018529790686443
tile_r018019_c011363,3,511.065185546875,238.2332000732422,523.7886352539062,296.45782470703125,0.0017664815532043
tile_r018019_c011363,3,20.499719619750977,500.7801818847656,86.69197082519531,512.6629638671875,0.001650724094361
tile_r018019_c011363,3,20.41119956970215,390.4024353027344,86.41477966308594,453.5891723632813,0.0015962807228788
tile_r018019_c011363,3,506.6080932617188,248.1634826660156,524.2220458984375,299.7730407714844,0.0015912441303953
tile_r018019_c011363,3,-12.800000190734863,520.9232788085938,43.59934616088867,524.7999877929688,0.0015695557231083
tile_r018019_c011363,3,405.4685668945313,-5.304383754730225,464.66015625,6.30880880355835,0.0015686324331909
tile_r018019_c011363,3,102.23210144042967,521.7745971679688,171.40353393554688,524.7999877929688,0.0015651807188987
tile_r018019_c011363,3,1.7944304943084717,84.03784942626953,23.35639953613281,132.6907196044922,0.0015647939871996
tile_r018019_c011363,3,340.66046142578125,0.6263824701309204,367.0879821777344,16.6578311920166,0.0015585115179419
tile_r018019_c011363,3,400.8561401367188,-1.0363861322402954,436.8789978027344,21.646774291992188,0.0015575109282508
tile_r018019_c011363,3,311.59600830078125,517.3045654296875,380.2987365722656,524.7999877929688,0.0015381866833195
tile_r018019_c011363,3,-3.5892882347106934,502.2345581054688,65.31764221191406,513.8763427734375,0.0015370820183306
tile_r018019_c011363,3,114.783203125,522.0623779296875,181.45425415039065,524.7999877929688,0.0015184119110926
tile_r018019_c011363,3,329.4288024902344,-12.543441772460938,388.01611328125,7.810938835144043,0.0015116976574063
tile_r018019_c011363,3,-5.296460151672363,520.80126953125,60.226524353027344,524.7999877929688,0.0014905467396602
tile_r018019_c011363,3,108.4595184326172,514.1233520507812,169.53219604492188,523.8196411132812,0.0014768245164304
tile_r018019_c011363,3,89.98588562011719,515.0388793945312,146.18380737304688,523.7529296875,0.0014702673070132
tile_r018019_c011363,3,97.7019271850586,514.4105224609375,157.7043914794922,523.6577758789062,0.0014528752071782
tile_r018019_c011363,3,104.7558822631836,44.49241256713867,127.55436706542967,65.78504943847656,0.0014525909209623
tile_r018019_c011363,3,279.4510803222656,519.7130126953125,341.4229431152344,524.7999877929688,0.0014485691208392
tile_r018019_c011363,3,418.8346252441406,0.5211029052734375,470.6214294433594,13.265551567077637,0.001413187244907
tile_r018019_c011363,3,370.55853271484375,436.7345581054688,431.3766479492188,496.7144470214844,0.0013947463594377
tile_r018019_c011363,3,90.5128402709961,502.0579528808594,161.32485961914062,513.1571044921875,0.0013816613936796
tile_r018019_c011363,3,237.1852264404297,-12.69622039794922,321.50274658203125,2.9646544456481934,0.0013554913457483
tile_r018019_c011363,3,335.1358337402344,517.6813354492188,406.2843627929688,524.7999877929688,0.0013401715550571
tile_r018019_c011363,3,199.0820770263672,515.4474487304688,258.0274353027344,523.9986572265625,0.00133730226662
tile_r018019_c011363,3,68.81205749511719,522.0296630859375,137.1019287109375,524.7999877929688,0.0013236438389867
tile_r018019_c011363,3,81.86705017089844,515.3438110351562,136.23300170898438,524.1383056640625,0.0013030488044023
tile_r018019_c011363,3,285.8490295410156,519.0432739257812,353.61669921875,524.7999877929688,0.001301129697822
tile_r018019_c011363,3,389.9249877929688,520.5244140625,456.39697265625,524.7999877929688,0.0012739731464534
tile_r018019_c011363,3,16.462881088256836,515.1080932617188,77.61219787597656,524.2401123046875,0.0012723470572382
tile_r018019_c011363,3,156.9174346923828,513.7293701171875,206.86245727539065,523.9181518554688,0.0012497885618358
tile_r018019_c011363,3,291.0481872558594,34.648319244384766,330.269287109375,72.68428039550781,0.00123257341329
tile_r018019_c011363,3,187.95541381835935,521.3599853515625,250.68716430664065,524.7999877929688,0.001226425752975
tile_r018019_c011363,3,-4.191622257232666,80.918701171875,4.681302070617676,136.4552459716797,0.0012148855021223
tile_r018019_c011363,3,93.04191589355467,485.5135803222656,188.2826232910156,513.9182739257812,0.0012081682216376
tile_r018019_c011363,3,166.7127227783203,520.9453125,235.71408081054688,524.7999877929688,0.0012020310387015
tile_r018019_c011363,3,32.74344253540039,515.1665649414062,91.36434173583984,524.3944091796875,0.0011983915464952
tile_r018019_c011363,3,323.5578918457031,517.5007934570312,392.4718933105469,524.7999877929688,0.0011875943746417
tile_r018019_c011363,3,210.34567260742188,521.0197143554688,275.5950927734375,524.7999877929688,0.00117612502072
tile_r018019_c011363,3,208.974609375,515.2642822265625,271.824462890625,524.4566650390625,0.0011740727350115
tile_r018019_c011363,3,512.1533203125,251.27523803710935,524.7999877929688,309.1726989746094,0.0011538512771949
tile_r018019_c011363,3,146.49282836914062,520.2254638671875,214.5596618652344,524.7999877929688,0.0011503745336085
tile_r018019_c011363,3,171.8585662841797,513.8349609375,221.20877075195312,523.9974365234375,0.001146018737927
tile_r018019_c011363,3,382.2562561035156,519.434326171875,452.2998046875,524.7999877929688,0.0011359087657183
tile_r018019_c011363,3,143.62106323242188,81.35713195800781,160.3555450439453,95.82025146484376,0.0011279177851974
tile_r018019_c011363,3,189.3246307373047,515.47314453125,245.87570190429688,523.9534301757812,0.0011257226578891
tile_r018019_c011363,3,85.06974792480469,521.5086669921875,154.6951904296875,524.7999877929688,0.0011232750257477
tile_r018019_c011363,3,93.0665512084961,511.4690551757813,178.23043823242188,522.4094848632812,0.0011172736994922
tile_r018019_c011363,3,259.62060546875,520.8116455078125,326.22149658203125,524.7999877929688,0.0011119748232886
tile_r018019_c011363,3,297.7606506347656,518.298828125,367.9517517089844,524.7999877929688,0.0011063567362725
tile_r018019_c011363,3,404.5972595214844,-12.753311157226562,466.638671875,-7.644729614257812,0.0011058315867558
tile_r018019_c011363,3,293.4195861816406,33.719261169433594,331.8846130371094,84.0772933959961,0.0011056024814024
tile_r018019_c011363,3,448.2196350097656,521.1779174804688,510.7386779785156,524.7999877929688,0.0010977057972922
tile_r018019_c011363,3,5.102587699890137,468.87213134765625,34.402984619140625,502.42388916015625,0.0010933830635622
tile_r018019_c011363,3,-10.073545455932615,199.6015625,37.1259880065918,290.98223876953125,0.0010905473027378
tile_r018019_c011363,3,140.47952270507812,521.9694213867188,204.22311401367188,524.7999877929688,0.0010870886035263
tile_r018019_c011363,3,127.4552230834961,33.20380783081055,178.082763671875,98.846435546875,0.0010777818970382
tile_r018019_c011363,3,-12.800000190734863,512.0166625976562,69.82915496826172,523.811279296875,0.001069943071343
tile_r018019_c011363,3,362.19244384765625,518.263916015625,429.97454833984375,524.7999877929688,0.001058630994521
tile_r018019_c011363,3,487.8756408691406,209.6201171875,517.4765014648438,293.8780822753906,0.0010539051145315
tile_r018019_c011363,3,346.9500427246094,-3.551623582839966,387.248779296875,16.363306045532227,0.0010495170718058
tile_r018019_c011363,3,424.2390747070313,369.84576416015625,483.8583984375,425.6659240722656,0.001044665579684
tile_r018019_c011363,3,180.69631958007807,515.0341186523438,233.86941528320312,523.9864501953125,0.0010436460142955
tile_r018019_c011363,3,298.0399780273437,514.286376953125,370.98052978515625,524.7999877929688,0.0010377779835835
tile_r018019_c011363,3,49.95314407348633,392.1471252441406,134.9952850341797,475.6529846191406,0.0010362481698393
tile_r018019_c011363,3,89.966552734375,488.1016540527344,165.1129913330078,511.1516723632813,0.0010358350118622
tile_r018019_c011363,3,332.7616271972656,514.2076416015625,422.6326293945313,524.7999877929688,0.0010337820276618
tile_r018019_c011363,3,459.6426696777344,158.05050659179688,485.7118225097656,184.7191162109375,0.0010321808513253
tile_r018019_c011363,3,73.68767547607422,108.4827651977539,111.52204895019533,149.23989868164062,0.0010278068948537
tile_r018019_c011363,3,154.73289489746094,512.1046142578125,237.3186492919922,522.8946533203125,0.0010243810247629
tile_r018019_c011363,3,82.22064208984375,503.4855041503906,146.74407958984375,513.1884155273438,0.0010241015115752
tile_r018019_c011363,3,349.45166015625,517.8402099609375,419.3438415527344,524.7999877929688,0.0010238410905003
tile_r018019_c011363,3,-10.261159896850586,72.6043472290039,16.8909969329834,136.19668579101562,0.0010207672603428
tile_r018019_c011363,3,389.7896423339844,269.0028381347656,428.0451049804688,304.61187744140625,0.0010143935214728
tile_r018019_c011363,3,458.6411743164063,501.5904235839844,512.6832275390625,513.55078125,0.0010134836193174
tile_r018019_c011363,3,148.594482421875,498.59564208984375,201.3227081298828,512.7334594726562,0.0010057569015771
tile_r018019_c011619,3,131.17428588867188,53.7679443359375,178.45272827148438,103.7835922241211,0.8632823824882507
tile_r018019_c011619,3,247.1679229736328,468.4722595214844,291.1456604003906,511.5267639160156,0.8002026081085205
tile_r018019_c011619,3,335.8277587890625,434.9807739257813,391.73150634765625,487.1708068847656,0.7941074967384338
tile_r018019_c011619,3,392.92523193359375,331.6419372558594,437.2691345214844,373.3023071289063,0.7896662354469299
tile_r018019_c011619,3,322.7020874023437,235.20870971679688,369.692138671875,279.2890319824219,0.7816550135612488
tile_r018019_c011619,3,125.42665100097656,264.9213562011719,175.59092712402344,309.6364440917969,0.7659672498703003
tile_r018019_c011619,3,236.4885711669922,235.6350555419922,303.5860290527344,293.1288146972656,0.7659536600112915
tile_r018019_c011619,3,98.3047103881836,14.844866752624512,137.5072479248047,53.82255172729492,0.7568098902702332
tile_r018019_c011619,3,420.6708068847656,459.89892578125,457.8541870117188,491.0178833007813,0.6615753173828125
tile_r018019_c011619,3,179.47079467773438,394.634033203125,213.1662139892578,426.468505859375,0.6454628705978394
tile_r018019_c011619,3,119.42634582519533,95.6980972290039,156.7779541015625,134.0390167236328,0.5041221380233765
tile_r018019_c011619,3,195.9423065185547,154.6353302001953,231.90280151367188,187.9987030029297,0.4572612643241882
tile_r018019_c011619,3,39.91085052490234,44.3642807006836,66.36192321777344,67.6475830078125,0.4429262280464172
tile_r018019_c011619,3,81.88218688964844,-3.860614061355591,130.5226593017578,22.633197784423828,0.4307675063610077
tile_r018019_c011619,3,83.84689331054688,-1.878740668296814,126.3475341796875,17.0888614654541,0.1864342987537384
tile_r018019_c011619,3,122.40692138671876,97.34416198730467,153.43470764160156,128.77413940429688,0.1096524149179458
tile_r018019_c011619,3,88.86064910888672,0.4455017149448395,129.72030639648438,19.46759986877441,0.046266634017229
tile_r018019_c011619,3,115.8634033203125,92.9793701171875,160.0629119873047,140.5029296875,0.0278695002198219
tile_r018019_c011619,3,150.7056427001953,0.3084381222724914,179.75778198242188,12.399911880493164,0.0199419539421796
tile_r018019_c011619,3,192.3847198486328,149.892333984375,235.5019073486328,191.4790496826172,0.0123457256704568
tile_r018019_c011619,3,414.8158264160156,455.658935546875,462.3406372070313,498.7017211914063,0.011700814589858
tile_r018019_c011619,3,124.2436752319336,54.092918395996094,178.01809692382812,116.2621612548828,0.0113247577100992
tile_r018019_c011619,3,423.7561950683594,462.9979553222656,453.945556640625,489.123046875,0.0109822442755103
tile_r018019_c011619,3,37.42765426635742,40.35280227661133,69.73689270019531,70.37419128417969,0.0102977836504578
tile_r018019_c011619,3,148.65054321289062,-3.371969699859619,187.2284240722656,10.997030258178713,0.0100739113986492
tile_r018019_c011619,3,176.0148468017578,390.259521484375,217.8646545410156,431.29205322265625,0.0094303144142031
tile_r018019_c011619,3,148.82876586914062,-2.6085166931152344,180.4595184326172,9.549245834350586,0.0073792850598692
tile_r018019_c011619,3,39.47027587890625,46.21306228637695,60.91658782958984,66.91285705566406,0.0058120577596127
tile_r018019_c011619,3,241.22802734375,464.27935791015625,298.3995056152344,514.330322265625,0.0051339208148419
tile_r018019_c011619,3,418.62493896484375,155.69656372070312,447.52349853515625,184.1544189453125,0.0049416203983128
tile_r018019_c011619,3,81.73724365234375,-0.791888415813446,141.70664978027344,46.49733352661133,0.0046977256424725
tile_r018019_c011619,3,150.61758422851562,0.2540283203125,201.2168884277344,13.425702095031738,0.00434948829934
tile_r018019_c011619,3,338.7770690917969,440.4549865722656,383.7542114257813,482.8469848632813,0.0039571095257997
tile_r018019_c011619,3,114.0189971923828,52.29624176025391,178.2580108642578,137.2903594970703,0.00388836232014
tile_r018019_c011619,3,380.5440368652344,327.68133544921875,441.7540893554688,379.9193420410156,0.0037671439349651
tile_r018019_c011619,3,181.51776123046875,397.8986206054688,208.83203125,424.4349670410156,0.0034772506915032
tile_r018019_c011619,3,119.5335922241211,256.4178161621094,181.61767578125,316.9603881835937,0.0033276963513344
tile_r018019_c011619,3,230.4582977294922,512.6663208007812,309.634521484375,517.7254638671875,0.0032433711457997
tile_r018019_c011619,3,146.76858520507812,-4.975224494934082,202.2730407714844,9.224403381347656,0.0032374910078942
tile_r018019_c011619,3,113.557373046875,83.47123718261719,166.02474975585938,142.4759521484375,0.0031241192482411
tile_r018019_c011619,3,135.7642059326172,-4.478463649749756,185.02993774414065,6.975030422210693,0.0030485058669
tile_r018019_c011619,3,83.00780487060547,-0.342926025390625,135.0590362548828,27.167139053344727,0.0028406423516571
tile_r018019_c011619,3,76.6597900390625,-3.921786546707153,127.8195343017578,14.269800186157228,0.0027381279505789
tile_r018019_c011619,3,222.5224151611328,511.67962646484375,305.9402770996094,516.1644897460938,0.0026593704242259
tile_r018019_c011619,3,88.95384216308594,5.3095703125,138.46163940429688,55.664794921875,0.0026336635928601
tile_r018019_c011619,3,223.6032257080078,466.2513732910156,296.5152282714844,523.8968505859375,0.0026094699278473
tile_r018019_c011619,3,147.86376953125,-12.800000190734863,221.4148406982422,2.224865674972534,0.0025698263198137
tile_r018019_c011619,3,252.5493621826172,238.3595733642578,301.9042358398437,280.6797790527344,0.0025458387099206
tile_r018019_c011619,3,111.65694427490234,-12.072389602661133,189.6484222412109,0.7442184686660767,0.0023492677137255
tile_r018019_c011619,3,278.7985534667969,402.4466247558594,295.05682373046875,414.80706787109375,0.0022839992307126
tile_r018019_c011619,3,250.16378784179688,501.20263671875,284.8727722167969,511.5088806152344,0.0022762713488191
tile_r018019_c011619,3,256.91046142578125,516.3464965820312,321.09246826171875,524.5480346679688,0.0022206362336874
tile_r018019_c011619,3,187.3182373046875,141.48519897460938,239.2819061279297,193.2589874267578,0.0020374942105263
tile_r018019_c011619,3,17.558841705322266,519.86572265625,82.2749252319336,524.7999877929688,0.0019612461328506
tile_r018019_c011619,3,16.838586807250977,325.50250244140625,100.93927001953124,427.1285705566406,0.0019210268510505
tile_r018019_c011619,3,118.4235610961914,-12.20624828338623,191.5794677734375,4.979257106781006,0.0018711559241637
tile_r018019_c011619,3,55.68705368041992,517.8277587890625,124.7592315673828,524.7999877929688,0.0018306787824258
tile_r018019_c011619,3,229.7221221923828,227.3014678955078,311.0633239746094,308.8368225097656,0.0018075298285111
tile_r018019_c011619,3,291.24365234375,440.7725524902344,322.36260986328125,474.01708984375,0.0017876090714707
tile_r018019_c011619,3,396.3449096679688,334.72589111328125,433.1925659179688,368.7563781738281,0.0017584463348612
tile_r018019_c011619,3,417.8076171875,520.593017578125,487.2074279785156,524.7999877929688,0.0017201999435201
tile_r018019_c011619,3,35.530784606933594,34.784217834472656,75.23954772949219,72.10365295410156,0.0016727000474929
tile_r018019_c011619,3,214.1796875,522.0433349609375,278.58935546875,524.7999877929688,0.0016649733297526
tile_r018019_c011619,3,113.8868637084961,436.0344848632813,175.51248168945312,497.9157104492188,0.0016550180735066
tile_r018019_c011619,3,86.85871887207031,0.5756683349609375,116.73884582519533,19.034860610961918,0.0015933272661641
tile_r018019_c011619,3,351.07476806640625,503.1290893554688,420.0320434570313,513.6043090820312,0.001562496763654
tile_r018019_c011619,3,79.0704116821289,518.13623046875,151.17626953125,524.7999877929688,0.0015533913392573
tile_r018019_c011619,3,329.8213806152344,424.4708862304688,403.5370178222656,499.0834045410156,0.0015491334488615
tile_r018019_c011619,3,260.5310974121094,368.589111328125,311.34783935546875,422.9219665527344,0.0014789046254009
tile_r018019_c011619,3,392.0989074707031,516.0689697265625,468.8606567382813,524.5159912109375,0.0014778219629079
tile_r018019_c011619,3,84.5708236694336,0.572405993938446,112.043212890625,16.75762939453125,0.001438774401322
tile_r018019_c011619,3,67.3678970336914,517.8826904296875,137.4916534423828,524.7999877929688,0.0014272878179326
tile_r018019_c011619,3,29.68617820739746,519.2443237304688,98.9040069580078,524.7999877929688,0.0014161316212266
tile_r018019_c011619,3,366.11566162109375,514.759033203125,428.6834411621094,524.354248046875,0.0014065792784094
tile_r018019_c011619,3,133.55239868164062,520.5603637695312,200.9204559326172,524.7999877929688,0.0013718041591346
tile_r018019_c011619,3,41.646583557128906,518.5676879882812,113.3292465209961,524.7999877929688,0.0013648545136675
tile_r018019_c011619,3,342.48065185546875,521.7979736328125,403.9939575195313,524.7999877929688,0.0013644384453073
tile_r018019_c011619,3,72.85871887207031,-12.514884948730469,132.26754760742188,5.446510314941406,0.0013550841249525
tile_r018019_c011619,3,123.71336364746094,102.31599426269533,150.92523193359375,130.98159790039062,0.0013440926559269
tile_r018019_c011619,3,154.78305053710938,410.92474365234375,173.80819702148438,429.5677185058594,0.0013259887928143
tile_r018019_c011619,3,446.54541015625,1.1306183338165283,465.92138671875,14.37050437927246,0.0013228863244876
tile_r018019_c011619,3,232.69216918945312,517.8743286132812,306.42401123046875,524.7999877929688,0.0013132429448887
tile_r018019_c011619,3,232.3882293701172,514.0515747070312,314.8346252441406,520.3958740234375,0.0013043022481724
tile_r018019_c011619,3,125.9793930053711,519.5489501953125,196.5894012451172,524.7999877929688,0.0012870393693447
tile_r018019_c011619,3,412.576171875,516.1993408203125,485.5712890625,524.3109130859375,0.0012716024648398
tile_r018019_c011619,3,380.160888671875,515.1080932617188,445.7366638183594,524.3557739257812,0.0012697037309408
tile_r018019_c011619,3,273.9807434082031,515.8441162109375,335.12750244140625,524.4453735351562,0.00125689629931
tile_r018019_c011619,3,354.91326904296875,514.5847778320312,413.6267700195313,523.8017578125,0.0012538083828985
tile_r018019_c011619,3,31.774677276611328,31.312854766845703,76.61670684814453,85.06839752197266,0.0012537522707134
tile_r018019_c011619,3,148.4930877685547,-5.016973972320557,209.283935546875,5.894866943359375,0.0012297003995627
tile_r018019_c011619,3,93.4765625,518.2120971679688,164.1850128173828,524.7999877929688,0.0012214337475597
tile_r018019_c011619,3,123.40869140625,-12.7177152633667,197.167724609375,9.111099243164062,0.0012205918319523
tile_r018019_c011619,3,106.2458724975586,518.4996948242188,174.5074005126953,524.7999877929688,0.0012140596518293
tile_r018019_c011619,3,236.6405792236328,249.1244659423828,291.1065368652344,292.28839111328125,0.001209954963997
tile_r018019_c011619,3,0.654693603515625,520.6397094726562,71.53963470458984,524.7999877929688,0.0012076050043106
tile_r018019_c011619,3,234.0570373535156,472.5394592285156,303.0155334472656,523.1126708984375,0.0012070247903466
tile_r018019_c011619,3,72.0997085571289,513.9422607421875,171.3971405029297,524.7999877929688,0.0011991234496235
tile_r018019_c011619,3,198.4499053955078,520.9603271484375,265.40380859375,524.7999877929688,0.0011934356298297
tile_r018019_c011619,3,38.2934684753418,514.14306640625,119.1868896484375,524.7999877929688,0.0011917754309251
tile_r018019_c011619,3,328.05401611328125,520.3653564453125,393.6814575195313,524.7999877929688,0.0011842506937682
tile_r018019_c011619,3,279.3009033203125,403.31396484375,296.6641845703125,419.7733459472656,0.001172387972474
tile_r018019_c011619,3,346.7674560546875,437.7261657714844,388.5899658203125,481.5689392089844,0.0011676129652187
tile_r018019_c011619,3,159.5404052734375,0.517138659954071,215.6205596923828,13.356402397155762,0.0011636496055871
tile_r018019_c011619,3,240.1495819091797,267.1763610839844,265.7488098144531,289.1763610839844,0.0011517917737364
tile_r018019_c011619,3,446.74072265625,0.5142242312431335,479.8495178222656,15.158773422241213,0.0011443763505667
tile_r018019_c011619,3,144.64535522460938,-0.4362030029296875,181.1270446777344,21.8512020111084,0.0011365511454641
tile_r018019_c011619,3,216.2040557861328,515.6287841796875,270.28253173828125,524.7999877929688,0.0011225304333493
tile_r018019_c011619,3,49.96717071533203,514.1878662109375,138.1876678466797,524.7999877929688,0.0011203314643353
tile_r018019_c011619,3,445.4027404785156,-5.894738674163818,501.3697204589844,8.131067276000977,0.0011147137265652
tile_r018019_c011619,3,43.34844207763672,307.7220764160156,61.73760223388672,321.12841796875,0.0011035747593268
tile_r018019_c011619,3,360.8572692871094,502.68255615234375,432.6520385742188,513.5531005859375,0.0010915149468928
tile_r018019_c011619,3,370.1721496582031,503.6306762695313,443.1934509277344,513.0870361328125,0.0010831960244104
tile_r018019_c011619,3,107.2569580078125,82.56996154785156,171.12448120117188,151.91578674316406,0.0010706429602578
tile_r018019_c011619,3,342.6787109375,502.06396484375,409.6680603027344,513.7379150390625,0.0010426501976326
tile_r018019_c011619,3,65.6813735961914,280.7950744628906,83.15763854980469,294.8324584960937,0.0010367502691224
tile_r018019_c011619,3,313.4087219238281,220.0487823486328,378.88580322265625,293.1598205566406,0.0010333507088944
tile_r018019_c011619,3,89.54023742675781,513.7506103515625,193.7015380859375,524.7999877929688,0.0010260414564982
tile_r018019_c011619,3,445.8710021972656,-0.0672676116228103,495.1721801757813,16.690235137939453,0.0010162889957427
tile_r018019_c011619,3,433.435302734375,520.1253051757812,502.64007568359375,524.7999877929688,0.0010092954616993
tile_r018019_c011619,3,396.1891479492188,-12.77207374572754,472.9247131347656,-0.2808807492256164,0.001009025843814
tile_r018019_c011619,3,147.78659057617188,-12.74754524230957,211.07492065429688,-7.6161208152771,0.0010047589894384
tile_r018019_c011619,3,26.869592666625977,203.34591674804688,71.6788558959961,247.7823028564453,0.0010030474513769
tile_r018275_c010083,3,357.2469177246094,259.32672119140625,406.9832458496094,305.12945556640625,0.7916659712791443
tile_r018275_c010083,3,30.901561737060547,81.58097839355469,73.50423431396484,118.7678680419922,0.7852383852005005
tile_r018275_c010083,3,360.09637451171875,80.28278350830078,396.16400146484375,112.62516784667967,0.7697944641113281
tile_r018275_c010083,3,449.00537109375,378.166259765625,497.1241149902344,426.9947814941406,0.7683326005935669
tile_r018275_c010083,3,83.2283935546875,390.61370849609375,121.8781509399414,426.1062927246094,0.7619603872299194
tile_r018275_c010083,3,364.3595581054688,155.33651733398438,404.5809020996094,191.5081024169922,0.7551559805870056
tile_r018275_c010083,3,22.78754234313965,379.7290649414063,58.79917526245117,410.6128540039063,0.7439638376235962
tile_r018275_c010083,3,87.29830932617188,220.07083129882807,126.5561752319336,255.1080780029297,0.726877748966217
tile_r018275_c010083,3,124.91218566894533,318.0405578613281,155.34371948242188,350.5093078613281,0.671209454536438
tile_r018275_c010083,3,321.0072326660156,219.26028442382807,354.01287841796875,249.63522338867188,0.6521160006523132
tile_r018275_c010083,3,182.0231475830078,482.9696350097656,230.3778839111328,512.1903076171875,0.6188696622848511
tile_r018275_c010083,3,417.2697143554688,15.62554931640625,453.3845825195313,43.50946044921875,0.5989094972610474
tile_r018275_c010083,3,353.4564819335937,12.894421577453612,374.3860778808594,35.43463134765625,0.546707808971405
tile_r018275_c010083,3,-0.9619201421737672,0.4062835574150085,30.8378963470459,24.56683921813965,0.4728240668773651
tile_r018275_c010083,3,484.0518493652344,112.8239288330078,515.6295166015625,163.25955200195312,0.4570518434047699
tile_r018275_c010083,3,288.5550231933594,-0.540448009967804,321.96685791015625,18.478168487548828,0.4044091999530792
tile_r018275_c010083,3,490.40570068359375,292.1363220214844,515.3424072265625,333.73046875,0.2192485630512237
tile_r018275_c010083,3,62.834259033203125,414.4192810058594,83.82791137695312,433.5940856933594,0.1975942105054855
tile_r018275_c010083,3,451.966552734375,388.8115539550781,493.0641174316406,425.5023498535156,0.1127832382917404
tile_r018275_c010083,3,176.3670654296875,476.8688354492188,233.5001678466797,512.1095581054688,0.0878896415233612
tile_r018275_c010083,3,497.2268676757813,426.7398986816406,514.4227294921875,457.2843322753906,0.0794019773602485
tile_r018275_c010083,3,286.0513916015625,-1.4298126697540283,324.2230224609375,22.411813735961918,0.0560060627758502
tile_r018275_c010083,3,412.65771484375,12.841344833374023,455.7596740722656,48.91796875,0.0541553720831871
tile_r018275_c010083,3,487.2590942382813,114.588623046875,514.1139526367188,148.4624481201172,0.0512608923017978
tile_r018275_c010083,3,493.5647888183594,294.97662353515625,512.6700439453125,332.5599060058594,0.0435258038341999
tile_r018275_c010083,3,-3.2063934803009038,-0.7454773187637329,37.32426452636719,29.36323928833008,0.0320845767855644
tile_r018275_c010083,3,128.07957458496094,320.3822021484375,153.38095092773438,346.4382629394531,0.0311121866106987
tile_r018275_c010083,3,80.46641540527344,387.5381774902344,124.92696380615234,431.6354370117188,0.0291567090898752
tile_r018275_c010083,3,359.4852600097656,262.50555419921875,400.8307189941406,299.1557006835937,0.0222562085837125
tile_r018275_c010083,3,287.7062683105469,-3.531869411468506,325.9797668457031,16.906042098999023,0.0187404714524745
tile_r018275_c010083,3,494.0794982910156,428.1415100097656,513.2384033203125,454.7272338867188,0.0184483621269464
tile_r018275_c010083,3,316.960205078125,214.9525909423828,357.79541015625,254.59976196289065,0.01464101113379
tile_r018275_c010083,3,60.91046142578125,411.5265502929688,85.3647232055664,436.0619201660156,0.0145078133791685
tile_r018275_c010083,3,489.2276306152344,104.34376525878906,523.9641723632812,167.53567504882812,0.012966358102858
tile_r018275_c010083,3,121.61865234375,314.283447265625,157.67782592773438,355.3131408691406,0.0123318368569016
tile_r018275_c010083,3,288.66632080078125,-0.3097381591796875,315.0904235839844,15.530346870422363,0.0109991207718849
tile_r018275_c010083,3,19.42489051818848,377.163818359375,62.65815353393555,415.0977478027344,0.0096487132832407
tile_r018275_c010083,3,347.1031188964844,9.587823867797852,376.7964782714844,37.678802490234375,0.0094595085829496
tile_r018275_c010083,3,359.1683959960937,152.32797241210938,408.11614990234375,196.4516143798828,0.0084605142474174
tile_r018275_c010083,3,504.793701171875,281.64849853515625,520.0921630859375,344.4979858398437,0.0076782791875302
tile_r018275_c010083,3,1.0937789678573608,0.382284551858902,25.71930503845215,22.152877807617188,0.007217495702207
tile_r018275_c010083,3,25.3847713470459,77.0291976928711,76.72937774658203,125.299560546875,0.0068632806651294
tile_r018275_c010083,3,361.5823364257813,82.53202056884766,391.71826171875,108.13922119140624,0.0063569350168108
tile_r018275_c010083,3,510.7669982910156,413.0387268066406,521.2100830078125,465.10980224609375,0.0055421325378119
tile_r018275_c010083,3,489.0470581054688,277.4134826660156,516.8831787109375,340.3905639648437,0.0052739488892257
tile_r018275_c010083,3,501.06353759765625,279.584228515625,523.7852172851562,338.5252380371094,0.0050953370518982
tile_r018275_c010083,3,162.55264282226562,483.9541015625,233.46875,522.8357543945312,0.0050281845033168
tile_r018275_c010083,3,35.71970748901367,86.06074523925781,70.81680297851562,115.5491714477539,0.0046827537007629
tile_r018275_c010083,3,473.7101440429688,108.9293212890625,516.4396362304688,169.30300903320312,0.0038517594803124
tile_r018275_c010083,3,-10.878033638000488,-6.655935764312744,36.89894485473633,28.36134910583496,0.0037065239157527
tile_r018275_c010083,3,145.9708709716797,519.8741455078125,219.3119201660156,524.7999877929688,0.0034952857531607
tile_r018275_c010083,3,24.187374114990234,382.1490173339844,54.68107986450195,407.5363159179688,0.0034015872515738
tile_r018275_c010083,3,409.4158325195313,7.945361137390137,460.0632934570313,60.709869384765625,0.0033610556274652
tile_r018275_c010083,3,494.33203125,285.3495483398437,524.240234375,340.79644775390625,0.0031264382414519
tile_r018275_c010083,3,489.7537231445313,422.5751953125,515.0558471679688,460.1328125,0.0030595832504332
tile_r018275_c010083,3,509.5614318847656,415.6500549316406,523.59423828125,462.5270080566406,0.003020595991984
tile_r018275_c010083,3,60.4259033203125,502.970703125,118.65450286865234,512.4345703125,0.0026312172412872
tile_r018275_c010083,3,93.1289520263672,223.37924194335935,125.1044921875,252.94320678710935,0.0026121207047253
tile_r018275_c010083,3,292.2084045410156,0.942718505859375,328.45269775390625,15.087262153625488,0.0026012051384896
tile_r018275_c010083,3,279.2622375488281,-12.800000190734863,330.4076538085937,6.064643859863281,0.0025253272615373
tile_r018275_c010083,3,171.72506713867188,472.587890625,239.77340698242188,515.4109497070312,0.0025188806466758
tile_r018275_c010083,3,144.956298828125,521.3278198242188,214.4845733642578,524.7999877929688,0.0024677671026438
tile_r018275_c010083,3,448.2032165527344,521.76025390625,506.4297790527344,524.7999877929688,0.0024273539893329
tile_r018275_c010083,3,511.1837768554688,403.1583862304688,522.0914916992188,470.7138671875,0.0023683221079409
tile_r018275_c010083,3,58.952293395996094,23.613109588623047,77.75285339355469,42.603553771972656,0.0022268730681389
tile_r018275_c010083,3,506.0155334472656,417.3395385742188,524.1959838867188,466.1177673339844,0.0021418433170765
tile_r018275_c010083,3,-3.982969760894776,-2.7772445678710938,43.078407287597656,37.83414459228516,0.0021195677109062
tile_r018275_c010083,3,511.32415771484375,283.83367919921875,520.394775390625,336.8429870605469,0.0020729484967887
tile_r018275_c010083,3,16.007503509521484,371.69384765625,68.82606506347656,425.7705993652344,0.0020469040609896
tile_r018275_c010083,3,279.4916076660156,-4.234961032867432,327.06329345703125,25.08063316345215,0.0020367787219583
tile_r018275_c010083,3,204.35433959960935,516.0596923828125,279.9732971191406,524.7999877929688,0.0020055195782333
tile_r018275_c010083,3,152.07742309570312,516.1531982421875,210.79489135742188,524.7999877929688,0.0019784320611506
tile_r018275_c010083,3,282.8587951660156,-12.733978271484377,331.9443359375,12.908581733703612,0.0019522067159414
tile_r018275_c010083,3,478.0857543945313,275.99920654296875,516.9226684570312,340.88433837890625,0.0018541913013905
tile_r018275_c010083,3,461.5650329589844,497.423828125,511.2525329589844,515.7009887695312,0.0018469608621671
tile_r018275_c010083,3,419.3280334472656,19.1174430847168,448.3180541992188,41.64152908325195,0.0018314481712877
tile_r018275_c010083,3,49.25263595581055,502.2811584472656,115.22979736328124,513.0206298828125,0.0018272827146574
tile_r018275_c010083,3,80.0423583984375,212.815185546875,133.22628784179688,265.5419921875,0.0017977048410102
tile_r018275_c010083,3,353.4288635253906,73.14636993408203,403.814208984375,121.9937744140625,0.0017817807383835
tile_r018275_c010083,3,489.8059692382813,116.84320068359376,512.4972534179688,160.89735412597656,0.0017735434230417
tile_r018275_c010083,3,4.485857963562012,2.8739593029022217,32.088043212890625,22.85533142089844,0.0016897693276405
tile_r018275_c010083,3,79.7628402709961,502.69140625,125.1790008544922,511.869140625,0.0016853581182658
tile_r018275_c010083,3,343.21307373046875,514.62158203125,436.2333984375,524.7999877929688,0.0016711942153051
tile_r018275_c010083,3,428.295166015625,111.9697265625,451.47271728515625,134.85043334960938,0.0015974035486578
tile_r018275_c010083,3,500.6709899902344,100.94157409667967,523.9610595703125,164.9283905029297,0.0015085793565958
tile_r018275_c010083,3,-10.805468559265137,-12.800000190734863,40.56928253173828,17.703454971313477,0.0014749848050996
tile_r018275_c010083,3,481.3532104492188,109.5612335205078,524.1446533203125,178.2895965576172,0.0014732027193531
tile_r018275_c010083,3,313.155517578125,514.1458129882812,386.76702880859375,524.7999877929688,0.0014563035219907
tile_r018275_c010083,3,444.1112365722656,369.4554138183594,505.3721618652344,431.96295166015625,0.001455747638829
tile_r018275_c010083,3,190.79489135742188,229.1457977294922,208.0786590576172,243.65982055664065,0.0014384661335498
tile_r018275_c010083,3,305.44952392578125,514.3873291015625,367.1028442382813,524.4083251953125,0.0014342005597427
tile_r018275_c010083,3,513.763671875,412.9170837402344,521.5070190429688,461.19091796875,0.001434089965187
tile_r018275_c010083,3,212.419921875,520.1255493164062,281.0868225097656,524.7999877929688,0.0014177643461152
tile_r018275_c010083,3,316.2437438964844,211.0101776123047,362.6597290039063,264.6894836425781,0.0014020582893863
tile_r018275_c010083,3,329.4332580566406,518.1153564453125,403.2095642089844,524.7999877929688,0.0013906479580327
tile_r018275_c010083,3,291.55438232421875,280.2587890625,354.4478454589844,348.98028564453125,0.001378979650326
tile_r018275_c010083,3,277.2582092285156,123.5114517211914,301.77032470703125,147.36154174804688,0.0013687049504369
tile_r018275_c010083,3,434.6257934570313,521.2698364257812,498.1439514160156,524.7999877929688,0.0013128495775163
tile_r018275_c010083,3,514.4683837890625,366.7159423828125,523.9876708984375,444.6571350097656,0.0013066845713183
tile_r018275_c010083,3,-0.1454589813947677,-0.71124267578125,50.83806610107422,32.76569366455078,0.0013040768681094
tile_r018275_c010083,3,71.52909851074219,514.1618041992188,126.4150848388672,523.8524169921875,0.001303365221247
tile_r018275_c010083,3,489.16015625,114.6023178100586,512.0198974609375,138.4134521484375,0.0013013602001592
tile_r018275_c010083,3,325.96246337890625,514.3947143554688,406.8480529785156,524.7999877929688,0.0012931062374264
tile_r018275_c010083,3,236.5386505126953,516.0484619140625,295.6516418457031,524.416015625,0.0012907781638205
tile_r018275_c010083,3,439.7307739257813,313.5107421875,476.5836791992188,348.6961975097656,0.001288185478188
tile_r018275_c010083,3,196.80795288085935,518.2907104492188,265.336669921875,524.7999877929688,0.0012851603096351
tile_r018275_c010083,3,52.619140625,520.502685546875,113.55301666259766,524.7999877929688,0.0012788360472768
tile_r018275_c010083,3,26.0564079284668,514.5133666992188,79.83470153808594,523.8756103515625,0.0012482253368943
tile_r018275_c010083,3,225.2724151611328,519.7506103515625,292.511474609375,524.7999877929688,0.0012432874646037
tile_r018275_c010083,3,279.48455810546875,-1.1767654418945312,331.68280029296875,34.54512405395508,0.0012379846302792
tile_r018275_c010083,3,330.4169311523437,431.8558654785156,402.25531005859375,506.1075134277344,0.0012287853751331
tile_r018275_c010083,3,371.70416259765625,157.4818878173828,404.2443237304688,188.4503631591797,0.0012259037466719
tile_r018275_c010083,3,60.2081298828125,403.4480590820313,99.10026550292967,436.6343688964844,0.0012167698005214
tile_r018275_c010083,3,326.5472106933594,222.1387634277344,353.2142028808594,247.8454132080078,0.0012156855082139
tile_r018275_c010083,3,45.6811752319336,513.5988159179688,102.8896484375,523.7958984375,0.0012035106774419
tile_r018275_c010083,3,287.98394775390625,519.9183349609375,356.4479675292969,524.7999877929688,0.0012030338402837
tile_r018275_c010083,3,167.18612670898438,520.7057495117188,237.33364868164065,524.7999877929688,0.0011876050848513
tile_r018275_c010083,3,154.57717895507812,496.2318420410156,238.2760009765625,524.7390747070312,0.001185294589959
tile_r018275_c010083,3,178.02783203125,491.7378845214844,255.69955444335935,524.7999877929688,0.0011805800022557
tile_r018275_c010083,3,181.5982360839844,516.9446411132812,252.91342163085935,524.7999877929688,0.0011794184101745
tile_r018275_c010083,3,134.8446044921875,512.3914794921875,215.90719604492188,522.3854370117188,0.0011759363114833
tile_r018275_c010083,3,458.3760681152344,368.1964416503906,513.7969970703125,463.79693603515625,0.0011693220585584
tile_r018275_c010083,3,520.3282470703125,401.7296752929688,524.7346801757812,463.7322387695313,0.0011593964882194
tile_r018275_c010083,3,346.1932983398437,-12.800000190734863,418.52532958984375,0.418814092874527,0.0011560990242287
tile_r018275_c010083,3,298.0663146972656,514.8334350585938,352.173583984375,524.2212524414062,0.0011544505832716
tile_r018275_c010083,3,342.6812438964844,518.7174072265625,414.3175659179688,524.7999877929688,0.0011527450988069
tile_r018275_c010083,3,309.6288146972656,307.0184936523437,365.27874755859375,370.46295166015625,0.0011452629696577
tile_r018275_c010083,3,294.5917358398437,2.6750640869140625,322.7760925292969,17.89763832092285,0.0011343575315549
tile_r018275_c010083,3,175.8606414794922,203.98849487304688,227.0607452392578,254.1138916015625,0.0011290276888757
tile_r018275_c010083,3,497.4336853027344,292.3956298828125,513.50537109375,330.8011474609375,0.0011265337234362
tile_r018275_c010083,3,86.75971984863281,515.1861572265625,141.550537109375,524.1449584960938,0.0011060275137424
tile_r018275_c010083,3,180.00961303710938,495.0887756347656,228.145751953125,512.4063720703125,0.0010984621476382
tile_r018275_c010083,3,9.153467178344728,504.114990234375,70.73265075683594,513.3809204101562,0.0010933184530586
tile_r018275_c010083,3,0.0625122040510177,521.1553344726562,60.469337463378906,524.7999877929688,0.001089897705242
tile_r018275_c010083,3,416.3570251464844,286.4565734863281,479.8038940429688,344.1796264648437,0.0010882024653255
tile_r018275_c010083,3,243.4490966796875,505.017333984375,277.64141845703125,513.0599365234375,0.0010843441123142
tile_r018275_c010083,3,240.4835662841797,503.6475524902344,294.2660522460937,513.57177734375,0.0010833472479134
tile_r018275_c010083,3,57.83845138549805,513.6774291992188,114.20759582519533,523.7542114257812,0.0010712321382015
tile_r018275_c010083,3,264.35626220703125,520.3759765625,332.31817626953125,524.7999877929688,0.0010679374681785
tile_r018275_c010083,3,288.16925048828125,502.5284118652344,361.2527465820313,513.9757080078125,0.0010665704030543
tile_r018275_c010083,3,36.30500030517578,513.8394775390625,91.47053527832033,523.6063232421875,0.0010660528205335
tile_r018275_c010083,3,514.314697265625,341.02899169921875,524.0698852539062,400.1151428222656,0.0010657060192897
tile_r018275_c010083,3,31.650426864624023,502.373779296875,99.9289093017578,513.1297607421875,0.0010638867970556
tile_r018275_c010083,3,389.38873291015625,521.0145263671875,456.456787109375,524.7999877929688,0.0010615485953167
tile_r018275_c010083,3,354.2320251464844,518.1874389648438,425.6448669433594,524.7999877929688,0.0010482460493221
tile_r018275_c010083,3,75.42152404785156,501.2796325683594,128.1034698486328,513.3471069335938,0.0010461753699928
tile_r018275_c010083,3,311.1676330566406,202.71987915039065,363.64739990234375,258.18701171875,0.001045131473802
tile_r018275_c010083,3,133.9803009033203,521.7439575195312,199.4144744873047,524.7999877929688,0.0010448686080053
tile_r018275_c010083,3,428.9974670410156,113.61173248291016,448.0759887695313,130.33114624023438,0.0010385138448327
tile_r018275_c010083,3,173.24322509765625,518.5507202148438,242.26138305664065,524.7999877929688,0.0010317747946828
tile_r018275_c010083,3,367.2684631347656,518.2890625,436.2964782714844,524.7999877929688,0.001014896784909
tile_r018275_c010083,3,143.05221557617188,515.5035400390625,193.13845825195312,524.7999877929688,0.0010124708060175
tile_r018275_c010339,3,305.49468994140625,401.2381896972656,358.6437072753906,450.54443359375,0.8139553666114807
tile_r018275_c010339,3,228.0557556152344,111.2532958984375,280.6439819335937,163.6419677734375,0.803932785987854
tile_r018275_c010339,3,234.6819305419922,288.9471130371094,289.7256774902344,339.2645874023437,0.8002222180366516
tile_r018275_c010339,3,100.94789123535156,259.1122131347656,151.28514099121094,305.3526306152344,0.7937259078025818
tile_r018275_c010339,3,419.8313903808594,466.2479553222656,469.29986572265625,508.73486328125,0.786436915397644
tile_r018275_c010339,3,239.4154357910156,425.20416259765625,273.82598876953125,457.3509216308594,0.7757459282875061
tile_r018275_c010339,3,103.72428894042967,79.92021179199219,140.79696655273438,113.0770492553711,0.77046138048172
tile_r018275_c010339,3,192.2648468017578,377.1523132324219,242.0907287597656,427.2103576660156,0.7699012160301208
tile_r018275_c010339,3,351.7217712402344,472.0375061035156,400.4298706054688,511.96484375,0.7620670795440674
tile_r018275_c010339,3,108.1493682861328,155.13217163085938,148.9818572998047,191.72433471679688,0.7582542300224304
tile_r018275_c010339,3,271.38250732421875,190.00135803222656,306.6412353515625,219.6159210205078,0.7459678649902344
tile_r018275_c010339,3,287.3815612792969,70.46128845214844,346.5268249511719,115.51336669921876,0.7171840071678162
tile_r018275_c010339,3,299.1883850097656,210.7561492919922,331.4479064941406,237.9688415527344,0.6791523098945618
tile_r018275_c010339,3,64.6013412475586,218.8164520263672,98.3636245727539,249.8993682861328,0.6690286993980408
tile_r018275_c010339,3,161.1953582763672,15.616015434265137,197.6071014404297,43.52827072143555,0.5877043604850769
tile_r018275_c010339,3,97.79689025878906,13.319091796875,118.28299713134766,35.187469482421875,0.5025213360786438
tile_r018275_c010339,3,32.6229133605957,-0.5463196039199829,65.97955322265625,18.324031829833984,0.4101262390613556
tile_r018275_c010339,3,195.7444305419922,386.1736145019531,237.9827117919922,425.9767456054688,0.1621967256069183
tile_r018275_c010339,3,30.354745864868164,-1.9431335926055908,67.45970153808594,22.677648544311523,0.0929253846406936
tile_r018275_c010339,3,156.59078979492188,12.703150749206545,199.6919708251953,48.777076721191406,0.0545559599995613
tile_r018275_c010339,3,272.3318176269531,193.23843383789065,302.9656982421875,216.989501953125,0.0210182648152112
tile_r018275_c010339,3,103.17877197265624,262.33331298828125,145.06393432617188,299.3062438964844,0.0209177993237972
tile_r018275_c010339,3,31.55108642578125,-3.655731201171875,70.37422943115234,16.677902221679688,0.0184485651552677
tile_r018275_c010339,3,103.16490173339844,152.1546173095703,152.34837341308594,196.5596618652344,0.012356306426227
tile_r018275_c010339,3,32.7264289855957,-0.2361633330583572,59.08686447143555,15.51397705078125,0.0113159148022532
tile_r018275_c010339,3,60.70183181762695,214.5256805419922,102.15956115722656,254.802978515625,0.0111260563135147
tile_r018275_c010339,3,293.7532958984375,198.0309295654297,330.48468017578125,236.3507537841797,0.0077121420763432
tile_r018275_c010339,3,91.1277313232422,9.461352348327637,120.6436004638672,37.10039520263672,0.0073739639483392
tile_r018275_c010339,3,235.6604766845703,422.5216674804688,276.70574951171875,461.1668090820313,0.0073350179009139
tile_r018275_c010339,3,267.56768798828125,183.07369995117188,308.75909423828125,220.3311767578125,0.0057625491172075
tile_r018275_c010339,3,105.3252182006836,82.35811614990234,136.3555908203125,108.61940002441406,0.0055513540282845
tile_r018275_c010339,3,197.14974975585935,391.6013488769531,233.2323303222656,423.9959106445313,0.0053131273016333
tile_r018275_c010339,3,338.94482421875,512.3338012695312,419.8610229492188,517.705078125,0.00501518137753
tile_r018275_c010339,3,345.48345947265625,467.6499633789063,406.6875915527344,513.9736938476562,0.0046696281060576
tile_r018275_c010339,3,298.5482788085937,213.1707000732422,326.5238647460937,233.2379913330078,0.0046119289472699
tile_r018275_c010339,3,422.0137634277344,471.1287231445313,463.74462890625,505.5462951660156,0.0040961052291095
tile_r018275_c010339,3,328.61578369140625,469.57470703125,406.1764221191406,524.2557373046875,0.0037039958406239
tile_r018275_c010339,3,153.46072387695312,8.039990425109863,204.46798706054688,60.65629959106445,0.0034895807038992
tile_r018275_c010339,3,449.447509765625,0.9753936529159546,481.93170166015625,15.287103652954102,0.0033517100382596
tile_r018275_c010339,3,387.68304443359375,516.429931640625,454.1017150878906,524.7999877929688,0.0032837460748851
tile_r018275_c010339,3,336.5528259277344,511.4723510742188,415.3926696777344,516.5026245117188,0.0030966703779995
tile_r018275_c010339,3,25.35280418395996,-12.800000190734863,76.18867492675781,13.979913711547852,0.003015001071617
tile_r018275_c010339,3,233.2557678222656,113.92236328125,275.9971618652344,158.6442413330078,0.0029288267251104
tile_r018275_c010339,3,231.242431640625,285.70672607421875,300.2118530273437,345.9071350097656,0.0028991394210606
tile_r018275_c010339,3,302.2933959960937,395.723388671875,365.3932189941406,456.4034729003906,0.0028493609279394
tile_r018275_c010339,3,36.13356399536133,0.9286438226699828,72.77836608886719,15.007718086242676,0.0027641565538942
tile_r018275_c010339,3,25.99441909790039,-12.800000190734863,74.87342834472656,5.623603820800781,0.0025344432797282
tile_r018275_c010339,3,322.462646484375,511.3035278320313,402.59710693359375,516.2373046875,0.0025045662187039
tile_r018275_c010339,3,278.0706481933594,191.9819793701172,307.29644775390625,217.1992645263672,0.0024929398205131
tile_r018275_c010339,3,340.8583984375,513.735107421875,427.1552734375,519.755615234375,0.002489129314199
tile_r018275_c010339,3,317.6700134277344,515.4900512695312,372.3787536621094,524.7999877929688,0.0023427789565175
tile_r018275_c010339,3,411.39300537109375,459.4322814941406,480.759521484375,512.3399658203125,0.0023010328877717
tile_r018275_c010339,3,187.14987182617188,521.8591918945312,251.716552734375,524.7999877929688,0.0021861649584025
tile_r018275_c010339,3,352.7742614746094,503.41888427734375,396.153076171875,512.178466796875,0.0021450314670801
tile_r018275_c010339,3,97.2496109008789,73.03356170654297,147.93447875976562,122.2243881225586,0.0020966469310224
tile_r018275_c010339,3,205.6631622314453,498.0642700195313,267.26531982421875,514.6146240234375,0.0019611723255366
tile_r018275_c010339,3,242.4511260986328,428.5738220214844,269.6508178710937,454.7367248535156,0.0019248604075983
tile_r018275_c010339,3,343.15386962890625,300.0756225585937,365.5520324707031,320.95025634765625,0.0019156530033797
tile_r018275_c010339,3,87.7413330078125,514.6790771484375,179.52206420898438,524.7999877929688,0.0019127731211483
tile_r018275_c010339,3,433.3401489257813,516.4381103515625,509.6936645507813,524.7720336914062,0.0018610007828101
tile_r018275_c010339,3,360.7655334472656,513.618408203125,426.5305786132813,524.7999877929688,0.0018513915129005
tile_r018275_c010339,3,172.3099822998047,111.93937683105467,194.97219848632807,134.6168670654297,0.0018202074570581
tile_r018275_c010339,3,409.1039123535156,513.4349365234375,492.2683715820313,521.607177734375,0.0018135597929358
tile_r018275_c010339,3,73.63551330566406,518.414306640625,147.46038818359375,524.7999877929688,0.0017845459515228
tile_r018275_c010339,3,437.3085021972656,519.97900390625,513.08251953125,524.7999877929688,0.0017826239345595
tile_r018275_c010339,3,326.0154724121094,515.443359375,398.5875854492188,524.7999877929688,0.0017791814170777
tile_r018275_c010339,3,390.7732849121094,513.14208984375,479.4298400878906,520.3444213867188,0.001777958124876
tile_r018275_c010339,3,225.2251739501953,503.3118286132813,289.6626281738281,513.0094604492188,0.0017584621673449
tile_r018275_c010339,3,250.92398071289065,503.58251953125,314.2960510253906,512.9014892578125,0.0017538963584229
tile_r018275_c010339,3,235.271484375,514.5652465820312,298.07696533203125,524.1026611328125,0.0017481975955888
tile_r018275_c010339,3,293.52471923828125,207.4979248046875,337.3161926269531,252.07589721679688,0.0017270763637498
tile_r018275_c010339,3,250.8724822998047,514.9202270507812,311.7641296386719,524.1065673828125,0.0017222024034708
tile_r018275_c010339,3,163.3352813720703,19.117950439453125,192.5251007080078,41.63475799560547,0.0017085537547245
tile_r018275_c010339,3,36.98420715332031,280.76318359375,98.05615234375,348.3232421875,0.0016850379761308
tile_r018275_c010339,3,223.56460571289065,514.5380859375,284.6446838378906,523.7545166015625,0.0016674045473337
tile_r018275_c010339,3,48.43115234375,514.0713500976562,110.9231414794922,524.4342041015625,0.0016671075718477
tile_r018275_c010339,3,57.50390625,513.7864990234375,130.8622589111328,524.7999877929688,0.0016575064510107
tile_r018275_c010339,3,312.468994140625,520.2362060546875,388.6529235839844,524.7999877929688,0.0016280930722132
tile_r018275_c010339,3,187.6680908203125,369.4983520507813,249.14871215820312,432.43359375,0.0015964176272973
tile_r018275_c010339,3,177.87686157226562,521.1195068359375,244.3197784423828,524.7999877929688,0.0015955307753756
tile_r018275_c010339,3,348.7235717773437,518.8985595703125,424.2886352539063,524.7999877929688,0.0015565524809062
tile_r018275_c010339,3,440.7239685058594,1.3162750005722046,484.33343505859375,14.02405071258545,0.001545071369037
tile_r018275_c010339,3,265.78289794921875,514.9083862304688,323.9574279785156,524.0472412109375,0.0015103366458788
tile_r018275_c010339,3,420.1573181152344,520.1436157226562,491.1188354492188,524.7999877929688,0.0015051285736262
tile_r018275_c010339,3,86.7092056274414,519.0589599609375,158.98519897460938,524.7999877929688,0.0015042738523334
tile_r018275_c010339,3,402.9898071289063,478.82080078125,480.03265380859375,523.7424926757812,0.0014976363163441
tile_r018275_c010339,3,70.3786392211914,514.1135864257812,152.76400756835938,524.7999877929688,0.0014940040418878
tile_r018275_c010339,3,294.09197998046875,201.3751983642578,334.0870056152344,243.7663116455078,0.0014697429724037
tile_r018275_c010339,3,31.807790756225582,520.2106323242188,100.7228775024414,524.7999877929688,0.0014097709208726
tile_r018275_c010339,3,194.0067901611328,521.2960205078125,263.44000244140625,524.7999877929688,0.0013994901673868
tile_r018275_c010339,3,450.7966918945313,516.6405029296875,519.4488525390625,524.7999877929688,0.001395548810251
tile_r018275_c010339,3,40.784446716308594,514.4850463867188,96.1330337524414,524.2509765625,0.0013876823941245
tile_r018275_c010339,3,305.76043701171875,74.81014251708984,343.3809509277344,105.79359436035156,0.0013827986549586
tile_r018275_c010339,3,332.0055236816406,519.3931884765625,407.931640625,524.7999877929688,0.0013804893242195
tile_r018275_c010339,3,83.67430114746094,-12.800000190734863,158.83322143554688,0.6888397336006165,0.0013759145513176
tile_r018275_c010339,3,98.35978698730467,518.6217651367188,170.1975555419922,524.7999877929688,0.0013540146173909
tile_r018275_c010339,3,23.37273597717285,-4.085424900054932,71.05762481689453,25.47446632385254,0.0013504145899787
tile_r018275_c010339,3,60.103965759277344,210.4595642089844,107.20668029785156,264.87078857421875,0.0013359527802094
tile_r018275_c010339,3,271.05767822265625,521.6712646484375,337.19488525390625,524.7999877929688,0.001331512699835
tile_r018275_c010339,3,213.2889709472656,514.8194580078125,273.2359313964844,523.87646484375,0.0012904099421575
tile_r018275_c010339,3,456.4986267089844,6.762005805969238,475.6304626464844,22.091228485107425,0.0012796139344573
tile_r018275_c010339,3,241.3579559326172,238.568359375,273.7333374023437,269.2420959472656,0.0012717363424599
tile_r018275_c010339,3,274.17535400390625,511.7527465820313,362.5086364746094,522.5808715820312,0.0012670307187363
tile_r018275_c010339,3,183.94338989257807,313.9744567871094,220.6389923095703,348.2999572753906,0.0012619349872693
tile_r018275_c010339,3,295.6183166503906,519.9059448242188,371.3091430664063,524.7999877929688,0.0012582001509144
tile_r018275_c010339,3,133.5779266357422,521.1633911132812,201.211181640625,524.7999877929688,0.0012524966150522
tile_r018275_c010339,3,73.80769348144531,431.4625854492188,147.4979705810547,507.1698303222656,0.0012479246361181
tile_r018275_c010339,3,296.94122314453125,514.884765625,352.98895263671875,524.4921875,0.0012450490612536
tile_r018275_c010339,3,403.84326171875,519.59716796875,481.7725524902344,524.7999877929688,0.0012426989851519
tile_r018275_c010339,3,453.6278381347656,520.6895751953125,522.7928466796875,524.7999877929688,0.0012388392351567
tile_r018275_c010339,3,111.4040069580078,518.8939208984375,180.7766571044922,524.7999877929688,0.0012374523794278
tile_r018275_c010339,3,269.10797119140625,502.9729614257813,336.4535217285156,513.6153564453125,0.0012345814611762
tile_r018275_c010339,3,397.722900390625,498.769287109375,473.2993774414063,524.4896850585938,0.0011848909780383
tile_r018275_c010339,3,278.9359741210937,514.7485961914062,336.78759765625,523.9595947265625,0.0011782342335209
tile_r018275_c010339,3,285.7327880859375,501.5198364257813,354.1304016113281,513.2785034179688,0.001177369733341
tile_r018275_c010339,3,8.54620361328125,520.7174072265625,76.40999603271484,524.7999877929688,0.0011766713578253
tile_r018275_c010339,3,31.73476791381836,501.7516174316406,105.8704833984375,514.2461547851562,0.0011666651116684
tile_r018275_c010339,3,172.0476531982422,301.9140625,221.6060028076172,344.29931640625,0.0011568540940061
tile_r018275_c010339,3,161.11898803710938,287.1214294433594,222.54345703125,342.9934997558594,0.0011502644047141
tile_r018275_c010339,3,344.61773681640625,514.2039184570312,436.7042541503906,521.0369262695312,0.0011316043091937
tile_r018275_c010339,3,22.419458389282227,-0.8552352786064148,72.66851806640625,35.4741096496582,0.0011313300346955
tile_r018275_c010339,3,54.595314025878906,518.3660888671875,128.48709106445312,524.7999877929688,0.0011308015091344
tile_r018275_c010339,3,289.21319580078125,198.43344116210935,345.55230712890625,256.800048828125,0.0011258787708356
tile_r018275_c010339,3,205.4222717285156,515.0057373046875,260.47900390625,524.0701904296875,0.0010967656271532
tile_r018275_c010339,3,172.92137145996094,113.5188217163086,191.8910217285156,130.5257110595703,0.0010750695364549
tile_r018275_c010339,3,241.429931640625,232.8457946777344,289.02593994140625,273.0785217285156,0.0010737414704635
tile_r018275_c010339,3,238.3651885986328,292.01824951171875,281.85357666015625,334.5462951660156,0.00107248860877
tile_r018275_c010339,3,148.7279052734375,521.6456909179688,211.9882049560547,524.7999877929688,0.0010623225243762
tile_r018275_c010339,3,53.59160232543945,305.18487548828125,106.90782165527344,369.6922302246094,0.0010618272935971
tile_r018275_c010339,3,210.1605529785156,502.1006774902344,278.6000061035156,513.1614379882812,0.001054281136021
tile_r018275_c010339,3,28.91485023498535,514.7219848632812,83.93070983886719,524.4141845703125,0.0010478068143129
tile_r018275_c010339,3,283.4986267089844,520.4556884765625,353.5365295410156,524.7999877929688,0.0010287468321621
tile_r018275_c010339,3,368.3914489746094,21.136377334594727,435.4038696289063,97.49339294433594,0.001024053664878
tile_r018275_c010339,3,39.023902893066406,2.6697630882263184,66.9786605834961,17.822589874267578,0.0010180983226746
tile_r018275_c010339,3,418.3802185058594,501.6975708007813,487.7351989746094,513.5772705078125,0.0010161476675421
tile_r018275_c010339,3,214.6871032714844,519.96435546875,288.9559020996094,524.7999877929688,0.0010132915340363
tile_r018275_c010339,3,417.8316345214844,514.4798583984375,495.5458068847656,524.0540771484375,0.0010087970877066
tile_r018275_c010595,3,48.756080627441406,400.7122497558594,103.18977355957033,451.0882263183594,0.805776059627533
tile_r018275_c010595,3,164.26937866210938,466.726806640625,213.211669921875,508.39349365234375,0.7848132848739624
tile_r018275_c010595,3,95.5761947631836,471.9568786621094,144.5275115966797,512.0018920898438,0.7644481062889099
tile_r018275_c010595,3,268.0697631835937,3.694714307785034,332.2045288085937,58.3466682434082,0.7640496492385864
tile_r018275_c010595,3,293.5321655273437,88.9334945678711,345.4481811523437,136.2816925048828,0.7518839240074158
tile_r018275_c010595,3,30.70301818847656,69.05402374267578,88.94991302490234,117.3652114868164,0.743992269039154
tile_r018275_c010595,3,15.654833793640137,189.81661987304688,50.60288238525391,219.5079345703125,0.7417982816696167
tile_r018275_c010595,3,413.10302734375,307.3851928710937,474.7395629882813,358.4166564941406,0.7322298884391785
tile_r018275_c010595,3,425.0435485839844,231.2357482910156,468.6076049804688,270.2901916503906,0.7298651933670044
tile_r018275_c010595,3,43.331016540527344,210.62924194335935,75.58152770996094,238.0551300048828,0.6776901483535767
tile_r018275_c010595,3,-0.4298507571220398,288.85577392578125,37.35570526123047,338.82098388671875,0.6440834999084473
tile_r018275_c010595,3,0.679852306842804,115.34383392333984,25.122608184814453,159.30934143066406,0.2482469230890274
tile_r018275_c010595,3,0.918359398841858,426.9322204589844,18.427387237548828,456.9085083007813,0.0357223227620124
tile_r018275_c010595,3,-0.3994995057582855,108.80696868896484,29.266820907592773,165.94610595703125,0.0352055728435516
tile_r018275_c010595,3,-9.8372220993042,110.0759735107422,26.082799911499023,163.95352172851562,0.0218447614461183
tile_r018275_c010595,3,0.597076416015625,288.9169006347656,23.51849937438965,331.3272399902344,0.020019132643938
tile_r018275_c010595,3,0.5840057134628296,289.51568603515625,28.88999366760254,342.9672241210937,0.0187550894916057
tile_r018275_c010595,3,278.6273498535156,13.257983207702637,329.688232421875,56.61785888671875,0.0170559231191873
tile_r018275_c010595,3,420.2066955566406,227.61166381835935,472.0896911621094,275.37774658203125,0.0151367122307419
tile_r018275_c010595,3,-10.432482719421388,282.7854309082031,42.0241813659668,345.3172607421875,0.0148713374510407
tile_r018275_c010595,3,297.4437255859375,93.9837417602539,340.23016357421875,132.687744140625,0.0143163176253438
tile_r018275_c010595,3,37.682273864746094,197.16781616210935,75.11747741699219,237.32504272460935,0.0056278868578374
tile_r018275_c010595,3,12.070531845092772,182.83578491210935,53.514793395996094,220.529052734375,0.0053853234276175
tile_r018275_c010595,3,82.86235046386719,512.3195190429688,163.7266082763672,517.78759765625,0.0051320949569344
tile_r018275_c010595,3,409.2584838867188,300.00152587890625,484.15185546875,365.7038879394531,0.0046815229579806
tile_r018275_c010595,3,415.8818359375,312.82305908203125,460.0943298339844,352.6204528808594,0.004531136713922
tile_r018275_c010595,3,17.259674072265625,193.7202606201172,45.27181243896485,216.1649932861328,0.0044960444793105
tile_r018275_c010595,3,89.08952331542969,467.4259643554688,150.7971954345703,514.0906372070312,0.0043030269443988
tile_r018275_c010595,3,490.0942993164063,383.92376708984375,512.575927734375,427.987060546875,0.004193861503154
tile_r018275_c010595,3,-4.137945652008057,111.12834167480467,11.989953994750977,156.1529541015625,0.0037345187738537
tile_r018275_c010595,3,72.46095275878906,470.0586853027344,150.2628173828125,524.2774658203125,0.0036469988990575
tile_r018275_c010595,3,1.0524413585662842,424.38232421875,23.554981231689453,459.0830078125,0.0033883047290146
tile_r018275_c010595,3,45.6985969543457,394.36517333984375,109.90201568603516,456.8155212402344,0.0032827910035848
tile_r018275_c010595,3,131.642822265625,516.4066162109375,198.1664123535156,524.7999877929688,0.0032728642690926
tile_r018275_c010595,3,80.55535888671875,511.4380798339844,159.25546264648438,516.5904541015625,0.003224661340937
tile_r018275_c010595,3,0.1356750428676605,423.4847717285156,25.99163246154785,467.5964965820313,0.003150018164888
tile_r018275_c010595,3,22.27349853515625,191.8217010498047,51.30060958862305,217.1019744873047,0.0031023356132209
tile_r018275_c010595,3,42.73331451416016,213.17691040039065,70.6712417602539,232.9487762451172,0.0029880008660256
tile_r018275_c010595,3,-0.7929397821426392,422.974853515625,30.286640167236328,476.886474609375,0.0028638886287808
tile_r018275_c010595,3,193.32272338867188,0.7945892214775085,225.74490356445312,15.705053329467772,0.0027931383810937
tile_r018275_c010595,3,363.7424926757813,522.1203002929688,414.8541870117188,524.7999877929688,0.0026990834157913
tile_r018275_c010595,3,87.04803466796875,300.05255126953125,109.45552825927734,320.9649353027344,0.00268488493748
tile_r018275_c010595,3,493.25238037109375,373.0808715820313,514.4844360351562,432.2883911132813,0.0026127991732209
tile_r018275_c010595,3,66.30247497558594,511.2577209472656,146.8846893310547,516.3004760742188,0.0026067059952765
tile_r018275_c010595,3,84.68693542480469,513.7152709960938,171.02548217773438,519.7954711914062,0.0025402458850294
tile_r018275_c010595,3,155.4293212890625,459.6471557617188,224.2164764404297,512.32666015625,0.0025010174140334
tile_r018275_c010595,3,61.054161071777344,515.5198974609375,116.72269439697266,524.7999877929688,0.0023241573944687
tile_r018275_c010595,3,482.02880859375,379.1388244628906,514.5447387695312,435.7534790039063,0.0022939110640436
tile_r018275_c010595,3,96.64143371582033,503.369140625,140.3470001220703,512.2021484375,0.0021306581329554
tile_r018275_c010595,3,37.83942413330078,207.3819122314453,81.28144836425781,252.32888793945312,0.0021207712125033
tile_r018275_c010595,3,-2.7631638050079346,107.63623046875,37.32631301879883,172.2516326904297,0.0021145096980035
tile_r018275_c010595,3,373.8936462402344,502.75335693359375,421.8943481445313,513.7484130859375,0.0020366245880723
tile_r018275_c010595,3,312.6407165527344,521.4156494140625,369.4657287597656,524.7999877929688,0.0019962091464549
tile_r018275_c010595,3,153.13987731933594,513.5015869140625,236.1553192138672,521.4991455078125,0.0018931303638964
tile_r018275_c010595,3,134.88436889648438,513.1508178710938,223.430908203125,520.325439453125,0.0018157891463488
tile_r018275_c010595,3,104.5427703857422,513.506591796875,170.536376953125,524.7999877929688,0.0018094108672812
tile_r018275_c010595,3,69.66545104980469,515.5035400390625,142.6390838623047,524.7999877929688,0.0018004134763032
tile_r018275_c010595,3,0.387316882610321,502.4833984375,57.69930267333984,513.2492065429688,0.0017140940763056
tile_r018275_c010595,3,302.162109375,-12.596585273742676,387.3367309570313,0.4623733460903168,0.0016897490713745
tile_r018275_c010595,3,0.773193359375,112.416015625,19.10380172729492,148.70980834960938,0.0016784036997705
tile_r018275_c010595,3,276.81689453125,1.734716773033142,337.4908142089844,16.280593872070312,0.0016357377171516
tile_r018275_c010595,3,289.86529541015625,-12.727398872375488,372.2241821289063,1.47015380859375,0.0016334971878677
tile_r018275_c010595,3,-8.527608871459961,102.61701965332033,31.1875114440918,169.03439331054688,0.0016153597971424
tile_r018275_c010595,3,431.24066162109375,234.803466796875,466.27435302734375,267.30572509765625,0.0016016244189813
tile_r018275_c010595,3,56.00017547607422,520.3243408203125,133.0157012939453,524.7999877929688,0.0015957587165758
tile_r018275_c010595,3,87.05845642089844,518.27880859375,160.7285614013672,524.7999877929688,0.0015646793181076
tile_r018275_c010595,3,177.02157592773438,515.7855224609375,247.4469757080078,524.6296997070312,0.0015518374275416
tile_r018275_c010595,3,266.7341003417969,1.843051195144653,301.7853698730469,15.78576946258545,0.0015312808100134
tile_r018275_c010595,3,180.9739227294922,519.8880615234375,253.5666046142578,524.7999877929688,0.0015300179366022
tile_r018275_c010595,3,160.1842803955078,519.8704223632812,231.227783203125,524.7999877929688,0.0015141540206968
tile_r018275_c010595,3,11.492349624633787,515.2582397460938,68.04676818847656,524.0990600585938,0.0015110450331121
tile_r018275_c010595,3,147.0875701904297,479.17333984375,222.91940307617188,523.68994140625,0.0015106170903891
tile_r018275_c010595,3,494.23046875,382.2525939941406,513.5181884765625,423.5794372558594,0.0015062432503327
tile_r018275_c010595,3,321.61651611328125,519.54833984375,380.6374816894531,524.7999877929688,0.0014742531348019
tile_r018275_c010595,3,344.8688049316406,-1.1389213800430298,384.60931396484375,12.517321586608888,0.001473237760365
tile_r018275_c010595,3,75.98042297363281,519.4202880859375,152.1850128173828,524.7999877929688,0.0014338645851239
tile_r018275_c010595,3,11.845318794250488,502.07220458984375,80.06845092773438,513.9302368164062,0.0014053353806957
tile_r018275_c010595,3,253.7005157470703,519.5567626953125,320.34686279296875,524.7999877929688,0.001399774919264
tile_r018275_c010595,3,259.49078369140625,443.6129760742188,320.1239013671875,505.7229614257813,0.0013650584733113
tile_r018275_c010595,3,512.3474731445312,366.5428771972656,524.06640625,433.3180541992188,0.0013568166177719
tile_r018275_c010595,3,14.494604110717772,521.8941040039062,80.99151611328125,524.7999877929688,0.0013399783056229
tile_r018275_c010595,3,49.18170166015625,74.62836456298828,87.55723571777344,105.8768081665039,0.0013370724627748
tile_r018275_c010595,3,258.834716796875,-4.457387447357178,308.821044921875,8.686014175415039,0.0013234660727903
tile_r018275_c010595,3,194.4885711669922,515.33984375,261.6551818847656,524.7999877929688,0.001313543645665
tile_r018275_c010595,3,294.3605041503906,0.562176525592804,350.213134765625,13.926953315734863,0.0013124088291078
tile_r018275_c010595,3,184.49966430664065,1.0487701892852783,228.2153778076172,14.338955879211426,0.0013031436828896
tile_r018275_c010595,3,452.86224365234375,331.9872131347656,473.963623046875,347.4906311035156,0.0012996335281059
tile_r018275_c010595,3,23.00145530700684,514.8446044921875,80.83172607421875,524.0570678710938,0.0012959223240613
tile_r018275_c010595,3,348.1024780273437,520.9210205078125,407.6263122558594,524.7999877929688,0.0012887119082733
tile_r018275_c010595,3,290.46893310546875,-6.16204833984375,354.7465515136719,5.677404880523682,0.0012585177319124
tile_r018275_c010595,3,39.972877502441406,514.9324340820312,97.3917999267578,524.5046997070312,0.001245645689778
tile_r018275_c010595,3,17.021215438842773,511.8050842285156,106.62489318847656,522.9650268554688,0.0012438566191121
tile_r018275_c010595,3,3.122515916824341,515.6063232421875,56.3484001159668,524.19873046875,0.0012425415916368
tile_r018275_c010595,3,1.181060791015625,289.1357421875,17.543254852294922,321.9140625,0.0012395185185596
tile_r018275_c010595,3,39.14717864990234,520.0558471679688,115.40675354003906,524.7999877929688,0.0012360252439975
tile_r018275_c010595,3,306.8238830566406,0.7232666015625,356.881103515625,13.360583305358888,0.0012254361063241
tile_r018275_c010595,3,28.42633056640625,501.46728515625,98.2970962524414,513.3582763671875,0.0012214948656037
tile_r018275_c010595,3,141.7152099609375,497.9944458007813,217.11941528320312,524.4774169921875,0.0011942663695663
tile_r018275_c010595,3,295.47430419921875,520.5867309570312,363.7838439941406,524.7999877929688,0.0011861461680382
tile_r018275_c010595,3,256.11737060546875,515.348876953125,341.78106689453125,524.6524658203125,0.0011764079099521
tile_r018275_c010595,3,254.433837890625,-4.595437049865723,303.5448608398437,6.6589202880859375,0.0011656776769086
tile_r018275_c010595,3,1.87508237361908,298.5365295410156,34.26065444946289,334.98046875,0.0011654938571155
tile_r018275_c010595,3,88.3558578491211,514.1837158203125,180.6969451904297,521.11767578125,0.0011556409299373
tile_r018275_c010595,3,338.15289306640625,-12.58477020263672,413.1520080566406,2.880088806152344,0.0011552310315892
tile_r018275_c010595,3,236.95687866210935,519.1032104492188,303.04937744140625,524.7999877929688,0.0011508869938552
tile_r018275_c010595,3,199.9408416748047,6.642791748046875,219.7928009033203,22.819477081298828,0.0011454456252977
tile_r018275_c010595,3,33.5930061340332,197.3857879638672,89.95344543457031,256.9352111816406,0.0011257644509896
tile_r018275_c010595,3,97.2082290649414,519.2705078125,175.8147430419922,524.7999877929688,0.0011223759502172
tile_r018275_c010595,3,445.0222778320313,502.2346801757813,509.2115173339844,513.623046875,0.0011214199475944
tile_r018275_c010595,3,-10.452527046203612,521.3341064453125,49.0657844543457,524.7999877929688,0.0011065697763115
tile_r018275_c010595,3,-10.259271621704102,239.2304229736328,55.61508941650391,351.6932983398437,0.0010795461712405
tile_r018275_c010595,3,214.0415954589844,515.1988525390625,279.390625,524.7999877929688,0.0010737895499914
tile_r018275_c010595,3,254.9434051513672,450.7058715820313,325.9183044433594,513.7867431640625,0.0010728145716711
tile_r018275_c010595,3,26.807092666625977,520.6845703125,97.5336456298828,524.7999877929688,0.0010493621230125
tile_r018275_c010595,3,-10.164563179016112,62.16887283325195,32.10505294799805,167.72671508789062,0.0010490798158571
tile_r018275_c010595,3,327.7339782714844,517.9866333007812,390.3635864257813,524.7999877929688,0.0010426302906125
tile_r018275_c010595,3,252.9087371826172,501.7525329589844,331.90643310546875,514.1388549804688,0.001035688095726
tile_r018275_c010595,3,158.0828857421875,503.9195861816406,218.8355407714844,512.437255859375,0.0010143095860257
tile_r018275_c010595,3,110.9483871459961,19.765661239624023,180.80844116210935,98.5134735107422,0.0010075757745653
tile_r018275_c010851,3,12.5947265625,4.193676948547363,76.1653060913086,58.52813720703125,0.7714583873748779
tile_r018275_c010851,3,37.08230972290039,88.70469665527344,89.62164306640625,136.41876220703125,0.7474173307418823
tile_r018275_c010851,3,400.3356323242188,93.9220962524414,446.6590881347656,134.39804077148438,0.737257182598114
tile_r018275_c010851,3,169.21115112304688,231.4838409423828,212.3037567138672,269.94342041015625,0.7307291626930237
tile_r018275_c010851,3,157.2581329345703,307.6689147949219,218.3436584472656,357.7151184082031,0.7229125499725342
tile_r018275_c010851,3,242.7953186035156,391.00341796875,287.3319702148437,434.23876953125,0.5561306476593018
tile_r018275_c010851,3,489.4215393066406,-1.3384888172149658,513.8090209960938,21.01054000854492,0.5082325339317322
tile_r018275_c010851,3,486.0361328125,-1.7374969720840454,515.7764892578125,25.39390563964844,0.0847203955054283
tile_r018275_c010851,3,399.8326110839844,-1.9307410717010496,435.1100463867188,15.0974702835083,0.0517491437494754
tile_r018275_c010851,3,401.2694396972656,-4.84520959854126,442.8436584472656,13.875391006469728,0.0465933345258235
tile_r018275_c010851,3,478.0008239746094,-10.900487899780272,516.046630859375,18.85467529296875,0.0380625464022159
tile_r018275_c010851,3,492.1365356445313,-7.038064479827881,520.4083862304688,26.805953979492188,0.0357045382261276
tile_r018275_c010851,3,41.0881462097168,93.8329849243164,84.34420013427734,132.74801635742188,0.0170941203832626
tile_r018275_c010851,3,164.2652587890625,227.80126953125,215.9839324951172,275.2230834960937,0.01414390001446
tile_r018275_c010851,3,238.7421875,385.7557678222656,290.5897827148437,438.9430541992188,0.0109104653820395
tile_r018275_c010851,3,404.2392578125,-0.1619934141635894,453.7359313964844,15.163543701171877,0.0107645643875002
tile_r018275_c010851,3,395.8655700683594,88.41312408447266,451.29693603515625,139.23971557617188,0.0095201609656214
tile_r018275_c010851,3,23.176586151123047,13.184216499328612,73.5924301147461,56.39289474487305,0.0088745206594467
tile_r018275_c010851,3,506.2291870117188,-8.738824844360352,521.0018310546875,23.91552734375,0.0084453113377094
tile_r018275_c010851,3,392.8699035644531,-5.857794284820557,435.1646423339844,14.289749145507812,0.008027296513319
tile_r018275_c010851,3,153.48983764648438,300.1319885253906,227.68685913085935,365.0613403320313,0.0045983204618096
tile_r018275_c010851,3,243.03256225585935,500.5286254882813,300.2929077148437,513.2340698242188,0.0041948733851313
tile_r018275_c010851,3,488.4383850097656,0.7849944829940796,510.9747009277344,18.943328857421875,0.0041702878661453
tile_r018275_c010851,3,160.00723266601562,313.0634765625,203.9129943847656,352.3739318847656,0.0041380864568054
tile_r018275_c010851,3,461.5751953125,-12.182199478149414,524.7999877929688,19.28365135192871,0.0030826898291707
tile_r018275_c010851,3,27.074481964111328,465.57080078125,67.47059631347656,504.9266662597656,0.0026944330893456
tile_r018275_c010851,3,107.15715026855467,522.13623046875,159.4456024169922,524.7999877929688,0.0026870549190789
tile_r018275_c010851,3,400.881103515625,-5.201586723327637,455.9526977539063,8.181646347045898,0.002577242674306
tile_r018275_c010851,3,227.28372192382807,521.8182373046875,298.2300109863281,524.7999877929688,0.0024581358302384
tile_r018275_c010851,3,249.9431610107422,501.1156311035156,321.1000061035156,512.9421997070312,0.0024290841538459
tile_r018275_c010851,3,386.757080078125,-12.800000190734863,451.3263244628906,10.369943618774414,0.0022081199567764
tile_r018275_c010851,3,117.25798034667967,502.57470703125,167.4034881591797,513.99365234375,0.002104630228132
tile_r018275_c010851,3,510.5069274902344,-6.580571174621582,524.7999877929688,40.00484085083008,0.0019796302076429
tile_r018275_c010851,3,249.0540008544922,396.97705078125,284.53790283203125,432.03857421875,0.0019584265537559
tile_r018275_c010851,3,172.81442260742188,234.1466827392578,208.68624877929688,263.89141845703125,0.0019499654881656
tile_r018275_c010851,3,378.9756164550781,-12.800000190734863,441.5421752929688,3.9228241443634033,0.0019083840306848
tile_r018275_c010851,3,245.0998077392578,514.55908203125,308.5581970214844,523.45068359375,0.0019065648084506
tile_r018275_c010851,3,233.5878448486328,514.4866333007812,288.322265625,523.8190307617188,0.0018553299596533
tile_r018275_c010851,3,197.1544647216797,332.2308959960937,217.7421112060547,347.1612548828125,0.0018269122811034
tile_r018275_c010851,3,487.8851013183594,-4.490624904632568,517.2166748046875,34.3256721496582,0.0018110573291778
tile_r018275_c010851,3,262.4286499023437,503.8880004882813,328.3733825683594,512.8756713867188,0.0017807006370276
tile_r018275_c010851,3,390.7139587402344,-1.9493919610977173,430.443359375,14.737088203430176,0.0016558564966544
tile_r018275_c010851,3,217.7534942626953,512.0460205078125,304.1649780273437,522.7202758789062,0.001625463948585
tile_r018275_c010851,3,409.1561584472656,519.2586669921875,477.5713806152344,524.7999877929688,0.0016110091237351
tile_r018275_c010851,3,54.17536544799805,521.2581787109375,112.8996353149414,524.7999877929688,0.0016054147854447
tile_r018275_c010851,3,398.9375,-12.800000190734863,459.2279357910156,7.651373386383057,0.0015163319185376
tile_r018275_c010851,3,233.6828155517578,380.41497802734375,297.4896545410156,447.29052734375,0.0015116229187697
tile_r018275_c010851,3,52.3941650390625,-12.646963119506836,136.8131103515625,0.512408435344696,0.0015033452073112
tile_r018275_c010851,3,20.728252410888672,1.83251953125,81.20911407470703,16.226903915405273,0.0015019422862678
tile_r018275_c010851,3,229.8355407714844,501.2579956054688,292.4512634277344,513.2312622070312,0.0014641503803431
tile_r018275_c010851,3,223.0682373046875,514.5459594726562,276.4804382324219,524.1343994140625,0.0014396755723282
tile_r018275_c010851,3,33.5588264465332,471.0138549804688,58.3787841796875,499.6617126464844,0.0014244321500882
tile_r018275_c010851,3,32.97012710571289,-12.66718578338623,116.77354431152344,1.290126085281372,0.0013948047999292
tile_r018275_c010851,3,514.7155151367188,-12.24695873260498,524.7999877929688,3.4983413219451904,0.001376990112476
tile_r018275_c010851,3,252.0272521972656,514.4327392578125,323.5830993652344,523.8698120117188,0.0013688019244
tile_r018275_c010851,3,493.4107360839844,-12.371917724609377,524.3740234375,24.78875732421875,0.0013591430615633
tile_r018275_c010851,3,-0.0733459442853927,519.9112548828125,66.36675262451172,524.7999877929688,0.0013519137864932
tile_r018275_c010851,3,265.8247985839844,515.2529907226562,339.8056640625,524.1480712890625,0.0013300299178808
tile_r018275_c010851,3,421.74212646484375,519.0462646484375,488.662841796875,524.7999877929688,0.001319739036262
tile_r018275_c010851,3,6.631085395812988,-0.8828125,85.20378875732422,65.24505615234375,0.0013174114283174
tile_r018275_c010851,3,393.5550842285156,-3.880423069000244,445.7146606445313,23.001575469970703,0.0013135981280356
tile_r018275_c010851,3,86.86470031738281,-1.0740013122558594,129.15048217773438,12.575594902038574,0.0013025332009419
tile_r018275_c010851,3,64.50634002685547,519.37939453125,124.7289581298828,524.7999877929688,0.0012939845910295
tile_r018275_c010851,3,340.2125549316406,521.4925537109375,405.4138793945313,524.7999877929688,0.0012811975320801
tile_r018275_c010851,3,37.02725982666016,471.3493041992188,59.5738410949707,494.8635864257813,0.0012636195169761
tile_r018275_c010851,3,33.60904693603516,-6.030493259429932,99.3188705444336,5.405967712402344,0.0012503094039857
tile_r018275_c010851,3,370.58636474609375,-12.800000190734863,435.5933532714844,1.7059814929962158,0.0012479114811867
tile_r018275_c010851,3,397.6743774414063,518.5686645507812,465.30267333984375,524.7999877929688,0.0012338267406448
tile_r018275_c010851,3,243.57205200195312,521.6226806640625,313.0488586425781,524.7999877929688,0.0012271612649783
tile_r018275_c010851,3,38.80229568481445,520.5021362304688,106.17842864990234,524.7999877929688,0.0012155540753155
tile_r018275_c010851,3,91.9823760986328,521.014892578125,151.5435028076172,524.7999877929688,0.0011861444218084
tile_r018275_c010851,3,327.651123046875,520.9993286132812,392.6441345214844,524.7999877929688,0.0011749980039894
tile_r018275_c010851,3,210.1027069091797,514.5657348632812,263.43719482421875,524.28759765625,0.0011627831263467
tile_r018275_c010851,3,388.93365478515625,-12.800000190734863,444.5061645507813,-6.770020961761475,0.0011599543504416
tile_r018275_c010851,3,261.7821350097656,522.0278930664062,330.4383239746094,524.7999877929688,0.0011570173082873
tile_r018275_c010851,3,36.532676696777344,0.804217517375946,95.2772979736328,14.123285293579102,0.0011336462339386
tile_r018275_c010851,3,4.99737548828125,515.9241333007812,90.42131042480467,524.7438354492188,0.0011327362153679
tile_r018275_c010851,3,239.2480926513672,486.4597778320313,318.3639221191406,514.2408447265625,0.0011246823705732
tile_r018275_c010851,3,47.421875,0.970312476158142,102.25801849365234,13.497720718383787,0.0011215492850169
tile_r018275_c010851,3,81.75279998779297,-12.60626983642578,157.5984649658203,2.87017822265625,0.0011190216755494
tile_r018275_c010851,3,401.8006896972656,98.3170928955078,437.9889526367188,129.8354034423828,0.0011190152727067
tile_r018275_c010851,3,208.5288543701172,521.7662963867188,278.363525390625,524.7999877929688,0.0011186625342816
tile_r018275_c010851,3,148.22335815429688,514.8646240234375,209.44796752929688,524.7999877929688,0.0011086225276812
tile_r018275_c010851,3,339.89459228515625,195.0749969482422,359.89776611328125,212.697265625,0.0010858192108571
tile_r018275_c010851,3,4.471941947937012,-4.4737548828125,48.0977783203125,6.682373046875,0.0010670389747247
tile_r018275_c010851,3,11.457324028015137,520.1713256835938,78.13414001464844,524.7999877929688,0.0010624059941619
tile_r018275_c010851,3,277.1688537597656,502.143310546875,340.4529724121094,513.5595092773438,0.0010563179384917
tile_r018275_c010851,3,275.05682373046875,522.2589111328125,339.2957763671875,524.7999877929688,0.0010485976235941
tile_r018275_c010851,3,25.206958770751957,80.31752014160156,101.54488372802734,152.53897094726562,0.0010327238123863
tile_r018275_c010851,3,448.8946228027344,515.1882934570312,514.3942260742188,524.7999877929688,0.0010245664743706
tile_r018275_c010851,3,352.8970642089844,521.2648315429688,417.6726989746094,524.7999877929688,0.0010141916573047
tile_r018275_c010851,3,59.25679397583008,-5.779910087585449,131.66659545898438,5.186902046203613,0.0010037404717877
tile_r018275_c011107,3,377.48187255859375,306.553466796875,432.7267150878906,356.93701171875,0.7539235949516296
tile_r018275_c011107,3,287.0502014160156,143.3240966796875,332.50860595703125,183.0164337158203,0.7536715865135193
tile_r018275_c011107,3,349.47119140625,173.3317413330078,388.2456970214844,213.3983917236328,0.7536388635635376
tile_r018275_c011107,3,309.4178161621094,354.07537841796875,372.0348205566406,413.55029296875,0.7416667938232422
tile_r018275_c011107,3,144.4158172607422,93.64591979980467,190.9191131591797,134.6151885986328,0.7170661091804504
tile_r018275_c011107,3,232.5859375,-3.5677642822265625,277.96893310546875,25.2340145111084,0.683921754360199
tile_r018275_c011107,3,299.1900634765625,29.29767417907715,331.0735168457031,57.77709197998047,0.6129785776138306
tile_r018275_c011107,3,2.8850646018981934,396.2926635742188,30.233983993530277,432.86376953125,0.4008663892745971
tile_r018275_c011107,3,244.9491271972656,261.0702514648437,276.90167236328125,291.08404541015625,0.0681671425700187
tile_r018275_c011107,3,145.68856811523438,-5.276363372802734,185.02919006347656,15.665365219116213,0.0622509345412254
tile_r018275_c011107,3,264.25421142578125,220.6405334472656,287.6892395019531,246.6911163330078,0.05789640173316
tile_r018275_c011107,3,295.0556030273437,24.81880569458008,334.76812744140625,60.23179244995117,0.0551536306738853
tile_r018275_c011107,3,311.3213195800781,365.839599609375,360.82135009765625,412.13275146484375,0.0536789111793041
tile_r018275_c011107,3,291.503173828125,315.9318542480469,313.4254455566406,338.3085632324219,0.0523407161235809
tile_r018275_c011107,3,290.49810791015625,313.29229736328125,318.4547424316406,338.5957946777344,0.0447480343282222
tile_r018275_c011107,3,236.38754272460935,-0.5069541931152344,274.6480407714844,22.489505767822266,0.0385034382343292
tile_r018275_c011107,3,0.0268905647099018,390.57470703125,34.800804138183594,435.8938598632813,0.0315689742565155
tile_r018275_c011107,3,145.2106475830078,-2.275615692138672,178.3277587890625,15.393152236938477,0.0293543208390474
tile_r018275_c011107,3,227.89144897460935,-3.222215175628662,281.97589111328125,34.413063049316406,0.0192637406289577
tile_r018275_c011107,3,346.5594177246094,168.8827362060547,392.0112915039063,217.91476440429688,0.017671950161457
tile_r018275_c011107,3,2.5042450428009038,386.8485412597656,26.65323829650879,438.0496215820313,0.0133066531270742
tile_r018275_c011107,3,140.5821990966797,88.9495620727539,195.96701049804688,138.80661010742188,0.0115691479295492
tile_r018275_c011107,3,148.18069458007812,-0.781542956829071,195.6043701171875,15.65185832977295,0.0097078848630189
tile_r018275_c011107,3,339.7625732421875,357.6456604003906,370.5386352539063,386.8875427246094,0.0095688169822096
tile_r018275_c011107,3,137.1006317138672,-6.951358795166016,180.8597717285156,16.504520416259766,0.0088230110704898
tile_r018275_c011107,3,385.2482604980469,311.11358642578125,429.9859313964844,353.61456298828125,0.0068536498583853
tile_r018275_c011107,3,137.9477081298828,-12.800000190734863,197.51644897460935,14.007360458374023,0.0056272838264703
tile_r018275_c011107,3,312.16632080078125,367.1848754882813,349.98126220703125,409.3899536132813,0.0055130845867097
tile_r018275_c011107,3,282.6985778808594,138.67855834960938,336.584228515625,188.75955200195312,0.0052293897606432
tile_r018275_c011107,3,2.158778429031372,393.1414489746094,23.500782012939453,432.4764099121094,0.004829125944525
tile_r018275_c011107,3,-1.549871802330017,497.9759826660156,52.2159423828125,513.4328002929688,0.0047668539918959
tile_r018275_c011107,3,227.1925811767578,-12.800000190734863,283.06787109375,23.64202308654785,0.0044517172500491
tile_r018275_c011107,3,396.3736877441406,504.7235412597656,463.0444946289063,513.0235595703125,0.0040885242633521
tile_r018275_c011107,3,301.0189819335937,32.41790008544922,326.80963134765625,55.38208770751953,0.0035763273481279
tile_r018275_c011107,3,-1.042514085769653,384.9338073730469,36.88608169555664,446.6882934570313,0.0030875015072524
tile_r018275_c011107,3,-10.255844116210938,381.47271728515625,34.60514068603516,443.7623901367188,0.0030677495524287
tile_r018275_c011107,3,264.37371826171875,217.7558135986328,292.3141784667969,249.3965301513672,0.0029717527795583
tile_r018275_c011107,3,146.6854705810547,-5.550482749938965,196.9579620361328,10.1474609375,0.0029565698932856
tile_r018275_c011107,3,372.7062377929688,299.593017578125,440.4032287597656,360.173095703125,0.0028860990423709
tile_r018275_c011107,3,452.7439880371094,500.7876892089844,511.0491638183594,513.8577880859375,0.002685488667339
tile_r018275_c011107,3,0.4175048768520355,499.5173950195313,66.09063720703125,514.837890625,0.002422914840281
tile_r018275_c011107,3,390.6333618164063,514.2840576171875,453.0973205566406,523.5188598632812,0.0023325756192207
tile_r018275_c011107,3,142.63418579101562,-5.922467708587647,197.0269012451172,15.425470352172852,0.0022280144039541
tile_r018275_c011107,3,-1.78253173828125,501.7564392089844,70.0257568359375,513.0714721679688,0.0022095469757914
tile_r018275_c011107,3,317.2637634277344,380.1941833496094,356.9676818847656,411.2356567382813,0.0021230317652225
tile_r018275_c011107,3,-6.675683498382568,521.8119506835938,53.020606994628906,524.7999877929688,0.0020381633657962
tile_r018275_c011107,3,293.1459045410156,11.773595809936523,339.81549072265625,62.1338996887207,0.0020077521912753
tile_r018275_c011107,3,291.5655212402344,19.538116455078125,341.9834899902344,68.69538116455078,0.0020066460128873
tile_r018275_c011107,3,406.302734375,513.9927978515625,475.30322265625,523.994384765625,0.0019940501078963
tile_r018275_c011107,3,381.8035278320313,504.1853637695313,455.4343872070313,513.1156005859375,0.0019214804051443
tile_r018275_c011107,3,243.5317840576172,257.37408447265625,283.27001953125,295.4584350585937,0.001757173682563
tile_r018275_c011107,3,407.2022399902344,502.5292053222656,480.58251953125,513.6180419921875,0.0017173829255625
tile_r018275_c011107,3,437.920166015625,515.1077270507812,506.72271728515625,524.2239379882812,0.0017094925278797
tile_r018275_c011107,3,376.4208984375,515.4537963867188,432.6797790527344,524.1530151367188,0.0016486335080116
tile_r018275_c011107,3,253.8275909423828,519.1932983398438,321.52203369140625,524.7999877929688,0.0016399362357333
tile_r018275_c011107,3,325.0987854003906,-12.800000190734863,398.8665161132813,1.2573639154434204,0.0016073274891823
tile_r018275_c011107,3,14.166949272155762,502.8264770507813,74.72721862792969,512.9835815429688,0.0015904147876426
tile_r018275_c011107,3,-1.6717345714569092,514.8307495117188,53.24156951904297,523.3416748046875,0.0015739069785922
tile_r018275_c011107,3,419.9712829589844,514.2313232421875,491.3938598632813,524.323974609375,0.0015551005490124
tile_r018275_c011107,3,154.7673797607422,519.5181884765625,222.74563598632807,524.7999877929688,0.0015167586971074
tile_r018275_c011107,3,137.46730041503906,-5.772408962249756,185.16067504882807,23.1400146484375,0.0015115379355847
tile_r018275_c011107,3,243.8968811035156,520.0900268554688,308.52197265625,524.7999877929688,0.0015051844529807
tile_r018275_c011107,3,1.583807349205017,495.9371948242188,36.28008270263672,512.9835205078125,0.0014897393994033
tile_r018275_c011107,3,277.52471923828125,519.8599853515625,347.2904357910156,524.7999877929688,0.0014871632447466
tile_r018275_c011107,3,293.29986572265625,521.0631713867188,360.3464965820313,524.7999877929688,0.0014751385897397
tile_r018275_c011107,3,308.4571838378906,-0.598498523235321,358.1619567871094,12.649618148803713,0.0014164007734507
tile_r018275_c011107,3,271.5550842285156,518.2393798828125,340.60418701171875,524.7999877929688,0.0014076734660193
tile_r018275_c011107,3,182.7420959472656,160.6123046875,247.4070281982422,216.91537475585935,0.0013971785083413
tile_r018275_c011107,3,452.6661682128906,522.3778076171875,514.4017944335938,524.7999877929688,0.0013919782359153
tile_r018275_c011107,3,429.39453125,521.5692138671875,500.8939514160156,524.7999877929688,0.0013828685041517
tile_r018275_c011107,3,138.14895629882812,-12.209973335266112,188.16766357421875,8.451998710632324,0.0013607026776298
tile_r018275_c011107,3,452.6808471679688,516.0535278320312,519.2101440429688,524.41796875,0.0013391969259828
tile_r018275_c011107,3,167.14208984375,519.22607421875,233.5899353027344,524.7999877929688,0.0013023749925196
tile_r018275_c011107,3,298.674072265625,-12.800000190734863,379.1051330566406,0.9039230346679688,0.0012794592184945
tile_r018275_c011107,3,379.9946594238281,508.8671875,467.62255859375,521.7841796875,0.0012705202680081
tile_r018275_c011107,3,84.8684310913086,521.4386596679688,148.943115234375,524.7999877929688,0.0012618562905117
tile_r018275_c011107,3,243.560791015625,245.031005859375,288.3759155273437,293.4676208496094,0.0012506888015195
tile_r018275_c011107,3,389.5031433105469,520.9581298828125,459.7609252929688,524.7999877929688,0.001244823099114
tile_r018275_c011107,3,8.228124618530273,514.2093505859375,79.70262145996094,523.99169921875,0.0012351343175396
tile_r018275_c011107,3,323.0000915527344,393.2886047363281,356.37335205078125,410.4200134277344,0.001215873635374
tile_r018275_c011107,3,146.32363891601562,97.4639129638672,184.458251953125,129.42221069335938,0.0012142960913479
tile_r018275_c011107,3,231.51528930664065,519.9329223632812,298.5436096191406,524.7999877929688,0.0012047769268974
tile_r018275_c011107,3,449.4876098632813,29.85593605041504,515.76025390625,112.3139877319336,0.0012028734199702
tile_r018275_c011107,3,434.2171936035156,501.4520568847656,506.09912109375,513.5758666992188,0.0011961949057877
tile_r018275_c011107,3,302.8020324707031,521.5762939453125,366.58343505859375,524.7999877929688,0.0011914382921531
tile_r018275_c011107,3,306.6280212402344,347.6376342773437,381.1612243652344,421.274658203125,0.0011886338470503
tile_r018275_c011107,3,374.6690979003906,503.4188537597656,441.449951171875,513.0489501953125,0.0011628778884187
tile_r018275_c011107,3,371.0041809082031,522.0050048828125,438.5758666992188,524.7999877929688,0.0011575568933039
tile_r018275_c011107,3,72.2500991821289,520.9036865234375,136.8120880126953,524.7999877929688,0.0011489557800814
tile_r018275_c011107,3,135.9267120361328,-6.064462184906006,174.2605438232422,11.386004447937012,0.001144140260294
tile_r018275_c011107,3,364.7550354003906,515.8297119140625,419.7825622558594,524.4720458984375,0.0011330163106322
tile_r018275_c011107,3,0.0060485838912427,521.5767211914062,67.9252700805664,524.7999877929688,0.0011319180484861
tile_r018275_c011107,3,142.4195098876953,518.7647705078125,210.6328125,524.7999877929688,0.0011291116243228
tile_r018275_c011107,3,183.75531005859372,519.50732421875,251.9507293701172,524.7999877929688,0.0011256631696596
tile_r018275_c011107,3,292.04949951171875,503.570068359375,362.314208984375,513.786376953125,0.0011245346395298
tile_r018275_c011107,3,290.9078063964844,-12.800000190734863,360.7904357910156,1.8095855712890625,0.0011224320624023
tile_r018275_c011107,3,357.3294372558594,521.752685546875,426.44927978515625,524.7999877929688,0.0011130748316645
tile_r018275_c011107,3,393.8738403320313,485.90765380859375,476.8854370117188,513.5414428710938,0.0010878577595576
tile_r018275_c011107,3,-2.435272216796875,381.6460571289063,49.63728713989258,446.4479064941406,0.0010862019844353
tile_r018275_c011107,3,12.1143798828125,522.6495971679688,76.77079010009766,524.7999877929688,0.0010770905064418
tile_r018275_c011107,3,254.3675842285156,514.8134155273438,323.8836975097656,524.5462646484375,0.0010602928232401
tile_r018275_c011107,3,-0.327349841594696,485.0276489257813,61.467430114746094,514.5987548828125,0.0010560537921264
tile_r018275_c011107,3,20.838790893554688,501.7451171875,82.8200912475586,513.5206909179688,0.0010530214058235
tile_r018275_c011107,3,20.641830444335938,514.65966796875,97.53694915771484,524.66259765625,0.0010230157058686
tile_r018275_c011107,3,204.3166961669922,181.5088653564453,246.037109375,219.54006958007807,0.0010209520114585
tile_r018275_c011107,3,302.2721252441406,135.50790405273438,390.09674072265625,218.9658660888672,0.0010123285464942
tile_r018275_c011107,3,97.2637939453125,521.1544189453125,160.82620239257812,524.7999877929688,0.0010075954487547
tile_r018275_c011363,3,30.639795303344727,143.13272094726562,76.77238464355469,183.5349884033203,0.757036030292511
tile_r018275_c011363,3,121.36027526855467,306.41217041015625,176.77389526367188,357.0947570800781,0.7564888000488281
tile_r018275_c011363,3,381.0099182128906,9.348370552062988,430.4837341308594,52.84693145751953,0.7515177130699158
tile_r018275_c011363,3,270.8271484375,475.3160095214844,317.6187438964844,512.36865234375,0.748849093914032
tile_r018275_c011363,3,93.56462097167967,173.3549346923828,132.21823120117188,213.3950653076172,0.7484859824180603
tile_r018275_c011363,3,53.31281661987305,353.6568908691406,116.0711898803711,414.21917724609375,0.7353545427322388
tile_r018275_c011363,3,42.1418571472168,27.78998374938965,76.41404724121094,58.47373580932617,0.6217549443244934
tile_r018275_c011363,3,435.5536193847656,138.57577514648438,468.9929809570313,170.53578186035156,0.6198896765708923
tile_r018275_c011363,3,-2.3488495349884038,-1.5770355463027954,22.526294708251957,24.98613548278809,0.4624558091163635
tile_r018275_c011363,3,496.1756896972656,9.5178861618042,512.7928466796875,33.920101165771484,0.1106646358966827
tile_r018275_c011363,3,55.09676361083984,365.7804565429688,104.86812591552734,412.474609375,0.0518444925546646
tile_r018275_c011363,3,494.3494567871094,5.192474365234375,515.0587158203125,37.237937927246094,0.0501649901270866
tile_r018275_c011363,3,-6.268353462219238,-12.307388305664062,29.133459091186523,19.8387393951416,0.0484405718743801
tile_r018275_c011363,3,34.69438552856445,315.8119812011719,58.09661865234375,338.55438232421875,0.0472278147935867
tile_r018275_c011363,3,-4.6432647705078125,-5.348486423492432,19.96910095214844,26.3352165222168,0.031567882746458
tile_r018275_c011363,3,39.133033752441406,24.24005699157715,80.00605773925781,62.20991897583008,0.021661389619112
tile_r018275_c011363,3,90.53874206542967,168.80673217773438,136.0108642578125,217.8931121826172,0.0176172666251659
tile_r018275_c011363,3,44.56828689575195,30.86484146118164,72.80574035644531,56.259986877441406,0.0174871198832988
tile_r018275_c011363,3,1.508273363113403,259.6722106933594,20.108234405517575,292.7084350585937,0.0138742458075284
tile_r018275_c011363,3,265.7052307128906,471.28900146484375,323.1358947753906,514.8865966796875,0.0117290588095784
tile_r018275_c011363,3,432.2427368164063,134.0943603515625,474.47210693359375,175.3096923828125,0.0114066647365689
tile_r018275_c011363,3,488.2762756347656,2.098040819168091,514.75390625,35.236351013183594,0.0109900627285242
tile_r018275_c011363,3,-10.402383804321287,-5.134350776672363,24.94810104370117,28.01506996154785,0.0106921084225177
tile_r018275_c011363,3,83.59723663330078,357.45526123046875,114.6992416381836,387.1337890625,0.0101908193901181
tile_r018275_c011363,3,504.5328063964844,-7.775256156921387,520.12158203125,44.63671875,0.0085238590836524
tile_r018275_c011363,3,129.0526123046875,310.9989013671875,174.0552215576172,353.8090515136719,0.0069045443087816
tile_r018275_c011363,3,511.927734375,-12.800000190734863,520.7693481445312,38.66889190673828,0.0054746768437325
tile_r018275_c011363,3,25.715709686279297,137.687255859375,80.62833404541016,189.45556640625,0.0052632610313594
tile_r018275_c011363,3,276.9366760253906,485.2901306152344,315.51177978515625,512.3868408203125,0.0051109693013131
tile_r018275_c011363,3,410.8123168945313,154.86427307128906,429.5576171875,173.25401306152344,0.0050297835841774
tile_r018275_c011363,3,8.918672561645508,219.617431640625,31.6091251373291,245.63168334960935,0.0046550813131034
tile_r018275_c011363,3,508.4006958007813,-7.729479789733887,521.1560668945312,48.131980895996094,0.0044748694635927
tile_r018275_c011363,3,141.09786987304688,504.7952270507813,207.3453063964844,512.9825439453125,0.0037179728969931
tile_r018275_c011363,3,252.1034240722656,471.1974182128906,321.6424865722656,523.1997680664062,0.0037014596164226
tile_r018275_c011363,3,437.5158081054688,141.89700317382812,464.8447265625,168.3362579345703,0.0035226617474108
tile_r018275_c011363,3,31.84063148498535,308.7483825683594,66.02623748779297,339.6380310058594,0.0034462674520909
tile_r018275_c011363,3,116.77040100097656,299.5809631347656,184.55270385742188,360.36572265625,0.0031664909329265
tile_r018275_c011363,3,496.9856567382813,287.808349609375,512.8225708007812,322.9759216308594,0.0026885250117629
tile_r018275_c011363,3,496.5310668945313,280.676025390625,514.8424072265625,326.2574768066406,0.0026249103248119
tile_r018275_c011363,3,198.9684600830078,501.57623291015625,255.1753845214844,513.2505493164062,0.0026113768108189
tile_r018275_c011363,3,374.6617736816406,0.929858386516571,437.5913696289063,60.91252517700195,0.0024511408992111
tile_r018275_c011363,3,33.53282928466797,147.4304656982422,72.11102294921875,181.0284118652344,0.0024409182369709
tile_r018275_c011363,3,451.94732666015625,435.69049072265625,482.613525390625,471.2364807128906,0.0023175538517534
tile_r018275_c011363,3,35.45639419555664,19.62721824645996,85.9188461303711,68.3411636352539,0.0022978221531957
tile_r018275_c011363,3,134.90524291992188,514.3175048828125,197.0963134765625,523.5450439453125,0.0022815719712525
tile_r018275_c011363,3,-6.513619899749756,-3.799412488937378,33.51785659790039,36.04317474365234,0.0021696030162274
tile_r018275_c011363,3,5.043617248535156,210.2705841064453,33.3333740234375,246.5292205810547,0.0021452081855386
tile_r018275_c011363,3,366.85455322265625,464.8093872070313,397.5662536621094,493.39697265625,0.0021363259293138
tile_r018275_c011363,3,128.44509887695312,514.7843627929688,186.15914916992188,523.7667846679688,0.0021244990639388
tile_r018275_c011363,3,281.4713439941406,513.58349609375,349.1038513183594,524.7999877929688,0.0020943796262145
tile_r018275_c011363,3,151.3604278564453,514.0709838867188,219.2493133544922,523.9151611328125,0.0020677093416452
tile_r018275_c011363,3,490.27197265625,0.460836797952652,515.1442260742188,23.668386459350582,0.0020527802407741
tile_r018275_c011363,3,306.18609619140625,516.7676391601562,371.7996215820313,524.7999877929688,0.0020187334157526
tile_r018275_c011363,3,241.7425079345703,515.48193359375,302.0999755859375,524.7999877929688,0.0019376359414309
tile_r018275_c011363,3,21.54085731506348,519.5984497070312,91.263427734375,524.7999877929688,0.001931422506459
tile_r018275_c011363,3,55.576148986816406,261.0159606933594,107.5350112915039,319.745849609375,0.0019281876739114
tile_r018275_c011363,3,49.69716644287109,346.7340393066406,125.2088851928711,422.91357421875,0.0018344634445384
tile_r018275_c011363,3,58.2222785949707,264.57159423828125,94.78397369384766,296.74530029296875,0.0018287426792085
tile_r018275_c011363,3,349.7411499023437,254.7757873535156,521.4598999023438,425.9016723632813,0.0018240840872749
tile_r018275_c011363,3,5.486386299133301,519.3360595703125,72.73968505859375,524.7999877929688,0.001802593935281
tile_r018275_c011363,3,16.180912017822266,518.1458129882812,84.99919128417969,524.7999877929688,0.0017704952042549
tile_r018275_c011363,3,126.3561019897461,504.2183532714844,199.5751495361328,513.0802612304688,0.0017646753694862
tile_r018275_c011363,3,506.3914184570313,-3.868949890136719,524.1873168945312,43.12337112426758,0.0017472459003329
tile_r018275_c011363,3,63.108154296875,268.4389038085937,82.9819564819336,286.9140319824219,0.0017388229025527
tile_r018275_c011363,3,152.21292114257812,502.7420959472656,224.5367431640625,513.5926513671875,0.0017239247681573
tile_r018275_c011363,3,69.79804992675781,-12.800000190734863,142.7631072998047,1.1041686534881592,0.0017223538598045
tile_r018275_c011363,3,1.6902252435684204,251.47817993164065,17.95931053161621,299.3214416503906,0.0017153820954263
tile_r018275_c011363,3,238.482177734375,520.0270385742188,311.837158203125,524.7999877929688,0.001706228358671
tile_r018275_c011363,3,346.59747314453125,281.2149353027344,501.6097717285156,445.6534118652344,0.0016679855762049
tile_r018275_c011363,3,460.578369140625,-0.2867584228515625,489.760009765625,11.8245210647583,0.0016670512268319
tile_r018275_c011363,3,36.92618560791016,520.8229370117188,103.51515197753906,524.7999877929688,0.0016412906115874
tile_r018275_c011363,3,53.13713455200195,-0.4430786073207855,101.86724853515624,12.5642671585083,0.0016174929914996
tile_r018275_c011363,3,390.027099609375,13.075024604797363,427.86029052734375,48.429298400878906,0.0016102576628327
tile_r018275_c011363,3,164.1527862548828,514.2171020507812,234.8645477294922,524.2960205078125,0.0015858081169426
tile_r018275_c011363,3,120.1583023071289,515.4886474609375,175.5927734375,524.1439208984375,0.0015751422615721
tile_r018275_c011363,3,61.05537033081055,380.3167114257813,100.8354263305664,411.4051818847656,0.0015518935397267
tile_r018275_c011363,3,320.01806640625,522.283203125,383.2166442871094,524.7999877929688,0.0015490133082494
tile_r018275_c011363,3,173.4591827392578,521.6287841796875,243.3340759277344,524.7999877929688,0.0015010614879429
tile_r018275_c011363,3,-4.7691650390625,520.26513671875,59.3470344543457,524.7999877929688,0.0014558023540303
tile_r018275_c011363,3,182.21038818359372,514.7556762695312,246.97817993164065,524.0794677734375,0.0014516533119603
tile_r018275_c011363,3,511.9908752441406,271.43017578125,523.9283447265625,329.220947265625,0.0014267693040892
tile_r018275_c011363,3,485.1325073242188,-1.8889617919921875,513.9559326171875,21.42538833618164,0.0014191612135618
tile_r018275_c011363,3,178.69351196289062,501.3550720214844,250.5121612548828,513.4984130859375,0.0014082299312576
tile_r018275_c011363,3,430.2835083007813,-12.359254837036133,505.9913024902344,0.3052505552768707,0.0013742180308327
tile_r018275_c011363,3,43.22335052490234,-12.800000190734863,122.5948257446289,0.7573806643486023,0.0013694826047867
tile_r018275_c011363,3,198.7528381347656,514.9215087890625,257.7129821777344,524.113525390625,0.0013670998159796
tile_r018275_c011363,3,20.572132110595703,134.2713623046875,86.1823501586914,197.94046020507807,0.0013599167577922
tile_r018275_c011363,3,512.21826171875,-1.935491919517517,524.7999877929688,52.63025665283203,0.0013531915610656
tile_r018275_c011363,3,246.490234375,484.7408142089844,328.83056640625,524.7999877929688,0.0013166468124836
tile_r018275_c011363,3,410.9014587402344,520.6747436523438,475.8118286132813,524.7999877929688,0.00130196637474
tile_r018275_c011363,3,55.0116081237793,255.712158203125,98.6878890991211,299.327880859375,0.0012962956679984
tile_r018275_c011363,3,64.9953384399414,267.4996643066406,84.9827651977539,284.1158752441406,0.0012926372000947
tile_r018275_c011363,3,45.70183181762695,521.4478759765625,109.6419677734375,524.7999877929688,0.0012857008259743
tile_r018275_c011363,3,-9.940591812133787,-10.613123893737791,25.95225143432617,37.42475509643555,0.0012845105957239
tile_r018275_c011363,3,422.3135681152344,520.3306884765625,488.7175903320313,524.7999877929688,0.0012733574258163
tile_r018275_c011363,3,-8.385431289672852,-12.800000190734863,31.629169464111328,30.044940948486328,0.0012635960010811
tile_r018275_c011363,3,375.7478637695313,520.6678466796875,437.4177856445313,524.7999877929688,0.0012554754503071
tile_r018275_c011363,3,139.94540405273438,521.36376953125,208.47317504882807,524.7999877929688,0.0012554209679365
tile_r018275_c011363,3,413.4442443847656,-12.615053176879885,492.8428649902344,0.3385848999023437,0.0012522700708359
tile_r018275_c011363,3,445.3469848632813,-12.572314262390137,519.5499267578125,0.6063293218612671,0.0012478627031669
tile_r018275_c011363,3,274.53717041015625,477.5882873535156,311.7634582519531,507.8397521972656,0.0012445782776921
tile_r018275_c011363,3,198.95736694335935,21.973840713500977,313.34918212890625,127.8480453491211,0.0012441533617675
tile_r018275_c011363,3,35.93576431274414,-12.800000190734863,104.386474609375,1.630365014076233,0.0012316316133365
tile_r018275_c011363,3,378.77581787109375,519.4039916992188,444.3829956054688,524.7999877929688,0.0011998695554211
tile_r018275_c011363,3,246.701904296875,512.0046997070312,318.309326171875,515.5143432617188,0.0011997941182926
tile_r018275_c011363,3,124.51416015625,508.8567504882813,212.04293823242188,521.8035888671875,0.001194967306219
tile_r018275_c011363,3,450.0994262695313,-0.8245887756347656,487.1716918945313,12.4164400100708,0.001192225026898
tile_r018275_c011363,3,137.8779296875,486.46478271484375,224.2244110107422,513.512451171875,0.0011752324644476
tile_r018275_c011363,3,-12.800000190734863,520.23828125,47.10359573364258,524.7999877929688,0.0011726465309038
tile_r018275_c011363,3,41.410194396972656,416.1307067871094,94.73719787597656,473.3462524414063,0.0011682793265208
tile_r018275_c011363,3,456.9517211914063,521.8494262695312,522.966552734375,524.7999877929688,0.0011652235407382
tile_r018275_c011363,3,449.3831481933594,521.17626953125,517.4573974609375,524.7999877929688,0.0011572878574952
tile_r018275_c011363,3,395.26263427734375,519.792724609375,465.1023864746094,524.7999877929688,0.0011541157728061
tile_r018275_c011363,3,115.06242370605467,522.0045776367188,181.5510711669922,524.7999877929688,0.0011514285579323
tile_r018275_c011363,3,521.49560546875,-11.358495712280272,524.7999877929688,18.5817985534668,0.0011486449511721
tile_r018275_c011363,3,509.841796875,-12.800000190734863,524.3836059570312,18.48960494995117,0.0011325381929054
tile_r018275_c011363,3,2.2496581077575684,255.1331329345703,24.124988555908203,290.6384582519531,0.001132127828896
tile_r018275_c011363,3,218.50582885742188,514.6715087890625,275.96417236328125,524.7999877929688,0.0011153223458677
tile_r018275_c011363,3,109.4197006225586,515.8182983398438,162.5882568359375,524.4369506835938,0.0011138746049255
tile_r018275_c011363,3,108.81949615478516,0.0363800041377544,134.71890258789062,12.867947578430176,0.0011075700167566
tile_r018275_c011363,3,54.8850212097168,258.3082580566406,120.53694915771484,329.4988708496094,0.0011046113213524
tile_r018275_c011363,3,360.71240234375,190.0742950439453,429.8739318847656,268.9354248046875,0.0011010881280526
tile_r018275_c011363,3,118.9334716796875,503.4970703125,185.1441345214844,513.0120849609375,0.0011006261920556
tile_r018275_c011363,3,188.6648406982422,522.1687622070312,252.9608459472656,524.7999877929688,0.0010997547069564
tile_r018275_c011363,3,34.840354919433594,504.55859375,106.1497802734375,513.7327880859375,0.0010921359062194
tile_r018275_c011363,3,101.5401611328125,521.6966552734375,169.6763916015625,524.7999877929688,0.0010907208779826
tile_r018275_c011363,3,518.6343383789062,-12.266924858093262,524.7999877929688,2.541973829269409,0.0010832641273736
tile_r018275_c011363,3,128.4148712158203,521.0557861328125,199.21090698242188,524.7999877929688,0.0010706440079957
tile_r018275_c011363,3,-0.5207977294921875,0.72991943359375,25.88711929321289,20.780780792236328,0.0010703875450417
tile_r018275_c011363,3,514.2889404296875,276.6588439941406,520.9952392578125,333.2704162597656,0.0010701963910833
tile_r018275_c011363,3,329.2124938964844,521.6295166015625,391.6484375,524.7999877929688,0.0010597349610179
tile_r018275_c011363,3,201.2598419189453,521.3961181640625,262.2662353515625,524.7999877929688,0.0010527465492486
tile_r018275_c011363,3,158.77847290039062,521.6105346679688,226.7630920410156,524.7999877929688,0.0010396734578534
tile_r018275_c011363,3,423.7625122070313,113.84333801269533,484.4006958007813,169.9956512451172,0.0010292993392795
tile_r018275_c011363,3,257.7433166503906,521.7896728515625,321.3822326660156,524.7999877929688,0.0010261861607432
tile_r018275_c011363,3,45.18834686279297,135.8568572998047,135.0047607421875,219.43701171875,0.0010227096499875
tile_r018275_c011363,3,156.1969451904297,500.9381713867188,239.58206176757807,514.5140380859375,0.0010194577043876
tile_r018275_c011363,3,494.9248962402344,265.76727294921875,515.5950317382812,329.765869140625,0.0010187702719122
tile_r018275_c011363,3,485.4915161132813,-3.790801286697388,511.3840942382813,10.135699272155762,0.0010145216947421
tile_r018275_c011363,3,363.37451171875,521.0225830078125,425.6661987304688,524.7999877929688,0.001000732765533
tile_r018275_c011619,3,385.8042297363281,448.9151306152344,430.0803833007813,489.7939453125,0.8069823980331421
tile_r018275_c011619,3,393.0595397949219,75.82858276367188,437.0093688964844,117.0250244140625,0.7959394454956055
tile_r018275_c011619,3,335.8050231933594,179.00633239746094,391.5389709472656,230.5050811767578,0.7925459146499634
tile_r018275_c011619,3,247.6597900390625,212.0477752685547,291.1230163574219,256.61651611328125,0.792444109916687
tile_r018275_c011619,3,382.0119018554688,302.9961853027344,432.5949096679688,351.0874938964844,0.7830177545547485
tile_r018275_c011619,3,240.0059051513672,276.83746337890625,291.5189819335937,327.3046264648437,0.7813470959663391
tile_r018275_c011619,3,15.9738187789917,475.3839721679688,61.37442779541016,512.6224365234375,0.7562137246131897
tile_r018275_c011619,3,124.87452697753906,9.27411937713623,174.65701293945312,52.7961540222168,0.7530913949012756
tile_r018275_c011619,3,420.9031372070313,204.0094757080078,457.6744079589844,234.7611389160156,0.6898171305656433
tile_r018275_c011619,3,179.36581420898438,138.48985290527344,213.3306579589844,170.67251586914062,0.6406345963478088
tile_r018275_c011619,3,325.77520751953125,-0.0624969489872455,367.7843627929688,22.271472930908203,0.5213699340820312
tile_r018275_c011619,3,235.9982452392578,-1.927761793136597,300.38671875,35.86518859863281,0.5056796669960022
tile_r018275_c011619,3,348.32037353515625,491.1834106445313,396.0124816894531,512.9056396484375,0.4635820388793945
tile_r018275_c011619,3,443.9390563964844,331.1658630371094,494.1212768554688,374.7306213378906,0.4236572384834289
tile_r018275_c011619,3,477.1974182128906,496.1730346679688,509.2052307128906,513.0706787109375,0.3173481225967407
tile_r018275_c011619,3,239.6992645263672,-3.1126067638397217,304.424072265625,25.66558265686035,0.0867534726858139
tile_r018275_c011619,3,474.4925842285156,493.383544921875,513.9983520507812,514.4165649414062,0.0757438167929649
tile_r018275_c011619,3,343.3819885253906,486.7459106445313,399.9143676757813,513.4150390625,0.0363058932125568
tile_r018275_c011619,3,243.7505798339844,283.840576171875,284.76239013671875,323.7719116210937,0.0318341217935085
tile_r018275_c011619,3,317.85211181640625,-1.1984741687774658,369.6915893554688,26.61942672729492,0.0271232351660728
tile_r018275_c011619,3,319.1264038085937,-1.883014678955078,365.7559814453125,18.371606826782227,0.0259279422461986
tile_r018275_c011619,3,416.6549682617188,199.36734008789065,460.6380004882813,241.7900390625,0.0242614969611167
tile_r018275_c011619,3,333.630126953125,1.459863305091858,367.165771484375,19.868633270263672,0.0214587822556495
tile_r018275_c011619,3,441.3614807128906,323.4212951660156,499.99749755859375,381.44866943359375,0.0179545953869819
tile_r018275_c011619,3,231.1986846923828,-2.4723525047302246,308.879150390625,47.559364318847656,0.0177071150392293
tile_r018275_c011619,3,258.5750732421875,-4.525866508483887,304.0524597167969,11.321362495422363,0.0147887002676725
tile_r018275_c011619,3,469.7151489257813,488.1071166992188,514.5700073242188,513.3951416015625,0.0143927363678812
tile_r018275_c011619,3,175.96054077148438,133.98312377929688,218.2786102294922,175.51463317871094,0.0131758674979209
tile_r018275_c011619,3,379.9674377441406,445.3030395507813,434.0914611816406,494.6717834472656,0.0117612825706601
tile_r018275_c011619,3,423.974609375,206.96875,453.7959899902344,232.7861328125,0.0109036546200513
tile_r018275_c011619,3,335.4022827148437,494.7337036132813,398.9236755371094,522.1444091796875,0.0085780164226889
tile_r018275_c011619,3,314.40008544921875,-1.2234359979629517,371.9035034179688,35.29638671875,0.0079355118796229
tile_r018275_c011619,3,270.203369140625,0.0267974846065044,301.269287109375,18.34993553161621,0.0077830366790294
tile_r018275_c011619,3,386.158935546875,304.88555908203125,429.02532958984375,343.38067626953125,0.0062720035202801
tile_r018275_c011619,3,243.9088897705078,208.2175750732422,295.5322265625,263.1514587402344,0.0051981611177325
tile_r018275_c011619,3,253.5737762451172,-0.1447257995605468,303.64849853515625,23.943828582763672,0.005082662217319
tile_r018275_c011619,3,338.62451171875,184.45455932617188,383.90771484375,226.6925506591797,0.0045384145341813
tile_r018275_c011619,3,260.1473083496094,-1.19610595703125,304.4568786621094,20.058053970336918,0.0045267338864505
tile_r018275_c011619,3,462.6734313964844,473.6271362304688,516.49658203125,513.1673583984375,0.00435989536345
tile_r018275_c011619,3,343.1264038085937,480.110107421875,411.7561950683594,514.2572631835938,0.004280602093786
tile_r018275_c011619,3,324.50714111328125,1.361822485923767,361.3118286132813,19.404565811157227,0.0042339451611042
tile_r018275_c011619,3,445.3919372558594,509.5944213867188,516.3514404296875,515.6917724609375,0.0040916455909609
tile_r018275_c011619,3,0.6244751214981079,470.244140625,65.58638763427734,523.0857543945312,0.0037535375449806
tile_r018275_c011619,3,21.448984146118164,484.8403930664063,59.176719665527344,512.341064453125,0.0035832382272928
tile_r018275_c011619,3,380.1521301269531,72.22245788574219,440.8390502929688,122.6786117553711,0.0035736067220568
tile_r018275_c011619,3,181.3932647705078,141.83642578125,208.92236328125,168.549560546875,0.0034284747671335
tile_r018275_c011619,3,226.5224609375,-12.800000190734863,314.451171875,53.04399490356445,0.003408393356949
tile_r018275_c011619,3,340.91583251953125,474.9235229492188,402.078125,512.49853515625,0.0033961636945605
tile_r018275_c011619,3,118.8143081665039,1.0402038097381592,181.7867126464844,60.87662506103516,0.0030164907220751
tile_r018275_c011619,3,441.832275390625,506.2276306152344,517.2425537109375,516.8430786132812,0.0029947643633931
tile_r018275_c011619,3,259.098876953125,109.6538314819336,310.2659606933594,159.96044921875,0.0029832869768142
tile_r018275_c011619,3,339.7078552246094,467.1842651367188,419.3157348632813,513.8059692382812,0.0029639373533427
tile_r018275_c011619,3,260.0838317871094,501.77392578125,329.4109802246094,513.0804443359375,0.0027552091050893
tile_r018275_c011619,3,10.41933250427246,470.0868225097656,69.66744232177734,514.8824462890625,0.0026761477347463
tile_r018275_c011619,3,441.4454956054688,521.20263671875,516.4845581054688,524.7999877929688,0.0024438088294118
tile_r018275_c011619,3,111.47389221191406,465.2443237304688,140.98153686523438,492.8370971679688,0.0024263171944767
tile_r018275_c011619,3,278.9397277832031,145.71084594726562,295.2709655761719,158.7180633544922,0.0023497529327869
tile_r018275_c011619,3,452.9564514160156,505.2223510742188,514.8416137695312,523.3104248046875,0.0023319786414504
tile_r018275_c011619,3,154.89590454101562,154.78555297851562,173.79544067382812,173.47232055664062,0.0022878805175423
tile_r018275_c011619,3,193.15982055664065,435.16064453125,227.741455078125,472.9969787597656,0.0022391788661479
tile_r018275_c011619,3,306.2703552246094,520.4019775390625,389.1107482910156,524.7999877929688,0.0022119313944131
tile_r018275_c011619,3,329.55767822265625,167.97071838378906,403.4620971679688,242.7108459472656,0.0021781951654702
tile_r018275_c011619,3,360.5930786132813,457.2952575683594,378.99456787109375,474.1412658691406,0.002160340314731
tile_r018275_c011619,3,468.2157287597656,503.0123901367188,514.9044189453125,521.9285888671875,0.0021070141810923
tile_r018275_c011619,3,457.40966796875,483.8693237304688,518.3448486328125,515.1060791015625,0.0020544854924082
tile_r018275_c011619,3,252.2701110839844,514.6239624023438,311.4335021972656,523.7515258789062,0.0020388578996062
tile_r018275_c011619,3,50.74887847900391,516.8592529296875,116.00020599365234,524.7999877929688,0.0020080434624105
tile_r018275_c011619,3,269.75640869140625,514.0847778320312,335.4524841308594,523.8802490234375,0.0020011093001812
tile_r018275_c011619,3,259.53839111328125,514.0321044921875,323.2655029296875,523.6956176757812,0.0019753340166062
tile_r018275_c011619,3,26.6025390625,513.2940673828125,92.6288070678711,524.7999877929688,0.0019581655506044
tile_r018275_c011619,3,453.3275451660156,511.975830078125,512.7125244140625,515.692138671875,0.0019498846959322
tile_r018275_c011619,3,356.8473205566406,493.88958740234375,395.7345275878906,512.1937866210938,0.0019028835231438
tile_r018275_c011619,3,333.745361328125,325.876708984375,347.7084350585937,337.7272033691406,0.001885613775812
tile_r018275_c011619,3,242.3910217285156,193.93673706054688,307.69647216796875,268.4935302734375,0.0018656238680705
tile_r018275_c011619,3,396.55572509765625,78.9664306640625,432.96282958984375,112.1941146850586,0.0018646082608029
tile_r018275_c011619,3,323.4966735839844,491.945556640625,403.8600463867188,524.013916015625,0.0018261541845276
tile_r018275_c011619,3,-4.927899360656738,520.1361083984375,58.72690963745117,524.7999877929688,0.0017972274217754
tile_r018275_c011619,3,233.68408203125,522.3447265625,304.1372985839844,524.7999877929688,0.0017463245894759
tile_r018275_c011619,3,400.4652404785156,514.5139770507812,452.8449096679688,524.53271484375,0.0017386152176186
tile_r018275_c011619,3,323.3497314453125,369.5867309570313,374.0640258789063,406.7853088378906,0.0017303654458373
tile_r018275_c011619,3,444.7543029785156,515.4532470703125,505.8837890625,524.67626953125,0.0016836702125146
tile_r018275_c011619,3,246.577392578125,515.369873046875,301.2291564941406,524.0450439453125,0.0016530078137293
tile_r018275_c011619,3,381.0398559570313,-1.8310546875,489.9244995117188,74.7237548828125,0.0016489295521751
tile_r018275_c011619,3,493.2642517089844,493.6106567382813,524.3068237304688,524.7999877929688,0.0016380589222535
tile_r018275_c011619,3,64.02225494384766,522.2930908203125,127.91090393066406,524.7999877929688,0.0016028304817155
tile_r018275_c011619,3,133.9102020263672,13.057421684265137,171.97085571289062,48.34031295776367,0.0015917912824079
tile_r018275_c011619,3,238.9710693359375,4.21108865737915,274.31353759765625,33.53849411010742,0.0015878758858889
tile_r018275_c011619,3,43.2920150756836,51.1450080871582,62.412353515625,64.84598541259766,0.0015862068394199
tile_r018275_c011619,3,259.5738220214844,105.25715637207033,322.5199584960937,169.78347778320312,0.0015825823647901
tile_r018275_c011619,3,437.9605102539063,42.9848747253418,457.064208984375,58.98299407958984,0.0015590577386319
tile_r018275_c011619,3,313.0297241210937,312.4156188964844,351.5259094238281,346.53240966796875,0.0015533854020759
tile_r018275_c011619,3,18.428014755249023,70.2057876586914,100.2423858642578,168.901123046875,0.0015305483248084
tile_r018275_c011619,3,435.0798950195313,42.432838439941406,456.4595642089844,62.714454650878906,0.0015265078982338
tile_r018275_c011619,3,97.38142395019533,265.4781188964844,256.9720458984375,418.3352661132813,0.0014993044314906
tile_r018275_c011619,3,455.5471801757813,495.044921875,519.4855346679688,514.1052856445312,0.0014653437538072
tile_r018275_c011619,3,366.4153442382813,0.2688964903354645,449.1795959472656,64.09510803222656,0.001461180858314
tile_r018275_c011619,3,286.7485046386719,514.8773803710938,354.3776550292969,524.7999877929688,0.0014564414741471
tile_r018275_c011619,3,244.93667602539065,521.9802856445312,315.4363708496094,524.7999877929688,0.0014552783686667
tile_r018275_c011619,3,333.4607849121094,329.27197265625,347.349853515625,341.8119201660156,0.001451080548577
tile_r018275_c011619,3,159.8361358642578,520.5094604492188,227.0063018798828,524.7999877929688,0.0014496558578684
tile_r018275_c011619,3,367.0747680664063,513.8196411132812,436.1788635253906,524.44189453125,0.0014307308010756
tile_r018275_c011619,3,315.32720947265625,367.8956604003906,376.03125,414.54400634765625,0.001429047784768
tile_r018275_c011619,3,457.6019592285156,522.2672729492188,522.1376953125,524.7999877929688,0.0014225398190319
tile_r018275_c011619,3,203.7460479736328,-0.6026466488838196,231.70541381835935,11.81115436553955,0.0014157263794913
tile_r018275_c011619,3,375.6449279785156,296.07940673828125,443.0789184570313,364.69482421875,0.0013807030627503
tile_r018275_c011619,3,335.60040283203125,522.22705078125,402.0950317382813,524.7999877929688,0.0013560052029788
tile_r018275_c011619,3,253.76791381835935,520.4398803710938,328.7850036621094,524.7999877929688,0.0013509554555639
tile_r018275_c011619,3,146.80099487304688,519.8670043945312,215.7728271484375,524.7999877929688,0.0013503798982128
tile_r018275_c011619,3,279.39752197265625,146.80331420898438,297.5367126464844,163.68809509277344,0.0013472762657329
tile_r018275_c011619,3,178.96609497070312,333.7640991210937,248.7545928955078,405.22705078125,0.0013440229231491
tile_r018275_c011619,3,408.5435485839844,520.2471923828125,474.4415893554688,524.7999877929688,0.0013386242790147
tile_r018275_c011619,3,119.88923645019533,520.58544921875,182.535400390625,524.7999877929688,0.0013133892789483
tile_r018275_c011619,3,269.57244873046875,502.4185485839844,350.3642883300781,513.3425903320312,0.0013077901676297
tile_r018275_c011619,3,315.953857421875,514.7990112304688,385.84869384765625,524.7999877929688,0.0012877028202638
tile_r018275_c011619,3,311.66131591796875,-12.588107109069824,371.4674072265625,12.980862617492676,0.0012838317779824
tile_r018275_c011619,3,433.5990295410156,515.3988037109375,487.3590698242188,524.7999877929688,0.0012794511858373
tile_r018275_c011619,3,122.8662338256836,519.31494140625,189.75466918945312,524.7999877929688,0.0012427357723936
tile_r018275_c011619,3,311.83575439453125,303.9290466308594,357.8355407714844,347.929931640625,0.0012288650032132
tile_r018275_c011619,3,370.6580810546875,1.073797583580017,437.1200256347656,52.50330352783203,0.0012264105025678
tile_r018275_c011619,3,420.28021240234375,514.995361328125,467.7798461914063,524.4463500976562,0.0012248578714206
tile_r018275_c011619,3,186.48165893554688,347.9872131347656,255.2640686035156,424.9358520507813,0.0012132243718951
tile_r018275_c011619,3,72.07511901855469,132.86233520507812,90.2753448486328,146.5040283203125,0.0012023018207401
tile_r018275_c011619,3,346.98114013671875,181.84832763671875,388.6080017089844,225.3771514892578,0.0011921778786927
tile_r018275_c011619,3,220.320068359375,521.7653198242188,292.6879272460937,524.7999877929688,0.0011550532653927
tile_r018275_c011619,3,165.71554565429688,-12.630749702453612,243.52783203125,0.3749740719795227,0.001153104705736
tile_r018275_c011619,3,199.0796813964844,521.4111938476562,266.20733642578125,524.7999877929688,0.0011403972748667
tile_r018275_c011619,3,192.288330078125,-1.186530351638794,230.96841430664065,12.422369003295898,0.0010962187079712
tile_r018275_c011619,3,102.8021240234375,180.44711303710935,175.56155395507812,260.4896545410156,0.0010929862037301
tile_r018275_c011619,3,242.568115234375,502.0708618164063,313.735595703125,513.4093017578125,0.0010797365102916
tile_r018275_c011619,3,133.94729614257812,518.7672119140625,204.3973846435547,524.7999877929688,0.0010790156666189
tile_r018275_c011619,3,176.5729217529297,127.3171844482422,225.90719604492188,179.5088348388672,0.0010779044823721
tile_r018275_c011619,3,18.70196533203125,477.4718627929688,54.98773193359375,508.2947387695313,0.0010570351732894
tile_r018275_c011619,3,0.937792956829071,521.84423828125,64.52369689941406,524.7999877929688,0.0010510474676266
tile_r018275_c011619,3,72.98320007324219,521.6023559570312,136.20443725585938,524.7999877929688,0.0010448152897879
tile_r018275_c011619,3,108.2332763671875,194.0949249267578,173.1060791015625,270.20672607421875,0.001044538221322
tile_r018275_c011619,3,485.0606384277344,476.7884216308594,523.5036010742188,517.3638916015625,0.0010400866158306
tile_r018275_c011619,3,434.6246948242188,319.03204345703125,508.376953125,385.187744140625,0.0010346949566155
tile_r018275_c011619,3,107.46402740478516,520.9669189453125,170.59140014648438,524.7999877929688,0.0010319410357624
tile_r018275_c011619,3,232.1885681152344,-12.629724502563477,306.79229736328125,22.921611785888672,0.0010283372830599
tile_r018275_c011619,3,352.0482482910156,520.3046875,420.5060119628906,524.7999877929688,0.0010248413309454
tile_r018275_c011619,3,50.02446365356445,50.822059631347656,67.9297866821289,63.1514778137207,0.0010230961488559
tile_r018275_c011619,3,171.7815704345703,520.0851440429688,239.60256958007807,524.7999877929688,0.0010061617940664
tile_r018275_c011619,3,184.8438720703125,520.7073364257812,252.01174926757807,524.7999877929688,0.0010019920300692
tile_r018531_c010083,3,357.1529235839844,383.2785034179688,408.876708984375,428.2406311035156,0.7781972289085388
tile_r018531_c010083,3,47.2939338684082,253.3384246826172,110.2869873046875,309.9451599121094,0.7767106890678406
tile_r018531_c010083,3,448.5791015625,121.7963409423828,497.4312438964844,171.15585327148438,0.7755380868911743
tile_r018531_c010083,3,356.98016357421875,3.848701477050781,408.08306884765625,49.27228546142578,0.7717030644416809
tile_r018531_c010083,3,177.8433074951172,225.7176818847656,232.2821350097656,275.55859375,0.7667995691299438
tile_r018531_c010083,3,3.157092332839966,366.2752990722656,43.865142822265625,409.9503784179688,0.7446355223655701
tile_r018531_c010083,3,426.5821228027344,424.2037963867188,482.1268615722656,468.9802856445313,0.7433441281318665
tile_r018531_c010083,3,22.465240478515625,123.5346908569336,59.08657836914063,154.8573455810547,0.7367715835571289
tile_r018531_c010083,3,82.27145385742188,134.21786499023438,122.3724365234375,170.83993530273438,0.7140161991119385
tile_r018531_c010083,3,124.91573333740234,62.0559196472168,155.34194946289062,94.65443420410156,0.6674947142601013
tile_r018531_c010083,3,13.484997749328612,425.3257446289063,45.10395431518555,455.36077880859375,0.6515013575553894
tile_r018531_c010083,3,102.7520523071289,480.6546936035156,133.17990112304688,509.931640625,0.4233822822570801
tile_r018531_c010083,3,489.3580017089844,36.46492767333984,515.4427490234375,78.00312805175781,0.2793181240558624
tile_r018531_c010083,3,62.39534759521485,158.1998748779297,84.35286712646484,177.9371337890625,0.1556320041418075
tile_r018531_c010083,3,451.7874450683594,132.66183471679688,493.2745666503906,169.5926513671875,0.1019391864538192
tile_r018531_c010083,3,497.0484313964844,170.55630493164062,514.4283447265625,201.0438537597656,0.0980823040008544
tile_r018531_c010083,3,492.7649536132813,38.99835968017578,512.7196044921875,76.73313903808594,0.0566487833857536
tile_r018531_c010083,3,79.064453125,131.1282196044922,125.60334777832033,176.2476348876953,0.0542916283011436
tile_r018531_c010083,3,100.33058166503906,475.6017456054688,138.67953491210938,509.9923706054688,0.0411444343626499
tile_r018531_c010083,3,128.08200073242188,64.3884048461914,153.4199981689453,90.58499908447266,0.0303378254175186
tile_r018531_c010083,3,422.4606323242188,417.74609375,489.0276489257813,473.0105590820313,0.0278436597436666
tile_r018531_c010083,3,212.87646484375,361.59478759765625,236.8083953857422,387.6830139160156,0.0242446102201938
tile_r018531_c010083,3,421.513671875,299.2146911621094,445.0919799804688,319.3893127441406,0.0167564135044813
tile_r018531_c010083,3,493.9942321777344,173.4479522705078,512.8645629882812,199.19515991210935,0.0156286098062992
tile_r018531_c010083,3,60.45662689208984,154.92909240722656,86.18392181396484,180.68133544921875,0.0144056538119912
tile_r018531_c010083,3,183.2116241455078,229.3536834716797,227.6048889160156,272.0593566894531,0.0138361975550651
tile_r018531_c010083,3,19.078155517578125,120.8975601196289,62.90467071533203,159.36654663085938,0.0129676396027207
tile_r018531_c010083,3,359.1417541503906,7.001969814300537,400.68353271484375,42.71233367919922,0.0119934091344475
tile_r018531_c010083,3,9.369901657104492,422.3005981445313,49.76592254638672,460.7289123535156,0.010978334583342
tile_r018531_c010083,3,121.6917724609375,58.127906799316406,157.7547149658203,99.3198471069336,0.0108277099207043
tile_r018531_c010083,3,503.25048828125,26.136520385742188,520.1018676757812,89.69921875,0.0098087843507528
tile_r018531_c010083,3,353.87408447265625,378.5701599121094,413.22271728515625,434.995849609375,0.0096876258030533
tile_r018531_c010083,3,498.4835510253906,169.84768676757812,512.1524658203125,198.16012573242188,0.0092289261519908
tile_r018531_c010083,3,429.0487365722656,427.57861328125,475.75244140625,463.5006713867188,0.0088418712839484
tile_r018531_c010083,3,81.03816223144531,0.7974456548690796,110.3260269165039,14.926907539367676,0.0085830055177211
tile_r018531_c010083,3,510.3417053222656,157.38504028320312,521.2750854492188,208.4787139892578,0.0082168169319629
tile_r018531_c010083,3,435.1213989257813,428.98095703125,483.2692260742188,466.279296875,0.0073164030909538
tile_r018531_c010083,3,494.1000061035156,28.91425132751465,523.8851318359375,84.36842346191406,0.0051092552021145
tile_r018531_c010083,3,81.7690200805664,0.6846923828125,123.73112487792967,14.268762588500977,0.0049362662248313
tile_r018531_c010083,3,173.24639892578125,218.20968627929688,238.66455078125,279.9229736328125,0.0045973886735737
tile_r018531_c010083,3,487.338134765625,20.12417221069336,516.8226318359375,83.2269287109375,0.003947022370994
tile_r018531_c010083,3,62.3884162902832,-4.308196067810059,119.38997650146484,6.506585597991943,0.0036241160705685
tile_r018531_c010083,3,489.6686096191406,166.62255859375,514.9949951171875,203.0741729736328,0.003537934506312
tile_r018531_c010083,3,510.6360473632813,147.088623046875,522.1741333007812,214.53591918945312,0.0033291247673332
tile_r018531_c010083,3,7.655914306640625,369.1461486816406,39.75040435791016,406.3180236816406,0.003288245294243
tile_r018531_c010083,3,24.008413314819336,126.0060806274414,54.9661979675293,151.7219696044922,0.0031231557950377
tile_r018531_c010083,3,67.7884750366211,0.226654052734375,111.3577651977539,14.058740615844728,0.00278912903741
tile_r018531_c010083,3,505.7120971679688,161.5123748779297,524.1636962890625,209.8045654296875,0.0025545000098645
tile_r018531_c010083,3,242.6042938232422,521.30859375,301.033447265625,524.7999877929688,0.0024318508803844
tile_r018531_c010083,3,510.5044555664063,28.10052490234375,520.4501342773438,82.09318542480469,0.0023423032835125
tile_r018531_c010083,3,105.23835754394533,490.2332458496094,134.07449340820312,510.480712890625,0.002322370186448
tile_r018531_c010083,3,266.367431640625,505.1995239257813,331.31268310546875,513.0393676757812,0.002273118821904
tile_r018531_c010083,3,351.37066650390625,-1.452935814857483,411.3734436035156,54.788848876953125,0.0021701038349419
tile_r018531_c010083,3,15.539273262023926,114.8562469482422,69.70831298828125,170.5961456298828,0.0021326290443539
tile_r018531_c010083,3,468.9977416992188,-1.2182457447052002,512.9014892578125,13.8519926071167,0.0021022544242441
tile_r018531_c010083,3,261.6719665527344,514.6375122070312,322.71221923828125,523.7779541015625,0.0020316105801612
tile_r018531_c010083,3,97.07090759277344,471.32421875,154.05494689941406,513.3508911132812,0.0020311658736318
tile_r018531_c010083,3,54.84502029418945,-5.763650417327881,104.5205307006836,6.5882720947265625,0.0019734117668122
tile_r018531_c010083,3,446.6507263183594,-12.800000190734863,521.2083740234375,3.7868971824646,0.0019223986892029
tile_r018531_c010083,3,67.5236587524414,512.057861328125,147.10580444335938,517.1055908203125,0.0019200477981939
tile_r018531_c010083,3,127.0943603515625,516.1151123046875,184.822021484375,524.4625854492188,0.0019163651159033
tile_r018531_c010083,3,271.208984375,514.6786499023438,334.35565185546875,524.0147094726562,0.0019072400173172
tile_r018531_c010083,3,191.54736328125,505.3365783691406,256.02069091796875,513.0908813476562,0.0018919070716947
tile_r018531_c010083,3,513.7106323242188,157.30093383789062,521.52587890625,204.44314575195312,0.001858654199168
tile_r018531_c010083,3,53.685829162597656,520.2249755859375,115.8798370361328,524.7999877929688,0.0018060824368149
tile_r018531_c010083,3,41.808250427246094,-12.677278518676758,114.75910949707033,1.0619217157363892,0.001800482859835
tile_r018531_c010083,3,247.7521209716797,520.6937255859375,310.91021728515625,524.7999877929688,0.0017776855966076
tile_r018531_c010083,3,146.8041534423828,504.3643493652344,214.3817443847656,513.0733642578125,0.0017726286314427
tile_r018531_c010083,3,379.9323120117188,520.2477416992188,443.4786071777344,524.7999877929688,0.001711091492325
tile_r018531_c010083,3,107.9626007080078,516.8809204101562,170.90298461914062,524.6759033203125,0.0016409313539043
tile_r018531_c010083,3,249.442138671875,515.1493530273438,300.6900939941406,523.8470458984375,0.0016301855212077
tile_r018531_c010083,3,477.0612182617188,16.697643280029297,517.0442504882812,84.52030944824219,0.001614820677787
tile_r018531_c010083,3,450.085693359375,522.3065185546875,518.0057983398438,524.7999877929688,0.0015917881391942
tile_r018531_c010083,3,53.84326171875,-0.4113006591796875,101.51911926269533,13.5994873046875,0.001583645120263
tile_r018531_c010083,3,443.6500854492188,112.9542465209961,505.6883850097656,176.2389373779297,0.0015832606004551
tile_r018531_c010083,3,21.95650291442871,-1.1858551502227783,74.18577575683594,13.414590835571287,0.0015530413947999
tile_r018531_c010083,3,218.76693725585935,513.328125,307.2919311523437,524.0657958984375,0.0015394174261018
tile_r018531_c010083,3,199.6654357910156,514.6315307617188,259.0874938964844,523.7843017578125,0.0015372041380032
tile_r018531_c010083,3,308.8607788085937,-12.690582275390623,384.7913513183594,2.561572313308716,0.0015272435266524
tile_r018531_c010083,3,92.1629867553711,485.6135864257813,146.3094482421875,522.4847412109375,0.0014821655349805
tile_r018531_c010083,3,199.515869140625,503.7669982910156,270.0169982910156,513.2232666015625,0.0014764139195904
tile_r018531_c010083,3,261.8045349121094,503.149658203125,328.32696533203125,513.7281494140625,0.0014710746472701
tile_r018531_c010083,3,209.7230987548828,514.6788940429688,276.08355712890625,524.5475463867188,0.0014499271055683
tile_r018531_c010083,3,65.11088562011719,519.6144409179688,136.00045776367188,524.7999877929688,0.0014273035340011
tile_r018531_c010083,3,253.23776245117188,505.3807678222656,316.9282531738281,513.51318359375,0.0014068310847505
tile_r018531_c010083,3,191.0870361328125,514.7896728515625,248.0032501220703,523.8894653320312,0.0013992610620334
tile_r018531_c010083,3,232.4898681640625,514.9627685546875,292.03387451171875,524.5592651367188,0.0013955375179648
tile_r018531_c010083,3,139.89013671875,515.3082885742188,197.4658660888672,524.1612548828125,0.0013783815084025
tile_r018531_c010083,3,514.350830078125,111.0496063232422,523.989501953125,188.2212371826172,0.0013733250088989
tile_r018531_c010083,3,93.2542953491211,458.7415466308594,152.113525390625,509.2936096191406,0.0013596137287095
tile_r018531_c010083,3,440.046630859375,57.2642707824707,476.89935302734375,92.1145477294922,0.0013288706541061
tile_r018531_c010083,3,240.0597686767578,504.8477478027344,304.4306640625,513.25830078125,0.0013074937742203
tile_r018531_c010083,3,182.197509765625,515.0120849609375,236.4718780517578,524.0437622070312,0.0013054300798103
tile_r018531_c010083,3,334.0699768066406,519.9981689453125,398.84967041015625,524.7999877929688,0.0013047204120084
tile_r018531_c010083,3,-3.449981689453125,360.0313415527344,51.03227615356445,417.2744140625,0.0012759865494444
tile_r018531_c010083,3,501.6276245117188,28.30739402770996,524.7600708007812,91.8186264038086,0.0012627532705664
tile_r018531_c010083,3,520.2720947265625,145.3163604736328,524.7410278320312,207.6410675048828,0.0012327613076195
tile_r018531_c010083,3,397.560546875,520.6698608398438,462.5619201660156,524.7999877929688,0.0012259779032319
tile_r018531_c010083,3,361.4139709472656,0.7480071783065796,403.478515625,22.03595924377441,0.0012056890409439
tile_r018531_c010083,3,445.6835021972656,503.3392639160156,514.6608276367188,514.5126953125,0.0011994490632787
tile_r018531_c010083,3,151.86337280273438,515.0443115234375,210.9611358642578,524.205810546875,0.0011930275941267
tile_r018531_c010083,3,13.256322860717772,428.4662170410156,39.476898193359375,453.2838745117188,0.0011885699350386
tile_r018531_c010083,3,448.5807495117188,515.4910278320312,510.0848693847656,524.2330932617188,0.0011810068972408
tile_r018531_c010083,3,280.7509765625,327.0765686035156,354.17584228515625,414.0588989257813,0.001179953222163
tile_r018531_c010083,3,514.1555786132812,85.87553405761719,524.0241088867188,142.78799438476562,0.0011598704149946
tile_r018531_c010083,3,91.48030090332033,519.8428955078125,160.87893676757812,524.7999877929688,0.0011569417547434
tile_r018531_c010083,3,511.2896423339844,163.30178833007812,524.6949462890625,221.08499145507807,0.0011565864551812
tile_r018531_c010083,3,221.25711059570312,520.352783203125,291.9724426269531,524.7999877929688,0.0011468803277239
tile_r018531_c010083,3,48.70987701416016,461.3017578125,92.94212341308594,501.9468688964844,0.0011409693397581
tile_r018531_c010083,3,481.9766540527344,29.234973907470703,517.02392578125,89.91902160644531,0.001104190479964
tile_r018531_c010083,3,169.543701171875,514.9545288085938,223.95327758789065,524.0850830078125,0.0010983329266309
tile_r018531_c010083,3,418.8761596679688,417.3440551757813,495.3113403320313,486.9127807617188,0.0010961237130686
tile_r018531_c010083,3,62.29414749145508,124.03199768066406,133.15243530273438,191.11624145507807,0.0010882962960749
tile_r018531_c010083,3,279.2743225097656,514.6483154296875,353.5633850097656,524.7999877929688,0.0010864627547562
tile_r018531_c010083,3,41.5916862487793,-1.1277434825897217,93.78839111328124,13.83013916015625,0.0010833075502887
tile_r018531_c010083,3,212.7998504638672,503.5741271972656,288.1439514160156,513.70751953125,0.0010832286207005
tile_r018531_c010083,3,457.8956909179688,112.0334701538086,513.95751953125,207.640625,0.0010813762200996
tile_r018531_c010083,3,14.819048881530762,520.9046630859375,77.64877319335938,524.7999877929688,0.0010751673253253
tile_r018531_c010083,3,438.2047729492188,514.7985229492188,495.6075134277344,524.2547607421875,0.0010698192054405
tile_r018531_c010083,3,457.2835998535156,-6.566939353942871,513.2208862304688,11.206502914428713,0.0010677187237888
tile_r018531_c010083,3,68.65967559814453,-12.800000190734863,147.732177734375,0.324188232421875,0.0010612836340442
tile_r018531_c010083,3,395.66412353515625,503.5931701660156,461.113037109375,514.5074462890625,0.0010536912595853
tile_r018531_c010083,3,38.943153381347656,518.9503173828125,103.7721939086914,524.7999877929688,0.0010478411568328
tile_r018531_c010083,3,269.9017639160156,346.7667541503906,355.9800720214844,455.957763671875,0.0010475701419636
tile_r018531_c010083,3,135.8779754638672,505.5143127441406,204.13247680664065,513.026611328125,0.0010413413401693
tile_r018531_c010083,3,261.208251953125,520.7224731445312,330.43463134765625,524.7999877929688,0.0010374606354162
tile_r018531_c010083,3,53.69287109375,-12.800000190734863,133.86282348632812,0.9089339971542358,0.0010273815132677
tile_r018531_c010083,3,345.4921264648437,520.5792846679688,409.3186645507813,524.7999877929688,0.0010271271457895
tile_r018531_c010083,3,156.73312377929688,505.2462768554688,227.8931884765625,513.17626953125,0.0010161254322156
tile_r018531_c010083,3,364.1440124511719,519.4083251953125,431.1395568847656,524.7999877929688,0.0010116049088537
tile_r018531_c010339,3,233.9193420410156,32.364234924316406,290.25799560546875,83.22789001464844,0.8176524639129639
tile_r018531_c010339,3,305.54864501953125,145.3506317138672,358.588623046875,194.27664184570312,0.8145539164543152
tile_r018531_c010339,3,341.37823486328125,388.2705993652344,392.3204956054688,436.8907165527344,0.796051561832428
tile_r018531_c010339,3,352.02642822265625,215.92105102539065,399.28173828125,259.15045166015625,0.7908133268356323
tile_r018531_c010339,3,239.3849639892578,169.11740112304688,273.939453125,201.2655029296875,0.7903107404708862
tile_r018531_c010339,3,317.50537109375,471.2279357910156,371.4602661132813,513.0851440429688,0.787659764289856
tile_r018531_c010339,3,101.11027526855467,383.231201171875,152.9302215576172,428.2114868164063,0.7757887840270996
tile_r018531_c010339,3,191.94515991210935,120.9115219116211,242.2422332763672,171.3273468017578,0.7748939394950867
tile_r018531_c010339,3,100.79313659667967,3.759242296218872,152.2457733154297,49.400047302246094,0.7736100554466248
tile_r018531_c010339,3,420.3335876464844,210.2046356201172,468.9851684570313,253.61166381835935,0.756286084651947
tile_r018531_c010339,3,170.39517211914062,424.3018493652344,225.5661163330078,468.6400451660156,0.7405362725257874
tile_r018531_c010339,3,414.386474609375,360.70257568359375,456.2843322753906,405.14056396484375,0.7305849194526672
tile_r018531_c010339,3,440.3859252929688,496.7578125,471.0318298339844,513.1097412109375,0.405894011259079
tile_r018531_c010339,3,352.0115051269531,300.90411376953125,385.92181396484375,333.320068359375,0.394080638885498
tile_r018531_c010339,3,195.6912841796875,130.23611450195312,238.0982208251953,170.0667266845703,0.1793047785758972
tile_r018531_c010339,3,435.239013671875,497.38665771484375,475.6751403808594,514.979736328125,0.0378189086914062
tile_r018531_c010339,3,166.22463989257812,417.9147338867188,232.19168090820312,472.7444458007813,0.0237234476953744
tile_r018531_c010339,3,166.5540313720703,299.56060791015625,189.0457305908203,317.37310791015625,0.0156590770930051
tile_r018531_c010339,3,172.8077850341797,427.4578247070313,219.3746795654297,463.53662109375,0.011608506552875
tile_r018531_c010339,3,103.0073013305664,6.924998283386231,144.8437957763672,42.779296875,0.011324843391776
tile_r018531_c010339,3,347.92828369140625,296.370361328125,389.4407043457031,338.0440368652344,0.0110071999952197
tile_r018531_c010339,3,242.40512084960935,462.69091796875,263.1434020996094,482.1975708007813,0.010123380459845
tile_r018531_c010339,3,434.9061584472656,490.5773315429688,479.0090942382813,513.2431640625,0.0083901360630989
tile_r018531_c010339,3,343.04254150390625,43.92096710205078,365.2619018554688,64.62571716308594,0.0081728985533118
tile_r018531_c010339,3,284.8426818847656,237.5751495361328,325.31866455078125,268.7615661621094,0.0072404989041388
tile_r018531_c010339,3,419.9872131347656,363.9668884277344,453.2971801757813,401.7157287597656,0.0071289613842964
tile_r018531_c010339,3,414.83642578125,500.6657104492188,477.7669067382813,515.953125,0.0067072394303977
tile_r018531_c010339,3,432.2854919433594,490.8968200683594,491.34954833984375,514.8392333984375,0.0066030388697981
tile_r018531_c010339,3,416.1175842285156,204.0137939453125,475.6318359375,258.14605712890625,0.0060586277395486
tile_r018531_c010339,3,422.5696716308594,214.9501953125,463.9534606933594,250.4232482910156,0.0059469323605299
tile_r018531_c010339,3,179.16357421875,429.3400268554688,226.3212432861328,465.9337768554688,0.0056299739517271
tile_r018531_c010339,3,197.11996459960935,135.56472778320312,233.3629913330078,168.1204833984375,0.005311376415193
tile_r018531_c010339,3,311.96856689453125,465.4016723632813,380.18310546875,514.7273559570312,0.0047393012791872
tile_r018531_c010339,3,280.0714416503906,229.7662048339844,326.5551147460937,268.91925048828125,0.0046825623139739
tile_r018531_c010339,3,432.01220703125,498.3937377929688,476.38232421875,521.81494140625,0.0039424546994268
tile_r018531_c010339,3,172.3378143310547,299.3564453125,192.8599853515625,316.28961181640625,0.0039081410504877
tile_r018531_c010339,3,409.0790100097656,355.58795166015625,461.6022338867188,410.783935546875,0.0035438926424831
tile_r018531_c010339,3,265.124267578125,503.9844665527344,322.72271728515625,513.2053833007812,0.0035278073046356
tile_r018531_c010339,3,230.63803100585935,28.5808219909668,300.64556884765625,90.05207824707031,0.0034838430583477
tile_r018531_c010339,3,237.1549835205078,438.0545043945313,291.8440856933594,487.001953125,0.0034656622447073
tile_r018531_c010339,3,435.4637756347656,502.8509826660156,481.8163146972656,521.9816284179688,0.0033104363828897
tile_r018531_c010339,3,344.8760070800781,392.7971801757813,385.8494262695313,433.1756896972656,0.0032107825390994
tile_r018531_c010339,3,424.3381958007813,510.3878479003906,474.6776428222656,515.432373046875,0.0029301887843757
tile_r018531_c010339,3,275.0442810058594,232.56607055664065,324.6451110839844,275.7478942871094,0.0028544012457132
tile_r018531_c010339,3,10.240527153015137,505.0279235839844,74.83180236816406,513.0599365234375,0.0028350518550723
tile_r018531_c010339,3,420.6573181152344,522.0548095703125,484.02099609375,524.7999877929688,0.0027233206201344
tile_r018531_c010339,3,287.8738708496094,516.234619140625,350.7518920898437,524.7999877929688,0.0027085593901574
tile_r018531_c010339,3,288.2159118652344,354.149658203125,316.36785888671875,374.0978088378906,0.0025654986966401
tile_r018531_c010339,3,-7.058428764343262,520.6348876953125,50.24372482299805,524.7999877929688,0.0025521200150251
tile_r018531_c010339,3,297.0417785644531,465.919921875,379.1020202636719,524.0706787109375,0.0025342300068587
tile_r018531_c010339,3,411.3497009277344,196.1025390625,484.73193359375,267.5750427246094,0.0024685957469046
tile_r018531_c010339,3,95.20124816894533,-1.5266845226287842,155.40255737304688,54.7759017944336,0.0023994368966668
tile_r018531_c010339,3,278.90679931640625,234.76626586914065,329.47003173828125,284.3040466308594,0.0022543084342032
tile_r018531_c010339,3,417.3655395507813,501.68359375,476.7444458007813,523.1613159179688,0.0022382414899766
tile_r018531_c010339,3,400.2642517089844,499.2064514160156,477.7552795410156,518.2945556640625,0.0021283561363816
tile_r018531_c010339,3,346.8252868652344,210.594970703125,404.5196838378906,266.35162353515625,0.0021189334802329
tile_r018531_c010339,3,242.4556579589844,172.5434112548828,269.775146484375,198.6195526123047,0.0021171052940189
tile_r018531_c010339,3,269.3133850097656,214.62905883789065,330.2019958496094,270.192626953125,0.0020672213286161
tile_r018531_c010339,3,444.3373107910156,507.0387573242188,518.1316528320312,524.685546875,0.0020339002367109
tile_r018531_c010339,3,289.9666748046875,241.6405334472656,310.6864013671875,256.7557678222656,0.0019708748441189
tile_r018531_c010339,3,17.732961654663086,514.818115234375,78.31689453125,523.9342041015625,0.0019435993162915
tile_r018531_c010339,3,123.8168487548828,520.2916870117188,188.2509307861328,524.7999877929688,0.0019129562424495
tile_r018531_c010339,3,61.238914489746094,246.428955078125,80.2590560913086,261.3521423339844,0.0019014467252418
tile_r018531_c010339,3,8.550305366516113,514.9185180664062,67.12410736083984,523.7490844726562,0.0018854360096156
tile_r018531_c010339,3,2.9421629905700684,515.5244140625,56.449951171875,523.9568481445312,0.0018424146110191
tile_r018531_c010339,3,237.9212951660156,459.7166137695313,262.78387451171875,485.5384826660156,0.0018213808070868
tile_r018531_c010339,3,270.6084899902344,232.2403259277344,332.4810485839844,297.82666015625,0.0017666211351752
tile_r018531_c010339,3,294.2251892089844,496.36273193359375,379.2950134277344,524.7999877929688,0.0017465042183175
tile_r018531_c010339,3,290.8818359375,244.5666961669922,312.76739501953125,260.9837951660156,0.0017176436958834
tile_r018531_c010339,3,1.334356665611267,504.3623046875,66.85879516601562,513.4207153320312,0.0017172765219584
tile_r018531_c010339,3,344.2733459472656,291.69451904296875,394.60638427734375,343.2734375,0.001706059440039
tile_r018531_c010339,3,187.3424072265625,113.27127838134766,249.1470489501953,176.61911010742188,0.001705125789158
tile_r018531_c010339,3,434.7396545410156,481.8897399902344,510.7470703125,515.7278442382812,0.0017026227433234
tile_r018531_c010339,3,438.38775634765625,-12.518264770507812,517.3046264648438,0.8998443484306335,0.001688853255473
tile_r018531_c010339,3,52.325904846191406,-12.66750144958496,128.8589324951172,2.633697509765625,0.0016841166652739
tile_r018531_c010339,3,199.8968811035156,514.9825439453125,260.166015625,524.27099609375,0.0016393852420151
tile_r018531_c010339,3,342.430419921875,515.6368408203125,416.20404052734375,524.7999877929688,0.0016217569354921
tile_r018531_c010339,3,406.2244567871094,522.1837768554688,477.20355224609375,524.7999877929688,0.0016130267176777
tile_r018531_c010339,3,15.529223442077637,502.4964904785156,80.70088195800781,514.3326416015625,0.0015754565829411
tile_r018531_c010339,3,426.3274536132813,512.5542602539062,482.6734313964844,515.9994506835938,0.0015725041739642
tile_r018531_c010339,3,130.85586547851562,245.90939331054688,200.0472717285156,323.4546203613281,0.0015159040922299
tile_r018531_c010339,3,246.4211883544922,-12.654685974121094,325.48828125,0.6516357660293579,0.0014851246960461
tile_r018531_c010339,3,318.89044189453125,493.834716796875,394.63525390625,524.7999877929688,0.0014834370231255
tile_r018531_c010339,3,77.81683349609375,520.1851806640625,142.85169982910156,524.7999877929688,0.0014719981700181
tile_r018531_c010339,3,-4.916943550109863,507.2926635742188,51.42758941650391,523.5499267578125,0.0014711719704791
tile_r018531_c010339,3,183.78982543945312,57.11785888671875,221.0293731689453,91.9779052734375,0.0014706517104059
tile_r018531_c010339,3,317.95556640625,522.5684814453125,382.32470703125,524.7999877929688,0.0014562475262209
tile_r018531_c010339,3,239.908203125,516.4794921875,308.6322326660156,524.7999877929688,0.0014426804846152
tile_r018531_c010339,3,272.973876953125,515.3961181640625,332.0625915527344,524.4478759765625,0.0014310176484286
tile_r018531_c010339,3,-1.6870543956756592,520.8225708007812,69.93551635742188,524.7999877929688,0.0014291852712631
tile_r018531_c010339,3,250.26303100585935,522.2891845703125,325.41265869140625,524.7999877929688,0.0014251548564061
tile_r018531_c010339,3,191.5598297119141,514.685546875,246.732666015625,523.9968872070312,0.0014133494114503
tile_r018531_c010339,3,263.19976806640625,225.6658935546875,328.604736328125,286.99249267578125,0.0014070615870878
tile_r018531_c010339,3,296.7652587890625,246.38150024414065,317.5438842773437,261.408935546875,0.001399592962116
tile_r018531_c010339,3,285.8756103515625,240.6131896972656,309.90484619140625,260.21661376953125,0.0013837319565936
tile_r018531_c010339,3,211.0283203125,515.2110595703125,275.873779296875,524.6759643554688,0.0013538213679566
tile_r018531_c010339,3,50.4600830078125,336.3622741699219,96.1527328491211,394.8055419921875,0.0013385758502408
tile_r018531_c010339,3,141.59756469726562,520.7498168945312,207.3094787597656,524.7999877929688,0.0013347300700843
tile_r018531_c010339,3,68.69107818603516,376.2329711914063,85.55401611328125,390.331787109375,0.001321374089457
tile_r018531_c010339,3,193.0142059326172,522.2633666992188,259.6871643066406,524.7999877929688,0.0013158444780856
tile_r018531_c010339,3,105.337158203125,0.7469329833984375,147.6234893798828,21.849773406982425,0.001312197651714
tile_r018531_c010339,3,458.060546875,521.6435546875,520.4724731445312,524.7999877929688,0.0013047856045886
tile_r018531_c010339,3,260.3646240234375,505.4148559570313,310.3649597167969,512.9904174804688,0.0013027373934164
tile_r018531_c010339,3,430.50299072265625,522.666748046875,493.9620666503906,524.7999877929688,0.001299092080444
tile_r018531_c010339,3,490.9224548339844,507.0721740722656,523.7191162109375,524.6334838867188,0.0012964463094249
tile_r018531_c010339,3,175.8598175048828,500.5392456054688,244.94107055664065,514.1043090820312,0.001290928106755
tile_r018531_c010339,3,224.5177459716797,515.5614013671875,296.1679077148437,524.7999877929688,0.0012802227865904
tile_r018531_c010339,3,293.8063049316406,511.6194458007813,375.9146118164063,516.2180786132812,0.0012365846196189
tile_r018531_c010339,3,297.7749938964844,134.1047821044922,365.5418395996094,203.0100555419922,0.0012173540890216
tile_r018531_c010339,3,178.9012451171875,46.075233459472656,222.6561279296875,87.24214935302734,0.0012013441883027
tile_r018531_c010339,3,24.931087493896484,514.7774658203125,99.09590911865234,524.7999877929688,0.0012003239244222
tile_r018531_c010339,3,231.51953125,522.0457153320312,308.2562866210937,524.7999877929688,0.0011964383302256
tile_r018531_c010339,3,336.2140197753906,504.5007934570313,368.736572265625,512.4933471679688,0.0011940018739551
tile_r018531_c010339,3,237.6788024902344,35.6280403137207,282.3965759277344,78.77323913574219,0.0011917260708287
tile_r018531_c010339,3,332.9115600585937,379.8230590820313,401.33929443359375,445.3728637695313,0.0011912022018805
tile_r018531_c010339,3,234.9270477294922,436.0704040527344,307.8285217285156,509.2598571777344,0.0011860472150146
tile_r018531_c010339,3,260.4521484375,515.8884887695312,315.6658630371094,524.0306396484375,0.0011846020352095
tile_r018531_c010339,3,181.9315490722656,514.500732421875,235.260009765625,524.0606689453125,0.0011822386877611
tile_r018531_c010339,3,173.03114318847656,522.2794189453125,244.0422821044922,524.7999877929688,0.0011747069656848
tile_r018531_c010339,3,139.4974365234375,503.6385192871094,206.4083709716797,514.491455078125,0.0011723863426595
tile_r018531_c010339,3,406.0817260742188,511.4122924804688,471.7254943847656,524.7999877929688,0.0011654938571155
tile_r018531_c010339,3,37.4199447631836,23.001941680908203,99.17350769042967,93.09326171875,0.0011651964159682
tile_r018531_c010339,3,246.5205535888672,509.9287109375,337.0021057128906,522.4892578125,0.0011633303947746
tile_r018531_c010339,3,302.4085693359375,511.9375,380.2601318359375,515.3916015625,0.0011617213021963
tile_r018531_c010339,3,511.9592895507813,506.0057678222656,524.5241088867188,524.7999877929688,0.0011459307279437
tile_r018531_c010339,3,-6.09869384765625,512.4124755859375,57.26334381103516,522.2994384765625,0.0011451287427917
tile_r018531_c010339,3,409.82421875,469.9270935058594,495.369140625,517.0643310546875,0.00114459276665
tile_r018531_c010339,3,94.9267349243164,375.6498718261719,157.2461395263672,435.7330932617188,0.0011150503996759
tile_r018531_c010339,3,89.2300033569336,520.6323852539062,153.22653198242188,524.7999877929688,0.0011149191996082
tile_r018531_c010339,3,146.9669189453125,258.8833312988281,197.62109375,319.3436889648437,0.0011146357282996
tile_r018531_c010339,3,335.7808532714844,276.5946655273437,395.85791015625,336.2660827636719,0.0011002498213201
tile_r018531_c010339,3,219.1362762451172,-1.0280845165252686,268.49920654296875,13.762014389038086,0.0010862000053748
tile_r018531_c010339,3,164.30661010742188,335.3480529785156,182.5973663330078,354.96533203125,0.0010825337376445
tile_r018531_c010339,3,420.1995239257813,496.0896606445313,482.9053649902344,514.7320556640625,0.0010793631663545
tile_r018531_c010339,3,434.9706115722656,503.87451171875,502.0764770507813,524.1793212890625,0.0010749716311693
tile_r018531_c010339,3,107.7668685913086,519.4119873046875,175.55123901367188,524.7999877929688,0.0010688590118661
tile_r018531_c010339,3,303.03350830078125,114.9793930053711,357.1172790527344,157.80990600585938,0.0010676113888621
tile_r018531_c010339,3,422.5465698242188,470.2800903320313,509.4069213867188,515.0693359375,0.0010561891831457
tile_r018531_c010339,3,30.10437393188477,519.79638671875,96.9673843383789,524.7999877929688,0.0010389309609308
tile_r018531_c010339,3,107.6530532836914,-4.538774013519287,169.27108764648438,4.6145429611206055,0.0010388265363872
tile_r018531_c010339,3,441.4271545410156,-12.72453498840332,507.9986267089844,-7.102303981781006,0.0010371682001277
tile_r018531_c010339,3,-4.552575588226318,513.1723022460938,82.86505126953125,522.312255859375,0.0010345248738303
tile_r018531_c010339,3,218.5967712402344,-12.800000190734863,307.32647705078125,0.7030487060546875,0.0010298721026629
tile_r018531_c010339,3,433.86572265625,521.764404296875,504.6622009277344,524.7999877929688,0.0010166328866034
tile_r018531_c010339,3,204.5021514892578,121.73869323730467,285.5879821777344,193.0238037109375,0.0010123897809535
tile_r018531_c010339,3,384.8468322753906,520.8976440429688,450.841552734375,524.7999877929688,0.0010117408819496
tile_r018531_c010339,3,368.72650146484375,516.6878051757812,433.7423400878906,524.7999877929688,0.001007723622024
tile_r018531_c010595,3,450.6375427246094,388.1541442871094,508.6731872558594,446.8276977539063,0.8317449688911438
tile_r018531_c010595,3,49.21794509887695,145.1528778076172,102.7459945678711,194.4911193847656,0.8094381093978882
tile_r018531_c010595,3,85.54545593261719,387.9695739746094,136.17578125,437.209228515625,0.7978222370147705
tile_r018531_c010595,3,96.2222137451172,216.03500366210935,143.22402954101562,259.01373291015625,0.7894542217254639
tile_r018531_c010595,3,61.4046516418457,471.2640686035156,115.56827545166016,513.0474853515625,0.7892294526100159
tile_r018531_c010595,3,164.8938446044922,210.7238311767578,212.575439453125,252.4789123535156,0.7616756558418274
tile_r018531_c010595,3,413.115234375,51.292625427246094,474.8624877929688,102.3553466796875,0.7309842109680176
tile_r018531_c010595,3,158.07986450195312,360.35198974609375,200.5777130126953,405.5553283691406,0.7145121097564697
tile_r018531_c010595,3,424.6448364257813,325.96551513671875,474.1500854492188,377.34814453125,0.713616669178009
tile_r018531_c010595,3,-0.4697280824184418,32.251182556152344,37.52524566650391,82.8689193725586,0.6551543474197388
tile_r018531_c010595,3,96.28453063964844,301.1055603027344,129.73854064941406,333.0859375,0.3784651756286621
tile_r018531_c010595,3,184.17491149902344,496.7325134277344,215.14013671875,513.0719604492188,0.3685180842876434
tile_r018531_c010595,3,433.7794799804688,-2.024205684661865,466.419921875,14.726354598999023,0.2331655174493789
tile_r018531_c010595,3,0.9645324945449828,170.86886596679688,17.860187530517578,200.3712158203125,0.0465159118175506
tile_r018531_c010595,3,427.6144409179688,-3.536853075027466,469.2439575195313,22.204137802124023,0.0412320643663406
tile_r018531_c010595,3,179.0903778076172,497.8695373535156,219.7794952392578,514.755859375,0.032352689653635
tile_r018531_c010595,3,0.605603039264679,32.7076530456543,23.6863956451416,75.03470611572266,0.025415051728487
tile_r018531_c010595,3,0.5595077276229858,33.381591796875,28.879322052001957,87.0066909790039,0.020953195169568
tile_r018531_c010595,3,431.3292541503906,-9.918817520141602,472.69378662109375,9.145666122436523,0.0187222883105278
tile_r018531_c010595,3,-10.420995712280272,25.342010498046875,42.53061676025391,89.40673065185547,0.0153862265869975
tile_r018531_c010595,3,420.9988403320313,320.76666259765625,479.6380920410156,383.276123046875,0.0143929179757833
tile_r018531_c010595,3,428.3995971679688,-4.119284152984619,474.5728454589844,15.093066215515137,0.0113695636391639
tile_r018531_c010595,3,33.24153137207031,354.5038452148437,59.232398986816406,373.6283874511719,0.0108295893296599
tile_r018531_c010595,3,90.9010009765625,297.1421813964844,133.1914825439453,337.54656982421875,0.0092564523220062
tile_r018531_c010595,3,432.0642700195313,-4.562910556793213,470.3404235839844,11.443891525268556,0.0092107104137539
tile_r018531_c010595,3,178.67861938476562,490.6854553222656,223.0982360839844,513.1253662109375,0.0083130300045013
tile_r018531_c010595,3,176.58499145507812,491.4514770507813,235.10934448242188,514.56494140625,0.0082315811887383
tile_r018531_c010595,3,36.11199188232422,243.9985809326172,66.28123474121094,266.6105041503906,0.0078744115307927
tile_r018531_c010595,3,155.56320190429688,501.1353454589844,222.34719848632807,516.0211181640625,0.0064510237425565
tile_r018531_c010595,3,163.86465454101562,363.7811584472656,197.46939086914065,401.99462890625,0.0063551911152899
tile_r018531_c010595,3,160.3875274658203,204.3597412109375,218.969970703125,257.80096435546875,0.0055446848273277
tile_r018531_c010595,3,152.6747283935547,355.26416015625,205.63916015625,411.2574157714844,0.004580836277455
tile_r018531_c010595,3,415.9620971679688,56.846778869628906,460.099609375,96.50955963134766,0.004460644442588
tile_r018531_c010595,3,491.4242248535156,128.086669921875,512.5638427734375,171.3108367919922,0.0041628093458712
tile_r018531_c010595,3,409.3180236816406,43.4022331237793,484.66839599609375,109.54539489746094,0.004059343598783
tile_r018531_c010595,3,496.5264587402344,282.6492614746094,515.2469482421875,332.9002380371094,0.0040296711958944
tile_r018531_c010595,3,11.568899154663086,501.3148498535156,66.4146728515625,513.6701049804688,0.0039016881491988
tile_r018531_c010595,3,434.5172729492188,344.10479736328125,469.8397521972656,373.8589782714844,0.0038150213658809
tile_r018531_c010595,3,55.191184997558594,465.0360412597656,124.6968002319336,514.8348388671875,0.0036086896434426
tile_r018531_c010595,3,175.19223022460938,499.2412109375,220.57046508789065,521.8214721679688,0.0036066228058189
tile_r018531_c010595,3,27.013330459594727,515.7526245117188,89.87361907958984,524.7999877929688,0.0032496759667992
tile_r018531_c010595,3,427.1153259277344,-12.231698989868164,469.9141540527344,6.73607349395752,0.0032158407848328
tile_r018531_c010595,3,1.2826507091522217,167.50534057617188,22.4068603515625,201.49679565429688,0.0030573313124477
tile_r018531_c010595,3,165.2223663330078,510.63909912109375,219.8768615722656,515.4744873046875,0.0030336112249642
tile_r018531_c010595,3,440.65087890625,349.6553649902344,468.8981323242188,373.5230407714844,0.0028833665419369
tile_r018531_c010595,3,179.14718627929688,503.5450134277344,226.7561492919922,522.01220703125,0.0028600511141121
tile_r018531_c010595,3,34.242069244384766,238.035400390625,71.756591796875,271.89166259765625,0.0027824167627841
tile_r018531_c010595,3,155.7019805908203,197.3150329589844,225.2012939453125,267.46002197265625,0.0027555890846997
tile_r018531_c010595,3,39.42695236206055,466.2396545410156,123.19283294677734,524.1353759765625,0.002737074624747
tile_r018531_c010595,3,31.012304306030277,230.6288604736328,77.64710998535156,274.691650390625,0.0027075924444943
tile_r018531_c010595,3,46.267066955566406,139.15396118164062,109.2417449951172,199.73806762695312,0.0026694783009588
tile_r018531_c010595,3,444.8944396972656,384.08697509765625,516.5185546875,455.4952087402344,0.0026579988189041
tile_r018531_c010595,3,88.87276458740234,392.6507873535156,129.79885864257812,433.1376037597656,0.0025715760421007
tile_r018531_c010595,3,163.43472290039062,522.1576538085938,229.2192840576172,524.7999877929688,0.0024685277603566
tile_r018531_c010595,3,448.9725646972656,502.0619201660156,513.7647705078125,513.5462646484375,0.0024615570437163
tile_r018531_c010595,3,493.8468627929688,117.3092803955078,514.4519653320312,175.3233184814453,0.0024458952248096
tile_r018531_c010595,3,33.596466064453125,354.8832397460937,54.52888870239258,370.0359802246094,0.0023765335790812
tile_r018531_c010595,3,0.2718841433525085,166.56973266601562,24.47003555297852,209.2569580078125,0.0023615260142832
tile_r018531_c010595,3,496.78948974609375,295.3837890625,513.0335693359375,329.7123107910156,0.0023601490538567
tile_r018531_c010595,3,411.4037170410156,-12.800000190734863,478.6697387695313,6.825210571289063,0.0022908190730959
tile_r018531_c010595,3,188.7680511474609,513.8298950195312,260.38751220703125,524.4251708984375,0.0022645613644272
tile_r018531_c010595,3,143.37747192382812,499.72021484375,221.8887176513672,518.2784423828125,0.0022497184108942
tile_r018531_c010595,3,26.307392120361328,220.59695434570312,81.67144012451172,273.6383972167969,0.0021704216487705
tile_r018531_c010595,3,159.3831024169922,503.5484313964844,220.3755798339844,523.1589965820312,0.002072833944112
tile_r018531_c010595,3,483.1260681152344,123.90541076660156,514.4982299804688,178.94564819335938,0.0020351724233478
tile_r018531_c010595,3,208.5307159423828,515.9459228515625,276.9486694335937,524.7898559570312,0.0019961986690759
tile_r018531_c010595,3,90.90199279785156,210.2839813232422,149.19444274902344,266.74560546875,0.0019938081968575
tile_r018531_c010595,3,35.5343017578125,501.5695190429688,121.28038024902344,524.7999877929688,0.0018903508316725
tile_r018531_c010595,3,350.75360107421875,-0.6444031000137329,396.4574279785156,33.495079040527344,0.0018278255593031
tile_r018531_c010595,3,258.1896057128906,520.2086181640625,323.0184936523437,524.7999877929688,0.0018034549430012
tile_r018531_c010595,3,-3.3712525367736816,522.4251098632812,68.94874572753906,524.7999877929688,0.0017994471127167
tile_r018531_c010595,3,86.73121643066406,43.805397033691406,109.03275299072266,64.61210632324219,0.0017654055263847
tile_r018531_c010595,3,-1.1912720203399658,164.52099609375,28.12056350708008,219.6479034423828,0.0017231773817911
tile_r018531_c010595,3,426.26080322265625,-11.57399559020996,478.41510009765625,10.822970390319824,0.0016578243812546
tile_r018531_c010595,3,219.48825073242188,521.6720581054688,284.2667236328125,524.7999877929688,0.0016475948505103
tile_r018531_c010595,3,88.56568908691406,291.9349060058594,138.34762573242188,343.0943908691406,0.0016441113548353
tile_r018531_c010595,3,274.65606689453125,501.7115173339844,342.21502685546875,514.0753784179688,0.0016296586254611
tile_r018531_c010595,3,1.1594940423965454,32.88330078125,17.92439842224121,66.53126525878906,0.0016125974943861
tile_r018531_c010595,3,12.485760688781738,515.0090942382812,73.66455841064453,524.3016357421875,0.0015688057756051
tile_r018531_c010595,3,168.21176147460938,512.5692138671875,229.0478515625,516.1127319335938,0.0015484632458537
tile_r018531_c010595,3,85.45368957519531,515.3126220703125,159.76870727539062,524.7999877929688,0.0015300930244848
tile_r018531_c010595,3,511.2835083007813,274.68438720703125,524.12158203125,336.1957092285156,0.0015285647241398
tile_r018531_c010595,3,226.52261352539065,520.78955078125,292.1282653808594,524.7999877929688,0.0014859096845611
tile_r018531_c010595,3,408.7806091308594,520.7678833007812,475.3577575683594,524.7999877929688,0.0014856861671432
tile_r018531_c010595,3,61.42156982421875,491.6740112304688,138.75791931152344,524.7999877929688,0.0014415082987397
tile_r018531_c010595,3,486.7824096679688,284.8017578125,515.7716674804688,339.7728576660156,0.0014384825481101
tile_r018531_c010595,3,61.825714111328125,522.5062255859375,126.5778579711914,524.7999877929688,0.001428700168617
tile_r018531_c010595,3,184.64761352539065,-12.7300443649292,260.499267578125,0.8419739007949829,0.0014160270802676
tile_r018531_c010595,3,452.8795776367188,76.0093765258789,473.9630737304688,91.49503326416016,0.0013719740090891
tile_r018531_c010595,3,449.418701171875,522.3884887695312,519.1294555664062,524.7999877929688,0.0013677946990355
tile_r018531_c010595,3,227.7396545410156,516.0359497070312,296.1732482910156,524.7650146484375,0.0013189957244321
tile_r018531_c010595,3,428.3355407714844,328.49273681640625,460.4359436035156,357.9148864746094,0.0013178210938349
tile_r018531_c010595,3,423.6474609375,521.531494140625,491.1878051757813,524.7999877929688,0.0013165577547624
tile_r018531_c010595,3,434.2254943847656,501.7135620117188,502.455078125,513.2762451171875,0.0013135937042534
tile_r018531_c010595,3,512.2725219726562,110.53275299072266,524.0513305664062,176.47402954101562,0.0013111518928781
tile_r018531_c010595,3,513.4702758789062,356.7242126464844,523.8717041015625,413.7018432617188,0.0013098875060677
tile_r018531_c010595,3,179.27468872070312,506.17431640625,243.00851440429688,524.0072021484375,0.0012907813070341
tile_r018531_c010595,3,419.4646606445313,-4.818682670593262,473.6306762695313,25.6259880065918,0.0012754002818837
tile_r018531_c010595,3,436.4263610839844,521.6121826171875,507.24853515625,524.7999877929688,0.0012744391569867
tile_r018531_c010595,3,79.09855651855469,504.4739379882813,113.03857421875,512.51904296875,0.0012662169756367
tile_r018531_c010595,3,174.22152709960938,522.7276611328125,238.18051147460935,524.7999877929688,0.0012656166218221
tile_r018531_c010595,3,77.22801208496094,379.9441528320313,145.49880981445312,445.4165954589844,0.0012501428136602
tile_r018531_c010595,3,-10.662872314453123,-6.213769435882568,55.99553680419922,93.5202178955078,0.0012488793581724
tile_r018531_c010595,3,213.7064514160156,503.8215942382813,273.2112731933594,513.51806640625,0.001246518571861
tile_r018531_c010595,3,37.7817611694336,511.56005859375,120.3167495727539,516.2813720703125,0.0012458788696676
tile_r018531_c010595,3,5.60479736328125,515.5347290039062,57.22721099853516,523.9271240234375,0.0012393685756251
tile_r018531_c010595,3,30.77953147888184,222.5376892089844,94.20145416259766,284.99517822265625,0.0012080847518518
tile_r018531_c010595,3,163.77000427246094,497.6243286132813,226.63427734375,514.36474609375,0.0012031965889036
tile_r018531_c010595,3,-4.759264945983887,17.628673553466797,48.84515380859375,91.95174407958984,0.001202923245728
tile_r018531_c010595,3,273.7113952636719,520.1099853515625,340.1346435546875,524.7999877929688,0.0012025142787024
tile_r018531_c010595,3,242.819091796875,520.4306640625,313.2079467773437,524.7999877929688,0.0011901049874722
tile_r018531_c010595,3,148.9527130126953,512.8922119140625,214.0430145263672,524.7488403320312,0.0011876916978508
tile_r018531_c010595,3,46.11051177978516,511.89111328125,124.89437103271484,515.4485473632812,0.0011676113354042
tile_r018531_c010595,3,293.8978576660156,520.3922119140625,361.9791870117188,524.7999877929688,0.0011522021377459
tile_r018531_c010595,3,-6.90985107421875,-12.605687141418455,70.75083923339844,0.3193725645542145,0.001149796647951
tile_r018531_c010595,3,340.2742614746094,520.8636474609375,407.33697509765625,524.7999877929688,0.0011330583365634
tile_r018531_c010595,3,506.5242309570313,279.38134765625,524.3274536132812,341.08502197265625,0.0011287465458735
tile_r018531_c010595,3,12.621118545532228,502.3203125,86.92527770996094,513.2607421875,0.0011119324481114
tile_r018531_c010595,3,79.29788970947266,276.354248046875,139.95201110839844,335.94488525390625,0.0011025565909221
tile_r018531_c010595,3,315.13818359375,521.0631103515625,380.2493286132813,524.7999877929688,0.0010903240181505
tile_r018531_c010595,3,11.554211616516112,521.5584106445312,89.2988510131836,524.7999877929688,0.0010869373800233
tile_r018531_c010595,3,460.9847717285156,503.56256103515625,513.7830200195312,512.930908203125,0.0010812697000801
tile_r018531_c010595,3,112.80023193359376,516.8768310546875,178.03506469726562,524.7999877929688,0.001065342221409
tile_r018531_c010595,3,282.552734375,500.3487243652344,360.14324951171875,515.0436401367188,0.0010639759711921
tile_r018531_c010595,3,352.35797119140625,-0.5991920232772827,400.71917724609375,18.05508804321289,0.0010575312189757
tile_r018531_c010595,3,350.60455322265625,1.3706496953964231,401.332763671875,42.61394500732422,0.0010436259908601
tile_r018531_c010595,3,144.00369262695312,521.7155151367188,216.0917053222656,524.7999877929688,0.0010381907923147
tile_r018531_c010595,3,-10.675048828125,522.1199340820312,49.6836051940918,524.7999877929688,0.0010377122089266
tile_r018531_c010595,3,445.6671752929688,515.55078125,508.9270629882813,524.1854248046875,0.0010323853930458
tile_r018531_c010595,3,163.0558624267578,467.6739807128906,276.1571350097656,516.639892578125,0.0010285503230988
tile_r018531_c010595,3,177.54238891601562,521.7373046875,247.946044921875,524.7999877929688,0.0010033618891611
tile_r018531_c010851,3,322.036865234375,414.8583068847656,378.178466796875,471.74365234375,0.7839624285697937
tile_r018531_c010851,3,195.2503967285156,388.927978515625,250.710205078125,445.7918395996094,0.7805164456367493
tile_r018531_c010851,3,243.1968231201172,293.6036682128906,291.3202514648437,342.435791015625,0.7480725049972534
tile_r018531_c010851,3,157.25546264648438,51.498497009277344,218.42578125,101.5968017578125,0.7227048277854919
tile_r018531_c010851,3,168.72314453125,325.8265686035156,217.9255828857422,376.6249084472656,0.7105023264884949
tile_r018531_c010851,3,242.7020568847656,134.59945678710938,287.37725830078125,178.3422393798828,0.5431355237960815
tile_r018531_c010851,3,177.47799682617188,-2.089712619781494,210.47531127929688,14.865328788757324,0.2204754203557968
tile_r018531_c010851,3,374.2438354492188,300.958984375,413.00341796875,342.2508850097656,0.213619127869606
tile_r018531_c010851,3,364.3534240722656,299.320556640625,414.4517517089844,349.832275390625,0.0648532062768936
tile_r018531_c010851,3,171.26968383789062,-3.719183444976807,213.3276824951172,22.32523727416992,0.0410204045474529
tile_r018531_c010851,3,189.8251953125,383.4524536132813,259.78594970703125,454.3272399902344,0.0284922588616609
tile_r018531_c010851,3,170.89511108398438,327.7977905273437,211.35888671875,370.0701904296875,0.0228578299283981
tile_r018531_c010851,3,174.8497314453125,-10.12042999267578,217.25466918945312,9.002713203430176,0.0178862269967794
tile_r018531_c010851,3,172.07308959960938,-4.257077693939209,218.8016662597656,15.395797729492188,0.0142972003668546
tile_r018531_c010851,3,246.1214141845703,295.308349609375,284.7706298828125,334.9812927246094,0.0094548631459474
tile_r018531_c010851,3,238.70816040039065,129.4113006591797,291.5530700683594,182.44485473632807,0.0092216609045863
tile_r018531_c010851,3,175.90940856933594,-4.5627875328063965,215.230712890625,11.419507026672363,0.0086538633331656
tile_r018531_c010851,3,178.85186767578125,344.24365234375,213.5562438964844,373.5043029785156,0.0042217373847961
tile_r018531_c010851,3,153.4302978515625,43.48297119140625,228.1380615234375,108.84651184082033,0.0040917620062828
tile_r018531_c010851,3,160.05209350585938,57.044044494628906,203.8643035888672,96.25065612792967,0.004079190082848
tile_r018531_c010851,3,185.06765747070312,350.1496887207031,212.7269744873047,373.0621337890625,0.0037549319677054
tile_r018531_c010851,3,355.6148376464844,292.4652709960937,424.1388549804688,363.4977416992188,0.0035808570683002
tile_r018531_c010851,3,326.0277709960937,423.8003540039063,367.539794921875,467.3943786621094,0.0033623257186263
tile_r018531_c010851,3,170.65725708007812,-12.23222541809082,214.0496368408203,6.7153167724609375,0.0033612684346735
tile_r018531_c010851,3,316.8743591308594,408.708984375,385.12506103515625,476.9591674804688,0.0032731008250266
tile_r018531_c010851,3,240.2354431152344,289.0462951660156,297.8211975097656,348.4478454589844,0.0031969111878424
tile_r018531_c010851,3,331.8587341308594,417.14794921875,374.570068359375,448.5704040527344,0.0030736352782696
tile_r018531_c010851,3,220.2779235839844,501.1005859375,292.8363342285156,513.3939208984375,0.0029175789095461
tile_r018531_c010851,3,207.0905303955078,501.2833557128906,279.5521545410156,513.532958984375,0.0027474693488329
tile_r018531_c010851,3,335.41436767578125,420.8961791992188,373.6178588867188,465.8502807617188,0.0025848289951682
tile_r018531_c010851,3,345.9216003417969,417.37060546875,372.8200988769531,436.4645385742188,0.0025652397889643
tile_r018531_c010851,3,380.9921875,303.33746337890625,411.8654174804688,338.899658203125,0.0023454029578715
tile_r018531_c010851,3,151.5039825439453,-12.604830741882324,222.92337036132807,6.665120124816895,0.0022861605975776
tile_r018531_c010851,3,370.2974243164063,521.8470458984375,435.822021484375,524.7999877929688,0.0021520988084375
tile_r018531_c010851,3,372.0637817382813,502.90142822265625,436.4896545410156,514.5946044921875,0.0021090554073452
tile_r018531_c010851,3,213.8855438232422,514.2952270507812,274.20245361328125,523.6041870117188,0.0020525164436548
tile_r018531_c010851,3,197.2763214111328,76.22248840332031,217.7368621826172,91.11605072021484,0.0018166251247748
tile_r018531_c010851,3,93.8392333984375,-1.509059190750122,141.3907928466797,35.126686096191406,0.0018092256505042
tile_r018531_c010851,3,381.7311401367188,521.2305908203125,445.7994995117188,524.7999877929688,0.0017897970974445
tile_r018531_c010851,3,170.10289001464844,-11.656832695007324,223.984130859375,10.654458999633787,0.0017867074348032
tile_r018531_c010851,3,228.238525390625,514.281494140625,297.25396728515625,523.9154663085938,0.0017745652003213
tile_r018531_c010851,3,1.8238952159881592,520.4539794921875,67.22676849365234,524.7999877929688,0.0017412522574886
tile_r018531_c010851,3,188.36410522460935,501.389892578125,260.7544860839844,514.239501953125,0.0017369905253872
tile_r018531_c010851,3,389.6123352050781,519.802734375,458.4750061035156,524.7999877929688,0.0016299589769914
tile_r018531_c010851,3,234.16580200195312,124.5045166015625,297.06903076171875,190.7313537597656,0.0015888331690803
tile_r018531_c010851,3,239.0005340576172,515.0010375976562,308.5965270996094,524.0571899414062,0.0015745267737656
tile_r018531_c010851,3,11.79604148864746,520.23974609375,79.2599868774414,524.7999877929688,0.0015742518007755
tile_r018531_c010851,3,172.5779571533203,328.83740234375,203.6949005126953,357.13623046875,0.001559097203426
tile_r018531_c010851,3,163.24197387695312,313.9080505371094,225.7742462158203,383.4083557128906,0.001544784521684
tile_r018531_c010851,3,249.280517578125,140.91278076171875,284.4750366210937,175.99676513671875,0.0014974544756114
tile_r018531_c010851,3,37.74492263793945,520.2783813476562,107.94142150878906,524.7999877929688,0.0014937607338652
tile_r018531_c010851,3,193.93310546875,522.1845703125,265.0869140625,524.7999877929688,0.0014748603571206
tile_r018531_c010851,3,152.380615234375,520.7916870117188,219.19497680664065,524.7999877929688,0.0014733591815456
tile_r018531_c010851,3,338.1322631835937,214.95022583007807,383.7135620117188,262.6755676269531,0.0014674991834908
tile_r018531_c010851,3,206.4960479736328,522.3280029296875,274.32574462890625,524.7999877929688,0.0014394575264304
tile_r018531_c010851,3,380.68109130859375,515.4578247070312,441.0416564941406,524.27734375,0.0014296200824901
tile_r018531_c010851,3,510.5447387695313,509.21575927734375,524.4771728515625,524.7999877929688,0.0013788667274639
tile_r018531_c010851,3,427.2234497070313,519.121337890625,496.7614135742188,524.7999877929688,0.0013731118524447
tile_r018531_c010851,3,16.824609756469727,501.289306640625,87.5739517211914,514.9605712890625,0.0013661829289048
tile_r018531_c010851,3,213.4972686767578,487.4524536132813,292.0888671875,514.15771484375,0.0013522369554266
tile_r018531_c010851,3,83.6552734375,520.6553955078125,152.73727416992188,524.7999877929688,0.0013309834757819
tile_r018531_c010851,3,253.3155975341797,514.9595947265625,321.6979675292969,524.4703979492188,0.0013172809267416
tile_r018531_c010851,3,322.87774658203125,521.3822021484375,386.4178771972656,524.7999877929688,0.0013172695180401
tile_r018531_c010851,3,428.16796875,-12.533624649047852,506.9339904785156,1.0121567249298096,0.0013119807699695
tile_r018531_c010851,3,231.2737274169922,500.4981384277344,303.56231689453125,514.0838623046875,0.0013096224283799
tile_r018531_c010851,3,58.37495040893555,520.83349609375,125.8868179321289,524.7999877929688,0.0013090544380247
tile_r018531_c010851,3,455.7374877929688,520.7566528320312,523.7527465820312,524.7999877929688,0.0013061439385637
tile_r018531_c010851,3,330.0990295410156,226.44338989257807,401.5949096679688,301.96002197265625,0.0013005096698179
tile_r018531_c010851,3,457.6448364257813,515.2488403320312,518.0889892578125,524.7999877929688,0.0012832303764298
tile_r018531_c010851,3,24.519689559936523,520.0706176757812,94.3393096923828,524.7999877929688,0.0012814665678888
tile_r018531_c010851,3,167.74609375,521.5364990234375,234.4524383544922,524.7999877929688,0.001280874828808
tile_r018531_c010851,3,448.1658325195313,519.69970703125,519.3001708984375,524.7999877929688,0.0012730803573504
tile_r018531_c010851,3,163.0892791748047,-5.227514743804932,217.58932495117188,26.0069637298584,0.0012299639638513
tile_r018531_c010851,3,373.2131652832031,502.9387817382813,444.1543884277344,517.6025390625,0.0012295639608055
tile_r018531_c010851,3,395.3553771972656,514.3107299804688,489.623046875,524.7999877929688,0.0012292303144931
tile_r018531_c010851,3,180.2781524658203,521.6021728515625,251.54006958007807,524.7999877929688,0.0012279528891667
tile_r018531_c010851,3,439.4959106445313,-12.231958389282228,521.1380615234375,0.6806701421737671,0.0012233788147568
tile_r018531_c010851,3,270.5989685058594,515.0164184570312,341.6856384277344,524.7999877929688,0.0012202848447486
tile_r018531_c010851,3,235.0299835205078,522.6370849609375,304.48809814453125,524.7999877929688,0.0012027914635837
tile_r018531_c010851,3,216.2682647705078,503.3545837402344,284.5079040527344,514.2321166992188,0.0011925924336537
tile_r018531_c010851,3,177.0030059814453,501.0498962402344,247.9398651123047,513.61572265625,0.0011611676309257
tile_r018531_c010851,3,388.0997924804688,193.3148651123047,487.4999084472656,310.6962280273437,0.0011550136841833
tile_r018531_c010851,3,195.80191040039065,515.1806640625,254.1840362548828,524.3419799804688,0.0011509999167174
tile_r018531_c010851,3,-8.900647163391113,520.9200439453125,57.060020446777344,524.7999877929688,0.0011289513204246
tile_r018531_c010851,3,352.09185791015625,512.51025390625,440.8558044433594,524.3660888671875,0.0011222680332139
tile_r018531_c010851,3,335.9996643066406,520.7411499023438,402.52056884765625,524.7999877929688,0.0011206388007849
tile_r018531_c010851,3,406.94873046875,517.7737426757812,478.0770568847656,524.7999877929688,0.0011196171399205
tile_r018531_c010851,3,114.531005859375,519.2628784179688,181.8208923339844,524.7999877929688,0.0011023700935766
tile_r018531_c010851,3,409.046875,413.5704650878906,481.1736450195313,487.7220153808594,0.0010883134091272
tile_r018531_c010851,3,350.4469299316406,521.5730590820312,418.5192260742188,524.7999877929688,0.0010741910664364
tile_r018531_c010851,3,93.6390609741211,0.832415759563446,145.84127807617188,43.75841522216797,0.0010661574779078
tile_r018531_c010851,3,426.3958129882813,514.9652099609375,511.3377990722656,524.7999877929688,0.0010628321906551
tile_r018531_c010851,3,251.9266815185547,302.1661071777344,289.91192626953125,341.2474670410156,0.0010542961535975
tile_r018531_c010851,3,297.27105712890625,515.3636474609375,355.52642822265625,524.2740478515625,0.0010526633122935
tile_r018531_c010851,3,25.244434356689453,499.9305725097656,104.8363800048828,516.1305541992188,0.0010495895985513
tile_r018531_c010851,3,62.7911262512207,243.1216278076172,75.92973327636719,255.86196899414065,0.0010477158939465
tile_r018531_c010851,3,71.41255187988281,520.8319091796875,140.0597381591797,524.7999877929688,0.0010441784979775
tile_r018531_c010851,3,370.12451171875,294.85235595703125,420.0643615722656,355.5098571777344,0.001040716539137
tile_r018531_c010851,3,157.0656280517578,-12.661779403686523,212.7237091064453,-1.448397874832153,0.0010271363425999
tile_r018531_c010851,3,310.79571533203125,521.4500732421875,373.2103576660156,524.7999877929688,0.0010267421603202
tile_r018531_c011107,3,370.68756103515625,277.0458984375,434.34271240234375,329.6163024902344,0.8180691003799438
tile_r018531_c011107,3,66.00127410888672,414.9441528320313,122.1506805419922,471.693359375,0.7835155129432678
tile_r018531_c011107,3,463.49365234375,411.8330993652344,510.8047790527344,453.1719665527344,0.759414792060852
tile_r018531_c011107,3,376.58697509765625,49.938575744628906,433.2635192871094,101.6871109008789,0.7581959962844849
tile_r018531_c011107,3,309.2196655273437,97.6664810180664,372.3977966308594,157.83566284179688,0.7525457143783569
tile_r018531_c011107,3,-1.384545922279358,293.4776916503906,39.88593292236328,343.31610107421875,0.6126525402069092
tile_r018531_c011107,3,243.46664428710935,3.930401563644409,278.52899169921875,35.80263137817383,0.5494121313095093
tile_r018531_c011107,3,2.922934055328369,140.2571563720703,30.24209976196289,176.91763305664062,0.4089570045471191
tile_r018531_c011107,3,118.38392639160156,301.0360717773437,156.91014099121094,342.04510498046875,0.2200160920619964
tile_r018531_c011107,3,361.95904541015625,343.48883056640625,395.8501892089844,371.2453002929688,0.1593188494443893
tile_r018531_c011107,3,370.7241821289063,344.54510498046875,395.9956970214844,370.20806884765625,0.1417693048715591
tile_r018531_c011107,3,-0.320208728313446,135.72442626953125,32.38582229614258,179.49826049804688,0.083152912557125
tile_r018531_c011107,3,108.0107650756836,299.4659729003906,158.43417358398438,349.40484619140625,0.0700686275959014
tile_r018531_c011107,3,290.9921264648437,59.580810546875,313.7024841308594,82.64058685302734,0.0532632768154144
tile_r018531_c011107,3,311.20831298828125,109.663330078125,361.0252075195313,156.15866088867188,0.0501204431056976
tile_r018531_c011107,3,458.2264709472656,405.2164001464844,513.888671875,458.9703063964844,0.036526296287775
tile_r018531_c011107,3,238.3900146484375,-1.5046813488006592,282.2945556640625,37.20223236083984,0.0198448989540338
tile_r018531_c011107,3,2.5155303478240967,130.74697875976562,26.59645652770996,182.122314453125,0.0142291588708758
tile_r018531_c011107,3,339.54962158203125,101.4258270263672,370.7355041503906,131.2261962890625,0.0082927830517292
tile_r018531_c011107,3,1.7437896728515625,300.4147033691406,36.130332946777344,340.66607666015625,0.0076596485450863
tile_r018531_c011107,3,-5.300440788269043,285.89617919921875,43.793701171875,347.3124084472656,0.0074500301852822
tile_r018531_c011107,3,288.7542419433594,55.5645866394043,321.002197265625,83.38480377197266,0.0073199300095438
tile_r018531_c011107,3,2.169531345367432,136.91995239257812,23.471385955810547,176.4246368408203,0.00497019989416
tile_r018531_c011107,3,384.733154296875,54.79169845581055,430.33502197265625,98.0654754638672,0.0049004508182406
tile_r018531_c011107,3,353.4305725097656,332.37176513671875,399.6692504882813,376.4861450195313,0.004435921087861
tile_r018531_c011107,3,98.6079330444336,292.8954162597656,168.1446990966797,364.0746154785156,0.0043117739260196
tile_r018531_c011107,3,400.6705627441406,501.48187255859375,453.6910705566406,513.6734619140625,0.0043015726841986
tile_r018531_c011107,3,69.99909973144531,423.9362182617188,111.5606689453125,467.4053649902344,0.0039143553003668
tile_r018531_c011107,3,-1.674157738685608,131.9501953125,37.33027267456055,184.58322143554688,0.0038719945587217
tile_r018531_c011107,3,61.167266845703125,409.1622009277344,128.76834106445312,476.84326171875,0.0037188930436968
tile_r018531_c011107,3,-10.314117431640623,277.68756103515625,53.78083419799805,350.309814453125,0.0033544017933309
tile_r018531_c011107,3,75.92435455322266,417.18267822265625,118.52906799316406,448.40863037109375,0.0033543361350893
tile_r018531_c011107,3,1.5224212408065796,290.6112670898437,21.732295989990234,317.7154846191406,0.0033006821759045
tile_r018531_c011107,3,371.7662963867188,42.903785705566406,441.1707153320313,104.8551254272461,0.0032976134680211
tile_r018531_c011107,3,-9.938573837280272,115.7820816040039,37.03076171875,185.888671875,0.0032287333160638
tile_r018531_c011107,3,90.0244369506836,417.3876037597656,116.8092041015625,436.3732299804688,0.0028079156763851
tile_r018531_c011107,3,79.53673553466797,420.93505859375,117.6015853881836,465.73681640625,0.0025096484459936
tile_r018531_c011107,3,124.9561767578125,303.3540344238281,155.7770233154297,338.8124694824219,0.0023054399061948
tile_r018531_c011107,3,460.91998291015625,476.6364135742188,483.6832580566406,496.5270385742188,0.0021730524022132
tile_r018531_c011107,3,375.54339599609375,521.09228515625,442.7462768554688,524.7999877929688,0.0020577025134116
tile_r018531_c011107,3,317.07977294921875,124.3415985107422,357.0486145019531,155.3142547607422,0.002027646638453
tile_r018531_c011107,3,373.5201110839844,-1.525005340576172,437.2586059570313,12.969555854797363,0.0019905639346688
tile_r018531_c011107,3,458.2155151367188,503.4412536621094,513.8821411132812,513.1753540039062,0.0019444228382781
tile_r018531_c011107,3,366.9557189941406,-0.5207763910293579,422.183349609375,13.0306396484375,0.0019364532781764
tile_r018531_c011107,3,413.263916015625,514.4952392578125,474.78411865234375,524.233642578125,0.0019187150755897
tile_r018531_c011107,3,117.5906982421875,502.8958129882813,180.1612243652344,514.4469604492188,0.0018889002967625
tile_r018531_c011107,3,385.92681884765625,521.5770263671875,452.0067443847656,524.7999877929688,0.0018849488114938
tile_r018531_c011107,3,114.4989776611328,521.8754272460938,179.27841186523438,524.7999877929688,0.0018787741428241
tile_r018531_c011107,3,359.2359313964844,-12.536625862121582,441.1731567382813,2.200111389160156,0.0017609348287805
tile_r018531_c011107,3,341.109130859375,-12.670758247375488,424.3717346191406,1.6843185424804688,0.0016742430161684
tile_r018531_c011107,3,400.7517700195313,502.4267578125,472.4652404785156,513.5968627929688,0.001620264374651
tile_r018531_c011107,3,406.2483825683594,514.55322265625,462.2096252441406,523.61376953125,0.0016073969891294
tile_r018531_c011107,3,125.7298583984375,521.2540283203125,189.0221405029297,524.7999877929688,0.0015783859416842
tile_r018531_c011107,3,228.713623046875,-4.881115913391113,287.32598876953125,40.194786071777344,0.0015416053356602
tile_r018531_c011107,3,154.5076141357422,416.78125,226.06497192382807,489.1322326660156,0.0015346761792898
tile_r018531_c011107,3,444.9197692871094,515.8005981445312,510.8899841308594,524.4166870117188,0.0015205243835225
tile_r018531_c011107,3,426.2010803222656,515.4148559570312,495.84326171875,524.7999877929688,0.001506237545982
tile_r018531_c011107,3,-9.712554931640623,522.236328125,50.25575637817383,524.7999877929688,0.0013804250629618
tile_r018531_c011107,3,356.66473388671875,335.5175170898437,406.36810302734375,382.669189453125,0.0013433146523311
tile_r018531_c011107,3,306.3414611816406,90.8759765625,381.61468505859375,165.00390625,0.0013088517589494
tile_r018531_c011107,3,1.4180328845977783,293.1217041015625,21.65608787536621,336.1508483886719,0.0012770273024216
tile_r018531_c011107,3,512.6455688476562,402.95025634765625,524.6427001953125,467.84088134765625,0.0012719114311039
tile_r018531_c011107,3,124.1799774169922,515.5494995117188,183.6102600097656,524.2467651367188,0.0012658867053687
tile_r018531_c011107,3,440.7156372070313,501.7796020507813,513.5546875,513.3858642578125,0.0012625992530956
tile_r018531_c011107,3,133.80691528320312,519.9976196289062,201.30148315429688,524.7999877929688,0.001262278179638
tile_r018531_c011107,3,1.783654808998108,292.246826171875,28.951385498046875,320.57293701171875,0.0012546674115583
tile_r018531_c011107,3,67.19999694824219,521.4395141601562,130.6274871826172,524.7999877929688,0.001252228859812
tile_r018531_c011107,3,363.916259765625,520.17578125,426.26763916015625,524.7999877929688,0.0012520774034783
tile_r018531_c011107,3,347.222412109375,-0.8115173578262329,411.8932189941406,13.287439346313477,0.0012292905012145
tile_r018531_c011107,3,3.450326442718506,292.68902587890625,26.355648040771484,309.8231201171875,0.0012125739594921
tile_r018531_c011107,3,249.9425048828125,514.1326293945312,330.7218933105469,524.7999877929688,0.0012101370375603
tile_r018531_c011107,3,198.8486328125,520.1793823242188,265.1065368652344,524.7999877929688,0.0012027039192616
tile_r018531_c011107,3,383.3504638671875,-12.581239700317385,460.7528381347656,1.956152319908142,0.0011875530472025
tile_r018531_c011107,3,320.7046813964844,135.3432159423828,355.8353881835937,154.73794555664062,0.0011758331675082
tile_r018531_c011107,3,221.9427490234375,-12.433494567871094,283.5820007324219,-3.102731227874756,0.0011721429182216
tile_r018531_c011107,3,449.4280700683594,521.4771118164062,516.6177368164062,524.7999877929688,0.0011461562244221
tile_r018531_c011107,3,372.5398559570313,510.3211059570313,456.6603393554688,523.0955200195312,0.0011337137548252
tile_r018531_c011107,3,-2.28692626953125,125.4050750732422,49.5350227355957,190.008544921875,0.0011337061878293
tile_r018531_c011107,3,299.5364685058594,272.95880126953125,315.8256225585937,284.4478454589844,0.0011300714686512
tile_r018531_c011107,3,5.122320652008057,310.6769104003906,35.49564743041992,340.4003295898437,0.0011055023642256
tile_r018531_c011107,3,98.0830078125,190.30026245117188,237.74331665039065,333.2807006835937,0.0011024294653907
tile_r018531_c011107,3,262.2260131835937,360.07135009765625,322.2774963378906,427.69671630859375,0.0010818956652656
tile_r018531_c011107,3,172.4245147705078,519.0001220703125,238.71176147460935,524.7999877929688,0.0010750198271125
tile_r018531_c011107,3,397.9119262695313,521.8598022460938,461.42578125,524.7999877929688,0.0010600636014714
tile_r018531_c011107,3,80.28572082519531,520.7146606445312,146.8606414794922,524.7999877929688,0.0010588569566607
tile_r018531_c011107,3,112.2204360961914,296.8694763183594,163.6375274658203,357.69805908203125,0.0010424475185573
tile_r018531_c011107,3,-9.0887451171875,130.72909545898438,34.047264099121094,195.76303100585935,0.0010330402292311
tile_r018531_c011107,3,462.18060302734375,516.1334228515625,518.4114990234375,524.2576293945312,0.0010158182121813
tile_r018531_c011107,3,96.73768615722656,512.72216796875,184.6407623291016,524.2399291992188,0.0010133610339835
tile_r018531_c011107,3,243.19955444335935,0.449999988079071,287.090087890625,27.148273468017575,0.0010087072150781
tile_r018531_c011107,3,39.31157302856445,515.4130859375,99.49609375,524.3160400390625,0.0010043722577393
tile_r018531_c011107,3,498.5022888183594,-12.800000190734863,524.449951171875,16.248254776000977,0.0010031358106061
tile_r018531_c011107,3,94.66676330566406,521.6309814453125,162.91734313964844,524.7999877929688,0.001001778175123
tile_r018531_c011363,3,114.52116394042967,276.938720703125,178.5048065185547,329.77105712890625,0.8149544596672058
tile_r018531_c011363,3,269.57232666015625,218.7653350830078,319.6014099121094,267.24639892578125,0.7894988059997559
tile_r018531_c011363,3,207.65237426757807,413.2392578125,254.4318084716797,452.1568298339844,0.7587552070617676
tile_r018531_c011363,3,120.9744873046875,50.283447265625,176.8402099609375,101.2186508178711,0.7582014799118042
tile_r018531_c011363,3,334.5894470214844,468.4627990722656,373.8203125,503.02978515625,0.7534346580505371
tile_r018531_c011363,3,53.2567024230957,97.72755432128906,116.03121185302734,157.79823303222656,0.7385393381118774
tile_r018531_c011363,3,344.9401550292969,262.78204345703125,378.03558349609375,292.91876220703125,0.2785122692584991
tile_r018531_c011363,3,33.84033203125,59.26387786865234,58.62102127075195,82.84759521484375,0.1281991153955459
tile_r018531_c011363,3,106.3203353881836,343.4716186523437,139.88717651367188,371.15521240234375,0.1262454837560653
tile_r018531_c011363,3,114.7255401611328,344.47784423828125,140.0239715576172,370.1810607910156,0.1173544377088546
tile_r018531_c011363,3,54.98772048950195,109.73883056640624,105.0713882446289,156.32321166992188,0.0531404018402099
tile_r018531_c011363,3,2.413671970367432,2.884710788726806,26.407445907592773,34.68749237060547,0.0254694391041994
tile_r018531_c011363,3,0.2678817808628082,-1.653143286705017,31.282115936279297,36.31000900268555,0.0187655948102474
tile_r018531_c011363,3,201.2272491455078,405.763671875,259.38592529296875,458.39697265625,0.0183362457901239
tile_r018531_c011363,3,31.298084259033203,54.64472579956055,65.51576232910156,83.78946685791016,0.0151095818728208
tile_r018531_c011363,3,83.11888122558594,102.3407211303711,113.96910095214844,130.5613250732422,0.0071631246246397
tile_r018531_c011363,3,-0.3695037961006164,-4.656054496765137,34.26324844360352,16.8580379486084,0.0069152051582932
tile_r018531_c011363,3,258.0716247558594,504.8038024902344,311.0550231933594,512.6599731445312,0.005917286965996
tile_r018531_c011363,3,128.8009796142578,54.90731048583984,174.095703125,97.89996337890624,0.0057218442671
tile_r018531_c011363,3,496.8757934570313,26.369129180908203,514.8880615234375,69.678955078125,0.0048963665030896
tile_r018531_c011363,3,1.473052978515625,0.6301040649414062,20.295801162719727,38.3261604309082,0.0048534567467868
tile_r018531_c011363,3,328.48931884765625,464.0320434570313,380.0584106445313,508.4427795410156,0.0047474028542637
tile_r018531_c011363,3,497.1138610839844,32.022491455078125,512.8267822265625,66.67115783691406,0.0047288783825933
tile_r018531_c011363,3,143.9740447998047,501.0075073242188,204.28921508789065,513.7849731445312,0.0045007187873125
tile_r018531_c011363,3,265.5403747558594,213.4463348388672,325.84967041015625,272.178466796875,0.0041247578337788
tile_r018531_c011363,3,49.935546875,89.62031555175781,122.21549987792967,164.2007293701172,0.00375203974545
tile_r018531_c011363,3,116.2393569946289,43.19516754150391,184.6325225830078,104.4895477294922,0.0034105530939996
tile_r018531_c011363,3,97.4922332763672,331.1805114746094,143.93423461914062,376.48541259765625,0.0029671096708625
tile_r018531_c011363,3,-8.71684741973877,-8.52081298828125,38.19404220581055,50.008079528808594,0.0026166192255914
tile_r018531_c011363,3,351.75616455078125,265.8627624511719,377.7037963867188,291.82000732421875,0.0025893743149936
tile_r018531_c011363,3,244.0969696044922,503.1495056152344,309.6103515625,512.9196166992188,0.0025582436937838
tile_r018531_c011363,3,354.9659729003906,12.744433403015137,518.0311889648438,169.29409790039062,0.0023870435543358
tile_r018531_c011363,3,341.48828125,470.9384765625,371.82220458984375,499.3671875,0.0022759626153856
tile_r018531_c011363,3,341.2525939941406,257.41864013671875,382.6239318847656,302.12725830078125,0.002201530849561
tile_r018531_c011363,3,156.9928741455078,514.4414672851562,218.7440490722656,524.0804443359375,0.0021898294799029
tile_r018531_c011363,3,119.2472915649414,521.0281982421875,186.98953247070312,524.7999877929688,0.0021314562764018
tile_r018531_c011363,3,42.31671142578125,272.10772705078125,58.8622932434082,284.60894775390625,0.0021085175685584
tile_r018531_c011363,3,118.48161315917967,-1.529888153076172,181.09890747070312,12.8883056640625,0.0020835327450186
tile_r018531_c011363,3,514.2487182617188,20.886621475219727,520.6934814453125,74.41922760009766,0.0020689277444034
tile_r018531_c011363,3,453.33111572265625,176.8265380859375,482.7794494628906,214.8682861328125,0.0019885273650288
tile_r018531_c011363,3,401.8789978027344,239.7922821044922,429.4859313964844,270.333984375,0.0019777175039052
tile_r018531_c011363,3,103.80973815917967,-12.5642671585083,184.8827362060547,2.2094268798828125,0.0019621618557721
tile_r018531_c011363,3,111.65203857421876,-0.5838378667831421,166.20074462890625,12.956365585327148,0.0019488076213747
tile_r018531_c011363,3,344.64227294921875,28.571727752685547,504.2268676757813,189.8450164794922,0.0019259995315223
tile_r018531_c011363,3,129.406005859375,521.5858154296875,196.547607421875,524.7999877929688,0.001893610577099
tile_r018531_c011363,3,-2.120344638824463,-1.120947241783142,38.52455520629883,42.27284622192383,0.001886575249955
tile_r018531_c011363,3,150.0179443359375,514.4609985351562,206.8216094970703,523.5892333984375,0.0018161045154556
tile_r018531_c011363,3,343.530029296875,516.6375122070312,401.6876831054688,524.3767700195312,0.0017556537641212
tile_r018531_c011363,3,169.04710388183594,514.9608154296875,234.6177215576172,524.6629638671875,0.0017464236589148
tile_r018531_c011363,3,232.1062469482422,514.3624877929688,285.00299072265625,523.9542846679688,0.0017333298455923
tile_r018531_c011363,3,85.76888275146484,-12.720687866210938,168.28904724121094,1.686672925949097,0.0017224572366103
tile_r018531_c011363,3,421.6867065429688,222.2222595214844,448.8687438964844,247.0224609375,0.0017053311457857
tile_r018531_c011363,3,241.1005401611328,514.3139038085938,297.70361328125,523.778564453125,0.0016865683719515
tile_r018531_c011363,3,347.8177185058594,521.5750122070312,414.26220703125,524.7999877929688,0.0016791422385722
tile_r018531_c011363,3,95.2406997680664,342.81500244140625,141.54757690429688,370.1629028320313,0.0016741099534556
tile_r018531_c011363,3,511.7517700195313,16.86562728881836,523.84619140625,72.6816635131836,0.0016484280349686
tile_r018531_c011363,3,468.5193481445313,-4.495837211608887,513.1820068359375,4.843441963195801,0.0016442530322819
tile_r018531_c011363,3,302.9398803710937,520.9983520507812,372.160400390625,524.7999877929688,0.0016233749920502
tile_r018531_c011363,3,262.6591186523437,514.821044921875,320.27545166015625,523.5296630859375,0.0015922081656754
tile_r018531_c011363,3,358.4046936035156,516.1632690429688,413.255859375,524.267578125,0.0015472568338736
tile_r018531_c011363,3,269.69390869140625,-12.800000190734863,331.67144775390625,4.492147922515869,0.0015390129992738
tile_r018531_c011363,3,203.2573699951172,503.3631896972656,272.7249450683594,513.2081909179688,0.0015302058309316
tile_r018531_c011363,3,251.3212890625,514.3427734375,309.73663330078125,523.6043090820312,0.0015257232589647
tile_r018531_c011363,3,60.7713737487793,124.63435363769533,100.97694396972656,155.3557891845703,0.0015219019260257
tile_r018531_c011363,3,152.41995239257812,501.2822265625,219.1746368408203,514.3463134765625,0.0014888785080984
tile_r018531_c011363,3,392.5398864746094,-12.425025939941406,467.6971130371094,0.3760971128940582,0.0014813966117799
tile_r018531_c011363,3,493.6121520996094,8.759533882141113,515.6688842773438,72.64555358886719,0.0014553518267348
tile_r018531_c011363,3,384.6990051269531,515.7750854492188,444.1144409179688,524.3356323242188,0.0014484159182757
tile_r018531_c011363,3,208.736083984375,514.4146728515625,260.37506103515625,524.09765625,0.0014222133904695
tile_r018531_c011363,3,372.64593505859375,515.77099609375,429.5947265625,524.3942260742188,0.001417952007614
tile_r018531_c011363,3,221.12374877929688,514.3171997070312,272.62384033203125,524.0392456054688,0.0014177137054502
tile_r018531_c011363,3,188.88131713867188,515.0939331054688,248.6959228515625,524.3630981445312,0.0014148165937513
tile_r018531_c011363,3,275.54656982421875,-7.419949531555176,324.5122985839844,11.718343734741213,0.0014132417272776
tile_r018531_c011363,3,274.5153503417969,222.8002471923828,312.49615478515625,261.9354858398437,0.0014032998587936
tile_r018531_c011363,3,340.2516174316406,520.8729248046875,408.5612182617188,524.7999877929688,0.0013982394011691
tile_r018531_c011363,3,265.1731262207031,501.9951171875,320.25054931640625,513.3201293945312,0.0013701745774596
tile_r018531_c011363,3,468.1329040527344,0.7408386468887329,514.0778198242188,13.802972793579102,0.0013647159794345
tile_r018531_c011363,3,107.69046783447266,520.1608276367188,170.35585021972656,524.7999877929688,0.0013206304283812
tile_r018531_c011363,3,310.4151306152344,394.1798706054688,327.30975341796875,410.9049682617188,0.0013157242210581
tile_r018531_c011363,3,127.8692855834961,-12.60319709777832,204.39633178710935,1.774165391921997,0.001308599486947
tile_r018531_c011363,3,-1.8401062488555908,-3.57220458984375,41.106422424316406,26.888172149658203,0.0012913290411233
tile_r018531_c011363,3,274.83697509765625,515.2420043945312,334.20587158203125,524.3746337890625,0.0012752745533362
tile_r018531_c011363,3,268.1474609375,504.4857482910156,325.09796142578125,512.7556762695312,0.0012623431393876
tile_r018531_c011363,3,399.8717651367188,503.5618286132813,458.5284118652344,513.1398315429688,0.0012605416122823
tile_r018531_c011363,3,293.7772521972656,516.2232666015625,353.6976623535156,524.7999877929688,0.0012473316164687
tile_r018531_c011363,3,405.94140625,515.4103393554688,466.5095825195313,524.2161865234375,0.0012319819070398
tile_r018531_c011363,3,395.4498596191406,515.5975341796875,455.3892211914063,524.1430053710938,0.0012318568769842
tile_r018531_c011363,3,116.1557846069336,510.24310302734375,201.1699981689453,523.0794677734375,0.0011959950206801
tile_r018531_c011363,3,100.75822448730467,335.2159118652344,151.42874145507812,382.9006958007813,0.0011765978997573
tile_r018531_c011363,3,145.93984985351562,521.9020385742188,213.2265167236328,524.7999877929688,0.0011569919297471
tile_r018531_c011363,3,213.8998107910156,504.8484802246094,284.336181640625,513.042724609375,0.001156844315119
tile_r018531_c011363,3,352.902099609375,513.4993286132812,436.67669677734375,521.8834228515625,0.0011519305408
tile_r018531_c011363,3,-0.124359130859375,517.8477783203125,67.05117797851562,524.7999877929688,0.0011444052215665
tile_r018531_c011363,3,12.818933486938477,513.6520385742188,106.2000732421875,524.7003173828125,0.0011413595639169
tile_r018531_c011363,3,-1.236599683761597,-6.468359470367432,31.12265968322754,25.16514205932617,0.0011168246855959
tile_r018531_c011363,3,198.7802276611328,402.51165771484375,266.2593688964844,467.5597229003906,0.0011149452766403
tile_r018531_c011363,3,91.8051986694336,-0.8700836300849915,156.0611572265625,13.252346992492676,0.0011089207837358
tile_r018531_c011363,3,144.0509033203125,485.034423828125,204.1097717285156,513.7762451171875,0.0010948035633191
tile_r018531_c011363,3,364.0025329589844,520.5844116210938,436.5231323242188,524.7999877929688,0.0010822300100699
tile_r018531_c011363,3,405.29248046875,521.12109375,469.09814453125,524.7999877929688,0.0010736846597865
tile_r018531_c011363,3,26.29866600036621,48.6617431640625,65.58528900146484,91.3691177368164,0.0010731949005275
tile_r018531_c011363,3,245.5836944580078,521.984375,311.12078857421875,524.7999877929688,0.0010599045781418
tile_r018531_c011363,3,392.8800659179688,521.478515625,461.8285217285156,524.7999877929688,0.0010582649847492
tile_r018531_c011363,3,225.3845977783203,503.2361450195313,301.88287353515625,513.2561645507812,0.0010566007113084
tile_r018531_c011363,3,377.88775634765625,503.1615295410156,428.2264099121094,513.1969604492188,0.0010543966200202
tile_r018531_c011363,3,334.1634521484375,250.1194610595703,384.6102294921875,308.3039855957031,0.0010496805189177
tile_r018531_c011363,3,416.4755859375,519.2560424804688,481.9869079589844,524.7999877929688,0.0010495900642126
tile_r018531_c011363,3,520.52734375,13.646020889282228,524.6502075195312,72.24473571777344,0.0010231935884803
tile_r018531_c011363,3,404.5411682128906,376.8024291992188,483.853759765625,466.0692443847656,0.0010203602723777
tile_r018531_c011363,3,74.06609344482422,520.5588989257812,137.49612426757812,524.7999877929688,0.0010194212663918
tile_r018531_c011363,3,225.9109344482422,521.5736083984375,296.66290283203125,524.7999877929688,0.0010121876839548
tile_r018531_c011363,3,184.8993225097656,501.798095703125,262.4847106933594,513.5416259765625,0.0010093739256262
tile_r018531_c011363,3,171.35244750976562,521.324462890625,238.329345703125,524.7999877929688,0.0010026078671216
tile_r018531_c011363,3,450.63189697265625,-12.800000190734863,520.3116455078125,0.6360504031181335,0.0010019557084888
tile_r018531_c011619,3,345.21160888671875,232.629638671875,403.348876953125,288.0030822753906,0.8383355140686035
tile_r018531_c011619,3,14.111108779907228,218.46157836914065,64.11199951171875,268.1524963378906,0.8190878629684448
tile_r018531_c011619,3,381.9456176757813,46.7275276184082,432.7085876464844,94.8574447631836,0.8108531832695007
tile_r018531_c011619,3,385.5723571777344,192.882568359375,430.1846618652344,234.19125366210935,0.7983784675598145
tile_r018531_c011619,3,476.1583862304688,239.8182678222656,512.1263427734375,274.8006896972656,0.793673038482666
tile_r018531_c011619,3,240.0810089111328,21.4473819732666,291.18267822265625,71.00165557861328,0.7732895612716675
tile_r018531_c011619,3,78.46605682373047,468.3534240722656,117.8452606201172,503.12548828125,0.7551875114440918
tile_r018531_c011619,3,475.1708984375,478.2868041992188,514.3775634765625,513.95556640625,0.7385114431381226
tile_r018531_c011619,3,251.0529022216797,261.3617553710937,305.9672241210937,308.11572265625,0.7152802348136902
tile_r018531_c011619,3,417.8641662597656,421.1797790527344,472.31689453125,470.935546875,0.6107245087623596
tile_r018531_c011619,3,359.8004455566406,368.4178161621094,392.0672302246094,399.489990234375,0.4674555659294128
tile_r018531_c011619,3,443.9342346191406,75.02620697021484,494.1675415039063,118.76908111572266,0.4486401379108429
tile_r018531_c011619,3,88.73672485351562,262.693115234375,122.1876983642578,293.10528564453125,0.3589746356010437
tile_r018531_c011619,3,419.8794860839844,491.0650024414063,442.6356506347656,511.56146240234375,0.0387099273502826
tile_r018531_c011619,3,243.8746032714844,27.808910369873047,284.3360290527344,67.51092529296875,0.0376389883458614
tile_r018531_c011619,3,381.19329833984375,189.01126098632807,434.24700927734375,238.91342163085935,0.028580654412508
tile_r018531_c011619,3,441.0884704589844,66.92162322998047,500.3036193847656,125.7867202758789,0.0157431308180093
tile_r018531_c011619,3,385.9397583007813,48.61113357543945,429.18505859375,87.4924087524414,0.0078266449272632
tile_r018531_c011619,3,6.128138542175293,503.97509765625,55.4902229309082,512.8038330078125,0.0070627517998218
tile_r018531_c011619,3,72.65025329589844,463.7527465820313,123.83731842041016,508.3869018554688,0.0061760148964822
tile_r018531_c011619,3,466.0499877929688,477.0728454589844,519.7120971679688,522.8435668945312,0.0060962964780628
tile_r018531_c011619,3,354.31951904296875,360.7327270507813,398.5179748535156,402.6002807617188,0.0047994083724915
tile_r018531_c011619,3,401.5987243652344,414.9092712402344,481.2838745117188,504.3600463867188,0.0044522732496261
tile_r018531_c011619,3,485.3726196289063,471.9328002929688,524.2030029296875,518.8566284179688,0.0042233318090438
tile_r018531_c011619,3,455.0919494628906,355.57891845703125,478.9938049316406,381.0376892089844,0.0033298511989414
tile_r018531_c011619,3,161.18740844726562,34.64115524291992,187.61703491210935,55.81298065185547,0.0033186057116836
tile_r018531_c011619,3,478.20751953125,243.6460876464844,508.0360412597656,271.46844482421875,0.0032685087062418
tile_r018531_c011619,3,55.0281982421875,394.5722961425781,70.91436767578125,410.6259765625,0.0032337615266442
tile_r018531_c011619,3,425.59759521484375,-0.2656494081020355,461.2005310058594,27.2392520904541,0.0032166019082069
tile_r018531_c011619,3,425.6527404785156,-1.0762062072753906,457.5930786132813,18.80467796325684,0.0030600666068494
tile_r018531_c011619,3,84.64595031738281,257.4198608398437,124.648681640625,296.671142578125,0.0029039462096989
tile_r018531_c011619,3,396.14068603515625,521.0714111328125,454.0282287597656,524.7999877929688,0.0027959833387285
tile_r018531_c011619,3,19.426380157470703,-6.773366451263428,69.2390365600586,9.31824016571045,0.0027564058545976
tile_r018531_c011619,3,193.2041473388672,179.49049377441406,227.078125,215.9912567138672,0.0026785146910697
tile_r018531_c011619,3,361.78814697265625,-0.4765380918979645,419.253662109375,13.687832832336426,0.0026610596105456
tile_r018531_c011619,3,417.6376953125,475.3362731933594,445.6033325195313,509.34576416015625,0.0026241214945912
tile_r018531_c011619,3,95.4686508178711,265.8211364746094,121.6685028076172,291.927978515625,0.0026081085670739
tile_r018531_c011619,3,386.5167846679688,-12.79490089416504,462.7985229492188,1.398248314857483,0.0025800694711506
tile_r018531_c011619,3,165.4682159423828,222.1542205810547,193.360107421875,247.56082153320312,0.0025232729967683
tile_r018531_c011619,3,95.72297668457033,26.35979652404785,245.9539794921875,180.0022735595703,0.0020914962515234
tile_r018531_c011619,3,499.3667907714844,478.2275390625,524.7999877929688,524.7999877929688,0.0020315332803875
tile_r018531_c011619,3,14.206029891967772,-12.800000190734863,76.046875,3.601811170578003,0.0019800520967692
tile_r018531_c011619,3,245.8287048339844,255.23275756835935,311.69140625,314.29791259765625,0.0019716075621545
tile_r018531_c011619,3,85.4595718383789,470.8771362304688,115.8609848022461,499.4567260742188,0.001969956792891
tile_r018531_c011619,3,8.467132568359375,211.6793670654297,67.44246673583984,272.6137390136719,0.0019069830887019
tile_r018531_c011619,3,445.7998046875,514.4759521484375,514.3303833007812,524.7999877929688,0.0018586489604786
tile_r018531_c011619,3,412.37548828125,-4.857018947601318,458.69775390625,17.07046127319336,0.0018070938531309
tile_r018531_c011619,3,233.30288696289065,-0.1885002106428146,284.525634765625,13.184820175170898,0.0017802505753934
tile_r018531_c011619,3,366.9148864746094,-12.800000190734863,448.9493713378906,1.530310034751892,0.0017755621811375
tile_r018531_c011619,3,-5.471606254577637,-9.563329696655272,137.79348754882812,122.502197265625,0.0017540256958454
tile_r018531_c011619,3,333.4833068847656,69.86898040771484,347.8546447753906,81.94547271728516,0.0017216679407283
tile_r018531_c011619,3,87.81983947753906,516.7257690429688,145.92556762695312,524.4168090820312,0.0017099059186875
tile_r018531_c011619,3,448.9352416992188,521.8689575195312,521.8751220703125,524.7999877929688,0.0016840301686897
tile_r018531_c011619,3,-0.0196166988462209,501.1253967285156,54.267723083496094,513.1222534179688,0.0016331209335476
tile_r018531_c011619,3,92.3332061767578,521.5426025390625,158.617919921875,524.7999877929688,0.0015733698382973
tile_r018531_c011619,3,390.31451416015625,-0.447497546672821,449.5663146972656,13.380334854125977,0.0015536005375906
tile_r018531_c011619,3,47.2446403503418,521.1071166992188,115.44644927978516,524.7999877929688,0.0015183432260528
tile_r018531_c011619,3,335.42852783203125,520.6431884765625,399.136474609375,524.7999877929688,0.0015156232984736
tile_r018531_c011619,3,419.5162963867188,475.8836975097656,443.3121948242188,502.74755859375,0.0015103487530723
tile_r018531_c011619,3,103.1020736694336,516.2478637695312,157.4912872314453,524.2659912109375,0.00150962267071
tile_r018531_c011619,3,324.12847900390625,521.2169799804688,386.6939086914063,524.7999877929688,0.0014778318582102
tile_r018531_c011619,3,12.82305908203125,502.3439025878906,63.99040603637695,513.522216796875,0.0014775841264054
tile_r018531_c011619,3,375.5065612792969,40.61956787109375,443.0641479492188,109.05210876464844,0.0014646063791587
tile_r018531_c011619,3,333.3505249023437,73.300537109375,347.34295654296875,85.86100006103516,0.0014610639773309
tile_r018531_c011619,3,391.13720703125,512.1184692382812,462.3820190429688,517.40380859375,0.0014608991332352
tile_r018531_c011619,3,128.65005493164062,515.8463134765625,188.1294860839844,524.3262329101562,0.0014584430027753
tile_r018531_c011619,3,387.3553771972656,512.6094970703125,457.7733459472656,518.75439453125,0.0014218322467058
tile_r018531_c011619,3,229.5106201171875,519.51318359375,296.8272705078125,524.7999877929688,0.0014183720340952
tile_r018531_c011619,3,438.2256774902344,1.0036407709121704,458.9573364257813,15.657361030578612,0.0014172155642881
tile_r018531_c011619,3,9.8486328125,514.9228515625,63.8156852722168,523.4235229492188,0.0013847952941432
tile_r018531_c011619,3,322.76397705078125,114.03044128417967,373.7646179199219,151.15023803710938,0.0013839560560882
tile_r018531_c011619,3,313.6566467285156,56.74910736083984,351.3710021972656,90.2743682861328,0.0013821811880916
tile_r018531_c011619,3,116.9811553955078,515.8876953125,173.71826171875,524.3649291992188,0.0013737542321905
tile_r018531_c011619,3,150.5438690185547,515.7014770507812,209.95632934570312,524.2769775390625,0.0013736651744693
tile_r018531_c011619,3,17.384292602539062,-2.074146270751953,72.36466217041016,17.586841583251953,0.0013720975257456
tile_r018531_c011619,3,139.5636749267578,515.8576049804688,200.0704803466797,524.2164306640625,0.0013321844162419
tile_r018531_c011619,3,428.0095825195313,-2.2660155296325684,460.6994018554688,14.368829727172852,0.0012906792107969
tile_r018531_c011619,3,84.88226318359375,520.8494262695312,152.74444580078125,524.7999877929688,0.0012849962804466
tile_r018531_c011619,3,37.244930267333984,516.0031127929688,98.09349060058594,524.7999877929688,0.0012839668197557
tile_r018531_c011619,3,254.13150024414065,265.8785705566406,295.1310119628906,302.9586486816406,0.0012810139451175
tile_r018531_c011619,3,203.9150390625,518.4647216796875,271.67578125,524.7999877929688,0.0012707647401839
tile_r018531_c011619,3,287.1698303222656,518.9373168945312,353.3965759277344,524.7999877929688,0.0012576279696077
tile_r018531_c011619,3,315.37762451171875,113.0158462524414,375.1766662597656,158.6197509765625,0.0012201385106891
tile_r018531_c011619,3,312.4128112792969,49.4589958190918,357.5839233398437,91.99568939208984,0.0012200907804071
tile_r018531_c011619,3,-5.886620998382568,521.7901611328125,55.9243049621582,524.7999877929688,0.0012193170841783
tile_r018531_c011619,3,18.88462829589844,514.99169921875,77.29549407958984,524.333984375,0.0012169390683993
tile_r018531_c011619,3,146.2012176513672,239.833251953125,173.79483032226562,270.54022216796875,0.001205142471008
tile_r018531_c011619,3,143.85537719726562,503.6047973632813,202.01467895507807,513.1392822265625,0.0011953930370509
tile_r018531_c011619,3,274.814697265625,518.9280395507812,341.981689453125,524.7999877929688,0.0011945741716772
tile_r018531_c011619,3,178.471435546875,76.24186706542969,247.75698852539065,149.1391143798828,0.0011834962060675
tile_r018531_c011619,3,471.88916015625,232.0449676513672,515.6862182617188,292.4916381835937,0.0011687802616506
tile_r018531_c011619,3,377.3703308105469,179.7995147705078,447.20703125,250.7363739013672,0.0011514949146658
tile_r018531_c011619,3,450.2210998535156,477.3424682617188,522.7254028320312,524.7999877929688,0.0011493776692077
tile_r018531_c011619,3,473.0453186035156,233.4626922607422,513.5093994140625,278.1739196777344,0.0011465384159237
tile_r018531_c011619,3,308.8145446777344,521.0264892578125,372.2305603027344,524.7999877929688,0.001145773101598
tile_r018531_c011619,3,346.9922790527344,-12.800000190734863,425.3692321777344,1.7307159900665283,0.0011401360388845
tile_r018531_c011619,3,300.02081298828125,-12.751535415649414,378.9527282714844,0.6090911626815796,0.001129894866608
tile_r018531_c011619,3,142.76254272460938,-12.3192720413208,215.3119201660156,0.322723388671875,0.0011229385854676
tile_r018531_c011619,3,149.2410430908203,521.0341796875,214.6575927734375,524.7999877929688,0.0011173929087817
tile_r018531_c011619,3,356.7318420410156,-5.113005638122559,413.562255859375,6.700793266296387,0.0011026074644178
tile_r018531_c011619,3,97.2518539428711,513.5247802734375,180.4967041015625,521.7477416992188,0.0011023207334801
tile_r018531_c011619,3,208.1355438232422,-12.800000190734863,289.1166381835937,1.5885193347930908,0.0011014448245987
tile_r018531_c011619,3,185.8343505859375,91.6019058227539,255.30026245117188,169.2484893798828,0.0010859572794288
tile_r018531_c011619,3,160.92039489746094,519.3677978515625,226.9590759277344,524.7999877929688,0.0010842180345207
tile_r018531_c011619,3,362.22265625,371.8677368164063,387.2479553222656,397.6166076660156,0.0010779917938634
tile_r018531_c011619,3,261.1248474121094,340.99725341796875,299.49517822265625,380.4488830566406,0.001075752894394
tile_r018531_c011619,3,412.5633850097656,488.5613403320313,458.6954040527344,512.6417846679688,0.0010730517096817
tile_r018531_c011619,3,422.4210510253906,425.553466796875,468.17718505859375,464.469482421875,0.001061700284481
tile_r018531_c011619,3,370.7284240722656,-0.4535766541957855,436.34912109375,13.555730819702148,0.0010597920045256
tile_r018531_c011619,3,75.3716812133789,108.5189437866211,135.08761596679688,173.0791473388672,0.0010578960645943
tile_r018531_c011619,3,205.05810546875,515.3794555664062,293.22802734375,524.7999877929688,0.001042456482537
tile_r018531_c011619,3,108.19557189941406,520.5379638671875,180.51974487304688,524.7999877929688,0.0010397641453891
tile_r018531_c011619,3,408.4608459472656,413.691650390625,484.01513671875,481.70648193359375,0.0010368673829361
tile_r018531_c011619,3,217.13882446289065,519.1051635742188,283.0260314941406,524.7999877929688,0.0010317395208403
tile_r018531_c011619,3,190.23214721679688,518.1689453125,260.72979736328125,524.7999877929688,0.0010282015427947
tile_r018531_c011619,3,122.6754913330078,503.2478637695313,171.79873657226562,513.1796875,0.001026744605042
tile_r018531_c011619,3,174.14987182617188,519.066162109375,240.66000366210935,524.7999877929688,0.0010249862680211
tile_r018531_c011619,3,300.97320556640625,520.3831787109375,365.2032775878906,524.7999877929688,0.0010221076663583
tile_r018531_c011619,3,4.302734375,486.1138610839844,64.92832946777344,512.9178466796875,0.0010188940213993
tile_r018531_c011619,3,445.0029296875,79.95854949951172,487.11865234375,114.3675765991211,0.0010176062351092
tile_r018531_c011619,3,82.40419006347656,254.9001922607422,129.80886840820312,305.2413024902344,0.0010021370835602
tile_r018787_c010083,3,47.53018951416016,1.733587622642517,109.7534408569336,53.939056396484375,0.7823436856269836
tile_r018787_c010083,3,356.67242431640625,127.2266616821289,408.4842224121094,172.31924438476562,0.7808753848075867
tile_r018787_c010083,3,3.028887987136841,110.1647720336914,44.14097213745117,154.19259643554688,0.7589958310127258
tile_r018787_c010083,3,189.20053100585935,476.9217224121094,235.4774475097656,513.3319702148438,0.7517294883728027
tile_r018787_c010083,3,426.71380615234375,168.4374542236328,481.8572692871094,212.414306640625,0.7411262392997742
tile_r018787_c010083,3,181.0836944580078,408.7482299804688,211.1392517089844,438.8160095214844,0.715065598487854
tile_r018787_c010083,3,102.9926528930664,223.51889038085935,134.4934844970703,255.3599548339844,0.6731953620910645
tile_r018787_c010083,3,13.185827255249023,169.02749633789062,45.71749114990234,199.6928253173828,0.6730853915214539
tile_r018787_c010083,3,54.4986686706543,475.5982360839844,121.0290756225586,513.7640380859375,0.6669899225234985
tile_r018787_c010083,3,209.917724609375,284.890380859375,249.6660614013672,318.5984802246094,0.6669813990592957
tile_r018787_c010083,3,56.775672912597656,333.6737365722656,108.46820068359376,366.0379333496094,0.2713601291179657
tile_r018787_c010083,3,181.99673461914065,-1.737152099609375,227.48892211914065,17.2450008392334,0.180128201842308
tile_r018787_c010083,3,180.17776489257807,-1.824310302734375,228.9976348876953,23.8457145690918,0.176082506775856
tile_r018787_c010083,3,29.883228302001957,414.98089599609375,64.93089294433594,447.4249572753906,0.1625578254461288
tile_r018787_c010083,3,212.7178192138672,105.5725326538086,236.88052368164065,131.3536834716797,0.1184329241514206
tile_r018787_c010083,3,181.09799194335935,-4.246129512786865,232.64633178710935,13.871038436889648,0.0645518749952316
tile_r018787_c010083,3,39.80655670166016,328.9096984863281,111.0533218383789,368.0762939453125,0.0506553649902343
tile_r018787_c010083,3,205.262939453125,282.59521484375,253.064697265625,323.8211975097656,0.0422382839024066
tile_r018787_c010083,3,233.08529663085935,428.23095703125,257.5577697753906,446.1981506347656,0.0186676941812038
tile_r018787_c010083,3,209.9737091064453,288.8099975585937,241.65060424804688,315.9156799316406,0.0145388441160321
tile_r018787_c010083,3,422.517578125,161.88589477539062,488.6066284179688,217.11618041992188,0.0142058348283171
tile_r018787_c010083,3,9.204546928405762,165.9522247314453,49.88581466674805,204.9886932373047,0.0123208537697792
tile_r018787_c010083,3,429.2736206054688,171.7942657470703,476.2984313964844,207.2508544921875,0.0086842738091945
tile_r018787_c010083,3,202.9856414794922,277.0135803222656,256.87078857421875,330.43359375,0.0086388671770691
tile_r018787_c010083,3,435.5276489257813,173.04833984375,483.7803649902344,210.1457977294922,0.008334768936038
tile_r018787_c010083,3,-0.389862060546875,-5.872166633605957,43.77202224731445,10.282567024230955,0.0080134952440857
tile_r018787_c010083,3,24.50108337402344,262.75848388671875,118.08815002441406,371.1427307128906,0.0072289677336812
tile_r018787_c010083,3,422.151123046875,43.171607971191406,445.3053283691406,61.7928581237793,0.0068148570135235
tile_r018787_c010083,3,2.918438673019409,-4.526913642883301,24.448131561279297,10.797012329101562,0.0063566849566996
tile_r018787_c010083,3,31.9250602722168,311.58648681640625,113.3633804321289,369.0104064941406,0.0062129576690495
tile_r018787_c010083,3,100.43684387207033,218.0094757080078,140.2222442626953,258.53350830078125,0.004766946658492
tile_r018787_c010083,3,24.691722869873047,409.3665466308594,69.28621673583984,459.316162109375,0.0046144146472215
tile_r018787_c010083,3,182.7320709228516,1.1778472661972046,240.084716796875,15.678686141967772,0.0044608861207962
tile_r018787_c010083,3,183.8602294921875,471.3195190429688,244.2515869140625,515.7542724609375,0.0041667944751679
tile_r018787_c010083,3,46.59563064575195,461.8255310058594,128.22494506835938,518.5130615234375,0.0041658286936581
tile_r018787_c010083,3,259.8815002441406,500.03509521484375,282.1070251464844,512.941162109375,0.0037293701898306
tile_r018787_c010083,3,170.70660400390625,-1.865264892578125,236.8818817138672,36.79447555541992,0.0037090249825268
tile_r018787_c010083,3,7.549853324890137,113.1704330444336,39.91194915771485,150.55874633789062,0.0033914523664861
tile_r018787_c010083,3,92.03787994384766,515.5597534179688,155.74444580078125,524.7999877929688,0.0030875953380018
tile_r018787_c010083,3,120.6288070678711,503.3790893554688,168.3527069091797,512.6150512695312,0.0029928118456155
tile_r018787_c010083,3,413.6122131347656,35.05133056640625,450.1133728027344,66.40193939208984,0.0029892567545175
tile_r018787_c010083,3,113.54847717285156,500.2683715820313,169.66761779785156,513.2086181640625,0.0028037999290972
tile_r018787_c010083,3,-0.2856430113315582,-0.9691162109375,32.617958068847656,13.777600288391112,0.0027460623532533
tile_r018787_c010083,3,56.96620941162109,-2.448917388916016,99.89997863769533,6.394906520843506,0.0027240952476859
tile_r018787_c010083,3,3.547216892242432,-0.5734626650810242,24.414386749267575,12.966662406921388,0.0026644088793545
tile_r018787_c010083,3,96.7557144165039,512.3389892578125,174.57235717773438,521.8155517578125,0.002373238094151
tile_r018787_c010083,3,68.47724914550781,480.8619995117188,119.63972473144533,511.8741149902344,0.002359390258789
tile_r018787_c010083,3,176.10536193847656,-12.800000190734863,240.0968780517578,15.34625244140625,0.00235016644001
tile_r018787_c010083,3,292.7716064453125,505.6648559570313,355.32635498046875,512.9515380859375,0.0021709112916141
tile_r018787_c010083,3,57.1864013671875,513.9892578125,147.0790252685547,518.3975830078125,0.00215351046063
tile_r018787_c010083,3,179.1319580078125,405.3425903320313,214.32449340820312,443.0380859375,0.0021319806110113
tile_r018787_c010083,3,252.95687866210935,497.9022521972656,282.6607971191406,512.9505004882812,0.0020397885236889
tile_r018787_c010083,3,42.59423828125,205.771484375,94.8145980834961,254.3636779785156,0.0019795321859419
tile_r018787_c010083,3,176.5712127685547,473.8212890625,240.3548126220703,522.7722778320312,0.0018894864479079
tile_r018787_c010083,3,191.6170654296875,1.0959991216659546,252.9442138671875,15.07179832458496,0.0018125311471521
tile_r018787_c010083,3,170.4569091796875,-12.50951099395752,231.6634521484375,6.162501335144043,0.0017619685968384
tile_r018787_c010083,3,256.68634033203125,500.6898498535156,292.7608337402344,513.27294921875,0.0017373436130583
tile_r018787_c010083,3,209.3842010498047,513.8478393554688,272.2787475585937,524.7999877929688,0.0017331335693597
tile_r018787_c010083,3,174.65371704101562,522.1644287109375,243.4304656982422,524.7999877929688,0.0016836805734783
tile_r018787_c010083,3,-6.906988620758057,-12.800000190734863,57.23152923583984,4.577369689941406,0.001659759087488
tile_r018787_c010083,3,95.3639678955078,519.6921997070312,163.14599609375,524.7999877929688,0.0016420807223767
tile_r018787_c010083,3,40.5278434753418,-3.493908643722534,117.09855651855467,64.12013244628906,0.0016395843122154
tile_r018787_c010083,3,240.49398803710935,521.8307495117188,304.087158203125,524.7999877929688,0.0016181360697373
tile_r018787_c010083,3,188.1211395263672,462.513671875,256.1802673339844,513.2159423828125,0.0015904057072475
tile_r018787_c010083,3,107.1519546508789,226.9927215576172,134.11825561523438,252.927001953125,0.0015725573757663
tile_r018787_c010083,3,55.182373046875,5.92947244644165,106.35951232910156,49.89907836914063,0.001549667562358
tile_r018787_c010083,3,303.718505859375,504.9622192382813,362.2623596191406,513.0584716796875,0.0015293705509975
tile_r018787_c010083,3,278.2982788085937,72.79794311523438,353.47491455078125,157.12612915039062,0.0015181943308562
tile_r018787_c010083,3,459.3526306152344,520.8875122070312,522.9017333984375,524.7999877929688,0.0015073366230353
tile_r018787_c010083,3,230.1737823486328,423.7445373535156,257.8406677246094,447.8121032714844,0.0015001397114247
tile_r018787_c010083,3,113.6947250366211,521.7311401367188,179.5380859375,524.7999877929688,0.0014992892974987
tile_r018787_c010083,3,118.15763854980467,514.9927978515625,168.1744384765625,523.9915771484375,0.0014892535982653
tile_r018787_c010083,3,419.5433654785156,162.37075805664062,495.203125,230.6919860839844,0.0014757701428607
tile_r018787_c010083,3,334.4710998535156,-4.080804347991943,464.267578125,87.40872192382812,0.0014730406692251
tile_r018787_c010083,3,133.0939178466797,483.4112243652344,173.6231231689453,511.4085083007813,0.0014552029315382
tile_r018787_c010083,3,244.24075317382807,515.1428833007812,287.36749267578125,523.9054565429688,0.0014288973761722
tile_r018787_c010083,3,75.84576416015625,520.1281127929688,146.07742309570312,524.7999877929688,0.0014254384441301
tile_r018787_c010083,3,237.1167449951172,522.8018798828125,298.2198791503906,524.7999877929688,0.0014210158260539
tile_r018787_c010083,3,386.2208862304688,519.4180908203125,448.9441528320313,524.7999877929688,0.001412630197592
tile_r018787_c010083,3,163.11880493164062,507.8834533691406,239.29623413085935,524.7999877929688,0.0013745687901973
tile_r018787_c010083,3,32.42877197265625,204.3166046142578,90.66639709472656,263.9466857910156,0.0013741224538534
tile_r018787_c010083,3,116.2844467163086,482.3493041992188,169.969970703125,512.7950439453125,0.0013575596967712
tile_r018787_c010083,3,57.74992752075195,0.0829406753182411,103.9634017944336,21.009387969970703,0.0013363767648115
tile_r018787_c010083,3,194.4913024902344,-12.800000190734863,271.9189453125,0.6032211184501648,0.0013056551106274
tile_r018787_c010083,3,110.29997253417967,-12.284271240234377,189.34445190429688,1.3251510858535769,0.00129659648519
tile_r018787_c010083,3,174.28549194335938,-12.800000190734863,251.728515625,2.2998688220977783,0.0012822223361581
tile_r018787_c010083,3,49.111610412597656,-3.745307922363281,97.9418487548828,6.715644836425781,0.001277829054743
tile_r018787_c010083,3,181.0908203125,-4.511815071105957,252.2080993652344,11.036561965942385,0.0012561955954879
tile_r018787_c010083,3,30.564661026000977,225.86801147460935,108.8257827758789,324.3954162597656,0.0012456598924472
tile_r018787_c010083,3,159.1304931640625,-12.800000190734863,225.5118865966797,-7.134457588195801,0.0012377522652968
tile_r018787_c010083,3,430.6798706054688,43.22492599487305,448.0062561035156,59.823387145996094,0.0012349695898592
tile_r018787_c010083,3,450.6617126464844,519.5227661132812,518.7972412109375,524.7999877929688,0.0012269011931493
tile_r018787_c010083,3,145.7842559814453,515.8173217773438,208.1363067626953,524.7999877929688,0.0012073427205905
tile_r018787_c010083,3,406.9991149902344,24.15389442443848,454.93505859375,67.47288513183594,0.0012061323504894
tile_r018787_c010083,3,-3.119305372238159,104.65126037597656,51.14872360229492,161.50527954101562,0.0011894023045897
tile_r018787_c010083,3,298.046875,159.3598175048828,378.5562438964844,253.639892578125,0.0011834297329187
tile_r018787_c010083,3,364.861572265625,230.3527374267578,426.70062255859375,297.31982421875,0.0011629936052486
tile_r018787_c010083,3,159.7808837890625,522.6541137695312,233.4107666015625,524.7999877929688,0.0011550681665539
tile_r018787_c010083,3,256.60919189453125,514.9160766601562,309.4142150878906,523.8534545898438,0.0011495256330817
tile_r018787_c010083,3,0.3774642944335937,-12.800000190734863,43.59267425537109,5.5393266677856445,0.0011319876648485
tile_r018787_c010083,3,325.71636962890625,229.8724670410156,401.8107299804688,310.473388671875,0.0011177309788763
tile_r018787_c010083,3,291.1556091308594,520.848876953125,354.1355895996094,524.7999877929688,0.0011154360836371
tile_r018787_c010083,3,3.3993773460388184,-12.800000190734863,84.94429016113281,0.5770538449287415,0.0011117247631773
tile_r018787_c010083,3,103.49153137207033,227.47171020507807,123.4603271484375,251.4361114501953,0.0010836847359314
tile_r018787_c010083,3,252.2910614013672,514.8135986328125,297.85565185546875,523.49853515625,0.0010793287074193
tile_r018787_c010083,3,380.567626953125,236.1315155029297,406.1072387695313,257.1156616210937,0.0010716399410739
tile_r018787_c010083,3,-0.0312393195927143,-12.800000190734863,35.832618713378906,9.588958740234377,0.0010693728690966
tile_r018787_c010083,3,414.8902893066406,519.48876953125,481.26654052734375,524.7999877929688,0.0010559759102761
tile_r018787_c010083,3,212.0466766357422,0.6896148920059204,259.6781311035156,14.677050590515137,0.0010540049988776
tile_r018787_c010083,3,397.7326049804688,518.7955932617188,461.3294067382813,524.7999877929688,0.0010473171714693
tile_r018787_c010083,3,199.9302673339844,156.75808715820312,220.0368194580078,175.0074005126953,0.0010455581359565
tile_r018787_c010083,3,401.3110961914063,411.4739379882813,479.0314025878906,497.1573181152344,0.0010419496102258
tile_r018787_c010083,3,407.0535278320313,20.9788818359375,470.9853515625,91.85943603515624,0.0010407060617581
tile_r018787_c010083,3,362.7493286132813,520.8278198242188,424.2376403808594,524.7999877929688,0.0010391576215624
tile_r018787_c010083,3,264.37615966796875,515.327880859375,326.8428649902344,524.3721923828125,0.0010365038178861
tile_r018787_c010083,3,22.9764461517334,401.6495971679688,78.04766082763672,455.7218627929688,0.0010338657302781
tile_r018787_c010083,3,34.60710525512695,512.1776123046875,104.18370056152344,524.7999877929688,0.001029941253364
tile_r018787_c010083,3,-2.483569383621216,-6.917658805847168,63.57008743286133,8.80677318572998,0.0010073501616716
tile_r018787_c010083,3,133.69509887695312,-0.2629097104072571,185.15286254882807,14.524065971374512,0.001005808240734
tile_r018787_c010083,3,131.2958984375,516.2145385742188,180.2928771972656,523.9945068359375,0.0010037375614047
tile_r018787_c010339,3,317.3846130371094,214.9836883544922,371.5548400878906,263.70037841796875,0.811104953289032
tile_r018787_c010339,3,341.40557861328125,132.2089385986328,392.4664916992188,181.0270233154297,0.799355685710907
tile_r018787_c010339,3,435.7583923339844,241.3357391357422,476.56689453125,281.63592529296875,0.7851675748825073
tile_r018787_c010339,3,100.6989517211914,127.3919677734375,152.4711151123047,172.2210235595703,0.7728475332260132
tile_r018787_c010339,3,442.8706970214844,461.25189208984375,501.8384704589844,512.5347290039062,0.7577444911003113
tile_r018787_c010339,3,170.32955932617188,168.1981658935547,225.68777465820312,212.6875915527344,0.7407619953155518
tile_r018787_c010339,3,402.3760681152344,337.0492248535156,475.85498046875,421.13519287109375,0.7348020076751709
tile_r018787_c010339,3,414.3085021972656,104.7332763671875,456.4002990722656,149.22018432617188,0.7337966561317444
tile_r018787_c010339,3,267.1922302246094,249.1661834716797,311.5565795898437,286.9397277832031,0.7254016399383545
tile_r018787_c010339,3,290.19464111328125,354.0087585449219,328.66558837890625,391.5823059082031,0.6942546963691711
tile_r018787_c010339,3,472.2392578125,289.32891845703125,506.1078186035156,320.66241455078125,0.5045647621154785
tile_r018787_c010339,3,293.0762634277344,461.1937561035156,330.68536376953125,495.8404235839844,0.4764964878559112
tile_r018787_c010339,3,351.6527099609375,44.2962646484375,386.2814636230469,77.6100845336914,0.2981226146221161
tile_r018787_c010339,3,489.881591796875,385.95068359375,512.2073974609375,413.4150390625,0.2973224222660064
tile_r018787_c010339,3,469.0923461914063,285.3429260253906,511.432373046875,327.22808837890625,0.1772761046886444
tile_r018787_c010339,3,263.89898681640625,244.8022003173828,315.2128295898437,292.2211303710937,0.0656875222921371
tile_r018787_c010339,3,473.8546752929688,292.16162109375,502.30078125,316.28533935546875,0.040777463465929
tile_r018787_c010339,3,421.4542846679688,370.6466674804688,464.3351440429688,411.5962829589844,0.0295173171907663
tile_r018787_c010339,3,412.0892639160156,349.53564453125,464.6193237304688,413.03173828125,0.0194125585258007
tile_r018787_c010339,3,166.00059509277344,161.80810546875,231.6886749267578,217.4793243408203,0.0194087326526641
tile_r018787_c010339,3,412.2943420410156,339.558837890625,452.3504028320313,379.6646118164063,0.0190822072327137
tile_r018787_c010339,3,172.834228515625,171.4847869873047,219.5599670410156,207.4750213623047,0.0112467454746365
tile_r018787_c010339,3,449.8968811035156,464.6339721679688,495.4119262695313,509.603515625,0.0105633297935128
tile_r018787_c010339,3,487.8497924804688,382.5265197753906,514.3551025390625,416.39068603515625,0.0102981813251972
tile_r018787_c010339,3,405.2528381347656,337.97271728515625,458.1044006347656,386.6424255371094,0.0100588053464889
tile_r018787_c010339,3,346.0967712402344,38.33160018920898,389.4871520996094,82.70530700683594,0.0077750603668391
tile_r018787_c010339,3,419.8536987304688,107.9394760131836,453.4017639160156,145.7967987060547,0.0068111983127892
tile_r018787_c010339,3,432.7417907714844,236.30697631835935,480.6133728027344,286.6185913085937,0.0064282333478331
tile_r018787_c010339,3,443.5122985839844,503.6880798339844,488.4286193847656,512.5697021484375,0.0061099720187485
tile_r018787_c010339,3,269.37164306640625,251.29898071289065,305.44256591796875,282.5172424316406,0.0059394049458205
tile_r018787_c010339,3,284.37042236328125,347.1888732910156,333.72479248046875,398.1135864257813,0.0056226137094199
tile_r018787_c010339,3,179.304443359375,173.3555908203125,226.6236267089844,209.9580993652344,0.0048482525162398
tile_r018787_c010339,3,320.28497314453125,217.9917755126953,365.22467041015625,258.22430419921875,0.0043368623591959
tile_r018787_c010339,3,429.76611328125,374.21044921875,463.0596618652344,407.0726013183594,0.0034327832981944
tile_r018787_c010339,3,344.8951721191406,136.8428192138672,386.02349853515625,177.29653930664062,0.003309937659651
tile_r018787_c010339,3,409.1863403320313,99.7083511352539,461.9150390625,154.9707489013672,0.0032429366838186
tile_r018787_c010339,3,437.0162658691406,451.8860473632813,507.762451171875,518.1803588867188,0.0031408660579472
tile_r018787_c010339,3,313.18487548828125,207.4478454589844,377.3977355957031,269.0482482910156,0.0031174393370747
tile_r018787_c010339,3,288.7320251464844,458.730224609375,336.42254638671875,503.3265075683594,0.0029274497646838
tile_r018787_c010339,3,287.8882751464844,98.0327606201172,316.8135681152344,118.1923370361328,0.0028903048951178
tile_r018787_c010339,3,157.24411010742188,34.771080017089844,196.2588348388672,66.40666198730469,0.0027443338185548
tile_r018787_c010339,3,428.4907836914063,469.9312438964844,507.3885192871094,524.5931396484375,0.0022213431075215
tile_r018787_c010339,3,42.530067443847656,505.0868225097656,102.5142059326172,513.0694580078125,0.0021524911280721
tile_r018787_c010339,3,302.2537536621094,-12.763769149780272,377.4842224121094,1.864041090011597,0.0020494177006185
tile_r018787_c010339,3,432.6421813964844,514.3687744140625,514.6419677734375,518.4063720703125,0.0020389326382428
tile_r018787_c010339,3,294.8099060058594,356.793212890625,325.82305908203125,388.01068115234375,0.0020362148061394
tile_r018787_c010339,3,510.6500854492188,374.636962890625,521.3946533203125,418.0579223632813,0.0020258817821741
tile_r018787_c010339,3,297.3248596191406,521.192138671875,365.1319274902344,524.7999877929688,0.0019864274654537
tile_r018787_c010339,3,168.59259033203125,43.86735916137695,189.26068115234372,59.86088943481445,0.0018208259716629
tile_r018787_c010339,3,416.7242126464844,513.1265869140625,499.2522583007813,516.4968872070312,0.0017367787659168
tile_r018787_c010339,3,-12.800000190734863,521.0891723632812,46.33715057373047,524.7999877929688,0.0017316408921033
tile_r018787_c010339,3,409.1873168945313,521.3998413085938,484.0964965820313,524.7999877929688,0.001727532595396
tile_r018787_c010339,3,497.9016723632813,361.8443908691406,522.0823364257812,429.2699279785156,0.0017118401592597
tile_r018787_c010339,3,199.0765686035156,519.3316650390625,265.08935546875,524.7999877929688,0.0016963797388598
tile_r018787_c010339,3,1.723727464675903,498.0230407714844,31.42514991760254,513.6832275390625,0.0016593515174463
tile_r018787_c010339,3,151.1925506591797,25.28230857849121,198.93728637695312,68.05352783203125,0.0016520221251994
tile_r018787_c010339,3,299.2483215332031,516.3431396484375,365.4527587890625,524.30078125,0.0016471847193315
tile_r018787_c010339,3,427.97119140625,513.47900390625,511.6260681152344,517.0442504882812,0.0016325876349583
tile_r018787_c010339,3,264.17889404296875,519.8841552734375,332.73077392578125,524.7999877929688,0.0015635413583368
tile_r018787_c010339,3,402.6292114257813,520.5382080078125,478.7850646972656,524.7999877929688,0.0015551204560324
tile_r018787_c010339,3,285.00732421875,342.1139221191406,342.54180908203125,408.4970703125,0.0015432988293468
tile_r018787_c010339,3,324.13653564453125,-1.0314819812774658,373.489501953125,13.505267143249512,0.0015432017389684
tile_r018787_c010339,3,129.89126586914062,519.4913940429688,194.0140838623047,524.7999877929688,0.0015083639882504
tile_r018787_c010339,3,29.960315704345703,504.4542846679688,96.27420806884766,513.326171875,0.0014786418760195
tile_r018787_c010339,3,312.5335388183594,-1.3499244451522827,360.560791015625,13.075851440429688,0.0014341009082272
tile_r018787_c010339,3,280.2613220214844,521.3297729492188,356.00030517578125,524.7999877929688,0.0014116632519289
tile_r018787_c010339,3,359.14996337890625,-1.0064796209335327,419.6783752441406,12.883560180664062,0.001395377330482
tile_r018787_c010339,3,285.839111328125,455.5861206054688,344.09674072265625,510.6767578125,0.001386463874951
tile_r018787_c010339,3,485.95263671875,339.52056884765625,518.15283203125,420.17431640625,0.0013715423410758
tile_r018787_c010339,3,442.1807556152344,500.7868041992188,480.0158081054688,512.85791015625,0.0013696724781766
tile_r018787_c010339,3,410.7819213867188,511.8985290527344,491.9948120117188,516.5003051757812,0.0013686318416148
tile_r018787_c010339,3,286.9945678710937,502.7913208007813,356.8185119628906,513.8405151367188,0.0013677711831405
tile_r018787_c010339,3,437.9783325195313,514.8846435546875,517.4617309570312,520.1463623046875,0.0013635240029543
tile_r018787_c010339,3,158.41668701171875,519.5110473632812,226.783203125,524.7999877929688,0.0013458540197461
tile_r018787_c010339,3,211.00845336914065,518.6920776367188,276.80987548828125,524.7999877929688,0.0013331508962437
tile_r018787_c010339,3,513.6941528320312,431.4685974121094,523.9695434570312,487.46197509765625,0.0013204932911321
tile_r018787_c010339,3,36.595096588134766,521.5397338867188,98.0567626953125,524.7999877929688,0.0012753455666825
tile_r018787_c010339,3,511.0255432128906,509.03515625,524.3321533203125,524.7999877929688,0.0012721415841951
tile_r018787_c010339,3,141.3051300048828,518.840576171875,206.76513671875,524.7999877929688,0.001239790697582
tile_r018787_c010339,3,333.1090393066406,124.0585479736328,401.4552612304688,189.3854522705078,0.0012378920800983
tile_r018787_c010339,3,349.56658935546875,-0.6339172124862671,385.5672912597656,13.487838745117188,0.0012321544345468
tile_r018787_c010339,3,513.4070434570312,456.0927734375,523.9984130859375,517.1513671875,0.0012179804034531
tile_r018787_c010339,3,430.70068359375,520.121826171875,505.35986328125,524.7999877929688,0.0012114627752453
tile_r018787_c010339,3,478.5787048339844,508.6210021972656,522.5797119140625,524.7999877929688,0.0012022382579743
tile_r018787_c010339,3,443.64947509765625,519.4933471679688,511.518798828125,524.7999877929688,0.0011885982239618
tile_r018787_c010339,3,444.89501953125,223.75247192382807,514.0360107421875,308.8051147460937,0.0011757217580452
tile_r018787_c010339,3,427.6685485839844,521.862060546875,499.9103393554688,524.7999877929688,0.0011664318153634
tile_r018787_c010339,3,342.3797302246094,33.901466369628906,395.58441162109375,88.19874572753906,0.0011579169658944
tile_r018787_c010339,3,463.011474609375,346.3306579589844,517.989990234375,423.3058166503906,0.0011549630435183
tile_r018787_c010339,3,298.93170166015625,465.0833129882813,329.4443359375,493.6703186035156,0.0011247921502217
tile_r018787_c010339,3,291.20294189453125,514.1248168945312,377.1768798828125,524.5394287109375,0.0011232851538807
tile_r018787_c010339,3,354.96502685546875,-1.602654218673706,404.6921997070313,13.217480659484863,0.0011209725635126
tile_r018787_c010339,3,227.62094116210935,343.2757873535156,273.399658203125,390.2131958007813,0.00111100228969
tile_r018787_c010339,3,443.6543884277344,244.30636596679688,475.2203063964844,279.31671142578125,0.0010938200866803
tile_r018787_c010339,3,311.69171142578125,-12.800000190734863,393.4674987792969,1.6389312744140625,0.001085861120373
tile_r018787_c010339,3,106.75733947753906,520.8136596679688,168.94461059570312,524.7999877929688,0.0010837658774107
tile_r018787_c010339,3,258.925537109375,238.38754272460935,323.79034423828125,306.5950622558594,0.0010782228782773
tile_r018787_c010339,3,421.1034240722656,516.2388916015625,485.12158203125,524.7999877929688,0.0010770828230306
tile_r018787_c010339,3,394.4426879882813,332.62139892578125,482.0462036132813,435.0017700195313,0.0010724028106778
tile_r018787_c010339,3,124.4430694580078,520.5594482421875,187.552978515625,524.7999877929688,0.0010717700934037
tile_r018787_c010339,3,488.2373046875,388.40826416015625,508.4627075195313,410.93548583984375,0.0010700846323743
tile_r018787_c010339,3,406.2771606445313,-12.800000190734863,478.5431518554688,2.301866054534912,0.0010696907993406
tile_r018787_c010339,3,50.03173828125,75.25875854492188,96.08634185791016,138.78347778320312,0.0010667913593351
tile_r018787_c010339,3,511.188232421875,376.1623229980469,524.5684814453125,426.0974731445313,0.0010637468658387
tile_r018787_c010339,3,312.1864318847656,521.6747436523438,381.9387817382813,524.7999877929688,0.0010596758220344
tile_r018787_c010339,3,184.44021606445312,518.8600463867188,254.24365234375,524.7999877929688,0.0010583184193819
tile_r018787_c010339,3,22.39358901977539,514.5074462890625,84.35833740234375,524.4215087890625,0.0010484667727723
tile_r018787_c010339,3,356.6042785644531,162.30303955078125,384.3188171386719,178.68890380859375,0.0010452937567606
tile_r018787_c010339,3,360.2891540527344,-12.800000190734863,443.8800659179688,2.0084457397460938,0.0010214666835963
tile_r018787_c010339,3,420.0368041992188,522.5301513671875,493.3706970214844,524.7999877929688,0.0010201338445767
tile_r018787_c010339,3,340.88055419921875,21.17414283752441,394.4928588867188,77.93525695800781,0.0010178573429584
tile_r018787_c010339,3,504.83251953125,273.923828125,523.8426513671875,334.63409423828125,0.001016961177811
tile_r018787_c010339,3,404.5267028808594,510.8330993652344,485.485107421875,519.0186767578125,0.0010098239872604
tile_r018787_c010339,3,306.75146484375,-6.567556858062744,366.9647521972656,7.443432807922363,0.001009770669043
tile_r018787_c010339,3,249.9975128173828,519.21923828125,317.5235900878906,524.7999877929688,0.0010087797418236
tile_r018787_c010595,3,450.8540954589844,132.4197998046875,508.2673950195313,190.2761993408203,0.8265557289123535
tile_r018787_c010595,3,61.176368713378906,214.8146514892578,115.7900390625,263.91424560546875,0.8125970363616943
tile_r018787_c010595,3,85.55134582519531,131.96603393554688,136.25979614257812,181.32620239257807,0.8022994995117188
tile_r018787_c010595,3,179.8248748779297,241.3714141845703,220.2757110595703,281.48712158203125,0.7853817939758301
tile_r018787_c010595,3,187.7869110107422,461.3104553222656,245.595947265625,512.5625,0.7735088467597961
tile_r018787_c010595,3,233.1863250732422,386.4151306152344,270.544677734375,416.1820373535156,0.7566431760787964
tile_r018787_c010595,3,158.0240478515625,104.3968505859375,200.60525512695312,149.6187744140625,0.7304269075393677
tile_r018787_c010595,3,424.8811645507813,70.2080307006836,473.9723510742188,121.1038589477539,0.7152096629142761
tile_r018787_c010595,3,146.6239776611328,337.0858764648437,219.771484375,420.6734924316406,0.7028758525848389
tile_r018787_c010595,3,10.510986328125,248.0995178222656,56.375099182128906,288.54327392578125,0.7006078362464905
tile_r018787_c010595,3,33.461421966552734,353.83380126953125,72.71369934082031,391.8566284179688,0.6885985732078552
tile_r018787_c010595,3,36.62685012817383,461.4129028320313,73.82620239257812,495.2052612304688,0.6276096105575562
tile_r018787_c010595,3,215.4406280517578,290.15118408203125,251.6976623535156,325.55987548828125,0.5482627749443054
tile_r018787_c010595,3,95.866455078125,44.422607421875,130.13186645507812,77.35148620605469,0.327061653137207
tile_r018787_c010595,3,216.9331512451172,291.14263916015625,248.09652709960935,317.829833984375,0.2141396701335907
tile_r018787_c010595,3,6.73712158203125,244.0487823486328,60.26507568359375,293.8216857910156,0.0980553925037384
tile_r018787_c010595,3,166.201904296875,370.8634643554688,207.8124084472656,410.9244995117188,0.0319970063865184
tile_r018787_c010595,3,147.82723999023438,337.23980712890625,213.07400512695312,400.7630920410156,0.0241983197629451
tile_r018787_c010595,3,156.42184448242188,339.5307006835937,196.1818389892578,379.31842041015625,0.0204446483403444
tile_r018787_c010595,3,239.31869506835935,389.6969604492188,270.00445556640625,413.3741149902344,0.0181743036955595
tile_r018787_c010595,3,156.60238647460938,350.4092712402344,208.3573760986328,412.1619262695313,0.0159655027091503
tile_r018787_c010595,3,212.0223693847656,286.42596435546875,255.3173828125,330.90093994140625,0.0152171840891242
tile_r018787_c010595,3,421.4473571777344,65.02201843261719,479.5165100097656,126.8326416015625,0.0130985993891954
tile_r018787_c010595,3,33.211875915527344,98.61167907714844,59.059364318847656,117.54032135009766,0.0123767592012882
tile_r018787_c010595,3,149.4040985107422,337.9093322753906,201.6375274658203,385.9947204589844,0.0104224830865859
tile_r018787_c010595,3,90.2767562866211,38.98078536987305,133.39791870117188,81.927490234375,0.0091281123459339
tile_r018787_c010595,3,194.095947265625,464.7520446777344,239.22250366210935,509.5774536132813,0.0090920627117156
tile_r018787_c010595,3,33.2798957824707,459.6317443847656,78.6094970703125,501.89013671875,0.0078875087201595
tile_r018787_c010595,3,188.06594848632807,503.8015747070313,232.08432006835935,512.4988403320312,0.0069457753561437
tile_r018787_c010595,3,496.1443481445313,29.070674896240234,514.8436279296875,76.14875793457031,0.0066233156248927
tile_r018787_c010595,3,176.8655548095703,236.3526306152344,224.1868438720703,286.40362548828125,0.0065134554170072
tile_r018787_c010595,3,163.79342651367188,107.8025894165039,197.4669189453125,146.02005004882812,0.0064855441451072
tile_r018787_c010595,3,27.740459442138672,347.3726501464844,77.56497192382812,398.0291137695313,0.0059680826961994
tile_r018787_c010595,3,152.7035675048828,99.46208190917967,205.6570281982422,155.2469482421875,0.004420350305736
tile_r018787_c010595,3,434.79095458984375,88.81858825683594,469.753662109375,117.74153137207033,0.0042482325807213
tile_r018787_c010595,3,64.07586669921875,217.83413696289065,109.30455017089844,258.437255859375,0.0040499004535377
tile_r018787_c010595,3,174.1370086669922,374.3777770996094,206.6001739501953,406.481689453125,0.0039739282801747
tile_r018787_c010595,3,440.8168029785156,93.97966003417967,468.826171875,117.3766632080078,0.0034587427508085
tile_r018787_c010595,3,29.09312438964844,416.2992248535156,69.37977600097656,451.8795776367188,0.0034462660551071
tile_r018787_c010595,3,462.95068359375,0.09521484375,518.9639892578125,14.030614852905272,0.0032838161569088
tile_r018787_c010595,3,56.93377685546875,207.1639709472656,121.7349853515625,269.2333984375,0.0031837909482419
tile_r018787_c010595,3,295.2626342773437,522.2879028320312,357.6081237792969,524.7999877929688,0.0031759024132043
tile_r018787_c010595,3,441.1874084472656,124.8498764038086,513.1866455078125,197.4332733154297,0.0025978090707212
tile_r018787_c010595,3,33.58172607421875,98.90838623046876,54.315185546875,113.93272399902344,0.0025974716991186
tile_r018787_c010595,3,496.81097412109375,39.70268630981445,513.0765380859375,73.4548110961914,0.0025772990193217
tile_r018787_c010595,3,226.3073272705078,379.4366149902344,277.2071228027344,423.9201049804688,0.0025374577380716
tile_r018787_c010595,3,45.94963455200195,-12.730741500854492,121.4529800415039,1.153080701828003,0.0023024114780128
tile_r018787_c010595,3,88.90634155273438,136.64865112304688,129.90756225585938,177.2512969970703,0.0022718042600899
tile_r018787_c010595,3,173.33694458007812,467.4835815429688,250.22390747070312,524.4767456054688,0.0022337352856993
tile_r018787_c010595,3,13.3402099609375,250.8708038330078,50.34356689453125,283.4229431152344,0.0022311725188046
tile_r018787_c010595,3,486.519287109375,27.47920227050781,515.6307373046875,83.0842514038086,0.0022042172495275
tile_r018787_c010595,3,434.0692443847656,-0.6281677484512329,493.8356323242188,14.873773574829102,0.0021069101057946
tile_r018787_c010595,3,442.4920043945313,-12.570730209350586,522.1613159179688,1.5038330554962158,0.0020854363683611
tile_r018787_c010595,3,384.0321960449219,-0.807080090045929,430.982421875,15.7758207321167,0.0020170365460217
tile_r018787_c010595,3,511.5638122558594,14.571660995483398,523.9254150390625,79.93659973144531,0.0018288375576958
tile_r018787_c010595,3,58.6762809753418,-0.5201400518417358,104.889892578125,12.669187545776367,0.0018131489632651
tile_r018787_c010595,3,95.0276107788086,0.0529876723885536,130.3688201904297,13.41626262664795,0.0017401376971974
tile_r018787_c010595,3,41.687599182128906,521.1647338867188,108.4405746459961,524.7999877929688,0.0017352128634229
tile_r018787_c010595,3,99.90153503417967,-0.841656506061554,150.13595581054688,13.027475357055664,0.0016684049041941
tile_r018787_c010595,3,70.73704528808594,-0.0997642502188682,118.16203308105467,13.17065715789795,0.0016305774915963
tile_r018787_c010595,3,324.7144470214844,518.6707763671875,393.3733520507813,524.7999877929688,0.0016248556785285
tile_r018787_c010595,3,428.43170166015625,72.65046691894531,460.2114868164063,101.6391143798828,0.0016187548171728
tile_r018787_c010595,3,41.98723220825195,516.4609375,109.53181457519533,524.32958984375,0.0016053352737799
tile_r018787_c010595,3,27.48760032653809,342.47393798828125,86.862060546875,408.2444763183594,0.0016038997564464
tile_r018787_c010595,3,161.58193969726562,513.2774658203125,240.6437530517578,515.9957275390625,0.0015767748700454
tile_r018787_c010595,3,433.3229064941406,79.18618774414062,470.6868591308594,117.947265625,0.0015751768369227
tile_r018787_c010595,3,42.68657684326172,465.37213134765625,72.54061889648438,493.15765380859375,0.0015739429509267
tile_r018787_c010595,3,350.7684020996094,518.4942626953125,417.235107421875,524.7999877929688,0.0015415605157613
tile_r018787_c010595,3,493.4006958007813,35.752079010009766,512.2418823242188,73.13505554199219,0.0015357512747868
tile_r018787_c010595,3,337.093017578125,413.6634826660156,366.4298400878906,443.5255737304688,0.0015339039964601
tile_r018787_c010595,3,14.547574043273926,519.4337158203125,86.11087799072266,524.7999877929688,0.0015324047999456
tile_r018787_c010595,3,186.5140380859375,500.4401245117188,223.79830932617188,512.7471923828125,0.0015104854246601
tile_r018787_c010595,3,-0.1215637177228927,238.08090209960935,70.12486267089844,309.0499572753906,0.0015014138771221
tile_r018787_c010595,3,108.2149887084961,-0.1410965025424957,164.8042755126953,12.647425651550291,0.0014837316703051
tile_r018787_c010595,3,304.100341796875,516.1896362304688,363.7325744628906,524.6109619140625,0.0014458004152402
tile_r018787_c010595,3,154.428466796875,521.5348510742188,226.1184539794922,524.7999877929688,0.0014442261308431
tile_r018787_c010595,3,445.31298828125,-0.5146263241767883,506.45751953125,13.901285171508787,0.0014186901971697
tile_r018787_c010595,3,24.658397674560547,521.06982421875,99.04510498046876,524.7999877929688,0.0014173432718962
tile_r018787_c010595,3,147.85433959960938,520.6719970703125,220.8629608154297,524.7999877929688,0.001412883051671
tile_r018787_c010595,3,30.54465675354004,455.4042053222656,87.6801528930664,510.6946411132813,0.0014083774294704
tile_r018787_c010595,3,513.5089721679688,101.3899383544922,523.8538818359375,157.6662139892578,0.0013995995977893
tile_r018787_c010595,3,87.84062957763672,34.52705383300781,138.86117553710938,87.4751205444336,0.0013680115807801
tile_r018787_c010595,3,505.310546875,24.629955291748047,524.2786865234375,84.8687515258789,0.0013470882549881
tile_r018787_c010595,3,310.7928161621094,519.6292114257812,382.30999755859375,524.7999877929688,0.0013328404165804
tile_r018787_c010595,3,439.4743041992188,-6.0618085861206055,502.4613342285156,7.398948669433594,0.0013326616026461
tile_r018787_c010595,3,3.8723998069763184,520.07861328125,66.8734130859375,524.7999877929688,0.0013121551601216
tile_r018787_c010595,3,104.2031707763672,-12.800000190734863,188.1980438232422,0.9793487787246704,0.001304694218561
tile_r018787_c010595,3,77.55058288574219,124.2525863647461,145.4032745361328,189.3843688964844,0.0012957834405824
tile_r018787_c010595,3,491.2933654785156,6.440771579742432,516.4410400390625,81.47198486328125,0.001268912339583
tile_r018787_c010595,3,224.3382873535156,304.3104553222656,246.3719787597656,325.5869140625,0.0012544732308015
tile_r018787_c010595,3,338.3954162597656,518.5479736328125,405.5514221191406,524.7999877929688,0.0012504779733717
tile_r018787_c010595,3,55.84143829345703,-12.800000190734863,137.74319458007812,1.0103271007537842,0.001246997853741
tile_r018787_c010595,3,199.5410614013672,513.91650390625,267.361083984375,524.7999877929688,0.0012375654187053
tile_r018787_c010595,3,155.47262573242188,511.8912963867188,235.1482696533203,516.1516723632812,0.001221097074449
tile_r018787_c010595,3,182.5738220214844,453.363525390625,253.1312561035156,519.232177734375,0.001214641961269
tile_r018787_c010595,3,175.64572143554688,514.5377197265625,258.42156982421875,517.8896484375,0.0011897842632606
tile_r018787_c010595,3,51.1447868347168,516.2427978515625,120.82481384277344,524.7427978515625,0.0011828435817733
tile_r018787_c010595,3,141.3016815185547,-12.726216316223145,218.2017364501953,1.080474853515625,0.001158996252343
tile_r018787_c010595,3,38.603614807128906,356.7291564941406,69.7369613647461,388.102294921875,0.0011581552680581
tile_r018787_c010595,3,166.99771118164062,516.0234375,230.52377319335935,524.7999877929688,0.0011472140904515
tile_r018787_c010595,3,279.5831604003906,514.2356567382812,363.3727416992188,523.6555786132812,0.0011400111252442
tile_r018787_c010595,3,130.0907440185547,470.9307556152344,168.7154998779297,506.6940307617188,0.0011377963237464
tile_r018787_c010595,3,24.782527923583984,-12.54401683807373,105.60298919677734,1.4562057256698608,0.0011313962750136
tile_r018787_c010595,3,187.8071136474609,244.3769989013672,219.11181640625,279.2806091308594,0.0011280790204182
tile_r018787_c010595,3,30.649463653564453,502.7826232910156,100.59334564208984,513.6837768554688,0.0011223978362977
tile_r018787_c010595,3,368.7086791992188,519.1295776367188,436.6935424804688,524.7999877929688,0.0010963415261358
tile_r018787_c010595,3,302.9532165527344,520.273193359375,366.34619140625,524.7999877929688,0.0010840615723282
tile_r018787_c010595,3,51.50250244140625,-5.942724704742432,111.23484802246094,5.747506618499756,0.0010809998493641
tile_r018787_c010595,3,312.6112365722656,515.2313232421875,383.6007385253906,524.7999877929688,0.0010802189353853
tile_r018787_c010595,3,218.2258758544922,516.8798828125,292.8355407714844,524.7999877929688,0.0010721423896029
tile_r018787_c010595,3,101.21142578125,162.42559814453125,128.35629272460938,178.71644592285156,0.0010636983206495
tile_r018787_c010595,3,281.40869140625,522.6392822265625,349.86962890625,524.7999877929688,0.0010563265532255
tile_r018787_c010595,3,315.3290405273437,235.72525024414065,335.6597900390625,254.3612365722656,0.0010440920013934
tile_r018787_c010595,3,452.2638549804688,-5.5269060134887695,513.3972778320312,7.428529262542725,0.0010374191915616
tile_r018787_c010595,3,56.39370727539063,521.6231689453125,125.778076171875,524.7999877929688,0.0010035731829702
tile_r018787_c010851,3,408.6004028320313,340.8316955566406,463.2765502929688,391.76214599609375,0.8006669878959656
tile_r018787_c010851,3,321.87530517578125,158.61148071289062,378.4200134277344,215.7059631347656,0.789237916469574
tile_r018787_c010851,3,195.2601318359375,132.8661346435547,250.71316528320312,189.7296142578125,0.7756312489509583
tile_r018787_c010851,3,241.98776245117188,35.95509719848633,291.28399658203125,87.54975128173828,0.7634371519088745
tile_r018787_c010851,3,401.7876892089844,461.0726623535156,446.6574096679688,501.4798889160156,0.7455180883407593
tile_r018787_c010851,3,298.8155212402344,429.4260864257813,343.64923095703125,469.8604431152344,0.7298119068145752
tile_r018787_c010851,3,168.9509735107422,70.32600402832031,217.4982452392578,120.8907699584961,0.7097866535186768
tile_r018787_c010851,3,374.6748962402344,44.885986328125,413.2590942382813,86.2166748046875,0.2231803387403488
tile_r018787_c010851,3,422.79052734375,250.41635131835935,465.0188598632813,290.4076538085937,0.1334209740161895
tile_r018787_c010851,3,0.4791717529296875,390.2882690429688,15.377304077148438,416.0874938964844,0.0991721749305725
tile_r018787_c010851,3,363.81103515625,42.37520599365234,415.4571228027344,94.6263427734375,0.0657295584678649
tile_r018787_c010851,3,295.3357849121094,425.7106323242188,347.4451599121094,475.6116333007813,0.0457798354327678
tile_r018787_c010851,3,189.80026245117188,127.4264144897461,259.79888916015625,198.37045288085935,0.0332638509571552
tile_r018787_c010851,3,416.53857421875,250.0835876464844,467.3176879882813,298.7510681152344,0.0144176762551069
tile_r018787_c010851,3,-4.0243682861328125,373.3538208007813,9.75527000427246,422.8043823242188,0.0131943570449948
tile_r018787_c010851,3,165.4235382080078,65.00697326660156,222.7879943847656,126.83079528808594,0.0129428897053003
tile_r018787_c010851,3,245.620361328125,38.97286224365234,285.13800048828125,79.27546691894531,0.0103132147341966
tile_r018787_c010851,3,314.16668701171875,502.4781188964844,375.2174682617188,512.9378051757812,0.0088666193187236
tile_r018787_c010851,3,301.3995666503906,432.4298400878906,338.65289306640625,465.4934997558594,0.0085353069007396
tile_r018787_c010851,3,1.2548065185546875,387.1828002929688,18.50321578979492,417.41552734375,0.0075513320043683
tile_r018787_c010851,3,397.76611328125,456.0066528320313,451.978515625,509.00390625,0.0062235537916421
tile_r018787_c010851,3,178.91107177734375,88.6307601928711,213.5834503173828,117.61759948730467,0.0047376975417137
tile_r018787_c010851,3,-4.042494297027588,385.7809448242188,9.191728591918944,419.3758850097656,0.0041936226189136
tile_r018787_c010851,3,185.0078582763672,93.93589782714844,212.7111358642578,117.16719818115234,0.004043293185532
tile_r018787_c010851,3,381.14154052734375,47.2951774597168,412.03131103515625,82.80946350097656,0.0039402549155056
tile_r018787_c010851,3,325.914306640625,167.7724151611328,367.844482421875,211.3944854736328,0.0034668203443288
tile_r018787_c010851,3,351.9901733398437,35.945838928222656,419.2503051757813,109.57185363769533,0.00345149054192
tile_r018787_c010851,3,317.1612548828125,152.5965576171875,385.05462646484375,220.8702850341797,0.0031837422866374
tile_r018787_c010851,3,39.1322021484375,522.3137817382812,102.06388092041016,524.7999877929688,0.0029967669397592
tile_r018787_c010851,3,300.7294006347656,503.8833618164063,369.8190307617188,512.8720092773438,0.0026802627835422
tile_r018787_c010851,3,-3.7211334705352783,360.3190002441406,6.859759330749512,423.15142822265625,0.0023803613148629
tile_r018787_c010851,3,345.6473083496094,161.30239868164062,372.946533203125,180.7024688720703,0.0022708047181367
tile_r018787_c010851,3,412.9689025878906,243.5728454589844,474.132568359375,307.75274658203125,0.0021958504803478
tile_r018787_c010851,3,204.536865234375,-0.3814117312431335,271.2601928710937,14.157049179077148,0.0021566408686339
tile_r018787_c010851,3,324.7967224121094,502.8897399902344,384.0563049316406,513.6790161132812,0.0021207591053098
tile_r018787_c010851,3,178.28549194335938,-1.0275580883026123,237.0861358642578,15.412243843078612,0.0020854829344898
tile_r018787_c010851,3,215.2584228515625,-0.5507659912109375,283.3107604980469,12.907278060913086,0.002015663543716
tile_r018787_c010851,3,331.1012268066406,160.96511840820312,374.82861328125,193.68966674804688,0.0020070613827556
tile_r018787_c010851,3,335.66796875,164.94900512695312,373.6997985839844,209.6992950439453,0.0019470128463581
tile_r018787_c010851,3,457.8204956054688,521.7651977539062,523.9656372070312,524.7999877929688,0.0019446939695626
tile_r018787_c010851,3,305.5040588378906,514.0083618164062,365.983154296875,523.6185913085938,0.0019401902100071
tile_r018787_c010851,3,403.9577026367188,335.72491455078125,470.8184509277344,397.901123046875,0.0018322538817301
tile_r018787_c010851,3,292.18682861328125,514.7334594726562,354.4159240722656,524.050537109375,0.0017868613358587
tile_r018787_c010851,3,95.1106414794922,518.6663818359375,162.51113891601562,524.7999877929688,0.0017617456614971
tile_r018787_c010851,3,422.13427734375,518.90185546875,488.7384643554688,524.7999877929688,0.0017521071713417
tile_r018787_c010851,3,315.9833068847656,513.9127197265625,374.7537231445313,523.2401123046875,0.0017201540758833
tile_r018787_c010851,3,68.86065673828125,518.7882080078125,138.15325927734375,524.7999877929688,0.0017051281174644
tile_r018787_c010851,3,290.4223022460937,508.8208923339844,379.5458984375,521.2361450195312,0.0017029582522809
tile_r018787_c010851,3,127.5863800048828,-1.3589317798614502,174.1991424560547,16.092050552368164,0.001642778981477
tile_r018787_c010851,3,439.5140686035156,513.8073120117188,521.7498779296875,524.6178588867188,0.0016202572733163
tile_r018787_c010851,3,231.3841857910156,-0.4569694399833679,294.38641357421875,12.711614608764648,0.0016031998675316
tile_r018787_c010851,3,172.5050811767578,72.72596740722656,203.8802795410156,101.3565902709961,0.0016002358170226
tile_r018787_c010851,3,180.93212890625,518.456787109375,245.52182006835935,524.7999877929688,0.0015847847098484
tile_r018787_c010851,3,245.788818359375,-1.0353577136993408,304.7779846191406,13.610849380493164,0.0015734379412606
tile_r018787_c010851,3,259.3026733398437,522.5949096679688,327.97052001953125,524.7999877929688,0.0015654989983886
tile_r018787_c010851,3,404.9500122070313,464.3253784179688,440.1843872070313,497.9964904785156,0.0014903927221894
tile_r018787_c010851,3,245.1326141357422,30.963123321533203,304.2105407714844,92.94602966308594,0.0014726318186149
tile_r018787_c010851,3,190.48794555664065,517.4962158203125,257.7532653808594,524.7999877929688,0.0014550234191119
tile_r018787_c010851,3,179.8546600341797,-6.159216403961182,241.0499267578125,7.712811470031738,0.0014283409109339
tile_r018787_c010851,3,305.384765625,521.1535034179688,374.2625427246094,524.7999877929688,0.0014230682281777
tile_r018787_c010851,3,251.28353881835935,522.1239013671875,322.6101989746094,524.7999877929688,0.0014095864025875
tile_r018787_c010851,3,429.7686462402344,515.5579223632812,494.1217651367188,524.6975708007812,0.0013952624285593
tile_r018787_c010851,3,415.63525390625,515.6783447265625,480.1039123535156,524.3489990234375,0.0013796751154586
tile_r018787_c010851,3,48.322227478027344,516.1529541015625,108.42578125,524.6296997070312,0.0013657620875164
tile_r018787_c010851,3,438.7715759277344,33.619956970214844,485.7730407714844,88.28376770019531,0.0013567390851676
tile_r018787_c010851,3,82.38069152832031,518.5637817382812,150.8260040283203,524.7999877929688,0.0013480302877724
tile_r018787_c010851,3,112.6979751586914,519.1012573242188,182.42678833007807,524.7999877929688,0.0013462641509249
tile_r018787_c010851,3,55.26787567138672,519.816162109375,127.2024917602539,524.7999877929688,0.0013440441107377
tile_r018787_c010851,3,335.9916076660156,513.5975341796875,397.3029174804688,524.5047607421875,0.0013423982309177
tile_r018787_c010851,3,267.15118408203125,522.0872802734375,335.5298767089844,524.7999877929688,0.0013313953531906
tile_r018787_c010851,3,398.5999145507813,503.9171752929688,457.3297729492188,511.9216918945313,0.0013098625931888
tile_r018787_c010851,3,461.7203063964844,266.895751953125,516.7546997070312,351.677001953125,0.001308855600655
tile_r018787_c010851,3,360.1561584472656,514.7967529296875,419.0159301757813,524.7999877929688,0.0012751615140587
tile_r018787_c010851,3,442.70849609375,520.4782104492188,514.22216796875,524.7999877929688,0.0012725034030154
tile_r018787_c010851,3,284.0269775390625,515.0543823242188,340.5827941894531,524.1026611328125,0.0012717000208795
tile_r018787_c010851,3,165.29928588867188,518.9947509765625,232.8563690185547,524.7999877929688,0.0012714789481833
tile_r018787_c010851,3,444.5192260742188,516.1793823242188,514.5081176757812,524.7999877929688,0.0012436901452019
tile_r018787_c010851,3,126.3930206298828,518.7369384765625,196.27816772460935,524.7999877929688,0.0012362241977825
tile_r018787_c010851,3,-10.207552909851074,374.6869201660156,16.0064754486084,419.8385620117188,0.0012318944791331
tile_r018787_c010851,3,189.9498748779297,-1.018531084060669,248.2620391845703,14.163141250610352,0.0011811441509053
tile_r018787_c010851,3,379.2145080566406,515.8097534179688,437.3023071289063,524.462890625,0.0011665418278425
tile_r018787_c010851,3,0.7434936761856079,381.8766174316406,22.292675018310547,417.4557189941406,0.0011580813443288
tile_r018787_c010851,3,230.27456665039065,520.41650390625,295.3124389648437,524.7999877929688,0.0011524118017405
tile_r018787_c010851,3,47.21965408325195,520.3028564453125,111.4227523803711,524.7999877929688,0.0011336834868416
tile_r018787_c010851,3,57.19561767578125,515.51953125,128.47805786132812,524.7999877929688,0.0011250189272686
tile_r018787_c010851,3,445.4226684570313,501.4254760742188,510.6487426757813,513.8782348632812,0.0011211722157895
tile_r018787_c010851,3,407.785400390625,519.8143310546875,475.9977111816406,524.7999877929688,0.0011191453086212
tile_r018787_c010851,3,271.5992126464844,520.5413208007812,343.9385681152344,524.7999877929688,0.0011053933994844
tile_r018787_c010851,3,202.6157989501953,518.5001220703125,269.70611572265625,524.7999877929688,0.0011028763838112
tile_r018787_c010851,3,410.2119140625,172.91018676757812,480.1802673339844,245.9851837158203,0.0010985295521095
tile_r018787_c010851,3,188.7144317626953,379.7437133789063,251.6071014404297,452.4563903808594,0.0010926874820142
tile_r018787_c010851,3,61.81435394287109,236.0873107910156,80.30076599121094,254.3054656982422,0.0010900835040956
tile_r018787_c010851,3,509.99993896484375,-12.800000190734863,524.693603515625,9.69257640838623,0.001076437649317
tile_r018787_c010851,3,240.15219116210935,512.7268676757812,333.9202575683594,524.7999877929688,0.0010699817212298
tile_r018787_c010851,3,162.0656280517578,42.98981857299805,233.061767578125,106.0644760131836,0.0010497055482119
tile_r018787_c010851,3,461.8621215820313,516.6145629882812,521.3695068359375,524.7999877929688,0.0010457454482093
tile_r018787_c010851,3,23.869922637939453,514.2195434570312,107.4318618774414,523.7021484375,0.0010418756864964
tile_r018787_c010851,3,384.9880065917969,513.991455078125,466.7575073242188,518.2657470703125,0.0010341721354052
tile_r018787_c010851,3,357.49920654296875,521.5123901367188,419.2571716308594,524.7999877929688,0.0010306225158274
tile_r018787_c010851,3,216.1363220214844,519.0156860351562,284.196044921875,524.7999877929688,0.0010289885103702
tile_r018787_c010851,3,463.7106323242188,284.94757080078125,508.4876098632813,342.8687438964844,0.0010252626379951
tile_r018787_c010851,3,380.45404052734375,519.0687255859375,451.7742614746094,524.7999877929688,0.0010079997591674
tile_r018787_c010851,3,151.9549560546875,519.2696533203125,221.0853271484375,524.7999877929688,0.0010023094946518
tile_r018787_c011107,3,370.0523071289063,20.72490882873535,434.9349060058594,74.09895324707031,0.8131275177001953
tile_r018787_c011107,3,152.5887908935547,340.73162841796875,207.13058471679688,391.8661193847656,0.8016325831413269
tile_r018787_c011107,3,65.8675765991211,158.6145477294922,122.5098876953125,215.7316436767578,0.7892991304397583
tile_r018787_c011107,3,463.6304626464844,155.8272705078125,510.884765625,197.1993103027344,0.758112370967865
tile_r018787_c011107,3,145.80101013183594,461.00048828125,190.67071533203125,501.48583984375,0.7446175813674927
tile_r018787_c011107,3,42.56293869018555,429.3540954589844,87.54551696777344,469.8308715820313,0.7262142300605774
tile_r018787_c011107,3,-1.613250732421875,37.25598907470703,40.02571487426758,87.24659729003906,0.6207053661346436
tile_r018787_c011107,3,469.7697143554688,421.28369140625,498.0855407714844,446.5235290527344,0.4836640954017639
tile_r018787_c011107,3,493.2664184570313,381.12786865234375,513.2566528320312,407.6422729492188,0.4346514046192169
tile_r018787_c011107,3,118.81546783447266,44.910118103027344,157.22238159179688,86.17430114746094,0.2201207429170608
tile_r018787_c011107,3,365.3269958496094,87.7510986328125,395.6353149414063,114.7622299194336,0.1349552571773529
tile_r018787_c011107,3,166.330078125,252.1594696044922,206.21810913085935,292.3121032714844,0.07254009693861
tile_r018787_c011107,3,107.9887237548828,42.444313049316406,159.4155731201172,94.3720932006836,0.0590503141283988
tile_r018787_c011107,3,458.4694213867188,149.1543731689453,513.8172607421875,203.07937622070312,0.034342810511589
tile_r018787_c011107,3,37.6383171081543,424.6698303222656,92.79837799072266,475.3372192382813,0.024755535647273
tile_r018787_c011107,3,372.3377075195313,88.4978256225586,395.2633666992188,112.3975830078125,0.0241676624864339
tile_r018787_c011107,3,494.6360778808594,368.34075927734375,520.9058837890625,417.26849365234375,0.0233021285384893
tile_r018787_c011107,3,497.677978515625,371.63671875,520.5297241210938,408.9010620117188,0.0228675603866577
tile_r018787_c011107,3,488.6434631347656,378.6463012695313,515.8836669921875,411.1851501464844,0.0214975010603666
tile_r018787_c011107,3,160.4281463623047,249.64840698242188,210.786865234375,299.3044738769531,0.0095745082944631
tile_r018787_c011107,3,45.2883186340332,432.39306640625,82.56068420410156,465.42138671875,0.0081180483102798
tile_r018787_c011107,3,-4.652026176452637,32.25139236450195,47.72257232666016,90.7634506225586,0.0080468785017728
tile_r018787_c011107,3,1.7431640625,44.760704040527344,36.247779846191406,84.60916900634766,0.0077447849325835
tile_r018787_c011107,3,59.338661193847656,502.0529174804688,119.0435028076172,512.9437255859375,0.0066590099595487
tile_r018787_c011107,3,141.74398803710938,455.9762573242188,195.9907989501953,509.0386657714844,0.0062702083960175
tile_r018787_c011107,3,460.5517578125,220.125244140625,482.48193359375,241.24642944335935,0.0048871194012463
tile_r018787_c011107,3,499.58148193359375,357.0899963378906,522.9066162109375,420.8922424316406,0.0043682060204446
tile_r018787_c011107,3,125.19654846191406,47.2996711730957,156.00267028808594,82.84638977050781,0.0040026423521339
tile_r018787_c011107,3,388.6481018066406,-0.0070434571243822,446.51947021484375,12.57482624053955,0.0036103278398513
tile_r018787_c011107,3,69.92268371582031,167.8081512451172,111.68522644042967,211.38656616210935,0.0034976417664438
tile_r018787_c011107,3,-10.253143310546877,17.29669189453125,55.680450439453125,94.53947448730467,0.0034738087560981
tile_r018787_c011107,3,99.59605407714844,36.19903945922852,168.25680541992188,107.61883544921876,0.0032913177274167
tile_r018787_c011107,3,367.68463134765625,-12.634695053100586,449.339599609375,2.2174439430236816,0.0030875806696712
tile_r018787_c011107,3,466.3416137695313,-0.8257690668106079,513.0851440429688,13.984247207641602,0.0028843705076724
tile_r018787_c011107,3,354.1095275878906,76.14305114746094,400.0375061035156,120.54683685302734,0.0028634176123887
tile_r018787_c011107,3,1.4594848155975342,34.976890563964844,21.82856750488281,61.54122161865234,0.002789479214698
tile_r018787_c011107,3,443.663818359375,-0.5592620968818665,494.60687255859375,13.393035888671877,0.0026741961482912
tile_r018787_c011107,3,448.5886840820313,-5.295029640197754,514.1439208984375,8.517599105834961,0.002269203076139
tile_r018787_c011107,3,419.3487854003906,-12.697210311889648,495.03314208984375,1.93707275390625,0.0022397574502974
tile_r018787_c011107,3,89.7721939086914,161.2981719970703,116.9345474243164,180.6065673828125,0.0022269366309046
tile_r018787_c011107,3,45.9674186706543,503.5440368652344,113.48179626464844,512.8572998046875,0.0022258867975324
tile_r018787_c011107,3,436.5496215820313,-12.348794937133787,521.7384643554688,2.014660596847534,0.0021386153530329
tile_r018787_c011107,3,80.22676849365234,165.0265350341797,117.74088287353516,209.64193725585935,0.0020220100414007
tile_r018787_c011107,3,157.19644165039062,243.0193328857422,218.8582305908203,308.351806640625,0.0019094634335488
tile_r018787_c011107,3,75.29130554199219,160.9662322998047,118.8005599975586,193.4581298828125,0.0018946724012494
tile_r018787_c011107,3,68.87705993652344,502.7672729492188,127.8702621459961,513.6925048828125,0.0017160851275548
tile_r018787_c011107,3,148.0786590576172,335.7840270996094,214.4425811767578,397.9606323242188,0.0016695378581061
tile_r018787_c011107,3,380.7720947265625,-12.800000190734863,462.9956970214844,1.649624586105347,0.0016328574856743
tile_r018787_c011107,3,50.51778411865234,514.1085815429688,109.2018585205078,523.6878662109375,0.0016130413860082
tile_r018787_c011107,3,370.8595581054688,-0.024146270006895,429.0538024902344,12.918078422546388,0.0015932681271806
tile_r018787_c011107,3,166.3192138671875,518.9849853515625,231.0906524658203,524.7999877929688,0.0015859237173572
tile_r018787_c011107,3,369.7590026855469,426.3395385742188,386.3674926757813,441.82470703125,0.0015625241212546
tile_r018787_c011107,3,375.71771240234375,-6.182316780090332,443.4910583496094,6.049584865570068,0.0015257964842021
tile_r018787_c011107,3,37.7982292175293,514.7783203125,97.1725082397461,524.0769653320312,0.0015199742047116
tile_r018787_c011107,3,7.254034519195557,522.7817993164062,70.12773895263672,524.7999877929688,0.0014946573646739
tile_r018787_c011107,3,509.8911743164063,371.3922424316406,522.5455322265625,412.8678283691406,0.0014784300001338
tile_r018787_c011107,3,352.9761657714844,87.14334869384766,397.4638671875,114.05533599853516,0.0014089763863012
tile_r018787_c011107,3,60.911376953125,514.0173950195312,118.3432846069336,523.3082275390625,0.001408903975971
tile_r018787_c011107,3,148.9411163330078,464.3014221191406,184.1170196533203,498.027099609375,0.0013981694355607
tile_r018787_c011107,3,181.10113525390625,27.796594619750977,246.129638671875,90.8529281616211,0.001362386974506
tile_r018787_c011107,3,372.8811950683594,426.7525329589844,391.1768493652344,441.169921875,0.0013594317715615
tile_r018787_c011107,3,256.3230285644531,102.37907409667967,324.86737060546875,173.4890899658203,0.0013534615281969
tile_r018787_c011107,3,50.4437370300293,521.4190673828125,117.05580139160156,524.7999877929688,0.0013366974890232
tile_r018787_c011107,3,304.34820556640625,520.39892578125,371.45208740234375,524.7999877929688,0.0013044350780546
tile_r018787_c011107,3,15.01690673828125,522.3439331054688,77.1015396118164,524.7999877929688,0.0012849646154791
tile_r018787_c011107,3,201.95166015625,521.1435546875,265.8892517089844,524.7999877929688,0.0012848746264353
tile_r018787_c011107,3,326.974365234375,520.67431640625,391.3294372558594,524.7999877929688,0.0012516243150457
tile_r018787_c011107,3,35.24287033081055,509.1950073242188,122.8960418701172,521.6751098632812,0.0012419234262779
tile_r018787_c011107,3,158.8869171142578,515.775390625,221.83740234375,524.2376708984375,0.0012291758321225
tile_r018787_c011107,3,460.3431091308594,-12.257349014282228,519.1314086914062,1.1342284679412842,0.0012073053512722
tile_r018787_c011107,3,1.647343397140503,36.326133728027344,29.141815185546875,65.96263122558594,0.0012060806620866
tile_r018787_c011107,3,357.97723388671875,79.79325103759766,406.38623046875,126.60003662109376,0.0012048170901834
tile_r018787_c011107,3,143.01132202148438,503.7092895507813,200.7386779785156,511.82568359375,0.0012012927327305
tile_r018787_c011107,3,3.255938768386841,36.760250091552734,26.461505889892575,53.85014724731445,0.0011872935574501
tile_r018787_c011107,3,511.1795349121094,373.357666015625,524.7999877929688,425.725341796875,0.0011731275590136
tile_r018787_c011107,3,512.5377197265625,146.763427734375,524.588134765625,212.20553588867188,0.0011725528165698
tile_r018787_c011107,3,274.1420288085937,519.2974853515625,341.2682189941406,524.7999877929688,0.0011686327634379
tile_r018787_c011107,3,334.0337829589844,519.8170166015625,398.1830139160156,524.7999877929688,0.0011645178310573
tile_r018787_c011107,3,473.3557739257813,394.19775390625,508.22021484375,450.3038024902344,0.0011639788281172
tile_r018787_c011107,3,432.5738220214844,-6.094786167144775,488.9212951660156,6.609144687652588,0.0011591839138418
tile_r018787_c011107,3,218.1187438964844,521.22705078125,278.7271423339844,524.7999877929688,0.0011359557975083
tile_r018787_c011107,3,5.20226001739502,54.9437255859375,35.5568733215332,84.33952331542969,0.0011333805741742
tile_r018787_c011107,3,57.333740234375,154.20668029785156,133.45703125,232.72982788085935,0.0011302082566544
tile_r018787_c011107,3,180.89230346679688,520.0006713867188,242.3138427734375,524.7999877929688,0.0011220991145819
tile_r018787_c011107,3,468.4591674804688,408.5764770507813,504.9009704589844,457.9840698242188,0.0011206633644178
tile_r018787_c011107,3,80.56394958496094,513.63232421875,141.44998168945312,524.5799560546875,0.0011139870621263
tile_r018787_c011107,3,17.304641723632812,520.743408203125,85.72077941894531,524.7999877929688,0.00110265891999
tile_r018787_c011107,3,171.52244567871094,515.5847778320312,237.2396545410156,524.7380981445312,0.0011008185101673
tile_r018787_c011107,3,31.460071563720703,418.0983276367188,97.9041519165039,486.9335021972656,0.0010905768722295
tile_r018787_c011107,3,104.8607406616211,514.8287963867188,163.609619140625,524.7999877929688,0.0010877997847273
tile_r018787_c011107,3,486.54052734375,367.3025817871094,518.1199340820312,413.497802734375,0.0010803980985656
tile_r018787_c011107,3,228.1467742919922,521.3499145507812,290.7273864746094,524.7999877929688,0.0010799998417496
tile_r018787_c011107,3,152.2631378173828,519.7955322265625,219.328369140625,524.7999877929688,0.0010779409203678
tile_r018787_c011107,3,291.912353515625,519.5828247070312,357.6144104003906,524.7999877929688,0.0010764566250145
tile_r018787_c011107,3,473.1460876464844,-5.954367160797119,511.0581970214844,7.229318141937256,0.0010630246251821
tile_r018787_c011107,3,502.3311462402344,372.3653259277344,524.0753173828125,414.4468688964844,0.0010617787484079
tile_r018787_c011107,3,123.26927185058594,515.6976318359375,181.68675231933597,524.5027465820312,0.0010391902178525
tile_r018787_c011107,3,262.03204345703125,519.345458984375,329.4150390625,524.7999877929688,0.0010333782993257
tile_r018787_c011107,3,30.07522964477539,515.07568359375,84.27628326416016,524.1624145507812,0.0010256739333271
tile_r018787_c011107,3,417.3511657714844,-0.4657859802246094,459.0265502929688,14.1223726272583,0.0010183205595239
tile_r018787_c011107,3,145.60763549804688,497.1361389160156,217.06149291992188,513.388671875,0.0010135155171155
tile_r018787_c011107,3,-2.3304991722106934,522.23046875,65.52582550048828,524.7999877929688,0.0010007933015003
tile_r018787_c011363,3,113.8848876953125,20.8554801940918,179.1051025390625,74.08699035644531,0.8136252164840698
tile_r018787_c011363,3,272.77154541015625,302.0493469238281,314.1858825683594,340.5340576171875,0.795511782169342
tile_r018787_c011363,3,334.01239013671875,212.0648956298828,374.0686645507813,247.34115600585935,0.7698257565498352
tile_r018787_c011363,3,207.9317169189453,157.47982788085938,254.3314208984375,195.91677856445312,0.7573123574256897
tile_r018787_c011363,3,235.3496551513672,380.491455078125,274.0968322753906,414.9327697753906,0.6908329725265503
tile_r018787_c011363,3,378.379638671875,376.5076599121094,408.0008239746094,407.88861083984375,0.6464978456497192
tile_r018787_c011363,3,344.176025390625,6.269783020019531,379.00140380859375,36.78948211669922,0.5645185112953186
tile_r018787_c011363,3,212.94760131835935,420.5557556152344,243.1387176513672,447.4051818847656,0.3085205554962158
tile_r018787_c011363,3,403.0179138183594,496.2490234375,441.605712890625,512.9361572265625,0.257845401763916
tile_r018787_c011363,3,107.8429183959961,87.63713073730469,139.8691864013672,114.9078369140625,0.1660168170928955
tile_r018787_c011363,3,398.0328063964844,494.8800659179688,451.4235229492188,514.6383056640625,0.0783331245183944
tile_r018787_c011363,3,115.06886291503906,88.34405517578125,139.29257202148438,112.49305725097656,0.0412106551229953
tile_r018787_c011363,3,396.31298828125,489.58349609375,450.2630920410156,513.17138671875,0.0278104823082685
tile_r018787_c011363,3,230.9853057861328,376.0758972167969,277.7276916503906,418.2702026367188,0.0221722219139337
tile_r018787_c011363,3,201.6273193359375,150.6477813720703,258.3078918457031,202.29104614257807,0.0204370338469743
tile_r018787_c011363,3,373.5452270507813,371.4527893066406,413.0572204589844,412.64593505859375,0.0105027947574853
tile_r018787_c011363,3,275.9671630859375,-1.4475891590118408,317.8641967773437,14.161657333374023,0.0053606126457452
tile_r018787_c011363,3,340.3841247558594,-0.2203659117221832,382.3430786132813,38.37333297729492,0.0049380883574485
tile_r018787_c011363,3,388.4357299804688,502.9933471679688,447.5416870117188,522.3486328125,0.0045081982389092
tile_r018787_c011363,3,203.915283203125,220.14291381835935,226.444091796875,241.3993682861328,0.0043838056735694
tile_r018787_c011363,3,268.855224609375,299.3023376464844,318.023193359375,346.28759765625,0.004036767873913
tile_r018787_c011363,3,272.47174072265625,-5.534780979156494,321.0599060058594,11.153182983398438,0.0040198597125709
tile_r018787_c011363,3,134.89089965820312,0.0565032958984375,190.39303588867188,12.52504539489746,0.0040163504891097
tile_r018787_c011363,3,331.7583923339844,208.5268096923828,378.1736450195313,253.0983428955078,0.0037980712950229
tile_r018787_c011363,3,112.3895034790039,-12.72089672088623,192.7725830078125,2.093170166015625,0.0035880375653505
tile_r018787_c011363,3,98.10009765625,75.9325942993164,144.1061553955078,120.44319152832033,0.0035191199276596
tile_r018787_c011363,3,387.2230529785156,474.2769470214844,465.8241271972656,512.5939331054688,0.0033676428720355
tile_r018787_c011363,3,181.9413146972656,-1.328497290611267,235.5308532714844,13.424481391906738,0.0032165222801268
tile_r018787_c011363,3,375.2252502441406,511.43359375,446.968017578125,515.8445434570312,0.0029510229360312
tile_r018787_c011363,3,349.9775390625,9.57375144958496,377.4638671875,35.29456329345703,0.0029071785975247
tile_r018787_c011363,3,164.41293334960938,-12.800000190734863,238.3961944580078,2.0337631702423096,0.0026080082170665
tile_r018787_c011363,3,372.6185607910156,507.36859130859375,447.5494079589844,517.3848266601562,0.0025892595294862
tile_r018787_c011363,3,376.6007690429688,522.1885986328125,441.0615234375,524.7999877929688,0.0023952161427587
tile_r018787_c011363,3,209.0663604736328,-1.289038896560669,256.653076171875,14.227289199829102,0.0023853795137256
tile_r018787_c011363,3,265.33038330078125,-1.110528588294983,314.4234313964844,13.426874160766602,0.0022988838609308
tile_r018787_c011363,3,146.2407684326172,0.2375335693359375,195.4678497314453,12.944503784179688,0.0022881482727825
tile_r018787_c011363,3,277.8475646972656,306.295654296875,312.07928466796875,337.084716796875,0.0021653827279806
tile_r018787_c011363,3,334.681396484375,-1.0187362432479858,385.74359130859375,44.57869720458984,0.0020589004270732
tile_r018787_c011363,3,310.55419921875,138.2404022216797,327.1669921875,154.81369018554688,0.0020207373891025
tile_r018787_c011363,3,112.7883529663086,425.8705139160156,130.696044921875,442.2572326660156,0.0020002543460577
tile_r018787_c011363,3,384.7946166992188,26.989856719970703,456.7765502929688,100.9731674194336,0.0019641257822513
tile_r018787_c011363,3,120.5928955078125,-6.014642238616943,187.4003143310547,5.89834451675415,0.0019289680058136
tile_r018787_c011363,3,289.6435546875,500.4156188964844,347.09100341796875,513.3792114257812,0.0018306378042325
tile_r018787_c011363,3,385.0447082519531,522.6666870117188,450.7908325195313,524.7999877929688,0.0018161953194066
tile_r018787_c011363,3,115.6847152709961,-0.0148216243833303,173.0823211669922,12.86472511291504,0.0018119738670066
tile_r018787_c011363,3,125.5493392944336,-12.800000190734863,206.3074493408203,1.508784532546997,0.0017692188266664
tile_r018787_c011363,3,255.5028533935547,-12.800000190734863,332.01763916015625,4.375219821929932,0.001764893066138
tile_r018787_c011363,3,197.2305603027344,-0.2100547850131988,238.5421905517578,13.763107299804688,0.0016949629643931
tile_r018787_c011363,3,115.32579040527344,426.0863342285156,135.01812744140625,441.560546875,0.0016745834145694
tile_r018787_c011363,3,275.9984436035156,522.0051879882812,336.3964233398437,524.7999877929688,0.0016721626743674
tile_r018787_c011363,3,96.6744613647461,86.99835205078125,141.5012969970703,113.94232177734376,0.0016695036320015
tile_r018787_c011363,3,192.84994506835935,-5.48046875,258.81011962890625,9.1813325881958,0.0016417547594755
tile_r018787_c011363,3,341.3641967773437,214.8473663330078,371.8000183105469,243.4269561767578,0.0016356348060071
tile_r018787_c011363,3,177.25244140625,-6.114202976226807,232.4849548339844,6.905127048492432,0.0015822983114048
tile_r018787_c011363,3,49.40282440185547,313.43438720703125,130.395751953125,401.4925842285156,0.0015526229981333
tile_r018787_c011363,3,458.1017456054688,516.7922973632812,515.8181762695312,524.7999877929688,0.0015197796747088
tile_r018787_c011363,3,377.7166442871094,469.0196228027344,461.700927734375,516.3065185546875,0.0014516285154968
tile_r018787_c011363,3,203.0564422607422,-0.8680389523506165,247.2550811767578,13.95664405822754,0.0014312724815681
tile_r018787_c011363,3,181.69796752929688,-12.495999336242676,266.0716552734375,2.251516819000244,0.0014301831834018
tile_r018787_c011363,3,205.34375,-5.776175022125244,261.28436279296875,7.457190036773682,0.0014219534350559
tile_r018787_c011363,3,246.6532440185547,522.2578735351562,290.5881042480469,524.7999877929688,0.0013666553422808
tile_r018787_c011363,3,386.5236511230469,513.5598754882812,452.4025268554688,515.9108276367188,0.001329566235654
tile_r018787_c011363,3,70.3930892944336,520.6094970703125,136.30850219726562,524.7999877929688,0.001316403504461
tile_r018787_c011363,3,417.6707153320313,508.9449157714844,501.0967712402344,524.7999877929688,0.0013009728863835
tile_r018787_c011363,3,101.7195281982422,79.57715606689453,150.9465789794922,126.6460952758789,0.0012893473030999
tile_r018787_c011363,3,271.39605712890625,522.6129760742188,330.30523681640625,524.7999877929688,0.0012611798010766
tile_r018787_c011363,3,77.50978088378906,519.7875366210938,143.13677978515625,524.7999877929688,0.0012604551156982
tile_r018787_c011363,3,246.77865600585935,-0.9323387145996094,307.72515869140625,13.720547676086426,0.0012476821430027
tile_r018787_c011363,3,285.252197265625,515.0716552734375,337.572509765625,523.7107543945312,0.0012371906777843
tile_r018787_c011363,3,47.3170280456543,520.4406127929688,115.55882263183594,524.7999877929688,0.001231366652064
tile_r018787_c011363,3,277.57501220703125,515.8956909179688,328.3494567871094,524.21728515625,0.0012179282493889
tile_r018787_c011363,3,395.4630432128906,497.327392578125,470.7478942871094,524.433349609375,0.0011833575554192
tile_r018787_c011363,3,162.8176727294922,-0.417742908000946,202.4963836669922,14.141714096069336,0.0011482298141345
tile_r018787_c011363,3,199.40673828125,147.15469360351562,265.98419189453125,211.1968231201172,0.0011154976673424
tile_r018787_c011363,3,94.5789794921875,-12.800000190734863,176.39108276367188,1.7251373529434204,0.001092919614166
tile_r018787_c011363,3,224.2294921875,371.35357666015625,281.17401123046875,429.9452209472656,0.0010889952536672
tile_r018787_c011363,3,293.2593688964844,501.4749145507813,357.2167358398437,514.3049926757812,0.0010780765442177
tile_r018787_c011363,3,23.061634063720703,519.4949951171875,91.25106048583984,524.7999877929688,0.0010754531249403
tile_r018787_c011363,3,209.8973693847656,402.501953125,257.46368408203125,450.3757934570313,0.0010678647086024
tile_r018787_c011363,3,345.1645812988281,8.294079780578613,374.5544738769531,33.27504348754883,0.0010559195652604
tile_r018787_c011363,3,394.3577270507813,482.30859375,464.1572265625,514.669921875,0.0010535531910136
tile_r018787_c011363,3,95.23863220214844,520.2894287109375,162.78921508789062,524.7999877929688,0.0010405251523479
tile_r018787_c011363,3,11.92223834991455,519.5960693359375,79.8917007446289,524.7999877929688,0.001032602856867
tile_r018787_c011363,3,236.51712036132807,521.2021484375,282.9927978515625,524.7999877929688,0.0010216749506071
tile_r018787_c011363,3,288.8004455566406,486.3900451660156,361.4759216308594,514.7073974609375,0.0010085351532325
tile_r018787_c011363,3,381.9146423339844,479.0476989746094,454.4310607910156,517.649658203125,0.0010080923093482
tile_r018787_c011363,3,403.8311462402344,119.97917175292967,484.2848510742188,208.6429443359375,0.0010022359201684
tile_r018787_c011363,3,259.4270935058594,-5.805881500244141,317.6935119628906,9.79591941833496,0.0010008381213992
tile_r018787_c011619,3,473.0910034179688,221.51028442382807,514.4601440429688,272.6499328613281,0.7951462864875793
tile_r018787_c011619,3,411.3916931152344,360.8844604492188,452.38232421875,397.9109497070313,0.7942836284637451
tile_r018787_c011619,3,15.962335586547852,301.6497497558594,58.58151245117188,341.0716247558594,0.7861729264259338
tile_r018787_c011619,3,77.9532699584961,211.9951171875,118.0329818725586,247.3627014160156,0.7732693552970886
tile_r018787_c011619,3,433.0140075683594,416.9891662597656,494.5796508789063,473.6756896972656,0.710956871509552
tile_r018787_c011619,3,250.9959259033203,6.875213623046875,306.6728210449219,51.09077072143555,0.6924982666969299
tile_r018787_c011619,3,122.7898406982422,376.17230224609375,152.3838653564453,407.12249755859375,0.6615105271339417
tile_r018787_c011619,3,88.21397399902344,6.232629299163818,123.10526275634766,36.8375129699707,0.5880823135375977
tile_r018787_c011619,3,353.79571533203125,-0.6561614871025085,399.3991088867188,30.925973892211918,0.5749607086181641
tile_r018787_c011619,3,418.1275329589844,165.43942260742188,471.7740173339844,213.3052673339844,0.5722045302391052
tile_r018787_c011619,3,359.9554138183594,112.6557159423828,391.9440002441406,143.24972534179688,0.5259963870048523
tile_r018787_c011619,3,388.1221618652344,304.08270263671875,417.3682556152344,330.2723999023437,0.4815626740455627
tile_r018787_c011619,3,470.404296875,-3.647195339202881,513.9320068359375,20.627315521240234,0.3186076879501343
tile_r018787_c011619,3,147.0070343017578,496.294189453125,185.5809631347656,512.923583984375,0.264773279428482
tile_r018787_c011619,3,476.0791931152344,-0.4466026425361633,512.2639770507812,18.45325088500977,0.2426941841840744
tile_r018787_c011619,3,0.7455047369003296,381.10101318359375,20.627456665039062,414.303955078125,0.1817279905080795
tile_r018787_c011619,3,441.0568237304688,425.5475463867188,492.7982482910156,471.66455078125,0.1288557201623916
tile_r018787_c011619,3,141.98193359375,494.9768676757813,195.220703125,514.6121826171875,0.0776313841342926
tile_r018787_c011619,3,412.9378967285156,163.556640625,475.9691467285156,222.79345703125,0.0762498453259468
tile_r018787_c011619,3,348.8541564941406,-1.6858704090118408,404.0176696777344,36.0118408203125,0.0619801953434944
tile_r018787_c011619,3,422.1853637695313,234.407470703125,442.466796875,256.7503967285156,0.0471822805702686
tile_r018787_c011619,3,370.1442260742188,267.2919616699219,398.39398193359375,295.7507019042969,0.0314469896256923
tile_r018787_c011619,3,140.4322509765625,489.713134765625,193.59866333007807,513.0855102539062,0.0266396198421716
tile_r018787_c011619,3,356.3446960449219,110.00627136230467,394.8453979492188,146.79299926757812,0.0162930749356746
tile_r018787_c011619,3,490.1788940429688,215.98403930664065,524.0733642578125,279.3710327148437,0.0151407793164253
tile_r018787_c011619,3,486.1348571777344,-0.93798828125,511.2955932617188,17.9423770904541,0.0116936545819044
tile_r018787_c011619,3,468.9031677246094,212.9725646972656,516.2056884765625,281.49298095703125,0.0116280112415552
tile_r018787_c011619,3,247.33316040039065,2.114794969558716,312.5608825683594,56.98862457275391,0.010209372267127
tile_r018787_c011619,3,117.5934600830078,371.5706176757813,156.7345733642578,412.3251037597656,0.0093715349212288
tile_r018787_c011619,3,471.7892456054688,0.5079498291015625,508.84375,15.898724555969238,0.0088654952123761
tile_r018787_c011619,3,469.7434692382813,-2.7703254222869877,510.8846740722656,10.359655380249023,0.0086231138557195
tile_r018787_c011619,3,-3.860101222991944,369.39892578125,14.882226943969728,419.7716369628906,0.0066548171453177
tile_r018787_c011619,3,401.6878967285156,161.6561279296875,480.4561462402344,248.1739501953125,0.0066305953077971
tile_r018787_c011619,3,454.8392028808594,99.49641418457033,478.97650146484375,125.02653503417967,0.0064383586868643
tile_r018787_c011619,3,-9.486001968383787,368.35162353515625,21.425220489501957,416.5508728027344,0.0060523594729602
tile_r018787_c011619,3,468.5300903320313,-0.3569625914096832,514.9388427734375,35.46253204345703,0.0056298514828085
tile_r018787_c011619,3,24.58736228942871,-0.9360710382461548,63.06048583984375,13.814422607421877,0.005348811391741
tile_r018787_c011619,3,84.41014099121094,-0.24688720703125,126.45767974853516,38.44181442260742,0.0049117873422801
tile_r018787_c011619,3,54.9189453125,138.4582061767578,70.9137191772461,154.7092742919922,0.0044578798115253
tile_r018787_c011619,3,75.9423828125,208.5854949951172,121.8881607055664,253.0547332763672,0.0044409865513443
tile_r018787_c011619,3,132.3376922607422,503.7433471679688,191.294677734375,522.3489990234375,0.0043991627171635
tile_r018787_c011619,3,416.9714965820313,219.3710021972656,445.984375,256.6288146972656,0.0042654103599488
tile_r018787_c011619,3,482.4011840820313,-4.173769950866699,513.083984375,18.84956359863281,0.0042059551924467
tile_r018787_c011619,3,345.95050048828125,-4.234545707702637,403.7057495117188,25.91579246520996,0.0039655892178416
tile_r018787_c011619,3,19.839269638061523,-5.314406394958496,65.36137390136719,10.160074234008787,0.0038035798352211
tile_r018787_c011619,3,502.0953979492188,213.9341278076172,524.4306640625,281.0501403808594,0.0037834781687706
tile_r018787_c011619,3,239.8730010986328,521.28466796875,303.82623291015625,524.7999877929688,0.003546621184796
tile_r018787_c011619,3,93.92707824707033,9.548626899719238,121.4771728515625,35.332664489746094,0.0033137623686343
tile_r018787_c011619,3,119.00211334228516,511.45318603515625,191.19210815429688,515.860595703125,0.0032612916547805
tile_r018787_c011619,3,131.1815948486328,474.13037109375,209.28713989257807,512.5294189453125,0.0031870554666966
tile_r018787_c011619,3,429.56103515625,412.446044921875,502.7643432617188,485.71197509765625,0.0030889678746461
tile_r018787_c011619,3,116.6661376953125,507.5361328125,191.6629638671875,517.3386840820312,0.0028132132720202
tile_r018787_c011619,3,2.1876587867736816,385.92529296875,18.4783878326416,411.4959106445313,0.0027957879938185
tile_r018787_c011619,3,120.82356262207033,522.1595458984375,185.67703247070312,524.7999877929688,0.0026982836425304
tile_r018787_c011619,3,32.29497146606445,499.4237365722656,90.4020767211914,513.4909057617188,0.0024613346904516
tile_r018787_c011619,3,456.3880920410156,-12.399526596069336,518.1400146484375,7.641802787780762,0.0022245708387345
tile_r018787_c011619,3,340.0565795898437,-12.790121078491213,404.73040771484375,29.08315658569336,0.0021881777793169
tile_r018787_c011619,3,436.4845581054688,521.7432861328125,502.81298828125,524.7999877929688,0.0021079608704894
tile_r018787_c011619,3,385.4601135253906,300.8111877441406,420.347900390625,335.03765869140625,0.0020957023371011
tile_r018787_c011619,3,12.885381698608398,297.75738525390625,62.89019775390625,346.46795654296875,0.0020741857588291
tile_r018787_c011619,3,19.06207275390625,522.0486450195312,79.98685455322266,524.7999877929688,0.0020617975387722
tile_r018787_c011619,3,9.281512260437012,-0.2951385378837585,58.25879669189453,13.168530464172363,0.0020110779441893
tile_r018787_c011619,3,81.52935028076172,-0.4496704041957855,132.2790069580078,48.55062103271485,0.001945489202626
tile_r018787_c011619,3,269.3970642089844,-12.75099754333496,351.0816345214844,0.7936370968818665,0.0019101840443909
tile_r018787_c011619,3,128.853271484375,522.7048950195312,194.9794921875,524.7999877929688,0.0018700074870139
tile_r018787_c011619,3,0.7056976556777954,-12.800000190734863,76.50113677978516,3.979731798171997,0.001860377495177
tile_r018787_c011619,3,355.8408203125,0.153594970703125,393.595703125,24.90829467773437,0.0017890960443764
tile_r018787_c011619,3,2.498999118804932,-5.513289451599121,54.22687530517578,5.595633029937744,0.0016683659050613
tile_r018787_c011619,3,512.09521484375,212.0881805419922,524.7999877929688,289.7787170410156,0.0016274770023301
tile_r018787_c011619,3,242.2631378173828,502.1031188964844,307.1170349121094,514.5755615234375,0.0015768005978316
tile_r018787_c011619,3,222.040283203125,513.3934326171875,307.2431030273437,524.3857421875,0.0014981220010668
tile_r018787_c011619,3,237.1459503173828,515.5625,300.0038452148437,524.3201293945312,0.0014571560313925
tile_r018787_c011619,3,130.06033325195312,513.6121215820312,196.5586395263672,516.033203125,0.0014492514310404
tile_r018787_c011619,3,231.3629913330078,502.4862365722656,297.97540283203125,513.6618041992188,0.0014261736068874
tile_r018787_c011619,3,227.419677734375,515.6196899414062,288.3204650878906,524.1622314453125,0.0013937656767666
tile_r018787_c011619,3,121.32170104980467,468.7322387695313,204.891357421875,516.0267333984375,0.0013934159651398
tile_r018787_c011619,3,318.9413452148437,518.8630981445312,386.50592041015625,524.7999877929688,0.001390780438669
tile_r018787_c011619,3,123.7538833618164,506.9485473632813,189.65182495117188,523.82861328125,0.0013864672509953
tile_r018787_c011619,3,27.815174102783203,514.7274780273438,80.3071060180664,523.5999755859375,0.0013838328886777
tile_r018787_c011619,3,218.78158569335935,521.1263427734375,284.5912475585937,524.7999877929688,0.0013707672478631
tile_r018787_c011619,3,337.1952209472656,519.1491088867188,404.50390625,524.7999877929688,0.0013702537398785
tile_r018787_c011619,3,35.77960205078125,501.0392456054688,100.2191925048828,514.5242309570312,0.0013653335627168
tile_r018787_c011619,3,351.19500732421875,103.223876953125,402.37835693359375,148.87451171875,0.0013591276947408
tile_r018787_c011619,3,251.059814453125,520.6867065429688,313.9742126464844,524.7999877929688,0.0013583544641733
tile_r018787_c011619,3,-3.286363124847412,360.3677673339844,11.787806510925291,420.2831115722656,0.0013538560597226
tile_r018787_c011619,3,85.38552856445312,214.80859375,115.8254623413086,243.5009765625,0.001346300705336
tile_r018787_c011619,3,422.3731384277344,169.68789672851562,468.1427612304688,207.8656768798828,0.0013446189695969
tile_r018787_c011619,3,203.947265625,516.433349609375,255.3869171142578,524.6967163085938,0.0013266968308016
tile_r018787_c011619,3,290.53387451171875,-12.27405834197998,367.0111389160156,0.3729721009731293,0.0013087758561596
tile_r018787_c011619,3,411.4285278320313,519.8250732421875,474.4560546875,524.7999877929688,0.0013022541534155
tile_r018787_c011619,3,246.7965850830078,515.5020751953125,311.7168884277344,524.494384765625,0.0012845417950302
tile_r018787_c011619,3,343.879638671875,-6.332562446594238,408.246337890625,46.36006546020508,0.0012667254777625
tile_r018787_c011619,3,409.1859436035156,354.4874572753906,456.5533142089844,404.8587341308594,0.0012634383747354
tile_r018787_c011619,3,20.57699012756348,515.4892578125,71.42671966552734,524.0849609375,0.0012299822410568
tile_r018787_c011619,3,254.26058959960935,503.2970581054688,313.8966369628906,514.0216674804688,0.0012171251000836
tile_r018787_c011619,3,-0.830609142780304,376.1778259277344,25.7928409576416,421.0308532714844,0.0012077930150553
tile_r018787_c011619,3,166.27005004882812,510.5528259277344,241.0581817626953,524.7999877929688,0.0012026070617139
tile_r018787_c011619,3,-8.713152885437012,362.51507568359375,25.04607582092285,424.64544677734375,0.0011946560116484
tile_r018787_c011619,3,288.6917419433594,519.462890625,355.082275390625,524.7999877929688,0.0011851099552586
tile_r018787_c011619,3,307.37158203125,518.9364013671875,374.3872985839844,524.7999877929688,0.0011770429555326
tile_r018787_c011619,3,424.7684020996094,520.8317260742188,490.0018005371094,524.7999877929688,0.0011679778108373
tile_r018787_c011619,3,220.29428100585935,503.7347717285156,283.5154724121094,513.4410400390625,0.001165549387224
tile_r018787_c011619,3,21.5787353515625,306.15216064453125,56.28035736083984,337.4510803222656,0.0011610758956521
tile_r018787_c011619,3,14.732470512390137,512.9081420898438,92.22990417480467,523.2679443359375,0.0011420556111261
tile_r018787_c011619,3,7.051058769226074,522.7210083007812,70.37972259521484,524.7999877929688,0.0011393538443371
tile_r018787_c011619,3,128.9527587890625,25.673269271850582,201.3955078125,100.7184066772461,0.0011351995635777
tile_r018787_c011619,3,452.1369018554688,521.4530029296875,513.1226806640625,524.7999877929688,0.0011306798551231
tile_r018787_c011619,3,140.79165649414062,499.5939331054688,214.7984313964844,524.4860229492188,0.0011293138377368
tile_r018787_c011619,3,464.6297912597656,217.24575805664065,516.7503051757812,297.271240234375,0.0011261543259024
tile_r018787_c011619,3,-6.679369926452637,-12.800000190734863,63.8322868347168,1.32318115234375,0.0011258341837674
tile_r018787_c011619,3,0.359057605266571,368.3988342285156,27.684398651123047,415.3700256347656,0.0011243112385272
tile_r018787_c011619,3,350.56610107421875,519.4344482421875,416.6036987304688,524.7999877929688,0.0011200299486517
tile_r018787_c011619,3,109.36572265625,507.5681762695313,187.7792510986328,520.7252197265625,0.0011110816849395
tile_r018787_c011619,3,362.2529296875,116.0386962890625,387.220947265625,141.5402069091797,0.0011057609226554
tile_r018787_c011619,3,513.6180419921875,402.59808349609375,524.0369873046875,473.25006103515625,0.0010978438658639
tile_r018787_c011619,3,459.2980346679688,-5.737418174743652,515.0853271484375,14.112966537475586,0.0010867858072742
tile_r018787_c011619,3,184.0900421142578,49.8713493347168,215.4834442138672,92.20621490478516,0.0010861636837944
tile_r018787_c011619,3,-3.731646776199341,521.5623779296875,46.49541473388672,524.7999877929688,0.0010808587539941
tile_r018787_c011619,3,276.21710205078125,519.6318969726562,342.54620361328125,524.7999877929688,0.0010751048102974
tile_r018787_c011619,3,465.3336791992188,-12.304797172546388,514.78173828125,17.108203887939453,0.0010734361130744
tile_r018787_c011619,3,339.813232421875,-9.486480712890623,420.3898315429688,52.729759216308594,0.0010724232997745
tile_r018787_c011619,3,31.1466064453125,486.3938598632813,105.15606689453124,515.0491333007812,0.0010665785521268
tile_r018787_c011619,3,421.4028930664063,225.3978729248047,447.05853271484375,257.4814758300781,0.001058040652424
tile_r018787_c011619,3,89.204833984375,8.46020793914795,118.6146011352539,33.27723693847656,0.0010410436661913
tile_r018787_c011619,3,517.3951416015625,-12.198186874389648,524.7999877929688,-4.475213527679443,0.0010291909566149
tile_r018787_c011619,3,126.1202392578125,479.1756896972656,197.84744262695312,517.5446166992188,0.0010283681331202
tile_r018787_c011619,3,205.8372039794922,521.228759765625,270.6548767089844,524.7999877929688,0.0010255366796627
tile_r018787_c011619,3,363.1220703125,519.8754272460938,428.4337768554688,524.7999877929688,0.0010204905411228
tile_r018787_c011619,3,518.3269653320312,-10.994961738586426,524.7999877929688,9.4638671875,0.0010176411597058
tile_r018787_c011619,3,213.0972900390625,516.1854248046875,266.50164794921875,524.5782470703125,0.0010139152873307
tile_r018787_c011619,3,458.2478637695313,-4.926947116851807,517.8021240234375,30.60198402404785,0.0010105964029207
tile_r018787_c011619,3,255.4092712402344,519.7190551757812,320.8827209472656,524.7999877929688,0.001002003904432
tile_r019043_c010083,3,188.2608337402344,220.3231201171875,237.0299835205078,264.82305908203125,0.8345986604690552
tile_r019043_c010083,3,240.85482788085935,415.5265502929688,295.2190856933594,470.0855407714844,0.8172008395195007
tile_r019043_c010083,3,178.80056762695312,314.8373413085937,234.2012634277344,363.3550415039063,0.8077574372291565
tile_r019043_c010083,3,334.7542419433594,297.35009765625,378.3282775878906,340.0205993652344,0.7699199318885803
tile_r019043_c010083,3,180.8179931640625,152.5387420654297,211.4332275390625,183.04122924804688,0.7247894406318665
tile_r019043_c010083,3,53.8258056640625,217.85025024414065,115.42686462402344,267.3637084960937,0.7146245241165161
tile_r019043_c010083,3,209.26904296875,28.558629989624023,250.0476531982422,62.87972259521485,0.7048038840293884
tile_r019043_c010083,3,389.3885192871094,459.8719177246094,420.40631103515625,488.69378662109375,0.6703553199768066
tile_r019043_c010083,3,71.8092041015625,334.85992431640625,135.4432373046875,381.64886474609375,0.624780535697937
tile_r019043_c010083,3,143.0760498046875,487.5247192382813,192.1679229736328,512.5906982421875,0.4152286648750305
tile_r019043_c010083,3,46.110145568847656,73.51142883300781,109.52938079833984,111.2374267578125,0.2636862099170685
tile_r019043_c010083,3,71.63694763183594,338.65826416015625,116.22038269042967,379.2940979003906,0.1829712986946106
tile_r019043_c010083,3,29.15900611877441,35.53606414794922,113.0335693359375,112.59211730957033,0.1673619449138641
tile_r019043_c010083,3,354.18621826171875,496.8453979492188,394.5223693847656,513.07177734375,0.1315897852182388
tile_r019043_c010083,3,30.106029510498047,158.9556884765625,64.7688980102539,191.62619018554688,0.112435795366764
tile_r019043_c010083,3,138.56320190429688,483.3133239746094,195.64453125,514.8599853515625,0.0747517719864845
tile_r019043_c010083,3,204.0306701660156,25.800506591796875,253.9494171142578,69.20451354980469,0.0431978963315486
tile_r019043_c010083,3,232.91635131835935,172.2283935546875,257.61138916015625,190.38119506835935,0.0305119175463914
tile_r019043_c010083,3,386.5798950195313,455.9215698242188,423.0538940429688,491.7401428222656,0.020456688478589
tile_r019043_c010083,3,183.7051239013672,155.16552734375,208.4390563964844,181.4499053955078,0.0193212274461984
tile_r019043_c010083,3,209.7027130126953,32.52953338623047,242.7688751220703,60.18521881103516,0.0125961462035775
tile_r019043_c010083,3,106.31654357910156,343.1425170898437,138.24868774414062,376.8374938964844,0.0116026438772678
tile_r019043_c010083,3,135.8521728515625,475.5174255371094,200.2372283935547,513.7865600585938,0.0099667441099882
tile_r019043_c010083,3,351.21307373046875,490.9947204589844,399.26605224609375,512.8777465820312,0.0094869760796427
tile_r019043_c010083,3,58.174766540527344,77.94230651855469,108.06024169921876,106.5326690673828,0.0071124695241451
tile_r019043_c010083,3,325.22491455078125,509.06195068359375,403.1665954589844,516.1796264648438,0.0057796328328549
tile_r019043_c010083,3,82.39422607421875,14.995404243469238,106.64300537109376,39.82895660400391,0.0056390762329101
tile_r019043_c010083,3,128.58602905273438,489.884033203125,197.1830291748047,522.5469360351562,0.0052513009868562
tile_r019043_c010083,3,339.7579040527344,500.1214294433594,400.3663940429688,514.6034545898438,0.0048700375482439
tile_r019043_c010083,3,346.9917907714844,507.8377990722656,400.439697265625,521.94091796875,0.0046474123373627
tile_r019043_c010083,3,331.3866271972656,293.25054931640625,383.6630859375,345.5398254394531,0.0046198866330087
tile_r019043_c010083,3,181.0850372314453,419.6724548339844,224.6490478515625,476.9496154785156,0.0045795710757374
tile_r019043_c010083,3,136.8521270751953,493.314453125,198.2583465576172,512.5935668945312,0.0044953869655728
tile_r019043_c010083,3,335.13916015625,497.4293518066406,389.212890625,513.469482421875,0.0040942402556538
tile_r019043_c010083,3,339.6612243652344,511.4385681152344,405.3380737304688,516.3694458007812,0.0040735062211751
tile_r019043_c010083,3,334.0743103027344,521.9520263671875,405.8411560058594,524.7999877929688,0.0036382193211466
tile_r019043_c010083,3,107.04631042480467,-1.0318725109100342,156.11618041992188,16.765567779541016,0.003620475763455
tile_r019043_c010083,3,13.826342582702637,25.748571395874023,120.2767562866211,125.1325225830078,0.0035947195719927
tile_r019043_c010083,3,24.519588470458984,152.65945434570312,69.11195373535156,205.1391143798828,0.0034734541550278
tile_r019043_c010083,3,99.39845275878906,-6.258522033691406,154.49652099609375,9.831703186035156,0.0034720071125775
tile_r019043_c010083,3,162.04721069335938,409.4385681152344,223.4776306152344,476.13427734375,0.003165318397805
tile_r019043_c010083,3,262.11248779296875,242.8521270751953,284.704345703125,262.6840209960937,0.0030724969692528
tile_r019043_c010083,3,292.2620544433594,503.9861450195313,362.9969177246094,513.6144409179688,0.0030347693245857
tile_r019043_c010083,3,390.7012939453125,462.480712890625,416.2715759277344,486.7057189941406,0.0028990127611905
tile_r019043_c010083,3,320.7935485839844,513.5435791015625,389.4044799804688,523.7899169921875,0.002868992742151
tile_r019043_c010083,3,230.3320770263672,168.2101287841797,257.59991455078125,191.9029541015625,0.0025266150478273
tile_r019043_c010083,3,73.87361907958984,326.7403259277344,144.12078857421875,391.0234375,0.0025068602990359
tile_r019043_c010083,3,166.55484008789062,-0.3966705203056335,226.8389129638672,13.755365371704102,0.0023499708622694
tile_r019043_c010083,3,364.2247924804688,519.638671875,426.5428771972656,524.7999877929688,0.0022910360712558
tile_r019043_c010083,3,279.64385986328125,504.1875,349.99737548828125,513.8185424804688,0.0022897578310221
tile_r019043_c010083,3,184.0457305908203,214.3806610107422,239.89675903320312,270.62420654296875,0.0022852884139865
tile_r019043_c010083,3,308.73175048828125,514.9901123046875,369.0997619628906,524.21875,0.0022096983157098
tile_r019043_c010083,3,99.59122467041016,519.8698120117188,174.17018127441406,524.7999877929688,0.002019127132371
tile_r019043_c010083,3,203.2942352294922,24.99621963500977,261.3715209960937,79.1544418334961,0.0020189736969769
tile_r019043_c010083,3,110.85124206542967,521.6187744140625,181.01754760742188,524.7999877929688,0.0020182954613119
tile_r019043_c010083,3,274.9891967773437,521.0633544921875,349.0651550292969,524.7999877929688,0.0020134528167545
tile_r019043_c010083,3,281.43414306640625,515.3018798828125,339.3407592773437,523.99560546875,0.0020133759826421
tile_r019043_c010083,3,347.5355834960937,522.7230834960938,405.51654052734375,524.7999877929688,0.0019890242256224
tile_r019043_c010083,3,340.377197265625,512.9805908203125,407.60498046875,517.2317504882812,0.0019096406176686
tile_r019043_c010083,3,290.9623413085937,514.75390625,353.52911376953125,524.2581787109375,0.0018839325057342
tile_r019043_c010083,3,153.11624145507812,499.8697814941406,230.6055908203125,524.481689453125,0.0018687299452722
tile_r019043_c010083,3,313.65606689453125,503.15521240234375,401.8207092285156,518.436279296875,0.0018539601005613
tile_r019043_c010083,3,174.9630584716797,309.724609375,242.5437774658203,368.08740234375,0.0018131955293938
tile_r019043_c010083,3,56.724586486816406,225.8781280517578,110.97648620605467,263.20782470703125,0.0018104764167219
tile_r019043_c010083,3,101.6709976196289,453.6670837402344,116.3497085571289,465.8194274902344,0.001759301056154
tile_r019043_c010083,3,278.6046447753906,184.9916839599609,325.5460510253906,233.9267578125,0.0017519128741696
tile_r019043_c010083,3,25.101287841796875,521.1727294921875,86.31137084960938,524.7999877929688,0.0017360902857035
tile_r019043_c010083,3,273.864013671875,515.5938720703125,328.9153747558594,524.0774536132812,0.0016928166151046
tile_r019043_c010083,3,85.72431945800781,-12.800000190734863,159.8263702392578,2.717437744140625,0.0016358038410544
tile_r019043_c010083,3,126.9744873046875,520.4144287109375,201.7261657714844,524.7999877929688,0.0016074635786935
tile_r019043_c010083,3,83.22366333007812,339.0597229003906,138.0360107421875,379.1519470214844,0.0015641601057723
tile_r019043_c010083,3,407.54925537109375,36.5024299621582,426.72894287109375,52.24031829833984,0.0015620399499312
tile_r019043_c010083,3,312.83843994140625,521.9675903320312,392.238037109375,524.7999877929688,0.0015031691873446
tile_r019043_c010083,3,245.77944946289065,420.1516723632813,288.793212890625,465.7582092285156,0.001496689626947
tile_r019043_c010083,3,18.942480087280277,277.1361999511719,97.98702239990234,356.9280090332031,0.0014929083408787
tile_r019043_c010083,3,364.77685546875,512.4791870117188,435.4826049804688,524.0348510742188,0.0014624169562011
tile_r019043_c010083,3,53.61723709106445,520.0364379882812,117.37554931640624,524.7999877929688,0.0014303349889814
tile_r019043_c010083,3,272.4569702148437,511.3976440429688,363.4889221191406,523.279296875,0.0014170489739626
tile_r019043_c010083,3,48.682594299316406,205.1387176513672,125.94747161865234,281.5094299316406,0.0014160580467432
tile_r019043_c010083,3,89.49269104003906,517.7074584960938,166.93191528320312,524.7999877929688,0.0013795279664918
tile_r019043_c010083,3,302.31317138671875,504.4800720214844,395.9321899414063,521.2548828125,0.0013682049466297
tile_r019043_c010083,3,340.2232971191406,487.2064514160156,402.04205322265625,514.26171875,0.0013542210217565
tile_r019043_c010083,3,414.9193420410156,106.498291015625,478.6941528320313,174.432861328125,0.0013367197243496
tile_r019043_c010083,3,-9.684106826782228,521.7600708007812,47.8414192199707,524.7999877929688,0.001328250626102
tile_r019043_c010083,3,380.5655212402344,513.5528564453125,464.7111206054688,524.77490234375,0.0013224070426076
tile_r019043_c010083,3,77.6314468383789,434.1027221679688,123.1045379638672,478.0777282714844,0.0013017717283219
tile_r019043_c010083,3,135.85958862304688,488.2804565429688,214.94583129882807,523.7872314453125,0.00130046880804
tile_r019043_c010083,3,438.7859802246094,0.292755126953125,477.21527099609375,14.011322021484377,0.0012793659698218
tile_r019043_c010083,3,182.82974243164065,512.2998046875,257.0092163085937,524.7999877929688,0.0012651749420911
tile_r019043_c010083,3,152.24838256835938,403.33349609375,225.1600341796875,484.5701293945313,0.0012646652758121
tile_r019043_c010083,3,28.438379287719727,261.1713256835937,80.36964416503906,317.10601806640625,0.0012547528604045
tile_r019043_c010083,3,75.21988677978516,12.684869766235352,106.94032287597656,44.79221725463867,0.0012292717583477
tile_r019043_c010083,3,10.438528060913086,521.4232177734375,76.4638671875,524.7999877929688,0.0012264789547771
tile_r019043_c010083,3,285.8817749023437,520.71435546875,362.6700134277344,524.7999877929688,0.0012201111530885
tile_r019043_c010083,3,262.62548828125,515.8955688476562,322.0028381347656,524.4322509765625,0.0012184015940874
tile_r019043_c010083,3,327.3558349609375,290.494384765625,390.1761474609375,353.5997619628906,0.0012106588110327
tile_r019043_c010083,3,221.0117645263672,-12.302644729614258,299.77569580078125,0.291015625,0.0012052687816321
tile_r019043_c010083,3,64.1322021484375,519.913330078125,128.406494140625,524.7999877929688,0.0012047649361193
tile_r019043_c010083,3,469.2289123535156,0.0287994388490915,516.728515625,15.343945503234863,0.001198471407406
tile_r019043_c010083,3,35.118125915527344,520.1978149414062,98.8687744140625,524.7999877929688,0.0011654467089101
tile_r019043_c010083,3,210.470703125,522.2741088867188,279.1554260253906,524.7999877929688,0.001162702217698
tile_r019043_c010083,3,147.4574737548828,481.0317993164063,220.3397674560547,510.80572509765625,0.0011460847454145
tile_r019043_c010083,3,341.2596130371094,300.8862609863281,375.5856323242188,336.1889343261719,0.0011413329048082
tile_r019043_c010083,3,338.336181640625,465.28271484375,405.7896118164063,512.7926635742188,0.0011378565104678
tile_r019043_c010083,3,117.6962890625,-1.4454193115234375,159.98458862304688,27.986099243164062,0.0011336505413055
tile_r019043_c010083,3,-1.809655785560608,521.4343872070312,62.805641174316406,524.7999877929688,0.00112020294182
tile_r019043_c010083,3,31.144153594970703,59.52326583862305,113.23646545410156,119.473388671875,0.0011036872165277
tile_r019043_c010083,3,141.1572723388672,495.9542541503906,185.9696807861328,512.553466796875,0.0011035442585125
tile_r019043_c010083,3,0.3990112245082855,4.582079887390137,126.09757995605467,131.59750366210938,0.0010917437030002
tile_r019043_c010083,3,452.8921813964844,-4.76676082611084,515.0437622070312,6.128888130187988,0.0010733604431152
tile_r019043_c010083,3,521.611328125,-11.877859115600586,524.7999877929688,16.016342163085938,0.0010640748078003
tile_r019043_c010083,3,144.5321807861328,-12.800000190734863,227.1783142089844,2.1765410900115967,0.0010395828867331
tile_r019043_c010083,3,339.29852294921875,514.0408325195312,411.4884643554688,518.8054809570312,0.0010337135754525
tile_r019043_c010083,3,352.76690673828125,461.7715759277344,428.36376953125,511.6276245117188,0.0010330937802791
tile_r019043_c010083,3,118.8391342163086,521.953125,194.99685668945312,524.7999877929688,0.0010277549736201
tile_r019043_c010083,3,425.76507568359375,-5.344244480133057,477.64654541015625,6.784799098968506,0.0010252270149067
tile_r019043_c010083,3,178.27322387695312,145.43411254882812,214.9530334472656,184.9764862060547,0.0010229533072561
tile_r019043_c010083,3,120.1625518798828,-1.058342695236206,159.47265625,17.10394859313965,0.0010166914435103
tile_r019043_c010083,3,44.61788177490234,26.23138427734375,102.86392974853516,70.64935302734375,0.0010143540566787
tile_r019043_c010083,3,384.0908203125,448.05609130859375,427.16455078125,502.188232421875,0.0010139240184798
tile_r019043_c010083,3,167.98135375976562,-12.800000190734863,255.0114288330078,0.8373092412948608,0.0010052553843706
tile_r019043_c010339,3,-1.481054663658142,414.0122985839844,40.35084915161133,470.2224731445313,0.7692586183547974
tile_r019043_c010339,3,78.75102233886719,297.2190856933594,122.4748306274414,340.17901611328125,0.7660651803016663
tile_r019043_c010339,3,445.9125061035156,205.7782440185547,499.9369201660156,260.1347351074219,0.7501538991928101
tile_r019043_c010339,3,372.6306762695313,337.0650634765625,432.5217895507813,386.16790771484375,0.7379162311553955
tile_r019043_c010339,3,402.14947509765625,80.8566665649414,476.06060791015625,165.6984405517578,0.7209397554397583
tile_r019043_c010339,3,375.2353820800781,417.3262634277344,429.0681762695313,462.7771606445313,0.7040413618087769
tile_r019043_c010339,3,267.28680419921875,-1.1739075183868408,313.5636291503906,28.592626571655277,0.702421247959137
tile_r019043_c010339,3,290.44091796875,98.44354248046876,328.4727478027344,135.17767333984375,0.6767055988311768
tile_r019043_c010339,3,440.981201171875,0.2353653013706207,473.074951171875,25.4624137878418,0.6701206564903259
tile_r019043_c010339,3,133.60336303710938,459.9189453125,164.3489227294922,488.7138671875,0.666746973991394
tile_r019043_c010339,3,472.0830993652344,33.066749572753906,506.1720581054688,64.36595153808594,0.4404852390289306
tile_r019043_c010339,3,293.69482421875,205.4664764404297,330.1419372558594,239.2535858154297,0.3367299437522888
tile_r019043_c010339,3,489.9568481445313,129.9869842529297,512.1740112304688,157.211669921875,0.2890261113643646
tile_r019043_c010339,3,469.0870971679688,28.258642196655277,511.708984375,71.29856872558594,0.138565257191658
tile_r019043_c010339,3,98.3157196044922,496.5713806152344,136.9177703857422,513.1331176757812,0.137491300702095
tile_r019043_c010339,3,376.14068603515625,422.61669921875,421.5926208496094,457.6575317382813,0.0467829331755638
tile_r019043_c010339,3,263.0700988769531,-2.2169418334960938,316.1896667480469,34.9991455078125,0.046063981950283
tile_r019043_c010339,3,473.6585998535156,35.93412780761719,502.2320251464844,60.177024841308594,0.0363994613289833
tile_r019043_c010339,3,287.81304931640625,93.4501495361328,331.2991638183594,139.8877410888672,0.0299466997385025
tile_r019043_c010339,3,421.685302734375,114.68595886230467,464.137451171875,155.3133087158203,0.0274070538580417
tile_r019043_c010339,3,403.4630737304688,81.1116943359375,469.8755798339844,146.48184204101562,0.0253422800451517
tile_r019043_c010339,3,394.7752075195313,378.55181884765625,420.9661254882813,400.661865234375,0.0242094732820987
tile_r019043_c010339,3,412.174560546875,83.53517150878906,452.4090270996094,123.80421447753906,0.019879400730133
tile_r019043_c010339,3,130.71096801757812,455.71624755859375,167.16514587402344,492.01898193359375,0.0164822079241275
tile_r019043_c010339,3,412.1307678222656,92.8558120727539,464.5368041992188,156.658203125,0.0158131588250398
tile_r019043_c010339,3,-10.50848388671875,406.1143493652344,50.86055755615234,476.1965942382813,0.0116431629285216
tile_r019043_c010339,3,94.2222671508789,490.854248046875,142.28744506835938,513.2276611328125,0.0113377058878541
tile_r019043_c010339,3,370.42724609375,333.6663513183594,437.3525390625,400.7044372558594,0.0109952259808778
tile_r019043_c010339,3,405.1085815429688,81.79827880859375,458.4041137695313,130.86288452148438,0.0097979810088872
tile_r019043_c010339,3,487.82470703125,126.4203109741211,514.4869995117188,160.201171875,0.0093242553994059
tile_r019043_c010339,3,290.59930419921875,202.5545654296875,335.2290954589844,244.9371337890625,0.0064434851519763
tile_r019043_c010339,3,434.910888671875,-3.806561231613159,476.09368896484375,29.08696937561035,0.0060647469945251
tile_r019043_c010339,3,75.29820251464844,293.2928466796875,127.92535400390624,345.68853759765625,0.0051247621886432
tile_r019043_c010339,3,84.94801330566406,498.8493041992188,143.6038360595703,515.07373046875,0.0048372885212302
tile_r019043_c010339,3,91.88005065917967,504.59710693359375,143.5208282470703,521.9273071289062,0.0045397523790597
tile_r019043_c010339,3,82.7950210571289,497.2931213378906,131.92214965820312,513.4752197265625,0.0044049345888197
tile_r019043_c010339,3,72.3287124633789,508.6097106933594,144.93002319335938,516.1893920898438,0.0043454300612211
tile_r019043_c010339,3,437.9048461914063,197.56277465820312,507.1263122558594,270.33575439453125,0.0041937818750739
tile_r019043_c010339,3,383.6818237304688,419.88720703125,429.4867248535156,457.29296875,0.0040887338109314
tile_r019043_c010339,3,382.8884582519531,346.32135009765625,432.9423828125,381.6623229980469,0.0036506978794932
tile_r019043_c010339,3,453.9224548339844,211.5086975097656,495.5205078125,256.74920654296875,0.0034828365314751
tile_r019043_c010339,3,429.86474609375,118.1960678100586,462.8924865722656,150.82095336914062,0.0034092126879841
tile_r019043_c010339,3,78.87528991699219,521.9002075195312,148.37948608398438,524.7999877929688,0.0031612871680408
tile_r019043_c010339,3,36.40667724609375,503.03564453125,105.9676742553711,513.7301635742188,0.0031142267398536
tile_r019043_c010339,3,152.63174438476562,36.75886154174805,171.32594299316406,52.1912841796875,0.0028316031675785
tile_r019043_c010339,3,87.06867218017578,511.3030395507813,147.28952026367188,516.3681640625,0.0027973784599453
tile_r019043_c010339,3,134.76284790039062,462.3902893066406,160.16079711914062,486.73736572265625,0.0027447869069874
tile_r019043_c010339,3,67.0451889038086,511.4994201660156,133.38638305664062,523.8226318359375,0.0025182145182043
tile_r019043_c010339,3,96.2217025756836,488.9738159179688,158.14675903320312,513.3273315429688,0.0024803834967315
tile_r019043_c010339,3,295.11993408203125,100.9924545288086,325.7373046875,131.7343292236328,0.0022540369536727
tile_r019043_c010339,3,24.37539291381836,502.8182678222656,92.8066635131836,514.1915893554688,0.0021247053518891
tile_r019043_c010339,3,19.84222984313965,521.78564453125,89.40623474121094,524.7999877929688,0.0021030956413596
tile_r019043_c010339,3,274.1552124023437,2.103254795074463,312.44049072265625,26.476093292236328,0.0020195357501506
tile_r019043_c010339,3,51.6855583190918,514.7819213867188,110.9764175415039,524.3184814453125,0.0019683553837239
tile_r019043_c010339,3,91.7925796508789,522.7454833984375,149.38369750976562,524.7999877929688,0.0019361933227628
tile_r019043_c010339,3,510.85357666015625,118.6902084350586,521.332275390625,161.42404174804688,0.0019341165898367
tile_r019043_c010339,3,109.1284408569336,519.9943237304688,170.1265411376953,524.7999877929688,0.0018043349264189
tile_r019043_c010339,3,333.5738220214844,519.8839111328125,395.1831970214844,524.7999877929688,0.001726413029246
tile_r019043_c010339,3,27.334247589111328,515.1557006835938,81.64321899414062,524.0878295898438,0.0016674831276759
tile_r019043_c010339,3,262.51885986328125,520.6139526367188,328.31842041015625,524.7999877929688,0.0016587938880547
tile_r019043_c010339,3,34.5595703125,514.64013671875,94.57942962646484,524.2940673828125,0.0016578228678554
tile_r019043_c010339,3,358.70611572265625,196.0229949951172,419.4415588378906,260.262451171875,0.0016414672136306
tile_r019043_c010339,3,365.5720825195313,206.7737274169922,425.4319458007813,275.22772216796875,0.0016365764895454
tile_r019043_c010339,3,270.1943359375,1.251377820968628,304.74578857421875,24.963977813720703,0.001635254942812
tile_r019043_c010339,3,345.09442138671875,520.0418701171875,408.87646484375,524.7999877929688,0.0015843916917219
tile_r019043_c010339,3,285.11151123046875,85.95769500732422,342.38934326171875,151.7639923095703,0.0015382035635411
tile_r019043_c010339,3,498.1455993652344,105.5521240234375,522.0218505859375,172.52548217773438,0.0014867809368297
tile_r019043_c010339,3,366.6041564941406,405.0635681152344,441.84771728515625,474.4805603027344,0.0014838100178167
tile_r019043_c010339,3,329.7469787597656,-0.8233489990234375,382.6956481933594,14.938403129577637,0.0014785361709073
tile_r019043_c010339,3,172.28529357910156,201.51498413085935,334.714111328125,377.390869140625,0.0014734046999365
tile_r019043_c010339,3,58.35718536376953,501.7853393554688,144.1256866455078,518.6435546875,0.0014632778475061
tile_r019043_c010339,3,461.21142578125,21.9389762878418,513.20361328125,67.8267822265625,0.0014263129560276
tile_r019043_c010339,3,432.71771240234375,521.0217895507812,492.4151916503906,524.7999877929688,0.0014164296444505
tile_r019043_c010339,3,318.9482421875,518.6598510742188,386.3161010742188,524.7999877929688,0.0013683040160685
tile_r019043_c010339,3,86.32683563232422,512.8885498046875,150.4947967529297,517.22265625,0.00136592797935
tile_r019043_c010339,3,296.8303527832031,520.3350830078125,359.2057800292969,524.7999877929688,0.0013458873145282
tile_r019043_c010339,3,84.00787353515625,486.2523498535156,145.94898986816406,514.8533325195312,0.00133444275707
tile_r019043_c010339,3,77.97078704833984,464.2754821777344,149.95941162109375,513.7692260742188,0.0013287814799696
tile_r019043_c010339,3,485.9264526367188,81.046142578125,518.8358154296875,164.0110321044922,0.0013236097292974
tile_r019043_c010339,3,19.94913101196289,515.46142578125,71.68680572509766,524.2967529296875,0.0013169371522963
tile_r019043_c010339,3,108.01814270019533,511.2356567382813,179.9395751953125,524.0906982421875,0.0012819963740184
tile_r019043_c010339,3,49.30598068237305,522.0028076171875,127.0422134399414,524.7999877929688,0.0012748379958793
tile_r019043_c010339,3,350.48358154296875,501.6419982910156,408.1262817382813,514.6654052734375,0.0012607799144461
tile_r019043_c010339,3,252.0670928955078,520.7843627929688,315.09283447265625,524.7999877929688,0.0012395681114867
tile_r019043_c010339,3,302.80255126953125,519.1578979492188,364.82080078125,524.7999877929688,0.0012320288224145
tile_r019043_c010339,3,419.9125061035156,521.7578125,482.4119262695313,524.7999877929688,0.0012315694475546
tile_r019043_c010339,3,513.8475341796875,174.73233032226562,523.97802734375,232.9964904785156,0.0012210801942273
tile_r019043_c010339,3,287.2738647460937,198.2711944580078,343.7025146484375,257.4578552246094,0.0012105682399123
tile_r019043_c010339,3,342.9412536621094,-1.185570478439331,394.476806640625,15.303723335266112,0.0012025693431496
tile_r019043_c010339,3,354.181396484375,500.1229553222656,419.4934997558594,515.17626953125,0.0011985684977844
tile_r019043_c010339,3,30.406932830810547,521.2880859375,102.61512756347656,524.7999877929688,0.0011962617281824
tile_r019043_c010339,3,431.3190002441406,-12.46893310546875,479.70697021484375,23.93135643005371,0.0011945576407015
tile_r019043_c010339,3,85.18138122558594,300.8443908691406,119.55934143066406,336.2543334960937,0.0011758191976696
tile_r019043_c010339,3,257.0570678710937,-12.773778915405272,317.9467468261719,25.759395599365234,0.00117248960305
tile_r019043_c010339,3,476.5157165527344,35.499305725097656,505.5114135742188,69.64290618896484,0.0011544730514287
tile_r019043_c010339,3,213.2467803955078,520.6385498046875,277.6360778808594,524.7999877929688,0.001142619876191
tile_r019043_c010339,3,514.0367431640625,187.48239135742188,524.0252075195312,258.09930419921875,0.0011275277938693
tile_r019043_c010339,3,124.8919906616211,513.5843505859375,208.5569610595703,524.7433471679688,0.0011269705137237
tile_r019043_c010339,3,488.2646484375,132.46417236328125,508.443359375,154.78607177734375,0.0011204467155039
tile_r019043_c010339,3,275.4285583496094,520.5264892578125,341.8624572753906,524.7999877929688,0.0011169858044013
tile_r019043_c010339,3,447.5541076660156,-12.800000190734863,520.1380615234375,0.8382903933525085,0.0011062150588259
tile_r019043_c010339,3,238.4106903076172,520.3629150390625,301.96490478515625,524.7999877929688,0.0011001046514138
tile_r019043_c010339,3,351.7325744628906,-1.029730200767517,403.78173828125,14.909564018249512,0.0010786682832986
tile_r019043_c010339,3,94.2116241455078,461.32080078125,172.00503540039062,512.1563720703125,0.0010751258814707
tile_r019043_c010339,3,282.9466247558594,375.3259582519531,304.4329528808594,393.8483276367188,0.0010666415328159
tile_r019043_c010339,3,201.8071746826172,520.6157836914062,264.3755798339844,524.7999877929688,0.001062843366526
tile_r019043_c010339,3,300.3194885253906,417.3819274902344,380.1827697753906,507.8838806152344,0.0010613286867737
tile_r019043_c010339,3,309.8593139648437,-12.579744338989258,394.70159912109375,2.963916063308716,0.0010611972538754
tile_r019043_c010339,3,459.1475524902344,88.38638305664062,518.4578857421875,167.46182250976562,0.0010541048832237
tile_r019043_c010339,3,70.22338104248047,290.1221618652344,134.431884765625,354.1626892089844,0.001049667596817
tile_r019043_c010339,3,226.552490234375,520.7775268554688,289.5634155273437,524.7999877929688,0.0010330470977351
tile_r019043_c010339,3,258.4802551269531,-6.132940769195557,325.0175170898437,50.91307830810547,0.0010329211363568
tile_r019043_c010339,3,432.8390502929688,143.4945526123047,468.7124938964844,168.3671112060547,0.0010210507316514
tile_r019043_c010339,3,511.1441955566406,-12.800000190734863,524.6118774414062,1.7166534662246704,0.0010157953947782
tile_r019043_c010339,3,252.5759735107422,-12.693760871887209,299.41229248046875,-7.296261787414551,0.0010116776684299
tile_r019043_c010339,3,281.6365966796875,286.89813232421875,346.1723327636719,343.1407165527344,0.0010044177761301
tile_r019043_c010595,3,267.9109802246094,415.0054321289063,322.0958557128906,463.32720947265625,0.7974837422370911
tile_r019043_c010595,3,295.9759826660156,316.91534423828125,336.1029357910156,356.3076171875,0.7733829617500305
tile_r019043_c010595,3,190.39524841308597,206.0783233642578,243.965087890625,259.59393310546875,0.7650338411331177
tile_r019043_c010595,3,233.4220733642578,130.69326782226562,270.3082580566406,159.91018676757812,0.7641497254371643
tile_r019043_c010595,3,116.7753677368164,337.277099609375,176.1558380126953,385.8314514160156,0.7284898161888123
tile_r019043_c010595,3,119.2227554321289,417.2588806152344,172.8683624267578,462.28369140625,0.705115795135498
tile_r019043_c010595,3,10.856585502624512,-1.1854110956192017,57.69525146484375,29.127063751220703,0.6952069997787476
tile_r019043_c010595,3,146.5896759033203,81.1819076538086,219.9110107421875,165.4384002685547,0.6908617615699768
tile_r019043_c010595,3,33.57685470581055,98.0755386352539,72.56534576416016,135.64306640625,0.6816595196723938
tile_r019043_c010595,3,184.8762664794922,0.4806259274482727,217.067138671875,25.555347442626957,0.666418731212616
tile_r019043_c010595,3,393.1990356445313,458.9783325195313,430.5499877929688,492.3322143554688,0.6375136971473694
tile_r019043_c010595,3,215.7530517578125,33.886817932128906,250.6995849609375,68.21998596191406,0.5528208613395691
tile_r019043_c010595,3,37.18428421020508,205.42626953125,74.15104675292969,239.0464324951172,0.4599851369857788
tile_r019043_c010595,3,380.8506774902344,386.5705871582031,410.5267639160156,414.8506774902344,0.2875528633594513
tile_r019043_c010595,3,216.6703643798828,35.18134689331055,247.9018096923828,61.630836486816406,0.205930694937706
tile_r019043_c010595,3,213.0961456298828,31.43235206604004,254.549560546875,72.8733901977539,0.0965172424912452
tile_r019043_c010595,3,120.1814422607422,422.5987243652344,165.32217407226562,457.49755859375,0.0498072877526283
tile_r019043_c010595,3,6.436163425445557,-2.0488524436950684,60.95550537109375,36.21361541748047,0.0478103719651699
tile_r019043_c010595,3,166.31881713867188,114.9547882080078,207.6967315673828,154.68228149414062,0.0301127452403306
tile_r019043_c010595,3,147.8563995361328,81.47557067871094,212.8789978027344,142.94625854492188,0.0255130156874656
tile_r019043_c010595,3,138.8399200439453,378.6743774414063,164.87661743164062,400.7183227539063,0.0246874466538429
tile_r019043_c010595,3,156.4110107421875,83.66325378417969,196.1153106689453,123.3307647705078,0.0210452154278755
tile_r019043_c010595,3,239.5757293701172,133.89297485351562,269.93560791015625,157.21884155273438,0.0187845882028341
tile_r019043_c010595,3,231.93911743164065,126.77894592285156,274.4828186035156,162.97369384765625,0.0143842557445168
tile_r019043_c010595,3,156.5670928955078,93.8952407836914,208.31863403320312,155.932373046875,0.0138038266450166
tile_r019043_c010595,3,149.35128784179688,82.0770034790039,201.7638397216797,130.4088592529297,0.0102345077320933
tile_r019043_c010595,3,389.83056640625,456.3008728027344,434.72216796875,496.8001098632813,0.0102265551686286
tile_r019043_c010595,3,114.5274429321289,333.7637634277344,181.06771850585935,400.4412536621094,0.0096711525693535
tile_r019043_c010595,3,33.647796630859375,202.95266723632807,79.25514221191406,244.55441284179688,0.0079763466492295
tile_r019043_c010595,3,301.0629272460937,319.9031982421875,332.8465270996094,353.1291198730469,0.0065104295499622
tile_r019043_c010595,3,178.90634155273438,-3.2069091796875,219.93472290039065,29.05087280273437,0.0063174529932439
tile_r019043_c010595,3,27.876575469970703,91.44529724121094,77.4725341796875,141.79469299316406,0.004867160692811
tile_r019043_c010595,3,189.62814331054688,2.816873073577881,216.89309692382807,23.445316314697266,0.0047807092778384
tile_r019043_c010595,3,28.776844024658203,160.03207397460938,69.59455871582031,195.9940185546875,0.0045548966154456
tile_r019043_c010595,3,316.65606689453125,501.30572509765625,384.1549682617188,513.0775756835938,0.0043215188197791
tile_r019043_c010595,3,378.6119689941406,383.9930419921875,412.9967346191406,419.4776306152344,0.0041677840054035
tile_r019043_c010595,3,174.2381591796875,118.4269790649414,206.48876953125,150.24838256835938,0.0040261764079332
tile_r019043_c010595,3,127.076904296875,346.4959411621094,176.8219757080078,381.64459228515625,0.0039528701454401
tile_r019043_c010595,3,53.40126800537109,431.525390625,122.58602142333984,505.4376831054688,0.0038121303077787
tile_r019043_c010595,3,127.9616241455078,419.7015686035156,173.49618530273438,457.1691284179688,0.003599390387535
tile_r019043_c010595,3,397.0767517089844,501.0118103027344,463.3671875,513.2420654296875,0.0029239335563033
tile_r019043_c010595,3,200.2085418701172,211.8911590576172,240.5472717285156,255.73355102539065,0.0027485082391649
tile_r019043_c010595,3,112.3967514038086,209.4657745361328,169.3543243408203,272.00299072265625,0.0026524146087467
tile_r019043_c010595,3,285.6689453125,513.9537963867188,350.0035705566406,523.7180786132812,0.002501759910956
tile_r019043_c010595,3,290.75390625,312.3481140136719,340.6469116210937,364.2882690429688,0.0022071283310651
tile_r019043_c010595,3,275.6212463378906,514.17041015625,338.3736877441406,523.73193359375,0.002183528849855
tile_r019043_c010595,3,428.6905212402344,-1.1076812744140625,456.0526428222656,15.640146255493164,0.0021164254285395
tile_r019043_c010595,3,327.85870361328125,503.13232421875,392.45751953125,512.9500732421875,0.0021158393938094
tile_r019043_c010595,3,439.4884643554688,332.7094421386719,463.8590698242188,357.4659423828125,0.0019911674316972
tile_r019043_c010595,3,285.0787048339844,505.1904296875,363.5432739257813,513.1183471679688,0.0019788935314863
tile_r019043_c010595,3,267.3760681152344,514.6873779296875,326.87762451171875,523.82275390625,0.0019636005163192
tile_r019043_c010595,3,395.3287353515625,-12.66015625,463.6306762695313,0.8525787591934204,0.0019441451877355
tile_r019043_c010595,3,102.93928527832033,197.3706817626953,167.8228302001953,271.7074584960937,0.0019205019343644
tile_r019043_c010595,3,75.98335266113281,519.3284301757812,138.78829956054688,524.7999877929688,0.0019171952735632
tile_r019043_c010595,3,387.8144836425781,514.6746826171875,450.9751892089844,524.4277954101562,0.0017876140773296
tile_r019043_c010595,3,305.7758483886719,513.7205200195312,373.9834289550781,523.6962890625,0.0017795575549826
tile_r019043_c010595,3,257.7919311523437,400.9476623535156,334.0174560546875,472.7012634277344,0.0017707883380353
tile_r019043_c010595,3,226.45004272460935,123.48283386230467,277.01092529296875,167.4420623779297,0.0017565956804901
tile_r019043_c010595,3,319.7251281738281,513.9349975585938,386.20806884765625,523.8280029296875,0.001745359855704
tile_r019043_c010595,3,399.6651306152344,514.0892333984375,456.1161193847656,523.9498291015625,0.0017318213358521
tile_r019043_c010595,3,424.9251098632813,514.75830078125,488.99267578125,524.19189453125,0.001728355884552
tile_r019043_c010595,3,448.7727661132813,-12.686529159545898,523.1373901367188,0.771313488483429,0.0017227041535079
tile_r019043_c010595,3,415.7686462402344,514.1467895507812,475.3349609375,523.9065551757812,0.001716710277833
tile_r019043_c010595,3,88.19221496582031,519.8079833984375,153.0839385986328,524.7999877929688,0.0017108300235122
tile_r019043_c010595,3,407.0374450683594,500.3407287597656,478.32659912109375,513.5859375,0.0017052555922418
tile_r019043_c010595,3,478.73193359375,0.795013427734375,515.6619873046875,13.9490966796875,0.0016701522981747
tile_r019043_c010595,3,299.32342529296875,504.3651428222656,375.2537231445313,513.1735229492188,0.0016464234795421
tile_r019043_c010595,3,7.095410346984863,520.4521484375,73.82918548583984,524.7999877929688,0.0016425217036157
tile_r019043_c010595,3,38.46684646606445,420.8035583496094,121.54158020019533,511.652587890625,0.0015871373470872
tile_r019043_c010595,3,33.802608489990234,287.507080078125,93.7490692138672,341.2644958496094,0.001586286118254
tile_r019043_c010595,3,186.26199340820312,200.3782196044922,250.7462615966797,267.07598876953125,0.0015795715153217
tile_r019043_c010595,3,27.566177368164062,85.81709289550781,86.71055603027344,152.1514434814453,0.001572472625412
tile_r019043_c010595,3,61.53043365478516,518.0244750976562,129.99488830566406,524.7999877929688,0.0015626098029315
tile_r019043_c010595,3,-0.905718982219696,-5.939398288726807,71.00286865234375,53.316253662109375,0.001540933153592
tile_r019043_c010595,3,419.2242126464844,503.123779296875,487.5999145507813,513.442626953125,0.0014851154992356
tile_r019043_c010595,3,335.580322265625,514.68896484375,399.63421630859375,524.22705078125,0.0014837676426395
tile_r019043_c010595,3,414.7333068847656,521.046875,480.5773315429688,524.7999877929688,0.0014776116004213
tile_r019043_c010595,3,224.8518524169922,49.00211334228516,246.2837371826172,69.61824798583984,0.0014756612945348
tile_r019043_c010595,3,276.611572265625,503.7263793945313,351.862060546875,513.1939697265625,0.0014713541604578
tile_r019043_c010595,3,372.5614318847656,379.1370544433594,415.2897338867188,423.442626953125,0.0014656096464022
tile_r019043_c010595,3,460.8367309570313,-5.17023229598999,516.0882568359375,5.928393363952637,0.0014401293592527
tile_r019043_c010595,3,229.3190460205078,521.1826171875,294.06085205078125,524.7999877929688,0.0014284531353041
tile_r019043_c010595,3,384.9499816894531,452.8628845214844,439.1179809570313,504.8269653320313,0.0014278976013883
tile_r019043_c010595,3,39.894309997558594,519.9488525390625,104.46150970458984,524.7999877929688,0.0014194685500115
tile_r019043_c010595,3,402.2068481445313,520.4329833984375,470.8115234375,524.7999877929688,0.0013976296177133
tile_r019043_c010595,3,50.7205696105957,518.4192504882812,116.94425201416016,524.7999877929688,0.0013422109186649
tile_r019043_c010595,3,170.7137908935547,521.6468505859375,229.3657989501953,524.7999877929688,0.0013417182490229
tile_r019043_c010595,3,0.870983898639679,-12.800000190734863,66.27913665771484,35.629268646240234,0.0013383801560848
tile_r019043_c010595,3,310.7103881835937,521.2086181640625,380.50299072265625,524.7999877929688,0.0013365427730605
tile_r019043_c010595,3,353.18731689453125,514.9927978515625,417.22998046875,524.5945434570312,0.0013330011861398
tile_r019043_c010595,3,30.259593963623047,197.9033203125,88.05271911621094,257.71307373046875,0.0012834869557991
tile_r019043_c010595,3,72.59742736816406,-0.5594627261161804,127.3346939086914,14.77843952178955,0.0012743627885356
tile_r019043_c010595,3,38.70305252075195,100.78791809082033,69.694580078125,131.9661865234375,0.0012565550860017
tile_r019043_c010595,3,13.852190971374512,1.1656677722930908,49.4350471496582,25.78470993041992,0.0012453745584934
tile_r019043_c010595,3,372.7516479492188,515.2698974609375,440.5130004882813,524.7005615234375,0.0012370811309665
tile_r019043_c010595,3,206.2467803955078,24.227270126342773,256.8955993652344,70.32377624511719,0.0012231661239638
tile_r019043_c010595,3,408.7735290527344,503.9197387695313,468.2717895507813,513.5009765625,0.0012223224621266
tile_r019043_c010595,3,435.3388671875,514.3817138671875,512.013671875,524.7999877929688,0.001221006270498
tile_r019043_c010595,3,-2.697003126144409,520.43603515625,60.602272033691406,524.7999877929688,0.0012118257582187
tile_r019043_c010595,3,19.5224666595459,520.2779541015625,87.47698211669922,524.7999877929688,0.0011940877884626
tile_r019043_c010595,3,93.84217834472656,501.404296875,152.55648803710938,515.1693115234375,0.0011844232212752
tile_r019043_c010595,3,263.7861328125,504.6827087402344,341.11199951171875,513.2889404296875,0.0011766775278374
tile_r019043_c010595,3,20.9013786315918,375.2591552734375,95.5378875732422,462.8751831054688,0.0011749839177355
tile_r019043_c010595,3,235.8137664794922,134.33059692382812,262.46661376953125,155.5987091064453,0.0011612313101068
tile_r019043_c010595,3,97.2156753540039,499.63958740234375,163.51467895507812,515.724365234375,0.0011542272986844
tile_r019043_c010595,3,242.3771514892578,503.685302734375,312.38250732421875,513.4795532226562,0.0011538425460457
tile_r019043_c010595,3,301.13970947265625,510.94921875,389.4314575195313,522.2913818359375,0.0011520189000293
tile_r019043_c010595,3,181.72146606445312,520.3609619140625,242.7681427001953,524.7999877929688,0.0011493854690343
tile_r019043_c010595,3,365.4355773925781,519.8193969726562,436.6752014160156,524.7999877929688,0.001145991962403
tile_r019043_c010595,3,299.7447204589844,485.2994079589844,377.8045959472656,512.7160034179688,0.0011143850861117
tile_r019043_c010595,3,180.3568572998047,147.2674560546875,212.6661834716797,167.88894653320312,0.0011067747836932
tile_r019043_c010595,3,269.416015625,509.978759765625,365.0392456054688,520.9522705078125,0.0011067689629271
tile_r019043_c010595,3,459.7267456054688,515.528564453125,521.4796752929688,524.7999877929688,0.001101920264773
tile_r019043_c010595,3,111.30123138427734,406.0061950683594,185.39535522460935,474.6658630371094,0.0010992498137056
tile_r019043_c010595,3,196.9778594970703,-12.800000190734863,272.2846069335937,0.7393249273300171,0.0010743093444034
tile_r019043_c010595,3,-12.800000190734863,520.4625854492188,47.3683967590332,524.7999877929688,0.0010700076818466
tile_r019043_c010595,3,223.12744140625,520.5015869140625,286.7607421875,524.7999877929688,0.0010645660804584
tile_r019043_c010595,3,390.94927978515625,520.826416015625,460.660400390625,524.7999877929688,0.0010500901844352
tile_r019043_c010595,3,100.9625244140625,520.04052734375,165.86141967773438,524.7999877929688,0.0010492516448721
tile_r019043_c010595,3,85.19609832763672,196.666015625,176.4177703857422,301.26055908203125,0.0010473411530256
tile_r019043_c010595,3,324.3895874023437,522.165771484375,391.788818359375,524.7999877929688,0.0010430262191221
tile_r019043_c010595,3,468.8693237304688,0.5979889035224915,516.32861328125,15.316024780273438,0.0010351962409913
tile_r019043_c010595,3,0.7696670293807983,-12.73896598815918,43.5238151550293,-7.327450752258301,0.001028659637086
tile_r019043_c010595,3,174.14187622070312,-12.48926067352295,223.6183319091797,22.95157814025879,0.0010220935801044
tile_r019043_c010595,3,291.4197692871094,520.6219482421875,364.27728271484375,524.7999877929688,0.0010143514955416
tile_r019043_c010595,3,142.31155395507812,521.3558959960938,207.99685668945312,524.7999877929688,0.0010105122346431
tile_r019043_c010595,3,86.82466125488281,-0.9612976312637328,139.4801788330078,15.131643295288086,0.0010087442351505
tile_r019043_c010595,3,101.1551742553711,220.8575134277344,178.37753295898438,299.3827514648437,0.0010056284954771
tile_r019043_c010595,3,96.0110321044922,-0.811749279499054,148.8524932861328,14.890996932983398,0.0010038863401859
tile_r019043_c010595,3,17.382904052734375,515.1463012695312,88.61640930175781,524.7999877929688,0.0010036807507276
tile_r019043_c010851,3,408.5633239746094,84.74161529541016,463.389892578125,135.82266235351562,0.8017607927322388
tile_r019043_c010851,3,13.185144424438477,414.94964599609375,66.1697998046875,463.47406005859375,0.7949128746986389
tile_r019043_c010851,3,326.4244079589844,254.6058654785156,363.7391662597656,293.2344665527344,0.79289311170578
tile_r019043_c010851,3,39.66175079345703,316.723388671875,80.28872680664062,356.6941833496094,0.7860373854637146
tile_r019043_c010851,3,401.8396606445313,205.0909118652344,446.005859375,244.7736358642578,0.7659965753555298
tile_r019043_c010851,3,298.30914306640625,173.8217315673828,344.00738525390625,214.35888671875,0.7322868704795837
tile_r019043_c010851,3,137.1532440185547,459.0142517089844,174.447998046875,492.2308654785156,0.641463577747345
tile_r019043_c010851,3,481.5103454589844,433.9364318847656,515.4666137695312,479.3059692382813,0.6260194182395935
tile_r019043_c010851,3,423.8583068847656,-0.3129898011684418,465.9939575195313,31.19759559631348,0.4860199987888336
tile_r019043_c010851,3,124.9070816040039,386.3370056152344,154.78329467773438,414.880859375,0.2089881896972656
tile_r019043_c010851,3,484.8699340820313,441.68505859375,512.6242065429688,477.1276245117188,0.1181544661521911
tile_r019043_c010851,3,0.476876825094223,134.4667205810547,15.262008666992188,159.88217163085938,0.1069514602422714
tile_r019043_c010851,3,356.33453369140625,3.210435390472412,382.6238403320313,22.749378204345703,0.0738515630364418
tile_r019043_c010851,3,419.2096557617188,-1.6468505859375,468.53564453125,37.38280487060547,0.0613698624074459
tile_r019043_c010851,3,294.25018310546875,168.4873046875,348.6786499023437,219.759521484375,0.0290647540241479
tile_r019043_c010851,3,-4.0154876708984375,118.62174987792967,9.858114242553713,166.23794555664062,0.0143495090305805
tile_r019043_c010851,3,320.77587890625,251.5077667236328,366.2434692382813,301.0867614746094,0.0132717015221714
tile_r019043_c010851,3,483.7125854492188,424.6798706054688,523.8405151367188,483.3627014160156,0.0113358842208981
tile_r019043_c010851,3,430.1048889160156,2.6484084129333496,463.26171875,27.321746826171875,0.0111170001327991
tile_r019043_c010851,3,133.6580810546875,456.4061584472656,178.6086883544922,496.80322265625,0.0093039898201823
tile_r019043_c010851,3,1.239230394363403,131.47860717773438,18.32601928710937,161.1454620361328,0.0083788214251399
tile_r019043_c010851,3,301.2509765625,176.2856903076172,338.83935546875,209.74267578125,0.0068722725845873
tile_r019043_c010851,3,475.8678588867188,429.732177734375,516.4034423828125,485.242919921875,0.006678863428533
tile_r019043_c010851,3,487.1046447753906,449.6502380371094,512.6210327148438,476.583251953125,0.0052446271292865
tile_r019043_c010851,3,44.84588623046875,319.8338928222656,76.9170913696289,353.28533935546875,0.0051926039159297
tile_r019043_c010851,3,397.9406127929688,199.66323852539065,450.4576110839844,250.21240234375,0.004518608096987
tile_r019043_c010851,3,-4.047833442687988,130.48574829101562,9.320422172546388,162.73306274414062,0.0045006526634097
tile_r019043_c010851,3,61.40444946289063,501.2051696777344,128.1400909423828,513.0491943359375,0.0041696126572787
tile_r019043_c010851,3,462.5848693847656,28.649444580078125,509.4698181152344,84.74018096923828,0.0034199110232293
tile_r019043_c010851,3,488.2496948242188,330.6003112792969,514.0245361328125,373.42132568359375,0.0034049674868583
tile_r019043_c010851,3,141.65872192382812,500.9454040527344,206.82882690429688,513.1859130859375,0.0031432111281901
tile_r019043_c010851,3,413.1360473632813,-6.150988578796387,474.0570373535156,51.62241744995117,0.0026738056913018
tile_r019043_c010851,3,339.3753356933594,-1.9307159185409544,381.79095458984375,22.48788452148437,0.002594124758616
tile_r019043_c010851,3,30.0009765625,513.9943237304688,93.5072021484375,523.7291259765625,0.0025282609276473
tile_r019043_c010851,3,34.60489654541016,312.2841186523437,84.67277526855469,364.50482177734375,0.0025227940641343
tile_r019043_c010851,3,429.91015625,502.5033264160156,490.5904235839844,512.5847778320312,0.0025099634658545
tile_r019043_c010851,3,-3.700674533843994,105.2268524169922,7.119027614593506,166.86422729492188,0.0024981354363262
tile_r019043_c010851,3,122.35261535644533,383.2700805664063,157.5424041748047,419.70159912109375,0.0024895295500755
tile_r019043_c010851,3,332.3676147460937,258.1147766113281,361.1304321289063,289.9197082519531,0.0024893758818507
tile_r019043_c010851,3,460.5656127929688,20.366321563720703,515.3138427734375,95.65997314453124,0.0022896532900631
tile_r019043_c010851,3,393.7745971679688,521.6614379882812,461.0387573242188,524.7999877929688,0.0022325697354972
tile_r019043_c010851,3,411.5293884277344,504.2837829589844,482.0313415527344,512.771484375,0.0021617859601974
tile_r019043_c010851,3,73.03450012207031,503.07611083984375,136.2293243408203,512.9315795898438,0.0021494238171726
tile_r019043_c010851,3,395.0763549804688,515.5731201171875,451.5409240722656,523.7860107421875,0.0021318448707461
tile_r019043_c010851,3,401.4952087402344,503.8671875,467.4514770507813,513.0830078125,0.0020937197841703
tile_r019043_c010851,3,29.379383087158203,505.2080078125,107.2284927368164,513.0941162109375,0.0020445277914404
tile_r019043_c010851,3,235.5067901611328,-0.4269813597202301,290.74334716796875,13.92807960510254,0.0020219078287482
tile_r019043_c010851,3,387.3849792480469,502.94873046875,455.8851623535156,513.28857421875,0.001998042454943
tile_r019043_c010851,3,244.152587890625,385.3917236328125,330.0188903808594,479.7024536132813,0.0019356765551492
tile_r019043_c010851,3,15.095972061157228,514.7957763671875,71.12017822265625,523.844482421875,0.0018984590424224
tile_r019043_c010851,3,402.048828125,514.8733520507812,463.9525451660156,523.75439453125,0.0018638578476384
tile_r019043_c010851,3,383.293701171875,501.5962829589844,442.75140380859375,512.9884643554688,0.0018395704682916
tile_r019043_c010851,3,183.48101806640625,333.4491577148437,205.6820831298828,354.2910461425781,0.0017951765330508
tile_r019043_c010851,3,131.2065887451172,514.5996704101562,193.85806274414065,524.3856811523438,0.0017924656858667
tile_r019043_c010851,3,403.884521484375,79.41692352294922,471.10943603515625,142.2330322265625,0.0017341542989015
tile_r019043_c010851,3,5.033944606781006,401.1472778320313,77.08609771728516,472.5842895507813,0.0017256858991459
tile_r019043_c010851,3,49.79068756103516,513.61474609375,117.70057678222656,523.7317504882812,0.0017133393557742
tile_r019043_c010851,3,151.4035186767578,500.1851501464844,221.26986694335935,513.5167846679688,0.0016913047293201
tile_r019043_c010851,3,142.8555450439453,514.015380859375,199.1694793701172,523.9036865234375,0.0016891942359507
tile_r019043_c010851,3,291.0089416503906,160.88107299804688,352.1002502441406,228.9483184814453,0.0016877393936738
tile_r019043_c010851,3,43.76798248291016,504.3907165527344,118.9722900390625,513.1355590820312,0.0016677681123837
tile_r019043_c010851,3,382.1693115234375,521.5007934570312,449.7945251464844,524.7999877929688,0.0016610807506367
tile_r019043_c010851,3,64.65232849121094,513.7940063476562,130.18434143066406,523.8489990234375,0.0016498120967298
tile_r019043_c010851,3,20.5606689453125,503.6142578125,95.5684051513672,513.1951293945312,0.001515123178251
tile_r019043_c010851,3,411.2542114257813,514.76708984375,476.67919921875,523.68212890625,0.0015072297537699
tile_r019043_c010851,3,363.3797912597656,520.9183349609375,427.5939331054688,524.7999877929688,0.001501498860307
tile_r019043_c010851,3,159.4229278564453,514.0486450195312,219.0482482910156,523.8560791015625,0.00149125023745
tile_r019043_c010851,3,410.5155334472656,-12.533358573913574,472.7139587402344,29.87579727172852,0.0014748654793947
tile_r019043_c010851,3,188.5618438720703,122.4801025390625,252.3885040283203,197.2122802734375,0.0014585241442546
tile_r019043_c010851,3,80.7840576171875,514.7110595703125,143.5640411376953,524.2120971679688,0.001455606194213
tile_r019043_c010851,3,355.25811767578125,-0.7437164187431335,384.9296875,16.664382934570312,0.001454210258089
tile_r019043_c010851,3,168.49998474121094,514.4951171875,231.7606506347656,524.0910034179688,0.0014447825960814
tile_r019043_c010851,3,214.6416931152344,-12.800000190734863,294.3822326660156,1.7375701665878296,0.0014318389585241
tile_r019043_c010851,3,139.35018920898438,-12.626632690429688,208.500244140625,1.0180130004882812,0.0014054398052394
tile_r019043_c010851,3,158.8203582763672,521.0545043945312,224.1488494873047,524.7999877929688,0.0014043701812624
tile_r019043_c010851,3,128.57186889648438,452.6819458007813,182.803955078125,505.22900390625,0.0013813830446451
tile_r019043_c010851,3,317.64013671875,247.25619506835935,371.894775390625,309.5077514648437,0.0013763450551778
tile_r019043_c010851,3,146.3362274169922,520.3591918945312,213.09945678710935,524.7999877929688,0.0013735082466155
tile_r019043_c010851,3,97.92472839355467,514.9484252929688,160.2715606689453,524.5372924804688,0.0013522781664505
tile_r019043_c010851,3,61.24202728271485,521.5316162109375,129.17356872558594,524.7999877929688,0.0013272819342091
tile_r019043_c010851,3,267.72857666015625,519.6575927734375,333.2470092773437,524.7999877929688,0.0013162499526515
tile_r019043_c010851,3,386.4612426757813,515.6134033203125,441.6485290527344,524.1754760742188,0.0012960993917658
tile_r019043_c010851,3,163.7921600341797,502.67041015625,231.53421020507807,513.51611328125,0.0012876249384135
tile_r019043_c010851,3,495.40667724609375,420.4240112304688,523.8916625976562,482.2199096679688,0.0012854125816375
tile_r019043_c010851,3,116.9034194946289,515.1980590820312,183.1755828857422,524.6439208984375,0.0012691444717347
tile_r019043_c010851,3,173.29507446289062,-1.6323829889297483,200.5157165527344,15.771255493164062,0.0012665705289691
tile_r019043_c010851,3,109.6431655883789,519.823486328125,180.0416717529297,524.7999877929688,0.0012632794678211
tile_r019043_c010851,3,511.6082153320313,424.0894470214844,520.9196166992188,489.3259887695313,0.0012566766235977
tile_r019043_c010851,3,414.93560791015625,520.63720703125,483.286865234375,524.7999877929688,0.0012500891461968
tile_r019043_c010851,3,-10.169448852539062,119.6069793701172,15.817675590515137,163.22616577148438,0.001240654150024
tile_r019043_c010851,3,491.9566345214844,320.8919372558594,514.5197143554688,376.6595153808594,0.0012206510873511
tile_r019043_c010851,3,280.02642822265625,520.4918212890625,345.7398986816406,524.7999877929688,0.0011952535714954
tile_r019043_c010851,3,8.830114364624023,504.37353515625,84.77949523925781,513.2941284179688,0.0011926174629479
tile_r019043_c010851,3,13.627148628234863,510.1078186035156,108.4707260131836,521.15234375,0.0011656421702355
tile_r019043_c010851,3,311.375,-12.800000190734863,379.8648986816406,0.5052154660224915,0.001162227243185
tile_r019043_c010851,3,152.5592498779297,503.90185546875,211.3845672607422,513.3792114257812,0.0011437311768531
tile_r019043_c010851,3,135.124755859375,520.8289794921875,203.2371063232422,524.7999877929688,0.0011202247114852
tile_r019043_c010851,3,68.91561889648438,522.0897216796875,135.6951141357422,524.7999877929688,0.0011099042603746
tile_r019043_c010851,3,-1.8704040050506592,501.40960693359375,56.4443473815918,513.452880859375,0.0011042383266612
tile_r019043_c010851,3,0.6910339593887329,126.099609375,22.097192764282227,161.23849487304688,0.0010985385160893
tile_r019043_c010851,3,250.226318359375,519.3821411132812,315.3561096191406,524.7999877929688,0.0010912768775597
tile_r019043_c010851,3,433.3585815429688,515.0678100585938,508.1299743652344,524.4051513671875,0.0010904995724558
tile_r019043_c010851,3,45.43842697143555,510.73577880859375,133.2481231689453,522.3779907226562,0.0010866123484447
tile_r019043_c010851,3,35.767433166503906,520.60693359375,106.8061294555664,524.7999877929688,0.0010730630019679
tile_r019043_c010851,3,130.3363800048828,478.23486328125,204.62332153320312,513.115234375,0.001057761022821
tile_r019043_c010851,3,165.42649841308594,521.8839721679688,227.93392944335935,524.7999877929688,0.0010503452504053
tile_r019043_c010851,3,160.65248107910156,500.9144592285156,229.4345245361328,515.6934814453125,0.0010495155584067
tile_r019043_c010851,3,416.5230407714844,501.8723754882813,480.9376831054688,513.4600830078125,0.0010449821129441
tile_r019043_c010851,3,44.8291015625,485.2561645507813,121.65513610839844,512.7161254882812,0.0010409064125269
tile_r019043_c010851,3,349.7943725585937,520.5213012695312,410.5337829589844,524.7999877929688,0.0010317546548321
tile_r019043_c010851,3,116.23396301269533,377.9539489746094,159.62454223632812,424.55609130859375,0.0010294140083715
tile_r019043_c010851,3,153.8494873046875,30.791980743408203,198.65914916992188,84.28306579589844,0.0010225361911579
tile_r019043_c010851,3,329.33282470703125,244.86767578125,385.1257934570313,306.7980041503906,0.0010189041495323
tile_r019043_c010851,3,399.0274353027344,512.1878662109375,488.2499084472656,522.3216552734375,0.0010151332244277
tile_r019043_c010851,3,-1.832055687904358,520.6978759765625,68.9623794555664,524.7999877929688,0.0010120788356289
tile_r019043_c011107,3,225.0582733154297,430.20806884765625,274.7624816894531,478.9186096191406,0.8304681181907654
tile_r019043_c011107,3,152.31362915039062,84.51679992675781,207.4238739013672,136.188720703125,0.8033255338668823
tile_r019043_c011107,3,252.54800415039065,327.4635925292969,317.1874084472656,383.39849853515625,0.7945849895477295
tile_r019043_c011107,3,70.5899658203125,254.6144561767578,107.71150207519533,293.1234436035156,0.787604570388794
tile_r019043_c011107,3,145.7067413330078,204.9483337402344,190.1304168701172,244.9408264160156,0.7653037905693054
tile_r019043_c011107,3,326.81707763671875,294.63946533203125,371.5266723632813,336.2845764160156,0.7483185529708862
tile_r019043_c011107,3,375.6668090820313,438.8746032714844,433.2632751464844,487.67724609375,0.7373841404914856
tile_r019043_c011107,3,42.5268440246582,173.24160766601562,87.65323638916016,213.9402313232422,0.7208503484725952
tile_r019043_c011107,3,469.6398315429688,165.1699676513672,498.1994018554688,190.45230102539065,0.522567629814148
tile_r019043_c011107,3,167.3311004638672,-0.3704696595668793,210.20556640625,32.044700622558594,0.446878433227539
tile_r019043_c011107,3,493.1078186035156,124.9947738647461,513.2853393554688,151.7352294921875,0.4357337355613708
tile_r019043_c011107,3,100.26750183105467,3.0597167015075684,126.8136215209961,22.665912628173828,0.0508451648056507
tile_r019043_c011107,3,37.65984344482422,168.58206176757812,93.0069580078125,219.451904296875,0.0248855799436569
tile_r019043_c011107,3,494.4840698242188,112.0237274169922,520.92041015625,161.66079711914062,0.0238359384238719
tile_r019043_c011107,3,488.5741271972656,122.5389633178711,515.9173583984375,155.32412719726562,0.0225033517926931
tile_r019043_c011107,3,497.56292724609375,115.44873046875,520.565673828125,153.0774383544922,0.0223650634288787
tile_r019043_c011107,3,64.90910339355469,251.5151824951172,110.545654296875,300.61456298828125,0.0121017768979072
tile_r019043_c011107,3,173.8169403076172,2.509222507476806,207.5757751464844,27.73057174682617,0.0096747521311044
tile_r019043_c011107,3,45.27254104614258,176.34402465820312,82.72915649414062,209.5413360595703,0.0084241507574915
tile_r019043_c011107,3,382.0681762695313,442.469970703125,428.79541015625,483.660888671875,0.0068979426287114
tile_r019043_c011107,3,162.71127319335938,-1.841882348060608,216.5600128173828,38.04282760620117,0.006438709795475
tile_r019043_c011107,3,141.84573364257812,199.7490234375,194.6421661376953,250.4844665527344,0.0053861127234995
tile_r019043_c011107,3,267.5609130859375,503.3983459472656,328.4762878417969,512.7725830078125,0.005020928569138
tile_r019043_c011107,3,499.2238159179688,100.6558609008789,522.9134521484375,165.1477508544922,0.0045125102624297
tile_r019043_c011107,3,431.7012634277344,409.7162170410156,515.2969970703125,507.8132934570313,0.0034141626674681
tile_r019043_c011107,3,261.1798095703125,503.73095703125,317.8238525390625,513.22314453125,0.0031165103428065
tile_r019043_c011107,3,267.56591796875,501.1950073242188,332.77752685546875,513.9323120117188,0.0029845153912901
tile_r019043_c011107,3,172.74758911132812,502.1287231445313,236.44876098632807,512.7564697265625,0.0028460258617997
tile_r019043_c011107,3,154.434814453125,503.9464721679688,226.6971740722656,512.9091796875,0.0025948390830308
tile_r019043_c011107,3,156.7390594482422,-6.821771144866943,219.8775329589844,51.93383026123047,0.0025807556230574
tile_r019043_c011107,3,143.8009796142578,503.395263671875,212.8605194091797,513.2996826171875,0.002452471293509
tile_r019043_c011107,3,76.3629150390625,258.12481689453125,105.0537338256836,289.7935485839844,0.0024138325825333
tile_r019043_c011107,3,137.74502563476562,515.4826049804688,196.47232055664065,523.8049926757812,0.0023254049010574
tile_r019043_c011107,3,137.1728973388672,521.7987060546875,206.44015502929688,524.7999877929688,0.0022925666999071
tile_r019043_c011107,3,257.2975769042969,514.3587646484375,311.9978332519531,523.3968505859375,0.0022807363420724
tile_r019043_c011107,3,129.8224334716797,502.5533142089844,200.8692169189453,513.53515625,0.0022290353663265
tile_r019043_c011107,3,125.7652816772461,501.0206909179688,187.320068359375,513.2727661132812,0.0020145778544247
tile_r019043_c011107,3,268.3832397460937,513.9407958984375,333.1405639648437,523.5604858398438,0.0020101920235902
tile_r019043_c011107,3,144.70114135742188,514.7335205078125,208.7022247314453,523.7555541992188,0.0019851226825267
tile_r019043_c011107,3,321.2045288085937,291.3510131835937,375.3777770996094,343.274658203125,0.0019323658198118
tile_r019043_c011107,3,82.1584701538086,-2.487835645675659,126.2000961303711,22.31097412109375,0.0019163823453709
tile_r019043_c011107,3,257.51580810546875,487.9126892089844,328.24835205078125,513.1578369140625,0.0019159839721396
tile_r019043_c011107,3,467.8250122070313,155.75534057617188,503.7496032714844,199.7835693359375,0.0017554239602759
tile_r019043_c011107,3,276.33599853515625,514.4161376953125,346.8241882324219,524.0838623046875,0.0017277003498747
tile_r019043_c011107,3,125.4513168334961,521.6382446289062,194.8473358154297,524.7999877929688,0.0017239797161892
tile_r019043_c011107,3,147.7471160888672,79.21153259277344,215.0272521972656,142.7587432861328,0.0017212179955095
tile_r019043_c011107,3,249.41586303710935,515.0389404296875,304.203369140625,523.9996948242188,0.0016666434239596
tile_r019043_c011107,3,271.0777893066406,498.8055114746094,346.997314453125,514.0343017578125,0.0016310092760249
tile_r019043_c011107,3,106.6718521118164,520.9826049804688,172.2971954345703,524.7999877929688,0.0016020432813093
tile_r019043_c011107,3,153.7918701171875,514.5570678710938,221.1752471923828,523.6661376953125,0.0015502844471484
tile_r019043_c011107,3,244.9850616455078,522.3307495117188,312.7372131347656,524.7999877929688,0.0014761256752535
tile_r019043_c011107,3,509.9189453125,115.22686767578124,522.5515747070312,157.08148193359375,0.0014673111727461
tile_r019043_c011107,3,60.712623596191406,247.0772399902344,116.0391845703125,309.7168884277344,0.001452840748243
tile_r019043_c011107,3,35.18072509765625,160.84243774414062,96.40494537353516,228.7074737548828,0.0013667697785422
tile_r019043_c011107,3,232.5918884277344,511.6148071289063,318.56207275390625,521.9063720703125,0.0013565632980316
tile_r019043_c011107,3,147.72073364257812,521.1279296875,217.74948120117188,524.7999877929688,0.0013426609802991
tile_r019043_c011107,3,18.40374755859375,519.9894409179688,86.47432708740234,524.7999877929688,0.0013407742371782
tile_r019043_c011107,3,291.9374389648437,515.2000732421875,360.1842346191406,524.2813720703125,0.0013185524148866
tile_r019043_c011107,3,440.5199279785156,518.3679809570312,515.06005859375,524.7999877929688,0.0012951529351994
tile_r019043_c011107,3,153.55886840820312,-12.505581855773926,216.1493377685547,29.278270721435547,0.0012812170898541
tile_r019043_c011107,3,164.8714599609375,500.531494140625,233.0142822265625,513.7036743164062,0.0012644749367609
tile_r019043_c011107,3,165.32821655273438,521.3077392578125,233.6329040527344,524.7999877929688,0.001245574443601
tile_r019043_c011107,3,472.2579040527344,139.87930297851562,507.6380004882813,193.13754272460935,0.0012391147902235
tile_r019043_c011107,3,319.48260498046875,282.6221618652344,382.7772521972656,352.860107421875,0.0012123297201469
tile_r019043_c011107,3,483.5791931152344,-1.0561668872833252,515.7776489257812,14.387423515319824,0.0012067052302882
tile_r019043_c011107,3,461.9124450683594,-12.708633422851562,518.1263427734375,1.3703033924102783,0.0011936493683606
tile_r019043_c011107,3,6.527307033538818,519.5245971679688,74.44361877441406,524.7999877929688,0.0011924231657758
tile_r019043_c011107,3,511.3876037597656,117.19401550292967,524.7999877929688,169.5447998046875,0.001189395552501
tile_r019043_c011107,3,206.7344665527344,21.71994400024414,278.0904846191406,92.5910873413086,0.0011758595937862
tile_r019043_c011107,3,510.9639587402344,508.2765502929688,524.5485229492188,524.7999877929688,0.0011729253455996
tile_r019043_c011107,3,31.17049598693848,520.6007690429688,96.9867172241211,524.7999877929688,0.0011679844465106
tile_r019043_c011107,3,486.4766540527344,111.6593246459961,518.1954956054688,157.6691436767578,0.0011317374883219
tile_r019043_c011107,3,311.51397705078125,515.1494140625,377.0309448242188,524.7999877929688,0.0011306140804663
tile_r019043_c011107,3,454.8443298339844,520.11083984375,523.0851440429688,524.7999877929688,0.0011247585061937
tile_r019043_c011107,3,92.9122543334961,520.51416015625,155.28305053710938,524.7999877929688,0.0011135473614558
tile_r019043_c011107,3,239.5609893798828,516.4031982421875,294.507080078125,524.7164306640625,0.0010952192824333
tile_r019043_c011107,3,137.0721893310547,512.8621215820312,226.89816284179688,522.7086181640625,0.0010941624641418
tile_r019043_c011107,3,176.25140380859375,514.9482421875,244.62142944335935,524.0451049804688,0.0010919844498857
tile_r019043_c011107,3,502.2984008789063,116.1818389892578,524.069091796875,158.59463500976562,0.0010780493030324
tile_r019043_c011107,3,404.2432556152344,514.6236572265625,486.6942443847656,524.7999877929688,0.0010699266567826
tile_r019043_c011107,3,55.50263595581055,-12.800000190734863,124.9538803100586,0.564044177532196,0.0010467870160937
tile_r019043_c011107,3,254.1394500732422,502.8417053222656,309.2696228027344,512.8990478515625,0.0010402109473943
tile_r019043_c011107,3,364.6451416015625,521.88671875,429.6463012695313,524.7999877929688,0.0010390299139544
tile_r019043_c011107,3,164.6636962890625,514.8326416015625,232.53543090820312,523.64697265625,0.0010272141080349
tile_r019043_c011107,3,342.91485595703125,505.2503051757813,412.54046630859375,513.2493286132812,0.0010163974948227
tile_r019043_c011107,3,232.38742065429688,457.9685668945313,264.8450012207031,475.88818359375,0.0010113572934642
tile_r019043_c011107,3,438.842041015625,513.8499755859375,523.0047607421875,524.7999877929688,0.001010202220641
tile_r019043_c011107,3,-3.431512355804444,519.4371337890625,62.11237335205078,524.7999877929688,0.0010072273435071
tile_r019043_c011107,3,72.66897583007812,244.2899627685547,129.3699493408203,307.02899169921875,0.0010017467429861
tile_r019043_c011363,3,-1.647528052330017,326.1145324707031,62.15620803833008,384.5221557617188,0.8083913922309875
tile_r019043_c011363,3,293.77508544921875,255.53439331054688,345.17889404296875,303.08966064453125,0.7944721579551697
tile_r019043_c011363,3,272.4389953613281,45.69454193115234,314.8309326171875,84.98484802246094,0.790276288986206
tile_r019043_c011363,3,342.4655456542969,404.4612731933594,394.7648620605469,455.3141174316406,0.7858138680458069
tile_r019043_c011363,3,119.9122543334961,439.1187133789063,176.94906616210938,487.181884765625,0.7463324666023254
tile_r019043_c011363,3,70.3020248413086,294.4413146972656,115.7468490600586,336.5708923339844,0.7454545497894287
tile_r019043_c011363,3,394.5916442871094,239.5271453857422,447.859130859375,282.8551330566406,0.7401887774467468
tile_r019043_c011363,3,235.2532196044922,124.3543701171875,274.3587951660156,159.0221405029297,0.6918643712997437
tile_r019043_c011363,3,377.75677490234375,119.69189453125,409.2395935058594,151.7572784423828,0.6421390771865845
tile_r019043_c011363,3,485.73583984375,350.98260498046875,515.6964111328125,393.7179565429688,0.4130624532699585
tile_r019043_c011363,3,213.0117645263672,164.75881958007812,243.0112762451172,191.0815887451172,0.2707461416721344
tile_r019043_c011363,3,489.02197265625,354.3719787597656,512.9987182617188,391.21630859375,0.1109957098960876
tile_r019043_c011363,3,0.1527740508317947,428.17230224609375,20.44781875610352,480.5431213378906,0.0353338122367858
tile_r019043_c011363,3,482.0277404785156,343.5986328125,517.4117431640625,398.7178649902344,0.0284993555396795
tile_r019043_c011363,3,231.0370635986328,119.9499740600586,277.9017028808594,162.50064086914062,0.0245435256510972
tile_r019043_c011363,3,0.9102233648300172,426.22412109375,24.420074462890625,474.0008850097656,0.0158696360886096
tile_r019043_c011363,3,373.0396423339844,115.2668228149414,413.67913818359375,157.0985107421875,0.0140932509675621
tile_r019043_c011363,3,-4.689599514007568,318.3765563964844,71.23204040527344,388.8997192382813,0.0097535764798522
tile_r019043_c011363,3,496.1767578125,344.4717712402344,520.1939697265625,408.8248901367188,0.0082259075716137
tile_r019043_c011363,3,348.7699279785156,409.0913696289063,391.0462951660156,451.5442810058594,0.0078642219305038
tile_r019043_c011363,3,125.802978515625,442.6615295410156,172.7064666748047,483.5521545410156,0.0076176086440682
tile_r019043_c011363,3,494.3689575195313,339.97674560546875,523.7605590820312,398.5309448242188,0.0074257012456655
tile_r019043_c011363,3,10.029583930969238,502.3443908691406,72.81877899169922,512.9813842773438,0.0063979383558034
tile_r019043_c011363,3,-9.84657859802246,415.9954528808594,23.857006072998047,477.691650390625,0.0055194282904267
tile_r019043_c011363,3,269.07257080078125,40.86946868896485,317.8581848144531,90.18546295166016,0.0054097548127174
tile_r019043_c011363,3,409.4797973632813,501.50396728515625,470.369140625,513.225830078125,0.0053692823275923
tile_r019043_c011363,3,443.2638244628906,502.5550231933594,509.245849609375,513.4071655273438,0.0044523538090288
tile_r019043_c011363,3,176.11318969726562,420.1531677246094,253.4310607910156,513.4764404296875,0.0043891430832445
tile_r019043_c011363,3,390.3405456542969,230.862548828125,455.4823303222656,290.2745056152344,0.0041304831393063
tile_r019043_c011363,3,0.9384765625,428.3269958496094,17.852642059326172,463.9371643066406,0.0038948338478803
tile_r019043_c011363,3,428.7864379882813,503.7626953125,498.4825134277344,513.04931640625,0.0034363905433565
tile_r019043_c011363,3,5.079199314117432,502.9548950195313,62.25984954833984,513.74609375,0.0033832027111202
tile_r019043_c011363,3,298.1097106933594,262.49462890625,337.3710327148437,298.92010498046875,0.0033520385622978
tile_r019043_c011363,3,238.0165557861328,127.7419891357422,271.3717346191406,155.9464874267578,0.0032260995358228
tile_r019043_c011363,3,410.895751953125,513.6223754882812,476.7845153808594,523.5671997070312,0.0029485686682164
tile_r019043_c011363,3,419.1922912597656,513.7744750976562,491.2341918945313,523.7752685546875,0.0027892456855624
tile_r019043_c011363,3,407.8645629882813,503.7827758789063,461.00537109375,512.994873046875,0.0027178907766938
tile_r019043_c011363,3,191.2793884277344,429.0035095214844,256.0494079589844,504.15185546875,0.002683469094336
tile_r019043_c011363,3,419.0309448242188,501.0360412597656,495.3427734375,514.1832885742188,0.0026829573325812
tile_r019043_c011363,3,284.3332824707031,241.1892547607422,355.95672607421875,316.96697998046875,0.002673250157386
tile_r019043_c011363,3,227.99380493164065,-1.0990111827850342,272.3811950683594,14.3688383102417,0.0026069292798638
tile_r019043_c011363,3,442.5835876464844,521.3189697265625,507.6251831054688,524.7999877929688,0.0025574492756277
tile_r019043_c011363,3,11.602282524108888,513.7771606445312,77.53843688964844,523.5270385742188,0.0024811057373881
tile_r019043_c011363,3,432.747314453125,514.3450317382812,508.9419555664063,524.01806640625,0.0024147790390998
tile_r019043_c011363,3,275.7183532714844,48.795692443847656,311.1722717285156,81.54139709472656,0.0022901534102857
tile_r019043_c011363,3,400.2824096679688,243.7279815673828,444.1159057617188,279.7469787597656,0.0022062442731112
tile_r019043_c011363,3,14.742785453796388,498.5968627929688,90.8365707397461,514.4754028320312,0.0022001487668603
tile_r019043_c011363,3,400.9625854492188,514.83447265625,456.5726623535156,523.6594848632812,0.0021929240319877
tile_r019043_c011363,3,-9.470703125,521.8805541992188,52.05318069458008,524.7999877929688,0.0021048467606306
tile_r019043_c011363,3,18.756031036376957,514.24365234375,90.9825210571289,523.9920654296875,0.0020910713355988
tile_r019043_c011363,3,65.13966369628906,291.2476501464844,119.5277099609375,343.09259033203125,0.0020908673759549
tile_r019043_c011363,3,2.797821044921875,514.6806640625,56.68971633911133,523.5704956054688,0.00204424187541
tile_r019043_c011363,3,394.782958984375,521.85693359375,463.911865234375,524.7999877929688,0.0019794474355876
tile_r019043_c011363,3,319.43975830078125,503.0438537597656,383.16802978515625,513.3250732421875,0.0019532113801687
tile_r019043_c011363,3,449.4359436035156,515.567138671875,518.3974609375,524.1815795898438,0.0019175056368112
tile_r019043_c011363,3,511.3746948242188,345.00860595703125,524.7999877929688,413.8015747070313,0.001822949736379
tile_r019043_c011363,3,393.2972106933594,515.3575439453125,448.984619140625,524.2891845703125,0.0017914513591676
tile_r019043_c011363,3,3.036230564117432,486.5988159179688,71.1024398803711,514.35546875,0.0017896241042762
tile_r019043_c011363,3,-2.6197752952575684,522.386474609375,66.48677825927734,524.7999877929688,0.00177471304778
tile_r019043_c011363,3,231.6810302734375,520.7669067382812,297.5714111328125,524.7999877929688,0.0017317250603809
tile_r019043_c011363,3,196.2283172607422,519.1627197265625,266.56396484375,524.7999877929688,0.0016896558227017
tile_r019043_c011363,3,409.0243225097656,486.4505004882813,497.7403259277344,513.7703857421875,0.0016800465527921
tile_r019043_c011363,3,473.791748046875,343.07635498046875,518.3162841796875,411.0867309570313,0.0016694670775905
tile_r019043_c011363,3,508.33935546875,345.2413024902344,519.9879760742188,403.4966735839844,0.0016361705493181
tile_r019043_c011363,3,0.785113513469696,328.9844665527344,53.74196243286133,377.1387634277344,0.0016137395286932
tile_r019043_c011363,3,33.008426666259766,515.0416870117188,104.3389892578125,524.2088623046875,0.0015472900122404
tile_r019043_c011363,3,483.5130920410156,343.63946533203125,524.0787353515625,409.662109375,0.0015036100521683
tile_r019043_c011363,3,-1.3078796863555908,420.765869140625,37.26215362548828,485.5719299316406,0.0014624197501689
tile_r019043_c011363,3,182.87940979003903,517.9192504882812,255.904296875,524.7999877929688,0.0014465179992839
tile_r019043_c011363,3,385.4522399902344,509.77783203125,473.9085998535156,522.2415161132812,0.0014380887150764
tile_r019043_c011363,3,436.0866088867188,500.2825317382813,513.2633666992188,515.0482177734375,0.001402223133482
tile_r019043_c011363,3,420.16217041015625,521.8922729492188,495.135009765625,524.7999877929688,0.0013989985454827
tile_r019043_c011363,3,419.8849487304688,484.9762268066406,511.7626953125,515.0116577148438,0.0013901082566007
tile_r019043_c011363,3,14.605016708374023,503.1438598632813,86.7509536743164,513.2210083007812,0.0013556624762713
tile_r019043_c011363,3,374.4806213378906,515.5863037109375,434.41412353515625,524.7999877929688,0.0013411453692242
tile_r019043_c011363,3,218.2098693847656,520.3348388671875,280.90966796875,524.7999877929688,0.0013343716273084
tile_r019043_c011363,3,220.7892608642578,-6.319959163665772,271.6075134277344,7.865832328796387,0.0013096861075609
tile_r019043_c011363,3,328.05694580078125,501.6448669433594,394.2393493652344,513.0072021484375,0.0012953941477462
tile_r019043_c011363,3,207.8918914794922,-12.800000190734863,281.90435791015625,1.6321548223495483,0.0012802161509171
tile_r019043_c011363,3,53.1529426574707,515.13037109375,122.14256286621094,524.7999877929688,0.0012778625823557
tile_r019043_c011363,3,243.9051818847656,520.25439453125,310.4126892089844,524.7999877929688,0.0012769633904099
tile_r019043_c011363,3,332.629638671875,515.029296875,387.1087036132813,524.0408935546875,0.0012715231860056
tile_r019043_c011363,3,408.5626525878906,522.04541015625,480.1075744628906,524.7999877929688,0.0012683075619861
tile_r019043_c011363,3,358.0706481933594,515.5095825195312,416.3010864257813,524.3138427734375,0.0012571908300742
tile_r019043_c011363,3,86.36593627929688,505.2079162597656,157.0175018310547,513.2800903320312,0.0012089232914149
tile_r019043_c011363,3,483.4124145507813,513.5191650390625,523.3878784179688,524.6297607421875,0.001191139803268
tile_r019043_c011363,3,468.8089904785156,320.24053955078125,520.2468872070312,402.8469848632813,0.0011731325648725
tile_r019043_c011363,3,263.1375427246094,35.03117370605469,323.6405639648437,97.0770492553711,0.001158186700195
tile_r019043_c011363,3,343.1649780273437,515.1192626953125,401.2522888183594,524.1320190429688,0.0011541277635842
tile_r019043_c011363,3,-4.139688014984131,417.2373962402344,10.92480182647705,475.47607421875,0.0011525397421792
tile_r019043_c011363,3,-10.11883544921875,391.8917846679688,33.21613311767578,481.7850646972656,0.0011412308085709
tile_r019043_c011363,3,108.04206848144533,521.8170776367188,174.0158233642578,524.7999877929688,0.0011399269569665
tile_r019043_c011363,3,455.4446411132813,522.2060546875,519.6588745117188,524.7999877929688,0.0011207226198166
tile_r019043_c011363,3,324.502685546875,514.912353515625,375.9142150878906,524.095947265625,0.0011188995558768
tile_r019043_c011363,3,132.94186401367188,514.5906372070312,201.9707946777344,524.7999877929688,0.0011039669625461
tile_r019043_c011363,3,307.89910888671875,501.6845703125,375.063232421875,513.6260986328125,0.0010910180862993
tile_r019043_c011363,3,82.59300231933594,515.2141723632812,137.91329956054688,524.4703979492188,0.0010740361176431
tile_r019043_c011363,3,-8.110974311828613,511.7837829589844,79.51676177978516,522.232421875,0.0010653908830136
tile_r019043_c011363,3,155.55435180664062,518.9722900390625,221.15658569335935,524.7999877929688,0.0010653067147359
tile_r019043_c011363,3,0.872662365436554,432.57757568359375,10.90161418914795,474.57025146484375,0.0010583400726318
tile_r019043_c011363,3,76.82618713378906,504.2810668945313,145.53610229492188,513.2365112304688,0.0010402877815067
tile_r019043_c011363,3,331.0782775878906,390.5880737304688,406.6268005371094,470.5753784179688,0.0010402282932773
tile_r019043_c011363,3,151.73434448242188,514.16943359375,231.48876953125,524.7999877929688,0.0010306307813152
tile_r019043_c011363,3,224.33349609375,114.9834442138672,281.27508544921875,174.06234741210938,0.001028279424645
tile_r019043_c011363,3,171.55653381347656,517.9465942382812,240.8181610107422,524.7999877929688,0.0010235084919258
tile_r019043_c011363,3,309.50103759765625,522.4036254882812,376.9819946289063,524.7999877929688,0.0010216593509539
tile_r019043_c011363,3,9.07409381866455,483.8380737304688,92.31950378417967,515.3197021484375,0.0010191542096436
tile_r019043_c011363,3,121.7449951171875,521.0339965820312,186.3701171875,524.7999877929688,0.0010181312682107
tile_r019043_c011363,3,119.5491943359375,515.2387084960938,183.6222686767578,524.3966064453125,0.0010127482237294
tile_r019043_c011363,3,-11.172082901000977,511.6566467285156,59.59846115112305,523.5558471679688,0.0010086226975545
tile_r019043_c011363,3,94.6187515258789,515.5172729492188,147.63711547851562,524.0672607421875,0.0010072340955957
tile_r019043_c011363,3,423.585205078125,512.8782958984375,511.008544921875,522.26171875,0.0010032438440248
tile_r019043_c011363,3,100.1526336669922,514.9296875,158.27584838867188,524.0325927734375,0.0010025567607954
tile_r019043_c011619,3,411.4418029785156,104.78216552734376,452.4367065429688,141.90887451171875,0.7979871034622192
tile_r019043_c011619,3,37.29451751708984,254.94091796875,89.63404846191406,303.4784240722656,0.7967260479927063
tile_r019043_c011619,3,15.933484077453612,45.690711975097656,58.7218017578125,85.153564453125,0.7909572124481201
tile_r019043_c011619,3,86.53450775146484,404.6696166992188,138.60626220703125,455.2207946777344,0.7859864234924316
tile_r019043_c011619,3,234.27413940429688,350.60870361328125,280.22857666015625,393.0432739257813,0.7479280233383179
tile_r019043_c011619,3,139.1098175048828,239.5449981689453,191.58670043945312,282.8432922363281,0.7388307452201843
tile_r019043_c011619,3,432.4491271972656,160.5945281982422,494.6725463867188,217.7378387451172,0.7034160494804382
tile_r019043_c011619,3,122.2021026611328,119.9502182006836,152.8058624267578,151.43722534179688,0.6767568588256836
tile_r019043_c011619,3,388.2916564941406,48.10870361328125,417.06732177734375,74.02882385253906,0.5962496995925903
tile_r019043_c011619,3,370.13775634765625,11.270594596862791,398.974853515625,39.0877685546875,0.4596448242664337
tile_r019043_c011619,3,0.6727660894393921,124.86296081542967,20.975738525390625,158.65060424804688,0.1499499231576919
tile_r019043_c011619,3,441.2423706054688,169.4136505126953,492.8504028320313,215.5550079345703,0.1134128794074058
tile_r019043_c011619,3,481.91357421875,-0.6953712701797485,515.8819580078125,16.960994720458984,0.0384756103157997
tile_r019043_c011619,3,227.569091796875,344.06866455078125,286.378173828125,400.26220703125,0.0264392923563718
tile_r019043_c011619,3,482.0476684570313,-3.909533739089966,516.6070556640625,10.906911849975586,0.0218745823949575
tile_r019043_c011619,3,257.4722595214844,500.2552795410156,322.9691467285156,514.0152587890625,0.0196936782449483
tile_r019043_c011619,3,117.2265396118164,115.35581970214844,157.3251190185547,156.89373779296875,0.0114155355840921
tile_r019043_c011619,3,92.8000717163086,409.1754760742188,134.98342895507812,451.5260620117188,0.0083175366744399
tile_r019043_c011619,3,478.3142700195313,-1.3543258905410769,513.2542114257812,11.802949905395508,0.0072684111073613
tile_r019043_c011619,3,477.81939697265625,-0.808789074420929,513.6568603515625,23.787776947021484,0.0071371002122759
tile_r019043_c011619,3,-9.634511947631836,112.5588607788086,22.280675888061523,161.1949920654297,0.0063932226039469
tile_r019043_c011619,3,156.05593872070312,500.9782104492188,219.1521759033203,513.20166015625,0.0057216384448111
tile_r019043_c011619,3,-3.901931762695313,113.0365219116211,15.613873481750488,164.5078125,0.0056830286048352
tile_r019043_c011619,3,254.6948699951172,488.6432495117188,326.576171875,513.0552978515625,0.0053590522147715
tile_r019043_c011619,3,236.2782287597656,354.22381591796875,274.0774841308594,389.1080932617188,0.0049910498782992
tile_r019043_c011619,3,467.9391479492188,-1.444360375404358,513.1779174804688,26.790252685546875,0.0044449493288993
tile_r019043_c011619,3,1.0414520502090454,378.9396057128906,15.026321411132812,398.843017578125,0.0039860750548541
tile_r019043_c011619,3,155.34829711914062,503.0013732910156,210.5023651123047,512.9920043945312,0.0038885506801307
tile_r019043_c011619,3,262.991455078125,497.1383666992188,318.0155639648437,513.0921020507812,0.0037783668376505
tile_r019043_c011619,3,135.1946258544922,231.928466796875,198.52978515625,288.7249450683594,0.0036892513744533
tile_r019043_c011619,3,167.11209106445312,503.93658447265625,237.25439453125,513.096435546875,0.0036091769579797
tile_r019043_c011619,3,238.1553192138672,513.6326904296875,305.741455078125,523.2689208984375,0.0035699915606528
tile_r019043_c011619,3,189.1951904296875,502.8743286132813,257.45709228515625,513.3682861328125,0.0035271067172288
tile_r019043_c011619,3,429.98583984375,156.04965209960938,503.32373046875,228.04052734375,0.0034768886398524
tile_r019043_c011619,3,249.4882354736328,500.5057678222656,307.4413452148437,513.1305541992188,0.0033823938574641
tile_r019043_c011619,3,245.5821533203125,512.821533203125,315.2991027832031,522.8375244140625,0.0032361003104597
tile_r019043_c011619,3,243.4538116455078,501.4118041992188,317.10137939453125,514.1224365234375,0.0029165302403271
tile_r019043_c011619,3,26.422216415405277,240.894287109375,100.4380111694336,317.9646911621094,0.002844444476068
tile_r019043_c011619,3,474.3658142089844,0.0815063491463661,518.4431762695312,15.656255722045898,0.0028054094873368
tile_r019043_c011619,3,156.5126953125,513.5215454101562,220.10464477539065,523.561279296875,0.0027901146095246
tile_r019043_c011619,3,164.9178466796875,513.7389526367188,233.7940673828125,523.82958984375,0.0026093407068401
tile_r019043_c011619,3,260.700439453125,493.1669921875,343.485107421875,514.2508544921875,0.0025260671973228
tile_r019043_c011619,3,162.20162963867188,500.5982360839844,237.4757080078125,514.2091674804688,0.0025160391815006
tile_r019043_c011619,3,233.2038116455078,514.7459716796875,295.9136657714844,523.9149169921875,0.0025134843308478
tile_r019043_c011619,3,254.2980499267578,522.2379150390625,325.8128967285156,524.7999877929688,0.0024182873312383
tile_r019043_c011619,3,242.0122833251953,472.44927978515625,337.1605834960937,511.69134521484375,0.0024109177757054
tile_r019043_c011619,3,41.74071502685547,261.5841369628906,81.88719940185547,299.1964416503906,0.0023819720372557
tile_r019043_c011619,3,179.73812866210938,514.1060791015625,248.48355102539065,524.2257690429688,0.0022550153080374
tile_r019043_c011619,3,144.26589965820312,244.0142059326172,187.8832092285156,279.5187072753906,0.0022249624598771
tile_r019043_c011619,3,223.5024871826172,339.8294372558594,292.5911560058594,408.423095703125,0.0022162210661917
tile_r019043_c011619,3,235.703857421875,512.2960815429688,328.2704467773437,519.4118041992188,0.0021812692284584
tile_r019043_c011619,3,385.8037109375,43.15496826171875,418.9445190429688,78.09869384765625,0.0021489104256033
tile_r019043_c011619,3,126.88923645019533,225.8046417236328,203.2738342285156,294.33306884765625,0.0020896540954709
tile_r019043_c011619,3,146.19656372070312,514.7236938476562,199.9237060546875,523.6602172851562,0.002064281143248
tile_r019043_c011619,3,469.8950805664063,-0.8782424926757812,515.6549072265625,37.75380325317383,0.0020482526160776
tile_r019043_c011619,3,186.90484619140625,520.5490112304688,255.7451629638672,524.7999877929688,0.0020465292036533
tile_r019043_c011619,3,139.6436004638672,521.9306640625,206.121826171875,524.7999877929688,0.0020356499589979
tile_r019043_c011619,3,13.023394584655762,41.77866363525391,63.08184051513672,90.49251556396484,0.0020317139569669
tile_r019043_c011619,3,253.71743774414065,471.3819274902344,355.12310791015625,513.5614013671875,0.0019714226946234
tile_r019043_c011619,3,2.112292528152466,129.5757293701172,18.816539764404297,155.790283203125,0.0019713784568011
tile_r019043_c011619,3,228.8048858642578,509.4794006347656,318.0492553710937,518.3440551757812,0.0018916145199909
tile_r019043_c011619,3,463.7312622070313,-5.3751540184021,520.0665893554688,8.044715881347656,0.0018469881033524
tile_r019043_c011619,3,64.08695983886719,502.8220825195313,127.3306655883789,513.3947143554688,0.0018242126097902
tile_r019043_c011619,3,258.15789794921875,484.55218505859375,343.5108337402344,514.5062255859375,0.0017811548896133
tile_r019043_c011619,3,287.0257873535156,514.6895751953125,363.7461853027344,524.6903076171875,0.0017548399046063
tile_r019043_c011619,3,153.25357055664062,486.3277282714844,233.7968292236328,513.6834106445312,0.0017218474531546
tile_r019043_c011619,3,138.37857055664062,515.2029418945312,191.8014678955078,524.2726440429688,0.0017092403722926
tile_r019043_c011619,3,203.95166015625,514.7410278320312,268.1319885253906,524.6769409179688,0.0017071830807253
tile_r019043_c011619,3,366.9356994628906,266.7132873535156,524.7999877929688,441.6463317871094,0.0016848591621965
tile_r019043_c011619,3,224.9800262451172,515.6887817382812,282.906982421875,524.3485107421875,0.0016008355887606
tile_r019043_c011619,3,165.12521362304688,521.8291015625,237.06253051757807,524.7999877929688,0.0015629578847438
tile_r019043_c011619,3,263.58203125,509.00146484375,346.6631774902344,524.0977783203125,0.0015417675022035
tile_r019043_c011619,3,231.1362762451172,522.3514404296875,307.6586303710937,524.7999877929688,0.0015079223085194
tile_r019043_c011619,3,243.0666961669922,513.2833251953125,331.573974609375,520.311279296875,0.0014797701733186
tile_r019043_c011619,3,259.443359375,501.6881713867188,335.5355529785156,512.7335815429688,0.0014557607937604
tile_r019043_c011619,3,172.2738800048828,521.0802001953125,243.40087890625,524.7999877929688,0.0014553802320733
tile_r019043_c011619,3,183.1072998046875,511.955322265625,271.5403137207031,523.493896484375,0.0014443637337535
tile_r019043_c011619,3,317.0540466308594,515.8157958984375,379.6766052246094,524.3292846679688,0.0014325951924547
tile_r019043_c011619,3,-0.8492370843887329,120.12141418457033,25.975269317626957,165.4512176513672,0.001408742275089
tile_r019043_c011619,3,1.344641089439392,376.62103271484375,13.13220500946045,403.35736083984375,0.0014022311661392
tile_r019043_c011619,3,130.42626953125,509.9148559570313,216.9213104248047,522.3572387695312,0.0013774189865216
tile_r019043_c011619,3,168.3828582763672,499.0771484375,255.3326110839844,514.2931518554688,0.0013481567148119
tile_r019043_c011619,3,28.367908477783203,-6.75143575668335,68.08140563964844,11.100486755371094,0.0013458335306495
tile_r019043_c011619,3,201.5303192138672,504.2110290527344,269.16064453125,513.6414184570312,0.0013424232602119
tile_r019043_c011619,3,153.4785614013672,522.0211791992188,222.55078125,524.7999877929688,0.0013267587637528
tile_r019043_c011619,3,118.13140869140624,515.3360595703125,175.85719299316406,524.7999877929688,0.0013178681256249
tile_r019043_c011619,3,449.283203125,-12.033327102661133,524.7999877929688,1.9383971691131592,0.0013151152525097
tile_r019043_c011619,3,21.450414657592773,50.211402893066406,56.42338943481445,81.56144714355469,0.0013055793242529
tile_r019043_c011619,3,7.59124755859375,34.9117431640625,67.72637939453125,96.6921157836914,0.0013044152874499
tile_r019043_c011619,3,327.9179382324219,516.33203125,396.6112060546875,524.4788818359375,0.0013027471723034
tile_r019043_c011619,3,161.27578735351562,482.6752014160156,270.69219970703125,515.2130737304688,0.0012964376946911
tile_r019043_c011619,3,318.4408264160156,499.5331115722656,381.08837890625,513.1475830078125,0.0012923182221129
tile_r019043_c011619,3,101.95613098144533,515.3865966796875,158.1439208984375,524.1964111328125,0.001286890474148
tile_r019043_c011619,3,73.09310150146484,501.2449340820313,138.29104614257812,513.0540771484375,0.0012750279856845
tile_r019043_c011619,3,256.3584899902344,511.7903442382813,333.30029296875,523.0899658203125,0.0012721306411549
tile_r019043_c011619,3,409.0939331054688,98.52140808105467,456.5316467285156,149.3502197265625,0.0012392032658681
tile_r019043_c011619,3,519.074951171875,-10.904417991638184,524.7999877929688,13.014294624328612,0.0012388934846967
tile_r019043_c011619,3,-0.189605712890625,112.53483581542967,28.025035858154297,160.32467651367188,0.0012347579468041
tile_r019043_c011619,3,-9.120590209960938,105.6290283203125,25.92538833618164,169.7298126220703,0.0012296236818656
tile_r019043_c011619,3,302.64520263671875,11.665643692016602,355.47119140625,63.06077194213867,0.0012244426179677
tile_r019043_c011619,3,210.3918914794922,522.1456909179688,289.0693359375,524.7999877929688,0.001222679275088
tile_r019043_c011619,3,78.57585144042969,514.9696044921875,131.0314178466797,524.0453491210938,0.0012097371509298
tile_r019043_c011619,3,391.1424255371094,519.8214111328125,458.738037109375,524.7999877929688,0.0012044727336615
tile_r019043_c011619,3,199.596435546875,520.9075317382812,272.9991760253906,524.7999877929688,0.001193061703816
tile_r019043_c011619,3,221.5625,507.43072509765625,312.00128173828125,520.1473999023438,0.0011835164623335
tile_r019043_c011619,3,316.2889709472656,521.2376098632812,386.0520629882813,524.7999877929688,0.0011674623237922
tile_r019043_c011619,3,515.121826171875,-12.269216537475586,524.7999877929688,-2.045121669769287,0.001152184093371
tile_r019043_c011619,3,285.3949584960937,521.9782104492188,358.9610900878906,524.7999877929688,0.0011337827891111
tile_r019043_c011619,3,88.3695297241211,515.0817260742188,144.50341796875,524.0472412109375,0.0011242988985031
tile_r019043_c011619,3,429.0739135742188,520.2562255859375,495.4196166992188,524.7999877929688,0.001122465240769
tile_r019043_c011619,3,513.1319580078125,157.78526306152344,524.0661010742188,228.6818389892578,0.0011181681184098
tile_r019043_c011619,3,203.960205078125,465.4795837402344,333.8761291503906,515.3967895507812,0.0011162923183292
tile_r019043_c011619,3,481.3138732910156,-2.5180251598358154,518.236328125,37.73131561279297,0.0010990613372996
tile_r019043_c011619,3,16.282190322875977,-12.800000190734863,77.68599700927734,6.019793510437012,0.0010901427594944
tile_r019043_c011619,3,144.3414306640625,503.3050231933594,199.9256896972656,513.0792236328125,0.0010898732580244
tile_r019043_c011619,3,214.1047821044922,508.5464782714844,308.07208251953125,522.951171875,0.0010880910558626
tile_r019043_c011619,3,75.26140594482422,391.2668762207031,150.2456817626953,470.5422973632813,0.0010755325201898
tile_r019043_c011619,3,54.68133544921875,522.4053344726562,120.1743621826172,524.7999877929688,0.0010628160089254
tile_r019043_c011619,3,-12.800000190734863,520.6414794921875,49.21223068237305,524.7999877929688,0.0010484717786312
tile_r019043_c011619,3,-12.217254638671877,508.0405883789063,46.51336669921875,524.7999877929688,0.0010465298546478
tile_r019043_c011619,3,87.69221496582031,501.941162109375,145.8541259765625,512.396240234375,0.0010339327855035
tile_r019043_c011619,3,329.00946044921875,501.0747985839844,395.7776794433594,514.2664184570312,0.0010317659471184
tile_r019043_c011619,3,69.9664535522461,514.8111572265625,119.75773620605467,524.1431274414062,0.0010280767455697
tile_r019043_c011619,3,403.4209899902344,519.8304443359375,471.2637634277344,524.7999877929688,0.0010233534267172
tile_r019043_c011619,3,52.2579231262207,501.5243225097656,118.9556884765625,513.7646484375,0.0010087875416502
tile_r019299_c010083,3,240.9482879638672,159.5264129638672,295.1512145996094,213.82516479492188,0.8139764666557312
tile_r019299_c010083,3,178.45541381835938,58.2520866394043,234.76577758789065,107.7762451171875,0.8033402562141418
tile_r019299_c010083,3,334.9330139160156,41.544654846191406,378.2227478027344,84.0976333618164,0.7638676166534424
tile_r019299_c010083,3,256.56939697265625,407.95220947265625,301.973388671875,448.7264099121094,0.7339871525764465
tile_r019299_c010083,3,355.9012145996094,243.4351043701172,388.5568237304688,271.9041442871094,0.722267210483551
tile_r019299_c010083,3,428.66259765625,311.4421081542969,468.8885803222656,345.6903686523437,0.7209458947181702
tile_r019299_c010083,3,280.7031555175781,436.5084838867188,326.7883605957031,476.8172912597656,0.7192184925079346
tile_r019299_c010083,3,139.4252471923828,232.48208618164065,189.480712890625,275.5022888183594,0.6977086067199707
tile_r019299_c010083,3,388.9256896972656,203.4900360107422,420.88916015625,233.0117645263672,0.6868524551391602
tile_r019299_c010083,3,223.95687866210935,293.8487243652344,267.3666076660156,337.9507751464844,0.6704391837120056
tile_r019299_c010083,3,71.60539245605469,78.5052261352539,135.5485382080078,125.736572265625,0.6374603509902954
tile_r019299_c010083,3,273.39117431640625,324.879150390625,312.0473022460937,361.8255310058594,0.5277680158615112
tile_r019299_c010083,3,71.57290649414062,82.38978576660156,116.1085433959961,123.265869140625,0.2016360014677047
tile_r019299_c010083,3,352.7146911621094,240.40213012695312,392.1087036132813,278.2384948730469,0.0519723519682884
tile_r019299_c010083,3,268.9487609863281,319.88214111328125,317.3547058105469,365.78033447265625,0.0415846519172191
tile_r019299_c010083,3,256.43017578125,494.3187561035156,300.14892578125,513.2296752929688,0.0350733362138271
tile_r019299_c010083,3,198.1322479248047,-2.0915558338165283,241.58840942382807,13.310168266296388,0.0322614274919033
tile_r019299_c010083,3,385.985595703125,199.6571807861328,423.164794921875,236.0209503173828,0.0293296854943037
tile_r019299_c010083,3,374.50244140625,499.6451110839844,408.908203125,513.4357299804688,0.0222791377454996
tile_r019299_c010083,3,431.2589721679688,314.4340515136719,464.611328125,342.8384094238281,0.0195542387664318
tile_r019299_c010083,3,252.85519409179688,491.18072509765625,313.8498229980469,513.7890014648438,0.0192151982337236
tile_r019299_c010083,3,277.0289001464844,424.1968688964844,328.2018127441406,478.9153442382813,0.0155695416033267
tile_r019299_c010083,3,369.74798583984375,496.5193786621094,425.673583984375,513.720458984375,0.0125656696036458
tile_r019299_c010083,3,369.4356384277344,501.8334045410156,418.4454040527344,514.3162231445312,0.012190107256174
tile_r019299_c010083,3,106.24185943603516,87.03853607177734,138.33956909179688,120.88731384277344,0.0116292601451277
tile_r019299_c010083,3,197.4408264160156,-6.66961145401001,237.33740234375,9.874011039733888,0.0103561617434024
tile_r019299_c010083,3,357.2124328613281,247.01431274414065,383.8108520507813,269.3978881835937,0.0099543398246169
tile_r019299_c010083,3,342.7606811523437,498.630615234375,408.5393676757813,513.518798828125,0.005404767114669
tile_r019299_c010083,3,331.8895874023437,36.69575119018555,383.6673278808594,89.72789001464844,0.0049586300738155
tile_r019299_c010083,3,218.1993103027344,288.0840759277344,273.37109375,344.4598999023437,0.0049302643164992
tile_r019299_c010083,3,159.45907592773438,303.837890625,223.37387084960935,375.3829956054688,0.0047337017022073
tile_r019299_c010083,3,290.8193664550781,434.9699096679688,358.8410949707031,471.8304748535156,0.0047093220055103
tile_r019299_c010083,3,324.54656982421875,438.3868103027344,362.94671630859375,461.3392639160156,0.0046175909228622
tile_r019299_c010083,3,257.14166259765625,491.456298828125,286.7384033203125,511.97796630859375,0.0044946274720132
tile_r019299_c010083,3,149.41690063476562,288.3983764648437,224.3016357421875,374.0491333007813,0.004424131475389
tile_r019299_c010083,3,274.8585205078125,431.7291870117188,340.4282531738281,480.04638671875,0.0043809199705719
tile_r019299_c010083,3,353.1966857910156,522.1714477539062,427.2196350097656,524.7999877929688,0.0043650357984006
tile_r019299_c010083,3,252.95669555664065,404.8342895507813,308.0030822753906,462.8069458007813,0.004069457296282
tile_r019299_c010083,3,179.76205444335938,161.39590454101562,223.72836303710935,218.76708984375,0.0039941291324794
tile_r019299_c010083,3,238.7194366455078,492.3486328125,299.72772216796875,512.9132690429688,0.0034699237439781
tile_r019299_c010083,3,141.9976348876953,236.0016632080078,182.9432373046875,271.63970947265625,0.0033791100140661
tile_r019299_c010083,3,424.6878967285156,305.10064697265625,473.8826293945313,352.4524841308594,0.0030099255964159
tile_r019299_c010083,3,279.03302001953125,326.869384765625,310.41864013671875,358.665771484375,0.0029724100604653
tile_r019299_c010083,3,330.59527587890625,503.1668090820313,412.7107849121094,518.9016723632812,0.002712985035032
tile_r019299_c010083,3,243.1813507080078,504.7188415527344,303.28009033203125,522.5768432617188,0.0026085043791681
tile_r019299_c010083,3,359.3139038085937,490.11712646484375,431.719482421875,513.9843139648438,0.0024933870881795
tile_r019299_c010083,3,184.43215942382807,-12.800000190734863,247.6583709716797,5.65185546875,0.0024849867913872
tile_r019299_c010083,3,356.41851806640625,511.7743225097656,415.4475708007813,522.8670654296875,0.0024615137372165
tile_r019299_c010083,3,345.2964782714844,509.0499877929688,431.63623046875,520.6838989257812,0.0023005863185971
tile_r019299_c010083,3,342.89019775390625,510.49261474609375,425.7393493652344,517.7054443359375,0.0022896695882081
tile_r019299_c010083,3,390.52294921875,206.2553253173828,416.5240173339844,230.8410186767578,0.0022806245833635
tile_r019299_c010083,3,345.22821044921875,513.9225463867188,407.8952026367188,523.4031982421875,0.0022609431762248
tile_r019299_c010083,3,74.1373291015625,69.81867980957031,144.2061004638672,134.6199188232422,0.0022150529548525
tile_r019299_c010083,3,-3.474261522293091,502.5787048339844,61.379913330078125,513.9986572265625,0.0021763439290225
tile_r019299_c010083,3,429.2892456054688,501.5595703125,486.6638793945313,512.5431518554688,0.0020500048995018
tile_r019299_c010083,3,437.5263671875,22.393001556396484,504.9964904785156,90.21073150634766,0.002045762958005
tile_r019299_c010083,3,252.9603576660156,502.2225646972656,320.5386657714844,512.5262451171875,0.0020436854101717
tile_r019299_c010083,3,77.4760513305664,175.127197265625,122.5757064819336,222.826416015625,0.0019894065335392
tile_r019299_c010083,3,312.8984375,437.4281311035156,359.56561279296875,462.6513671875,0.0019292909419164
tile_r019299_c010083,3,253.4153289794922,396.9509887695313,328.24627685546875,467.6455078125,0.0018420753767713
tile_r019299_c010083,3,242.5644073486328,298.3504943847656,320.7753295898437,366.2950134277344,0.0018401009729132
tile_r019299_c010083,3,274.6476135253906,511.8600463867188,356.203369140625,524.7999877929688,0.0017849121941253
tile_r019299_c010083,3,137.7802276611328,226.2920379638672,195.2667999267578,282.56060791015625,0.0017847627168521
tile_r019299_c010083,3,370.5145568847656,513.416259765625,435.19384765625,523.3028564453125,0.0017448995495215
tile_r019299_c010083,3,174.64964294433594,52.52141189575195,243.27523803710935,112.69612121582033,0.0017392988083884
tile_r019299_c010083,3,345.1510314941406,502.8965759277344,418.0999450683594,514.1135864257812,0.0017055413918569
tile_r019299_c010083,3,399.7251892089844,515.2017822265625,466.1966857910156,524.6691284179688,0.0016464100917801
tile_r019299_c010083,3,122.0800552368164,-2.2413077354431152,160.36331176757812,13.600323677062988,0.0016414587153121
tile_r019299_c010083,3,163.8500213623047,154.24337768554688,221.7706298828125,216.2133331298828,0.0016330626094713
tile_r019299_c010083,3,245.85107421875,164.18679809570312,288.7430725097656,209.58999633789065,0.0016043954528868
tile_r019299_c010083,3,335.119873046875,515.8102416992188,395.92864990234375,524.0421142578125,0.0015962184406816
tile_r019299_c010083,3,338.09002685546875,522.4772338867188,411.89453125,524.7999877929688,0.0015531147364526
tile_r019299_c010083,3,253.46792602539065,503.2323303222656,334.77496337890625,524.10302734375,0.0015264431713148
tile_r019299_c010083,3,377.4337158203125,513.0823364257812,450.2682495117188,524.3512573242188,0.0015170974656939
tile_r019299_c010083,3,444.9557189941406,515.7830810546875,508.1300354003906,524.3391723632812,0.0015103452606126
tile_r019299_c010083,3,372.81341552734375,496.0521545410156,448.7964477539063,513.97509765625,0.0014895775821059
tile_r019299_c010083,3,-12.800000190734863,521.2044677734375,47.50165939331055,524.7999877929688,0.0014646016061306
tile_r019299_c010083,3,252.14303588867188,486.12158203125,327.03533935546875,514.0928955078125,0.0014619184657931
tile_r019299_c010083,3,8.177294731140137,502.65380859375,72.210693359375,513.36669921875,0.0014301593182608
tile_r019299_c010083,3,83.26708984375,82.93338775634766,137.9933319091797,123.19083404541016,0.0014201047597452
tile_r019299_c010083,3,160.8090057373047,519.2181396484375,226.8719482421875,524.7999877929688,0.0013849647948518
tile_r019299_c010083,3,436.7225646972656,514.8839111328125,490.7881774902344,523.9856567382812,0.0013807313516736
tile_r019299_c010083,3,188.07058715820312,-6.122760772705078,231.37158203125,11.49493408203125,0.0013768393546342
tile_r019299_c010083,3,282.1679992675781,432.541015625,361.7190551757813,478.26708984375,0.0013696280075237
tile_r019299_c010083,3,46.650169372558594,-12.20354175567627,113.11296081542967,2.431893825531006,0.0013627737062051
tile_r019299_c010083,3,341.12567138671875,44.95117950439453,375.5358276367188,80.24976348876953,0.0013362367171794
tile_r019299_c010083,3,406.53466796875,521.9666748046875,470.95654296875,524.7999877929688,0.0013329940848052
tile_r019299_c010083,3,250.6846618652344,521.3341064453125,316.4488220214844,524.7999877929688,0.0013221306726336
tile_r019299_c010083,3,235.89566040039065,512.6171264648438,297.3191833496094,523.9966430664062,0.0013199896784499
tile_r019299_c010083,3,298.2332458496094,-12.74555778503418,364.9999084472656,0.4502151608467102,0.0013164166593924
tile_r019299_c010083,3,426.9430541992188,515.0984497070312,477.58837890625,523.8624877929688,0.0013061526697129
tile_r019299_c010083,3,352.84722900390625,512.9349365234375,438.672119140625,520.0283203125,0.0012938103172928
tile_r019299_c010083,3,124.640380859375,521.1317138671875,190.4853515625,524.7999877929688,0.0012904800241813
tile_r019299_c010083,3,316.09381103515625,516.59375,370.8160705566406,524.4894409179688,0.0012817857787013
tile_r019299_c010083,3,457.3597717285156,516.6890869140625,519.5048828125,524.6699829101562,0.001273731701076
tile_r019299_c010083,3,7.0902099609375,521.8313598632812,72.34089660644531,524.7999877929688,0.0012561159674078
tile_r019299_c010083,3,268.7618713378906,313.5917053222656,331.7887268066406,371.27777099609375,0.0012497457209974
tile_r019299_c010083,3,197.4949188232422,-3.0288796424865723,240.7445373535156,22.467947006225582,0.0012325928546488
tile_r019299_c010083,3,101.4440689086914,197.30007934570312,116.16056823730467,210.2315216064453,0.0012271835003048
tile_r019299_c010083,3,172.0127410888672,517.6683349609375,238.11181640625,524.7999877929688,0.0012242501834407
tile_r019299_c010083,3,19.68660926818848,502.2815551757813,90.0017318725586,513.1305541992188,0.0012092210818082
tile_r019299_c010083,3,14.2510986328125,521.3172607421875,80.1168441772461,524.7999877929688,0.0011733504943549
tile_r019299_c010083,3,188.4482421875,516.9527587890625,259.6294860839844,524.7999877929688,0.0011723232455551
tile_r019299_c010083,3,369.7047729492188,501.2877807617188,437.86962890625,512.7947998046875,0.0011586948530748
tile_r019299_c010083,3,203.5284118652344,518.2550048828125,273.2549743652344,524.7999877929688,0.0011439468944445
tile_r019299_c010083,3,155.49130249023438,520.3892822265625,220.54800415039065,524.7999877929688,0.0011370762949809
tile_r019299_c010083,3,113.37287902832033,521.8045043945312,176.52511596679688,524.7999877929688,0.001118968357332
tile_r019299_c010083,3,186.1089782714844,-12.789765357971191,241.08154296875,-6.1722283363342285,0.0011033323826268
tile_r019299_c010083,3,44.4630012512207,515.3292236328125,104.42232513427734,524.4125366210938,0.0010916205355897
tile_r019299_c010083,3,105.6103057861328,520.3464965820312,170.777587890625,524.7999877929688,0.0010769853834062
tile_r019299_c010083,3,418.5523376464844,503.5619201660156,479.0558471679688,513.0367431640625,0.001066327560693
tile_r019299_c010083,3,298.394775390625,521.4034423828125,369.2369689941406,524.7999877929688,0.0010585468262434
tile_r019299_c010083,3,337.38970947265625,507.0833435058594,419.0044555664063,517.0648803710938,0.0010576240019872
tile_r019299_c010083,3,326.822998046875,516.5805053710938,384.48150634765625,524.499267578125,0.001057612360455
tile_r019299_c010083,3,222.2915496826172,512.5213623046875,310.63165283203125,516.7952270507812,0.0010574144544079
tile_r019299_c010083,3,232.09716796875,152.0976104736328,305.257568359375,224.1934509277344,0.0010507286060601
tile_r019299_c010083,3,96.9468994140625,-12.800000190734863,170.1351776123047,7.167239189147949,0.0010503053199499
tile_r019299_c010083,3,19.063220977783203,25.650121688842773,81.92671966552734,101.21485900878906,0.0010429492685943
tile_r019299_c010083,3,437.9598083496094,22.493688583374023,482.90863037109375,67.98238372802734,0.0010384302586317
tile_r019299_c010083,3,29.632299423217773,515.0169677734375,91.41697692871094,524.2486572265625,0.001034710672684
tile_r019299_c010083,3,446.7761840820313,503.6070861816406,513.3275146484375,512.7315673828125,0.0010117375059053
tile_r019299_c010083,3,17.641759872436523,514.8477783203125,79.19075012207031,524.0257568359375,0.0010105193359777
tile_r019299_c010083,3,153.5065460205078,148.18441772460938,224.3158721923828,224.44302368164065,0.0010052951984107
tile_r019299_c010083,3,225.61929321289065,514.53369140625,283.67889404296875,524.7999877929688,0.0010037429165095
tile_r019299_c010083,3,368.01513671875,522.8946533203125,435.3783264160156,524.7999877929688,0.0010035712039098
tile_r019299_c010339,3,-1.414215087890625,158.29183959960938,40.22946166992188,213.8515167236328,0.7658339142799377
tile_r019299_c010339,3,79.60912322998047,41.724403381347656,121.9689483642578,83.35325622558594,0.7508381009101868
tile_r019299_c010339,3,372.7827758789063,81.14665985107422,432.2185974121094,129.7698516845703,0.7335599064826965
tile_r019299_c010339,3,100.3558120727539,243.67349243164065,132.28012084960938,271.59869384765625,0.7141364216804504
tile_r019299_c010339,3,173.1893310546875,311.9570617675781,212.4603271484375,345.3643798828125,0.7056818604469299
tile_r019299_c010339,3,25.735998153686523,436.9034729003906,70.66413879394531,476.5942993164063,0.6901295781135559
tile_r019299_c010339,3,133.37527465820312,203.7499237060547,164.5503387451172,232.7888946533203,0.6897532343864441
tile_r019299_c010339,3,375.5365295410156,161.4196319580078,428.6027221679688,205.66586303710935,0.6829321980476379
tile_r019299_c010339,3,1.925604224205017,408.2734375,46.6531982421875,448.30859375,0.6635546684265137
tile_r019299_c010339,3,482.806884765625,407.5198364257813,512.7425537109375,439.78857421875,0.6046167612075806
tile_r019299_c010339,3,451.9097595214844,316.48486328125,507.6126098632813,367.7096252441406,0.5994749069213867
tile_r019299_c010339,3,16.292516708374023,322.8561096191406,56.62158203125,362.601318359375,0.5588184595108032
tile_r019299_c010339,3,457.4032287597656,320.81170654296875,503.0840759277344,364.16998291015625,0.0660975500941276
tile_r019299_c010339,3,12.03245735168457,319.1019897460937,61.079551696777344,366.2101440429688,0.0499477498233318
tile_r019299_c010339,3,97.0124282836914,240.5032196044922,136.0020751953125,278.1488342285156,0.0445409156382083
tile_r019299_c010339,3,1.823925733566284,490.1227416992188,42.08353805541992,513.3516845703125,0.043452326208353
tile_r019299_c010339,3,376.4031372070313,166.87399291992188,421.2595825195313,201.0754852294922,0.0380495153367519
tile_r019299_c010339,3,394.8947143554688,122.6053695678711,420.9142456054688,144.5480499267578,0.0307696275413036
tile_r019299_c010339,3,119.0092544555664,499.8577270507813,152.0764923095703,513.3912353515625,0.0239677634090185
tile_r019299_c010339,3,130.22586059570312,199.7732391357422,166.97415161132812,236.0106506347656,0.0220285188406705
tile_r019299_c010339,3,449.392578125,-0.1112731918692588,477.3640747070313,13.08240032196045,0.0195237807929515
tile_r019299_c010339,3,482.4208068847656,401.6546020507813,515.7745361328125,445.2985229492188,0.0185698308050632
tile_r019299_c010339,3,-0.337237536907196,489.8914184570313,57.82926177978516,514.0501708984375,0.0185377039015293
tile_r019299_c010339,3,175.62353515625,314.87481689453125,208.0797882080078,342.59002685546875,0.0167041383683681
tile_r019299_c010339,3,370.9772338867188,79.11589050292969,436.8609313964844,145.0463409423828,0.0156676713377237
tile_r019299_c010339,3,446.9293518066406,-5.015835762023926,494.46185302734375,8.666351318359375,0.0156664345413446
tile_r019299_c010339,3,448.2440490722656,-3.322552442550659,486.5897521972656,9.336013793945312,0.0154137359932065
tile_r019299_c010339,3,448.9945373535156,-0.6623573303222656,496.0126953125,13.59877586364746,0.0144691662862896
tile_r019299_c010339,3,101.3939971923828,247.07205200195312,127.5986557006836,269.20465087890625,0.0120379924774169
tile_r019299_c010339,3,114.4426727294922,496.7069396972656,169.47317504882812,513.6436767578125,0.0119814537465572
tile_r019299_c010339,3,114.1450653076172,501.991943359375,162.06423950195312,514.1732177734375,0.0111004840582609
tile_r019299_c010339,3,18.113744735717773,423.4676208496094,71.16522216796875,476.44281005859375,0.0109100015833973
tile_r019299_c010339,3,-10.449396133422852,150.48739624023438,50.66864013671875,220.02218627929688,0.0101283751428127
tile_r019299_c010339,3,-1.280065894126892,405.685546875,51.44279861450195,457.8431701660156,0.0091547006741166
tile_r019299_c010339,3,1.9546935558319087,490.4802856445313,29.023509979248047,512.4508056640625,0.0090096937492489
tile_r019299_c010339,3,447.58392333984375,305.6820678710937,511.2176208496094,370.18072509765625,0.0083601614460349
tile_r019299_c010339,3,37.12965393066406,435.66217041015625,102.73072814941406,470.7739868164063,0.0069053126499056
tile_r019299_c010339,3,383.7144165039063,163.80307006835938,429.3958435058594,200.8252410888672,0.0055813565850257
tile_r019299_c010339,3,86.47020721435547,498.6154174804688,152.26962280273438,513.5310668945312,0.0053750248625874
tile_r019299_c010339,3,-1.7244141101837158,483.1714477539063,45.17868041992188,514.8833618164062,0.0049435459077358
tile_r019299_c010339,3,449.2520446777344,-5.266079902648926,510.5490112304688,7.150073051452637,0.0047798408195376
tile_r019299_c010339,3,68.647216796875,438.52734375,106.6066665649414,461.3377990722656,0.004768569022417
tile_r019299_c010339,3,453.7280883789063,0.3520630002021789,511.8823852539063,13.97167682647705,0.0047449520789086
tile_r019299_c010339,3,21.1203556060791,325.6714782714844,54.39542388916016,358.9602966308594,0.0041172644123435
tile_r019299_c010339,3,97.3935546875,522.1734008789062,171.35546875,524.7999877929688,0.0040736105293035
tile_r019299_c010339,3,-4.019433498382568,396.2039794921875,70.89361572265625,464.3417053222656,0.0037785803433507
tile_r019299_c010339,3,382.92877197265625,90.4448471069336,432.9534606933594,125.63923645019533,0.0037597997579723
tile_r019299_c010339,3,76.00920104980469,36.87968826293945,127.5,89.31685638427734,0.0037360042333602
tile_r019299_c010339,3,303.7870483398437,-5.796736717224121,359.3016662597656,7.767025947570801,0.0034518237225711
tile_r019299_c010339,3,19.557506561279297,431.95263671875,88.4801025390625,479.6502990722656,0.0034056762233376
tile_r019299_c010339,3,468.28271484375,363.8247985839844,493.2607421875,390.0245666503906,0.0033628516830503
tile_r019299_c010339,3,293.8948669433594,501.2945251464844,357.3593139648437,512.9793701171875,0.0032861018553376
tile_r019299_c010339,3,292.4428100585937,1.0203216075897217,322.836669921875,23.653839111328125,0.003003510646522
tile_r019299_c010339,3,168.9168243408203,305.7295837402344,217.63137817382807,352.1952209472656,0.0029863319359719
tile_r019299_c010339,3,74.70830535888672,502.653076171875,156.0834503173828,518.743896484375,0.00264896848239
tile_r019299_c010339,3,90.8694305419922,237.7313537597656,138.69448852539062,282.44451904296875,0.0026391125284135
tile_r019299_c010339,3,57.106689453125,437.6065368652344,103.44416809082033,462.6698303222656,0.002538995584473
tile_r019299_c010339,3,134.6602783203125,206.3648376464844,160.2516632080078,230.6803741455078,0.0024756817147135
tile_r019299_c010339,3,467.6919860839844,0.789031982421875,508.8186645507813,13.657135009765623,0.0024157578591257
tile_r019299_c010339,3,307.4803771972656,-0.6271270513534546,360.47357177734375,17.523845672607422,0.0023134592920541
tile_r019299_c010339,3,101.06510925292967,511.8021545410156,158.9679412841797,522.8582763671875,0.0022844523191452
tile_r019299_c010339,3,467.9638671875,325.6310119628906,502.6560668945313,362.079833984375,0.0022661788389086
tile_r019299_c010339,3,221.43276977539065,520.2721557617188,287.9378356933594,524.7999877929688,0.0021656642202287
tile_r019299_c010339,3,103.0494613647461,490.25433349609375,176.07559204101562,513.9364013671875,0.0021578746382147
tile_r019299_c010339,3,87.4002914428711,510.4197387695313,169.31460571289062,517.5185546875,0.0021407664753496
tile_r019299_c010339,3,89.86662292480469,508.9109497070313,175.80294799804688,520.5853271484375,0.0021342248655855
tile_r019299_c010339,3,442.1760864257813,-12.401265144348145,520.1267700195312,1.472039818763733,0.0021019831765443
tile_r019299_c010339,3,89.39910125732422,513.9239501953125,151.07516479492188,523.41064453125,0.0020779594779014
tile_r019299_c010339,3,173.48605346679688,502.0516052246094,228.96432495117188,512.548095703125,0.0020049910526722
tile_r019299_c010339,3,276.5902404785156,514.7794189453125,336.9717712402344,524.01611328125,0.0019914186559617
tile_r019299_c010339,3,395.9615783691406,261.5507202148437,455.5279846191406,320.1166381835937,0.0019565029069781
tile_r019299_c010339,3,300.0459899902344,515.4592895507812,361.9530334472656,524.3401489257812,0.0019417208386585
tile_r019299_c010339,3,477.423828125,392.1236267089844,515.1748046875,444.9497985839844,0.0018897545523941
tile_r019299_c010339,3,-3.53387451171875,501.1612243652344,64.43289947509766,512.65380859375,0.0018848098115995
tile_r019299_c010339,3,445.5910034179688,-4.7040205001831055,481.6150512695313,7.435014247894287,0.0018721937667578
tile_r019299_c010339,3,289.19775390625,514.8614501953125,349.0895080566406,524.0096435546875,0.0018518019933253
tile_r019299_c010339,3,1.2129027843475342,485.87200927734375,71.0872802734375,514.1708374023438,0.0018199882470071
tile_r019299_c010339,3,262.2562866210937,514.79248046875,323.9687194824219,524.1885986328125,0.0018045273609459
tile_r019299_c010339,3,115.75480651855467,513.7634887695312,179.55862426757812,523.3640747070312,0.0017947586020454
tile_r019299_c010339,3,462.1018981933594,360.72259521484375,496.9341430664063,386.860595703125,0.0017865737900137
tile_r019299_c010339,3,17.360509872436523,510.9583129882813,100.17674255371094,524.7999877929688,0.0017796659376472
tile_r019299_c010339,3,256.5341186523437,519.9886474609375,326.86968994140625,524.7999877929688,0.0017641051672399
tile_r019299_c010339,3,37.11567306518555,-12.800000190734863,105.04820251464844,0.497628778219223,0.0016436809673905
tile_r019299_c010339,3,251.11734008789065,504.14501953125,308.3219299316406,512.7659301757812,0.0016302646836265
tile_r019299_c010339,3,145.68258666992188,515.5198364257812,209.8919677734375,524.5657348632812,0.0016190252499654
tile_r019299_c010339,3,85.43726348876953,45.09797286987305,119.3367691040039,79.96427917480469,0.0016177017241716
tile_r019299_c010339,3,28.777002334594727,433.6378784179688,105.65843200683594,477.1763610839844,0.0015912683447822
tile_r019299_c010339,3,88.3466567993164,503.244873046875,161.4168243408203,513.9285888671875,0.0015383345307782
tile_r019299_c010339,3,78.90611267089844,515.7863159179688,138.27037048339844,524.0119018554688,0.0015371991321444
tile_r019299_c010339,3,231.34518432617188,504.1394653320313,278.7235107421875,513.0642700195312,0.0015321435639634
tile_r019299_c010339,3,123.1893539428711,514.0106201171875,194.8676300048828,524.3794555664062,0.0015215607127174
tile_r019299_c010339,3,-0.060131836682558,502.3656311035156,78.18827056884766,524.0172729492188,0.001481945393607
tile_r019299_c010339,3,81.666748046875,522.5330810546875,155.5527801513672,524.7999877929688,0.0014530585613101
tile_r019299_c010339,3,11.47479248046875,312.0202941894531,75.3662338256836,371.4671630859375,0.00144912104588
tile_r019299_c010339,3,210.2660217285156,515.7454833984375,262.26318359375,524.3812866210938,0.0014429999282583
tile_r019299_c010339,3,240.2633819580078,502.9080200195313,305.64288330078125,513.0597534179688,0.0014256197027862
tile_r019299_c010339,3,282.410400390625,504.6167907714844,346.4329528808594,512.8943481445312,0.0014243854675441
tile_r019299_c010339,3,314.52081298828125,521.2758178710938,382.46484375,524.7999877929688,0.0014127600006759
tile_r019299_c010339,3,150.0207977294922,521.8702392578125,214.90087890625,524.7999877929688,0.0014093085192143
tile_r019299_c010339,3,250.2516632080078,514.5244750976562,310.0741577148437,523.9052124023438,0.001400320790708
tile_r019299_c010339,3,234.8816375732422,515.2261962890625,286.79150390625,524.0044555664062,0.0013970925938338
tile_r019299_c010339,3,82.51994323730469,488.6681213378906,177.851318359375,514.9468994140625,0.0013765286421403
tile_r019299_c010339,3,309.3215637207031,515.95751953125,378.9371948242188,524.7999877929688,0.0013752739178016
tile_r019299_c010339,3,238.4108123779297,519.4358520507812,308.0807800292969,524.7999877929688,0.001357197179459
tile_r019299_c010339,3,-4.567126274108887,521.2225341796875,59.85197830200195,524.7999877929688,0.0013507021358236
tile_r019299_c010339,3,192.5051727294922,515.6326293945312,249.6264190673828,524.5679931640625,0.0013498269254341
tile_r019299_c010339,3,215.5259704589844,521.3760375976562,280.6119079589844,524.7999877929688,0.0013366439379751
tile_r019299_c010339,3,386.7754211425781,116.83244323730467,423.7908325195313,143.3448944091797,0.0013284321175888
tile_r019299_c010339,3,224.309326171875,515.3056640625,274.73114013671875,524.2374267578125,0.0013211985351517
tile_r019299_c010339,3,298.28515625,502.30413818359375,373.9743041992188,513.121337890625,0.0013130020815879
tile_r019299_c010339,3,60.536231994628906,516.5836181640625,114.0164031982422,524.4671630859375,0.0013101969379931
tile_r019299_c010339,3,117.9198226928711,496.8047790527344,194.12808227539065,513.7581176757812,0.0013050633715465
tile_r019299_c010339,3,404.1180114746094,521.8626098632812,468.47308349609375,524.7999877929688,0.0013017172459512
tile_r019299_c010339,3,180.34043884277344,514.9622802734375,234.3244171142578,524.0836181640625,0.0012814586516469
tile_r019299_c010339,3,416.5192260742188,520.5048217773438,482.79736328125,524.7999877929688,0.0012779216049239
tile_r019299_c010339,3,97.44651794433594,512.938232421875,183.15328979492188,519.9526977539062,0.0012621381320059
tile_r019299_c010339,3,169.97506713867188,515.1736450195312,220.67074584960935,523.8195190429688,0.0012554856948554
tile_r019299_c010339,3,368.6846618652344,149.80801391601562,439.9109497070313,217.2808380126953,0.0012519700685516
tile_r019299_c010339,3,361.1809997558594,520.4909057617188,422.97509765625,524.7999877929688,0.0012519289739429
tile_r019299_c010339,3,391.99322509765625,521.5411376953125,452.73626708984375,524.7999877929688,0.0012286958517506
tile_r019299_c010339,3,241.3232421875,513.0203857421875,329.7372131347656,521.0393676757812,0.0012285396223887
tile_r019299_c010339,3,5.365893363952637,307.2303161621094,64.60539245605469,366.453857421875,0.0012115810532122
tile_r019299_c010339,3,242.04214477539065,514.89794921875,297.6827697753906,523.6539916992188,0.0012109009549021
tile_r019299_c010339,3,-6.027422904968262,497.5442504882813,48.50605392456055,522.5875244140625,0.0011957928072661
tile_r019299_c010339,3,457.08880615234375,520.3318481445312,523.3051147460938,524.7999877929688,0.0011885031126439
tile_r019299_c010339,3,321.9084167480469,522.00390625,386.8021240234375,524.7999877929688,0.0011865636333823
tile_r019299_c010339,3,513.1812744140625,290.83709716796875,523.8693237304688,357.4564208984375,0.0011801106156781
tile_r019299_c010339,3,162.69723510742188,503.9869079589844,221.9156951904297,513.0357666015625,0.0011771881254389
tile_r019299_c010339,3,182.26145935058597,23.02461814880371,225.0742645263672,65.01993560791016,0.0011624841718003
tile_r019299_c010339,3,423.0740356445313,-12.27448558807373,488.2752990722656,1.2775710821151731,0.0011586716864258
tile_r019299_c010339,3,48.402565002441406,521.0624389648438,120.1389389038086,524.7999877929688,0.0011374846799299
tile_r019299_c010339,3,512.580322265625,404.2752380371094,524.7999877929688,466.5413513183594,0.0011369712883606
tile_r019299_c010339,3,506.1779174804688,393.3424377441406,523.6336059570312,446.1277770996094,0.0011359136551618
tile_r019299_c010339,3,371.4773864746094,520.9765625,434.58978271484375,524.7999877929688,0.0011317692697048
tile_r019299_c010339,3,222.9867706298828,512.7844848632812,308.9120483398437,521.88720703125,0.0011305172229185
tile_r019299_c010339,3,207.1735076904297,512.8228759765625,291.3361511230469,523.0216674804688,0.0011223732726648
tile_r019299_c010339,3,322.1944580078125,503.909423828125,386.2809448242188,513.1688842773438,0.0011214050464332
tile_r019299_c010339,3,439.0804748535156,-12.800000190734863,500.1166076660156,5.181463718414307,0.0011158473789691
tile_r019299_c010339,3,114.43379974365234,501.3878784179688,182.35775756835935,512.7698974609375,0.0011142975417897
tile_r019299_c010339,3,280.5722961425781,521.2548828125,353.4485168457031,524.7999877929688,0.0010923700174316
tile_r019299_c010339,3,485.0383911132813,360.99212646484375,516.4805908203125,437.96588134765625,0.0010841386392712
tile_r019299_c010339,3,321.2401428222656,516.3433227539062,404.830078125,524.7999877929688,0.0010775384726002
tile_r019299_c010339,3,298.0516052246094,-12.800000190734863,369.37841796875,2.045602321624756,0.0010738018900156
tile_r019299_c010339,3,433.7096557617188,-12.714125633239746,491.6472778320313,-7.3456130027771,0.0010717114200815
tile_r019299_c010339,3,-4.369946479797363,461.9164123535156,51.97221755981445,514.0948486328125,0.0010616249637678
tile_r019299_c010339,3,271.31524658203125,520.4269409179688,339.66845703125,524.7999877929688,0.0010615733917802
tile_r019299_c010339,3,70.72647094726562,516.524658203125,126.716064453125,524.4452514648438,0.0010573675390332
tile_r019299_c010339,3,181.7061004638672,21.85433578491211,234.858642578125,84.55501556396484,0.0010422265622764
tile_r019299_c010339,3,81.78044128417969,506.5632934570313,162.0869903564453,516.8884887695312,0.0010342213790863
tile_r019299_c010339,3,237.2342987060547,275.3843688964844,380.1975402832031,418.9360961914063,0.0010327611817047
tile_r019299_c010339,3,321.5321655273437,-0.0332550033926963,366.096435546875,16.677505493164062,0.0010284313466399
tile_r019299_c010339,3,34.284706115722656,419.2266540527344,105.48687744140624,470.5982360839844,0.001018016366288
tile_r019299_c010339,3,430.549560546875,520.7286376953125,494.6785583496094,524.7999877929688,0.0010166929569095
tile_r019299_c010339,3,112.4113998413086,522.8553466796875,180.42135620117188,524.7999877929688,0.0010156870121136
tile_r019299_c010339,3,-12.800000190734863,522.0905151367188,40.30152130126953,524.7999877929688,0.0010101526277139
tile_r019299_c010339,3,294.49029541015625,-12.742715835571287,352.0941467285156,-7.696576118469238,0.0010023352224379
tile_r019299_c010339,3,484.8665161132813,410.66015625,510.5498962402344,435.6691284179688,0.001001383177936
tile_r019299_c010595,3,331.0009460449219,320.6358337402344,378.16412353515625,368.1739196777344,0.834247350692749
tile_r019299_c010595,3,366.7400512695313,444.26800537109375,412.98193359375,483.86224365234375,0.8131909370422363
tile_r019299_c010595,3,268.39971923828125,159.5655975341797,321.7084045410156,206.3042907714844,0.7968284487724304
tile_r019299_c010595,3,296.693603515625,61.34528732299805,335.5978088378906,99.8202667236328,0.7819905281066895
tile_r019299_c010595,3,423.0700073242188,278.0119934082031,470.6241149902344,322.4621276855469,0.7762466669082642
tile_r019299_c010595,3,116.8985366821289,81.30592346191406,176.13888549804688,129.66140747070312,0.7446433305740356
tile_r019299_c010595,3,196.0025329589844,316.0581970214844,251.4612274169922,367.9635620117188,0.7019414305686951
tile_r019299_c010595,3,119.4547348022461,161.5476837158203,172.3407745361328,205.7362823486328,0.6983354687690735
tile_r019299_c010595,3,426.8289184570313,477.58636474609375,451.6867065429688,498.8113708496094,0.6526875495910645
tile_r019299_c010595,3,392.7792053222656,202.6498107910156,430.6150512695313,236.5593719482422,0.6417500972747803
tile_r019299_c010595,3,397.0458068847656,351.1322631835937,430.1377868652344,376.1287536621094,0.6401337385177612
tile_r019299_c010595,3,226.1256103515625,406.5724487304688,262.2584228515625,440.1273498535156,0.5718468427658081
tile_r019299_c010595,3,380.99267578125,130.61282348632812,410.6101684570313,158.65939331054688,0.3568203449249267
tile_r019299_c010595,3,393.2859802246094,349.23077392578125,433.2771911621094,381.8814392089844,0.0770094916224479
tile_r019299_c010595,3,269.40966796875,498.5799865722656,316.3558044433594,512.9119873046875,0.0673600509762764
tile_r019299_c010595,3,120.2222137451172,166.799560546875,165.36813354492188,201.1534118652344,0.0467773377895355
tile_r019299_c010595,3,389.3293151855469,198.4536895751953,433.4544982910156,240.9271697998047,0.0315553098917007
tile_r019299_c010595,3,268.40411376953125,497.2496643066406,325.5053100585937,514.5825805664062,0.0290323887020349
tile_r019299_c010595,3,422.9205932617188,476.7566528320313,454.7352600097656,503.3817443847656,0.0270911417901515
tile_r019299_c010595,3,138.883544921875,122.59309387207033,164.8944854736328,144.6268310546875,0.0268188752233982
tile_r019299_c010595,3,192.8214874267578,-0.2096771299839019,223.8582000732422,13.092535018920898,0.0212638135999441
tile_r019299_c010595,3,204.21371459960935,321.55682373046875,246.4385223388672,364.0120239257813,0.0185972694307565
tile_r019299_c010595,3,191.6700439453125,-3.6400208473205566,231.68161010742188,9.228673934936523,0.0180457923561334
tile_r019299_c010595,3,192.7737274169922,-0.7104805111885071,239.9389190673828,13.495800971984863,0.0173715446144342
tile_r019299_c010595,3,114.7205581665039,78.42005157470703,180.98306274414065,144.6341094970703,0.0120714232325553
tile_r019299_c010595,3,270.38671875,501.115234375,319.58038330078125,514.4739990234375,0.0120039964094758
tile_r019299_c010595,3,222.3649444580078,401.8837890625,266.8235778808594,445.1574096679688,0.0114639112725853
tile_r019299_c010595,3,301.46075439453125,64.0367202758789,332.5254821777344,96.75496673583984,0.0094780419021844
tile_r019299_c010595,3,268.509521484375,489.8341674804688,324.81109619140625,513.25537109375,0.008110886439681
tile_r019299_c010595,3,191.1856384277344,-5.298015594482422,247.2539520263672,8.098968505859375,0.0064538605511188
tile_r019299_c010595,3,373.64404296875,447.2311401367188,411.3932495117188,480.7086791992188,0.0055803591385483
tile_r019299_c010595,3,397.5086059570313,354.1051940917969,423.2779235839844,373.4397583007813,0.0050362665206193
tile_r019299_c010595,3,261.2543334960937,500.7772521972656,322.9345092773437,516.7354736328125,0.0048467479646205
tile_r019299_c010595,3,272.5687561035156,495.055908203125,321.23077392578125,512.9160766601562,0.0045481664128601
tile_r019299_c010595,3,373.337646484375,498.3223571777344,429.5299377441406,512.8572387695312,0.0044043869711458
tile_r019299_c010595,3,127.6026840209961,163.85659790039062,173.31881713867188,200.9070281982422,0.004252856131643
tile_r019299_c010595,3,196.3070526123047,0.282339483499527,255.89938354492188,13.623947143554688,0.0040412181988358
tile_r019299_c010595,3,427.2447204589844,280.32330322265625,466.5087890625,317.1278076171875,0.0039261565543711
tile_r019299_c010595,3,378.806884765625,127.96431732177734,413.09906005859375,163.34793090820312,0.0038408210966736
tile_r019299_c010595,3,407.666259765625,519.42822265625,480.1157836914063,524.7999877929688,0.0038267388008534
tile_r019299_c010595,3,126.98455810546876,90.61872863769533,176.86416625976562,125.6042251586914,0.003746201749891
tile_r019299_c010595,3,33.912254333496094,501.18017578125,101.77215576171876,513.0813598632812,0.0035359349567443
tile_r019299_c010595,3,352.7030639648437,520.8404541015625,431.8514099121094,524.7999877929688,0.0032758489251136
tile_r019299_c010595,3,191.11148071289065,308.75341796875,255.357177734375,372.9236755371094,0.0031249406747519
tile_r019299_c010595,3,414.2142639160156,483.1533203125,459.6954956054688,508.7628784179688,0.0030544665642082
tile_r019299_c010595,3,377.0616760253906,501.53466796875,436.55657958984375,512.9503784179688,0.0029861787334084
tile_r019299_c010595,3,211.5252685546875,0.842926025390625,253.34420776367188,13.269574165344238,0.0029770995024591
tile_r019299_c010595,3,262.5724182128906,502.4309692382813,323.58160400390625,512.4237060546875,0.0028502496425062
tile_r019299_c010595,3,46.66252517700195,-5.920434474945068,103.77351379394533,7.909585475921631,0.0027149673551321
tile_r019299_c010595,3,383.0116882324219,515.6180419921875,440.0923767089844,523.8991088867188,0.002692543901503
tile_r019299_c010595,3,50.61066818237305,-0.66595458984375,105.3791732788086,17.536060333251953,0.002510646590963
tile_r019299_c010595,3,254.2749786376953,512.543212890625,316.9295654296875,523.135498046875,0.0024392933119088
tile_r019299_c010595,3,29.06209754943848,514.7306518554688,93.42972564697266,524.080078125,0.0023104543797671
tile_r019299_c010595,3,389.3066101074219,504.8944396972656,466.9636840820313,512.5968017578125,0.0022944172378629
tile_r019299_c010595,3,230.3867645263672,521.0341186523438,300.8065490722656,524.7999877929688,0.0022724657319486
tile_r019299_c010595,3,19.103015899658203,514.5831909179688,80.38082122802734,523.8713989257812,0.0022695236839354
tile_r019299_c010595,3,343.5814514160156,511.8243103027344,434.90130615234375,521.0250854492188,0.0022475176956504
tile_r019299_c010595,3,40.44709396362305,515.4300537109375,106.8134536743164,524.3948974609375,0.0022342284210026
tile_r019299_c010595,3,250.1750946044922,522.33056640625,317.99029541015625,524.7999877929688,0.0021810855250805
tile_r019299_c010595,3,253.5464782714844,498.6636352539063,313.9188537597656,513.6279907226562,0.0021464088931679
tile_r019299_c010595,3,189.01791381835935,-4.769369602203369,226.6833953857422,7.471307277679443,0.0021448398474603
tile_r019299_c010595,3,367.6166076660156,497.3065490722656,406.6691284179688,512.5938720703125,0.0021228326950222
tile_r019299_c010595,3,231.2377166748047,409.1865234375,261.0302429199219,437.4988403320313,0.0020783136133104
tile_r019299_c010595,3,248.43588256835935,513.7012939453125,309.5243530273437,524.0841064453125,0.0020751452539116
tile_r019299_c010595,3,431.9825134277344,515.3521118164062,489.7559509277344,523.9535522460938,0.0020399517379701
tile_r019299_c010595,3,0.1512268036603927,520.6295166015625,72.74014282226562,524.7999877929688,0.0020354473963379
tile_r019299_c010595,3,407.440673828125,515.3057250976562,472.226318359375,523.3524169921875,0.0019530355930328
tile_r019299_c010595,3,415.7776489257813,269.0869445800781,472.8161010742188,330.6044616699219,0.0019053139258176
tile_r019299_c010595,3,372.7405395507813,514.4076538085938,428.2520446777344,523.8866577148438,0.0019034730503335
tile_r019299_c010595,3,443.7720642089844,502.17626953125,511.8650512695313,513.8831176757812,0.001876147929579
tile_r019299_c010595,3,392.0197448730469,511.9616088867188,482.2072143554688,522.6920776367188,0.0018558714073151
tile_r019299_c010595,3,436.8722534179688,74.2242202758789,465.9214782714844,102.82722473144533,0.0018528997898101
tile_r019299_c010595,3,420.1515502929688,516.3399658203125,478.8125,523.7586669921875,0.0018414705991744
tile_r019299_c010595,3,11.93227195739746,514.9622802734375,68.2317123413086,523.8248291015625,0.0018333756597712
tile_r019299_c010595,3,22.193063735961918,504.3728637695313,90.5754623413086,512.9632568359375,0.0018321631941944
tile_r019299_c010595,3,291.1126403808594,56.52606201171875,340.2327575683594,107.16329193115234,0.0017979632830247
tile_r019299_c010595,3,181.93276977539065,-12.548802375793455,261.5304260253906,1.735595703125,0.0017935085343196
tile_r019299_c010595,3,338.3954162597656,522.0443115234375,405.2425231933594,524.7999877929688,0.0017933232011273
tile_r019299_c010595,3,442.8016052246094,515.1687622070312,506.93695068359375,524.5226440429688,0.0017857584170997
tile_r019299_c010595,3,259.312744140625,484.3094787597656,329.3338317871094,517.5389404296875,0.0017854662146419
tile_r019299_c010595,3,419.9664916992188,464.040771484375,457.41650390625,501.6053161621094,0.0017743388889357
tile_r019299_c010595,3,364.22412109375,513.3944091796875,417.8445434570313,523.9739379882812,0.0017690842505544
tile_r019299_c010595,3,227.7310028076172,0.154937744140625,252.1806182861328,13.407366752624512,0.0017206274205818
tile_r019299_c010595,3,368.0072326660156,521.4851684570312,438.11962890625,524.7999877929688,0.0016947783296927
tile_r019299_c010595,3,4.754571437835693,502.7145385742188,65.51609802246094,513.3674926757812,0.0016944773960858
tile_r019299_c010595,3,258.047607421875,145.8776092529297,332.6399841308594,217.06295776367188,0.0016846096841618
tile_r019299_c010595,3,420.70361328125,520.70654296875,488.8028259277344,524.7999877929688,0.0016633968334645
tile_r019299_c010595,3,238.8590850830078,521.8697509765625,306.68035888671875,524.7999877929688,0.001657047192566
tile_r019299_c010595,3,372.6753540039063,123.42366027832033,415.3362731933594,166.84371948242188,0.0016238882672041
tile_r019299_c010595,3,424.8335571289063,504.43756103515625,492.985595703125,513.356201171875,0.0016034829895943
tile_r019299_c010595,3,392.13671875,516.1950073242188,459.740234375,523.8006591796875,0.0016005063662305
tile_r019299_c010595,3,457.5370178222656,503.0494079589844,515.4981689453125,513.1693115234375,0.0015528359217569
tile_r019299_c010595,3,267.333984375,509.6327209472656,331.4727478027344,522.8187255859375,0.0015156073495745
tile_r019299_c010595,3,376.9111022949219,520.9754638671875,447.4578247070313,524.7999877929688,0.0015115826390683
tile_r019299_c010595,3,174.50088500976562,-12.800000190734863,244.992919921875,3.540203809738159,0.0014915271895006
tile_r019299_c010595,3,223.3993682861328,519.75732421875,294.788330078125,524.7999877929688,0.0014869211008772
tile_r019299_c010595,3,420.4285278320313,316.71563720703125,438.6220703125,331.9798889160156,0.0014740187907591
tile_r019299_c010595,3,258.77081298828125,471.23675537109375,341.98944091796875,513.0662841796875,0.0014659704174846
tile_r019299_c010595,3,-10.807073593139648,512.4905395507812,75.57860565185547,522.6492919921875,0.0014656786806881
tile_r019299_c010595,3,293.65777587890625,512.1748046875,364.6616516113281,524.7999877929688,0.0014617932029068
tile_r019299_c010595,3,-9.307904243469238,519.4957275390625,54.49940872192383,524.7999877929688,0.0014465750427916
tile_r019299_c010595,3,57.71022415161133,521.2058715820312,127.3730239868164,524.7999877929688,0.0014375800965353
tile_r019299_c010595,3,344.8489685058594,496.0587768554688,402.274169921875,512.9359130859375,0.0014262701151892
tile_r019299_c010595,3,236.91958618164065,511.94732666015625,320.5922241210937,520.5699462890625,0.0014249519445002
tile_r019299_c010595,3,50.3768424987793,515.9126586914062,124.78470611572266,524.7999877929688,0.0013933894224464
tile_r019299_c010595,3,381.5728454589844,504.0196838378906,450.97998046875,513.1239013671875,0.0013688176404684
tile_r019299_c010595,3,40.5034408569336,502.3904418945313,117.6894760131836,513.2478637695312,0.0013420116156339
tile_r019299_c010595,3,147.4099578857422,521.5528564453125,213.562744140625,524.7999877929688,0.0013334525283426
tile_r019299_c010595,3,361.0572204589844,437.2676696777344,417.8329162597656,491.47021484375,0.0013178630033507
tile_r019299_c010595,3,105.0507354736328,520.3357543945312,168.467529296875,524.7999877929688,0.0013135536573827
tile_r019299_c010595,3,432.5232849121094,519.5452880859375,506.57708740234375,524.7999877929688,0.0013042644131928
tile_r019299_c010595,3,448.401611328125,521.1329345703125,519.909423828125,524.7999877929688,0.0012996769510209
tile_r019299_c010595,3,408.6196899414063,500.8176879882813,483.5965270996094,513.60888671875,0.0012981997570022
tile_r019299_c010595,3,159.8879852294922,520.3660278320312,228.3161163330078,524.7999877929688,0.0012913179816678
tile_r019299_c010595,3,323.02569580078125,313.0706787109375,387.0377197265625,379.01458740234375,0.0012881191214546
tile_r019299_c010595,3,135.25698852539062,521.3052978515625,197.5283660888672,524.7999877929688,0.0012838250258937
tile_r019299_c010595,3,457.0950317382813,522.0671997070312,524.6883544921875,524.7999877929688,0.0012738972436636
tile_r019299_c010595,3,394.638427734375,518.9542236328125,470.7679138183594,524.7999877929688,0.0012554281856864
tile_r019299_c010595,3,384.5745849609375,328.5350952148437,441.6083984375,382.58538818359375,0.001251601614058
tile_r019299_c010595,3,456.5206909179688,516.4200439453125,519.5119018554688,524.6365966796875,0.0012467269552871
tile_r019299_c010595,3,71.92655181884766,521.5957641601562,138.04563903808594,524.7999877929688,0.001242677681148
tile_r019299_c010595,3,197.8148498535156,518.9810791015625,264.322265625,524.7999877929688,0.0012301977258175
tile_r019299_c010595,3,341.59588623046875,514.3080444335938,390.6182556152344,524.2822875976562,0.0012267768615856
tile_r019299_c010595,3,215.2986297607422,518.6785278320312,287.34698486328125,524.7999877929688,0.0012040517758578
tile_r019299_c010595,3,8.196093559265137,503.4747619628906,82.41815185546875,513.4082641601562,0.001197095378302
tile_r019299_c010595,3,330.76922607421875,514.7186279296875,377.8561401367188,524.0810546875,0.0011966479942202
tile_r019299_c010595,3,115.23796081542967,520.7715454101562,179.51290893554688,524.7999877929688,0.0011932305060327
tile_r019299_c010595,3,143.5784454345703,263.09344482421875,198.11209106445312,317.3096618652344,0.001185341970995
tile_r019299_c010595,3,269.1226501464844,505.3308715820313,346.0464782714844,524.30078125,0.0011840431252494
tile_r019299_c010595,3,352.1098022460937,513.6668701171875,404.06195068359375,524.0737915039062,0.0011746672680601
tile_r019299_c010595,3,413.1396484375,513.35302734375,499.5318298339844,522.3656005859375,0.0011659674346446
tile_r019299_c010595,3,263.0120544433594,522.0534057617188,326.659423828125,524.7999877929688,0.0011517598759382
tile_r019299_c010595,3,224.1675262451172,396.3421630859375,272.407470703125,452.8275451660156,0.0011452034814283
tile_r019299_c010595,3,22.812122344970703,521.3518676757812,98.63337707519533,524.7999877929688,0.0011451854370534
tile_r019299_c010595,3,173.55917358398438,520.3269653320312,239.2041015625,524.7999877929688,0.001131753087975
tile_r019299_c010595,3,196.77182006835935,-12.800000190734863,265.2211303710937,6.170721530914307,0.0011229786323383
tile_r019299_c010595,3,62.68268966674805,516.3982543945312,153.1995391845703,524.7999877929688,0.0011207663919776
tile_r019299_c010595,3,337.55279541015625,324.2206115722656,374.8345642089844,366.1199645996094,0.0011063431156799
tile_r019299_c010595,3,305.7518005371094,519.7418823242188,364.40631103515625,524.7999877929688,0.0010976524790748
tile_r019299_c010595,3,112.0932388305664,149.98074340820312,183.8208770751953,217.78079223632807,0.0010969061404466
tile_r019299_c010595,3,414.4805603027344,265.3314514160156,485.8926696777344,338.1443786621094,0.0010967964772135
tile_r019299_c010595,3,388.5691833496094,348.5042419433594,436.96002197265625,392.0816040039063,0.0010905899107456
tile_r019299_c010595,3,166.0804901123047,-12.182348251342772,233.6800994873047,1.376922607421875,0.0010845857905223
tile_r019299_c010595,3,468.716796875,504.0498962402344,514.06689453125,512.8045654296875,0.0010845486540347
tile_r019299_c010595,3,185.32928466796875,519.5169677734375,251.1271514892578,524.7999877929688,0.0010806404752656
tile_r019299_c010595,3,177.1254425048828,-12.7183198928833,235.9889678955078,-7.258775234222412,0.0010579610243439
tile_r019299_c010595,3,62.90561676025391,503.8714904785156,129.6956787109375,513.3670043945312,0.0010463169310241
tile_r019299_c010595,3,187.81478881835935,-3.504757642745972,225.51644897460935,10.929553031921388,0.0010397611185908
tile_r019299_c010595,3,416.7965698242188,312.5928649902344,436.98583984375,332.126953125,0.0010393243283033
tile_r019299_c010595,3,130.0413055419922,116.3697509765625,168.296630859375,143.2235107421875,0.0010207050945609
tile_r019299_c010595,3,61.17301177978516,-0.1979705840349197,113.5021514892578,17.302204132080078,0.0010144830448552
tile_r019299_c010595,3,215.0246124267578,381.4077758789063,271.05487060546875,435.858154296875,0.0010093137389048
tile_r019299_c010851,3,75.35546112060547,320.87554931640625,121.8430633544922,367.863037109375,0.8292355537414551
tile_r019299_c010851,3,111.0045394897461,444.3727111816406,156.83901977539062,483.7003479003906,0.8155115842819214
tile_r019299_c010851,3,40.308837890625,61.16401290893555,79.93571472167969,100.2616958618164,0.7941457629203796
tile_r019299_c010851,3,13.47052001953125,159.23043823242188,65.9435043334961,207.1506805419922,0.7932441830635071
tile_r019299_c010851,3,167.62918090820312,278.590576171875,214.2031707763672,322.0043029785156,0.7778089642524719
tile_r019299_c010851,3,445.0671997070313,297.0875549316406,490.8340759277344,341.97003173828125,0.7491288781166077
tile_r019299_c010851,3,327.2548217773437,0.6552688479423523,363.22503662109375,35.876068115234375,0.7431141138076782
tile_r019299_c010851,3,170.9656524658203,477.70697021484375,195.54281616210935,498.74017333984375,0.6492515206336975
tile_r019299_c010851,3,141.1439971923828,351.21063232421875,174.029541015625,376.0328063964844,0.6469085812568665
tile_r019299_c010851,3,137.00906372070312,202.898681640625,174.1016387939453,236.31021118164065,0.6193859577178955
tile_r019299_c010851,3,481.4864807128906,177.8014373779297,515.4161376953125,223.3574981689453,0.6170873045921326
tile_r019299_c010851,3,125.0554428100586,130.39694213867188,154.72738647460938,158.6837615966797,0.1875776648521423
tile_r019299_c010851,3,484.8888549804688,185.38101196289065,512.6236572265625,221.12533569335935,0.108700007200241
tile_r019299_c010851,3,137.35256958007812,349.2950134277344,177.1244354248047,381.8290100097656,0.0692472606897354
tile_r019299_c010851,3,16.0908203125,498.7982482910156,57.64437103271485,512.7654418945312,0.0656783357262611
tile_r019299_c010851,3,133.40713500976562,198.62026977539065,177.0139923095703,240.90512084960935,0.0270408298820257
tile_r019299_c010851,3,166.9789276123047,476.91009521484375,198.5105743408203,503.3304138183594,0.0233888924121856
tile_r019299_c010851,3,14.812850952148438,496.4613342285156,68.26722717285156,514.52001953125,0.022048894315958
tile_r019299_c010851,3,447.8732299804688,302.9483947753906,485.3351440429688,339.8085327148437,0.0128994360566139
tile_r019299_c010851,3,483.3719177246094,168.45455932617188,523.8333740234375,227.7476043701172,0.0114878369495272
tile_r019299_c010851,3,475.9343872070313,173.61373901367188,516.3883056640625,229.35452270507807,0.0082214539870619
tile_r019299_c010851,3,45.1981315612793,64.02537536621094,76.67884826660156,97.00201416015624,0.0072298953309655
tile_r019299_c010851,3,441.60693359375,290.9952087402344,496.12646484375,346.92938232421875,0.007025743369013
tile_r019299_c010851,3,117.7650375366211,447.2835083007813,155.2875518798828,480.6202087402344,0.0067958799190819
tile_r019299_c010851,3,14.784680366516112,489.7120971679688,66.7766342163086,513.2605590820312,0.0065342206507921
tile_r019299_c010851,3,333.07574462890625,4.094723701477051,360.4468383789063,33.06898498535156,0.0058626253157854
tile_r019299_c010851,3,141.5365447998047,354.1748046875,167.1761016845703,373.4232482910156,0.0054409080184996
tile_r019299_c010851,3,487.17083740234375,193.4571228027344,512.5484008789062,220.4611358642578,0.0047536520287394
tile_r019299_c010851,3,3.2463715076446533,409.4159240722656,20.55337142944336,430.4332885742188,0.0047148908488452
tile_r019299_c010851,3,117.8290023803711,498.1686401367188,172.85049438476562,512.7813720703125,0.0042363577522337
tile_r019299_c010851,3,171.5571746826172,280.58941650390625,210.1866149902344,316.98492431640625,0.0034970433916896
tile_r019299_c010851,3,151.9889678955078,519.408935546875,222.61666870117188,524.7999877929688,0.0034955313894897
tile_r019299_c010851,3,97.5582275390625,520.9197387695312,175.0345458984375,524.7999877929688,0.0030776292551308
tile_r019299_c010851,3,122.4520034790039,501.573486328125,179.86691284179688,512.8809204101562,0.002964285435155
tile_r019299_c010851,3,158.4090118408203,483.0471801757813,203.3045196533203,508.7444458007813,0.002948333043605
tile_r019299_c010851,3,487.830810546875,74.69217681884766,514.3754272460938,118.34242248535156,0.0025716298259794
tile_r019299_c010851,3,234.1324157714844,27.3485107421875,291.07965087890625,82.99528503417969,0.0025186997372657
tile_r019299_c010851,3,127.1570816040039,515.6422119140625,183.1859588623047,523.8873291015625,0.0025109820999205
tile_r019299_c010851,3,116.450927734375,497.26025390625,146.1868896484375,512.47412109375,0.0024655694141983
tile_r019299_c010851,3,317.3153381347656,-2.0702483654022217,362.698486328125,15.116528511047363,0.0023183533921837
tile_r019299_c010851,3,133.7786407470703,504.7750854492188,210.2635040283203,512.5338134765625,0.0022615015041083
tile_r019299_c010851,3,281.00457763671875,-4.812298774719238,334.40435791015625,10.10849952697754,0.0021788969170302
tile_r019299_c010851,3,122.34537506103516,127.201171875,157.62037658691406,163.718017578125,0.0020283570047467
tile_r019299_c010851,3,160.4360809326172,269.6112365722656,216.17578125,330.388427734375,0.0020059328526258
tile_r019299_c010851,3,88.1114273071289,511.6887817382813,178.15713500976562,521.0164794921875,0.0018741247477009
tile_r019299_c010851,3,9.081622123718262,502.2875061035156,65.4025650024414,512.2786865234375,0.0018313593463972
tile_r019299_c010851,3,10.410680770874023,510.4025268554688,64.8517074584961,522.3801879882812,0.0017752319108694
tile_r019299_c010851,3,1.986767530441284,407.2799682617188,15.670129776000977,433.7243041992188,0.0017470638267695
tile_r019299_c010851,3,85.0893783569336,522.1489868164062,148.57052612304688,524.7999877929688,0.0017400465440005
tile_r019299_c010851,3,112.4557647705078,521.5860595703125,181.0138702392578,524.7999877929688,0.001739764236845
tile_r019299_c010851,3,164.5457763671875,464.16796875,201.1107177734375,501.1242065429688,0.0017335750162601
tile_r019299_c010851,3,117.48583984375,514.431640625,171.7274169921875,523.8765869140625,0.0017274972051382
tile_r019299_c010851,3,176.42344665527344,515.4287109375,233.23388671875,524.0309448242188,0.0017149387858808
tile_r019299_c010851,3,151.27926635742188,514.9103393554688,215.0194091796875,523.3568115234375,0.0017030466115102
tile_r019299_c010851,3,278.61639404296875,-4.763018608093262,327.0638427734375,16.710613250732422,0.0016909053083509
tile_r019299_c010851,3,-2.792156934738159,522.3770751953125,59.41118621826172,524.7999877929688,0.0016712839715182
tile_r019299_c010851,3,4.870944023132324,145.45556640625,76.6705322265625,217.4565887451172,0.0016595394117757
tile_r019299_c010851,3,84.5365219116211,512.3629150390625,173.335205078125,519.4556274414062,0.0016566315898671
tile_r019299_c010851,3,288.4598083496094,0.5280517339706421,342.0926208496094,14.575268745422363,0.0016435252036899
tile_r019299_c010851,3,136.34133911132812,512.0847778320312,225.2079162597656,522.5808715820312,0.0016286892350763
tile_r019299_c010851,3,-10.722149848937988,521.8898315429688,47.88237762451172,524.7999877929688,0.0016147623537108
tile_r019299_c010851,3,213.94253540039065,503.6869201660156,274.9921264648437,512.8275146484375,0.0015822064597159
tile_r019299_c010851,3,164.1551055908203,516.364013671875,221.6102752685547,523.7559204101562,0.0015808850293979
tile_r019299_c010851,3,34.824806213378906,56.24641036987305,84.3621826171875,108.2206573486328,0.0015700579388067
tile_r019299_c010851,3,109.4275360107422,513.3792724609375,161.7548370361328,523.9712524414062,0.0015463510062545
tile_r019299_c010851,3,227.13601684570312,515.5159912109375,284.2004089355469,524.4732666015625,0.0015200786292552
tile_r019299_c010851,3,121.3019790649414,520.97412109375,189.8946990966797,524.7999877929688,0.0015132662374526
tile_r019299_c010851,3,494.25299072265625,164.364990234375,523.8780517578125,226.2793426513672,0.001492743496783
tile_r019299_c010851,3,190.5377960205078,514.8224487304688,248.90054321289065,524.5718994140625,0.0014862316893413
tile_r019299_c010851,3,165.14492797851562,520.7802124023438,230.75341796875,524.7999877929688,0.0014857010683044
tile_r019299_c010851,3,182.10226440429688,503.0213928222656,251.1880798339844,513.3868408203125,0.0014829511055722
tile_r019299_c010851,3,135.98208618164062,516.0462646484375,201.94857788085935,523.801513671875,0.0014766156673431
tile_r019299_c010851,3,93.40769958496094,495.8214416503906,144.34677124023438,512.8182373046875,0.0014727707020938
tile_r019299_c010851,3,-12.800000190734863,520.9420166015625,41.41363525390625,524.7999877929688,0.0014665722846984
tile_r019299_c010851,3,-2.285675048828125,466.8086853027344,78.39944458007812,514.7086791992188,0.0014451019233092
tile_r019299_c010851,3,274.2367858886719,519.3836059570312,341.4069519042969,524.7999877929688,0.0014333266299217
tile_r019299_c010851,3,396.919189453125,-12.800000190734863,472.2366638183594,1.095544457435608,0.0014122488209977
tile_r019299_c010851,3,331.06396484375,519.2803344726562,395.75830078125,524.7999877929688,0.0013907903339713
tile_r019299_c010851,3,193.7374725341797,520.8167114257812,263.7150573730469,524.7999877929688,0.0013795641716569
tile_r019299_c010851,3,169.4132537841797,504.18560791015625,237.11666870117188,513.3128662109375,0.001371678081341
tile_r019299_c010851,3,207.42626953125,515.2855224609375,262.56170654296875,524.3638916015625,0.0013484655646607
tile_r019299_c010851,3,245.5260772705078,127.5312271118164,330.6893615722656,223.78060913085935,0.0013387530343607
tile_r019299_c010851,3,218.9292449951172,515.4111328125,272.60943603515625,524.1732177734375,0.0013355674454942
tile_r019299_c010851,3,2.220199584960937,405.45458984375,19.481542587280277,436.4006958007813,0.0013224630383774
tile_r019299_c010851,3,169.90293884277344,519.6670532226562,238.29638671875,524.7999877929688,0.0013224442955106
tile_r019299_c010851,3,418.8558654785156,-0.5043586492538452,469.3218688964844,13.361310005187988,0.0013088630512356
tile_r019299_c010851,3,313.74658203125,519.2899169921875,378.00872802734375,524.7999877929688,0.0013058497570455
tile_r019299_c010851,3,67.55528259277344,313.3671264648437,130.77810668945312,378.1636352539063,0.0013057558098807
tile_r019299_c010851,3,4.180511474609375,511.7398986816406,59.48702239990234,522.9883422851562,0.0013016664888709
tile_r019299_c010851,3,318.73291015625,-0.4610534608364105,369.1223754882813,51.0493392944336,0.0012944358168169
tile_r019299_c010851,3,126.9967803955078,504.0480346679688,194.4125518798828,513.0720825195312,0.001292708562687
tile_r019299_c010851,3,15.208081245422363,507.7863159179688,74.50392150878906,522.8636474609375,0.001276304363273
tile_r019299_c010851,3,180.38064575195312,73.89376068115234,210.1608428955078,103.22004699707033,0.0012703496031463
tile_r019299_c010851,3,436.0808715820313,286.80889892578125,501.4811401367188,356.3907165527344,0.0012590177357196
tile_r019299_c010851,3,77.66776275634766,521.7403564453125,140.25257873535156,524.7999877929688,0.001256750896573
tile_r019299_c010851,3,203.3764190673828,502.4016723632813,271.46612548828125,513.1004638671875,0.0012565479846671
tile_r019299_c010851,3,203.75637817382807,521.8038330078125,269.97955322265625,524.7999877929688,0.0012471444206312
tile_r019299_c010851,3,251.83267211914065,518.9307861328125,315.9961853027344,524.7999877929688,0.0012442524312064
tile_r019299_c010851,3,164.74327087402344,316.81597900390625,182.55148315429688,331.9024963378906,0.0012441872386261
tile_r019299_c010851,3,128.91030883789062,328.6210021972656,185.1327209472656,382.347412109375,0.0012226280523464
tile_r019299_c010851,3,287.5824279785156,519.8355712890625,352.8160095214844,524.7999877929688,0.0012130816467106
tile_r019299_c010851,3,505.5354919433594,168.18014526367188,524.7139892578125,233.8619842529297,0.0012120739556849
tile_r019299_c010851,3,184.9454040527344,519.7471923828125,257.09814453125,524.7999877929688,0.0012039005523547
tile_r019299_c010851,3,105.6191635131836,437.1732482910156,161.79611206054688,491.3636779785156,0.0012015324318781
tile_r019299_c010851,3,138.8551483154297,518.8988037109375,212.94692993164065,524.7999877929688,0.0012004221789538
tile_r019299_c010851,3,287.50506591796875,-3.629004001617432,347.12750244140625,6.101919651031494,0.001189597765915
tile_r019299_c010851,3,278.711181640625,-12.800000190734863,357.1786499023437,0.464404284954071,0.0011854158947244
tile_r019299_c010851,3,263.56512451171875,518.5206909179688,328.8191833496094,524.7999877929688,0.0011848192662
tile_r019299_c010851,3,43.80891036987305,512.2598266601562,107.0447998046875,524.7999877929688,0.0011833349708467
tile_r019299_c010851,3,215.7363739013672,521.8975830078125,279.7296447753906,524.7999877929688,0.0011731102131307
tile_r019299_c010851,3,-10.328234672546388,512.1749877929688,64.17713928222656,518.5734252929688,0.0011640725424513
tile_r019299_c010851,3,153.0535430908203,500.5210876464844,226.9176025390625,513.470703125,0.0011353753507137
tile_r019299_c010851,3,511.5744018554688,167.9783172607422,520.9305419921875,233.5111846923828,0.0011266758665442
tile_r019299_c010851,3,1.9131317138671875,406.67431640625,23.760385513305664,430.6989135742188,0.0010965117253363
tile_r019299_c010851,3,17.701892852783203,504.4133911132813,89.32728576660156,524.35009765625,0.001085101510398
tile_r019299_c010851,3,244.285400390625,520.1315307617188,309.54986572265625,524.7999877929688,0.0010770402150228
tile_r019299_c010851,3,300.1358642578125,519.5885009765625,366.5404052734375,524.7999877929688,0.0010520938085392
tile_r019299_c010851,3,1.693328857421875,409.6395568847656,12.793573379516602,432.5256958007813,0.0010519535280764
tile_r019299_c010851,3,344.6974182128906,518.4246826171875,410.9201049804688,524.7999877929688,0.0010417690500617
tile_r019299_c010851,3,237.52102661132807,25.499536514282227,299.9757080078125,91.07861328125,0.0010374616831541
tile_r019299_c010851,3,491.982421875,64.22603607177734,514.7844848632812,122.15206146240234,0.0010322645539417
tile_r019299_c010851,3,234.72689819335935,514.9176635742188,314.256591796875,524.7999877929688,0.0010291679063811
tile_r019299_c010851,3,132.58670043945312,348.89697265625,180.8174743652344,392.1314392089844,0.0010109782451763
tile_r019299_c010851,3,360.8924255371094,380.4779968261719,435.0571899414063,452.5881958007813,0.0010084415553137
tile_r019299_c010851,3,226.8758087158203,504.40576171875,283.8969116210937,513.3018798828125,0.0010045225499197
tile_r019299_c010851,3,453.1390075683594,521.1878662109375,513.544189453125,524.7999877929688,0.0010039346525445
tile_r019299_c011107,3,225.3558807373047,173.29483032226562,275.39715576171875,222.6281280517578,0.802862823009491
tile_r019299_c011107,3,358.79791259765625,386.1270751953125,414.4588012695313,435.5641479492188,0.799049437046051
tile_r019299_c011107,3,252.90756225585935,71.77896881103516,317.15447998046875,127.14356994628906,0.793656051158905
tile_r019299_c011107,3,294.39288330078125,264.2542419433594,348.38641357421875,308.0665588378906,0.7920012474060059
tile_r019299_c011107,3,306.88189697265625,464.2057189941406,350.1241149902344,506.8605041503906,0.7603775262832642
tile_r019299_c011107,3,326.5902709960937,38.2286376953125,371.77349853515625,80.73162841796875,0.7494639754295349
tile_r019299_c011107,3,71.05326843261719,0.6386581659317017,107.30824279785156,35.984886169433594,0.7462928891181946
tile_r019299_c011107,3,382.457763671875,472.4508666992188,434.169677734375,511.5262756347656,0.7380391955375671
tile_r019299_c011107,3,188.6028594970703,296.85986328125,234.97140502929688,342.50604248046875,0.7370758056640625
tile_r019299_c011107,3,375.9487915039063,183.8121032714844,433.040771484375,230.8822326660156,0.7145897746086121
tile_r019299_c011107,3,379.0686645507813,468.4021606445313,441.63720703125,514.64990234375,0.0760729983448982
tile_r019299_c011107,3,191.5546112060547,302.500244140625,229.3448486328125,340.0331420898437,0.0152017502114176
tile_r019299_c011107,3,371.4698486328125,178.3264923095703,438.2383728027344,236.6500701904297,0.0147586967796087
tile_r019299_c011107,3,344.134521484375,-2.918570041656494,368.9448852539063,16.212448120117188,0.0082232197746634
tile_r019299_c011107,3,76.91421508789062,4.096742153167725,104.5213851928711,33.079627990722656,0.0052402159199118
tile_r019299_c011107,3,185.6905975341797,290.04510498046875,241.4930877685547,347.1817321777344,0.0050679575651884
tile_r019299_c011107,3,355.0892944335937,379.73187255859375,420.8185119628906,442.4659729003906,0.0045184213668107
tile_r019299_c011107,3,302.76397705078125,458.9674682617188,354.8863220214844,510.5651245117188,0.004456756170839
tile_r019299_c011107,3,295.9153747558594,267.8661499023437,341.42578125,302.5873413085937,0.0037942845374345
tile_r019299_c011107,3,310.87225341796875,466.9136657714844,345.3957824707031,503.6006774902344,0.003432021709159
tile_r019299_c011107,3,372.4217224121094,513.0182495117188,461.63482666015625,519.7761840820312,0.0025469772517681
tile_r019299_c011107,3,61.3856201171875,-2.123526096343994,107.06419372558594,15.859735488891602,0.002420203294605
tile_r019299_c011107,3,403.9828186035156,516.0420532226562,483.1145629882813,524.7999877929688,0.002361167455092
tile_r019299_c011107,3,386.2794494628906,522.3411865234375,463.0587463378906,524.7999877929688,0.0021388249006122
tile_r019299_c011107,3,321.22784423828125,34.37125396728516,375.98968505859375,87.73819732666016,0.0020566128659993
tile_r019299_c011107,3,381.08203125,495.7034301757813,462.5344848632813,524.6544189453125,0.0019710643682628
tile_r019299_c011107,3,353.1263732910156,516.8160400390625,419.37249755859375,524.7999877929688,0.0019205221906304
tile_r019299_c011107,3,363.02685546875,468.3269653320313,444.28271484375,523.7698974609375,0.0019137492636218
tile_r019299_c011107,3,336.189697265625,516.5299682617188,395.2268981933594,524.7999877929688,0.0018744663102552
tile_r019299_c011107,3,389.0321960449219,188.45315551757807,429.2406311035156,227.0571746826172,0.0018730342853814
tile_r019299_c011107,3,381.85845947265625,520.5716552734375,460.2322692871094,524.7999877929688,0.0018371441401541
tile_r019299_c011107,3,342.8451232910156,-5.887575626373291,375.9833068847656,16.56406021118164,0.0018369115423411
tile_r019299_c011107,3,338.8851928710937,-1.900463819503784,375.4919128417969,23.136180877685547,0.0017990557244047
tile_r019299_c011107,3,313.3961486816406,516.2732543945312,375.793701171875,524.3909912109375,0.0017655391711741
tile_r019299_c011107,3,431.7073364257813,168.1503143310547,510.04736328125,263.03497314453125,0.0017642789753153
tile_r019299_c011107,3,401.70697021484375,501.5240173339844,458.625244140625,512.9373168945312,0.0017572354990988
tile_r019299_c011107,3,429.0040893554688,516.2288818359375,504.9197387695313,524.7999877929688,0.0017225770279765
tile_r019299_c011107,3,386.8521118164063,502.02587890625,452.6954650878906,512.78955078125,0.0017074650386348
tile_r019299_c011107,3,370.4226989746094,512.4049072265625,456.89263916015625,518.1226806640625,0.0016440283507108
tile_r019299_c011107,3,33.41963577270508,0.405844122171402,86.77290344238281,14.526514053344728,0.0015905845211818
tile_r019299_c011107,3,29.62123680114746,-4.812731742858887,86.0575942993164,7.665274143218994,0.0014625944895669
tile_r019299_c011107,3,74.75704956054688,519.7554321289062,140.85256958007812,524.7999877929688,0.0014369388809427
tile_r019299_c011107,3,282.48992919921875,248.4898376464844,358.6014709472656,319.3985290527344,0.0014327330281957
tile_r019299_c011107,3,61.7592658996582,-0.7337890863418579,113.40042877197266,51.3202018737793,0.0014249009545892
tile_r019299_c011107,3,24.944055557250977,520.3966064453125,92.47039794921876,524.7999877929688,0.0013766203774139
tile_r019299_c011107,3,57.16645431518555,519.7149658203125,123.109130859375,524.7999877929688,0.0013757828855887
tile_r019299_c011107,3,411.8370971679688,499.9992065429688,471.9739379882813,513.4288940429688,0.001352461753413
tile_r019299_c011107,3,160.52163696289062,-0.4539642333984375,213.619873046875,13.452093124389648,0.0013427204685285
tile_r019299_c011107,3,228.6287078857422,521.1921997070312,291.45587158203125,524.7999877929688,0.001339295762591
tile_r019299_c011107,3,287.0751037597656,512.9696044921875,375.9339904785156,522.7821044921875,0.001321799471043
tile_r019299_c011107,3,296.218505859375,520.4163208007812,368.7972106933594,524.7999877929688,0.0013050142442807
tile_r019299_c011107,3,139.286865234375,-12.800000190734863,216.69253540039065,1.2133041620254517,0.0012694629840552
tile_r019299_c011107,3,11.84844970703125,519.8997802734375,81.298095703125,524.7999877929688,0.0012296687345951
tile_r019299_c011107,3,379.5785827636719,187.5095672607422,425.0360412597656,226.23666381835935,0.0012209243141114
tile_r019299_c011107,3,37.07573318481445,520.1407470703125,105.2629852294922,524.7999877929688,0.0012138810707256
tile_r019299_c011107,3,106.3346710205078,518.2003173828125,175.5876922607422,524.7999877929688,0.0012094237608835
tile_r019299_c011107,3,232.6183624267578,202.0177764892578,264.80926513671875,219.650390625,0.0012080497108399
tile_r019299_c011107,3,290.7421264648437,257.83807373046875,352.4210510253906,314.29962158203125,0.0011806210968643
tile_r019299_c011107,3,444.0538635253906,516.1160278320312,517.8306274414062,524.7999877929688,0.0011745900847017
tile_r019299_c011107,3,275.8392944335937,516.3840942382812,329.3236694335937,524.7999877929688,0.0011648595100268
tile_r019299_c011107,3,319.3861694335937,23.823461532592773,383.1227111816406,97.03780364990234,0.0011423972900956
tile_r019299_c011107,3,94.1227569580078,518.4274291992188,162.516357421875,524.7999877929688,0.001140963868238
tile_r019299_c011107,3,313.33056640625,499.2026977539063,384.0719604492188,513.359130859375,0.0011117014801129
tile_r019299_c011107,3,277.4327087402344,520.9655151367188,349.4414978027344,524.7999877929688,0.0011109166080132
tile_r019299_c011107,3,389.93939208984375,477.7499084472656,430.8829040527344,509.8290100097656,0.0011037529911845
tile_r019299_c011107,3,470.0032348632813,516.52685546875,522.4420776367188,524.7999877929688,0.0010963812237605
tile_r019299_c011107,3,105.3099136352539,380.9075317382813,178.620849609375,452.4807739257813,0.001080875750631
tile_r019299_c011107,3,218.7147521972656,521.3878173828125,279.46533203125,524.7999877929688,0.0010609667515382
tile_r019299_c011107,3,-2.335339307785034,520.37353515625,63.080299377441406,524.7999877929688,0.0010489698033779
tile_r019299_c011107,3,120.5601577758789,519.1961059570312,189.4380340576172,524.7999877929688,0.0010463986545801
tile_r019299_c011107,3,231.724365234375,503.49749755859375,298.1891174316406,513.7294311523438,0.0010414598509669
tile_r019299_c011107,3,95.21630859375,513.5286254882812,199.31478881835935,524.7999877929688,0.0010320885339751
tile_r019299_c011107,3,29.00927352905273,-12.800000190734863,107.13566589355467,1.043368577957153,0.0010310128564015
tile_r019299_c011107,3,511.3976135253906,-12.800000190734863,524.5228271484375,1.040438890457153,0.0010221262928098
tile_r019299_c011107,3,9.416125297546388,155.6199951171875,97.17398834228516,253.1278533935547,0.0010118632344529
tile_r019299_c011107,3,133.6864776611328,519.75,201.496826171875,524.7999877929688,0.0010034479200839
tile_r019299_c011107,3,406.1520385742188,521.314208984375,476.1276245117188,524.7999877929688,0.001001936616376
tile_r019299_c011363,3,-1.896575927734375,70.02613067626953,62.1343879699707,128.5596160888672,0.8063327670097351
tile_r019299_c011363,3,450.6253051757813,419.2167053222656,509.7479553222656,479.6700134277344,0.8025348782539368
tile_r019299_c011363,3,102.7065887451172,386.058349609375,158.44869995117188,435.62738037109375,0.7967859506607056
tile_r019299_c011363,3,294.91607666015625,1.933103919029236,345.2671203613281,46.37324142456055,0.7949312925338745
tile_r019299_c011363,3,38.272682189941406,263.9126892089844,92.6602554321289,308.2897033691406,0.7901283502578735
tile_r019299_c011363,3,342.6136474609375,148.8619842529297,394.4149169921875,199.1391143798828,0.7863267660140991
tile_r019299_c011363,3,412.5132446289063,251.8037109375,462.3592224121094,294.79058837890625,0.7574152946472168
tile_r019299_c011363,3,50.68585205078125,463.96142578125,94.3734130859375,507.06591796875,0.7534396052360535
tile_r019299_c011363,3,70.21321868896484,38.01822280883789,115.91837310791016,80.99952697753906,0.7469889521598816
tile_r019299_c011363,3,126.18196105957033,472.1702575683594,178.3784637451172,511.7857055664063,0.732254683971405
tile_r019299_c011363,3,119.9334716796875,183.7240753173828,176.9348907470703,230.8374938964844,0.720106840133667
tile_r019299_c011363,3,396.4044494628906,-1.2422668933868408,451.613037109375,27.491283416748047,0.5515002608299255
tile_r019299_c011363,3,470.18408203125,487.9496154785156,513.89111328125,513.3820190429688,0.5260890126228333
tile_r019299_c011363,3,485.9328002929688,95.5674057006836,515.6754150390625,137.17398071289062,0.3978866040706634
tile_r019299_c011363,3,489.2801818847656,98.64599609375,512.93310546875,134.7813720703125,0.1250732988119125
tile_r019299_c011363,3,0.1740478575229644,172.1120147705078,20.02279281616211,224.3372039794922,0.0368029773235321
tile_r019299_c011363,3,387.87005615234375,-2.596081495285034,460.4215698242188,36.7986946105957,0.0345834381878376
tile_r019299_c011363,3,481.9829711914063,87.9579849243164,517.570556640625,141.92941284179688,0.0229605007916688
tile_r019299_c011363,3,47.6351318359375,459.5735473632813,99.5329818725586,511.5836791992188,0.0182186514139175
tile_r019299_c011363,3,0.9207122921943665,170.0322723388672,24.057729721069336,217.6535186767578,0.0143034784123301
tile_r019299_c011363,3,115.4584732055664,178.2593536376953,182.05343627929688,236.5592498779297,0.0133883003145456
tile_r019299_c011363,3,409.8185119628906,244.8393096923828,468.0823669433594,299.5286560058594,0.0132403168827295
tile_r019299_c011363,3,35.24360656738281,259.4934387207031,98.40168762207033,314.2654113769531,0.0108353216201066
tile_r019299_c011363,3,-4.987536430358887,62.3261833190918,71.2303237915039,132.98239135742188,0.0087110260501503
tile_r019299_c011363,3,496.388671875,89.294921875,520.0916137695312,152.1929931640625,0.0086742714047431
tile_r019299_c011363,3,348.8445129394531,153.2168731689453,390.8755187988281,195.43142700195312,0.0079637235030531
tile_r019299_c011363,3,88.20799255371094,-3.133758544921875,112.80793762207033,16.235403060913086,0.0077819162979722
tile_r019299_c011363,3,405.0234375,1.023107886314392,450.4320373535156,21.015625,0.0064200218766927
tile_r019299_c011363,3,494.1001892089844,84.40982818603516,523.7404174804688,142.05201721191406,0.0060650054365396
tile_r019299_c011363,3,455.9097595214844,490.7550659179688,517.6285400390625,522.2825927734375,0.0052526989020407
tile_r019299_c011363,3,-9.869497299194336,159.7714080810547,23.220230102539062,221.8406219482422,0.0052012419328093
tile_r019299_c011363,3,120.7707977294922,466.1543884277344,187.1260223388672,513.8133544921875,0.0049383509904146
tile_r019299_c011363,3,98.8081512451172,379.4142456054688,164.9254913330078,442.6477661132813,0.0046775983646512
tile_r019299_c011363,3,445.64990234375,410.6945190429688,518.0047607421875,486.4984436035156,0.0044332640245556
tile_r019299_c011363,3,0.925695776939392,172.3604278564453,17.51082420349121,207.4705810546875,0.0043325326405465
tile_r019299_c011363,3,285.9435119628906,-3.900311231613159,353.9781799316406,60.01859664916992,0.0036824187263846
tile_r019299_c011363,3,39.88215255737305,267.62762451171875,86.08955383300781,302.80108642578125,0.0036608933005481
tile_r019299_c011363,3,479.2302856445313,479.9036254882813,523.6832275390625,517.5677490234375,0.0031590235885232
tile_r019299_c011363,3,54.7143669128418,466.7339782714844,89.55667877197266,503.7326049804688,0.0030222609639167
tile_r019299_c011363,3,386.6912536621094,-12.800000190734863,456.3094177246094,24.01755142211914,0.0028815371915698
tile_r019299_c011363,3,484.9700622558594,487.60003662109375,513.0308227539062,512.2847290039062,0.0028457173611968
tile_r019299_c011363,3,415.2734375,257.868408203125,452.9490356445313,291.9705505371094,0.0027213282883167
tile_r019299_c011363,3,116.2310791015625,512.9539794921875,205.50341796875,520.11181640625,0.002532348036766
tile_r019299_c011363,3,130.1090087890625,522.3060302734375,206.9927520751953,524.7999877929688,0.0022499111946672
tile_r019299_c011363,3,457.0520629882813,459.94244384765625,517.1339111328125,514.734619140625,0.0022340668365359
tile_r019299_c011363,3,148.17166137695312,515.8756103515625,221.7313690185547,524.7999877929688,0.0022110696882009
tile_r019299_c011363,3,176.92520141601562,168.99386596679688,252.9352569580078,261.6759033203125,0.0021306907292455
tile_r019299_c011363,3,65.12763977050781,34.049949645996094,120.1160888671875,87.85127258300781,0.0020799560006707
tile_r019299_c011363,3,199.29281616210935,178.5551300048828,253.1054229736328,244.948486328125,0.0020192398224025
tile_r019299_c011363,3,125.6824951171875,520.5439453125,204.22976684570312,524.7999877929688,0.0018971124663949
tile_r019299_c011363,3,124.5794906616211,495.2769470214844,206.790771484375,524.69921875,0.0018949231598526
tile_r019299_c011363,3,370.84661865234375,521.7384643554688,429.4872131347656,524.7999877929688,0.0018917745910584
tile_r019299_c011363,3,486.6876831054688,479.10693359375,524.6619262695312,524.7999877929688,0.0018846903694793
tile_r019299_c011363,3,97.3212890625,516.6447143554688,162.8720703125,524.7999877929688,0.001883236109279
tile_r019299_c011363,3,80.25090026855469,516.3899536132812,139.33694458007812,524.7999877929688,0.0018634320003911
tile_r019299_c011363,3,387.1795959472656,-8.919079780578613,459.1458129882813,46.22210693359375,0.0018590098479762
tile_r019299_c011363,3,508.7205200195313,90.02360534667969,519.9248046875,145.74752807617188,0.0018349236343055
tile_r019299_c011363,3,107.0260009765625,467.7459106445313,188.8319854736328,523.8294677734375,0.0018126665381714
tile_r019299_c011363,3,299.3392944335937,6.786730766296387,336.9613342285156,42.09006881713867,0.0017976280068978
tile_r019299_c011363,3,87.02400970458984,-6.030004978179932,119.39139556884766,16.71240234375,0.0017918283119797
tile_r019299_c011363,3,403.6246032714844,242.5637969970703,474.0634765625,312.2014465332031,0.0017813898157328
tile_r019299_c011363,3,56.7490463256836,516.1676025390625,119.8289566040039,524.4365234375,0.0017680780729278
tile_r019299_c011363,3,432.7257690429688,521.4778442382812,500.0630798339844,524.7999877929688,0.0016556555638089
tile_r019299_c011363,3,114.2391586303711,512.30029296875,200.6788024902344,518.3455810546875,0.0016492191934958
tile_r019299_c011363,3,146.48080444335938,501.3208923339844,202.1421356201172,512.9821166992188,0.0016491627320647
tile_r019299_c011363,3,511.3582153320313,89.919677734375,524.7999877929688,156.77017211914062,0.0016482821665704
tile_r019299_c011363,3,132.6778564453125,188.4228973388672,173.2130584716797,227.0258331298828,0.0016088202828541
tile_r019299_c011363,3,171.8626251220703,515.9134521484375,237.7327423095703,524.7999877929688,0.0015970552340149
tile_r019299_c011363,3,247.37905883789065,518.4415893554688,314.8974609375,524.7999877929688,0.0015791978221386
tile_r019299_c011363,3,130.8522491455078,501.7942810058594,196.5370330810547,512.851806640625,0.0015657426556572
tile_r019299_c011363,3,474.0489196777344,87.26823425292969,518.69287109375,154.02566528320312,0.0015572677366435
tile_r019299_c011363,3,82.53678894042969,-2.594290256500244,119.8186492919922,23.297786712646484,0.0014920635148882
tile_r019299_c011363,3,483.9970703125,88.17390441894531,524.0794677734375,152.7005157470703,0.0014805545797571
tile_r019299_c011363,3,393.082275390625,499.2132263183594,421.30120849609375,514.0576782226562,0.0014674389967694
tile_r019299_c011363,3,259.9432373046875,519.284912109375,327.1670227050781,524.7999877929688,0.001462779007852
tile_r019299_c011363,3,149.4419708251953,30.218311309814453,200.05111694335935,84.45060729980469,0.0014250257518142
tile_r019299_c011363,3,40.24065017700195,520.49951171875,112.3896026611328,524.7999877929688,0.0014211079105734
tile_r019299_c011363,3,0.876232922077179,72.90385437011719,53.68671798706055,121.0810317993164,0.0013818198349326
tile_r019299_c011363,3,423.1295776367188,521.3389892578125,487.6087951660156,524.7999877929688,0.0013654882786795
tile_r019299_c011363,3,21.090694427490234,521.0100708007812,92.99870300292967,524.7999877929688,0.0013560259249061
tile_r019299_c011363,3,356.1627502441406,521.5294189453125,422.51312255859375,524.7999877929688,0.0013534383615478
tile_r019299_c011363,3,391.8553771972656,-12.800000190734863,458.7789001464844,2.589115858078003,0.0013405962381511
tile_r019299_c011363,3,156.18539428710938,499.8119201660156,215.1226501464844,513.52099609375,0.0013317404082044
tile_r019299_c011363,3,234.5410919189453,517.3756103515625,304.8995361328125,524.7999877929688,0.001321017392911
tile_r019299_c011363,3,25.981800079345703,247.5198211669922,103.7981948852539,319.951171875,0.0012872595107182
tile_r019299_c011363,3,30.784290313720703,512.7762451171875,119.7694091796875,523.1653442382812,0.0012830775231122
tile_r019299_c011363,3,0.81793212890625,176.76876831054688,10.393102645874023,218.3834228515625,0.0012113144621253
tile_r019299_c011363,3,-1.602716088294983,163.84913635253906,36.23583984375,229.3728485107422,0.0011701382463797
tile_r019299_c011363,3,448.3631896972656,434.0873107910156,518.9312744140625,513.9136962890625,0.0011691242689266
tile_r019299_c011363,3,179.8433074951172,161.26824951171875,249.6596221923828,242.8415985107422,0.0011639522854238
tile_r019299_c011363,3,381.7755126953125,500.5617065429688,430.2733459472656,515.4749755859375,0.0011539342813193
tile_r019299_c011363,3,-4.167061805725098,160.92483520507812,10.771535873413086,218.93966674804688,0.0011333266738802
tile_r019299_c011363,3,383.3214721679688,497.0173950195313,422.0555725097656,513.97216796875,0.0011326714884489
tile_r019299_c011363,3,376.1736450195313,-8.080255508422852,474.5330200195313,56.1090087890625,0.0011102040298283
tile_r019299_c011363,3,285.592529296875,518.59912109375,353.442138671875,524.7999877929688,0.001107798423618
tile_r019299_c011363,3,56.70134353637695,498.5743103027344,128.4949188232422,513.6832885742188,0.0011018991935998
tile_r019299_c011363,3,307.5314636230469,519.8977661132812,373.3193664550781,524.7999877929688,0.0011002665851265
tile_r019299_c011363,3,467.6824340820313,499.5689392089844,502.1763610839844,512.5452880859375,0.0010949454735964
tile_r019299_c011363,3,121.2045669555664,187.3734130859375,163.75955200195312,224.5023193359375,0.0010857757879421
tile_r019299_c011363,3,453.1085815429688,479.3710021972656,519.2019653320312,513.9373168945312,0.0010840719332918
tile_r019299_c011363,3,513.71875,380.3346557617188,524.0798950195312,450.4873962402344,0.0010786862112581
tile_r019299_c011363,3,418.4784240722656,1.7177245616912842,454.1512756347656,17.8447208404541,0.0010746117914095
tile_r019299_c011363,3,-10.117990493774414,135.737548828125,32.298095703125,225.97201538085935,0.0010726582258939
tile_r019299_c011363,3,221.5452880859375,517.8353881835938,292.1850280761719,524.7999877929688,0.0010723446030169
tile_r019299_c011363,3,381.219970703125,-12.7577486038208,442.08978271484375,-7.092215538024902,0.0010562184033915
tile_r019299_c011363,3,185.6236724853516,515.3624267578125,256.9308166503906,524.7999877929688,0.0010294483508914
tile_r019299_c011363,3,199.11294555664065,515.4495849609375,282.0404663085937,524.7999877929688,0.001026900135912
tile_r019299_c011363,3,150.09262084960938,521.3067626953125,219.17092895507807,524.7999877929688,0.0010263317963108
tile_r019299_c011363,3,95.6846923828125,512.93994140625,186.300537109375,517.5633544921875,0.0010212934575974
tile_r019299_c011363,3,510.0636596679688,-12.800000190734863,524.6683349609375,-0.0437088012695312,0.001019699499011
tile_r019299_c011363,3,520.8540649414062,484.8938598632813,524.7999877929688,524.7999877929688,0.0010067060356959
tile_r019299_c011363,3,468.4163513183594,64.28765869140625,521.0131225585938,146.47821044921875,0.0010066499235108
tile_r019299_c011619,3,193.6580047607422,419.8003845214844,253.6016082763672,479.212890625,0.808017373085022
tile_r019299_c011619,3,38.97501373291016,1.85546875,89.2705078125,46.6258430480957,0.7927875518798828
tile_r019299_c011619,3,86.78401184082031,149.10513305664062,138.38656616210938,199.04379272460935,0.7804037928581238
tile_r019299_c011619,3,156.61959838867188,251.9517822265625,206.2547912597656,294.6391906738281,0.7532122731208801
tile_r019299_c011619,3,263.454833984375,244.557861328125,312.0203552246094,291.2245178222656,0.7491547465324402
tile_r019299_c011619,3,234.51712036132807,94.65940856933594,280.1075439453125,136.81504821777344,0.7490702271461487
tile_r019299_c011619,3,140.1526336669922,-1.2754958868026731,195.60317993164065,27.484210968017575,0.5380152463912964
tile_r019299_c011619,3,215.6082305908203,485.4169921875,285.1420593261719,512.2703247070312,0.2111733108758926
tile_r019299_c011619,3,210.80795288085935,490.3042907714844,271.5574645996094,513.2738037109375,0.0586664378643035
tile_r019299_c011619,3,131.1964874267578,-2.621819972991944,204.659912109375,37.05878829956055,0.0336267352104187
tile_r019299_c011619,3,227.6421813964844,87.79978942871094,286.0953674316406,144.13894653320312,0.0182105582207441
tile_r019299_c011619,3,258.616455078125,239.8283233642578,317.4599609375,297.7908630371094,0.0145293651148676
tile_r019299_c011619,3,211.2010498046875,476.1895446777344,289.9234619140625,511.3799743652344,0.0131283113732934
tile_r019299_c011619,3,153.8872528076172,244.6164093017578,212.13217163085935,299.56512451171875,0.0114867482334375
tile_r019299_c011619,3,92.9140396118164,153.2821502685547,134.88204956054688,195.4027557373047,0.0089829415082931
tile_r019299_c011619,3,234.06396484375,484.2222595214844,287.9466857910156,511.0572204589844,0.0073893335647881
tile_r019299_c011619,3,390.16552734375,503.1473693847656,448.4432678222656,513.4299926757812,0.0059409029781818
tile_r019299_c011619,3,188.861572265625,410.4896545410156,261.888916015625,486.5665893554688,0.0053757210262119
tile_r019299_c011619,3,236.3947296142578,98.293701171875,273.8641662597656,132.9196319580078,0.0050607784651219
tile_r019299_c011619,3,205.9846954345703,492.4750061035156,261.40997314453125,512.7249145507812,0.0048565785400569
tile_r019299_c011619,3,148.2593994140625,1.1378570795059204,194.5666961669922,20.964269638061523,0.0046532922424376
tile_r019299_c011619,3,390.5570068359375,500.4054565429688,459.3673706054688,514.884765625,0.004510240163654
tile_r019299_c011619,3,28.673046112060547,-4.522961616516113,98.3814468383789,60.9371452331543,0.0044871191494166
tile_r019299_c011619,3,199.4532470703125,509.6224670410156,268.74981689453125,523.0095825195312,0.0032924662809818
tile_r019299_c011619,3,242.23941040039065,504.8827209472656,311.73895263671875,512.7740478515625,0.0031255215872079
tile_r019299_c011619,3,1.052313208580017,122.9100112915039,15.007049560546877,142.75341796875,0.0030444941949099
tile_r019299_c011619,3,270.36297607421875,248.67318725585935,309.0071105957031,287.5877380371094,0.0029290062375366
tile_r019299_c011619,3,130.4612274169922,-12.800000190734863,200.609375,24.155670166015625,0.0028125180397182
tile_r019299_c011619,3,159.3286590576172,257.9052124023437,197.065673828125,291.93707275390625,0.0027568815276026
tile_r019299_c011619,3,381.635986328125,514.4421997070312,441.2184143066406,523.3922119140625,0.002578177023679
tile_r019299_c011619,3,217.37548828125,487.94091796875,313.2979431152344,514.3746948242188,0.0022825740743428
tile_r019299_c011619,3,383.4749450683594,521.92333984375,451.6756286621094,524.7999877929688,0.0022224446292966
tile_r019299_c011619,3,377.968017578125,486.6854553222656,455.24127197265625,513.96484375,0.0020542431157082
tile_r019299_c011619,3,250.76168823242188,502.9415588378906,314.70880126953125,513.2528076171875,0.0020041847601532
tile_r019299_c011619,3,229.11636352539065,517.7364501953125,306.6831970214844,524.7999877929688,0.001997273415327
tile_r019299_c011619,3,113.29541015625,521.5894775390625,172.998046875,524.7999877929688,0.0019649222958832
tile_r019299_c011619,3,202.30484008789065,492.2843627929688,282.89947509765625,523.0206909179688,0.0019534297753125
tile_r019299_c011619,3,147.72280883789062,242.6200714111328,217.8586883544922,312.117431640625,0.0019376376876607
tile_r019299_c011619,3,223.217041015625,83.67808532714844,292.0636291503906,152.47817993164062,0.0019247421296313
tile_r019299_c011619,3,176.68539428710938,520.9442138671875,245.3697204589844,524.7999877929688,0.0018674761522561
tile_r019299_c011619,3,209.8951110839844,497.1900329589844,256.1380310058594,512.7034912109375,0.0018279742216691
tile_r019299_c011619,3,215.8361358642578,499.1465759277344,309.94732666015625,523.5567626953125,0.0018276463961228
tile_r019299_c011619,3,233.3275451660156,506.4734497070313,320.20361328125,524.0368041992188,0.0018171906704083
tile_r019299_c011619,3,218.2222900390625,513.1071166992188,311.30731201171875,519.03759765625,0.0017355226445943
tile_r019299_c011619,3,42.944091796875,6.542193412780762,81.188720703125,42.3179931640625,0.0017025077249854
tile_r019299_c011619,3,201.16665649414065,421.9270629882813,249.6439971923828,473.3239135742188,0.0016923992661759
tile_r019299_c011619,3,196.7491149902344,513.3096923828125,261.88970947265625,524.1417236328125,0.0016512137372046
tile_r019299_c011619,3,375.9645385742188,522.4834594726562,443.5055541992188,524.7999877929688,0.0016030448023229
tile_r019299_c011619,3,248.6717987060547,485.9629821777344,287.7804870605469,509.6135864257813,0.0015864711022004
tile_r019299_c011619,3,415.6856384277344,514.9518432617188,503.9287109375,524.7203979492188,0.0015128944069147
tile_r019299_c011619,3,390.0965270996094,513.2537231445312,462.442138671875,523.3668212890625,0.0015027526533231
tile_r019299_c011619,3,98.5093231201172,521.2435302734375,165.1288604736328,524.7999877929688,0.0014632834354415
tile_r019299_c011619,3,216.2592315673828,471.3659057617188,303.4594116210937,513.9666748046875,0.0013954617315903
tile_r019299_c011619,3,5.431829929351807,519.7039184570312,73.68132781982422,524.7999877929688,0.0013711517676711
tile_r019299_c011619,3,396.1177062988281,512.1716918945312,483.8850708007813,524.2849731445312,0.0013586384011432
tile_r019299_c011619,3,50.243141174316406,519.5842895507812,118.655029296875,524.7999877929688,0.0013213689671829
tile_r019299_c011619,3,363.9041442871094,522.25927734375,435.3025817871094,524.7999877929688,0.0013116496847942
tile_r019299_c011619,3,260.20147705078125,513.2554931640625,334.0069274902344,524.5733642578125,0.0013061626814305
tile_r019299_c011619,3,-5.291857719421387,519.2638549804688,61.20333099365234,524.7999877929688,0.0013001250335946
tile_r019299_c011619,3,76.28031921386719,135.6979217529297,149.3620147705078,214.0968780517578,0.001290914020501
tile_r019299_c011619,3,188.57701110839844,514.0507202148438,249.90805053710935,524.7999877929688,0.0012590086553245
tile_r019299_c011619,3,36.00086975097656,519.0501098632812,107.30867767333984,524.7999877929688,0.0012552387779578
tile_r019299_c011619,3,135.51461791992188,498.9303588867188,165.4383544921875,514.3001708984375,0.0012354766950011
tile_r019299_c011619,3,404.2492065429688,501.67913818359375,475.9027404785156,514.1504516601562,0.0012346537550911
tile_r019299_c011619,3,166.35610961914062,521.0313720703125,233.6385803222656,524.7999877929688,0.0012132551055401
tile_r019299_c011619,3,17.764659881591797,513.4056396484375,123.33284759521484,524.7999877929688,0.0011980959679931
tile_r019299_c011619,3,22.30395126342773,518.093017578125,92.9343032836914,524.7999877929688,0.0011851618764922
tile_r019299_c011619,3,211.4466857910156,503.7175903320313,298.1424255371094,512.2634887695312,0.0011751933488994
tile_r019299_c011619,3,367.1893615722656,502.59173583984375,438.0476684570313,513.2246704101562,0.0011664346093311
tile_r019299_c011619,3,369.3873596191406,511.7608337402344,456.964111328125,523.5232543945312,0.0011485164286568
tile_r019299_c011619,3,135.3180694580078,-12.800000190734863,204.20181274414065,2.336666822433472,0.0011381838703528
tile_r019299_c011619,3,388.8988037109375,483.7705078125,473.3540954589844,517.1617431640625,0.0011231428943574
tile_r019299_c011619,3,124.1548843383789,-12.751184463500977,186.8846740722656,-7.080737113952637,0.0011188387870788
tile_r019299_c011619,3,366.8341674804688,514.45751953125,422.9928588867188,524.53564453125,0.0010997442295774
tile_r019299_c011619,3,393.5557556152344,496.8314514160156,471.9563598632813,516.1661987304688,0.0010903624352067
tile_r019299_c011619,3,414.4253845214844,521.3560791015625,481.2275390625,524.7999877929688,0.0010853703133761
tile_r019299_c011619,3,119.0520248413086,-8.166742324829102,218.012451171875,57.60878753662109,0.0010848777601495
tile_r019299_c011619,3,444.4906311035156,515.8115234375,516.1881713867188,524.7999877929688,0.0010596323991194
tile_r019299_c011619,3,378.6987915039063,502.2571411132813,447.8641052246094,515.0276489257812,0.0010549939470365
tile_r019299_c011619,3,357.8721008300781,466.2425842285156,472.5035095214844,514.2513427734375,0.0010488573461771
tile_r019299_c011619,3,171.88436889648438,255.88845825195312,205.5201110839844,288.2398681640625,0.0010432249400764
tile_r019299_c011619,3,159.49105834960938,1.88008725643158,198.7715301513672,18.209148406982425,0.001033718464896
tile_r019299_c011619,3,1.318597435951233,120.5327606201172,13.098577499389648,147.25473022460938,0.0010136776836588
tile_r019299_c011619,3,64.84551239013672,520.3151245117188,129.0059051513672,524.7999877929688,0.0010083387605845
tile_r019555_c010083,3,416.7078247070313,454.718994140625,474.8778381347656,507.5034790039063,0.8290947079658508
tile_r019555_c010083,3,396.7901916503906,339.0130920410156,442.4676208496094,379.6564331054688,0.7956079840660095
tile_r019555_c010083,3,357.6310119628906,242.7739715576172,423.351318359375,298.3219299316406,0.7907882928848267
tile_r019555_c010083,3,256.469482421875,151.98446655273438,302.289794921875,192.52767944335935,0.7278450131416321
tile_r019555_c010083,3,425.21002197265625,405.7005920410156,459.9742736816406,438.6529235839844,0.7220501899719238
tile_r019555_c010083,3,26.331491470336918,346.168701171875,59.2889404296875,371.26470947265625,0.7165834307670593
tile_r019555_c010083,3,282.24102783203125,377.86761474609375,344.4146423339844,427.0324096679688,0.7163204550743103
tile_r019555_c010083,3,281.2022399902344,180.70217895507807,326.98455810546875,220.46841430664065,0.7117827534675598
tile_r019555_c010083,3,428.45166015625,54.84505462646485,469.0007934570313,89.7855224609375,0.7086613774299622
tile_r019555_c010083,3,223.29714965820312,36.729286193847656,267.8599853515625,82.245849609375,0.6965191960334778
tile_r019555_c010083,3,4.172094821929932,262.40216064453125,37.08855056762695,292.88946533203125,0.694744348526001
tile_r019555_c010083,3,38.7702751159668,419.1217651367188,66.1620101928711,445.0155334472656,0.6351805925369263
tile_r019555_c010083,3,272.47332763671875,68.34139251708984,312.3116149902344,106.64158630371094,0.5230518579483032
tile_r019555_c010083,3,463.8290100097656,437.4127807617188,494.7186584472656,466.0065307617188,0.3665981888771057
tile_r019555_c010083,3,254.1040496826172,235.3563690185547,290.4879455566406,273.92547607421875,0.3380783796310425
tile_r019555_c010083,3,355.6725769042969,-1.618014574050903,393.4853210449219,19.4704532623291,0.3191458880901336
tile_r019555_c010083,3,23.6745719909668,343.25341796875,61.2862548828125,375.7598571777344,0.2028416991233825
tile_r019555_c010083,3,433.72174072265625,269.57452392578125,456.853271484375,293.11248779296875,0.1599896401166916
tile_r019555_c010083,3,283.6976013183594,383.9512023925781,330.8719177246094,424.3361206054688,0.0993619039654731
tile_r019555_c010083,3,352.0181579589844,-3.4516844749450684,394.7920837402344,25.54258346557617,0.0940612852573394
tile_r019555_c010083,3,137.064208984375,-4.993780612945557,192.1962127685547,22.070148468017575,0.0804597958922386
tile_r019555_c010083,3,36.45295333862305,416.6143493652344,69.3795394897461,448.8497009277344,0.0782541185617446
tile_r019555_c010083,3,278.3101501464844,177.7746124267578,339.31365966796875,221.6444396972656,0.0393477901816368
tile_r019555_c010083,3,267.97589111328125,62.4736213684082,317.68731689453125,110.81755065917967,0.0369822010397911
tile_r019555_c010083,3,0.1159423813223838,258.85626220703125,39.80567169189453,296.3292236328125,0.0211407579481601
tile_r019555_c010083,3,139.2779083251953,-2.194714307785034,199.7764892578125,25.31023597717285,0.02045838534832
tile_r019555_c010083,3,430.9337768554688,57.78477096557617,464.7084045410156,86.98664093017578,0.0164032336324453
tile_r019555_c010083,3,116.76318359375,500.407958984375,174.4562225341797,513.314697265625,0.014906826429069
tile_r019555_c010083,3,140.7437744140625,-3.643579006195069,204.79031372070312,19.863605499267575,0.0134811550378799
tile_r019555_c010083,3,360.947509765625,-0.3307884335517883,393.50677490234375,15.986459732055664,0.0121724009513854
tile_r019555_c010083,3,276.9881286621094,164.8676300048828,328.815673828125,222.3842315673828,0.0114973653107881
tile_r019555_c010083,3,304.21685791015625,179.6962432861328,360.9151306152344,213.2445373535156,0.0094946464523673
tile_r019555_c010083,3,325.21734619140625,182.50076293945312,362.9656372070313,205.54739379882807,0.008389857597649
tile_r019555_c010083,3,457.64849853515625,435.0160217285156,496.435302734375,469.1994018554688,0.0083894850686192
tile_r019555_c010083,3,426.9141540527344,407.1389770507813,456.36279296875,432.1159057617188,0.0073059066198766
tile_r019555_c010083,3,364.425537109375,384.64251708984375,402.7113342285156,423.4644165039063,0.0059368126094341
tile_r019555_c010083,3,253.2559051513672,148.9181365966797,307.9148864746094,203.7613525390625,0.0055874628014862
tile_r019555_c010083,3,139.82974243164062,-0.4789153933525085,176.20501708984375,19.69615173339844,0.0051459395326673
tile_r019555_c010083,3,156.2923583984375,42.86881256103516,223.95095825195312,121.22293853759766,0.0044408068060874
tile_r019555_c010083,3,119.4933853149414,499.2052612304688,187.09786987304688,514.5086059570312,0.0044171870686113
tile_r019555_c010083,3,423.8019104003906,50.62735748291016,472.933837890625,91.83712005615234,0.0042689396068453
tile_r019555_c010083,3,146.2698974609375,-4.609620094299316,215.5394287109375,16.568195343017578,0.0041614533402025
tile_r019555_c010083,3,105.03173828125,521.2863159179688,173.04049682617188,524.7999877929688,0.0041314815171062
tile_r019555_c010083,3,464.73638916015625,441.4862365722656,489.5516052246094,465.1924743652344,0.003936069086194
tile_r019555_c010083,3,217.9302673339844,31.664134979248047,274.0254821777344,88.78068542480469,0.0039308043196797
tile_r019555_c010083,3,18.57358741760254,338.69488525390625,64.694580078125,381.4263305664063,0.0038464008830487
tile_r019555_c010083,3,227.0244140625,40.500633239746094,263.67193603515625,79.1824722290039,0.0037335804663598
tile_r019555_c010083,3,314.1078796386719,181.5894775390625,360.2349853515625,206.68453979492188,0.0036918739788234
tile_r019555_c010083,3,343.210693359375,-5.723333835601807,396.2678833007813,18.61844253540039,0.0036504794843494
tile_r019555_c010083,3,101.67022705078124,501.0282287597656,165.72976684570312,513.1966552734375,0.0036163602489978
tile_r019555_c010083,3,419.2071228027344,397.2394104003906,471.92236328125,453.27386474609375,0.0034561203792691
tile_r019555_c010083,3,118.29434967041016,503.2520446777344,185.48448181152344,513.0518798828125,0.0033386994618922
tile_r019555_c010083,3,352.26300048828125,-11.852246284484863,398.640625,6.1448073387146,0.0033047238830477
tile_r019555_c010083,3,88.19712829589844,510.0345764160156,180.54689025878903,523.1859130859375,0.0032541521359235
tile_r019555_c010083,3,143.32485961914062,-2.498821973800659,214.1495056152344,28.498321533203125,0.0030333010945469
tile_r019555_c010083,3,109.0387954711914,513.89208984375,171.14584350585938,523.1062622070312,0.0030081975273787
tile_r019555_c010083,3,355.5227966308594,235.7876892089844,435.1216430664063,305.68505859375,0.0030012053903192
tile_r019555_c010083,3,420.0064392089844,399.2474670410156,463.7745971679688,441.6453247070313,0.0029202073346823
tile_r019555_c010083,3,346.134033203125,389.6816711425781,424.814697265625,481.6203002929688,0.0028458607848733
tile_r019555_c010083,3,26.08088111877441,348.1068725585937,52.10920333862305,368.2391052246094,0.0026233317330479
tile_r019555_c010083,3,34.48754119873047,415.2496948242188,73.24311065673828,455.9737243652344,0.0025986146647483
tile_r019555_c010083,3,392.1304321289063,331.7196044921875,449.0699157714844,387.13287353515625,0.0025915883015841
tile_r019555_c010083,3,111.1184539794922,503.2130737304688,172.42919921875,513.7652587890625,0.0025277810636907
tile_r019555_c010083,3,439.349609375,516.69482421875,507.46044921875,524.2677001953125,0.0024824514985084
tile_r019555_c010083,3,162.6689910888672,520.7261962890625,222.11361694335935,524.7999877929688,0.0024759350344538
tile_r019555_c010083,3,253.3719787597656,140.7182159423828,328.31805419921875,210.1248016357422,0.0024705010000616
tile_r019555_c010083,3,278.47784423828125,70.6322250366211,310.47998046875,103.2778091430664,0.002390525303781
tile_r019555_c010083,3,294.7510681152344,177.6697540283203,362.9551696777344,219.30520629882807,0.0023719663731753
tile_r019555_c010083,3,148.3628387451172,-0.6920173764228821,210.7333526611328,18.914159774780277,0.0023604813031852
tile_r019555_c010083,3,94.1764144897461,515.11474609375,152.0044403076172,524.0071411132812,0.0022165605332702
tile_r019555_c010083,3,114.0330047607422,488.44818115234375,181.8758544921875,513.4315795898438,0.0021929249633103
tile_r019555_c010083,3,430.8948364257813,268.61981201171875,454.14892578125,290.9070739746094,0.0021878329571336
tile_r019555_c010083,3,102.93636322021484,511.2100524902344,183.99899291992188,521.9862060546875,0.0020507688168436
tile_r019555_c010083,3,239.7356414794922,9.393030166625977,275.19189453125,34.79852294921875,0.0020283637568354
tile_r019555_c010083,3,120.3324966430664,512.6727294921875,191.3045654296875,523.5811157226562,0.0020236647687852
tile_r019555_c010083,3,433.1209411621094,504.2098083496094,494.9977111816406,513.2958374023438,0.0019800050649791
tile_r019555_c010083,3,122.9784698486328,521.5850830078125,189.95785522460935,524.7999877929688,0.0019762583542615
tile_r019555_c010083,3,450.9287109375,419.724853515625,502.7814331054688,467.0880432128906,0.00195979536511
tile_r019555_c010083,3,341.0043029785156,-5.074048042297363,399.5676879882813,31.07211303710937,0.0019470424158498
tile_r019555_c010083,3,-2.625189304351806,252.9707489013672,46.65948486328125,306.2674255371094,0.0019468331011012
tile_r019555_c010083,3,330.20684814453125,518.1444091796875,398.5248107910156,524.7999877929688,0.0019402030156925
tile_r019555_c010083,3,233.69497680664065,521.5201416015625,289.93121337890625,524.7999877929688,0.0019020918989554
tile_r019555_c010083,3,346.7930603027344,-12.800000190734863,401.4703063964844,17.79989242553711,0.0018797724042087
tile_r019555_c010083,3,318.44940185546875,179.28016662597656,365.4354553222656,217.0244140625,0.0018770188326016
tile_r019555_c010083,3,133.2587127685547,-12.425542831420898,198.4449920654297,11.44074249267578,0.001854978618212
tile_r019555_c010083,3,452.077392578125,516.9415283203125,517.0628662109375,524.7999877929688,0.0017620726721361
tile_r019555_c010083,3,344.41064453125,519.0103149414062,407.9220581054688,524.7999877929688,0.0017170739592984
tile_r019555_c010083,3,421.5164184570313,518.5072021484375,491.9482421875,524.7999877929688,0.0016913602594286
tile_r019555_c010083,3,247.7216796875,499.0265502929688,296.8203125,514.4105224609375,0.0016437153099104
tile_r019555_c010083,3,134.8178253173828,513.3818969726562,204.46908569335935,524.0560913085938,0.0016221791738644
tile_r019555_c010083,3,170.35960388183594,187.9947509765625,247.2500457763672,277.9425964355469,0.0015770444879308
tile_r019555_c010083,3,4.6384992599487305,264.9509582519531,31.181835174560547,290.6092529296875,0.0015479191206395
tile_r019555_c010083,3,421.8526306152344,252.7933654785156,460.8780212402344,295.9002990722656,0.0015265668043866
tile_r019555_c010083,3,173.5051727294922,519.9752197265625,226.842041015625,524.7999877929688,0.0015179840847849
tile_r019555_c010083,3,317.0108947753906,518.3904418945312,386.698974609375,524.7999877929688,0.0014815446920692
tile_r019555_c010083,3,304.2806091308594,518.2553100585938,374.72357177734375,524.7999877929688,0.0014615384861826
tile_r019555_c010083,3,458.5784301757813,430.907958984375,501.3922729492188,477.1948852539063,0.001401653047651
tile_r019555_c010083,3,426.4034118652344,513.7242431640625,503.9989318847656,521.5437622070312,0.0013781427405774
tile_r019555_c010083,3,432.3401489257813,519.2799072265625,501.95654296875,524.7999877929688,0.0013742598239332
tile_r019555_c010083,3,129.9946746826172,501.5606384277344,196.2342834472656,513.2600708007812,0.0013717864640057
tile_r019555_c010083,3,159.29800415039062,514.6263427734375,218.91116333007807,524.34375,0.0013599226949736
tile_r019555_c010083,3,251.70181274414065,230.40036010742188,297.863037109375,274.76715087890625,0.0013520141365006
tile_r019555_c010083,3,-12.652069091796877,521.8009643554688,42.65192794799805,524.7999877929688,0.0013438635505735
tile_r019555_c010083,3,284.21112060546875,518.9918823242188,350.3117980957031,524.7999877929688,0.0013139753136783
tile_r019555_c010083,3,293.7401428222656,518.57470703125,362.8670043945313,524.7999877929688,0.0012959346640855
tile_r019555_c010083,3,178.9959716796875,519.0232543945312,233.3262481689453,524.7999877929688,0.0012898687273263
tile_r019555_c010083,3,226.69482421875,521.1165771484375,280.53546142578125,524.7999877929688,0.0012787190498784
tile_r019555_c010083,3,162.1382293701172,-0.1288024932146072,219.5916748046875,19.267879486083984,0.0012727864086627
tile_r019555_c010083,3,343.2880859375,-12.43763256072998,397.34716796875,8.762722969055176,0.0012642906513065
tile_r019555_c010083,3,129.572021484375,-12.402241706848145,184.6037139892578,-0.5162498354911804,0.0012630359269678
tile_r019555_c010083,3,291.54400634765625,163.512451171875,363.00531005859375,214.42953491210935,0.0012610404519364
tile_r019555_c010083,3,85.4923324584961,516.0126953125,142.23348999023438,524.4658203125,0.0012258633505553
tile_r019555_c010083,3,86.520263671875,521.9295043945312,162.15280151367188,524.7999877929688,0.0012219080235809
tile_r019555_c010083,3,241.1540985107422,15.869787216186523,266.15936279296875,38.78428268432617,0.0012131469557061
tile_r019555_c010083,3,183.50436401367188,515.1448974609375,231.5116424560547,523.9759521484375,0.0012060870649293
tile_r019555_c010083,3,251.95474243164065,502.6974487304688,287.3275756835937,513.8658447265625,0.0011732571292668
tile_r019555_c010083,3,428.4436645507813,517.3267822265625,497.1582946777344,524.0950317382812,0.0011634761467576
tile_r019555_c010083,3,417.7652893066406,505.331298828125,494.7086486816406,512.9593505859375,0.0011396713089197
tile_r019555_c010083,3,376.2132263183594,521.1436767578125,448.9776916503906,524.7999877929688,0.0011373320594429
tile_r019555_c010083,3,140.77914428710938,520.4430541992188,200.2987823486328,524.7999877929688,0.0011222845641896
tile_r019555_c010083,3,436.8869018554688,520.4973754882812,508.4443359375,524.7999877929688,0.0011182421585544
tile_r019555_c010083,3,237.5015106201172,9.884623527526855,281.4974060058594,49.68833541870117,0.0011084059951826
tile_r019555_c010083,3,97.6241226196289,487.2658081054688,176.8353271484375,514.5146484375,0.0011059010867029
tile_r019555_c010083,3,355.0501403808594,520.1583862304688,422.2364196777344,524.7999877929688,0.0011055249487981
tile_r019555_c010083,3,259.16070556640625,-12.730237007141112,338.5608825683594,3.3138458728790283,0.0011048617307096
tile_r019555_c010083,3,331.2942810058594,176.46514892578125,368.873779296875,211.9584045410156,0.0011036499636247
tile_r019555_c010083,3,1.9152679443359373,-6.686862945556641,28.03602600097656,8.587564468383789,0.0011013750918209
tile_r019555_c010083,3,302.95147705078125,381.0425720214844,326.69659423828125,396.9569396972656,0.0010912144789472
tile_r019555_c010083,3,412.583984375,447.0428771972656,486.2371215820313,517.84228515625,0.0010871901176869
tile_r019555_c010083,3,428.4347229003906,497.52191162109375,494.9456481933594,513.3598022460938,0.0010746322805061
tile_r019555_c010083,3,-5.373010158538818,522.00634765625,56.0145149230957,524.7999877929688,0.0010646319715306
tile_r019555_c010083,3,443.49560546875,521.7470092773438,512.7305908203125,524.7999877929688,0.0010484587401151
tile_r019555_c010083,3,427.2306518554688,43.9786376953125,482.7681579589844,101.5301284790039,0.0010478845797479
tile_r019555_c010083,3,228.25326538085935,313.3920288085937,278.2890014648437,378.47564697265625,0.0010394323617219
tile_r019555_c010083,3,265.9154357910156,54.22283935546875,332.95391845703125,117.01799011230467,0.0010386389913037
tile_r019555_c010083,3,272.74493408203125,520.0518188476562,337.3905334472656,524.7999877929688,0.0010187206789851
tile_r019555_c010083,3,145.13021850585938,31.307275772094727,222.0442352294922,113.9250030517578,0.0010168463923037
tile_r019555_c010083,3,54.694313049316406,521.299560546875,124.5723114013672,524.7999877929688,0.0010153768816962
tile_r019555_c010083,3,399.3672790527344,24.822179794311523,481.9671020507813,99.25559997558594,0.0010112777817994
tile_r019555_c010083,3,249.38427734375,42.5544548034668,318.4869079589844,109.12384033203124,0.0010088643757626
tile_r019555_c010083,3,138.14041137695312,-12.435882568359377,206.7211151123047,3.3496551513671875,0.0010088239796459
tile_r019555_c010339,3,161.16671752929688,455.13427734375,218.2460021972656,507.1368103027344,0.8308345079421997
tile_r019555_c010339,3,258.4472961425781,286.7774353027344,304.4169311523437,329.81219482421875,0.7940701842308044
tile_r019555_c010339,3,141.1332244873047,339.3021850585937,186.1131134033203,379.3387145996094,0.7928974032402039
tile_r019555_c010339,3,101.7575225830078,242.8831024169922,167.0254364013672,298.2237243652344,0.7923219203948975
tile_r019555_c010339,3,26.194711685180664,377.6040954589844,88.48182678222656,427.9341735839844,0.7113245129585266
tile_r019555_c010339,3,169.63558959960938,406.1583557128906,203.31344604492188,437.90081787109375,0.6888083815574646
tile_r019555_c010339,3,25.78890419006348,180.9035186767578,70.94731140136719,220.55239868164065,0.6886054873466492
tile_r019555_c010339,3,173.21987915039062,55.58214569091797,212.450439453125,89.27738952636719,0.6774991154670715
tile_r019555_c010339,3,1.8584411144256592,152.309326171875,46.486328125,192.2129821777344,0.6658303737640381
tile_r019555_c010339,3,452.1402893066406,59.938133239746094,508.041748046875,112.1164093017578,0.6252418756484985
tile_r019555_c010339,3,482.8624877929688,151.4473876953125,512.7099609375,183.6427001953125,0.5722489953041077
tile_r019555_c010339,3,1.668218970298767,235.47769165039065,33.46141815185547,272.11822509765625,0.5540583729743958
tile_r019555_c010339,3,15.2542724609375,67.92659759521484,56.18163299560547,107.26583099365234,0.53105628490448
tile_r019555_c010339,3,99.8574447631836,-1.288793921470642,137.4942169189453,18.8206787109375,0.2992702126502991
tile_r019555_c010339,3,208.3248748779297,438.3370971679688,238.5474395751953,465.8271484375,0.1938898861408233
tile_r019555_c010339,3,178.0130157470703,269.896728515625,200.6776580810547,292.7242736816406,0.1561798453330993
tile_r019555_c010339,3,27.74407958984375,383.4804992675781,74.9298324584961,424.5289001464844,0.1018447205424308
tile_r019555_c010339,3,96.0212631225586,-2.9872162342071533,138.22286987304688,24.99430274963379,0.0678867325186729
tile_r019555_c010339,3,457.3179626464844,64.39501953125,503.2521362304688,108.4260482788086,0.0645931214094162
tile_r019555_c010339,3,-1.6106414794921875,231.71694946289065,36.56482696533203,276.69097900390625,0.0531239248812198
tile_r019555_c010339,3,11.465985298156738,62.59951019287109,61.2252197265625,111.02775573730467,0.0432781316339969
tile_r019555_c010339,3,166.32369995117188,400.75341796875,206.3333740234375,439.8746948242188,0.0218829307705163
tile_r019555_c010339,3,482.6040954589844,145.52383422851562,515.6578979492188,189.39306640625,0.0214286223053932
tile_r019555_c010339,3,175.4610595703125,58.3884162902832,208.0084686279297,86.58390045166016,0.0142511203885078
tile_r019555_c010339,3,104.83216857910156,0.0214508064091205,137.38011169433594,15.593881607055664,0.0141237014904618
tile_r019555_c010339,3,41.5345573425293,179.97769165039062,104.05245208740234,213.61001586914065,0.0113021321594715
tile_r019555_c010339,3,69.25753021240234,182.7240295410156,106.76942443847656,205.4944305419922,0.0084728440269827
tile_r019555_c010339,3,18.084003448486328,167.22630310058594,71.46037292480469,220.67074584960935,0.0083746463060379
tile_r019555_c010339,3,171.7555694580078,407.4686584472656,197.38818359375,427.35888671875,0.0080125546082854
tile_r019555_c010339,3,-1.531060814857483,149.63113403320312,51.35030364990234,202.8182830810547,0.0076741860248148
tile_r019555_c010339,3,206.27197265625,434.9544982910156,243.0218811035156,467.67724609375,0.0072551593184471
tile_r019555_c010339,3,247.0357208251953,503.35357666015625,306.8461608886719,513.052490234375,0.0063894316554069
tile_r019555_c010339,3,100.8930892944336,-4.358401298522949,137.6731719970703,15.402414321899414,0.0043596783652901
tile_r019555_c010339,3,20.721019744873047,175.0896759033203,95.59930419921876,223.2333221435547,0.0041207266040146
tile_r019555_c010339,3,58.20158767700195,181.77590942382807,104.1849136352539,206.6942138671875,0.0040711625479161
tile_r019555_c010339,3,108.69287109375,384.2388916015625,147.04818725585938,422.8152465820313,0.0039158668369054
tile_r019555_c010339,3,168.58462524414062,51.20659255981445,216.58822631835935,91.1891098022461,0.0038828717079013
tile_r019555_c010339,3,163.88232421875,397.7810974121094,215.5953063964844,451.5851135253906,0.0037721148692071
tile_r019555_c010339,3,-10.900299072265623,220.1161651611328,41.13835525512695,286.1566772460937,0.0036794317420572
tile_r019555_c010339,3,404.1148376464844,26.017711639404297,453.5759887695313,68.962158203125,0.0035321332979947
tile_r019555_c010339,3,384.9736328125,502.712646484375,455.7274475097656,513.1693725585938,0.003522211452946
tile_r019555_c010339,3,261.993896484375,290.4996032714844,299.4735717773437,326.4632263183594,0.0033643238712102
tile_r019555_c010339,3,95.9769515991211,-11.955696105957031,142.92959594726562,5.348448276519775,0.0032393408473581
tile_r019555_c010339,3,86.99613952636719,-5.300830841064453,139.348876953125,16.346960067749023,0.0031394243706017
tile_r019555_c010339,3,253.9084930419922,500.5929565429688,318.31024169921875,513.9276123046875,0.0028303740546107
tile_r019555_c010339,3,22.335674285888672,70.92231750488281,53.981727600097656,103.1058120727539,0.0027369053568691
tile_r019555_c010339,3,99.7883071899414,235.9335479736328,178.64230346679688,305.4591369628906,0.002697991207242
tile_r019555_c010339,3,468.435791015625,107.65217590332033,493.525634765625,134.23959350585938,0.0026165782473981
tile_r019555_c010339,3,171.73013305664062,408.6630859375,198.9489288330078,435.0397338867188,0.0025420719757676
tile_r019555_c010339,3,364.5490112304688,514.640869140625,427.1714782714844,523.7973022460938,0.0024924397002905
tile_r019555_c010339,3,227.28421020507807,521.8117065429688,299.7112121582031,524.7999877929688,0.002440124284476
tile_r019555_c010339,3,355.0907287597656,514.62060546875,415.1472778320313,523.9627685546875,0.0023237515706568
tile_r019555_c010339,3,233.185546875,515.415283203125,292.58331298828125,524.1034545898438,0.0023222796153277
tile_r019555_c010339,3,136.3833770751953,331.74285888671875,192.86557006835935,386.9417114257813,0.0021944676991552
tile_r019555_c010339,3,444.5803833007813,47.816650390625,515.5115966796875,121.8585433959961,0.0021755280904471
tile_r019555_c010339,3,184.4632110595703,516.3028564453125,251.66897583007807,524.41552734375,0.0021668474655598
tile_r019555_c010339,3,224.0721740722656,512.4334106445312,309.7860412597656,521.1588745117188,0.0021504776086658
tile_r019555_c010339,3,374.1744995117188,514.3148193359375,441.0477600097656,523.7838134765625,0.0021067985799163
tile_r019555_c010339,3,468.6636657714844,69.47802734375,502.9810485839844,106.2411651611328,0.0020873851608484
tile_r019555_c010339,3,393.5340881347656,505.4134826660156,464.8062438964844,512.96484375,0.0020791927818208
tile_r019555_c010339,3,240.7072296142578,514.7406005859375,300.1836853027344,523.4261474609375,0.0020766023080796
tile_r019555_c010339,3,91.703125,-12.800000190734863,144.91348266601562,14.757171630859377,0.0020630881190299
tile_r019555_c010339,3,-4.125927925109863,139.9930877685547,73.08524322509766,209.19039916992188,0.0020553136710077
tile_r019555_c010339,3,223.8531188964844,515.7062377929688,280.6173400878906,524.5324096679688,0.0020299116149544
tile_r019555_c010339,3,174.95236206054688,268.7645874023437,197.83853149414065,290.0508728027344,0.0020056359935551
tile_r019555_c010339,3,89.41175842285156,390.2731018066406,168.49481201171875,481.8357849121094,0.0019867338705807
tile_r019555_c010339,3,75.31769561767578,518.67529296875,142.8946533203125,524.7999877929688,0.0019678438547998
tile_r019555_c010339,3,89.2911605834961,519.240234375,153.2145538330078,524.7999877929688,0.001965070143342
tile_r019555_c010339,3,477.4295043945313,135.9358673095703,515.2366943359375,189.06674194335935,0.0018935438711196
tile_r019555_c010339,3,204.637939453125,516.2054443359375,269.6581420898437,524.7999877929688,0.0018843208672478
tile_r019555_c010339,3,346.437744140625,514.7830200195312,402.46197509765625,523.9464721679688,0.0018783351406455
tile_r019555_c010339,3,396.6668090820313,514.4083251953125,462.8578186035156,523.6986083984375,0.0018513086251914
tile_r019555_c010339,3,327.1153869628906,500.9510803222656,393.46527099609375,513.14013671875,0.0018411803757771
tile_r019555_c010339,3,84.89270782470703,-4.575585842132568,142.7933807373047,29.906902313232425,0.0018242794321849
tile_r019555_c010339,3,208.9298553466797,442.473388671875,232.7310333251953,464.9324645996094,0.0018186010420322
tile_r019555_c010339,3,255.897705078125,514.468994140625,321.074462890625,523.7169189453125,0.0018011154606938
tile_r019555_c010339,3,176.7074432373047,418.77099609375,201.3896942138672,436.6708068847656,0.0017877188511192
tile_r019555_c010339,3,57.886268615722656,179.2932586669922,109.2666015625,217.1494598388672,0.0017675388371571
tile_r019555_c010339,3,193.4830017089844,419.0589904785156,244.4364318847656,466.1634826660156,0.0017316236626356
tile_r019555_c010339,3,21.003246307373047,173.5831298828125,76.24687194824219,227.3845977783203,0.0017041431274265
tile_r019555_c010339,3,342.2272033691406,503.6719665527344,415.1509399414063,513.4244995117188,0.00170169910416
tile_r019555_c010339,3,404.2408142089844,514.1500854492188,476.767578125,524.4356689453125,0.001632795901969
tile_r019555_c010339,3,347.87176513671875,520.8473510742188,419.3683471679688,524.7999877929688,0.0015860173152759
tile_r019555_c010339,3,267.141357421875,515.1793823242188,334.95904541015625,524.2305908203125,0.001577746705152
tile_r019555_c010339,3,337.7767028808594,514.8576049804688,391.0142211914063,524.115234375,0.0015075240517035
tile_r019555_c010339,3,246.7783203125,487.926513671875,312.10076904296875,513.0892333984375,0.0014958889223635
tile_r019555_c010339,3,367.7034606933594,504.25689697265625,442.61810302734375,513.3441772460938,0.0014954864745959
tile_r019555_c010339,3,48.72369384765625,518.6591796875,118.71134948730467,524.7999877929688,0.001475665369071
tile_r019555_c010339,3,4.958138942718506,239.03347778320312,31.59689712524414,269.00408935546875,0.0014356927713379
tile_r019555_c010339,3,177.367431640625,504.2960815429688,242.75927734375,513.4216918945312,0.0014344566734507
tile_r019555_c010339,3,62.0803108215332,518.9686889648438,130.74806213378906,524.7999877929688,0.0014273578999564
tile_r019555_c010339,3,203.55618286132807,434.4712524414063,243.7142333984375,478.7550354003906,0.0014166495529934
tile_r019555_c010339,3,420.5510864257813,514.5940551757812,505.4109497070313,524.7999877929688,0.0013534144964069
tile_r019555_c010339,3,165.23504638671875,518.3757934570312,236.3329162597656,524.7999877929688,0.0013432366540655
tile_r019555_c010339,3,382.0025939941406,520.9660034179688,456.1575622558594,524.7999877929688,0.0013354275142773
tile_r019555_c010339,3,327.5772399902344,514.89208984375,379.3096618652344,524.2804565429688,0.0013281583087518
tile_r019555_c010339,3,462.0198364257813,104.4895248413086,497.3987426757813,130.78085327148438,0.0013276390964165
tile_r019555_c010339,3,289.7230834960937,514.9853515625,351.8706970214844,524.6748046875,0.0012967679649591
tile_r019555_c010339,3,240.9526824951172,521.6044921875,311.57440185546875,524.7999877929688,0.0012863402953371
tile_r019555_c010339,3,9.63889503479004,54.4428825378418,76.3993148803711,116.96053314208984,0.0012863060692325
tile_r019555_c010339,3,252.0801696777344,279.3013000488281,317.27850341796875,342.63067626953125,0.001266804523766
tile_r019555_c010339,3,27.320459365844727,519.1737670898438,94.24747467041016,524.7999877929688,0.0012664528330788
tile_r019555_c010339,3,37.62197113037109,518.8486328125,106.91597747802734,524.7999877929688,0.0012511177919805
tile_r019555_c010339,3,171.48385620117188,395.5964965820313,241.769287109375,458.7186584472656,0.001219137571752
tile_r019555_c010339,3,5.817858695983887,51.04130935668945,63.8012580871582,109.6429672241211,0.0012108841910958
tile_r019555_c010339,3,99.6989517211914,520.5175170898438,167.4338836669922,524.7999877929688,0.0012100061867386
tile_r019555_c010339,3,506.8757934570313,137.19424438476562,523.6531372070312,190.22586059570312,0.0012053921818733
tile_r019555_c010339,3,370.3479614257813,521.42919921875,443.91162109375,524.7999877929688,0.0011926646111533
tile_r019555_c010339,3,392.164306640625,503.3739318847656,466.87738037109375,514.69287109375,0.0011855351040139
tile_r019555_c010339,3,315.7255249023437,514.8289184570312,367.41156005859375,524.3757934570312,0.0011840520892292
tile_r019555_c010339,3,34.716331481933594,163.7182159423828,106.40452575683594,214.4459991455078,0.0011806334368884
tile_r019555_c010339,3,167.1396026611328,251.5946044921875,206.11782836914065,295.50054931640625,0.0011762561043724
tile_r019555_c010339,3,503.92138671875,140.9100799560547,524.5626220703125,197.88430786132807,0.0011677191359922
tile_r019555_c010339,3,413.208984375,521.2222900390625,478.3317260742188,524.7999877929688,0.0011605860199779
tile_r019555_c010339,3,212.61160278320312,521.5386962890625,290.2506103515625,524.7999877929688,0.001150156953372
tile_r019555_c010339,3,354.0111694335937,504.6419982910156,428.05169677734375,513.5812377929688,0.0011444318806752
tile_r019555_c010339,3,336.89422607421875,521.2413330078125,407.0347595214844,524.7999877929688,0.0011403842363506
tile_r019555_c010339,3,507.4287109375,-12.800000190734863,524.666015625,3.757299900054932,0.0011394617613404
tile_r019555_c010339,3,485.6752014160156,105.74778747558594,516.5388793945312,182.16732788085935,0.0011243417393416
tile_r019555_c010339,3,110.86759948730467,390.5394287109375,143.84689331054688,421.8277282714844,0.0011238888837397
tile_r019555_c010339,3,-6.580431938171387,520.4685668945312,53.25278854370117,524.7999877929688,0.0011194294784218
tile_r019555_c010339,3,212.7533721923828,511.89599609375,303.48345947265625,523.5125732421875,0.0011151784565299
tile_r019555_c010339,3,359.3377990722656,521.7183227539062,430.4398498535156,524.7999877929688,0.0011128628393635
tile_r019555_c010339,3,172.5476531982422,517.193603515625,237.16796875,523.9930419921875,0.0011117872782051
tile_r019555_c010339,3,47.85063552856445,514.9725341796875,143.8526153564453,524.7999877929688,0.0011010598391294
tile_r019555_c010339,3,512.88671875,34.70752716064453,523.8609619140625,104.20997619628906,0.0010915430029854
tile_r019555_c010339,3,89.26524353027344,-1.7145217657089231,145.91119384765625,36.39766311645508,0.0010812918189913
tile_r019555_c010339,3,176.5045928955078,519.1947021484375,247.2361297607422,524.7999877929688,0.0010767468484118
tile_r019555_c010339,3,337.06744384765625,511.9522399902344,428.1661071777344,523.3240966796875,0.0010758927091956
tile_r019555_c010339,3,326.599609375,521.2146606445312,393.2185974121094,524.7999877929688,0.0010683597065508
tile_r019555_c010339,3,258.005126953125,504.1883850097656,322.6756286621094,512.6417236328125,0.0010682477150112
tile_r019555_c010339,3,170.60824584960938,513.7200927734375,252.254150390625,521.5662231445312,0.001065673539415
tile_r019555_c010339,3,119.7275619506836,521.2008666992188,193.278076171875,524.7999877929688,0.0010548402788117
tile_r019555_c010339,3,212.261962890625,265.8594665527344,246.12564086914065,303.1119689941406,0.0010533790336921
tile_r019555_c010339,3,316.2677307128906,521.7806396484375,378.3927307128906,524.7999877929688,0.0010461928322911
tile_r019555_c010339,3,442.8563537597656,515.3385009765625,518.3313598632812,524.7999877929688,0.0010343001922592
tile_r019555_c010339,3,14.9423828125,520.1828002929688,81.58805084228516,524.7999877929688,0.0010303450981155
tile_r019555_c010339,3,512.5614013671875,147.0381622314453,524.7999877929688,209.63937377929688,0.0010302449809387
tile_r019555_c010339,3,143.9054412841797,24.95819091796875,226.7751007080078,99.06166076660156,0.0010289590572938
tile_r019555_c010339,3,45.57011795043945,380.9210510253906,70.88873291015625,397.67913818359375,0.0010284171439707
tile_r019555_c010339,3,-3.21368408203125,228.34982299804688,48.616943359375,281.1581420898437,0.0010123352985829
tile_r019555_c010339,3,252.08706665039065,521.0357666015625,322.2339782714844,524.7999877929688,0.001012324122712
tile_r019555_c010595,3,331.05145263671875,64.44551086425781,378.14111328125,112.1505355834961,0.8340244293212891
tile_r019555_c010595,3,465.3439025878906,418.7667541503906,512.5619506835938,463.07427978515625,0.8140975832939148
tile_r019555_c010595,3,422.9032287597656,21.558483123779297,471.0360412597656,66.56351470947266,0.8098078370094299
tile_r019555_c010595,3,367.3935546875,188.35348510742188,412.64794921875,227.5794677734375,0.8037607073783875
tile_r019555_c010595,3,3.981469631195069,286.6758728027344,48.76904296875,329.7236328125,0.7694089412689209
tile_r019555_c010595,3,195.8949279785156,59.446083068847656,251.9208984375,112.41141510009766,0.7156193852424622
tile_r019555_c010595,3,284.0824584960937,324.5736389160156,332.342529296875,363.8755493164063,0.7121255397796631
tile_r019555_c010595,3,426.6632690429688,221.1786651611328,452.0459899902344,243.1704559326172,0.6629491448402405
tile_r019555_c010595,3,372.38287353515625,329.17755126953125,432.97076416015625,401.8165893554688,0.639706015586853
tile_r019555_c010595,3,397.1924743652344,95.17707824707033,430.0637817382813,120.1077651977539,0.6364883780479431
tile_r019555_c010595,3,320.8104553222656,412.1687622070313,361.6578979492188,452.0315551757813,0.6009650230407715
tile_r019555_c010595,3,226.1534118652344,150.3863067626953,262.46600341796875,184.1705017089844,0.5690498352050781
tile_r019555_c010595,3,319.7264709472656,400.434814453125,370.7478637695313,452.77935791015625,0.4607264697551727
tile_r019555_c010595,3,276.3204040527344,246.1963348388672,308.8043518066406,274.1231994628906,0.3806850016117096
tile_r019555_c010595,3,371.63427734375,242.48095703125,404.49810791015625,274.0184631347656,0.3278868794441223
tile_r019555_c010595,3,379.18365478515625,338.31085205078125,420.050048828125,383.0306701660156,0.1872730404138565
tile_r019555_c010595,3,404.1190490722656,426.9713745117188,435.1204223632813,455.9042053222656,0.162717118859291
tile_r019555_c010595,3,455.5586853027344,468.1405334472656,478.7389526367188,487.5393676757813,0.1475752145051956
tile_r019555_c010595,3,377.5030212402344,328.855712890625,428.6119079589844,385.6280212402344,0.114397756755352
tile_r019555_c010595,3,393.3140869140625,93.20817565917967,433.2267456054688,125.9288330078125,0.0750302299857139
tile_r019555_c010595,3,423.0628967285156,219.2979431152344,454.4189453125,245.5398406982422,0.0517086088657379
tile_r019555_c010595,3,366.61859130859375,240.9893035888672,407.13616943359375,278.5582580566406,0.0384510271251201
tile_r019555_c010595,3,381.7029724121094,372.8570861816406,417.8123474121094,400.9732971191406,0.0371405594050884
tile_r019555_c010595,3,273.60125732421875,242.515869140625,311.86944580078125,278.401611328125,0.030689338222146
tile_r019555_c010595,3,286.1920471191406,328.044189453125,324.6798400878906,360.802978515625,0.023578630760312
tile_r019555_c010595,3,204.0015563964844,65.08958435058594,246.62191772460935,108.26690673828124,0.0196407716721296
tile_r019555_c010595,3,224.16000366210935,146.0058135986328,267.8479919433594,188.5084991455078,0.017365263774991
tile_r019555_c010595,3,280.1338806152344,319.06549072265625,338.2642517089844,369.2255859375,0.01702181994915
tile_r019555_c010595,3,488.7339782714844,299.624267578125,514.7376708984375,352.2372436523437,0.0144572388380765
tile_r019555_c010595,3,378.498779296875,251.02639770507807,403.0594177246094,272.6347045898437,0.0103007135912776
tile_r019555_c010595,3,460.9205932617188,414.3528747558594,517.1090698242188,471.66839599609375,0.0099402517080307
tile_r019555_c010595,3,379.6411437988281,360.71624755859375,419.2579040527344,401.012939453125,0.00855696760118
tile_r019555_c010595,3,374.1097106933594,191.2850799560547,411.2431640625,224.4151611328125,0.007013282738626
tile_r019555_c010595,3,375.987060546875,503.83203125,429.754638671875,513.1417846679688,0.0068877069279551
tile_r019555_c010595,3,-2.496350049972534,500.4547729492188,50.8057861328125,513.4837036132812,0.0068126241676509
tile_r019555_c010595,3,390.8177795410156,329.69146728515625,420.5703125,351.97998046875,0.0064428593032062
tile_r019555_c010595,3,270.25762939453125,236.8931121826172,317.01483154296875,277.89874267578125,0.0060806828550994
tile_r019555_c010595,3,397.5142211914063,98.12288665771484,423.2481994628906,117.46500396728516,0.0056223180145025
tile_r019555_c010595,3,480.974365234375,296.9122619628906,515.399658203125,354.1754455566406,0.0055749746970832
tile_r019555_c010595,3,466.9566040039063,501.4402465820313,512.6346435546875,513.2986450195312,0.0041773477569222
tile_r019555_c010595,3,149.57510375976562,25.183868408203125,195.6595916748047,68.13516235351562,0.0039469548501074
tile_r019555_c010595,3,0.2298583984375,279.2007751464844,52.778541564941406,333.8724670410156,0.0037273459602147
tile_r019555_c010595,3,408.4707946777344,429.1271362304688,434.5467834472656,452.8294982910156,0.0036377769429236
tile_r019555_c010595,3,129.41903686523438,502.1525268554688,199.53005981445312,513.15625,0.0036230983678251
tile_r019555_c010595,3,427.1856384277344,24.19038391113281,466.56396484375,60.94904708862305,0.0035542631521821
tile_r019555_c010595,3,347.9706115722656,512.9092407226562,436.93212890625,522.2528076171875,0.0034655949566513
tile_r019555_c010595,3,397.9957885742188,423.1911010742188,439.2297973632813,463.3395385742188,0.0034400387667119
tile_r019555_c010595,3,452.015625,521.700439453125,517.8861083984375,524.7999877929688,0.0032987531740218
tile_r019555_c010595,3,-9.975146293640137,521.411865234375,48.61322021484375,524.7999877929688,0.003293334506452
tile_r019555_c010595,3,366.276123046875,323.9911499023437,442.38958740234375,407.52679443359375,0.0032366910018026
tile_r019555_c010595,3,364.01220703125,502.6985473632813,427.0173950195313,513.2862548828125,0.0032229346688836
tile_r019555_c010595,3,278.4432067871094,250.40414428710935,302.86871337890625,273.5318908691406,0.0029848432168364
tile_r019555_c010595,3,231.2335968017578,153.05325317382812,261.24542236328125,181.57064819335935,0.0028420013841241
tile_r019555_c010595,3,353.48785400390625,522.0880126953125,426.8377990722656,524.7999877929688,0.0027909332420676
tile_r019555_c010595,3,190.7102203369141,52.14180755615234,256.0038452148437,117.4214096069336,0.0027684750966727
tile_r019555_c010595,3,365.872314453125,522.8204345703125,432.060302734375,524.7999877929688,0.0026811170391738
tile_r019555_c010595,3,314.2554016113281,-1.7595818042755127,377.12506103515625,13.928082466125488,0.0026543517597019
tile_r019555_c010595,3,18.655536651611328,270.5306701660156,35.761695861816406,285.47802734375,0.0024732595775276
tile_r019555_c010595,3,357.16082763671875,235.2765350341797,411.1092834472656,284.9037475585937,0.0024138144217431
tile_r019555_c010595,3,294.3912353515625,-1.6262909173965454,365.8497924804688,14.857989311218262,0.0024024909362196
tile_r019555_c010595,3,110.09577941894533,514.5421142578125,171.2769775390625,523.7557373046875,0.0023878272622823
tile_r019555_c010595,3,336.5999450683594,520.9880981445312,402.534423828125,524.7999877929688,0.0023748101666569
tile_r019555_c010595,3,-5.572717189788818,502.7313537597656,58.76605224609375,512.9899291992188,0.0023167436011135
tile_r019555_c010595,3,384.35638427734375,330.0370483398437,422.1612243652344,377.784912109375,0.0022817619610577
tile_r019555_c010595,3,370.2771911621094,243.23190307617188,398.6114807128906,270.69256591796875,0.0022253489587455
tile_r019555_c010595,3,271.9789733886719,-1.6831032037734983,332.3076477050781,14.108968734741213,0.002131832530722
tile_r019555_c010595,3,101.5607452392578,514.5784912109375,159.6865234375,523.9392700195312,0.0021279784850776
tile_r019555_c010595,3,512.2554931640625,421.06195068359375,524.7999877929688,479.7905883789063,0.0021259451750665
tile_r019555_c010595,3,137.71096801757812,504.9629821777344,208.42282104492188,512.9698486328125,0.0021003244910389
tile_r019555_c010595,3,441.6296997070313,513.1658935546875,519.0809326171875,522.2067260742188,0.0020942420233041
tile_r019555_c010595,3,388.2926330566406,520.3004760742188,455.2192993164063,524.7999877929688,0.0020886966958642
tile_r019555_c010595,3,118.9468002319336,514.142578125,184.6699981689453,523.7076416015625,0.0020739103201776
tile_r019555_c010595,3,140.5994415283203,514.2827758789062,206.7123107910156,523.7056884765625,0.0020188034977763
tile_r019555_c010595,3,297.1997985839844,-12.800000190734863,376.56103515625,3.8954741954803462,0.0018727105343714
tile_r019555_c010595,3,313.2933044433594,393.2472839355469,376.8062133789063,459.380859375,0.0018612673738971
tile_r019555_c010595,3,450.1613159179688,463.0656127929688,489.8615112304688,489.6734313964844,0.0018528116634115
tile_r019555_c010595,3,376.7896118164063,514.94384765625,436.9503784179688,523.5145263671875,0.0018452844815328
tile_r019555_c010595,3,487.0598754882813,310.3055725097656,513.12255859375,348.5513610839844,0.0018450166098773
tile_r019555_c010595,3,414.89404296875,13.435338973999023,473.6721801757813,74.9266128540039,0.0017984316218644
tile_r019555_c010595,3,503.5491333007813,284.4253845214844,523.892578125,354.16827392578125,0.0017501609399914
tile_r019555_c010595,3,353.7939453125,-1.998461961746216,411.4371643066406,14.243738174438477,0.0017210418591275
tile_r019555_c010595,3,327.86785888671875,519.8660888671875,397.4963989257813,524.7999877929688,0.0017155094537883
tile_r019555_c010595,3,92.4522933959961,514.7771606445312,147.0814971923828,523.9734497070312,0.0016883340431377
tile_r019555_c010595,3,483.9655151367188,283.127685546875,517.96533203125,354.8223571777344,0.0016764730680733
tile_r019555_c010595,3,3.035443067550659,514.2727661132812,63.34016799926758,523.5770263671875,0.001671640551649
tile_r019555_c010595,3,361.6942443847656,514.8045043945312,417.8700256347656,524.1326293945312,0.0016583405667915
tile_r019555_c010595,3,398.1472778320313,330.7702941894531,418.8265686035156,348.1488647460937,0.0016416953876614
tile_r019555_c010595,3,451.9974060058594,515.1650390625,508.5262145996094,523.9830322265625,0.0016355062834918
tile_r019555_c010595,3,-9.896759033203123,511.6536254882813,53.733863830566406,523.2512817382812,0.0015990821411833
tile_r019555_c010595,3,147.51364135742188,513.9249267578125,219.3228302001953,524.3597412109375,0.0015913002425804
tile_r019555_c010595,3,112.45622253417967,503.84619140625,186.50924682617188,513.3262939453125,0.0015727361897006
tile_r019555_c010595,3,72.35116577148438,500.8924255371094,137.6461944580078,513.0570068359375,0.0015546372160315
tile_r019555_c010595,3,470.4418029785156,292.4338073730469,516.7208862304688,364.1076965332031,0.001551020424813
tile_r019555_c010595,3,87.32502746582031,503.38031005859375,159.41830444335938,513.3824462890625,0.0015498823486268
tile_r019555_c010595,3,420.4972534179688,208.2085418701172,455.845703125,245.4717254638672,0.0015333076007664
tile_r019555_c010595,3,437.1258850097656,521.5599365234375,504.1520385742188,524.7999877929688,0.0015202558133751
tile_r019555_c010595,3,384.2575988769531,514.9786376953125,450.5171813964844,524.2959594726562,0.0014862620737403
tile_r019555_c010595,3,11.154687881469728,514.63427734375,76.95658111572266,524.1112060546875,0.0014582005096599
tile_r019555_c010595,3,92.50236511230467,520.85107421875,163.23800659179688,524.7999877929688,0.0014562237774953
tile_r019555_c010595,3,377.33392333984375,502.7345581054688,437.2415466308594,514.31640625,0.0014290491817519
tile_r019555_c010595,3,454.32373046875,500.3245544433594,502.9913940429688,513.3587646484375,0.001392705598846
tile_r019555_c010595,3,269.7377014160156,519.2574462890625,333.2259826660156,524.7999877929688,0.0013646978186443
tile_r019555_c010595,3,458.9827575683594,515.9046020507812,517.1749267578125,523.6708984375,0.0013534571044147
tile_r019555_c010595,3,456.6680603027344,410.1306762695313,522.5789794921875,480.66015625,0.0013524029636755
tile_r019555_c010595,3,83.0981216430664,514.8369140625,135.34402465820312,524.1892700195312,0.0013450331753119
tile_r019555_c010595,3,344.79840087890625,521.5545654296875,408.770263671875,524.7999877929688,0.0013436254812404
tile_r019555_c010595,3,5.729535102844238,498.2373962402344,73.79698181152344,514.07861328125,0.001343596028164
tile_r019555_c010595,3,357.0118103027344,186.4787750244141,417.2900390625,272.2039489746094,0.0013406701618805
tile_r019555_c010595,3,419.6516723632813,60.46794509887695,438.6539916992188,76.1104965209961,0.0013217944651842
tile_r019555_c010595,3,135.4469451904297,503.1918029785156,210.1492462158203,514.7054443359375,0.0013214948121458
tile_r019555_c010595,3,126.15217590332033,521.0367431640625,199.55062866210935,524.7999877929688,0.0013072846923023
tile_r019555_c010595,3,384.5043029785156,72.3557357788086,441.7784118652344,126.6895751953125,0.0012986257206648
tile_r019555_c010595,3,222.0557861328125,139.86318969726562,278.2436218261719,192.518310546875,0.001293129636906
tile_r019555_c010595,3,310.5855712890625,-7.4252495765686035,377.9427490234375,12.111175537109377,0.0012904800241813
tile_r019555_c010595,3,-3.296252489089966,276.8853759765625,61.948524475097656,342.7047119140625,0.001272716675885
tile_r019555_c010595,3,342.65692138671875,-2.104872941970825,387.6080932617188,13.319955825805664,0.0012093858094885
tile_r019555_c010595,3,237.78775024414065,520.2218017578125,303.57281494140625,524.7999877929688,0.0012010895879939
tile_r019555_c010595,3,161.66172790527344,514.3107299804688,239.9289093017578,524.7902221679688,0.0011972442734986
tile_r019555_c010595,3,448.847412109375,465.4505004882813,482.5528869628906,494.15283203125,0.0011923437705263
tile_r019555_c010595,3,405.7145080566406,430.9378051757813,431.5455627441406,454.8893432617188,0.0011882517719641
tile_r019555_c010595,3,337.99200439453125,512.2484130859375,426.1466369628906,524.5023193359375,0.0011853537289425
tile_r019555_c010595,3,323.6319274902344,57.49626541137695,386.7227478027344,122.4823226928711,0.0011844424298033
tile_r019555_c010595,3,72.82561492919922,514.9149169921875,123.2815170288086,524.3145751953125,0.0011837554629892
tile_r019555_c010595,3,114.6534652709961,521.5237426757812,187.0490264892578,524.7999877929688,0.0011712757404893
tile_r019555_c010595,3,28.38158798217773,514.6565551757812,93.80964660644533,524.72216796875,0.0011701236944645
tile_r019555_c010595,3,404.8414001464844,520.2501831054688,471.4376831054688,524.7999877929688,0.0011557120596989
tile_r019555_c010595,3,401.3746948242188,515.1314697265625,465.6460876464844,524.7999877929688,0.0011524480069056
tile_r019555_c010595,3,359.7252502441406,181.7763671875,418.47503662109375,239.5251922607422,0.0011508770985528
tile_r019555_c010595,3,3.530535936355591,268.85809326171875,54.19905853271485,328.3713684082031,0.001149522839114
tile_r019555_c010595,3,337.6227722167969,68.0963363647461,374.7424621582031,110.0547866821289,0.0011470093159005
tile_r019555_c010595,3,377.9576416015625,521.30224609375,441.4857482910156,524.7999877929688,0.0011306200176477
tile_r019555_c010595,3,216.6504821777344,132.61557006835938,272.17138671875,197.7117919921875,0.0011231487151235
tile_r019555_c010595,3,60.4966049194336,514.7799072265625,111.0086669921875,524.4998168945312,0.0011222172761335
tile_r019555_c010595,3,-3.45281982421875,521.0284423828125,64.69725036621094,524.7999877929688,0.001100271823816
tile_r019555_c010595,3,260.5580139160156,-2.0370240211486816,323.78729248046875,13.4974365234375,0.0010969327995553
tile_r019555_c010595,3,274.4687194824219,311.3797912597656,344.35723876953125,386.3990173339844,0.0010942401131615
tile_r019555_c010595,3,157.4554443359375,521.1829833984375,222.48654174804688,524.7999877929688,0.0010907353134825
tile_r019555_c010595,3,224.4977569580078,520.3338012695312,292.57781982421875,524.7999877929688,0.0010848798556253
tile_r019555_c010595,3,276.0648803710937,250.0176239013672,298.0445861816406,270.63775634765625,0.0010846493532881
tile_r019555_c010595,3,224.3961944580078,336.863525390625,272.89715576171875,381.157470703125,0.0010827730875462
tile_r019555_c010595,3,444.33306884765625,514.8541870117188,497.8009338378906,524.3933715820312,0.0010791127569973
tile_r019555_c010595,3,388.6587829589844,92.5560073852539,436.8336791992188,136.0615692138672,0.0010775867849588
tile_r019555_c010595,3,98.88023376464844,504.302734375,172.30752563476562,513.5641479492188,0.0010768771171569
tile_r019555_c010595,3,103.8792953491211,521.763671875,173.9512939453125,524.7999877929688,0.0010762971360236
tile_r019555_c010595,3,320.7074279785156,518.7792358398438,389.83056640625,524.7999877929688,0.0010695643723011
tile_r019555_c010595,3,344.43145751953125,502.5616149902344,417.6583862304688,514.4600830078125,0.0010477643227204
tile_r019555_c010595,3,509.11865234375,-12.800000190734863,524.63916015625,7.010847568511963,0.0010384034831076
tile_r019555_c010595,3,280.213623046875,-1.8708922863006592,354.49871826171875,15.226351737976074,0.0010247783502563
tile_r019555_c010595,3,140.5374755859375,500.65966796875,220.9409637451172,515.9600830078125,0.0010136666242033
tile_r019555_c010595,3,0.84149169921875,487.70306396484375,54.9477653503418,513.5654907226562,0.0010047958930954
tile_r019555_c010595,3,82.20960998535156,521.286865234375,150.55160522460938,524.7999877929688,0.0010040206834673
tile_r019555_c010595,3,278.676513671875,518.7144775390625,347.1305236816406,524.7999877929688,0.0010035947198048
tile_r019555_c010851,3,75.2745361328125,64.75260925292969,121.9179916381836,111.97102355957033,0.8335517644882202
tile_r019555_c010851,3,209.2894592285156,419.158203125,257.6075134277344,462.5651245117188,0.8138949275016785
tile_r019555_c010851,3,111.46687316894533,188.3924865722656,156.58053588867188,227.514892578125,0.8090571761131287
tile_r019555_c010851,3,167.2519989013672,21.826038360595703,214.6717834472656,66.13725280761719,0.7982756495475769
tile_r019555_c010851,3,445.412841796875,40.897216796875,490.8228149414063,85.81502532958984,0.756878137588501
tile_r019555_c010851,3,351.855712890625,434.1672973632813,398.0143127441406,474.6688537597656,0.7471593618392944
tile_r019555_c010851,3,300.7138671875,369.3402404785156,330.6036071777344,398.8914489746094,0.7003055214881897
tile_r019555_c010851,3,28.431921005249023,325.249267578125,75.63314056396484,363.8911743164063,0.6974213123321533
tile_r019555_c010851,3,170.5823974609375,221.1162567138672,196.0292053222656,243.2095642089844,0.6719449758529663
tile_r019555_c010851,3,243.34326171875,316.5558166503906,289.2811584472656,363.380126953125,0.6670167446136475
tile_r019555_c010851,3,141.2623748779297,95.22077941894533,173.9545135498047,120.0716552734375,0.6511499881744385
tile_r019555_c010851,3,116.6395034790039,329.38037109375,176.56759643554688,401.7124633789063,0.6328818202018738
tile_r019555_c010851,3,65.04423522949219,412.51953125,105.4613037109375,451.8045043945313,0.6197953224182129
tile_r019555_c010851,3,20.636180877685547,246.4199981689453,51.9843635559082,274.2689819335937,0.4868963062763214
tile_r019555_c010851,3,63.8599853515625,401.2970581054688,113.5975341796875,451.9556579589844,0.4181101322174072
tile_r019555_c010851,3,115.79327392578124,242.4862365722656,148.33973693847656,273.87750244140625,0.3531520962715149
tile_r019555_c010851,3,253.1319122314453,331.49481201171875,286.2768859863281,361.42474365234375,0.3287822604179382
tile_r019555_c010851,3,148.22665405273438,426.93896484375,179.0992889404297,455.5016479492188,0.2355897426605224
tile_r019555_c010851,3,123.2848129272461,338.385986328125,163.9763641357422,382.91119384765625,0.196871668100357
tile_r019555_c010851,3,199.6791534423828,468.3203125,222.330322265625,487.279296875,0.1437887549400329
tile_r019555_c010851,3,121.8620376586914,328.94610595703125,172.373046875,384.9363403320313,0.1176589131355285
tile_r019555_c010851,3,137.43252563476562,93.2738037109375,177.05859375,125.8377456665039,0.0717924758791923
tile_r019555_c010851,3,167.0443115234375,219.2708282470703,198.4144287109375,245.5748291015625,0.0549524687230587
tile_r019555_c010851,3,17.997533798217773,242.4917449951172,55.64389801025391,278.457275390625,0.0498419068753719
tile_r019555_c010851,3,125.7836456298828,372.98193359375,161.7598114013672,401.0052185058594,0.0397299639880657
tile_r019555_c010851,3,29.941761016845703,328.1022644042969,67.8577880859375,360.8909301757813,0.0370009429752826
tile_r019555_c010851,3,111.1240463256836,240.9579315185547,151.0398406982422,278.42022705078125,0.031766191124916
tile_r019555_c010851,3,25.164051055908203,320.89703369140625,80.77984619140625,368.66217041015625,0.0275628492236137
tile_r019555_c010851,3,3.586666822433472,153.74313354492188,20.48832321166992,173.4340057373047,0.0139456875622272
tile_r019555_c010851,3,448.0626831054688,46.9715576171875,485.3173828125,83.71441650390625,0.0139416689053177
tile_r019555_c010851,3,122.5991668701172,250.45327758789065,146.9917449951172,272.47760009765625,0.0102112852036952
tile_r019555_c010851,3,250.6838836669922,317.9590759277344,285.13055419921875,361.2063598632813,0.0101016955450177
tile_r019555_c010851,3,123.7517318725586,361.0953063964844,163.2073516845703,401.0494995117188,0.0089619485661387
tile_r019555_c010851,3,247.52194213867188,315.0766906738281,276.9291381835937,340.5172119140625,0.0089244153350591
tile_r019555_c010851,3,237.6219787597656,309.5458374023437,294.79901123046875,367.4834899902344,0.0088708940893411
tile_r019555_c010851,3,204.9857940673828,414.8492126464844,262.73394775390625,471.00439453125,0.0082331616431474
tile_r019555_c010851,3,118.1467742919922,191.32064819335935,155.1999053955078,224.411376953125,0.0075030392035841
tile_r019555_c010851,3,442.0994262695313,35.10491943359375,495.7005920410156,90.54833984375,0.0068721882998943
tile_r019555_c010851,3,119.8665008544922,503.9365234375,173.52627563476562,513.091796875,0.0068181431852281
tile_r019555_c010851,3,135.06298828125,329.7328186035156,164.4945831298828,351.84344482421875,0.0065963892266154
tile_r019555_c010851,3,141.52435302734375,98.1245346069336,167.14292907714844,117.42024230957033,0.0057994383387267
tile_r019555_c010851,3,14.709894180297852,236.50942993164065,60.563018798828125,277.51971435546875,0.005349354352802
tile_r019555_c010851,3,345.89898681640625,427.7491149902344,403.45989990234375,484.0469665527344,0.0051021124236285
tile_r019555_c010851,3,142.1008758544922,422.9304809570313,183.206787109375,461.8758850097656,0.0046936338767409
tile_r019555_c010851,3,152.53848266601562,429.1499938964844,178.38247680664062,452.2515563964844,0.0045381537638604
tile_r019555_c010851,3,295.4450378417969,366.6198120117188,334.2214660644531,402.1631774902344,0.0044900830835103
tile_r019555_c010851,3,171.3176727294922,24.286075592041016,210.3824157714844,60.89615631103516,0.003563487669453
tile_r019555_c010851,3,92.1847152709961,512.97900390625,180.4580993652344,522.1395263671875,0.0034134862944483
tile_r019555_c010851,3,480.1797790527344,0.5068572759628296,508.5506896972656,15.643514633178713,0.0033796031493693
tile_r019555_c010851,3,110.9261474609375,324.5107421875,186.5106201171875,407.2974548339844,0.0033711227588355
tile_r019555_c010851,3,248.5739288330078,316.141845703125,269.4331970214844,336.2675170898437,0.0031963547226041
tile_r019555_c010851,3,107.5811538696289,502.6753540039063,170.85995483398438,513.2886352539062,0.0031862268224358
tile_r019555_c010851,3,22.920623779296875,250.7774353027344,47.17058181762695,273.546875,0.0031400304287672
tile_r019555_c010851,3,392.1829528808594,0.4301818907260895,427.9351196289063,17.87434959411621,0.0029994421638548
tile_r019555_c010851,3,2.122668504714966,150.3993377685547,16.478290557861328,177.1917266845703,0.0029667061753571
tile_r019555_c010851,3,97.2703094482422,522.0750732421875,170.30429077148438,524.7999877929688,0.0029556662775576
tile_r019555_c010851,3,60.8055419921875,-1.5359535217285156,120.1858367919922,13.58801555633545,0.0026890963781625
tile_r019555_c010851,3,110.43377685546876,522.8653564453125,175.16207885742188,524.7999877929688,0.0026553834322839
tile_r019555_c010851,3,40.24702072143555,-1.6141510009765625,109.7787628173828,14.368853569030762,0.0025562660302966
tile_r019555_c010851,3,236.85873413085935,520.7025756835938,309.1102905273437,524.7999877929688,0.002534762956202
tile_r019555_c010851,3,233.7782287597656,514.2886962890625,298.46173095703125,523.8919067382812,0.0025031273253262
tile_r019555_c010851,3,339.5545349121094,519.9261474609375,401.945556640625,524.7999877929688,0.0024727373383939
tile_r019555_c010851,3,195.81784057617188,520.6241455078125,264.18389892578125,524.7999877929688,0.0024132472462952
tile_r019555_c010851,3,474.7410278320313,0.919030785560608,513.1921997070312,13.688512802124023,0.0024083298631012
tile_r019555_c010851,3,300.93524169921875,372.4534301757813,325.47528076171875,396.931884765625,0.0023821883369237
tile_r019555_c010851,3,79.15023803710938,520.8739624023438,145.1269073486328,524.7999877929688,0.0023819347843527
tile_r019555_c010851,3,223.8548889160156,513.9754638671875,284.5140991210937,523.6895751953125,0.0023449445143342
tile_r019555_c010851,3,128.418212890625,330.0508728027344,166.08740234375,377.657470703125,0.0023128606844693
tile_r019555_c010851,3,245.85403442382807,514.7127685546875,311.0698547363281,523.7528076171875,0.0022814502008259
tile_r019555_c010851,3,2.3652586936950684,148.9849090576172,19.8188533782959,180.2740173339844,0.0021698062773793
tile_r019555_c010851,3,18.667407989501957,-1.2778098583221436,77.23725891113281,13.349258422851562,0.0020648597273975
tile_r019555_c010851,3,333.6048889160156,520.9334106445312,396.2069396972656,524.7999877929688,0.0020366313401609
tile_r019555_c010851,3,41.9412841796875,-12.800000190734863,119.98653411865234,3.139201402664185,0.0020066297147423
tile_r019555_c010851,3,257.6714172363281,514.9632568359375,323.3725891113281,523.8950805664062,0.0019964068196713
tile_r019555_c010851,3,132.4268341064453,520.227783203125,198.3115234375,524.7999877929688,0.0019856016151607
tile_r019555_c010851,3,98.5345687866211,-1.6126617193222046,156.10293579101562,13.858697891235352,0.0019436235306784
tile_r019555_c010851,3,1.808081030845642,153.2847137451172,12.823125839233398,175.9967498779297,0.0019204132258892
tile_r019555_c010851,3,114.4880828857422,243.3314971923828,142.0403594970703,270.3543395996094,0.0019102442311123
tile_r019555_c010851,3,101.51057434082033,233.9725341796875,155.124755859375,285.8922119140625,0.0018966771895065
tile_r019555_c010851,3,480.1993103027344,2.129614353179932,509.7516479492188,22.601451873779297,0.0018939720466732
tile_r019555_c010851,3,56.74946212768555,393.72564697265625,120.74421691894533,459.490478515625,0.0018931049853563
tile_r019555_c010851,3,209.74740600585935,514.4689331054688,261.82916259765625,523.7664184570312,0.0018824745202437
tile_r019555_c010851,3,120.8656768798828,514.9050903320312,180.2996063232422,523.4991455078125,0.0018279508221894
tile_r019555_c010851,3,159.7282257080078,13.9404296875,216.52816772460935,74.54866790771484,0.0018238036427646
tile_r019555_c010851,3,210.9775848388672,504.4006958007813,278.65020751953125,513.0955810546875,0.0018143558409065
tile_r019555_c010851,3,186.4713592529297,512.6187744140625,274.18487548828125,522.3345947265625,0.0017870306037366
tile_r019555_c010851,3,71.0790786743164,519.7369995117188,139.7433319091797,524.7999877929688,0.0017829684074968
tile_r019555_c010851,3,188.64035034179688,521.8927001953125,251.5065155029297,524.7999877929688,0.0017775655724108
tile_r019555_c010851,3,443.50726318359375,-12.61107349395752,520.4658813476562,1.866064429283142,0.0017605744069442
tile_r019555_c010851,3,21.499805450439453,244.295654296875,55.784461975097656,268.580810546875,0.0017343449871987
tile_r019555_c010851,3,142.21951293945312,330.7784118652344,162.81417846679688,348.16473388671875,0.001696340041235
tile_r019555_c010851,3,244.3025360107422,504.7863159179688,316.71588134765625,513.0753784179688,0.0016942797228693
tile_r019555_c010851,3,200.7201690673828,519.4151000976562,270.5663452148437,524.7999877929688,0.0016534563619643
tile_r019555_c010851,3,345.3147888183594,520.9035034179688,406.74755859375,524.7999877929688,0.0016320779686793
tile_r019555_c010851,3,164.25233459472656,60.60683441162109,182.61431884765625,76.03315734863281,0.0016017945017665
tile_r019555_c010851,3,164.909423828125,208.345703125,199.6540069580078,245.2401428222656,0.0016017541056498
tile_r019555_c010851,3,269.5083923339844,515.0914306640625,335.9869079589844,523.9285888671875,0.001586286118254
tile_r019555_c010851,3,306.09552001953125,372.2488403320313,331.2398376464844,397.0670776367188,0.001582890516147
tile_r019555_c010851,3,349.9856872558594,500.8532104492188,411.2735900878906,513.7568359375,0.0015777008375152
tile_r019555_c010851,3,105.8472671508789,514.6949462890625,161.35604858398438,524.1243896484375,0.0015460962895303
tile_r019555_c010851,3,387.4275512695313,-4.88042688369751,431.2085876464844,7.618762016296387,0.0015225897077471
tile_r019555_c010851,3,91.00846862792967,-1.607262372970581,127.6259536743164,13.070147514343262,0.0015110450331121
tile_r019555_c010851,3,273.819580078125,505.5956115722656,346.3064880371094,513.1729736328125,0.0015059814322739
tile_r019555_c010851,3,183.3264923095703,82.06783294677734,204.8167724609375,104.50215911865234,0.0014843018725514
tile_r019555_c010851,3,13.939132690429688,519.3768920898438,77.78962707519531,524.7999877929688,0.0014745073858648
tile_r019555_c010851,3,211.4909210205078,501.6896362304688,273.48095703125,513.4144287109375,0.0014271376421675
tile_r019555_c010851,3,212.6093292236328,511.6255493164063,304.2132873535156,521.697998046875,0.0014188057975843
tile_r019555_c010851,3,224.52737426757807,504.6375122070313,291.8512878417969,512.8472900390625,0.0014115093508735
tile_r019555_c010851,3,128.3292999267578,514.7945556640625,194.1829833984375,524.3214721679688,0.0014067748561501
tile_r019555_c010851,3,121.482177734375,502.7431640625,180.8087921142578,514.2293090820312,0.0013978919014334
tile_r019555_c010851,3,210.4927673339844,503.0725708007813,251.6815490722656,513.1832885742188,0.0013754062820225
tile_r019555_c010851,3,367.0152893066406,-12.639376640319824,437.7403869628906,1.2985808849334717,0.0013703097356483
tile_r019555_c010851,3,456.2662963867188,-5.682662963867188,512.5260620117188,9.073895454406738,0.0013480515917763
tile_r019555_c010851,3,235.5567321777344,503.2951049804688,310.6421813964844,513.7744140625,0.0013233576901257
tile_r019555_c010851,3,87.49562072753906,521.4916381835938,151.80007934570312,524.7999877929688,0.0013046103995293
tile_r019555_c010851,3,200.69467163085935,410.4183654785156,268.86090087890625,479.3919982910156,0.0012960673775523
tile_r019555_c010851,3,101.9369125366211,186.3323211669922,161.18051147460938,271.6671447753906,0.0012954329140484
tile_r019555_c010851,3,256.240478515625,505.34912109375,329.62457275390625,513.1311645507812,0.0012904271716251
tile_r019555_c010851,3,199.9747772216797,514.9485473632812,251.17257690429688,524.1387939453125,0.0012865002499893
tile_r019555_c010851,3,81.8221206665039,512.1520385742188,169.82254028320312,524.5426635742188,0.0012827280443161
tile_r019555_c010851,3,194.51528930664065,463.2789001464844,230.601806640625,489.0415954589844,0.0012821484124287
tile_r019555_c010851,3,55.856239318847656,-7.195988655090332,120.71656799316406,10.77204704284668,0.0012706533307209
tile_r019555_c010851,3,149.91702270507812,430.8871154785156,175.59329223632812,454.5054626464844,0.0012549249222502
tile_r019555_c010851,3,294.7963256835937,520.4488525390625,359.9195861816406,524.7999877929688,0.0012367689050734
tile_r019555_c010851,3,128.8108367919922,72.38961791992188,185.2782287597656,126.5019302368164,0.0012349142925813
tile_r019555_c010851,3,200.1194610595703,500.5105590820313,245.5152130126953,513.3499755859375,0.0012160103069618
tile_r019555_c010851,3,193.0561065673828,465.9482421875,225.248291015625,492.6431579589844,0.0012021930888295
tile_r019555_c010851,3,54.395355224609375,-12.800000190734863,134.50985717773438,3.4833664894104004,0.0012015840038657
tile_r019555_c010851,3,283.29620361328125,514.9150390625,349.47491455078125,524.2630004882812,0.0011957472888752
tile_r019555_c010851,3,437.17181396484375,32.2628173828125,500.9978942871094,99.37564849853516,0.001187985879369
tile_r019555_c010851,3,288.8833923339844,504.7355346679688,356.05810546875,513.6174926757812,0.0011814079480245
tile_r019555_c010851,3,0.711163341999054,209.8183135986328,68.52558135986328,275.1170349121094,0.0011790189892053
tile_r019555_c010851,3,456.7506713867188,520.5540161132812,523.5900268554688,524.7999877929688,0.0011763098882511
tile_r019555_c010851,3,173.38851928710938,521.1785888671875,239.4927673339844,524.7999877929688,0.0011728280223906
tile_r019555_c010851,3,64.42396545410156,518.8056640625,132.09188842773438,524.7999877929688,0.0011667251819744
tile_r019555_c010851,3,360.5347595214844,124.4990005493164,433.16064453125,195.83297729492188,0.0011610515648499
tile_r019555_c010851,3,68.4141616821289,58.52180099487305,130.4439239501953,121.528564453125,0.0011568150948733
tile_r019555_c010851,3,105.9690170288086,-12.800000190734863,186.8745880126953,0.592419445514679,0.0011528779286891
tile_r019555_c010851,3,104.08903503417967,181.87640380859372,162.3873291015625,239.31723022460935,0.0011520336847752
tile_r019555_c010851,3,149.78262329101562,520.2488403320312,214.08804321289065,524.7999877929688,0.0011514796642586
tile_r019555_c010851,3,252.9505615234375,502.546875,327.76580810546875,513.3726806640625,0.0011501832632347
tile_r019555_c010851,3,144.38388061523438,-12.800000190734863,216.80712890625,1.675654649734497,0.0011443397961556
tile_r019555_c010851,3,17.335723876953125,310.9183044433594,89.09786987304688,384.00042724609375,0.001142039312981
tile_r019555_c010851,3,427.3971557617188,-12.68574333190918,509.7057495117188,0.648999035358429,0.0011366864200681
tile_r019555_c010851,3,160.62168884277344,56.6366081237793,180.9779357910156,76.13056945800781,0.0011280063772574
tile_r019555_c010851,3,146.49337768554688,514.9727783203125,208.4791717529297,524.7762451171875,0.0011133367661386
tile_r019555_c010851,3,22.619800567626957,518.8966064453125,91.2156219482422,524.7999877929688,0.0011109149781987
tile_r019555_c010851,3,233.7090301513672,512.5943603515625,323.732666015625,522.5478515625,0.0011090672342106
tile_r019555_c010851,3,274.938232421875,520.3908081054688,342.171142578125,524.7999877929688,0.0011055760551244
tile_r019555_c010851,3,320.46026611328125,520.7450561523438,380.8843383789063,524.7999877929688,0.0010925516253337
tile_r019555_c010851,3,3.386474609375,-1.3220977783203125,69.41617584228516,12.951321601867676,0.001089846715331
tile_r019555_c010851,3,42.876747131347656,519.3386840820312,108.9507064819336,524.7999877929688,0.0010860220063477
tile_r019555_c010851,3,87.89935302734375,502.3338317871094,161.35629272460938,514.5531616210938,0.0010762397432699
tile_r019555_c010851,3,210.6309051513672,518.4407348632812,284.25079345703125,524.7999877929688,0.0010727557819336
tile_r019555_c010851,3,430.52099609375,520.21240234375,497.40478515625,524.7999877929688,0.0010655969381332
tile_r019555_c010851,3,365.5701293945313,520.91455078125,431.0453186035156,524.7999877929688,0.0010588236618787
tile_r019555_c010851,3,20.199604034423828,250.6368408203125,41.24869537353516,270.42144775390625,0.0010574097977951
tile_r019555_c010851,3,68.6656265258789,197.4322204589844,83.07954406738281,208.072998046875,0.0010567572899162
tile_r019555_c010851,3,61.01871490478516,183.8895721435547,91.9900360107422,219.34616088867188,0.0010495021706447
tile_r019555_c010851,3,249.5078125,520.6653442382812,322.136962890625,524.7999877929688,0.0010437776800245
tile_r019555_c010851,3,133.0988006591797,93.1028823852539,180.45431518554688,136.02383422851562,0.0010437568416818
tile_r019555_c010851,3,459.6907348632813,-5.986951351165772,510.6239318847656,15.213293075561523,0.0010182089172303
tile_r019555_c010851,3,338.6363220214844,1.898852586746216,449.8680725097656,118.8887176513672,0.0010134681360796
tile_r019555_c011107,3,431.96392822265625,257.95025634765625,495.730712890625,321.66119384765625,0.8369145393371582
tile_r019555_c011107,3,337.4882202148437,407.7195434570313,383.90618896484375,455.380859375,0.8079556822776794
tile_r019555_c011107,3,359.0043029785156,130.5005645751953,414.3946228027344,179.4196014404297,0.8002259731292725
tile_r019555_c011107,3,295.06317138671875,6.998101711273193,349.22637939453125,52.36922454833984,0.7943674921989441
tile_r019555_c011107,3,306.71075439453125,208.0731506347656,349.87115478515625,250.9970703125,0.7916012406349182
tile_r019555_c011107,3,383.6514892578125,217.397705078125,433.0192260742188,258.14947509765625,0.7448111176490784
tile_r019555_c011107,3,96.2304229736328,433.0001525878906,142.0046844482422,473.79827880859375,0.7429215312004089
tile_r019555_c011107,3,188.82034301757807,40.7175407409668,234.90054321289065,86.50566101074219,0.7299131155014038
tile_r019555_c011107,3,44.20638275146485,368.85888671875,74.97135162353516,399.31689453125,0.7256438136100769
tile_r019555_c011107,3,449.9671936035156,360.0650939941406,501.4246215820313,402.1515502929688,0.7074751853942871
tile_r019555_c011107,3,1.8146454095840452,328.6355895996094,32.64683532714844,363.30950927734375,0.6510822176933289
tile_r019555_c011107,3,419.9930725097656,436.613037109375,453.4592895507813,466.2632446289063,0.5464780330657959
tile_r019555_c011107,3,440.2242126464844,356.0519104003906,503.9292907714844,406.1734924316406,0.1623384356498718
tile_r019555_c011107,3,-0.5380157232284546,321.1344299316406,34.863746643066406,364.6358947753906,0.0723965391516685
tile_r019555_c011107,3,423.4860229492188,439.6170043945313,451.8729553222656,463.5716857910156,0.0289756786078214
tile_r019555_c011107,3,191.6759033203125,46.707557678222656,229.3228759765625,84.00914001464844,0.0214345268905162
tile_r019555_c011107,3,1.1574798822402954,311.937255859375,30.492721557617188,366.4405212402344,0.0184606611728668
tile_r019555_c011107,3,185.87631225585935,35.506492614746094,239.90933227539065,91.4289093017578,0.0167419649660587
tile_r019555_c011107,3,1.412200927734375,311.0923767089844,13.075326919555664,340.93719482421875,0.012768380343914
tile_r019555_c011107,3,303.3628845214844,203.96945190429688,354.5682678222656,256.2406921386719,0.0112744057551026
tile_r019555_c011107,3,386.0623168945313,219.8281707763672,426.21923828125,253.248779296875,0.0109683629125356
tile_r019555_c011107,3,434.95892333984375,258.754638671875,487.99615478515625,312.156982421875,0.009697145782411
tile_r019555_c011107,3,425.339111328125,304.8043212890625,450.3816833496094,326.5560913085937,0.0095267537981271
tile_r019555_c011107,3,357.7371520996094,501.5509643554688,429.514404296875,513.1947021484375,0.0067376303486526
tile_r019555_c011107,3,415.8751831054688,432.7860412597656,456.6509704589844,472.3631896972656,0.0063024680130183
tile_r019555_c011107,3,380.19091796875,211.5880889892578,438.4274291992188,263.72772216796875,0.0051203146576881
tile_r019555_c011107,3,89.9625015258789,427.97802734375,147.16610717773438,483.7247009277344,0.0049086329527199
tile_r019555_c011107,3,355.41436767578125,124.2233428955078,420.4992065429688,185.84469604492188,0.003921456169337
tile_r019555_c011107,3,39.92387771606445,365.65478515625,78.80411529541016,402.6349182128906,0.0038360257167369
tile_r019555_c011107,3,-10.117692947387695,308.1656188964844,39.420745849609375,371.2889709472656,0.0035480202641338
tile_r019555_c011107,3,372.4855651855469,501.92626953125,438.3296813964844,513.8097534179688,0.0034351544454693
tile_r019555_c011107,3,332.5851135253906,398.6790161132813,388.7527770996094,461.1294860839844,0.0033108708448708
tile_r019555_c011107,3,354.32135009765625,514.1146240234375,415.9617309570313,523.47265625,0.0030966470949351
tile_r019555_c011107,3,286.9798889160156,1.273101806640625,329.76287841796875,14.427526473999023,0.0029825635720044
tile_r019555_c011107,3,1.7280762195587158,316.83056640625,24.1566104888916,361.82037353515625,0.0027168721426278
tile_r019555_c011107,3,347.81298828125,502.0330200195313,416.5264587402344,513.3001708984375,0.0025351932272315
tile_r019555_c011107,3,279.5445861816406,-4.222073554992676,345.18902587890625,7.507348537445068,0.0025182792451232
tile_r019555_c011107,3,279.54913330078125,-4.348883152008057,330.57257080078125,5.609954833984375,0.0024998222943395
tile_r019555_c011107,3,310.7025756835937,210.7823181152344,345.2021484375,247.7782745361328,0.0024328308645635
tile_r019555_c011107,3,436.0084838867188,348.6708068847656,507.81298828125,416.0221557617188,0.0022144513204693
tile_r019555_c011107,3,343.275146484375,510.2684631347656,435.8515625,521.9608154296875,0.0021977287251502
tile_r019555_c011107,3,-10.088678359985352,521.6343994140625,52.313514709472656,524.7999877929688,0.0021076048724353
tile_r019555_c011107,3,83.44583892822266,519.9576416015625,146.11050415039062,524.7999877929688,0.0021059897262603
tile_r019555_c011107,3,368.9125671386719,513.6146850585938,435.9303588867188,523.3797607421875,0.002015903359279
tile_r019555_c011107,3,410.1519470214844,426.72705078125,459.4693298339844,479.9009704589844,0.0019965360406786
tile_r019555_c011107,3,440.7922973632813,265.7503967285156,493.1258850097656,318.71484375,0.001944676390849
tile_r019555_c011107,3,49.575828552246094,372.1408081054688,75.3813247680664,397.3243103027344,0.0019436752190813
tile_r019555_c011107,3,265.81317138671875,521.6505126953125,328.55438232421875,524.7999877929688,0.0019252928905189
tile_r019555_c011107,3,279.33270263671875,-0.0382934585213661,319.17987060546875,13.248245239257812,0.0019185652490705
tile_r019555_c011107,3,377.2249450683594,498.5934448242188,446.9173278808594,513.6930541992188,0.0019012033008038
tile_r019555_c011107,3,-5.927752494812012,520.9425048828125,59.59529495239258,524.7999877929688,0.001884150551632
tile_r019555_c011107,3,203.96780395507807,518.6708984375,271.4670715332031,524.7999877929688,0.0017888831207528
tile_r019555_c011107,3,-1.5803954601287842,502.9130859375,66.55355072021484,513.3433837890625,0.001775030628778
tile_r019555_c011107,3,77.25054931640625,520.9160766601562,139.96414184570312,524.7999877929688,0.0017090394394472
tile_r019555_c011107,3,329.90802001953125,395.17767333984375,398.8220825195313,469.9129333496094,0.0016860017785802
tile_r019555_c011107,3,44.8317756652832,372.0993041992188,69.51164245605469,397.1956176757813,0.001657796674408
tile_r019555_c011107,3,135.89816284179688,0.1842681914567947,173.3736572265625,17.886035919189453,0.0016446124063804
tile_r019555_c011107,3,457.7461853027344,522.8436279296875,523.4830932617188,524.7999877929688,0.0016109325224533
tile_r019555_c011107,3,284.9755859375,1.839691162109375,355.13592529296875,64.47586059570312,0.0016084831440821
tile_r019555_c011107,3,335.548828125,520.4776611328125,410.3424682617188,524.7999877929688,0.0015983293997123
tile_r019555_c011107,3,255.83273315429688,-12.613896369934082,330.32940673828125,1.2355575561523438,0.0015959714073687
tile_r019555_c011107,3,179.92507934570312,30.026586532592773,246.2158966064453,97.95068359375,0.0015746895223855
tile_r019555_c011107,3,1.141668677330017,303.945556640625,39.2824592590332,363.10198974609375,0.0015440424904227
tile_r019555_c011107,3,89.3575668334961,520.9954833984375,151.10391235351562,524.7999877929688,0.001494973199442
tile_r019555_c011107,3,216.0704803466797,519.5313110351562,281.5531005859375,524.7999877929688,0.001461453619413
tile_r019555_c011107,3,278.3985290527344,521.4641723632812,338.65576171875,524.7999877929688,0.0014544387813657
tile_r019555_c011107,3,323.2771911621094,519.9425048828125,398.35546875,524.7999877929688,0.0014346594689413
tile_r019555_c011107,3,379.04388427734375,512.9854736328125,449.448974609375,523.95361328125,0.0014278275193646
tile_r019555_c011107,3,513.3992919921875,327.88720703125,524.0134887695312,406.42041015625,0.0013880347833037
tile_r019555_c011107,3,354.2185974121094,522.6609497070312,427.8944396972656,524.7999877929688,0.0013826563954353
tile_r019555_c011107,3,99.2275619506836,436.8809509277344,137.3208770751953,471.1965942382813,0.0013694996014237
tile_r019555_c011107,3,188.64602661132807,460.2764587402344,215.9837646484375,492.8553771972656,0.0013523476663976
tile_r019555_c011107,3,451.83447265625,516.4060668945312,507.4596557617188,524.2218017578125,0.0013498327462002
tile_r019555_c011107,3,191.372314453125,519.0999145507812,259.45068359375,524.7999877929688,0.0013261984568089
tile_r019555_c011107,3,296.6634216308594,11.098889350891112,342.5067749023437,46.29131317138672,0.0013218845706433
tile_r019555_c011107,3,92.9870376586914,500.8928833007813,156.20703125,514.0098876953125,0.0013129314174875
tile_r019555_c011107,3,251.1703338623047,520.9395751953125,317.5853881835937,524.7999877929688,0.0013107348931953
tile_r019555_c011107,3,377.372802734375,502.6438598632813,451.0397033691406,513.0313720703125,0.0013086056569591
tile_r019555_c011107,3,51.702919006347656,24.213232040405277,111.4686050415039,85.0987548828125,0.0012863078154623
tile_r019555_c011107,3,-3.078251600265503,317.3717346191406,47.93081665039063,374.07757568359375,0.0012856954708695
tile_r019555_c011107,3,339.7899475097656,514.8591918945312,397.3871154785156,524.5753784179688,0.0012838836992159
tile_r019555_c011107,3,397.3409118652344,514.62451171875,466.7352600097656,524.6680908203125,0.0012772930786013
tile_r019555_c011107,3,443.96685791015625,512.9625244140625,522.506591796875,523.7523803710938,0.0012772742193192
tile_r019555_c011107,3,357.33599853515625,488.6412963867188,440.4373474121094,513.3414916992188,0.0012704826658591
tile_r019555_c011107,3,7.752044677734375,515.2532958984375,66.89781188964844,523.8137817382812,0.00127004168462
tile_r019555_c011107,3,16.26318359375,504.7487182617188,89.90556335449219,513.1911010742188,0.001246974687092
tile_r019555_c011107,3,424.7077026367188,251.1278381347656,504.6349487304688,330.52459716796875,0.0012375306105241
tile_r019555_c011107,3,401.57568359375,418.1403198242188,463.2688598632813,474.4501037597656,0.0012229379499331
tile_r019555_c011107,3,15.793020248413086,515.0426025390625,79.342529296875,523.9627685546875,0.0012129130773246
tile_r019555_c011107,3,443.7369079589844,516.0828857421875,495.4996032714844,524.4813232421875,0.0012105659116059
tile_r019555_c011107,3,448.1179809570313,522.3753051757812,514.806640625,524.7999877929688,0.0012010106584057
tile_r019555_c011107,3,1.457025170326233,311.8727722167969,15.742324829101562,334.6307373046875,0.0011981632560491
tile_r019555_c011107,3,314.1195678710937,520.623779296875,375.41204833984375,524.7999877929688,0.0011818554485216
tile_r019555_c011107,3,268.51239013671875,503.3056640625,338.5601806640625,515.3795776367188,0.0011768814874812
tile_r019555_c011107,3,466.3839721679688,504.6842651367188,513.6466674804688,513.1485595703125,0.0011704581556841
tile_r019555_c011107,3,229.17691040039065,520.4065551757812,294.4384155273437,524.7999877929688,0.0011565550230443
tile_r019555_c011107,3,325.45037841796875,-12.706883430480955,409.0567321777344,1.1541900634765625,0.0011511851334944
tile_r019555_c011107,3,353.2098693847656,503.7543029785156,424.8834838867188,514.302734375,0.0011438542278483
tile_r019555_c011107,3,428.1918029785156,515.6798095703125,482.5376892089844,524.7346801757812,0.0011379382340237
tile_r019555_c011107,3,330.1030578613281,1.5081360340118408,380.4716491699219,14.489941596984863,0.0011160860303789
tile_r019555_c011107,3,173.37014770507812,519.9179077148438,240.9434051513672,524.7999877929688,0.0011114252265542
tile_r019555_c011107,3,274.4029235839844,-0.3324638307094574,312.28009033203125,12.747552871704102,0.0011032562470063
tile_r019555_c011107,3,103.79408264160156,124.0555191040039,178.15768432617188,196.34780883789065,0.0010811450192704
tile_r019555_c011107,3,201.97903442382807,514.7117309570312,296.0805358886719,524.67236328125,0.0010795029811561
tile_r019555_c011107,3,-0.0930847153067588,521.4769897460938,70.82640075683594,524.7999877929688,0.0010488459374755
tile_r019555_c011107,3,82.6020278930664,-0.3700683712959289,197.6919860839844,121.34588623046876,0.0010449178516864
tile_r019555_c011107,3,320.70220947265625,-4.181878566741943,389.9649963378906,5.508395195007324,0.0010316475527361
tile_r019555_c011107,3,513.2467651367188,312.0888366699219,524.4776611328125,387.8635559082031,0.0010292282095178
tile_r019555_c011107,3,26.654455184936523,514.8226318359375,93.1274871826172,524.3035278320312,0.0010143994586542
tile_r019555_c011107,3,-3.995779514312744,293.2254943847656,2.857417345046997,348.08575439453125,0.0010046676034107
tile_r019555_c011363,3,175.3433074951172,257.69586181640625,238.8447723388672,322.4534912109375,0.8285167813301086
tile_r019555_c011363,3,81.19752502441406,407.5409240722656,128.05813598632812,455.5036010742188,0.8050839304924011
tile_r019555_c011363,3,450.9607543945313,163.67333984375,509.3251953125,223.0122985839844,0.7985737323760986
tile_r019555_c011363,3,102.7548828125,130.128173828125,158.5526885986328,179.5693359375,0.7945413589477539
tile_r019555_c011363,3,38.6268424987793,6.639630317687988,93.39837646484376,52.52817535400391,0.7908190488815308
tile_r019555_c011363,3,50.386756896972656,207.66488647460935,94.33287048339844,251.543701171875,0.7595599293708801
tile_r019555_c011363,3,412.9620971679688,0.016082763671875,460.6951293945313,37.29152297973633,0.7422640919685364
tile_r019555_c011363,3,127.5160675048828,217.262939453125,177.1182098388672,258.2958374023437,0.7401823997497559
tile_r019555_c011363,3,194.6189727783203,360.4335021972656,245.6183319091797,402.1607971191406,0.7097793817520142
tile_r019555_c011363,3,471.7060546875,232.6780548095703,512.8958740234375,274.1483154296875,0.585273802280426
tile_r019555_c011363,3,450.7572326660156,260.44921875,489.0718688964844,295.80010986328125,0.5804728865623474
tile_r019555_c011363,3,164.0892333984375,436.6433715820313,197.56021118164065,466.2991333007813,0.5316622257232666
tile_r019555_c011363,3,184.6107482910156,356.60821533203125,247.62841796875,406.0030822753906,0.1005341857671737
tile_r019555_c011363,3,167.55557250976562,439.50042724609375,196.0305938720703,463.6746520996094,0.0245336852967739
tile_r019555_c011363,3,289.4608154296875,500.47412109375,328.22369384765625,512.64404296875,0.0194904133677482
tile_r019555_c011363,3,449.1513671875,254.64340209960935,497.5779418945313,297.2620544433594,0.0172024797648191
tile_r019555_c011363,3,178.88095092773438,258.8692932128906,232.03890991210935,312.4796447753906,0.0138048268854618
tile_r019555_c011363,3,453.5475463867188,230.5516662597656,513.9403076171875,295.96697998046875,0.0129150375723838
tile_r019555_c011363,3,333.1377868652344,-4.965904235839844,379.0591430664063,7.37570333480835,0.0100737400352954
tile_r019555_c011363,3,129.91293334960938,219.7325134277344,170.3016357421875,253.4092712402344,0.0099425381049513
tile_r019555_c011363,3,169.2520294189453,304.45806884765625,194.7496795654297,326.7251281738281,0.0083413738757371
tile_r019555_c011363,3,284.20318603515625,497.4791870117188,342.7091369628906,514.9602661132812,0.0082197515293955
tile_r019555_c011363,3,463.69085693359375,225.0251922607422,515.715087890625,286.56622314453125,0.0081867519766092
tile_r019555_c011363,3,336.0126953125,0.024426270276308,380.4248046875,14.192148208618164,0.0078605618327856
tile_r019555_c011363,3,101.96842956542967,501.3088989257813,173.35537719726562,513.2059326171875,0.0068493904545903
tile_r019555_c011363,3,415.3800659179688,3.639599561691284,453.6027221679688,35.32240676879883,0.0057444917038083
tile_r019555_c011363,3,262.1728820800781,450.0408325195313,287.91485595703125,477.7063598632813,0.0054345354437828
tile_r019555_c011363,3,124.0318832397461,211.24301147460935,182.60903930664065,263.9927673339844,0.0052424138411879
tile_r019555_c011363,3,159.8067169189453,432.6295776367188,200.9486541748047,472.4421997070313,0.0049011502414941
tile_r019555_c011363,3,99.03499603271484,123.5155792236328,164.84849548339844,186.2262725830078,0.0041658841073513
tile_r019555_c011363,3,44.77120208740234,199.7849578857422,101.4131317138672,259.6185913085937,0.0041296239942312
tile_r019555_c011363,3,446.7122192382813,155.6951141357422,517.2396240234375,228.915771484375,0.0038571404293179
tile_r019555_c011363,3,467.2178649902344,0.253610223531723,494.4651489257813,12.329800605773926,0.0036543596070259
tile_r019555_c011363,3,116.31608581542967,501.8772583007813,182.129638671875,513.8893432617188,0.0035968394950032
tile_r019555_c011363,3,77.28038024902344,401.7140197753906,133.94992065429688,463.6856994628906,0.0034312340430915
tile_r019555_c011363,3,467.1622924804688,-5.119187831878662,500.8767700195313,7.139936923980713,0.0031523187644779
tile_r019555_c011363,3,98.6657257080078,514.1380004882812,159.77392578125,523.4830932617188,0.0030062503647059
tile_r019555_c011363,3,262.8602905273437,448.2548828125,294.52459716796875,481.5557556152344,0.0028222759719938
tile_r019555_c011363,3,277.6615905761719,489.4909057617188,339.7426452636719,513.1715698242188,0.0027938743587583
tile_r019555_c011363,3,31.002197265625,1.376428246498108,74.08702087402344,14.639352798461914,0.002590139163658
tile_r019555_c011363,3,284.6783752441406,493.7804565429688,358.3223571777344,515.5265502929688,0.002563098212704
tile_r019555_c011363,3,23.476978302001957,-4.284461975097656,89.41156005859375,7.463627815246582,0.0025502063799649
tile_r019555_c011363,3,91.8528060913086,501.8658142089844,160.3842010498047,513.3333740234375,0.0025430528912693
tile_r019555_c011363,3,223.5039978027344,504.7720642089844,285.4615173339844,513.1052856445312,0.0025270646438002
tile_r019555_c011363,3,261.9088439941406,496.9503784179688,326.33551025390625,513.4915771484375,0.0023760793264955
tile_r019555_c011363,3,279.5442199707031,513.1001586914062,336.2030944824219,522.7191162109375,0.002339452272281
tile_r019555_c011363,3,259.47857666015625,514.523193359375,317.9943542480469,523.8134155273438,0.0022978573106229
tile_r019555_c011363,3,341.834716796875,-0.0670311003923416,404.1194763183594,14.089444160461426,0.0022821396123617
tile_r019555_c011363,3,24.02170181274414,-4.226660251617432,75.07353210449219,5.516919136047363,0.0022674126084893
tile_r019555_c011363,3,271.0589294433594,513.7625732421875,328.5953674316406,523.0917358398438,0.0022417425643652
tile_r019555_c011363,3,453.0950317382813,261.5599060058594,483.6722717285156,292.181884765625,0.0022394240368157
tile_r019555_c011363,3,87.27904510498047,510.314208984375,179.48974609375,522.1475830078125,0.0021054297685623
tile_r019555_c011363,3,323.90496826171875,-12.800000190734863,392.4437561035156,1.937344312667847,0.0020931062754243
tile_r019555_c011363,3,120.93293762207033,498.5309448242188,190.4545135498047,513.8176879882812,0.0020374136511236
tile_r019555_c011363,3,254.795166015625,511.7941284179688,342.25347900390625,516.68994140625,0.0020021877717226
tile_r019555_c011363,3,154.05526733398438,426.29638671875,203.8446350097656,479.9911193847656,0.0020009845029562
tile_r019555_c011363,3,113.0302276611328,513.5877685546875,179.7437286376953,523.3751220703125,0.001975025748834
tile_r019555_c011363,3,401.9864196777344,-12.800000190734863,471.8421020507813,49.75771331787109,0.001960523892194
tile_r019555_c011363,3,250.4283142089844,522.0599365234375,322.2574157714844,524.7999877929688,0.0019388094078749
tile_r019555_c011363,3,240.70291137695312,515.0040283203125,303.0473327636719,524.2565307617188,0.0019170236773788
tile_r019555_c011363,3,446.5884704589844,-12.800000190734863,513.5697021484375,1.7076492309570312,0.0019077438628301
tile_r019555_c011363,3,332.6166076660156,-5.646887302398682,392.4090881347656,6.653841972351074,0.0018514548428356
tile_r019555_c011363,3,225.84878540039065,514.6808471679688,288.61187744140625,524.1520385742188,0.001827414962463
tile_r019555_c011363,3,272.27294921875,501.3495178222656,333.1233825683594,513.6490478515625,0.0018064161995425
tile_r019555_c011363,3,426.2889709472656,1.113122582435608,462.09033203125,29.925189971923828,0.001746712019667
tile_r019555_c011363,3,184.68441772460935,265.932373046875,236.7823181152344,318.9984436035156,0.001730881165713
tile_r019555_c011363,3,73.45394134521484,394.9920959472656,143.03407287597656,470.1665954589844,0.0016773709794506
tile_r019555_c011363,3,9.089548110961914,521.4827270507812,71.9321060180664,524.7999877929688,0.001669057062827
tile_r019555_c011363,3,54.5723876953125,210.3378448486328,89.50407409667969,248.04995727539065,0.0016448221867904
tile_r019555_c011363,3,214.2484893798828,515.0572509765625,275.3821716308594,523.8724365234375,0.0016404094640165
tile_r019555_c011363,3,79.9434814453125,520.6116943359375,153.7611083984375,524.7999877929688,0.0016255001537501
tile_r019555_c011363,3,26.64031982421875,0.978491187095642,99.4633331298828,64.94083404541016,0.0015962335746735
tile_r019555_c011363,3,284.26336669921875,511.7318420410156,347.42303466796875,523.4351806640625,0.0015923953615128
tile_r019555_c011363,3,40.34610748291016,10.7080078125,86.87440490722656,46.44132232666016,0.0015215773601084
tile_r019555_c011363,3,23.38866806030273,0.1425048857927322,63.69343185424805,13.619186401367188,0.0015061429003253
tile_r019555_c011363,3,205.3435516357422,515.7314453125,262.8641052246094,524.0679931640625,0.001480710459873
tile_r019555_c011363,3,266.3414001464844,521.7755737304688,338.20574951171875,524.7999877929688,0.0014678954612463
tile_r019555_c011363,3,98.1265640258789,522.72802734375,171.4209442138672,524.7999877929688,0.0014333266299217
tile_r019555_c011363,3,472.6608276367188,238.78347778320312,508.3997192382813,271.39703369140625,0.0014328620163723
tile_r019555_c011363,3,453.1978149414063,-4.87640905380249,498.0327758789063,6.816454887390137,0.0014125265879556
tile_r019555_c011363,3,333.916015625,-12.800000190734863,414.8341369628906,1.116363525390625,0.0013893982395529
tile_r019555_c011363,3,389.2925415039063,518.5504760742188,459.0323791503906,524.7999877929688,0.0013880109181627
tile_r019555_c011363,3,249.17208862304688,511.4334106445313,336.2657470703125,518.3972778320312,0.0013851150870323
tile_r019555_c011363,3,455.0974731445313,259.97039794921875,496.4234313964844,292.6366271972656,0.0013823562767356
tile_r019555_c011363,3,122.8156967163086,512.9043579101562,193.0807342529297,523.931396484375,0.0013727085897698
tile_r019555_c011363,3,281.6361389160156,500.29833984375,349.5850524902344,512.9815673828125,0.0013613863848149
tile_r019555_c011363,3,471.0513610839844,-0.0271385200321674,504.2267456054688,12.94616413116455,0.0013579173246398
tile_r019555_c011363,3,21.422840118408203,521.3619384765625,82.54417419433594,524.7999877929688,0.0013087652623653
tile_r019555_c011363,3,457.6936950683594,266.4061584472656,489.202880859375,292.2586975097656,0.0012990470277145
tile_r019555_c011363,3,341.57891845703125,519.6198120117188,407.4793395996094,524.7999877929688,0.0012975402642041
tile_r019555_c011363,3,401.736328125,518.4093627929688,470.3619079589844,524.7999877929688,0.0012958371080458
tile_r019555_c011363,3,168.20285034179688,250.41259765625,246.51950073242188,329.0316467285156,0.0012936514103785
tile_r019555_c011363,3,67.18428039550781,519.8927001953125,142.0443115234375,524.7999877929688,0.0012915214756503
tile_r019555_c011363,3,99.84765625,488.63372802734375,185.3002471923828,513.5789794921875,0.00127959321253
tile_r019555_c011363,3,3.516552686691284,-12.392743110656738,80.30120849609375,1.0172913074493408,0.0012740192469209
tile_r019555_c011363,3,140.3775177001953,514.5709838867188,209.2832794189453,524.5836791992188,0.0012676470214501
tile_r019555_c011363,3,-2.976171970367432,520.6683349609375,60.77240753173828,524.7999877929688,0.0012590554542839
tile_r019555_c011363,3,199.7463836669922,516.2323608398438,251.2057647705078,524.3607177734375,0.0012569136451929
tile_r019555_c011363,3,353.56707763671875,-12.702224731445312,433.5608520507813,0.0384353622794151,0.0012537892907857
tile_r019555_c011363,3,461.9618225097656,0.5552398562431335,490.6744995117188,12.642831802368164,0.0012454428942874
tile_r019555_c011363,3,201.20376586914065,522.7099609375,272.91900634765625,524.7999877929688,0.0012327096192166
tile_r019555_c011363,3,353.1961975097656,519.6358642578125,421.969482421875,524.7999877929688,0.0012298902729526
tile_r019555_c011363,3,121.6199188232422,502.58538818359375,194.3277282714844,513.0269165039062,0.0012210109271109
tile_r019555_c011363,3,376.77044677734375,518.921875,446.7062072753906,524.7999877929688,0.0012169518740847
tile_r019555_c011363,3,200.72866821289065,365.47662353515625,242.7707061767578,398.8544921875,0.0012015153188258
tile_r019555_c011363,3,414.7523498535156,518.7383422851562,483.6776428222656,524.7999877929688,0.0011901339748874
tile_r019555_c011363,3,287.2660827636719,512.1954345703125,364.6442260742188,524.4500122070312,0.0011868643341585
tile_r019555_c011363,3,364.8083801269531,519.416015625,433.9064331054688,524.7999877929688,0.0011622736928984
tile_r019555_c011363,3,203.7046356201172,509.8779296875,294.5519104003906,522.0543212890625,0.0011547710746526
tile_r019555_c011363,3,211.7652282714844,504.3919982910156,275.8995666503906,513.2454833984375,0.0011486428556963
tile_r019555_c011363,3,241.4966278076172,511.79827880859375,328.5037536621094,521.0953369140625,0.0011468579759821
tile_r019555_c011363,3,171.21287536621094,515.6226196289062,224.5070343017578,524.7999877929688,0.0011220258893445
tile_r019555_c011363,3,245.2671813964844,448.7247924804688,380.2862243652344,515.5451049804688,0.0011217191349714
tile_r019555_c011363,3,84.17515563964844,514.8410034179688,141.99392700195312,524.6502075195312,0.0011044528800994
tile_r019555_c011363,3,11.994400024414062,502.8223571777344,81.81895446777344,515.6546020507812,0.001096437103115
tile_r019555_c011363,3,206.1015167236328,522.0216064453125,279.4217224121094,524.7999877929688,0.0010962308151647
tile_r019555_c011363,3,426.8021545410156,519.1607666015625,495.9714965820313,524.7999877929688,0.0010930179851129
tile_r019555_c011363,3,513.8041381835938,123.9961166381836,524.062744140625,193.27243041992188,0.0010817296570166
tile_r019555_c011363,3,189.3576202392578,516.0885620117188,240.5000457763672,524.6881713867188,0.0010812712134793
tile_r019555_c011363,3,96.9427490234375,503.74896240234375,169.40872192382812,514.4923095703125,0.001075153471902
tile_r019555_c011363,3,142.6262969970703,417.5437622070313,207.7161407470703,474.6880798339844,0.0010636309161782
tile_r019555_c011363,3,363.5328674316406,0.334310919046402,407.5401916503906,12.705114364624023,0.0010409564711153
tile_r019555_c011363,3,-12.800000190734863,521.0394287109375,48.02266311645508,524.7999877929688,0.0010395501740276
tile_r019555_c011363,3,69.0689468383789,-12.6749267578125,153.12179565429688,1.1450790166854858,0.0010183927370235
tile_r019555_c011363,3,296.5729064941406,512.7464599609375,403.9881286621094,524.7999877929688,0.0010165441781282
tile_r019555_c011363,3,286.6425170898437,491.98779296875,332.88787841796875,513.7869262695312,0.0010120377410203
tile_r019555_c011619,3,194.161376953125,164.26596069335938,252.9756317138672,222.4928741455078,0.8046866655349731
tile_r019555_c011619,3,276.3734436035156,322.40606689453125,331.5260314941406,376.6587524414063,0.784498929977417
tile_r019555_c011619,3,157.0180206298828,0.0770965591073036,204.60092163085935,37.178340911865234,0.7426241636276245
tile_r019555_c011619,3,275.66082763671875,418.9172973632813,330.33416748046875,466.7091674804688,0.7275356650352478
tile_r019555_c011619,3,402.7455139160156,257.5882263183594,455.0750122070313,298.416259765625,0.7033562660217285
tile_r019555_c011619,3,266.5814819335937,-1.8978087902069087,311.192626953125,31.62346839904785,0.6198812127113342
tile_r019555_c011619,3,194.42562866210935,259.6629333496094,235.202392578125,295.85028076171875,0.5590165257453918
tile_r019555_c011619,3,213.9507293701172,227.0503845214844,281.031494140625,276.43603515625,0.5319107174873352
tile_r019555_c011619,3,482.1683654785156,395.2486267089844,514.24609375,441.6978454589844,0.3013172447681427
tile_r019555_c011619,3,4.9065351486206055,448.8626098632813,33.54176712036133,477.77685546875,0.1646375209093094
tile_r019555_c011619,3,212.87973022460935,233.54086303710935,267.05377197265625,274.9825744628906,0.1005015671253204
tile_r019555_c011619,3,3.030555725097656,446.94036865234375,38.28776931762695,481.0548400878906,0.0866531804203987
tile_r019555_c011619,3,198.285400390625,225.35302734375,285.0613708496094,295.4275817871094,0.0537163987755775
tile_r019555_c011619,3,260.03680419921875,-1.918206810951233,316.4501037597656,37.73054122924805,0.0435897521674633
tile_r019555_c011619,3,33.218589782714844,500.2173767089844,70.95445251464844,512.5968017578125,0.0327653959393501
tile_r019555_c011619,3,190.93832397460935,243.340087890625,245.078369140625,298.9661560058594,0.0168950296938419
tile_r019555_c011619,3,475.8897399902344,391.71783447265625,515.7706298828125,448.49554443359375,0.0149583937600255
tile_r019555_c011619,3,395.2147216796875,251.1229553222656,461.4674682617188,305.4327697753906,0.0148114850744605
tile_r019555_c011619,3,28.57357215881348,496.76507568359375,84.38648986816406,514.7974243164062,0.0131802260875701
tile_r019555_c011619,3,191.9388732910156,253.3041534423828,237.8187561035156,300.3045349121094,0.0124579695984721
tile_r019555_c011619,3,77.47042083740234,-4.90659236907959,122.98524475097656,7.287640571594238,0.0104884589090943
tile_r019555_c011619,3,80.28998565673828,0.0324859619140625,124.3868179321289,14.141616821289062,0.008410396054387
tile_r019555_c011619,3,409.7923889160156,262.14031982421875,451.9569396972656,295.3792419433594,0.0065636122599244
tile_r019555_c011619,3,204.23959350585935,220.1962890625,286.45672607421875,282.17254638671875,0.0060825017280876
tile_r019555_c011619,3,159.44418334960938,3.694703578948975,197.6203155517578,35.26318359375,0.0053467466495931
tile_r019555_c011619,3,190.1350555419922,155.0084991455078,261.1983337402344,229.3561553955078,0.0048839477822184
tile_r019555_c011619,3,24.42559814453125,489.747802734375,78.5695571899414,513.055419921875,0.0048288325779139
tile_r019555_c011619,3,271.3494567871094,409.4308471679688,339.3954162597656,472.3955078125,0.0046128877438604
tile_r019555_c011619,3,-0.7266601324081421,443.59375,43.3618392944336,486.9240112304688,0.0041129831224679
tile_r019555_c011619,3,506.67279052734375,382.6490783691406,523.880126953125,447.499755859375,0.0040185675024986
tile_r019555_c011619,3,464.41900634765625,384.835205078125,517.4337158203125,449.4581604003906,0.0034241143148392
tile_r019555_c011619,3,11.268725395202637,496.7449340820313,70.21745300292969,513.3400268554688,0.0033749521244317
tile_r019555_c011619,3,352.34814453125,502.1752014160156,414.628662109375,513.1663818359375,0.0031964916270226
tile_r019555_c011619,3,484.3741760253906,402.2677612304688,511.9417419433594,439.3790893554688,0.0028568287380039
tile_r019555_c011619,3,210.6899871826172,-0.0699752792716026,235.2134246826172,12.15503978729248,0.0026202381122857
tile_r019555_c011619,3,-0.842877209186554,511.8536071777344,84.97886657714844,516.34326171875,0.0025017170701175
tile_r019555_c011619,3,15.487543106079102,514.0294189453125,72.49913787841797,522.9503784179688,0.0024688332341611
tile_r019555_c011619,3,28.075794219970703,491.9390258789063,98.94123840332033,515.598876953125,0.0023838048800826
tile_r019555_c011619,3,339.54693603515625,522.5690307617188,408.7727966308594,524.7999877929688,0.0023650841321796
tile_r019555_c011619,3,85.80474090576172,-0.0552330017089843,148.34536743164062,14.128933906555176,0.0023406222462654
tile_r019555_c011619,3,18.617603302001957,500.7682495117188,76.7893295288086,513.7633056640625,0.0023135254159569
tile_r019555_c011619,3,23.342361450195312,512.6580200195312,79.5906753540039,522.5499877929688,0.0022960542701184
tile_r019555_c011619,3,68.79054260253906,-12.800000190734863,136.6610107421875,1.924871802330017,0.0022754853125661
tile_r019555_c011619,3,-3.3511962890625,521.8707885742188,67.68476104736328,524.7999877929688,0.0020857308991253
tile_r019555_c011619,3,76.81620788574219,-5.638586521148682,136.45034790039062,6.569262504577637,0.002033069031313
tile_r019555_c011619,3,252.3507080078125,-7.504864692687988,326.59332275390625,51.628456115722656,0.0019459030590951
tile_r019555_c011619,3,170.6099090576172,1.1503784656524658,206.0813446044922,29.835357666015625,0.0019397110445424
tile_r019555_c011619,3,196.9931182861328,261.1763610839844,229.08755493164065,292.5575256347656,0.0019269152544438
tile_r019555_c011619,3,-6.592376708984375,511.3004455566406,79.5643539428711,517.9657592773438,0.0019221095135435
tile_r019555_c011619,3,145.3197784423828,-12.800000190734863,216.52261352539065,49.8770866394043,0.0018896618857979
tile_r019555_c011619,3,6.336724758148193,515.0440063476562,63.137672424316406,523.9785766601562,0.0018699772190302
tile_r019555_c011619,3,211.13134765625,-5.2746405601501465,239.8705139160156,7.212487697601318,0.0017764972290024
tile_r019555_c011619,3,344.29931640625,515.5519409179688,402.9528198242188,523.7310791015625,0.001760387676768
tile_r019555_c011619,3,322.03546142578125,522.3617553710938,396.6753845214844,524.7999877929688,0.0017298285383731
tile_r019555_c011619,3,200.81930541992188,265.6385803222656,235.3268280029297,292.3658142089844,0.0017233209218829
tile_r019555_c011619,3,358.7328186035156,501.3291015625,422.7274475097656,514.2072143554688,0.00169290357735
tile_r019555_c011619,3,360.0712280273437,514.5801391601562,424.7921752929688,523.7945556640625,0.0016676678787916
tile_r019555_c011619,3,393.145263671875,244.6485290527344,466.1502380371094,315.40447998046875,0.0016247134190052
tile_r019555_c011619,3,371.8016662597656,515.0499267578125,439.71533203125,524.2633056640625,0.0016041182680055
tile_r019555_c011619,3,327.9331970214844,512.3594970703125,417.30859375,523.3564453125,0.0015535592101514
tile_r019555_c011619,3,-9.247332572937012,511.9064331054688,72.52347564697266,520.6394653320312,0.0015526585048064
tile_r019555_c011619,3,520.0110473632812,376.9615173339844,524.611328125,441.4380798339844,0.0015445851022377
tile_r019555_c011619,3,10.519018173217772,521.8364868164062,81.1863784790039,524.7999877929688,0.0015413631917908
tile_r019555_c011619,3,256.3087463378906,-12.800000190734863,316.5999450683594,29.76273536682129,0.0015210472047328
tile_r019555_c011619,3,-3.5881896018981934,443.42236328125,70.51338195800781,506.4081115722656,0.0015147704398259
tile_r019555_c011619,3,133.36904907226562,518.6236572265625,202.7913360595703,524.7999877929688,0.0015016733668744
tile_r019555_c011619,3,77.96200561523438,-12.800000190734863,159.2332000732422,1.1282196044921875,0.001461217761971
tile_r019555_c011619,3,229.05813598632807,232.1056365966797,283.1723937988281,271.27252197265625,0.0014380298089236
tile_r019555_c011619,3,191.4605255126953,-12.800000190734863,254.15969848632807,1.7003021240234375,0.0014313617721199
tile_r019555_c011619,3,451.2352600097656,522.0960693359375,518.37451171875,524.7999877929688,0.0014310639817267
tile_r019555_c011619,3,152.1280059814453,518.4309692382812,220.79080200195312,524.7999877929688,0.0014271872350946
tile_r019555_c011619,3,30.227275848388672,493.5504760742188,74.49242401123047,513.3108520507812,0.001426632865332
tile_r019555_c011619,3,27.672155380249023,510.0548706054688,90.5045928955078,523.2258911132812,0.0014153448864817
tile_r019555_c011619,3,240.7268524169922,522.1570434570312,301.4969787597656,524.7999877929688,0.0014150126371532
tile_r019555_c011619,3,350.88116455078125,514.7733154296875,412.8186645507813,523.5052490234375,0.0014078664826229
tile_r019555_c011619,3,445.4362182617188,515.2474365234375,512.7889404296875,524.6217041015625,0.0013763562310487
tile_r019555_c011619,3,0.2774154543876648,432.40283203125,40.8140983581543,484.2217712402344,0.0013604427222162
tile_r019555_c011619,3,223.563232421875,418.8739318847656,273.4759216308594,478.9632873535156,0.0013601396931335
tile_r019555_c011619,3,335.6656799316406,502.4837036132813,399.38330078125,513.2008666992188,0.0013423828640952
tile_r019555_c011619,3,387.1687622070313,515.029052734375,454.69775390625,524.6509399414062,0.0013355815317481
tile_r019555_c011619,3,97.4979476928711,-12.674911499023438,177.6588897705078,0.069549560546875,0.0013277087127789
tile_r019555_c011619,3,446.8977661132813,499.7634887695313,514.3063354492188,514.0929565429688,0.001305537065491
tile_r019555_c011619,3,163.791015625,518.5452270507812,232.9887237548828,524.7999877929688,0.0012896814150735
tile_r019555_c011619,3,120.7087631225586,518.94482421875,190.76089477539065,524.7999877929688,0.0012896205298602
tile_r019555_c011619,3,248.78237915039065,499.37017822265625,318.7879333496094,514.1561889648438,0.0012873728992417
tile_r019555_c011619,3,334.9696655273437,516.1090087890625,395.76898193359375,524.2127685546875,0.0012839167611673
tile_r019555_c011619,3,414.4043884277344,515.12353515625,464.70556640625,524.25048828125,0.0012815312948077
tile_r019555_c011619,3,85.97998046875,519.7515869140625,151.9207763671875,524.7999877929688,0.001262538600713
tile_r019555_c011619,3,97.4601593017578,519.6268310546875,165.96322631835938,524.7999877929688,0.0012506167404353
tile_r019555_c011619,3,480.4557495117188,387.7984924316406,523.9754638671875,459.8660583496094,0.0012097107246518
tile_r019555_c011619,3,108.6760482788086,519.3792724609375,177.9273223876953,524.7999877929688,0.0011811677832156
tile_r019555_c011619,3,432.8456115722656,514.6253662109375,492.59521484375,524.5052490234375,0.0011680762981995
tile_r019555_c011619,3,459.5210876464844,516.3197021484375,520.5885009765625,524.5597534179688,0.0011592044029384
tile_r019555_c011619,3,423.8176879882813,514.7892456054688,476.1032104492188,524.34765625,0.0011433004401624
tile_r019555_c011619,3,351.4267578125,486.8395385742188,418.1340942382813,513.7879638671875,0.001141148735769
tile_r019555_c011619,3,465.9654235839844,359.1244506835937,523.0198364257812,450.1505432128906,0.0011188953649252
tile_r019555_c011619,3,29.976490020751957,509.6080017089844,105.8035659790039,524.2974853515625,0.0011169544886797
tile_r019555_c011619,3,190.89382934570312,227.9242248535156,275.3162841796875,308.86669921875,0.0011160887079313
tile_r019555_c011619,3,189.25466918945312,517.8541259765625,257.33599853515625,524.7999877929688,0.0011141670402139
tile_r019555_c011619,3,400.508544921875,501.9217834472656,466.9689025878906,514.0159301757812,0.001112540019676
tile_r019555_c011619,3,-9.409869194030762,520.9830932617188,60.15446090698242,524.7999877929688,0.0010962182423099
tile_r019555_c011619,3,176.5323944091797,518.4283447265625,243.75167846679688,524.7999877929688,0.0010834066197276
tile_r019555_c011619,3,349.898681640625,522.30859375,418.6858825683594,524.7999877929688,0.001077513792552
tile_r019555_c011619,3,323.3063049316406,516.9274291992188,385.26116943359375,524.6705322265625,0.0010734990937635
tile_r019555_c011619,3,442.5907287597656,368.6618041992188,521.98486328125,453.4471740722656,0.0010655579390004
tile_r019555_c011619,3,107.7259292602539,0.3387649655342102,151.91976928710938,12.764387130737305,0.0010545704280957
tile_r019555_c011619,3,204.6875457763672,0.454254150390625,232.4950714111328,12.579876899719238,0.0010432621929794
tile_r019555_c011619,3,361.9752807617188,521.9581298828125,430.4411010742188,524.7999877929688,0.0010406287619844
tile_r019555_c011619,3,155.641357421875,-2.6702942848205566,214.98013305664065,42.55720901489258,0.0010354028781875
tile_r019555_c011619,3,399.19476318359375,521.878173828125,461.6778869628906,524.7999877929688,0.0010236606467515
tile_r019555_c011619,3,225.4748992919922,521.7340087890625,291.90020751953125,524.7999877929688,0.0010216141818091
tile_r019555_c011619,3,195.313232421875,-5.0346198081970215,239.16928100585935,6.933581352233887,0.0010145467240363
tile_r019555_c011619,3,251.5451202392578,521.6103515625,313.3749084472656,524.7999877929688,0.0010020536137744
tile_r019811_c010083,3,416.4410095214844,198.2089385986328,474.3308715820313,251.08627319335935,0.8186301589012146
tile_r019811_c010083,3,90.7554702758789,273.75360107421875,150.0267791748047,328.7279663085937,0.8047255277633667
tile_r019811_c010083,3,396.879638671875,83.04237365722656,442.4517211914063,123.58624267578124,0.7936398386955261
tile_r019811_c010083,3,155.8920135498047,377.3071899414063,193.6425323486328,415.1441955566406,0.7686052918434143
tile_r019811_c010083,3,0.0487609878182411,432.8567504882813,52.156532287597656,480.0768432617188,0.7616506814956665
tile_r019811_c010083,3,436.46337890625,304.9823913574219,495.8073120117188,358.58624267578125,0.7233420610427856
tile_r019811_c010083,3,425.1315307617188,149.72344970703125,460.0309448242188,182.67202758789065,0.7210238575935364
tile_r019811_c010083,3,26.7703857421875,90.4458465576172,58.907691955566406,114.96435546875,0.7197092771530151
tile_r019811_c010083,3,282.6885681152344,122.08650207519533,342.49676513671875,170.9134521484375,0.6881604194641113
tile_r019811_c010083,3,428.9302673339844,415.16748046875,465.6756896972656,455.2139587402344,0.6864970326423645
tile_r019811_c010083,3,357.8379821777344,-1.589532494544983,422.3369140625,40.7917366027832,0.6853014826774597
tile_r019811_c010083,3,4.204592704772949,7.033300876617432,35.96782684326172,35.84564971923828,0.6754492521286011
tile_r019811_c010083,3,38.736289978027344,163.06259155273438,66.28614807128906,189.04380798339844,0.6232291460037231
tile_r019811_c010083,3,470.3828125,471.1429748535156,511.8539123535156,510.6244201660156,0.592534601688385
tile_r019811_c010083,3,433.6810607910156,13.671154975891112,457.1761779785156,37.0124626159668,0.3888064622879028
tile_r019811_c010083,3,463.8824157714844,181.2618103027344,494.7847595214844,210.0087890625,0.3715156018733978
tile_r019811_c010083,3,-0.22406005859375,358.162353515625,27.655841827392575,401.2838439941406,0.2911496162414551
tile_r019811_c010083,3,42.791648864746094,347.7054138183594,70.12736511230469,374.6165466308594,0.2316218018531799
tile_r019811_c010083,3,23.954254150390625,87.4773178100586,61.10315704345703,119.54728698730467,0.1761507093906402
tile_r019811_c010083,3,1.747564673423767,364.7142639160156,25.178874969482425,398.2635803222656,0.1143017262220382
tile_r019811_c010083,3,283.7784118652344,127.9737777709961,330.4639587402344,168.17837524414062,0.1059254333376884
tile_r019811_c010083,3,40.23786544799805,343.9364929199219,75.67671966552734,378.0276184082031,0.0905304327607154
tile_r019811_c010083,3,437.7147521972656,316.17681884765625,482.16162109375,355.5943908691406,0.0795140042901039
tile_r019811_c010083,3,36.333587646484375,160.5028533935547,69.66223907470703,192.8345947265625,0.0747331753373146
tile_r019811_c010083,3,250.50173950195312,-0.916363537311554,289.9935913085937,20.251928329467773,0.0585026107728481
tile_r019811_c010083,3,424.8128967285156,410.6570434570313,470.8919067382813,458.73095703125,0.0508335120975971
tile_r019811_c010083,3,45.93780517578125,500.1316528320313,79.73094177246094,513.060546875,0.0422724559903144
tile_r019811_c010083,3,465.4999084472656,465.4889526367188,516.2833862304688,514.2403564453125,0.0260390434414148
tile_r019811_c010083,3,421.8870239257813,144.67356872558594,462.9879760742188,184.7480316162109,0.0246379412710666
tile_r019811_c010083,3,-2.084643602371216,425.0029296875,56.900352478027344,485.6177673339844,0.0190339405089616
tile_r019811_c010083,3,44.738525390625,501.04779052734375,85.8415298461914,514.4081420898438,0.0184255205094814
tile_r019811_c010083,3,258.8863220214844,503.5711059570313,305.94354248046875,512.6663818359375,0.0151816317811608
tile_r019811_c010083,3,0.048016358166933,4.260735988616943,37.674781799316406,39.08557891845703,0.0149734439328312
tile_r019811_c010083,3,42.9082260131836,499.1219787597656,96.76869201660156,514.1953125,0.0126244379207491
tile_r019811_c010083,3,-10.027191162109377,347.28375244140625,29.037155151367188,405.625244140625,0.0114520294591784
tile_r019811_c010083,3,247.23666381835935,501.7894592285156,307.6717224121094,512.9586791992188,0.0101195443421602
tile_r019811_c010083,3,-1.4123413562774658,352.6318359375,32.22417449951172,407.3722534179688,0.0097087882459163
tile_r019811_c010083,3,457.8883666992188,179.01136779785156,496.3486328125,212.7294464111328,0.0093813585117459
tile_r019811_c010083,3,270.9726867675781,504.4058227539063,304.4910888671875,512.5345458984375,0.0090479543432593
tile_r019811_c010083,3,473.75537109375,474.6565551757813,508.9397583007813,506.7581176757813,0.0088067250326275
tile_r019811_c010083,3,20.74239730834961,497.0787963867188,81.17398834228516,513.4095458984375,0.0076290466822683
tile_r019811_c010083,3,426.9032287597656,151.1028594970703,456.5018615722656,176.53878784179688,0.0068454858846962
tile_r019811_c010083,3,365.0133666992188,129.0738067626953,402.1205139160156,166.1771697998047,0.0067395772784948
tile_r019811_c010083,3,253.0205841064453,-4.779662132263184,294.5434265136719,16.198034286499023,0.0050637545064091
tile_r019811_c010083,3,97.1247787475586,278.0816345214844,145.9671630859375,323.82257080078125,0.0050614243373274
tile_r019811_c010083,3,464.8566284179688,185.2752227783203,489.8658142089844,209.13821411132807,0.0043284678831696
tile_r019811_c010083,3,246.34619140625,-3.2748045921325684,290.6058654785156,26.39024353027344,0.0040732566267251
tile_r019811_c010083,3,430.90325927734375,11.6593017578125,454.3738708496094,34.13457107543945,0.0038709850050508
tile_r019811_c010083,3,258.3755798339844,-0.3558006286621094,306.8524475097656,18.56886863708496,0.0038650890346616
tile_r019811_c010083,3,36.80156707763672,489.1661682128906,93.0556869506836,513.868896484375,0.0038312459364533
tile_r019811_c010083,3,419.3238220214844,141.61471557617188,471.5642700195313,196.4835205078125,0.0037991050630807
tile_r019811_c010083,3,9.089947700500488,511.41796875,85.11073303222656,518.9908447265625,0.0036063676234334
tile_r019811_c010083,3,-4.03633975982666,341.36212158203125,13.371393203735352,403.21630859375,0.0033239678014069
tile_r019811_c010083,3,447.2261657714844,307.072021484375,494.3728637695313,351.1881408691406,0.0031983305234462
tile_r019811_c010083,3,18.814746856689453,83.01602172851562,64.4833755493164,125.3308563232422,0.0031462379265576
tile_r019811_c010083,3,26.184398651123047,92.36976623535156,51.64521408081055,111.96690368652344,0.0029479279182851
tile_r019811_c010083,3,151.6698760986328,373.2138671875,200.8741149902344,419.8402404785156,0.0028819274157285
tile_r019811_c010083,3,32.354488372802734,499.5963745117188,88.61091613769531,515.6466064453125,0.0028790980577468
tile_r019811_c010083,3,39.11995697021485,510.6329040527344,91.40257263183594,522.3807373046875,0.002805887022987
tile_r019811_c010083,3,264.1517944335937,500.9859008789063,315.3138732910156,513.6923217773438,0.0026891860179603
tile_r019811_c010083,3,13.365900039672852,521.7985229492188,76.10807800292969,524.7999877929688,0.0026410636492073
tile_r019811_c010083,3,28.721355438232425,511.1197204589844,84.53565979003906,522.9347534179688,0.0025904753711074
tile_r019811_c010083,3,8.1328125,520.8255615234375,72.65040588378906,524.7999877929688,0.0025877798907458
tile_r019811_c010083,3,33.78194046020508,158.62924194335938,74.06458282470703,200.3959045410156,0.0024961328599601
tile_r019811_c010083,3,21.439014434814453,522.8734130859375,94.72889709472656,524.7999877929688,0.0024133617989718
tile_r019811_c010083,3,33.35211944580078,334.4408569335937,80.80168151855469,379.7088317871094,0.0023559930268675
tile_r019811_c010083,3,445.6233825683594,476.225830078125,519.3902587890625,524.2919311523438,0.0023419421631842
tile_r019811_c010083,3,392.0884704589844,75.46199798583984,449.3536987304688,131.41746520996094,0.0023005283437669
tile_r019811_c010083,3,0.576007068157196,360.48541259765625,19.95699691772461,396.5086975097656,0.0022974975872784
tile_r019811_c010083,3,445.9341430664063,512.8504638671875,520.7081298828125,520.5587158203125,0.002215368207544
tile_r019811_c010083,3,429.6799926757813,520.5833129882812,503.4541931152344,524.7999877929688,0.0020916366484016
tile_r019811_c010083,3,61.81674957275391,515.3377685546875,134.51681518554688,524.3975830078125,0.0020827585831284
tile_r019811_c010083,3,281.87408447265625,115.2584228515625,351.3017272949219,176.46310424804688,0.0020586994942277
tile_r019811_c010083,3,459.9318237304688,175.37710571289062,500.6622924804688,219.00259399414065,0.0019915835000574
tile_r019811_c010083,3,233.1748504638672,514.5661010742188,287.878662109375,523.908203125,0.0019814434926956
tile_r019811_c010083,3,440.6415100097656,502.3136596679688,501.59228515625,513.3863525390625,0.0019677726086229
tile_r019811_c010083,3,432.7767639160156,293.91900634765625,504.0990295410156,367.8989868164063,0.0019346007611602
tile_r019811_c010083,3,43.857398986816406,494.77587890625,116.51206970214844,513.9225463867188,0.001915659289807
tile_r019811_c010083,3,10.63439655303955,512.1212158203125,89.05046081542969,516.6080932617188,0.0019130744040012
tile_r019811_c010083,3,201.9601593017578,520.9957885742188,267.964111328125,524.7999877929688,0.0018987915245816
tile_r019811_c010083,3,508.7747497558594,506.41455078125,524.7999877929688,524.7999877929688,0.0018916586413979
tile_r019811_c010083,3,454.0025024414063,519.9722900390625,523.7647705078125,524.7999877929688,0.0018726403359323
tile_r019811_c010083,3,45.68903732299805,513.02587890625,116.66423034667967,524.13427734375,0.0018579422030597
tile_r019811_c010083,3,451.2776489257813,163.8324737548828,502.5848693847656,210.83822631835935,0.0018537641735747
tile_r019811_c010083,3,48.58918380737305,498.6473693847656,90.8989486694336,512.7526245117188,0.0018458105623722
tile_r019811_c010083,3,72.5911636352539,521.8189697265625,140.4810028076172,524.7999877929688,0.0018425716552883
tile_r019811_c010083,3,86.70377349853516,503.95123291015625,146.86061096191406,513.1734619140625,0.0018183906795457
tile_r019811_c010083,3,148.7659912109375,503.803466796875,202.64340209960935,512.9393310546875,0.0018123732879757
tile_r019811_c010083,3,231.9346618652344,520.2401123046875,302.68817138671875,524.7999877929688,0.0017948501044884
tile_r019811_c010083,3,45.51416015625,351.2053527832031,67.45216369628906,374.6846008300781,0.0017904251581057
tile_r019811_c010083,3,241.018310546875,513.8923950195312,299.12481689453125,523.47412109375,0.001790240057744
tile_r019811_c010083,3,19.66144371032715,514.1046142578125,75.27096557617188,523.9481201171875,0.0017262593610212
tile_r019811_c010083,3,43.318824768066406,512.4119873046875,102.1259307861328,522.9456176757812,0.0017254180274903
tile_r019811_c010083,3,238.4243927001953,-12.800000190734863,295.0321960449219,2.1529541015625,0.0016861228505149
tile_r019811_c010083,3,87.1257553100586,515.716552734375,146.14639282226562,524.0350341796875,0.0016219629906117
tile_r019811_c010083,3,-1.019616723060608,519.5758666992188,69.51863098144531,524.7999877929688,0.0016171802999451
tile_r019811_c010083,3,265.19976806640625,498.8097229003906,333.01373291015625,514.1884155273438,0.0016046437667682
tile_r019811_c010083,3,439.43463134765625,322.5819702148437,472.5935974121094,353.313232421875,0.0016042510978877
tile_r019811_c010083,3,260.8564758300781,513.9241943359375,320.23944091796875,523.1925659179688,0.0015948739601299
tile_r019811_c010083,3,453.03173828125,458.9334106445313,519.3346557617188,516.9793090820312,0.0015816687373444
tile_r019811_c010083,3,259.349853515625,522.1151123046875,322.6727905273437,524.7999877929688,0.0015718177892267
tile_r019811_c010083,3,291.7270202636719,521.4070434570312,356.5784912109375,524.7999877929688,0.0015715849585831
tile_r019811_c010083,3,203.76596069335935,504.0248107910156,269.1026916503906,513.484375,0.001535007962957
tile_r019811_c010083,3,130.03182983398438,521.6652221679688,194.88198852539065,524.7999877929688,0.0015251538716256
tile_r019811_c010083,3,213.27734375,521.1839599609375,280.85272216796875,524.7999877929688,0.001517626340501
tile_r019811_c010083,3,12.702624320983888,9.012677192687988,36.34309768676758,34.52179718017578,0.0015141598414629
tile_r019811_c010083,3,136.48995971679688,520.975830078125,202.2848358154297,524.7999877929688,0.0015061041340231
tile_r019811_c010083,3,250.4557647705078,513.4329223632812,309.90380859375,523.1658935546875,0.0014946308219805
tile_r019811_c010083,3,218.0591735839844,514.8438720703125,278.50048828125,524.3946533203125,0.0014941142871975
tile_r019811_c010083,3,-10.456982612609863,316.7447204589844,40.778602600097656,412.8103637695313,0.0014755227603018
tile_r019811_c010083,3,86.45231628417969,264.1297912597656,158.7009735107422,332.80975341796875,0.0014669492375105
tile_r019811_c010083,3,352.89923095703125,-3.738476514816284,433.8010864257813,48.07562255859375,0.0014607633929699
tile_r019811_c010083,3,153.93692016601562,502.6678771972656,224.6025390625,513.5071411132812,0.0014443271793425
tile_r019811_c010083,3,410.0263671875,520.6141357421875,479.6568298339844,524.7999877929688,0.0014235337730497
tile_r019811_c010083,3,336.89892578125,175.0735626220703,407.46087646484375,267.74908447265625,0.0014135366072878
tile_r019811_c010083,3,230.6591033935547,503.8370056152344,299.7566223144531,513.4456176757812,0.0014130667550489
tile_r019811_c010083,3,115.0249252319336,278.0335388183594,147.919189453125,318.8028869628906,0.0014038266381248
tile_r019811_c010083,3,238.02734375,521.2667846679688,307.2467346191406,524.7999877929688,0.0013920611236244
tile_r019811_c010083,3,427.4554748535156,8.392822265625,464.7488403320313,47.27094650268555,0.0013909366680309
tile_r019811_c010083,3,238.38461303710935,-7.744513511657715,290.0986328125,16.7186222076416,0.0013698055408895
tile_r019811_c010083,3,1.372961401939392,351.59228515625,19.6578369140625,376.13134765625,0.0013502737274393
tile_r019811_c010083,3,403.2014770507813,519.591064453125,470.3561401367188,524.7999877929688,0.0013456944143399
tile_r019811_c010083,3,479.0031127929688,457.84521484375,523.5650634765625,519.9288330078125,0.0013437394518405
tile_r019811_c010083,3,161.9928741455078,504.2496643066406,233.0771026611328,513.4356689453125,0.0013136194320395
tile_r019811_c010083,3,277.175537109375,515.7753295898438,361.751220703125,524.7999877929688,0.0013127769343554
tile_r019811_c010083,3,252.3527374267578,-5.326067924499512,313.1956481933594,17.997730255126953,0.0012961833272129
tile_r019811_c010083,3,415.2792053222656,511.2703247070313,503.9782104492188,522.263671875,0.0012844732264056
tile_r019811_c010083,3,123.22855377197266,522.2033081054688,188.10305786132807,524.7999877929688,0.0012746563879773
tile_r019811_c010083,3,-0.974743664264679,0.4654174745082855,42.49216842651367,32.1807746887207,0.0012700513470917
tile_r019811_c010083,3,206.18539428710935,514.7806396484375,261.491943359375,524.1217651367188,0.0012612662976607
tile_r019811_c010083,3,194.9336395263672,514.8509521484375,248.449462890625,524.0046997070312,0.0012369055766612
tile_r019811_c010083,3,41.381385803222656,484.0232543945313,117.49497985839844,514.5029296875,0.001233963179402
tile_r019811_c010083,3,268.0631408691406,514.6231689453125,334.7011108398437,523.91748046875,0.0012212825240567
tile_r019811_c010083,3,36.77800369262695,522.3396606445312,106.1029815673828,524.7999877929688,0.0012196527095511
tile_r019811_c010083,3,266.52392578125,521.1527099609375,330.1388244628906,524.7999877929688,0.0012189820408821
tile_r019811_c010083,3,101.23893737792967,515.9642333984375,155.9901123046875,524.1192016601562,0.0012179699260741
tile_r019811_c010083,3,376.0419921875,517.927001953125,442.5578002929688,524.7999877929688,0.0012100650928914
tile_r019811_c010083,3,189.6285858154297,521.0339965820312,255.22976684570312,524.7999877929688,0.0012078610016033
tile_r019811_c010083,3,178.82839965820312,514.8052978515625,237.2910919189453,524.2761840820312,0.0012011926155537
tile_r019811_c010083,3,443.0741271972656,515.1901245117188,499.3619995117188,524.7999877929688,0.0011985626770183
tile_r019811_c010083,3,256.49755859375,489.0111389160156,313.8106384277344,512.5538940429688,0.0011949144536629
tile_r019811_c010083,3,310.29644775390625,516.8135986328125,373.3952026367188,524.6193237304688,0.0011919734533876
tile_r019811_c010083,3,464.2356872558594,504.2586059570313,511.4562072753906,512.4763793945312,0.0011887374566867
tile_r019811_c010083,3,234.05160522460935,-7.459373474121094,294.356689453125,35.2842903137207,0.0011849688598886
tile_r019811_c010083,3,300.1407470703125,504.0724182128906,353.22869873046875,513.1639404296875,0.0011847335845232
tile_r019811_c010083,3,189.1099853515625,505.0592651367188,259.8684387207031,513.3411254882812,0.0011811018921434
tile_r019811_c010083,3,513.0333251953125,297.0643310546875,524.0447998046875,374.57269287109375,0.0011724728392437
tile_r019811_c010083,3,228.9598693847656,32.232139587402344,278.62939453125,95.34820556640624,0.0011707062367349
tile_r019811_c010083,3,305.1133728027344,521.9186401367188,367.9259643554688,524.7999877929688,0.0011605141917243
tile_r019811_c010083,3,146.8372039794922,515.5018310546875,201.00308227539065,524.2481079101562,0.0011597449192777
tile_r019811_c010083,3,367.2513122558594,417.6238708496094,431.56146240234375,494.4578552246094,0.0011256502475589
tile_r019811_c010083,3,112.6484603881836,515.9547729492188,169.4021759033203,524.75439453125,0.0011153208324685
tile_r019811_c010083,3,234.7818603515625,509.72216796875,316.7033996582031,519.21435546875,0.001113939913921
tile_r019811_c010083,3,127.42820739746094,515.8839721679688,186.12332153320312,524.7464599609375,0.0011136131361126
tile_r019811_c010083,3,448.7403869628906,502.9969787597656,508.40631103515625,512.5457763671875,0.0011123148724436
tile_r019811_c010083,3,-11.470056533813477,-12.800000190734863,33.93629837036133,-1.984300255775452,0.0010987430578097
tile_r019811_c010083,3,17.869226455688477,513.0506591796875,103.4622573852539,518.6544189453125,0.0010914535960182
tile_r019811_c010083,3,147.8029022216797,520.86962890625,215.4901580810547,524.7999877929688,0.0010876029264181
tile_r019811_c010083,3,156.7960968017578,515.1485595703125,211.6170196533203,523.8753662109375,0.0010801391908898
tile_r019811_c010083,3,360.1673889160156,518.6214599609375,423.9119262695313,524.7999877929688,0.0010723108425736
tile_r019811_c010083,3,215.882568359375,509.9649353027344,304.986328125,522.36669921875,0.0010674853110685
tile_r019811_c010083,3,303.3363647460937,125.13658142089844,326.5802917480469,140.60084533691406,0.001063325908035
tile_r019811_c010083,3,513.226806640625,286.7886962890625,523.947021484375,359.9574890136719,0.0010576883796602
tile_r019811_c010083,3,341.6619567871094,335.90020751953125,476.7928161621094,470.2141723632813,0.0010548612335696
tile_r019811_c010083,3,431.2067260742188,138.1901092529297,504.7053833007813,205.3011474609375,0.0010457882890477
tile_r019811_c010083,3,-9.052221298217772,518.3136596679688,64.0598373413086,524.7999877929688,0.0010413804557174
tile_r019811_c010083,3,-10.644372940063477,-7.053240776062012,45.3244743347168,46.37897491455078,0.0010331002995371
tile_r019811_c010083,3,512.7708129882812,260.5455017089844,524.07177734375,322.9476623535156,0.0010209555039182
tile_r019811_c010083,3,254.5552215576172,-1.8641083240509035,314.87164306640625,27.01509475708008,0.0010207458399236
tile_r019811_c010083,3,424.77349853515625,501.8033142089844,492.433349609375,514.10546875,0.0010162106482312
tile_r019811_c010083,3,172.9007110595703,504.4139709472656,246.92581176757807,513.3968505859375,0.0010084486566483
tile_r019811_c010083,3,-1.2442855834960938,0.8171936273574829,47.82503509521485,44.82829666137695,0.0010081274667754
tile_r019811_c010083,3,512.6814575195312,345.6727905273437,524.4351806640625,414.5005493164063,0.0010029743425548
tile_r019811_c010083,3,292.35504150390625,-12.719802856445312,370.99908447265625,0.426596075296402,0.0010024254443123
tile_r019811_c010339,3,160.52267456054688,198.3080596923828,218.2725067138672,251.1967315673828,0.8158014416694641
tile_r019811_c010339,3,249.697265625,367.974365234375,296.92657470703125,416.7157287597656,0.8138634562492371
tile_r019811_c010339,3,441.0303649902344,462.0437622070313,480.65185546875,499.9400329589844,0.801927924156189
tile_r019811_c010339,3,140.8773956298828,83.03617858886719,186.4376220703125,123.5806655883789,0.7879265546798706
tile_r019811_c010339,3,258.32684326171875,30.947704315185547,304.4532165527344,73.54691314697266,0.7791545987129211
tile_r019811_c010339,3,249.9057159423828,258.92242431640625,301.92144775390625,310.24957275390625,0.7559632062911987
tile_r019811_c010339,3,381.7400817871094,285.4524841308594,427.98150634765625,330.7394104003906,0.7518026828765869
tile_r019811_c010339,3,180.4591522216797,304.76513671875,239.75320434570312,358.44940185546875,0.7179713845252991
tile_r019811_c010339,3,25.89828872680664,121.1694793701172,88.7636947631836,172.261474609375,0.7057163119316101
tile_r019811_c010339,3,169.33645629882812,149.9034423828125,203.6310577392578,182.2422637939453,0.6928310394287109
tile_r019811_c010339,3,101.8065948486328,-1.494378685951233,166.235595703125,40.8324089050293,0.6862992644309998
tile_r019811_c010339,3,172.99948120117188,414.7785034179688,209.50491333007807,454.5964965820313,0.622980535030365
tile_r019811_c010339,3,215.1375732421875,472.2464294433594,258.4129638671875,509.52581787109375,0.5612265467643738
tile_r019811_c010339,3,288.6253356933594,437.0862426757813,315.1324768066406,460.4688415527344,0.319872111082077
tile_r019811_c010339,3,177.7082977294922,13.707608222961426,200.92822265625,36.82915878295898,0.3146541118621826
tile_r019811_c010339,3,208.1673889160156,182.0398712158203,238.6258850097656,209.8333740234375,0.2635505497455597
tile_r019811_c010339,3,211.1553192138672,468.55419921875,264.1473083496094,512.5926513671875,0.1677374839782714
tile_r019811_c010339,3,27.645809173583984,127.48503112792967,74.81888580322266,168.47329711914062,0.1092933788895607
tile_r019811_c010339,3,282.89971923828125,437.4049682617188,315.9629821777344,463.8694458007813,0.0989426523447036
tile_r019811_c010339,3,388.18548583984375,291.65460205078125,426.0680541992188,328.26861572265625,0.0924396365880966
tile_r019811_c010339,3,181.6873016357422,316.3217163085937,225.9437561035156,355.4910583496094,0.0777243077754974
tile_r019811_c010339,3,278.55963134765625,436.7782287597656,317.0384521484375,473.8232421875,0.0539877563714981
tile_r019811_c010339,3,168.80758666992188,410.1083984375,215.0980682373047,458.3262634277344,0.0513148009777069
tile_r019811_c010339,3,292.9649353027344,438.4187622070313,314.48712158203125,458.5431518554688,0.0375489927828311
tile_r019811_c010339,3,0.4243896603584289,-0.3830901980400085,33.66657257080078,21.605987548828125,0.036387849599123
tile_r019811_c010339,3,444.8204956054688,465.4784240722656,477.7081909179688,497.10205078125,0.0295738503336906
tile_r019811_c010339,3,166.0118408203125,144.68020629882812,206.6868133544922,184.1959991455078,0.0238988175988197
tile_r019811_c010339,3,4.984484672546387,502.8165588378906,51.3374252319336,512.7808837890625,0.0135036678984761
tile_r019811_c010339,3,436.3825073242188,458.8340759277344,482.9764709472656,507.2614135742188,0.0122039010748267
tile_r019811_c010339,3,275.75274658203125,434.6117248535156,321.8708801269531,482.3084106445313,0.0109817935153841
tile_r019811_c010339,3,259.7630920410156,262.576904296875,298.5560607910156,305.0453491210937,0.009464768692851
tile_r019811_c010339,3,281.83758544921875,433.9591674804688,319.10089111328125,467.8451232910156,0.0085437735542654
tile_r019811_c010339,3,-1.6795120239257812,-4.854730129241943,37.97239303588867,18.61456298828125,0.0082454234361648
tile_r019811_c010339,3,171.52902221679688,151.24732971191406,198.29714965820312,172.09707641601562,0.0071762157604098
tile_r019811_c010339,3,217.548095703125,475.0160217285156,253.2610321044922,506.0029296875,0.0066661331802606
tile_r019811_c010339,3,201.49526977539065,179.1763458251953,240.1615753173828,213.23580932617188,0.0057555078528821
tile_r019811_c010339,3,254.9903259277344,27.6212158203125,309.6650390625,79.03779602050781,0.0049805846065282
tile_r019811_c010339,3,108.9559326171875,128.6539764404297,146.4274139404297,166.1999053955078,0.0041779167950153
tile_r019811_c010339,3,163.7704315185547,142.0223388671875,215.37545776367188,195.4346618652344,0.0040534543804824
tile_r019811_c010339,3,191.08111572265625,307.26318359375,238.46890258789065,350.7496032714844,0.0038856244646012
tile_r019811_c010339,3,244.85952758789065,361.4263305664063,304.8860778808594,419.878173828125,0.0038776390720158
tile_r019811_c010339,3,376.7669067382813,278.5442810058594,434.4807739257813,336.2006225585937,0.0035622569266706
tile_r019811_c010339,3,289.5802307128906,521.0474853515625,360.4782104492188,524.7999877929688,0.0032942111138254
tile_r019811_c010339,3,174.9354705810547,11.618200302124023,198.244873046875,33.46551513671875,0.0031091796699911
tile_r019811_c010339,3,208.96450805664065,186.1019287109375,233.386962890625,208.8973388671875,0.0030264088418334
tile_r019811_c010339,3,261.8180236816406,34.37163162231445,299.6165466308594,70.417724609375,0.002918827580288
tile_r019811_c010339,3,11.157544136047363,501.4091796875,59.90532302856445,513.6533203125,0.0028417138382792
tile_r019811_c010339,3,452.1936645507813,503.2583923339844,513.1578979492188,513.7431640625,0.0025738875847309
tile_r019811_c010339,3,171.581787109375,152.43338012695312,199.29342651367188,179.5330352783203,0.002307889284566
tile_r019811_c010339,3,173.08154296875,520.7823486328125,244.5694274902344,524.7999877929688,0.002262445166707
tile_r019811_c010339,3,136.01766967773438,75.49956512451172,193.2650909423828,131.34164428710938,0.0022499314509332
tile_r019811_c010339,3,302.67510986328125,503.2077026367188,367.3912353515625,513.3204345703125,0.0022332123480737
tile_r019811_c010339,3,336.51483154296875,503.3268432617188,394.68310546875,513.04443359375,0.0021720125805586
tile_r019811_c010339,3,332.2857360839844,521.5261840820312,400.0188598632813,524.7999877929688,0.00214918050915
tile_r019811_c010339,3,182.47982788085935,502.5188903808594,244.86978149414065,513.416259765625,0.0021168603561818
tile_r019811_c010339,3,430.6055603027344,516.3593139648438,499.8485412597656,523.5863037109375,0.0020320022013038
tile_r019811_c010339,3,-2.8207688331604004,-1.4696868658065796,37.01924514770508,25.951623916625977,0.0020186381880193
tile_r019811_c010339,3,225.2705993652344,516.39501953125,300.03887939453125,524.5906982421875,0.0020022667013108
tile_r019811_c010339,3,1.5605682134628296,444.5402221679688,15.54994773864746,462.5086059570313,0.0019952366128563
tile_r019811_c010339,3,443.40478515625,515.75048828125,506.7009887695313,524.0369262695312,0.0019537226762622
tile_r019811_c010339,3,440.2532348632813,520.4979248046875,513.4635009765625,524.7999877929688,0.0019508592085912
tile_r019811_c010339,3,11.467859268188477,499.2844848632813,76.478271484375,514.2034301757812,0.0019419139716774
tile_r019811_c010339,3,193.7080993652344,164.1117401123047,243.3094787597656,210.0933380126953,0.0019272160716354
tile_r019811_c010339,3,281.5000915527344,512.6505126953125,367.3347778320313,523.1324462890625,0.0018896717811003
tile_r019811_c010339,3,245.4541015625,515.8397216796875,315.7855834960937,524.759033203125,0.0018782502738758
tile_r019811_c010339,3,-8.794690132141113,520.6893920898438,52.28260040283203,524.7999877929688,0.0018402832793071
tile_r019811_c010339,3,189.46792602539065,502.2532348632813,260.8821716308594,524.1393432617188,0.0018218229524791
tile_r019811_c010339,3,276.9198303222656,521.880859375,352.47882080078125,524.7999877929688,0.0018148220842704
tile_r019811_c010339,3,1.000463843345642,-0.909802258014679,54.38288497924805,20.7835750579834,0.0018033235101029
tile_r019811_c010339,3,318.250244140625,502.7376098632813,389.56048583984375,513.3507080078125,0.0017839880893006
tile_r019811_c010339,3,425.7863159179688,457.5680541992188,488.8885803222656,509.6270446777344,0.0017817188054323
tile_r019811_c010339,3,221.8908233642578,520.9196166992188,296.7518005371094,524.7999877929688,0.0017744319047778
tile_r019811_c010339,3,304.33697509765625,515.392578125,364.7032775878906,523.9404296875,0.001767938490957
tile_r019811_c010339,3,183.37876892089844,322.53497314453125,216.528564453125,353.32080078125,0.001729282666929
tile_r019811_c010339,3,413.09521484375,518.9737548828125,480.7008666992188,524.7999877929688,0.0016668536700308
tile_r019811_c010339,3,0.576153576374054,522.1150512695312,68.52323913574219,524.7999877929688,0.0016415875870734
tile_r019811_c010339,3,206.22152709960935,512.9476318359375,297.3515014648437,522.9967041015625,0.0016256293747574
tile_r019811_c010339,3,201.8629150390625,461.8143615722656,270.2882080078125,516.5203857421875,0.0015883105807006
tile_r019811_c010339,3,423.7168884277344,518.0831298828125,497.9268493652344,524.7999877929688,0.0015876597026363
tile_r019811_c010339,3,453.8721618652344,521.4747924804688,521.5994873046875,524.7999877929688,0.0015862181317061
tile_r019811_c010339,3,34.229251861572266,521.4052734375,101.4197998046875,524.7999877929688,0.001577854854986
tile_r019811_c010339,3,436.71875,325.46392822265625,457.0050659179688,346.32037353515625,0.0015715215122327
tile_r019811_c010339,3,186.68359375,515.1822509765625,241.831787109375,524.6553344726562,0.0015561974141746
tile_r019811_c010339,3,454.6734313964844,516.3245239257812,515.8152465820312,524.0819091796875,0.0015495112165808
tile_r019811_c010339,3,348.02984619140625,515.300537109375,410.7788696289063,524.0133056640625,0.0015376339433714
tile_r019811_c010339,3,335.5897827148437,515.0338134765625,399.7911682128906,523.8690185546875,0.0015312655596062
tile_r019811_c010339,3,406.8298950195313,520.0673828125,473.53564453125,524.7999877929688,0.0015264919493347
tile_r019811_c010339,3,153.8514404296875,520.7508544921875,223.93557739257807,524.7999877929688,0.0015112875262275
tile_r019811_c010339,3,323.8490905761719,514.849609375,388.1370849609375,523.7962646484375,0.0014963013818487
tile_r019811_c010339,3,276.0414428710937,428.9019470214844,332.008056640625,488.0941467285156,0.0014865947887301
tile_r019811_c010339,3,243.2489318847656,250.8642578125,310.02752685546875,317.4823303222656,0.0014808012638241
tile_r019811_c010339,3,433.0884704589844,519.0538940429688,510.3175659179688,524.7999877929688,0.0014784497907385
tile_r019811_c010339,3,207.6450653076172,500.402099609375,284.6357421875,524.1377563476562,0.00146921351552
tile_r019811_c010339,3,233.3080596923828,504.3013610839844,297.951416015625,513.6148681640625,0.0014610695652663
tile_r019811_c010339,3,7.411944389343262,514.4832763671875,64.59773254394531,523.0855712890625,0.001458101440221
tile_r019811_c010339,3,96.89871978759766,-3.4706177711486816,177.69131469726562,47.78260040283203,0.0014460338279604
tile_r019811_c010339,3,317.9483337402344,521.5977783203125,390.3106994628906,524.7999877929688,0.0014323858777061
tile_r019811_c010339,3,439.5857543945313,513.4151611328125,518.4050903320312,522.5669555664062,0.0014292451087385
tile_r019811_c010339,3,158.541015625,511.296142578125,246.18179321289065,522.5731811523438,0.0014223441248759
tile_r019811_c010339,3,195.11849975585935,474.2149353027344,274.3954162597656,523.39697265625,0.0014192454982548
tile_r019811_c010339,3,280.7789611816406,439.1007690429688,310.9389038085937,481.3919982910156,0.0013912883587181
tile_r019811_c010339,3,176.23532104492188,162.3980712890625,201.59127807617188,180.7949981689453,0.0013867021771147
tile_r019811_c010339,3,146.8150634765625,519.8436279296875,214.84213256835935,524.7999877929688,0.0013826077338308
tile_r019811_c010339,3,277.7893981933594,515.4386596679688,342.587646484375,524.7619018554688,0.001378646120429
tile_r019811_c010339,3,305.58709716796875,505.2976684570313,379.59912109375,513.1568603515625,0.001370613113977
tile_r019811_c010339,3,329.7728576660156,501.849609375,397.0711059570313,514.0808715820312,0.0013361042365431
tile_r019811_c010339,3,435.0294494628906,502.95068359375,507.1095275878906,513.6895751953125,0.0013318761484697
tile_r019811_c010339,3,260.7723999023437,290.38970947265625,291.8392639160156,307.8471374511719,0.0013037284370511
tile_r019811_c010339,3,119.5622329711914,518.1461181640625,186.8547821044922,524.7999877929688,0.0013029463589191
tile_r019811_c010339,3,261.91668701171875,515.7971801757812,327.56903076171875,524.6634521484375,0.0012903675669804
tile_r019811_c010339,3,139.5034942626953,518.9518432617188,207.6502685546875,524.7999877929688,0.0012669306015595
tile_r019811_c010339,3,19.880956649780277,515.6195068359375,107.0820770263672,524.7999877929688,0.0012659053318202
tile_r019811_c010339,3,171.1043243408203,140.2042236328125,240.53683471679688,202.7533416748047,0.0012557522859424
tile_r019811_c010339,3,347.7318725585937,502.4425659179688,406.6431274414063,513.01171875,0.0012468190398067
tile_r019811_c010339,3,222.1504364013672,503.33782958984375,294.61883544921875,514.443115234375,0.0012437707046046
tile_r019811_c010339,3,53.5810546875,516.6976318359375,118.2185516357422,524.552734375,0.0012421020073816
tile_r019811_c010339,3,188.62710571289065,512.8861083984375,277.05340576171875,520.2968139648438,0.0012293274048715
tile_r019811_c010339,3,300.62286376953125,521.467529296875,371.66845703125,524.7999877929688,0.0012231522705405
tile_r019811_c010339,3,9.497533798217772,521.3866577148438,75.1126937866211,524.7999877929688,0.0012224348029121
tile_r019811_c010339,3,42.19962310791016,504.2322387695313,97.6684341430664,513.3304443359375,0.001207316876389
tile_r019811_c010339,3,422.9415893554688,515.728271484375,490.455078125,523.9342041015625,0.0012037623673677
tile_r019811_c010339,3,48.44370269775391,521.939208984375,112.5946807861328,524.7999877929688,0.00120106106624
tile_r019811_c010339,3,190.9952087402344,503.5086059570313,252.2086944580078,512.59375,0.0011782083893194
tile_r019811_c010339,3,179.1339111328125,294.6300354003906,246.8621826171875,364.7029724121094,0.0011720876209437
tile_r019811_c010339,3,109.11750793457033,518.490234375,174.67770385742188,524.7999877929688,0.0011711702682077
tile_r019811_c010339,3,9.470849990844728,488.3267517089844,60.942848205566406,512.9619140625,0.0011628994252532
tile_r019811_c010339,3,12.780163764953612,514.61376953125,78.7163314819336,523.8018798828125,0.0011497960658743
tile_r019811_c010339,3,108.1357879638672,410.7733459472656,175.42221069335938,495.5477600097656,0.0011420419905334
tile_r019811_c010339,3,438.4502868652344,239.5730438232422,512.2266845703125,340.85137939453125,0.001139111816883
tile_r019811_c010339,3,175.87026977539062,454.6341857910156,272.2881774902344,517.7853393554688,0.0011382912052795
tile_r019811_c010339,3,166.84263610839844,501.8151245117188,237.13754272460935,514.3128051757812,0.001121346373111
tile_r019811_c010339,3,7.958776950836182,-0.7350555658340454,62.74949264526367,18.25296974182129,0.0011206788476556
tile_r019811_c010339,3,417.1640625,515.9135131835938,473.6558532714844,524.429443359375,0.001107653370127
tile_r019811_c010339,3,295.3134155273437,502.04443359375,356.4087219238281,513.3619995117188,0.0011001345701515
tile_r019811_c010339,3,86.14958190917969,334.3471984863281,222.4818572998047,471.33740234375,0.0010888323886319
tile_r019811_c010339,3,191.6527862548828,520.5623779296875,264.40411376953125,524.7999877929688,0.0010880883783102
tile_r019811_c010339,3,-12.290735244750977,-8.223933219909668,38.93963623046875,37.88507843017578,0.0010823275661095
tile_r019811_c010339,3,-4.052746772766113,508.5147399902344,52.33864212036133,520.6409301757812,0.0010807001963257
tile_r019811_c010339,3,235.2577667236328,521.095703125,306.849365234375,524.7999877929688,0.0010703792795538
tile_r019811_c010339,3,405.4051818847656,512.8380126953125,493.2561645507813,522.1838989257812,0.0010605509160086
tile_r019811_c010339,3,45.21663665771485,124.8821258544922,70.91322326660156,141.74722290039062,0.0010603504488244
tile_r019811_c010339,3,202.1799774169922,519.1192626953125,280.822265625,524.7999877929688,0.0010551387676969
tile_r019811_c010339,3,399.5276489257813,298.3798828125,425.8993225097656,326.32550048828125,0.0010541435331106
tile_r019811_c010339,3,80.73402404785156,179.5735626220703,150.97372436523438,270.5639038085937,0.0010417079320177
tile_r019811_c010339,3,253.77212524414065,373.44476318359375,291.277587890625,413.9625549316406,0.0010272684739902
tile_r019811_c010339,3,431.439697265625,267.58807373046875,511.833740234375,360.9844665527344,0.0010241722920909
tile_r019811_c010339,3,297.5184020996094,485.5100708007813,366.2584533691406,513.67724609375,0.0010233159409835
tile_r019811_c010339,3,414.3709106445313,502.828125,481.0337829589844,512.9439697265625,0.0010172305628657
tile_r019811_c010339,3,1.0844604969024658,-2.127357482910156,61.27252197265625,28.649999618530277,0.0010116883786395
tile_r019811_c010595,3,465.21826171875,162.7256317138672,512.5421142578125,206.9590301513672,0.8077501654624939
tile_r019811_c010595,3,185.189697265625,462.0611267089844,224.50308227539065,499.83935546875,0.7987626194953918
tile_r019811_c010595,3,470.6298828125,343.988037109375,514.1760864257812,393.4868774414063,0.7843698263168335
tile_r019811_c010595,3,-1.5604064464569092,367.8458862304688,41.564491271972656,417.1053771972656,0.7828751802444458
tile_r019811_c010595,3,4.261765956878662,30.82696533203125,48.5755729675293,73.58616638183594,0.7694537043571472
tile_r019811_c010595,3,-1.145013451576233,258.4068908691406,46.7568359375,310.6271057128906,0.7587577700614929
tile_r019811_c010595,3,125.84806823730467,285.42010498046875,172.0746307373047,330.7569885253906,0.7528494000434875
tile_r019811_c010595,3,392.3554992675781,374.21435546875,421.8021545410156,406.5069885253906,0.729112446308136
tile_r019811_c010595,3,283.94879150390625,68.1050796508789,332.6074523925781,108.1224365234375,0.726286768913269
tile_r019811_c010595,3,426.381103515625,398.31787109375,452.135498046875,422.65771484375,0.6696805357933044
tile_r019811_c010595,3,371.8912048339844,72.70377349853516,433.5020446777344,146.14486694335938,0.6606725454330444
tile_r019811_c010595,3,359.4269104003906,299.29815673828125,403.10009765625,341.26171875,0.6234591007232666
tile_r019811_c010595,3,320.9549255371094,156.21517944335938,361.60003662109375,195.7773895263672,0.5995152592658997
tile_r019811_c010595,3,319.6852111816406,144.1603546142578,370.8289489746094,196.50979614257807,0.4768875241279602
tile_r019811_c010595,3,274.4560546875,-0.1078552231192588,308.2881774902344,21.671367645263672,0.4074279069900512
tile_r019811_c010595,3,371.9679260253906,-1.3847839832305908,406.7034606933594,19.64218139648437,0.2418776154518127
tile_r019811_c010595,3,362.008544921875,302.7112731933594,396.4017028808594,339.5931091308594,0.2175688296556472
tile_r019811_c010595,3,27.495838165283203,436.995361328125,58.64728927612305,461.1793518066406,0.2175425589084625
tile_r019811_c010595,3,404.1158142089844,170.7247772216797,435.7308654785156,199.16622924804688,0.1840585768222808
tile_r019811_c010595,3,455.5217895507813,212.0810089111328,478.0465698242188,231.5522918701172,0.1829808354377746
tile_r019811_c010595,3,378.9644165039063,82.0608139038086,420.2081604003906,127.31843566894533,0.1682861894369125
tile_r019811_c010595,3,21.554174423217773,436.625,60.6535530090332,476.9990234375,0.1243655830621719
tile_r019811_c010595,3,376.9164733886719,72.59590148925781,428.9930725097656,130.5224151611328,0.1021431684494018
tile_r019811_c010595,3,132.38088989257812,291.9306030273437,169.97901916503906,328.2015991210937,0.093753881752491
tile_r019811_c010595,3,367.6487426757813,-2.4567229747772217,407.1297912597656,24.053577423095703,0.039871409535408
tile_r019811_c010595,3,188.9355316162109,465.4544982910156,221.6496124267578,497.0817260742188,0.0346201285719871
tile_r019811_c010595,3,381.5235900878906,116.5951919555664,417.9309997558594,145.0481719970703,0.0324321202933788
tile_r019811_c010595,3,34.33651351928711,437.9282836914063,57.780067443847656,459.418701171875,0.0309394262731075
tile_r019811_c010595,3,286.1055603027344,71.68046569824219,324.64031982421875,104.9203643798828,0.0247581675648689
tile_r019811_c010595,3,18.74298095703125,434.19342041015625,64.98890686035156,483.8384399414063,0.0235897917300462
tile_r019811_c010595,3,280.103759765625,62.57600021362305,338.4574584960937,113.41023254394533,0.0175922457128763
tile_r019811_c010595,3,25.571239471435547,438.2383728027344,57.64810943603516,468.7770385742188,0.0172351356595754
tile_r019811_c010595,3,2.1158995628356934,263.44635009765625,41.1409912109375,306.87359619140625,0.0149916354566812
tile_r019811_c010595,3,488.3868103027344,43.6845703125,514.87353515625,97.0655746459961,0.0148433092981576
tile_r019811_c010595,3,180.3817596435547,458.8443298339844,226.8761444091797,507.2301635742188,0.0125881554558873
tile_r019811_c010595,3,268.38848876953125,-3.2109618186950684,309.5072326660156,17.17026710510254,0.0117809185758233
tile_r019811_c010595,3,460.7442321777344,158.39175415039062,517.1061401367188,215.5255889892578,0.0105285700410604
tile_r019811_c010595,3,-5.893646240234375,361.8185119628906,48.93893432617188,419.60595703125,0.0082905637100338
tile_r019811_c010595,3,275.48895263671875,1.3652740716934204,302.50701904296875,19.371551513671875,0.0079096453264355
tile_r019811_c010595,3,379.3059997558594,102.5725555419922,419.47662353515625,145.1524200439453,0.007859825156629
tile_r019811_c010595,3,280.5503845214844,498.37689208984375,335.0650329589844,512.9219360351562,0.0071150525473058
tile_r019811_c010595,3,298.02752685546875,501.23931884765625,331.8539123535156,512.7923583984375,0.0062948185950517
tile_r019811_c010595,3,390.2278137207031,73.4562759399414,420.8202209472656,96.33074951171876,0.0062121069058775
tile_r019811_c010595,3,422.58929443359375,394.8512268066406,454.3433227539063,424.66937255859375,0.0053690196946263
tile_r019811_c010595,3,479.80908203125,40.41864013671875,515.3751220703125,99.1195831298828,0.0050631486810743
tile_r019811_c010595,3,366.27740478515625,313.1183166503906,394.95062255859375,338.148193359375,0.0044991914182901
tile_r019811_c010595,3,408.6817932128906,172.99160766601562,434.8472290039063,196.2930603027344,0.0043626367114484
tile_r019811_c010595,3,395.3923950195313,378.0221557617188,418.0261840820313,404.2906188964844,0.0042623574845492
tile_r019811_c010595,3,120.9931869506836,278.6082763671875,178.56564331054688,336.1501159667969,0.0038327840156853
tile_r019811_c010595,3,398.1490173339844,166.35641479492188,439.5486450195313,203.8608856201172,0.0036252266727387
tile_r019811_c010595,3,260.3695983886719,499.13385009765625,329.0660400390625,513.261474609375,0.0035050285514444
tile_r019811_c010595,3,34.43461990356445,521.1925659179688,103.4311065673828,524.7999877929688,0.0034781710710376
tile_r019811_c010595,3,412.1561584472656,441.9872131347656,453.2815551757813,483.4600524902344,0.003430787473917
tile_r019811_c010595,3,377.45697021484375,1.5512511730194092,405.3592224121094,18.23983764648437,0.0034242968540638
tile_r019811_c010595,3,214.6172332763672,502.3431701660156,285.15704345703125,513.017578125,0.0034112418070435
tile_r019811_c010595,3,0.296740710735321,21.68719482421875,52.69049072265625,77.97054290771484,0.0032790952827781
tile_r019811_c010595,3,453.7449340820313,502.96142578125,513.0911865234375,513.005859375,0.0031678969971835
tile_r019811_c010595,3,267.5249328613281,-2.842883348464966,312.1691589355469,26.247034072875977,0.0031275113578885
tile_r019811_c010595,3,269.2228088378906,-1.168391466140747,317.2010192871094,34.89420700073242,0.0030444276053458
tile_r019811_c010595,3,475.0768432617188,350.24591064453125,510.4050903320313,390.2540893554688,0.0028692504856735
tile_r019811_c010595,3,365.5099182128906,67.43220520019531,442.9134216308594,151.9518585205078,0.0027970019727945
tile_r019811_c010595,3,265.0160827636719,513.7171630859375,325.04058837890625,523.8668212890625,0.0027569641824811
tile_r019811_c010595,3,368.1795959472656,-1.023845672607422,403.4317321777344,16.24969482421875,0.0027122870087623
tile_r019811_c010595,3,397.4102478027344,-0.0333793647587299,453.6874084472656,13.69854736328125,0.0025029475800693
tile_r019811_c010595,3,251.8330993652344,513.7880859375,312.32891845703125,524.0791015625,0.0024948569480329
tile_r019811_c010595,3,87.14305114746094,503.1407165527344,143.79722595214844,512.9763793945312,0.0023975507356226
tile_r019811_c010595,3,424.0530395507813,399.4962768554688,445.4583129882813,420.6949157714844,0.0023963968269526
tile_r019811_c010595,3,24.74932289123535,440.10791015625,54.462005615234375,480.5928649902344,0.0023760069161653
tile_r019811_c010595,3,466.6504821777344,337.86248779296875,518.3448486328125,397.6393432617188,0.0023734020069241
tile_r019811_c010595,3,271.0687866210937,522.3536987304688,335.57763671875,524.7999877929688,0.0023549397010356
tile_r019811_c010595,3,76.92753601074219,521.5941162109375,144.0456085205078,524.7999877929688,0.0022705106530338
tile_r019811_c010595,3,202.3091278076172,514.7601318359375,259.498779296875,523.8460693359375,0.0022587638814002
tile_r019811_c010595,3,355.31512451171875,292.06658935546875,411.68115234375,347.92486572265625,0.0022332686930894
tile_r019811_c010595,3,385.4721374511719,-0.0183258056640625,446.5332946777344,14.563827514648438,0.002227273536846
tile_r019811_c010595,3,228.57388305664065,514.4327392578125,287.6600036621094,523.8485107421875,0.0021716437768191
tile_r019811_c010595,3,384.1764831542969,73.9492416381836,422.2998962402344,122.0489501953125,0.0021617251913994
tile_r019811_c010595,3,212.4378967285156,514.3603515625,275.276611328125,524.0859375,0.0021592047996819
tile_r019811_c010595,3,298.486328125,497.6746520996094,346.77130126953125,513.5118408203125,0.0021560613531619
tile_r019811_c010595,3,239.6808624267578,514.01025390625,299.40203857421875,523.9592895507812,0.002152016852051
tile_r019811_c010595,3,476.6528930664063,331.0892639160156,523.8705444335938,397.4866333007813,0.0021511865779757
tile_r019811_c010595,3,353.1484375,-12.800000190734863,414.00537109375,5.48837423324585,0.0021443122532218
tile_r019811_c010595,3,175.45639038085938,516.4408569335938,243.5311584472656,523.5693969726562,0.0021420330740511
tile_r019811_c010595,3,420.4658203125,384.3844604492188,456.0894470214844,423.9685668945313,0.0020804696250706
tile_r019811_c010595,3,47.56756591796875,503.3233337402344,110.72166442871094,513.2102661132812,0.00207483721897
tile_r019811_c010595,3,255.446044921875,521.2702026367188,329.7052307128906,524.7999877929688,0.0020484933629631
tile_r019811_c010595,3,448.8417053222656,207.7001190185547,480.03369140625,236.6273193359375,0.0020448635332286
tile_r019811_c010595,3,494.234375,323.79425048828125,511.1232299804688,342.6804504394531,0.0020409012213349
tile_r019811_c010595,3,364.2838439941406,-5.2524895668029785,405.3377380371094,16.220348358154297,0.0019691253546625
tile_r019811_c010595,3,441.2854614257813,499.114990234375,508.2736206054688,513.1822509765625,0.0019395429408177
tile_r019811_c010595,3,355.0819702148437,-5.15106201171875,411.984619140625,29.3879508972168,0.0019236258231103
tile_r019811_c010595,3,191.96829223632807,515.2215576171875,248.6898651123047,523.8905029296875,0.0019142047967761
tile_r019811_c010595,3,394.89501953125,74.86506652832031,419.6471557617188,94.5814437866211,0.0019109479617327
tile_r019811_c010595,3,183.7116241455078,520.2791748046875,258.55535888671875,524.7999877929688,0.0019035853911191
tile_r019811_c010595,3,157.4857940673828,519.1141357421875,225.9564514160156,524.7999877929688,0.001875678426586
tile_r019811_c010595,3,286.9111633300781,501.5178833007813,339.7230834960937,514.0534057617188,0.0018719950458034
tile_r019811_c010595,3,179.2501983642578,325.4231262207031,199.74197387695312,346.16534423828125,0.0018608024111017
tile_r019811_c010595,3,26.019725799560547,512.84033203125,110.63431549072266,523.1761474609375,0.0018559899181127
tile_r019811_c010595,3,167.56875610351562,518.0573120117188,242.9966735839844,524.7999877929688,0.0018395520746707
tile_r019811_c010595,3,72.54888916015625,502.9649353027344,135.70753479003906,513.0985107421875,0.0018364341231063
tile_r019811_c010595,3,484.5010681152344,23.3188591003418,517.53662109375,98.82048034667967,0.0018233992159366
tile_r019811_c010595,3,275.7925720214844,513.6256103515625,337.01171875,523.4769287109375,0.0018232283182442
tile_r019811_c010595,3,22.239490509033203,521.9785766601562,95.43408203125,524.7999877929688,0.0018188511021435
tile_r019811_c010595,3,505.0469665527344,29.031482696533203,523.9102783203125,98.80671691894533,0.0018038093112409
tile_r019811_c010595,3,202.2297821044922,501.5711975097656,274.43359375,513.6461791992188,0.0017461476381868
tile_r019811_c010595,3,151.29708862304688,520.21923828125,218.7799072265625,524.7999877929688,0.0017364879604429
tile_r019811_c010595,3,169.47744750976562,457.7765502929688,232.6596221923828,509.7009887695313,0.0017226474592462
tile_r019811_c010595,3,57.39165115356445,515.2047729492188,119.8378448486328,523.8722534179688,0.0017209263751283
tile_r019811_c010595,3,49.34979248046875,515.3739013671875,107.87922668457033,523.96728515625,0.0017188787460327
tile_r019811_c010595,3,176.76025390625,518.8941650390625,254.6759796142578,524.7999877929688,0.0017115762457251
tile_r019811_c010595,3,512.4122924804688,162.76121520996094,524.7810668945312,223.7354431152344,0.0017107005696743
tile_r019811_c010595,3,224.6284637451172,503.38525390625,300.697509765625,513.3702392578125,0.0016970208380371
tile_r019811_c010595,3,-10.468530654907228,353.5784606933594,57.059532165527344,424.4451599121094,0.0016963819507509
tile_r019811_c010595,3,445.11328125,522.1024169921875,515.6551513671875,524.7999877929688,0.0016875353176146
tile_r019811_c010595,3,486.0184020996094,54.29473876953125,513.2412719726562,93.05296325683594,0.0016839193413034
tile_r019811_c010595,3,280.40118408203125,2.661251783370972,308.6058654785156,20.465845108032227,0.0016757134580984
tile_r019811_c010595,3,313.476806640625,137.0682373046875,376.8777770996094,202.38571166992188,0.0016654363134875
tile_r019811_c010595,3,17.757518768310547,427.9645385742188,76.20406341552734,490.8876037597656,0.0016638181405141
tile_r019811_c010595,3,492.648193359375,311.9173278808594,515.192138671875,362.9669494628906,0.0016625687712803
tile_r019811_c010595,3,196.7114715576172,521.1155395507812,269.53302001953125,524.7999877929688,0.0016477948520332
tile_r019811_c010595,3,480.55419921875,415.0047912597656,511.7399291992188,454.2389526367188,0.0016441489569842
tile_r019811_c010595,3,409.9645385742188,520.3927001953125,476.7135620117188,524.7999877929688,0.0016202665865421
tile_r019811_c010595,3,58.52576446533203,504.4853515625,127.84675598144533,513.2032470703125,0.0016184248961508
tile_r019811_c010595,3,469.2805786132813,35.358394622802734,516.7117919921875,109.2191925048828,0.0015918730059638
tile_r019811_c010595,3,62.61518478393555,521.5438842773438,134.70620727539062,524.7999877929688,0.001558800926432
tile_r019811_c010595,3,439.0602416992188,513.998046875,520.0570068359375,522.724609375,0.001542996848002
tile_r019811_c010595,3,93.4762954711914,515.2965087890625,154.75961303710938,523.9427490234375,0.0015332557959482
tile_r019811_c010595,3,20.145000457763672,16.723546981811523,35.01585006713867,29.086315155029297,0.0015274595934897
tile_r019811_c010595,3,68.94770812988281,514.8707885742188,132.0953369140625,523.82275390625,0.001513912458904
tile_r019811_c010595,3,375.5811767578125,-12.800000190734863,456.2005004882813,1.5398651361465454,0.0015022217994555
tile_r019811_c010595,3,244.6287841796875,502.4151306152344,316.1077880859375,513.54345703125,0.0015007434412837
tile_r019811_c010595,3,450.6277465820313,203.0660095214844,485.9593811035156,233.15283203125,0.001493394607678
tile_r019811_c010595,3,81.1806640625,514.9786376953125,143.83084106445312,523.8206176757812,0.0014925166033208
tile_r019811_c010595,3,287.4096069335937,513.2254638671875,349.0238647460937,523.4888305664062,0.0014604644384235
tile_r019811_c010595,3,512.63427734375,362.0101623535156,524.7999877929688,413.1424865722656,0.0014449545415118
tile_r019811_c010595,3,377.8588562011719,-5.111586093902588,446.8961791992188,7.635215759277344,0.0014444207772612
tile_r019811_c010595,3,280.4236755371094,522.0670776367188,347.0824584960937,524.7999877929688,0.0014145014574751
tile_r019811_c010595,3,183.15805053710935,512.3878784179688,272.3356018066406,523.0935668945312,0.0014003529213368
tile_r019811_c010595,3,498.9070739746094,324.1371459960937,511.2488708496094,343.42547607421875,0.0013771848753094
tile_r019811_c010595,3,431.6652221679688,521.7867431640625,504.8359375,524.7999877929688,0.0013770328368991
tile_r019811_c010595,3,490.3599548339844,334.6412658691406,524.15380859375,399.101806640625,0.001373215811327
tile_r019811_c010595,3,449.6726989746094,-12.42283058166504,523.206787109375,1.2887756824493408,0.0013680552365258
tile_r019811_c010595,3,362.130615234375,-12.800000190734863,419.061279296875,11.713177680969238,0.0013657296076416
tile_r019811_c010595,3,285.30010986328125,520.08740234375,353.4911804199219,524.7999877929688,0.0013554146280512
tile_r019811_c010595,3,1.1927353143692017,373.0812072753906,34.86270904541016,414.947021484375,0.001345679629594
tile_r019811_c010595,3,497.0335083007813,320.63836669921875,512.4256591796875,339.0560302734375,0.001342250034213
tile_r019811_c010595,3,331.7950744628906,520.4236450195312,390.320556640625,524.7999877929688,0.0013371692039072
tile_r019811_c010595,3,154.538818359375,513.0704956054688,243.434814453125,522.1580200195312,0.0013177545042708
tile_r019811_c010595,3,379.9884643554688,0.00225830078125,421.62158203125,16.348461151123047,0.0012974797282367
tile_r019811_c010595,3,4.958148002624512,288.64923095703125,36.09431838989258,308.3343811035156,0.00129261740949
tile_r019811_c010595,3,165.38232421875,512.0309448242188,254.271240234375,522.3391723632812,0.0012878861743956
tile_r019811_c010595,3,-10.60504150390625,242.2278594970703,59.65128326416016,318.8207702636719,0.0012828269973397
tile_r019811_c010595,3,261.7135314941406,-12.410799026489258,313.77410888671875,5.517170906066895,0.0012787580490112
tile_r019811_c010595,3,23.977340698242188,515.2437744140625,85.60917663574219,524.7683715820312,0.0012743863044306
tile_r019811_c010595,3,45.298789978027344,521.3889770507812,115.1956558227539,524.7999877929688,0.0012616196181625
tile_r019811_c010595,3,160.9929962158203,516.0067138671875,217.114013671875,524.3751831054688,0.0012580065522342
tile_r019811_c010595,3,236.49072265625,521.0533447265625,310.3460388183594,524.7999877929688,0.0012494868133217
tile_r019811_c010595,3,-12.800000190734863,521.110107421875,43.32238006591797,524.7999877929688,0.0012467525666579
tile_r019811_c010595,3,204.6501922607422,504.187744140625,267.96514892578125,513.2470092773438,0.0012450739741325
tile_r019811_c010595,3,387.7883605957031,-12.709027290344238,467.9606323242188,2.292762756347656,0.0012409797636792
tile_r019811_c010595,3,295.2525329589844,497.9107360839844,333.80712890625,512.3697509765625,0.00123345782049
tile_r019811_c010595,3,279.3743591308594,1.4888213872909546,324.0030822753906,17.925628662109375,0.0012304204283282
tile_r019811_c010595,3,245.1753845214844,511.55712890625,333.02606201171875,522.2288818359375,0.0012107890797778
tile_r019811_c010595,3,179.15911865234375,503.2993774414063,253.401123046875,513.9119873046875,0.0011915494687855
tile_r019811_c010595,3,143.56849670410156,298.3661193847656,169.85977172851562,326.33746337890625,0.0011858287034556
tile_r019811_c010595,3,392.9035034179688,163.42330932617188,447.0462036132813,217.31442260742188,0.0011797723127529
tile_r019811_c010595,3,357.60968017578125,-12.308499336242676,407.6867065429688,9.831677436828612,0.0011640343582257
tile_r019811_c010595,3,353.91815185546875,521.5745849609375,414.701416015625,524.7999877929688,0.0011630944209173
tile_r019811_c010595,3,274.07342529296875,55.15178680419922,344.30535888671875,130.65994262695312,0.0011600251309573
tile_r019811_c010595,3,407.0562438964844,440.8778381347656,455.2003784179688,493.9366149902344,0.0011481308611109
tile_r019811_c010595,3,513.4948120117188,385.22991943359375,524.3258666992188,434.9812622070313,0.0011472284095361
tile_r019811_c010595,3,386.4454040527344,519.834716796875,449.4629821777344,524.7999877929688,0.0011471890611574
tile_r019811_c010595,3,3.0360655784606934,11.575955390930176,54.87793731689453,68.5808334350586,0.001123953028582
tile_r019811_c010595,3,40.55194091796875,502.0655822753906,99.2649154663086,513.2628173828125,0.0011147371260449
tile_r019811_c010595,3,342.9174194335937,521.5859375,402.08148193359375,524.7999877929688,0.0010960982181131
tile_r019811_c010595,3,159.0458984375,503.266357421875,224.7753448486328,513.032470703125,0.0010954389581456
tile_r019811_c010595,3,451.267578125,515.833984375,509.8279418945313,523.9949340820312,0.0010937273036688
tile_r019811_c010595,3,297.7860107421875,514.2630615234375,361.1341552734375,523.9392700195312,0.0010885528754442
tile_r019811_c010595,3,335.06964111328125,-12.445449829101562,412.0348510742188,2.813101291656494,0.0010553513420745
tile_r019811_c010595,3,365.133544921875,-2.714834690093994,427.5907287597656,26.962305068969727,0.0010269230697304
tile_r019811_c010595,3,259.640869140625,486.9840393066406,360.29638671875,514.856201171875,0.0010172291658818
tile_r019811_c010595,3,411.2958984375,363.8849487304688,460.18017578125,417.8802795410156,0.0010118739446625
tile_r019811_c010595,3,313.99871826171875,520.8539428710938,378.16107177734375,524.7999877929688,0.0010088614653795
tile_r019811_c010595,3,510.1211853027344,-12.800000190734863,524.6473388671875,0.4348556399345398,0.0010076017351821
tile_r019811_c010595,3,152.537841796875,515.8524169921875,203.1676788330078,524.5252685546875,0.0010054082376882
tile_r019811_c010851,3,209.289306640625,163.1794891357422,257.51806640625,206.4372100830078,0.8096281886100769
tile_r019811_c010851,3,213.25439453125,334.6337890625,272.32525634765625,395.1309509277344,0.7908937931060791
tile_r019811_c010851,3,247.2649688720703,428.8928833007813,307.6743469238281,489.4918823242188,0.7833844423294067
tile_r019811_c010851,3,339.6312561035156,349.9063415527344,378.888671875,385.29248046875,0.7699775099754333
tile_r019811_c010851,3,352.6763610839844,177.4079132080078,397.49700927734375,217.24282836914065,0.7436339259147644
tile_r019811_c010851,3,136.09445190429688,373.936279296875,166.28988647460938,406.76312255859375,0.7248156070709229
tile_r019811_c010851,3,300.45916748046875,113.1333465576172,330.81640625,143.03662109375,0.7134494781494141
tile_r019811_c010851,3,28.195592880249023,68.85286712646484,75.8763656616211,108.0983428955078,0.7055365443229675
tile_r019811_c010851,3,242.573486328125,60.0458869934082,289.7293395996094,107.6122817993164,0.6858720779418945
tile_r019811_c010851,3,169.9676513671875,398.0645446777344,196.3304901123047,422.8596801757813,0.6710563898086548
tile_r019811_c010851,3,388.5416870117188,482.8015747070313,435.0406188964844,513.4288940429688,0.6616079807281494
tile_r019811_c010851,3,116.33641052246094,73.10896301269531,176.85833740234375,145.8486785888672,0.6486079692840576
tile_r019811_c010851,3,103.8151626586914,299.74249267578125,146.28805541992188,341.1307678222656,0.6467236876487732
tile_r019811_c010851,3,65.02909088134766,156.44711303710938,105.47247314453124,195.7447052001953,0.612232506275177
tile_r019811_c010851,3,355.4403381347656,305.4002380371094,382.922119140625,329.67047119140625,0.567980945110321
tile_r019811_c010851,3,63.83403396606445,144.8420867919922,114.4438934326172,196.3881378173828,0.4487254321575165
tile_r019811_c010851,3,19.3870849609375,0.1274597197771072,51.85562896728516,21.489404678344727,0.407882422208786
tile_r019811_c010851,3,348.8863830566406,281.9112243652344,373.68267822265625,304.70831298828125,0.3711068630218506
tile_r019811_c010851,3,253.0616912841797,75.40321350097656,286.4480285644531,105.47794342041016,0.2886242866516113
tile_r019811_c010851,3,148.20083618164062,170.7544708251953,179.6685028076172,198.90603637695312,0.2725839018821716
tile_r019811_c010851,3,116.2086944580078,-1.3182868957519531,150.66952514648438,19.1134033203125,0.2182962447404861
tile_r019811_c010851,3,123.0886459350586,82.44059753417969,164.20034790039062,127.165771484375,0.1931154280900955
tile_r019811_c010851,3,199.5806579589844,212.24118041992188,221.9747009277344,231.37356567382807,0.1920755058526992
tile_r019811_c010851,3,249.6411590576172,66.97642517089844,287.49176025390625,106.17032623291016,0.1507412493228912
tile_r019811_c010851,3,106.45588684082033,304.569091796875,139.1354217529297,339.09210205078125,0.12317406386137
tile_r019811_c010851,3,121.3693618774414,72.76100158691406,172.7150115966797,129.6536865234375,0.1068471446633338
tile_r019811_c010851,3,110.0548095703125,-4.434982299804688,152.89450073242188,19.66556930541992,0.0426908321678638
tile_r019811_c010851,3,125.64533996582033,116.8258819580078,161.84963989257812,145.0351104736328,0.0377732254564762
tile_r019811_c010851,3,29.81451988220215,71.84968566894531,68.03849792480469,105.02159118652344,0.0348633304238319
tile_r019811_c010851,3,382.9420776367188,475.0302734375,439.69189453125,513.5784912109375,0.0303967986255884
tile_r019811_c010851,3,25.096349716186523,64.5097885131836,80.88360595703125,112.826171875,0.029373025521636
tile_r019811_c010851,3,349.6664123535156,285.247802734375,380.3924865722656,307.85888671875,0.0140579817816615
tile_r019811_c010851,3,347.41998291015625,299.5355834960937,381.5447692871094,325.46881103515625,0.0131492894142866
tile_r019811_c010851,3,139.91189575195312,376.8282775878906,164.65695190429688,404.7374572753906,0.0123143214732408
tile_r019811_c010851,3,334.5738830566406,347.0696105957031,381.783935546875,390.4153442382813,0.0113866422325372
tile_r019811_c010851,3,250.8769073486328,435.2947387695313,300.8865661621094,486.22265625,0.0112348943948745
tile_r019811_c010851,3,236.9674835205078,52.953163146972656,295.31500244140625,111.9124526977539,0.009657735005021
tile_r019811_c010851,3,246.9132537841797,58.86294555664063,278.5878295898437,85.44599914550781,0.0096541969105601
tile_r019811_c010851,3,123.4537353515625,102.7519073486328,163.4337615966797,145.1349639892578,0.0087465494871139
tile_r019811_c010851,3,19.15203285217285,497.70703125,79.33318328857422,513.0314331054688,0.0079220281913876
tile_r019811_c010851,3,204.92056274414065,158.9443817138672,262.69146728515625,214.9185791015625,0.0075086336582899
tile_r019811_c010851,3,32.86528778076172,500.2047424316406,76.454345703125,512.8724365234375,0.0073108784854412
tile_r019811_c010851,3,215.9314422607422,344.47772216796875,264.3178100585937,392.2176818847656,0.0071633923798799
tile_r019811_c010851,3,344.78631591796875,282.7936096191406,378.7865295410156,316.510009765625,0.0067275403998792
tile_r019811_c010851,3,13.376001358032228,-3.135810136795044,54.64315032958984,19.78340530395508,0.0066515454091131
tile_r019811_c010851,3,346.9857788085937,283.6488647460937,370.144287109375,303.31842041015625,0.0065902802161872
tile_r019811_c010851,3,152.75460815429688,173.107421875,178.66647338867188,195.9859161376953,0.0060292743146419
tile_r019811_c010851,3,134.64730834960938,73.55381774902344,164.74105834960938,96.11293029785156,0.0059666400775313
tile_r019811_c010851,3,382.0565490722656,485.35595703125,437.7985229492188,522.0174560546875,0.0058759972453117
tile_r019811_c010851,3,4.526123046875,498.50244140625,72.29150390625,513.2678833007812,0.0058588441461324
tile_r019811_c010851,3,142.2991943359375,166.34786987304688,183.6053009033203,203.2869110107422,0.0058203656226396
tile_r019811_c010851,3,341.87945556640625,353.30206298828125,375.4104919433594,382.0799865722656,0.0057387645356357
tile_r019811_c010851,3,19.8966121673584,1.782809495925903,46.19074249267578,19.32417869567871,0.0053125931881368
tile_r019811_c010851,3,110.27653503417967,313.2331237792969,139.0020751953125,338.21258544921875,0.0051305731758475
tile_r019811_c010851,3,166.49966430664062,394.47943115234375,198.6302490234375,424.754150390625,0.0050784512422978
tile_r019811_c010851,3,344.6344299316406,280.0730285644531,376.5516052246094,307.69976806640625,0.0049030599184334
tile_r019811_c010851,3,295.380859375,110.4078598022461,334.3578186035156,146.29763793945312,0.0048249270766973
tile_r019811_c010851,3,391.56781005859375,486.35345458984375,428.2901916503906,511.780517578125,0.0047395480796694
tile_r019811_c010851,3,43.3536491394043,501.90374755859375,77.83351135253906,513.032470703125,0.0044924668036401
tile_r019811_c010851,3,346.155517578125,171.9507293701172,402.53314208984375,226.7590789794922,0.0035981179680675
tile_r019811_c010851,3,13.938690185546877,-1.057525634765625,61.08549880981445,34.95972442626953,0.0032279675360769
tile_r019811_c010851,3,292.40460205078125,514.126953125,351.23486328125,523.4826049804688,0.0031677053775638
tile_r019811_c010851,3,155.7560577392578,442.3541870117188,197.8126678466797,486.4362182617188,0.0031320939306169
tile_r019811_c010851,3,110.35285949707033,68.35481262207031,186.7640838623047,151.33297729492188,0.0030840542167425
tile_r019811_c010851,3,112.17298889160156,-0.9938507080078124,147.33517456054688,15.72289752960205,0.0029960533138364
tile_r019811_c010851,3,10.121978759765623,514.1236572265625,68.72595977783203,523.7279052734375,0.0028965685050934
tile_r019811_c010851,3,141.7924041748047,0.1094146743416786,198.58859252929688,13.4496431350708,0.0028546005487442
tile_r019811_c010851,3,248.1993865966797,60.042030334472656,269.7419128417969,80.80460357666016,0.0028081801719963
tile_r019811_c010851,3,300.8905944824219,504.2870178222656,373.1613464355469,513.1884765625,0.0027455585077404
tile_r019811_c010851,3,221.46713256835935,337.24530029296875,269.1564025878906,387.3146362304688,0.0027093249373137
tile_r019811_c010851,3,14.677774429321287,522.45166015625,79.52154541015625,524.7999877929688,0.0026498164515942
tile_r019811_c010851,3,25.878795623779297,501.4122009277344,83.00341796875,514.2047729492188,0.0026469796430319
tile_r019811_c010851,3,192.9598693847656,208.5550079345703,223.5652313232422,235.99636840820312,0.0025832767132669
tile_r019811_c010851,3,418.1852416992188,517.3521728515625,486.6241149902344,524.7999877929688,0.0025516112800687
tile_r019811_c010851,3,122.11019134521484,1.8528869152069087,149.31983947753906,18.004955291748047,0.0025472992565482
tile_r019811_c010851,3,129.6289520263672,0.2088287323713302,191.35354614257807,14.242578506469728,0.0024794789496809
tile_r019811_c010851,3,167.97994995117188,399.30419921875,189.78160095214844,420.97119140625,0.0024376774672418
tile_r019811_c010851,3,39.61704254150391,497.5921020507813,93.4252700805664,513.6491088867188,0.002370327245444
tile_r019811_c010851,3,344.05499267578125,285.9796447753906,382.775146484375,331.4896850585937,0.0022181272506713
tile_r019811_c010851,3,162.97476196289062,384.3849487304688,199.740966796875,424.2538146972656,0.0022162778768688
tile_r019811_c010851,3,300.86492919921875,116.3397445678711,325.5832824707031,141.00674438476562,0.0021942995954304
tile_r019811_c010851,3,17.987071990966797,513.6185302734375,80.53929138183594,523.450439453125,0.0021666721440851
tile_r019811_c010851,3,278.7681579589844,512.2374877929688,368.5311584472656,521.7457275390625,0.002163243945688
tile_r019811_c010851,3,-1.4041748046875,521.7124633789062,73.97635650634766,524.7999877929688,0.0021582453045994
tile_r019811_c010851,3,107.6810073852539,-5.32466983795166,149.0712127685547,15.183026313781738,0.0021488778293132
tile_r019811_c010851,3,96.9838638305664,-12.800000190734863,158.328857421875,5.13949728012085,0.0021218997426331
tile_r019811_c010851,3,308.4996032714844,514.0181884765625,371.9580993652344,523.6343994140625,0.0021210145205259
tile_r019811_c010851,3,284.4319763183594,520.3137817382812,356.37322998046875,524.7999877929688,0.0020835436880588
tile_r019811_c010851,3,128.2633514404297,73.99835968017578,166.2523193359375,121.8940658569336,0.0020823068916797
tile_r019811_c010851,3,-0.59466552734375,500.8504943847656,60.32234954833984,513.7039794921875,0.0020808449480682
tile_r019811_c010851,3,257.855712890625,512.1594848632812,351.63836669921875,523.43603515625,0.0020612205844372
tile_r019811_c010851,3,285.2838439941406,503.1622924804688,357.6576232910156,513.5836181640625,0.0020428989082574
tile_r019811_c010851,3,58.73690032958984,136.81051635742188,120.0375747680664,204.6101837158203,0.001966573530808
tile_r019811_c010851,3,322.7731018066406,515.1622314453125,387.7244567871094,524.66943359375,0.0019554556347429
tile_r019811_c010851,3,353.8671875,305.2835388183594,376.6583862304688,327.8546447753906,0.0019338652491569
tile_r019811_c010851,3,99.5153579711914,292.1533508300781,155.37124633789062,347.98907470703125,0.0019162236712872
tile_r019811_c010851,3,24.9019718170166,2.8001708984375,52.311798095703125,20.167404174804688,0.0019055461743846
tile_r019811_c010851,3,353.610595703125,299.50537109375,379.3507385253906,328.18231201171875,0.0018908807542175
tile_r019811_c010851,3,226.01235961914065,510.6983947753906,319.8673400878906,522.4429321289062,0.0018886629259213
tile_r019811_c010851,3,5.163421630859375,514.69189453125,57.69685745239258,523.97900390625,0.001884424011223
tile_r019811_c010851,3,269.3724060058594,514.4010620117188,330.61749267578125,524.0245361328125,0.0018799530807882
tile_r019811_c010851,3,190.36569213867188,502.9073181152344,259.94842529296875,513.0079345703125,0.001787926419638
tile_r019811_c010851,3,211.6627655029297,515.0772094726562,274.5271301269531,524.0994873046875,0.0017803894588723
tile_r019811_c010851,3,14.081506729125977,-3.648416042327881,66.24442291259766,16.539966583251953,0.0017785979434847
tile_r019811_c010851,3,153.6403350830078,520.6930541992188,222.0898895263672,524.7999877929688,0.0017747932579368
tile_r019811_c010851,3,183.9667053222656,500.1898498535156,253.6505889892578,513.34765625,0.0017520781839266
tile_r019811_c010851,3,127.1876983642578,-12.800000190734863,204.7554626464844,1.7453155517578125,0.0017122362041845
tile_r019811_c010851,3,28.244213104248047,513.0093994140625,93.2260971069336,523.5009765625,0.0016781673766672
tile_r019811_c010851,3,237.784423828125,514.2169799804688,304.1292419433594,524.1663818359375,0.0016761060105636
tile_r019811_c010851,3,23.73153305053711,521.8987426757812,92.13291931152344,524.7999877929688,0.0016536933835595
tile_r019811_c010851,3,267.6026611328125,520.3591918945312,346.65362548828125,524.7999877929688,0.0016338899731636
tile_r019811_c010851,3,11.503448486328123,-2.9400970935821533,56.7280502319336,27.17496681213379,0.0016322542214766
tile_r019811_c010851,3,173.7584228515625,-1.2340301275253296,225.5369873046875,13.849908828735352,0.0016276257811114
tile_r019811_c010851,3,359.4462890625,181.87155151367188,395.2683715820313,213.63723754882807,0.0016135351033881
tile_r019811_c010851,3,175.34716796875,521.8863525390625,248.6112823486328,524.7999877929688,0.0016109057469293
tile_r019811_c010851,3,28.829967498779297,520.1473388671875,98.59056091308594,524.7999877929688,0.001596144051291
tile_r019811_c010851,3,353.4056701660156,515.9560546875,417.6971740722656,524.7999877929688,0.0015951222740113
tile_r019811_c010851,3,375.8049926757813,522.5159301757812,443.2576293945313,524.7999877929688,0.0015947836218401
tile_r019811_c010851,3,222.7337188720703,514.8483276367188,290.37823486328125,524.4046020507812,0.0015889988280832
tile_r019811_c010851,3,253.471435546875,514.2674560546875,317.4046325683594,524.0123901367188,0.0015876943944022
tile_r019811_c010851,3,-12.143762588500977,521.1383056640625,55.9819221496582,524.7999877929688,0.0015756553038954
tile_r019811_c010851,3,123.88322448730467,0.0673950165510177,169.8759307861328,16.028406143188477,0.0015667119296267
tile_r019811_c010851,3,305.93408203125,116.0734634399414,331.39276123046875,141.1656951904297,0.0015582324704155
tile_r019811_c010851,3,270.0104064941406,502.84423828125,339.91021728515625,513.5252685546875,0.0015452984953299
tile_r019811_c010851,3,99.3379364013672,-5.530718803405762,155.66854858398438,28.3732967376709,0.0015060410369187
tile_r019811_c010851,3,141.94961547851562,74.6466064453125,163.02003479003906,92.4371109008789,0.0015017763944342
tile_r019811_c010851,3,240.28659057617188,422.56640625,315.8090515136719,495.9299926757813,0.0015007420442998
tile_r019811_c010851,3,81.51664733886719,521.0830688476562,141.4064178466797,524.7999877929688,0.0015000904677435
tile_r019811_c010851,3,204.1957092285156,521.2352294921875,281.3350524902344,524.7999877929688,0.0014960925327613
tile_r019811_c010851,3,436.0029296875,516.8951416015625,506.2971801757813,524.7650146484375,0.0014825833495706
tile_r019811_c010851,3,223.0868225097656,520.6276245117188,299.1532287597656,524.7999877929688,0.0014788573607802
tile_r019811_c010851,3,121.9867172241211,-4.879637241363525,191.3173828125,6.522703647613525,0.0014784454833716
tile_r019811_c010851,3,138.31842041015625,163.80810546875,190.0572204589844,216.2977752685547,0.0014735443983227
tile_r019811_c010851,3,195.19140625,-12.521525382995604,276.71533203125,1.546301245689392,0.0014492424670606
tile_r019811_c010851,3,199.9697265625,502.9807739257813,274.2509765625,513.6731567382812,0.0014290205435827
tile_r019811_c010851,3,-12.800000190734863,510.77630615234375,75.1710205078125,522.6655883789062,0.0014180148718878
tile_r019811_c010851,3,151.19467163085938,443.3829040527344,200.1858367919922,495.6286010742188,0.0014118266990408
tile_r019811_c010851,3,202.1609344482422,515.2229614257812,262.1195373535156,523.8680419921875,0.0014113433426246
tile_r019811_c010851,3,317.4508361816406,503.197509765625,381.411376953125,512.982666015625,0.0014000309165567
tile_r019811_c010851,3,195.6155242919922,155.8857421875,258.45135498046875,221.4818878173828,0.0013994349865242
tile_r019811_c010851,3,181.88656616210935,513.3850708007812,274.630615234375,523.0933837890625,0.0013962592929601
tile_r019811_c010851,3,129.35580444335938,520.18603515625,193.5590057373047,524.7999877929688,0.0013809858355671
tile_r019811_c010851,3,391.667724609375,502.2671508789063,462.17669677734375,524.7999877929688,0.0013768222415819
tile_r019811_c010851,3,229.5283660888672,502.0924682617188,306.8082580566406,513.650390625,0.001375819556415
tile_r019811_c010851,3,417.867919921875,522.42626953125,486.329345703125,524.7999877929688,0.0013319567078724
tile_r019811_c010851,3,97.4357452392578,521.6153564453125,159.63485717773438,524.7999877929688,0.0013225444126874
tile_r019811_c010851,3,106.92326354980467,-12.800000190734863,162.96365356445312,10.181775093078612,0.0012779860990121
tile_r019811_c010851,3,302.1463317871094,520.0827026367188,374.56585693359375,524.7999877929688,0.0012701529776677
tile_r019811_c010851,3,415.0563354492188,18.9725341796875,475.8946228027344,71.97010803222656,0.001264501363039
tile_r019811_c010851,3,351.22003173828125,284.6022033691406,388.07470703125,327.5078125,0.0012627899413928
tile_r019811_c010851,3,39.5301399230957,514.0152587890625,105.83194732666016,523.9166259765625,0.0012527406215667
tile_r019811_c010851,3,342.1798400878906,305.2709045410156,387.801025390625,344.74688720703125,0.001244357204996
tile_r019811_c010851,3,23.9511775970459,1.5434722900390625,67.66542053222656,17.6081600189209,0.0012411914067342
tile_r019811_c010851,3,330.1386108398437,-12.457371711730955,412.097412109375,1.2179687023162842,0.0012331007746979
tile_r019811_c010851,3,438.9767456054688,380.4304809570313,506.9933471679688,459.2540893554688,0.0012173813302069
tile_r019811_c010851,3,194.8203582763672,515.3844604492188,249.98095703125,523.9337768554688,0.0012146165827289
tile_r019811_c010851,3,194.6103973388672,204.17166137695312,228.3887634277344,233.51852416992188,0.0012116376310586
tile_r019811_c010851,3,164.16104125976562,512.4818115234375,254.7582092285156,524.34326171875,0.0012092671822756
tile_r019811_c010851,3,166.1953582763672,-0.8916953802108765,202.1884765625,14.012979507446287,0.0011978145921602
tile_r019811_c010851,3,253.7080841064453,520.0042724609375,332.2165832519531,524.7999877929688,0.0011917725205421
tile_r019811_c010851,3,79.421630859375,-12.421134948730469,155.9305877685547,2.6086974143981934,0.0011825073743239
tile_r019811_c010851,3,17.54059410095215,54.60958099365234,88.68634796142578,127.92291259765624,0.0011765154777094
tile_r019811_c010851,3,362.1793212890625,484.18853759765625,444.6437377929688,524.7999877929688,0.0011697201989591
tile_r019811_c010851,3,264.3414001464844,-5.946515083312988,297.33306884765625,12.026617050170898,0.0011596615659072
tile_r019811_c010851,3,188.01519775390625,522.1236572265625,261.5872497558594,524.7999877929688,0.0011361754732206
tile_r019811_c010851,3,372.7834777832031,514.88232421875,459.3497009277344,518.9405517578125,0.0011306205997243
tile_r019811_c010851,3,235.5602569580078,519.5384521484375,312.25555419921875,524.7999877929688,0.0011263292981311
tile_r019811_c010851,3,67.1669692993164,520.8726806640625,129.39883422851562,524.7999877929688,0.0011107022874057
tile_r019811_c010851,3,7.405932426452637,-12.396324157714844,58.262794494628906,7.122392177581787,0.0011103557189926
tile_r019811_c010851,3,32.29319763183594,497.6249084472656,104.43829345703124,515.0069580078125,0.0011086688609793
tile_r019811_c010851,3,252.5560607910156,503.4134826660156,331.23992919921875,513.3302001953125,0.0010965869296342
tile_r019811_c010851,3,212.7487030029297,-12.800000190734863,293.3793640136719,3.614227294921875,0.001088524935767
tile_r019811_c010851,3,457.54833984375,520.8305053710938,524.1110229492188,524.7999877929688,0.001080167479813
tile_r019811_c010851,3,116.54052734375,520.5516357421875,182.0648498535156,524.7999877929688,0.001079510198906
tile_r019811_c010851,3,432.4420776367188,341.5780639648437,510.0096740722656,445.49810791015625,0.0010633547790348
tile_r019811_c010851,3,13.386419296264648,-12.766789436340332,59.514984130859375,2.5097076892852783,0.0010561967501416
tile_r019811_c010851,3,160.60171508789062,521.252197265625,232.49951171875,524.7999877929688,0.0010554825421422
tile_r019811_c010851,3,216.69564819335935,502.6298828125,293.42974853515625,513.3478393554688,0.0010486560640856
tile_r019811_c010851,3,184.11697387695312,515.4002685546875,238.7752685546875,524.3858642578125,0.0010455935262143
tile_r019811_c010851,3,341.6846618652344,276.95391845703125,382.17132568359375,325.63641357421875,0.0010442192433401
tile_r019811_c010851,3,506.0669860839844,-12.800000190734863,524.650390625,4.036529541015625,0.0010441616177558
tile_r019811_c010851,3,211.43017578125,-0.190673828125,273.80828857421875,13.598111152648926,0.0010421184124425
tile_r019811_c010851,3,105.9261245727539,-1.82361912727356,155.3508758544922,35.0896110534668,0.0010373089462518
tile_r019811_c010851,3,331.47186279296875,331.2455444335937,399.7677612304688,405.3401794433594,0.0010342518799006
tile_r019811_c010851,3,201.51870727539065,512.3986206054688,294.2738647460937,522.9255981445312,0.0010269142221659
tile_r019811_c010851,3,140.96585083007812,519.7200927734375,206.89596557617188,524.7999877929688,0.0010234606452286
tile_r019811_c010851,3,151.61062622070312,-12.800000190734863,233.8438415527344,2.8423171043396,0.0010232729837298
tile_r019811_c010851,3,294.22491455078125,512.8026123046875,380.6281127929688,520.7457885742188,0.0010220775147899
tile_r019811_c010851,3,9.021774291992188,512.6783447265625,92.5285415649414,519.4363403320312,0.001015571411699
tile_r019811_c010851,3,228.25411987304688,44.44979095458984,302.4829406738281,120.4520034790039,0.0010123681277036
tile_r019811_c010851,3,444.4571228027344,516.5115966796875,518.2967529296875,524.7999877929688,0.0010118396021425
tile_r019811_c010851,3,167.12142944335938,515.412109375,226.6559600830078,524.7999877929688,0.0010040957713499
tile_r019811_c011107,3,431.86724853515625,3.275970458984375,495.71685791015625,65.31781768798828,0.8346676826477051
tile_r019811_c011107,3,337.4166259765625,151.72335815429688,383.77044677734375,199.2998962402344,0.8098382949829102
tile_r019811_c011107,3,-1.45086669921875,427.5517578125,52.79757690429688,490.5707092285156,0.7873548865318298
tile_r019811_c011107,3,83.36839294433594,349.6576232910156,123.0073013305664,385.5455017089844,0.7555270791053772
tile_r019811_c011107,3,96.8475112915039,177.5581512451172,141.23281860351562,217.0100555419922,0.7540440559387207
tile_r019811_c011107,3,44.39191818237305,112.98246002197266,74.8091049194336,143.17660522460938,0.7294373512268066
tile_r019811_c011107,3,450.67822265625,104.6191864013672,500.974609375,145.7004852294922,0.7066121101379395
tile_r019811_c011107,3,378.11376953125,250.4531707763672,414.5744018554688,288.9451599121094,0.6968938708305359
tile_r019811_c011107,3,132.68649291992188,482.7118225097656,179.1885986328125,513.5408935546875,0.6693457961082458
tile_r019811_c011107,3,2.081134080886841,73.1428451538086,32.092376708984375,106.7777862548828,0.6404412388801575
tile_r019811_c011107,3,481.8772888183594,430.6600646972656,514.2797241210938,480.7147521972656,0.6037934422492981
tile_r019811_c011107,3,99.5435791015625,305.4634704589844,126.86369323730467,329.646484375,0.5611903667449951
tile_r019811_c011107,3,420.7188415527344,181.455078125,452.9981384277344,209.84848022460935,0.5599945187568665
tile_r019811_c011107,3,93.066650390625,282.0226135253906,117.593505859375,304.625732421875,0.3538823425769806
tile_r019811_c011107,3,440.578125,101.0550765991211,503.1958923339844,149.1186981201172,0.1289001554250717
tile_r019811_c011107,3,-0.421771228313446,64.36822509765625,34.452903747558594,108.17659759521484,0.0539503842592239
tile_r019811_c011107,3,126.5300750732422,474.8844299316406,183.9827423095703,513.7691040039062,0.0301660150289535
tile_r019811_c011107,3,485.4541931152344,420.4944458007813,524.0157470703125,485.00390625,0.0278110429644584
tile_r019811_c011107,3,1.194830298423767,56.1751594543457,30.061603546142575,109.7090301513672,0.0186128113418817
tile_r019811_c011107,3,1.427191138267517,55.6186637878418,12.48952293395996,84.12320709228516,0.016648793593049
tile_r019811_c011107,3,373.38134765625,246.3716735839844,416.8171997070313,295.47137451171875,0.013688382692635
tile_r019811_c011107,3,93.8378448486328,285.26904296875,124.4412612915039,307.8427734375,0.013483939692378
tile_r019811_c011107,3,91.4666976928711,299.50640869140625,125.4756317138672,325.4820556640625,0.0124357547610998
tile_r019811_c011107,3,264.4432678222656,287.21881103515625,283.2002868652344,306.3138122558594,0.0122198741883039
tile_r019811_c011107,3,381.1578674316406,254.5539093017578,410.0992736816406,286.60467529296875,0.0120552666485309
tile_r019811_c011107,3,425.2008361816406,48.508033752441406,450.3794555664063,70.49119567871094,0.0104831885546445
tile_r019811_c011107,3,78.3185043334961,346.6776733398437,125.82014465332033,390.675537109375,0.0103681720793247
tile_r019811_c011107,3,498.7908325195313,416.6695251464844,523.9187622070312,482.5796813964844,0.009299305267632
tile_r019811_c011107,3,0.554168701171875,333.35943603515625,16.12105369567871,359.0685119628906,0.008287027478218
tile_r019811_c011107,3,475.8014526367188,426.8780822753906,515.3875122070312,487.79010009765625,0.0080492384731769
tile_r019811_c011107,3,434.794921875,94.1532211303711,507.2302856445313,153.831298828125,0.0069123399443924
tile_r019811_c011107,3,88.70927429199219,282.9381103515625,123.2632293701172,317.3612670898437,0.0067004058510065
tile_r019811_c011107,3,91.01579284667967,283.7486572265625,114.0906982421875,303.2602844238281,0.0059932442381978
tile_r019811_c011107,3,126.29054260253906,484.4169921875,181.44235229492188,522.0238037109375,0.0054809846915304
tile_r019811_c011107,3,85.65916442871094,352.99517822265625,119.58283996582033,382.3165283203125,0.0052013383246958
tile_r019811_c011107,3,417.1600036621094,177.69406127929688,456.273193359375,216.1610412597656,0.0047030439600348
tile_r019811_c011107,3,135.65234375,486.3274536132813,172.2561798095703,511.8163146972656,0.0042413715273141
tile_r019811_c011107,3,39.88090896606445,109.9027099609375,78.53240966796875,146.39501953125,0.0040146894752979
tile_r019811_c011107,3,332.7606811523437,143.1406707763672,387.98193359375,205.0111389160156,0.0039271372370421
tile_r019811_c011107,3,88.48872375488281,280.3221740722656,121.0524444580078,309.32244873046875,0.0038364031352102
tile_r019811_c011107,3,422.1231384277344,184.5860290527344,447.1817321777344,207.6387634277344,0.0037900225725024
tile_r019811_c011107,3,90.2375030517578,172.60719299316406,145.9813232421875,226.22427368164065,0.0035931929014623
tile_r019811_c011107,3,0.7396469116210938,434.6422424316406,44.58907318115234,485.877685546875,0.0034226472489535
tile_r019811_c011107,3,-9.9810791015625,51.869407653808594,38.70560836791992,114.78564453125,0.0033634926658123
tile_r019811_c011107,3,1.713415503501892,60.90859222412109,23.852087020874023,105.2930908203125,0.0032170440535992
tile_r019811_c011107,3,440.68896484375,9.992406845092772,492.8884887695313,62.523475646972656,0.0027712027076631
tile_r019811_c011107,3,1.189947485923767,330.09637451171875,19.20151901245117,360.09014892578125,0.002766219433397
tile_r019811_c011107,3,435.3394470214844,3.8725218772888175,487.2867126464844,54.8012924194336,0.0027052036020904
tile_r019811_c011107,3,88.33135223388672,286.028564453125,126.7028350830078,331.37115478515625,0.002566528506577
tile_r019811_c011107,3,37.62339019775391,514.3316650390625,94.4505615234375,523.5732421875,0.0025471539702266
tile_r019811_c011107,3,53.00655364990234,504.3767700195313,118.20723724365234,513.123046875,0.0024753909092396
tile_r019811_c011107,3,424.5523376464844,-1.4537475109100342,504.5697326660156,73.91862487792969,0.0023496367502957
tile_r019811_c011107,3,268.01953125,287.0282592773437,286.9869079589844,305.6626892089844,0.0021877621766179
tile_r019811_c011107,3,161.4552764892578,517.2484130859375,226.9569854736328,524.7999877929688,0.0020781522616744
tile_r019811_c011107,3,445.7911987304688,521.3328247070312,514.2412109375,524.7999877929688,0.0020224344916641
tile_r019811_c011107,3,29.381738662719727,520.8935546875,98.38410949707033,524.7999877929688,0.0019347951747477
tile_r019811_c011107,3,486.8815307617188,387.71820068359375,516.1673583984375,476.94183349609375,0.0019253082573413
tile_r019811_c011107,3,49.71282958984375,116.1506118774414,75.2888412475586,141.2157745361328,0.0018956980202347
tile_r019811_c011107,3,103.55168151855467,181.9839782714844,139.04934692382812,213.4445343017578,0.0018787034787237
tile_r019811_c011107,3,97.66462707519533,299.9791259765625,123.30802917480467,328.12359619140625,0.0018625257071107
tile_r019811_c011107,3,1.425747632980347,56.457801818847656,15.486096382141112,78.46534729003906,0.0018506083870306
tile_r019811_c011107,3,451.8388671875,502.4576110839844,514.8753662109375,513.2027587890625,0.0018456322140991
tile_r019811_c011107,3,44.8765983581543,116.194580078125,69.39036560058594,141.0772247314453,0.0018011402571573
tile_r019811_c011107,3,427.7598571777344,520.1380615234375,493.66796875,524.7999877929688,0.00179669552017
tile_r019811_c011107,3,28.95296287536621,502.4752807617188,101.16448974609376,513.5762939453125,0.0017579600680619
tile_r019811_c011107,3,41.415000915527344,503.4458923339844,106.39424896240234,513.7423706054688,0.0016779524739831
tile_r019811_c011107,3,53.36409759521485,513.9669189453125,115.5618667602539,523.73583984375,0.0016664419090375
tile_r019811_c011107,3,68.33675384521484,515.0281982421875,131.91346740722656,524.7821044921875,0.0016540507785975
tile_r019811_c011107,3,9.017135620117188,501.9068298339844,77.9085693359375,513.3798828125,0.0016326444456353
tile_r019811_c011107,3,155.93984985351562,9.022089004516602,208.9150390625,60.872314453125,0.0016031747218221
tile_r019811_c011107,3,410.98486328125,171.1971435546875,458.8756713867188,222.5108184814453,0.0015919276047497
tile_r019811_c011107,3,98.3721923828125,515.8209838867188,161.7345733642578,524.7999877929688,0.001425864174962
tile_r019811_c011107,3,2.1440672874450684,512.2772827148438,94.47784423828124,523.8377685546875,0.001420494983904
tile_r019811_c011107,3,22.672876358032227,512.4423828125,112.0456771850586,522.2120971679688,0.0014069952303543
tile_r019811_c011107,3,12.557031631469728,520.8927001953125,88.27195739746094,524.7999877929688,0.0014028562000021
tile_r019811_c011107,3,141.3931884765625,43.80563354492188,231.7850799560547,146.6021728515625,0.0014027080032974
tile_r019811_c011107,3,513.3743896484375,72.2513198852539,524.0239868164062,148.8123779296875,0.0013964993413537
tile_r019811_c011107,3,1.0248596668243408,48.68619537353516,37.48942947387695,105.5289306640625,0.0013948432169854
tile_r019811_c011107,3,387.928466796875,-0.3379760682582855,443.057373046875,13.773465156555176,0.0013933583395555
tile_r019811_c011107,3,-7.682202339172363,420.1788024902344,64.4592056274414,500.9141540527344,0.0013720655115321
tile_r019811_c011107,3,383.9778442382813,-12.734731674194336,464.9273376464844,1.6793334484100342,0.0013701205607503
tile_r019811_c011107,3,16.65620994567871,514.767578125,73.44017028808594,524.099609375,0.0013678844552487
tile_r019811_c011107,3,119.9923324584961,522.5835571289062,185.7889404296875,524.7999877929688,0.0013660247204825
tile_r019811_c011107,3,476.0051879882813,394.98284912109375,517.0051879882812,480.06683349609375,0.0013261018320918
tile_r019811_c011107,3,95.32658386230467,284.6430053710937,132.1088104248047,327.5389099121094,0.0013175825588405
tile_r019811_c011107,3,267.9776916503906,503.1851196289063,336.60699462890625,514.0423583984375,0.0013134736800566
tile_r019811_c011107,3,62.47907638549805,502.651611328125,124.7542953491211,512.9564819335938,0.0012834350345656
tile_r019811_c011107,3,-1.1247085332870483,61.953880310058594,47.57598876953125,116.31144714355467,0.0012817309470847
tile_r019811_c011107,3,394.0666198730469,-4.930450439453125,459.1661987304688,8.037524223327637,0.0012804790167137
tile_r019811_c011107,3,328.4767150878906,139.3128662109375,397.774658203125,214.6273193359375,0.001276759780012
tile_r019811_c011107,3,-3.984860181808472,38.041690826416016,2.972900390625,90.49092864990234,0.0012670482974499
tile_r019811_c011107,3,473.3340759277344,502.0881958007813,513.4137573242188,513.0224609375,0.0011916884686797
tile_r019811_c011107,3,403.6322326660156,162.20751953125,462.3984375,217.53726196289065,0.0011822386877611
tile_r019811_c011107,3,162.67910766601562,522.6813354492188,229.2183074951172,524.7999877929688,0.0011685459176078
tile_r019811_c011107,3,427.8853149414063,512.7501220703125,516.6314697265625,524.0223388671875,0.0011659796582534
tile_r019811_c011107,3,-10.664392471313477,520.0728759765625,53.2701416015625,524.7999877929688,0.0011584537569433
tile_r019811_c011107,3,180.6193389892578,516.61474609375,239.30844116210935,524.5452270507812,0.0011478044325485
tile_r019811_c011107,3,511.0568237304688,508.1185607910156,524.4417724609375,524.7999877929688,0.0011445137206465
tile_r019811_c011107,3,247.8226623535156,519.3147583007812,316.5580444335937,524.7999877929688,0.0011384750250726
tile_r019811_c011107,3,135.37844848632812,499.68408203125,205.8636474609375,524.7999877929688,0.0011333735892549
tile_r019811_c011107,3,85.51434326171875,304.8597717285156,131.84298706054688,345.60888671875,0.0011297760065644
tile_r019811_c011107,3,456.496337890625,522.232177734375,520.3172607421875,524.7999877929688,0.0011274140560999
tile_r019811_c011107,3,235.6249237060547,518.0689697265625,302.4939270019531,524.7999877929688,0.0011233006371185
tile_r019811_c011107,3,254.7485809326172,520.3529052734375,322.676025390625,524.7999877929688,0.0011129577178508
tile_r019811_c011107,3,-0.9735107421875,520.6079711914062,73.42060852050781,524.7999877929688,0.0011022246908396
tile_r019811_c011107,3,275.461181640625,520.2216796875,339.0365600585937,524.7999877929688,0.0010982528328895
tile_r019811_c011107,3,159.98367309570312,15.882720947265623,218.44876098632807,68.99909973144531,0.0010968120768666
tile_r019811_c011107,3,456.8343811035156,109.4655990600586,498.5660095214844,142.54696655273438,0.0010908133117482
tile_r019811_c011107,3,46.62662506103516,520.5343017578125,116.8062973022461,524.7999877929688,0.0010900425259023
tile_r019811_c011107,3,106.3202667236328,482.3511657714844,189.2850646972656,524.7999877929688,0.0010827576043084
tile_r019811_c011107,3,260.6009826660156,499.0224609375,332.5995178222656,514.3568115234375,0.0010822424665093
tile_r019811_c011107,3,7.851336479187012,-5.685659885406494,40.771949768066406,11.436963081359863,0.0010815622517839
tile_r019811_c011107,3,421.4786071777344,520.794677734375,475.2207946777344,524.7999877929688,0.0010753598762676
tile_r019811_c011107,3,398.0614318847656,0.1074707061052322,455.2403259277344,13.590051651000977,0.0010663255816325
tile_r019811_c011107,3,413.4046936035156,0.458251953125,456.8910217285156,14.1348876953125,0.0010623073903843
tile_r019811_c011107,3,-2.88433837890625,498.4312133789063,56.04734420776367,513.619873046875,0.0010612816549837
tile_r019811_c011107,3,85.75162506103516,277.1703186035156,126.32608795166016,326.6206970214844,0.0010569264413788
tile_r019811_c011107,3,224.2064514160156,519.2438354492188,289.72540283203125,524.7999877929688,0.0010471605928614
tile_r019811_c011107,3,293.6298217773437,520.1383666992188,358.69464111328125,524.7999877929688,0.0010446481173858
tile_r019811_c011107,3,3.740960597991944,514.7598876953125,61.43609619140625,524.3892211914062,0.00104127288796
tile_r019811_c011107,3,427.0081176757813,182.7637939453125,453.7704162597656,207.39553833007807,0.0010404706699773
tile_r019811_c011107,3,440.8307495117188,500.7340698242188,510.5446166992188,514.146484375,0.0010352382669225
tile_r019811_c011107,3,273.2752380371094,515.6647338867188,352.480712890625,524.7999877929688,0.0010343376779928
tile_r019811_c011107,3,513.1517333984375,57.129188537597656,524.4783325195312,129.13784790039062,0.0010237615788355
tile_r019811_c011107,3,116.343994140625,454.8216857910156,190.06088256835935,512.599609375,0.0010070551652461
tile_r019811_c011107,3,-3.935888767242432,501.2775268554688,70.61949157714844,513.8875732421875,0.0010068422416225
tile_r019811_c011363,3,226.6259765625,428.2103576660156,282.29119873046875,481.4646606445313,0.8280268311500549
tile_r019811_c011363,3,175.62521362304688,2.8186278343200684,240.1322021484375,66.46595764160156,0.8238904476165771
tile_r019811_c011363,3,81.20362854003906,151.5608367919922,128.00717163085938,199.4568328857422,0.8082004189491272
tile_r019811_c011363,3,248.7421417236328,259.52276611328125,311.1932067871094,315.1777648925781,0.7603579759597778
tile_r019811_c011363,3,195.0619201660156,104.7516098022461,245.4226531982422,145.88070678710938,0.7091810703277588
tile_r019811_c011363,3,121.76045989990234,250.20327758789065,158.76998901367188,289.2413635253906,0.6833159327507019
tile_r019811_c011363,3,449.8646545410156,2.589526414871216,490.6629028320313,39.55388259887695,0.6382026076316833
tile_r019811_c011363,3,164.81753540039062,181.6099853515625,197.106201171875,209.9202423095703,0.5611768364906311
tile_r019811_c011363,3,288.7079162597656,241.3031768798828,326.77587890625,277.9623413085937,0.554787814617157
tile_r019811_c011363,3,184.65853881835935,101.3284149169922,247.0541076660156,149.2085418701172,0.0915774852037429
tile_r019811_c011363,3,447.6013793945313,-1.2677215337753296,506.4261779785156,37.70707702636719,0.0423092283308506
tile_r019811_c011363,3,117.018798828125,245.9589080810547,160.97647094726562,295.73077392578125,0.01360157225281
tile_r019811_c011363,3,124.9190673828125,254.2010803222656,154.35519409179688,286.82635498046875,0.0107797365635633
tile_r019811_c011363,3,169.27877807617188,48.36713790893555,194.70455932617188,70.61376953125,0.0085641099140048
tile_r019811_c011363,3,260.70166015625,268.90045166015625,309.18701171875,312.066162109375,0.0085031138733029
tile_r019811_c011363,3,263.83544921875,194.33251953125,287.4461364746094,221.2074279785156,0.007451853249222
tile_r019811_c011363,3,179.0790557861328,94.7613754272461,251.1129913330078,154.2980499267578,0.0066010877490043
tile_r019811_c011363,3,232.7247009277344,503.4192504882813,274.4983825683594,513.0577392578125,0.0065508354455232
tile_r019811_c011363,3,475.9263305664063,-0.7446228265762329,513.9210205078125,16.791622161865234,0.0054765702225267
tile_r019811_c011363,3,467.3229370117188,-4.74434757232666,513.0345458984375,9.82891845703125,0.0052810860797762
tile_r019811_c011363,3,161.3495635986328,177.86892700195312,200.633056640625,213.3746032714844,0.00502969045192
tile_r019811_c011363,3,458.46630859375,-4.53677225112915,515.7653198242188,7.246439933776855,0.0047527994029223
tile_r019811_c011363,3,302.0930480957031,504.8392639160156,360.2243957519531,513.3244018554688,0.0046926164068281
tile_r019811_c011363,3,445.4046325683594,-0.7290847897529602,496.583251953125,44.21586227416992,0.0042658438906073
tile_r019811_c011363,3,281.82373046875,238.7132873535156,328.15234375,283.34619140625,0.0040174550376832
tile_r019811_c011363,3,166.14724731445312,184.7129669189453,191.205810546875,207.6696014404297,0.0039512519724667
tile_r019811_c011363,3,264.2408142089844,192.3312530517578,294.2865295410156,225.2072296142578,0.0037778837140649
tile_r019811_c011363,3,77.43209075927734,145.8729705810547,133.84713745117188,207.0121154785156,0.0036812468897551
tile_r019811_c011363,3,409.3430786132813,521.6873779296875,480.3938598632813,524.7999877929688,0.0034496197476983
tile_r019811_c011363,3,208.0732879638672,502.579833984375,272.7880249023437,513.1502685546875,0.003239425830543
tile_r019811_c011363,3,292.8587951660156,504.11376953125,349.59130859375,513.2472534179688,0.0029284104239195
tile_r019811_c011363,3,307.1187438964844,514.1092529296875,375.2017211914063,523.5069580078125,0.0029053962789475
tile_r019811_c011363,3,316.2606506347656,514.0896606445312,388.9226684570313,523.833984375,0.0029029368888586
tile_r019811_c011363,3,452.7468872070313,6.334881782531738,485.6015625,37.7749137878418,0.0028798619750887
tile_r019811_c011363,3,179.24752807617188,3.6538939476013184,231.46676635742188,55.49395751953125,0.0028374725952744
tile_r019811_c011363,3,330.6845092773437,514.2391357421875,402.43365478515625,523.8446044921875,0.0026998869143426
tile_r019811_c011363,3,449.4939880371094,-2.500839233398437,511.30120849609375,24.330615997314453,0.0026892216410487
tile_r019811_c011363,3,184.50271606445312,9.703619003295898,236.9196319580078,62.91979217529297,0.0026266211643815
tile_r019811_c011363,3,346.10357666015625,514.4183349609375,414.269775390625,523.7213745117188,0.0025644176639616
tile_r019811_c011363,3,352.81494140625,504.2062377929688,428.0106506347656,513.2794799804688,0.0024660984054207
tile_r019811_c011363,3,460.2286071777344,-3.356707811355591,513.88427734375,38.65242385864258,0.0024316264316439
tile_r019811_c011363,3,399.2850646972656,514.5333251953125,465.56591796875,523.7247314453125,0.0024082597810775
tile_r019811_c011363,3,372.5676574707031,514.4635009765625,441.8961791992188,523.9583740234375,0.0023663132451474
tile_r019811_c011363,3,453.92913818359375,2.420581102371216,500.0760192871094,36.90472412109375,0.0023587786126881
tile_r019811_c011363,3,359.72344970703125,514.2332763671875,426.9054260253906,523.9193115234375,0.0023368673864752
tile_r019811_c011363,3,443.5696411132813,-2.466772556304932,506.1358337402344,52.33028411865234,0.0023326289374381
tile_r019811_c011363,3,386.4738159179688,514.51416015625,454.7360229492188,523.7877807617188,0.002315453486517
tile_r019811_c011363,3,327.1160583496094,504.99261474609375,400.0030212402344,513.1395263671875,0.0023129871115088
tile_r019811_c011363,3,241.819091796875,253.9136962890625,316.8890991210937,321.2872314453125,0.0022800017613917
tile_r019811_c011363,3,232.4844665527344,501.4354553222656,291.95294189453125,513.3513793945312,0.0022135148756206
tile_r019811_c011363,3,170.6199951171875,520.2438354492188,236.3302001953125,524.7999877929688,0.0021740866359323
tile_r019811_c011363,3,307.8749084472656,503.455322265625,382.59033203125,513.586181640625,0.0021130463574081
tile_r019811_c011363,3,294.1997985839844,245.7201690673828,325.60626220703125,275.0364685058594,0.0020571101922541
tile_r019811_c011363,3,398.1377868652344,512.9127197265625,488.4208068847656,523.1058349609375,0.0020483899861574
tile_r019811_c011363,3,422.318115234375,514.6636962890625,487.57464599609375,523.7546997070312,0.0020435405895113
tile_r019811_c011363,3,223.2085876464844,514.0587158203125,283.6758728027344,523.2486572265625,0.0020187208428978
tile_r019811_c011363,3,295.7269592285156,514.6094970703125,354.40966796875,523.5176391601562,0.0019880749750882
tile_r019811_c011363,3,409.8067932128906,500.1116638183594,484.249755859375,514.0972290039062,0.0019814237020909
tile_r019811_c011363,3,339.07110595703125,503.80950927734375,414.9341735839844,513.4067993164062,0.0019274895312264
tile_r019811_c011363,3,400.5999145507813,501.7379455566406,470.3147583007813,513.3729248046875,0.0019146529957652
tile_r019811_c011363,3,383.0520629882813,503.6591796875,460.3926696777344,513.1432495117188,0.0018260942306369
tile_r019811_c011363,3,288.0497131347656,521.40869140625,357.4359741210937,524.7999877929688,0.0017829651478677
tile_r019811_c011363,3,287.2351989746094,511.6173706054688,375.7779235839844,521.9851684570312,0.0017637005075812
tile_r019811_c011363,3,226.72445678710935,502.7051696777344,283.8966369628906,512.2805786132812,0.0016767755150794
tile_r019811_c011363,3,232.4012756347656,514.6986083984375,296.9252014160156,523.9820556640625,0.001642013550736
tile_r019811_c011363,3,155.1957244873047,170.9890899658203,203.2852325439453,222.3452911376953,0.0016242377460002
tile_r019811_c011363,3,433.8955078125,514.9830932617188,506.8974609375,524.4212036132812,0.0016062289942055
tile_r019811_c011363,3,248.22396850585935,515.9066162109375,315.1876525878906,524.7747192382812,0.0015452625229954
tile_r019811_c011363,3,287.22412109375,514.824951171875,344.5194396972656,523.9893188476562,0.0015242580557242
tile_r019811_c011363,3,207.6859436035156,514.4410400390625,266.53399658203125,523.8361206054688,0.0015233206795528
tile_r019811_c011363,3,179.49220275878906,521.36083984375,253.1549835205078,524.7999877929688,0.0015144913922995
tile_r019811_c011363,3,274.7313537597656,515.50439453125,330.2354431152344,524.2702026367188,0.0015078375581651
tile_r019811_c011363,3,511.609375,285.5933532714844,524.3308715820312,360.5860290527344,0.0014729066751897
tile_r019811_c011363,3,197.05783081054688,500.7084045410156,270.6111145019531,513.3739013671875,0.0014699733583256
tile_r019811_c011363,3,206.8429718017578,522.0975952148438,279.1983337402344,524.7999877929688,0.0014419270446524
tile_r019811_c011363,3,253.1591339111328,260.8026733398437,303.878173828125,308.0003356933594,0.001440214458853
tile_r019811_c011363,3,365.16217041015625,505.56591796875,440.0755310058594,512.99951171875,0.0014090851182118
tile_r019811_c011363,3,200.99575805664065,109.49534606933594,242.6697235107422,142.70545959472656,0.0013770484365522
tile_r019811_c011363,3,453.0086975097656,-12.800000190734863,517.7947998046875,1.7321288585662842,0.0013749642530456
tile_r019811_c011363,3,441.7033081054688,-12.584856986999512,508.6492309570313,43.8769416809082,0.0013744890457019
tile_r019811_c011363,3,497.2859497070313,314.4693298339844,513.4822387695312,360.5282287597656,0.0013714774977415
tile_r019811_c011363,3,422.99658203125,501.7615356445313,495.2645568847656,513.0341796875,0.001353618921712
tile_r019811_c011363,3,378.3175659179688,511.5621948242188,472.9544982910156,522.5540771484375,0.0013468739343807
tile_r019811_c011363,3,213.1543426513672,512.1790771484375,297.9354553222656,520.60546875,0.0013429762329906
tile_r019811_c011363,3,168.14639282226562,-4.377221584320068,247.4146423339844,72.7481689453125,0.001342827337794
tile_r019811_c011363,3,193.68099975585935,521.3555297851562,271.7872619628906,524.7999877929688,0.0013236665399745
tile_r019811_c011363,3,127.6847686767578,-12.738858222961426,208.8312225341797,1.7054427862167358,0.0013192866463214
tile_r019811_c011363,3,137.5810546875,-5.01619815826416,202.99301147460935,8.203125,0.001296684728004
tile_r019811_c011363,3,19.36952209472656,520.2623291015625,84.92061614990234,524.7999877929688,0.0012947403592988
tile_r019811_c011363,3,131.65072631835938,-0.359671026468277,187.2340850830078,13.655011177062988,0.0012941726017743
tile_r019811_c011363,3,451.7057189941406,516.1736450195312,520.6196899414062,524.7999877929688,0.0012922547757625
tile_r019811_c011363,3,162.58370971679688,520.6871337890625,220.32846069335935,524.7999877929688,0.001282900921069
tile_r019811_c011363,3,37.05826568603516,520.0718994140625,105.00508880615234,524.7999877929688,0.0012506000930443
tile_r019811_c011363,3,302.0394592285156,521.87890625,375.7228088378906,524.7999877929688,0.0012477545533329
tile_r019811_c011363,3,351.12213134765625,520.5418701171875,426.3401794433594,524.7999877929688,0.0012436629040166
tile_r019811_c011363,3,261.3206481933594,508.7525329589844,356.0926818847656,523.2820434570312,0.0012428114423528
tile_r019811_c011363,3,197.8046417236328,509.916015625,283.4833374023437,518.9046020507812,0.0012390834745019
tile_r019811_c011363,3,71.6993408203125,139.09671020507812,142.2070770263672,214.96902465820312,0.0011950145708397
tile_r019811_c011363,3,337.74591064453125,521.4410400390625,413.8727111816406,524.7999877929688,0.0011887357104569
tile_r019811_c011363,3,0.996124267578125,520.7794799804688,67.7169418334961,524.7999877929688,0.0011616367846727
tile_r019811_c011363,3,182.7880401611328,510.6703186035156,275.75689697265625,522.2998046875,0.0011445763520896
tile_r019811_c011363,3,447.49456787109375,521.7843627929688,519.9332275390625,524.7999877929688,0.0011437442153692
tile_r019811_c011363,3,300.47509765625,509.8787231445313,396.15435791015625,521.8460693359375,0.0011359347263351
tile_r019811_c011363,3,521.5508422851562,-11.289312362670898,524.7999877929688,14.405023574829102,0.0011335058370605
tile_r019811_c011363,3,513.8052978515625,301.85064697265625,520.7120361328125,373.647216796875,0.0011140768183395
tile_r019811_c011363,3,313.5465393066406,510.8399353027344,408.906982421875,522.6260986328125,0.0011040910612791
tile_r019811_c011363,3,177.62234497070312,501.3997192382813,249.1868133544922,514.6563720703125,0.0010967217385768
tile_r019811_c011363,3,10.528356552124023,502.3667907714844,82.28709411621094,514.9611206054688,0.001089280587621
tile_r019811_c011363,3,222.3038024902344,520.7994384765625,290.2894592285156,524.7999877929688,0.0010888401884585
tile_r019811_c011363,3,348.08251953125,509.8966674804688,441.9136657714844,521.8045654296875,0.0010799838928505
tile_r019811_c011363,3,147.486083984375,162.0079803466797,206.7362365722656,217.6382598876953,0.0010752277448773
tile_r019811_c011363,3,155.8531494140625,0.374114990234375,200.8934326171875,14.1192626953125,0.0010722674196586
tile_r019811_c011363,3,361.08837890625,30.819072723388672,403.0025939941406,77.28060913085938,0.0010537288617342
tile_r019811_c011363,3,18.148975372314453,374.7373962402344,107.95402526855467,448.5222778320313,0.0010449342662468
tile_r019811_c011363,3,389.6238403320313,521.9752197265625,466.2936401367188,524.7999877929688,0.0010436226148158
tile_r019811_c011363,3,427.3678588867188,502.3712768554688,507.6307678222656,514.1765747070312,0.001030865474604
tile_r019811_c011363,3,424.96728515625,95.4657211303711,450.8626098632813,118.4142074584961,0.0010307191405445
tile_r019811_c011363,3,141.0818328857422,0.0185485836118459,199.2769012451172,13.587567329406738,0.0010276845423504
tile_r019811_c011363,3,-10.849176406860352,519.4963989257812,53.9112663269043,524.7999877929688,0.0010227432940155
tile_r019811_c011363,3,519.0556640625,-12.25822925567627,524.7999877929688,-0.5890701413154602,0.0010082714725285
tile_r019811_c011363,3,127.3730697631836,-12.800000190734863,202.3450927734375,8.201983451843262,0.0010013607097789
tile_r019811_c011619,3,465.1754760742188,422.5437622070313,514.0735473632812,475.2724609375,0.8620745539665222
tile_r019811_c011619,3,353.76336669921875,261.08306884765625,411.3283081054688,315.6829833984375,0.8213329911231995
tile_r019811_c011619,3,413.0358276367188,383.7288513183594,466.5183715820313,441.443603515625,0.80255126953125
tile_r019811_c011619,3,276.50738525390625,66.37178039550781,331.53790283203125,120.69425964355467,0.7840872406959534
tile_r019811_c011619,3,-1.3681762218475342,258.0189514160156,55.12786865234375,316.0682678222656,0.7816866636276245
tile_r019811_c011619,3,275.59881591796875,162.0585479736328,331.4698181152344,210.90182495117188,0.727696418762207
tile_r019811_c011619,3,403.8863220214844,2.8722472190856934,454.1160278320313,40.439727783203125,0.7106611728668213
tile_r019811_c011619,3,32.6959342956543,241.238037109375,70.84468841552734,277.8563842773437,0.6501687169075012
tile_r019811_c011619,3,193.8036193847656,2.786820888519287,235.1397399902344,40.08897018432617,0.6400220394134521
tile_r019811_c011619,3,319.4367370605469,483.860595703125,353.3236083984375,512.0116577148438,0.6181436777114868
tile_r019811_c011619,3,419.0143432617188,295.6487731933594,449.7061462402344,324.5315856933594,0.6158883571624756
tile_r019811_c011619,3,318.0497131347656,367.9865112304688,348.02569580078125,392.6813354492188,0.6157546639442444
tile_r019811_c011619,3,239.68783569335935,311.8240661621094,292.5761108398437,365.8743591308594,0.5928841233253479
tile_r019811_c011619,3,-0.0007904052617959,432.8271484375,27.246999740600582,472.4528198242188,0.5769911408424377
tile_r019811_c011619,3,270.4745178222656,483.9956970214844,311.9205017089844,512.44970703125,0.4965670108795166
tile_r019811_c011619,3,481.7105407714844,139.23448181152344,514.4293212890625,186.13470458984372,0.3360006809234619
tile_r019811_c011619,3,5.022759914398193,192.9275360107422,32.7819709777832,221.1790008544922,0.1136752292513847
tile_r019811_c011619,3,317.3506774902344,480.9644165039063,361.01171875,514.4498291015625,0.0939467400312423
tile_r019811_c011619,3,275.6773986816406,169.4752197265625,324.46588134765625,207.47769165039065,0.0579192414879798
tile_r019811_c011619,3,272.1185913085937,490.02197265625,308.0150756835937,512.6452026367188,0.0409268029034137
tile_r019811_c011619,3,3.027984619140625,190.79684448242188,38.32128143310547,224.9002685546875,0.0388397015631198
tile_r019811_c011619,3,421.1109313964844,298.5472717285156,446.3642578125,322.75830078125,0.0286971200257539
tile_r019811_c011619,3,476.1754760742188,135.9500274658203,515.50439453125,191.967041015625,0.0246596075594425
tile_r019811_c011619,3,395.0444030761719,-2.105706691741944,460.80810546875,49.12334060668945,0.0233104042708873
tile_r019811_c011619,3,246.1044006347656,318.72491455078125,288.12310791015625,362.7458801269531,0.0224881954491138
tile_r019811_c011619,3,415.1585998535156,293.16424560546875,453.0538940429688,329.8546447753906,0.0167513620108366
tile_r019811_c011619,3,190.786865234375,-0.2121566832065582,244.29672241210935,42.17626953125,0.0157629288733005
tile_r019811_c011619,3,278.07818603515625,486.2965698242188,310.0038452148437,510.9520568847656,0.0127590801566839
tile_r019811_c011619,3,410.9602661132813,7.686737060546875,451.1708068847656,37.84797286987305,0.0126432524994015
tile_r019811_c011619,3,420.3311462402344,393.9573364257813,460.7920837402344,437.5213928222656,0.0100932111963629
tile_r019811_c011619,3,472.8053283691406,501.6527404785156,515.103271484375,513.2144775390625,0.0095283836126327
tile_r019811_c011619,3,234.09750366210935,0.28363037109375,266.087158203125,15.049402236938477,0.0093135489150881
tile_r019811_c011619,3,211.5772247314453,-4.887194633483887,269.55584716796875,9.60536766052246,0.0072635100223124
tile_r019811_c011619,3,316.19976806640625,361.67620849609375,351.5221252441406,394.2098083496094,0.0072232550010085
tile_r019811_c011619,3,317.9239807128906,478.1134643554688,374.2086486816406,514.3143310546875,0.00721753295511
tile_r019811_c011619,3,-9.991449356079102,425.6131896972656,28.264841079711918,479.7083129882813,0.0067045111209154
tile_r019811_c011619,3,4.709600925445557,268.092529296875,52.74212646484375,312.2289428710937,0.0064730076119303
tile_r019811_c011619,3,235.4268493652344,0.371041864156723,278.23651123046875,15.0648832321167,0.0063428157009184
tile_r019811_c011619,3,219.49533081054688,-0.5196868777275085,267.7798156738281,15.756597518920898,0.0058802687563002
tile_r019811_c011619,3,486.7488403320313,503.6605529785156,513.4254150390625,512.8857421875,0.0056614917702972
tile_r019811_c011619,3,40.5410385131836,504.7117309570313,97.70762634277344,513.208984375,0.0056078820489346
tile_r019811_c011619,3,-0.534454345703125,187.4530792236328,42.82846832275391,229.0894470214844,0.004625285975635
tile_r019811_c011619,3,464.91351318359375,129.62216186523438,517.2197875976562,193.2657012939453,0.0044741258025169
tile_r019811_c011619,3,505.7360229492188,126.8352508544922,523.8922729492188,191.7349548339844,0.0044739111326634
tile_r019811_c011619,3,196.32882690429688,6.098181247711182,230.03341674804688,38.03823852539063,0.0043833958916366
tile_r019811_c011619,3,153.8573760986328,521.6915283203125,223.2503967285156,524.7999877929688,0.0038189538754522
tile_r019811_c011619,3,452.0794067382813,499.102783203125,517.6194458007812,513.5062866210938,0.0036806224379688
tile_r019811_c011619,3,-6.219512939453125,247.75650024414065,63.36163330078125,322.77166748046875,0.0035346345975995
tile_r019811_c011619,3,489.64447021484375,502.04925537109375,516.6156005859375,512.8695678710938,0.0035090530291199
tile_r019811_c011619,3,216.552490234375,-4.738653659820557,272.9646911621094,14.561376571655272,0.0034062766935676
tile_r019811_c011619,3,28.634521484375,235.9506378173828,74.07966613769531,284.4359741210937,0.0033960118889808
tile_r019811_c011619,3,-4.321871757507324,415.6630859375,18.5411376953125,475.4552612304688,0.0033780729863792
tile_r019811_c011619,3,245.4947509765625,-12.737104415893556,325.2746887207031,1.1608078479766846,0.0033312377054244
tile_r019811_c011619,3,266.086669921875,491.8400268554688,316.9013061523437,522.0133056640625,0.0029829083941876
tile_r019811_c011619,3,49.62797927856445,514.0484619140625,118.7036361694336,523.5281982421875,0.0028654250781983
tile_r019811_c011619,3,59.227088928222656,514.1131591796875,132.77236938476562,523.8836669921875,0.0028413149993866
tile_r019811_c011619,3,34.272125244140625,244.2419891357422,67.12306213378906,273.391845703125,0.0028228287119418
tile_r019811_c011619,3,484.2224731445313,146.29141235351562,512.2298583984375,183.8066864013672,0.0027418571989983
tile_r019811_c011619,3,273.0686340332031,0.2516204714775085,319.90399169921875,12.797861099243164,0.0027321123052388
tile_r019811_c011619,3,75.15164947509766,514.26611328125,146.27073669433594,523.8616333007812,0.0026602558791637
tile_r019811_c011619,3,-4.634059906005859,426.379638671875,8.780904769897461,474.8609924316406,0.002572308992967
tile_r019811_c011619,3,90.5149917602539,514.415283203125,157.95712280273438,523.7050170898438,0.0025478857569396
tile_r019811_c011619,3,475.9729614257813,411.1279296875,524.0393676757812,483.23046875,0.0025199686642736
tile_r019811_c011619,3,222.7144317626953,-4.832360744476318,286.7842102050781,14.090112686157228,0.0025115518365055
tile_r019811_c011619,3,-2.941436767578125,425.1573181152344,35.11924362182617,481.6297912597656,0.0024943074677139
tile_r019811_c011619,3,97.33137512207033,504.402587890625,171.7415771484375,513.2553100585938,0.002460763324052
tile_r019811_c011619,3,143.8112030029297,514.5442504882812,209.6752166748047,523.7815551757812,0.0024075829423964
tile_r019811_c011619,3,116.1794662475586,514.4666748046875,185.19143676757807,524.0010986328125,0.002398342359811
tile_r019811_c011619,3,103.6104965209961,514.2298583984375,170.3919219970703,523.9265747070312,0.0023879760410636
tile_r019811_c011619,3,310.1123962402344,487.51611328125,362.1996154785156,522.0397338867188,0.0022846795618534
tile_r019811_c011619,3,50.42470550537109,502.9063415527344,123.4559326171875,513.61083984375,0.0022837352007627
tile_r019811_c011619,3,312.6271057128906,469.9442443847656,385.952880859375,514.7098388671875,0.0022812571842223
tile_r019811_c011619,3,240.6695556640625,520.7359619140625,310.3777160644531,524.7999877929688,0.0022795733530074
tile_r019811_c011619,3,130.4257049560547,514.5094604492188,198.5032501220703,523.8223876953125,0.0022714852821081
tile_r019811_c011619,3,321.41998291015625,484.4880981445313,346.367919921875,507.5216674804688,0.0022344645112752
tile_r019811_c011619,3,404.4561462402344,277.62841796875,456.5608520507813,330.40887451171875,0.0022293524816632
tile_r019811_c011619,3,60.8066635131836,505.06549072265625,132.1352081298828,513.2984008789062,0.0021967596840113
tile_r019811_c011619,3,27.013153076171875,503.0625,88.86878204345703,513.3665771484375,0.0021254061721265
tile_r019811_c011619,3,72.421630859375,504.9766540527344,143.9164276123047,513.1353759765625,0.0020785222295671
tile_r019811_c011619,3,142.8467254638672,512.9669189453125,231.284912109375,523.2667846679688,0.0020747049711644
tile_r019811_c011619,3,36.8168830871582,514.4459228515625,96.43650817871094,523.4869384765625,0.0020513681229203
tile_r019811_c011619,3,155.7878875732422,500.1956176757813,227.4289093017578,514.0294799804688,0.0020212144590914
tile_r019811_c011619,3,497.9910278320313,507.5391540527344,524.3689575195312,524.7999877929688,0.0019711055792868
tile_r019811_c011619,3,146.0208740234375,501.75579833984375,213.4142608642578,513.327392578125,0.001963920192793
tile_r019811_c011619,3,29.72259521484375,521.4309692382812,99.89493560791016,524.7999877929688,0.0019025701330974
tile_r019811_c011619,3,264.6732788085937,-12.800000190734863,344.5492553710937,1.1797393560409546,0.0018899309216067
tile_r019811_c011619,3,166.57705688476562,514.7124633789062,230.5069274902344,523.7860717773438,0.001866923412308
tile_r019811_c011619,3,199.36148071289065,-0.9619582891464232,262.5263061523437,30.8923282623291,0.0018128149677067
tile_r019811_c011619,3,83.9723129272461,503.9842834472656,158.7580108642578,513.3756713867188,0.0017887470312416
tile_r019811_c011619,3,273.3716735839844,518.5836181640625,345.0663452148437,524.7999877929688,0.0017883470281958
tile_r019811_c011619,3,231.7933349609375,519.854248046875,305.4565124511719,524.7999877929688,0.0017519829561933
tile_r019811_c011619,3,481.0169372558594,500.0052795410156,517.412841796875,513.4513549804688,0.0016979267820715
tile_r019811_c011619,3,127.6971664428711,503.7991638183594,204.373779296875,513.156494140625,0.0016864760546013
tile_r019811_c011619,3,271.3414001464844,151.88760375976562,340.31329345703125,216.63217163085935,0.0016713771037757
tile_r019811_c011619,3,255.0538787841797,-5.860987663269043,319.6152038574219,5.240394592285156,0.0016449388349428
tile_r019811_c011619,3,406.3282165527344,375.8691711425781,474.2655334472656,449.2138671875,0.0016416126163676
tile_r019811_c011619,3,70.0633544921875,502.6498107910156,154.2249298095703,513.5466918945312,0.0016282899305224
tile_r019811_c011619,3,426.36126708984375,382.43890380859375,447.74945068359375,401.2238159179688,0.0016279155388474
tile_r019811_c011619,3,30.568323135375977,511.7808227539063,118.76158142089844,521.9227294921875,0.001626493409276
tile_r019811_c011619,3,520.01904296875,121.1051788330078,524.6047973632812,185.73171997070312,0.0016262347344309
tile_r019811_c011619,3,295.62481689453125,485.6055603027344,363.6349182128906,523.5030517578125,0.0015953864203765
tile_r019811_c011619,3,337.5958557128906,520.8045043945312,408.1754455566406,524.7999877929688,0.0015786483418196
tile_r019811_c011619,3,256.5379943847656,514.7611083984375,339.1209411621094,519.1458740234375,0.0015755646163597
tile_r019811_c011619,3,422.8434448242188,381.68463134765625,451.0818481445313,404.9402770996094,0.0015539550222456
tile_r019811_c011619,3,28.38605308532715,514.7346801757812,86.12566375732422,523.9171142578125,0.0015339273959398
tile_r019811_c011619,3,460.5259704589844,522.8660278320312,524.7999877929688,524.7999877929688,0.0015328776789829
tile_r019811_c011619,3,330.56842041015625,513.7894287109375,403.23284912109375,524.640625,0.0014413737226277
tile_r019811_c011619,3,315.1202697753906,494.7875061035156,390.06842041015625,524.4901123046875,0.001440706779249
tile_r019811_c011619,3,288.9932556152344,-0.4096412658691406,330.9657592773437,13.126419067382812,0.001426838687621
tile_r019811_c011619,3,447.4805603027344,521.99560546875,521.70751953125,524.7999877929688,0.0014039549278095
tile_r019811_c011619,3,122.9402847290039,511.7911682128906,216.43701171875,522.620361328125,0.0014038874069228
tile_r019811_c011619,3,445.81591796875,511.59619140625,522.9098510742188,520.0407104492188,0.0013996749185025
tile_r019811_c011619,3,167.8277130126953,502.0325317382813,238.10012817382807,513.0540161132812,0.0013508693082258
tile_r019811_c011619,3,308.48150634765625,354.6341857910156,356.35675048828125,407.9703979492188,0.0013466220116242
tile_r019811_c011619,3,109.4739990234375,505.76177978515625,183.8002166748047,512.9927368164062,0.0013400287134572
tile_r019811_c011619,3,511.324951171875,130.131591796875,524.7310791015625,199.124267578125,0.0013337522977963
tile_r019811_c011619,3,313.19189453125,518.5946044921875,385.5933227539063,524.7999877929688,0.0013334550894796
tile_r019811_c011619,3,18.981897354125977,515.6588745117188,73.26164245605469,524.2620239257812,0.0013330690562725
tile_r019811_c011619,3,319.71826171875,462.8894653320313,400.9329223632813,515.529296875,0.0013279761187732
tile_r019811_c011619,3,282.695068359375,520.1397094726562,352.0384826660156,524.7999877929688,0.0013233822537586
tile_r019811_c011619,3,-2.684619188308716,184.44644165039065,57.5267219543457,242.0264129638672,0.001321981428191
tile_r019811_c011619,3,16.93634033203125,231.1719665527344,76.92781066894531,283.794189453125,0.0013133885804563
tile_r019811_c011619,3,320.1896057128906,519.7918090820312,392.126220703125,524.7999877929688,0.0013110358268022
tile_r019811_c011619,3,234.24057006835935,299.1517028808594,302.021240234375,373.9165649414063,0.0013083751546218
tile_r019811_c011619,3,443.30084228515625,115.072998046875,521.090087890625,196.6932678222656,0.0013025655644014
tile_r019811_c011619,3,465.4489135742188,107.6344985961914,522.7607421875,194.2141876220703,0.0012970416573807
tile_r019811_c011619,3,95.3748779296875,520.388671875,169.80386352539062,524.7999877929688,0.00128648604732
tile_r019811_c011619,3,198.0809631347656,-12.800000190734863,273.2718811035156,2.037707567214966,0.0012628837721422
tile_r019811_c011619,3,-9.877580642700195,397.05859375,40.80952072143555,484.5054626464844,0.0012570016551762
tile_r019811_c011619,3,512.9336547851562,429.326171875,524.7999877929688,502.6488342285156,0.0012506179045885
tile_r019811_c011619,3,239.7915496826172,-0.0677917450666427,301.2999572753906,13.913610458374023,0.0012488454813137
tile_r019811_c011619,3,368.29248046875,297.64276123046875,400.7374877929688,314.0682373046875,0.0012363489950075
tile_r019811_c011619,3,45.8135986328125,521.8776245117188,118.22645568847656,524.7999877929688,0.0012361964909359
tile_r019811_c011619,3,365.0910949707031,520.8797607421875,433.72216796875,524.7999877929688,0.0012293480103835
tile_r019811_c011619,3,82.35997009277344,521.3534545898438,157.4706573486328,524.7999877929688,0.0012245592661201
tile_r019811_c011619,3,34.05484771728516,503.1541442871094,102.5416488647461,514.0253295898438,0.0012141608167439
tile_r019811_c011619,3,12.278698921203612,510.3317260742188,103.61322021484376,522.8453979492188,0.0012129400856792
tile_r019811_c011619,3,176.82681274414062,514.754150390625,243.8367156982422,524.4013061523438,0.0011968817561864
tile_r019811_c011619,3,345.5978088378906,516.29345703125,414.0457153320313,524.6930541992188,0.0011925924336537
tile_r019811_c011619,3,449.3864135742188,514.7579345703125,511.5372924804688,523.9905395507812,0.0011608242057263
tile_r019811_c011619,3,393.9528503417969,-3.612451076507568,444.4541931152344,9.503686904907228,0.0011586342006921
tile_r019811_c011619,3,92.4920883178711,510.0652770996094,185.39340209960935,521.7862548828125,0.0011556271929293
tile_r019811_c011619,3,372.8179626464844,520.0017700195312,442.8873901367188,524.7999877929688,0.0011433662148192
tile_r019811_c011619,3,459.77294921875,414.8824768066406,523.0368041992188,486.6505432128906,0.0011294160503894
tile_r019811_c011619,3,133.7967529296875,521.8922729492188,209.84848022460935,524.7999877929688,0.0011236072750762
tile_r019811_c011619,3,359.59747314453125,-12.29775047302246,438.79833984375,0.8507232666015625,0.0011016861535608
tile_r019811_c011619,3,252.861083984375,-12.704391479492188,314.41558837890625,-6.976914405822754,0.0011008268920704
tile_r019811_c011619,3,58.37090301513672,511.3758850097656,152.83731079101562,522.7233276367188,0.0010994487674906
tile_r019811_c011619,3,437.7097778320313,502.4979553222656,512.9920654296875,513.63671875,0.0010883072391152
tile_r019811_c011619,3,44.78376007080078,510.1830139160156,139.9224853515625,522.0408935546875,0.0010876433225348
tile_r019811_c011619,3,410.839599609375,285.3500366210937,453.5729064941406,332.704345703125,0.0010800574673339
tile_r019811_c011619,3,68.2384262084961,520.7498779296875,145.393310546875,524.7999877929688,0.0010738237760961
tile_r019811_c011619,3,249.8671875,-0.0903495773673057,310.47808837890625,13.217114448547363,0.0010521239601075
tile_r019811_c011619,3,437.07366943359375,509.1286010742188,522.6639404296875,521.8903198242188,0.0010417064186185
tile_r019811_c011619,3,165.6426239013672,521.1317138671875,231.111572265625,524.7999877929688,0.0010283817537128
tile_r019811_c011619,3,244.9458465576172,522.0304565429688,313.7621459960937,524.7999877929688,0.0010194561909884
tile_r019811_c011619,3,243.62548828125,512.8972778320312,308.96905517578125,524.7999877929688,0.0010184320854023
tile_r019811_c011619,3,513.6842041015625,361.2381896972656,524.3355712890625,432.25927734375,0.0010174947092309
tile_r019811_c011619,3,388.5116271972656,516.0342407226562,450.52587890625,524.7999877929688,0.0010099856881424
tile_r019811_c011619,3,248.5880126953125,481.14208984375,317.4192199707031,524.1442260742188,0.0010008290410041
tile_r020067_c010083,3,185.6020050048828,341.83941650390625,239.15756225585935,393.86138916015625,0.8007296323776245
tile_r020067_c010083,3,90.15690612792967,18.004018783569336,150.4895477294922,73.24143981933594,0.7985590696334839
tile_r020067_c010083,3,155.84933471679688,121.27286529541016,193.6834259033203,159.16476440429688,0.7706770300865173
tile_r020067_c010083,3,36.18334579467773,300.94830322265625,101.5044403076172,373.4291076660156,0.7693898677825928
tile_r020067_c010083,3,0.5178467035293579,177.93475341796875,51.2462272644043,222.9029235839844,0.7608228325843811
tile_r020067_c010083,3,251.87368774414065,429.1057739257813,307.9036560058594,477.6034240722656,0.73521888256073
tile_r020067_c010083,3,436.48345947265625,48.83358001708984,495.80755615234375,102.3911590576172,0.7181013822555542
tile_r020067_c010083,3,35.64091873168945,443.3577270507813,106.51994323730467,508.3040161132813,0.6916451454162598
tile_r020067_c010083,3,428.5755004882813,159.2574920654297,465.8304748535156,199.6929931640625,0.6881700754165649
tile_r020067_c010083,3,53.3676643371582,245.5107421875,78.76531982421875,267.9917907714844,0.6116542220115662
tile_r020067_c010083,3,472.3928833007813,215.42251586914065,510.9456176757813,254.22769165039065,0.4385484457015991
tile_r020067_c010083,3,-0.1985458433628082,102.9144058227539,27.402612686157227,145.0166015625,0.2885867357254028
tile_r020067_c010083,3,41.4955940246582,89.58982849121094,72.68878173828125,119.54608154296876,0.1779831349849701
tile_r020067_c010083,3,253.8330535888672,438.5747680664063,303.8995056152344,474.01275634765625,0.1484382599592209
tile_r020067_c010083,3,43.5556640625,93.1846923828125,68.41044616699219,118.1486587524414,0.1425262689590454
tile_r020067_c010083,3,1.7244751453399658,108.7850112915039,25.05562210083008,142.0924835205078,0.122019425034523
tile_r020067_c010083,3,40.5203742980957,316.7978515625,89.50502014160156,369.8425903320313,0.1134507358074188
tile_r020067_c010083,3,469.1797790527344,210.8134307861328,514.47509765625,258.7449645996094,0.1059695184230804
tile_r020067_c010083,3,329.16717529296875,374.43756103515625,361.1332092285156,402.9777221679688,0.0880913212895393
tile_r020067_c010083,3,50.859962463378906,243.5972137451172,81.1618423461914,270.9833374023437,0.077380321919918
tile_r020067_c010083,3,437.7261657714844,60.127662658691406,482.3766479492188,99.5357666015625,0.0743250772356987
tile_r020067_c010083,3,22.32163619995117,435.0399475097656,48.173484802246094,459.9196166992188,0.0627530217170715
tile_r020067_c010083,3,424.8804626464844,155.0844268798828,470.861328125,202.84228515625,0.0563376881182193
tile_r020067_c010083,3,38.522193908691406,450.8616333007813,99.06229400634766,502.46435546875,0.0520515516400337
tile_r020067_c010083,3,38.07129669189453,86.37236022949219,75.96173858642578,122.4174346923828,0.0260199420154094
tile_r020067_c010083,3,1.192571997642517,311.1005249023437,23.1856632232666,340.2969055175781,0.0128482496365904
tile_r020067_c010083,3,464.2742309570313,206.9159393310547,516.0047607421875,267.7191772460937,0.0117959883064031
tile_r020067_c010083,3,-10.00636863708496,91.8444366455078,28.688854217529297,149.148193359375,0.0112753082066774
tile_r020067_c010083,3,-4.296368598937988,168.01956176757812,55.87879180908203,229.99514770507807,0.0106359496712684
tile_r020067_c010083,3,-1.3704131841659546,97.4149398803711,31.845016479492188,151.1191864013672,0.0100427875295281
tile_r020067_c010083,3,30.56876564025879,430.4805603027344,113.02345275878906,513.2852783203125,0.0080306800082325
tile_r020067_c010083,3,57.1163215637207,302.7015075683594,95.9792709350586,333.06744384765625,0.0059337466955184
tile_r020067_c010083,3,260.7347717285156,503.42822265625,324.5809936523437,513.18115234375,0.0054838652722537
tile_r020067_c010083,3,265.977783203125,501.8409118652344,333.22607421875,513.33935546875,0.0052501554600894
tile_r020067_c010083,3,97.15950012207033,21.967456817626957,146.37014770507812,67.99961853027344,0.0042676809243857
tile_r020067_c010083,3,475.1133728027344,219.1262969970703,508.0475463867188,249.8859100341797,0.0039919652044773
tile_r020067_c010083,3,318.0863952636719,501.3049926757813,391.3947143554688,512.97900390625,0.0038510130252689
tile_r020067_c010083,3,-4.067383766174316,85.6551742553711,13.510790824890137,147.1624755859375,0.0036840371321886
tile_r020067_c010083,3,308.80322265625,502.9446411132813,376.7261657714844,512.7567138671875,0.0036159874871373
tile_r020067_c010083,3,92.3704833984375,-12.529301643371582,165.6107177734375,1.4171905517578125,0.00361341657117
tile_r020067_c010083,3,43.22087478637695,302.07403564453125,98.24674224853516,358.32891845703125,0.0035387317184358
tile_r020067_c010083,3,1.9202606678009035,300.5821533203125,20.693187713623047,345.3131103515625,0.003323980141431
tile_r020067_c010083,3,447.2374877929688,51.06669998168945,494.4010620117188,95.1593780517578,0.0032647002954035
tile_r020067_c010083,3,50.017372131347656,302.04962158203125,97.45848083496094,343.7585144042969,0.0031905262731015
tile_r020067_c010083,3,151.54275512695312,117.17692565917967,200.9756317138672,163.8810272216797,0.0030974829569458
tile_r020067_c010083,3,0.9141632318496704,361.13372802734375,12.553350448608398,383.95458984375,0.0030070219654589
tile_r020067_c010083,3,270.61572265625,513.9597778320312,336.31561279296875,523.60595703125,0.0029355071019381
tile_r020067_c010083,3,236.9345703125,508.4153442382813,331.28302001953125,521.2424926757812,0.0029104908462613
tile_r020067_c010083,3,33.234893798828125,78.10490417480469,80.80848693847656,123.4747543334961,0.0028890494722872
tile_r020067_c010083,3,276.223388671875,502.25201416015625,347.2943420410156,513.5267333984375,0.0027909078635275
tile_r020067_c010083,3,432.5457153320313,38.41169357299805,504.0562438964844,112.0423583984375,0.0027676499448716
tile_r020067_c010083,3,245.0986785888672,503.8343200683594,316.160888671875,513.1636962890625,0.0027662655338644
tile_r020067_c010083,3,294.98248291015625,502.5375061035156,368.297119140625,512.9611206054688,0.0027310070581734
tile_r020067_c010083,3,295.4145812988281,514.279296875,365.4370727539063,524.0374755859375,0.0027157252188771
tile_r020067_c010083,3,281.0484924316406,514.1346435546875,350.4495544433594,524.038330078125,0.0026985250879079
tile_r020067_c010083,3,308.3321228027344,514.5465087890625,376.80322265625,523.6316528320312,0.0025448533706367
tile_r020067_c010083,3,261.1787109375,521.1590576171875,337.23809814453125,524.7999877929688,0.0025203402619808
tile_r020067_c010083,3,249.86474609375,513.5618896484375,313.8150329589844,523.6630859375,0.0023408751003444
tile_r020067_c010083,3,319.492919921875,514.8175048828125,388.43267822265625,523.6837158203125,0.002324468223378
tile_r020067_c010083,3,0.5475708246231079,104.86921691894533,19.82027053833008,140.3466033935547,0.0023234742693603
tile_r020067_c010083,3,331.780029296875,377.18890380859375,358.4359741210937,399.97662353515625,0.0023230731021612
tile_r020067_c010083,3,241.3172912597656,514.16748046875,301.96954345703125,523.7332763671875,0.0022611366584897
tile_r020067_c010083,3,387.9809265136719,217.1669464111328,456.65185546875,293.8777770996094,0.0022512429859489
tile_r020067_c010083,3,48.44453048706055,241.6675720214844,85.86439514160156,274.7210998535156,0.002201881725341
tile_r020067_c010083,3,102.1441879272461,503.91796875,166.9289093017578,513.3058471679688,0.002197673311457
tile_r020067_c010083,3,223.2027282714844,503.85107421875,295.3583068847656,513.20458984375,0.0021657044999301
tile_r020067_c010083,3,244.070068359375,510.8939514160156,337.28582763671875,521.8190307617188,0.0020610489882528
tile_r020067_c010083,3,166.9602508544922,521.9954833984375,236.691650390625,524.7999877929688,0.0019655779469758
tile_r020067_c010083,3,31.453516006469727,519.2030029296875,99.46629333496094,524.7999877929688,0.0019279260886833
tile_r020067_c010083,3,198.6649475097656,521.0025634765625,274.4032592773437,524.7999877929688,0.0018977057188749
tile_r020067_c010083,3,179.70555114746094,331.9609375,248.1525421142578,400.281005859375,0.0018828856991603
tile_r020067_c010083,3,229.3279266357422,514.5510864257812,290.2318420410156,524.0030517578125,0.0018409559270367
tile_r020067_c010083,3,262.51641845703125,511.1985473632813,356.4317321777344,522.8834838867188,0.0018284677062183
tile_r020067_c010083,3,28.878490447998047,296.8871154785156,112.280517578125,381.15576171875,0.0017696256982162
tile_r020067_c010083,3,446.6471557617188,0.337228387594223,511.2473754882813,13.654986381530762,0.0017585408641025
tile_r020067_c010083,3,63.931251525878906,303.6829528808594,94.5356674194336,323.724853515625,0.0017264861380681
tile_r020067_c010083,3,429.7078247070313,0.3894104063510895,494.451171875,13.513354301452637,0.0017235088162124
tile_r020067_c010083,3,120.0374755859375,1.171600341796875,158.2725830078125,12.9716796875,0.0017011637100949
tile_r020067_c010083,3,107.4861068725586,1.4953094720840454,159.84915161132812,13.681524276733398,0.0016908957622945
tile_r020067_c010083,3,331.449951171875,514.5387573242188,403.6958618164063,524.25244140625,0.001663114875555
tile_r020067_c010083,3,394.5969543457031,521.5750732421875,454.9354553222656,524.7999877929688,0.0016506039537489
tile_r020067_c010083,3,345.6600036621094,521.3795776367188,418.59466552734375,524.7999877929688,0.0016395265702158
tile_r020067_c010083,3,368.8695068359375,521.5812377929688,434.2867126464844,524.7999877929688,0.0016142257954925
tile_r020067_c010083,3,439.4615173339844,66.67002868652344,472.5310668945313,97.21900939941406,0.0015999875031411
tile_r020067_c010083,3,50.3358154296875,520.5570678710938,114.6776351928711,524.7999877929688,0.0015779847744852
tile_r020067_c010083,3,368.9786987304688,170.46820068359375,431.6149291992188,238.5557098388672,0.001576003502123
tile_r020067_c010083,3,101.24763488769533,-5.571438789367676,157.3834228515625,5.446508884429932,0.0015670134453102
tile_r020067_c010083,3,307.7313537597656,521.7410278320312,380.0353393554688,524.7999877929688,0.0015584107022732
tile_r020067_c010083,3,-10.426526069641112,59.99622344970703,40.64540481567383,156.68338012695312,0.0015248510753735
tile_r020067_c010083,3,0.562225341796875,354.9896850585937,16.539281845092773,384.41998291015625,0.0015111392131075
tile_r020067_c010083,3,215.2790985107422,514.9573364257812,277.3681640625,524.2769775390625,0.0015092589892446
tile_r020067_c010083,3,199.12060546875,515.1207275390625,262.39678955078125,524.4251708984375,0.0014210173394531
tile_r020067_c010083,3,279.8157653808594,521.6306762695312,358.634033203125,524.7999877929688,0.0014202285092324
tile_r020067_c010083,3,327.3182067871094,500.32470703125,406.6089477539063,513.4393310546875,0.001411952311173
tile_r020067_c010083,3,346.710693359375,515.4135131835938,425.22607421875,524.7965087890625,0.0014115973608568
tile_r020067_c010083,3,219.74917602539065,509.5120239257813,312.88970947265625,522.0914916992188,0.0014113339129835
tile_r020067_c010083,3,85.66405487060547,8.555712699890137,159.69638061523438,77.17848205566406,0.0014009524602442
tile_r020067_c010083,3,211.6658172607422,520.8802490234375,288.3465881347656,524.7999877929688,0.0013991477899253
tile_r020067_c010083,3,119.9601593017578,515.3240966796875,181.930419921875,524.0130615234375,0.0013613092014566
tile_r020067_c010083,3,19.511455535888672,518.38037109375,87.18991088867188,524.7999877929688,0.001337632886134
tile_r020067_c010083,3,150.46102905273438,515.4453125,211.50863647460935,524.72265625,0.001328597893007
tile_r020067_c010083,3,421.572021484375,-12.460637092590332,509.21002197265625,1.4798797369003296,0.0013270247727632
tile_r020067_c010083,3,47.38335037231445,234.45263671875,85.0305404663086,270.5902404785156,0.0013265067245811
tile_r020067_c010083,3,131.71353149414062,515.1769409179688,195.649658203125,524.5076293945312,0.0013244528090581
tile_r020067_c010083,3,96.6544952392578,515.1885986328125,150.40469360351562,524.3409423828125,0.0013206418370828
tile_r020067_c010083,3,1.4320647716522217,95.7318115234375,19.49696350097656,119.7940444946289,0.0013202116824686
tile_r020067_c010083,3,169.04489135742188,515.6267700195312,223.8818817138672,524.25,0.0013135010376572
tile_r020067_c010083,3,493.1578063964844,201.0122985839844,523.6926879882812,268.2113342285156,0.0013061284553259
tile_r020067_c010083,3,96.98465728759766,521.9158935546875,166.21441650390625,524.7999877929688,0.0012723784893751
tile_r020067_c010083,3,321.977783203125,367.9527893066406,366.546630859375,412.3478088378906,0.0012554312124848
tile_r020067_c010083,3,382.4388732910156,521.4583129882812,444.5901489257813,524.7999877929688,0.0012507782084867
tile_r020067_c010083,3,96.948974609375,0.499298095703125,154.56689453125,14.2194185256958,0.0012494612019509
tile_r020067_c010083,3,185.2014312744141,505.0403442382813,247.9009246826172,513.1735229492188,0.0012417252874001
tile_r020067_c010083,3,-0.1482391357421875,304.2381286621094,30.76366233825684,350.48077392578125,0.001237342134118
tile_r020067_c010083,3,72.50016784667969,-12.800000190734863,157.37185668945312,1.8741881847381592,0.0012339202221482
tile_r020067_c010083,3,373.4600830078125,515.7501220703125,437.0885620117188,524.4722900390625,0.0012200146447867
tile_r020067_c010083,3,201.5696258544922,510.9488220214844,296.86669921875,522.9508666992188,0.0012177925091236
tile_r020067_c010083,3,187.74896240234372,515.4351806640625,248.114990234375,523.9776611328125,0.0012124007334932
tile_r020067_c010083,3,513.0615234375,40.3689079284668,524.0496215820312,117.5024871826172,0.0012045796029269
tile_r020067_c010083,3,362.062255859375,500.1348571777344,428.84521484375,513.3640747070312,0.0012036270927637
tile_r020067_c010083,3,111.72370910644533,515.3521118164062,170.2071533203125,523.8009033203125,0.0012010775972157
tile_r020067_c010083,3,56.81267166137695,515.69189453125,121.2529067993164,524.59814453125,0.001195611199364
tile_r020067_c010083,3,84.75375366210938,502.5431213378906,159.740234375,513.2166748046875,0.0011662241304293
tile_r020067_c010083,3,112.377685546875,504.5049743652344,181.29220581054688,513.5438232421875,0.0011577922850847
tile_r020067_c010083,3,38.2388916015625,500.4576110839844,111.8859405517578,514.865234375,0.0011546600144356
tile_r020067_c010083,3,322.5455017089844,360.6506958007813,373.7646484375,421.9360961914063,0.0011420730734243
tile_r020067_c010083,3,289.14703369140625,511.6875,382.278076171875,521.8251953125,0.0011412444291636
tile_r020067_c010083,3,-1.444280982017517,305.7469787597656,33.06908416748047,372.9662170410156,0.0011308629764243
tile_r020067_c010083,3,330.6581115722656,76.84101867675781,486.3679809570313,227.06753540039065,0.0010964015964418
tile_r020067_c010083,3,253.2516632080078,485.6267700195313,337.03936767578125,512.7394409179688,0.0010883569484576
tile_r020067_c010083,3,227.6965789794922,520.1281127929688,305.58905029296875,524.7999877929688,0.0010780899319797
tile_r020067_c010083,3,365.8535461425781,499.0900268554688,439.2464904785156,517.1876831054688,0.0010721877915784
tile_r020067_c010083,3,512.6475219726562,89.77375793457031,524.389892578125,157.04367065429688,0.0010714761447161
tile_r020067_c010083,3,71.61293029785156,502.05810546875,146.46206665039062,513.85693359375,0.0010651893680915
tile_r020067_c010083,3,63.19854736328125,519.5309448242188,132.57862854003906,524.7999877929688,0.001062897965312
tile_r020067_c010083,3,83.79080963134766,515.2142333984375,136.87355041503906,524.7386474609375,0.001059670234099
tile_r020067_c010083,3,510.9909057617188,-12.800000190734863,524.5889892578125,-0.4458763003349304,0.0010340715525671
tile_r020067_c010083,3,164.18704223632812,512.6658325195312,251.24447631835935,523.5022583007812,0.0010176725918427
tile_r020067_c010083,3,133.35775756835938,522.0647583007812,201.40576171875,524.7999877929688,0.0010154852643609
tile_r020067_c010083,3,512.4022216796875,75.63700103759766,524.41455078125,147.18324279785156,0.0010128677822649
tile_r020067_c010083,3,356.16326904296875,513.8567504882812,442.6181640625,524.7999877929688,0.0010116546181961
tile_r020067_c010083,3,292.6319885253906,521.2827758789062,373.191162109375,524.7999877929688,0.0010113486787304
