tile,fold,x0,y0,x1,y1,score
tile_r018019_c008291,2,189.71910095214844,113.65684509277344,245.48367309570312,166.51852416992188,0.912375271320343
tile_r018019_c008291,2,182.239013671875,265.50946044921875,254.7671661376953,322.73736572265625,0.858625590801239
tile_r018019_c008291,2,113.26297760009766,207.3197326660156,157.6607208251953,246.47183227539065,0.8389793634414673
tile_r018019_c008291,2,345.61669921875,175.2662353515625,381.8714294433594,210.4384002685547,0.7367724180221558
tile_r018019_c008291,2,144.1924285888672,427.8971557617188,201.84664916992188,483.6455078125,0.7319564819335938
tile_r018019_c008291,2,56.11369705200195,132.20755004882812,101.1129150390625,171.656494140625,0.6794564723968506
tile_r018019_c008291,2,178.19528198242188,365.078369140625,224.2884063720703,406.989990234375,0.6559151411056519
tile_r018019_c008291,2,273.41064453125,399.7569274902344,325.992431640625,445.14935302734375,0.6517634987831116
tile_r018019_c008291,2,255.4818572998047,319.91656494140625,315.5639038085937,373.73626708984375,0.635246217250824
tile_r018019_c008291,2,351.52642822265625,455.8577270507813,403.44915771484375,502.96337890625,0.634416401386261
tile_r018019_c008291,2,309.0194702148437,126.49871826171876,348.7096252441406,163.2327880859375,0.5605525970458984
tile_r018019_c008291,2,364.6069641113281,270.8940734863281,410.4920959472656,314.9145812988281,0.5385354161262512
tile_r018019_c008291,2,366.7076110839844,272.5834350585937,408.70062255859375,312.6897277832031,0.5082950592041016
tile_r018019_c008291,2,231.114501953125,57.08026123046875,280.9854736328125,109.86409759521484,0.3945460617542267
tile_r018019_c008291,2,228.6027374267578,53.77362060546875,283.63641357421875,111.79842376708984,0.3575898110866546
tile_r018019_c008291,2,307.3003845214844,123.82820892333984,350.8646545410156,165.7806854248047,0.2861519157886505
tile_r018019_c008291,2,180.4440155029297,368.26666259765625,220.72952270507807,403.4885864257813,0.2212015390396118
tile_r018019_c008291,2,109.37147521972656,-2.020867824554444,161.4217529296875,22.066370010375977,0.2050511837005615
tile_r018019_c008291,2,257.7479858398437,323.6058044433594,312.49627685546875,370.9674987792969,0.1819936037063598
tile_r018019_c008291,2,271.19927978515625,398.0174255371094,327.1524963378906,447.3827209472656,0.1172002255916595
tile_r018019_c008291,2,353.3446655273437,459.81591796875,400.3001098632813,500.4998474121094,0.0975636094808578
tile_r018019_c008291,2,347.32769775390625,177.82643127441406,379.3966979980469,207.8169860839844,0.0597787052392959
tile_r018019_c008291,2,64.05329895019531,43.8974723815918,114.206787109375,96.4842529296875,0.0250617396086454
tile_r018019_c008291,2,144.3853759765625,429.64691162109375,200.92074584960935,483.3531799316406,0.0207844004034996
tile_r018019_c008291,2,58.67621612548828,135.60818481445312,97.89006042480467,169.2577362060547,0.0165870562195777
tile_r018019_c008291,2,146.1830291748047,431.2326049804688,199.4706573486328,480.87152099609375,0.0127329248934984
tile_r018019_c008291,2,111.67354583740234,203.0000915527344,160.4308319091797,249.2543029785156,0.0092773828655481
tile_r018019_c008291,2,108.6698226928711,1.309075951576233,158.81640625,23.198467254638672,0.0080310981720685
tile_r018019_c008291,2,274.2675476074219,402.0838317871094,323.5507202148437,444.2103576660156,0.0062570865266025
tile_r018019_c008291,2,59.04720306396485,36.925559997558594,119.5710678100586,99.54875183105467,0.0054620997980237
tile_r018019_c008291,2,178.9779510498047,257.865234375,260.65997314453125,328.3095092773437,0.0033688289113342
tile_r018019_c008291,2,257.2599182128906,322.2772216796875,314.75323486328125,371.3963012695313,0.0018700358923524
tile_r018019_c008291,2,235.5318145751953,58.433204650878906,274.7367553710937,93.07240295410156,0.0011593158124014
tile_r018019_c008547,2,410.5205078125,40.73252487182617,454.100830078125,80.33079528808594,0.864163339138031
tile_r018019_c008547,2,89.26516723632812,174.71475219726562,126.28250885009766,210.79080200195312,0.7577191591262817
tile_r018019_c008547,2,363.7864685058594,130.76754760742188,416.7313537597656,177.29937744140625,0.746060311794281
tile_r018019_c008547,2,95.13873291015624,455.4849548339844,147.6902618408203,503.4544372558594,0.670183002948761
tile_r018019_c008547,2,287.8385314941406,74.713623046875,323.3002014160156,109.19464111328124,0.6637384295463562
tile_r018019_c008547,2,371.7068786621094,378.3829650878906,425.9088439941406,423.7059631347656,0.6588285565376282
tile_r018019_c008547,2,107.92606353759766,270.16912841796875,155.0486297607422,315.590576171875,0.6257399916648865
tile_r018019_c008547,2,17.100927352905273,399.25396728515625,70.18850708007812,445.7306213378906,0.5719918012619019
tile_r018019_c008547,2,-0.743176281452179,320.0214538574219,60.226341247558594,374.1202087402344,0.5633373260498047
tile_r018019_c008547,2,52.54547882080078,125.9445571899414,93.16239166259766,163.84140014648438,0.48526331782341
tile_r018019_c008547,2,484.5908203125,165.13015747070312,513.968505859375,209.19174194335935,0.4812446236610412
tile_r018019_c008547,2,110.06624603271484,271.9381103515625,153.20785522460938,313.36981201171875,0.4184601902961731
tile_r018019_c008547,2,50.8031120300293,123.12940979003906,95.3584213256836,166.29710388183594,0.3939774930477142
tile_r018019_c008547,2,-1.1116653680801392,60.77558517456055,26.04096031188965,108.2917022705078,0.3180321455001831
tile_r018019_c008547,2,494.3273315429688,259.5477905273437,514.4368286132812,291.5354919433594,0.2651719450950622
tile_r018019_c008547,2,285.59539794921875,71.92803192138672,324.945068359375,111.8267059326172,0.2583876550197601
tile_r018019_c008547,2,14.912725448608398,397.5667419433594,71.27015686035156,447.848388671875,0.1746673434972763
tile_r018019_c008547,2,369.6724853515625,374.2726440429688,428.5651245117188,426.37200927734375,0.146840751171112
tile_r018019_c008547,2,1.3659286499023438,323.68878173828125,57.0101318359375,371.4302062988281,0.0959398373961448
tile_r018019_c008547,2,97.07364654541016,459.453369140625,144.5489959716797,500.95806884765625,0.0825077146291732
tile_r018019_c008547,2,361.4749145507813,129.0177001953125,417.7990112304688,179.28378295898438,0.0632692128419876
tile_r018019_c008547,2,496.2612915039063,266.13580322265625,513.1422119140625,289.30291748046875,0.0473826043307781
tile_r018019_c008547,2,91.0440902709961,177.48033142089844,123.6748275756836,207.9977569580078,0.0448037534952163
tile_r018019_c008547,2,488.271484375,164.26052856445312,513.133056640625,208.77713012695312,0.0321357622742652
tile_r018019_c008547,2,1.5457642078399658,322.17022705078125,59.23454666137695,371.7520751953125,0.0181747153401374
tile_r018019_c008547,2,497.9034729003906,267.9364013671875,513.1364135742188,288.4999084472656,0.011748768389225
tile_r018019_c008547,2,490.50775146484375,250.40402221679688,516.280517578125,295.70751953125,0.0092982603237032
tile_r018019_c008547,2,481.35833740234375,159.67306518554688,516.40771484375,213.9459991455078,0.0079795196652412
tile_r018019_c008547,2,18.110570907592773,401.5726013183594,67.6338119506836,444.6224670410156,0.0053522852249443
tile_r018019_c008547,2,0.0257812496274709,67.2208251953125,22.72164535522461,106.3493423461914,0.0040588211268186
tile_r018019_c008547,2,1.9511291980743408,72.57139587402344,18.632741928100582,105.3003921508789,0.0033263333607465
tile_r018019_c008547,2,497.3079528808594,263.15216064453125,513.63818359375,290.35333251953125,0.0030960389412939
tile_r018019_c008547,2,487.21575927734375,160.63893127441406,512.5831298828125,194.35092163085935,0.0024767348077148
tile_r018019_c008547,2,0.0987045317888259,61.67625045776367,19.3421573638916,93.85084533691406,0.00193876423873
tile_r018019_c008547,2,488.16888427734375,255.7789306640625,514.4765625,294.16900634765625,0.0018181994091719
tile_r018019_c008547,2,264.64459228515625,-1.5498154163360596,305.6871643066406,12.964471817016602,0.0014851677697151
tile_r018019_c008547,2,-2.3748855590820312,55.9273567199707,30.23189163208008,113.30583190917967,0.0014601974980905
tile_r018019_c008547,2,495.7023010253906,264.4335327148437,513.521728515625,288.0450744628906,0.0014399627689272
tile_r018019_c008547,2,494.9494018554688,172.58798217773438,518.2679443359375,216.64041137695312,0.0014145626919344
tile_r018019_c008547,2,-0.5464507937431335,61.77793502807617,16.814035415649414,96.3804702758789,0.0013585557462647
tile_r018019_c008547,2,-0.424163818359375,56.80840301513672,19.86287879943848,94.1281509399414,0.0011761793866753
tile_r018019_c008547,2,486.489990234375,170.93887329101562,511.49114990234375,207.10009765625,0.0011419071815907
tile_r018019_c008803,2,154.0042724609375,40.0699348449707,198.9493408203125,80.99766540527344,0.8697624206542969
tile_r018019_c008803,2,227.69839477539065,160.51983642578125,289.8488464355469,220.44552612304688,0.862014889717102
tile_r018019_c008803,2,239.093994140625,262.0743408203125,273.3780822753906,292.54217529296875,0.7697139978408813
tile_r018019_c008803,2,107.9245147705078,130.7179412841797,161.3877410888672,177.53475952148438,0.7652256488800049
tile_r018019_c008803,2,116.28692626953124,379.1616821289063,169.78016662597656,423.15472412109375,0.699579656124115
tile_r018019_c008803,2,32.11128616333008,75.08854675292969,67.21659088134766,108.6307144165039,0.6868117451667786
tile_r018019_c008803,2,316.3213806152344,221.6010284423828,366.487060546875,270.1481628417969,0.6852008104324341
tile_r018019_c008803,2,285.19970703125,334.5448608398437,343.5469665527344,380.852294921875,0.6651144027709961
tile_r018019_c008803,2,317.4103698730469,437.766357421875,385.4701843261719,499.1784057617188,0.5026227831840515
tile_r018019_c008803,2,29.846271514892575,72.33999633789062,68.8604736328125,111.3100357055664,0.2597091794013977
tile_r018019_c008803,2,349.8731384277344,368.8512878417969,380.7411193847656,393.9277038574219,0.132213294506073
tile_r018019_c008803,2,280.92315673828125,331.9472045898437,344.9309997558594,383.1111145019531,0.1297670155763626
tile_r018019_c008803,2,114.22035217285156,374.89984130859375,172.53378295898438,425.90277099609375,0.0724130496382713
tile_r018019_c008803,2,318.49176025390625,225.46609497070312,363.3352355957031,267.68511962890625,0.0491082370281219
tile_r018019_c008803,2,105.6649398803711,128.99993896484375,162.37991333007812,179.44369506835938,0.036002017557621
tile_r018019_c008803,2,265.3317565917969,-1.9765838384628296,307.6786193847656,19.933349609375,0.0300085172057151
tile_r018019_c008803,2,316.2062683105469,437.0045776367188,386.4273986816406,499.7916870117188,0.0257487744092941
tile_r018019_c008803,2,350.9460144042969,371.70947265625,375.2174377441406,390.7064208984375,0.0163224954158067
tile_r018019_c008803,2,315.0522155761719,433.94439697265625,389.3690490722656,503.01611328125,0.011287897825241
tile_r018019_c008803,2,265.2752990722656,1.0286285877227783,306.06610107421875,23.89504051208496,0.0061117182485759
tile_r018019_c008803,2,266.0633850097656,0.7215011715888977,305.0150756835937,19.31150245666504,0.0059655685909092
tile_r018019_c008803,2,354.72283935546875,371.5278930664063,378.95794677734375,391.4272766113281,0.0042286207899451
tile_r018019_c008803,2,265.1776733398437,1.3137222528457642,303.785400390625,18.5028133392334,0.0032818284817039
tile_r018019_c008803,2,262.1686096191406,0.3809631466865539,305.1192932128906,26.825115203857425,0.0026294896379113
tile_r018019_c008803,2,279.0467834472656,328.11920166015625,347.30242919921875,383.5790100097656,0.0018631455022841
tile_r018019_c008803,2,463.9927368164063,1.1459534168243408,487.7468872070313,20.004016876220703,0.0018369894241914
tile_r018019_c008803,2,242.91378784179688,266.4091186523437,270.5358581542969,289.7630615234375,0.0015375920338556
tile_r018019_c008803,2,7.7283034324646,-1.9327834844589236,50.172157287597656,12.886545181274414,0.0015367327723652
tile_r018019_c008803,2,350.3503112792969,371.569580078125,379.1146545410156,393.2557373046875,0.0014010071754455
tile_r018019_c008803,2,3.1411468982696533,144.4755401611328,21.483510971069336,165.35264587402344,0.0011435034684836
tile_r018019_c009059,2,450.1002807617188,195.744873046875,493.9300842285156,238.57437133789065,0.8306806087493896
tile_r018019_c009059,2,357.5614624023437,55.6658935546875,395.1226501464844,91.435546875,0.8237763047218323
tile_r018019_c009059,2,60.62091064453125,222.08529663085935,109.3956527709961,269.2982788085937,0.7286198735237122
tile_r018019_c009059,2,414.9768676757813,381.2925109863281,454.0718688964844,420.6588439941406,0.7120144963264465
tile_r018019_c009059,2,430.19818115234375,108.10765075683594,466.1677856445313,140.63546752929688,0.6661835312843323
tile_r018019_c009059,2,29.503570556640625,334.3509216308594,87.3857421875,381.47314453125,0.6420453786849976
tile_r018019_c009059,2,61.60496139526367,437.9802856445313,129.175537109375,498.8460083007813,0.5777779817581177
tile_r018019_c009059,2,447.966796875,307.2273254394531,504.3922729492188,362.5202941894531,0.5144785642623901
tile_r018019_c009059,2,450.8880920410156,310.9259338378906,501.7127990722656,360.3578796386719,0.4160379469394684
tile_r018019_c009059,2,93.60960388183594,368.8618774414063,124.5431671142578,394.1005554199219,0.2064549922943115
tile_r018019_c009059,2,25.400165557861328,331.44366455078125,88.56959533691406,383.9192810058594,0.1438872814178466
tile_r018019_c009059,2,-1.2990249395370483,164.0159149169922,34.85573959350586,221.20590209960935,0.097648337483406
tile_r018019_c009059,2,11.78992748260498,-2.297354221343994,50.40850830078125,20.84847640991211,0.0808975398540496
tile_r018019_c009059,2,0.0521728508174419,168.91384887695312,30.759729385375977,218.5077362060547,0.0692185014486312
tile_r018019_c009059,2,0.426535040140152,165.42727661132812,33.44284439086914,217.2571258544922,0.052192535251379
tile_r018019_c009059,2,62.92161178588867,225.7728729248047,106.5559310913086,266.6062316894531,0.0331613421440124
tile_r018019_c009059,2,412.75384521484375,378.2615966796875,456.5728454589844,423.3408203125,0.0267254766076803
tile_r018019_c009059,2,94.94786071777344,371.7467041015625,119.20050048828124,390.8917236328125,0.0232573244720697
tile_r018019_c009059,2,11.3661470413208,0.8854583501815796,46.28364944458008,19.394756317138672,0.0159854497760534
tile_r018019_c009059,2,59.40323638916016,434.18402099609375,132.8067626953125,502.7164611816406,0.0145414071157574
tile_r018019_c009059,2,11.446014404296877,0.5910064578056335,49.0630111694336,23.40342330932617,0.0130641553550958
tile_r018019_c009059,2,0.2631897032260895,256.71014404296875,20.655187606811523,290.31158447265625,0.0130054298788309
tile_r018019_c009059,2,408.9884643554688,309.25567626953125,435.9380493164063,329.43634033203125,0.0112968953326344
tile_r018019_c009059,2,453.0407104492188,199.48043823242188,491.1919555664063,235.6399688720703,0.0104663949459791
tile_r018019_c009059,2,60.345008850097656,437.1585083007813,130.00564575195312,499.6384887695313,0.0100323259830474
tile_r018019_c009059,2,269.7232360839844,387.997802734375,307.0191345214844,421.1227416992188,0.0079966029152274
tile_r018019_c009059,2,355.7921447753906,50.90435028076172,398.2884826660156,94.97697448730467,0.0072464449331164
tile_r018019_c009059,2,12.107721328735352,1.510157823562622,44.438995361328125,18.65679359436035,0.0070161959156394
tile_r018019_c009059,2,98.47601318359376,371.5914916992188,123.02830505371094,391.5772705078125,0.0069751576520502
tile_r018019_c009059,2,406.1529235839844,309.6392517089844,435.1727600097656,330.6415710449219,0.0051211528480052
tile_r018019_c009059,2,-0.6737807989120483,161.125732421875,36.34281539916992,217.9053192138672,0.004308964125812
tile_r018019_c009059,2,407.9933166503906,311.63873291015625,431.13330078125,328.97265625,0.0042175543494522
tile_r018019_c009059,2,1.1297088861465454,260.5580444335937,19.076324462890625,288.05419921875,0.0031750996131449
tile_r018019_c009059,2,-0.7088340520858765,164.63319396972656,26.901092529296875,202.6890563964844,0.0021498154383152
tile_r018019_c009059,2,405.0831604003906,306.8651733398437,437.3733825683594,331.7436218261719,0.0020946634467691
tile_r018019_c009059,2,1.263766527175903,265.62359619140625,17.317773818969727,288.2923278808594,0.0019121232908219
tile_r018019_c009059,2,492.2855529785156,232.9627685546875,510.6691284179688,252.17556762695312,0.0016698047984391
tile_r018019_c009059,2,432.80419921875,112.299560546875,458.220458984375,136.8042449951172,0.0016607296420261
tile_r018019_c009059,2,298.9451599121094,220.12503051757807,320.1374816894531,241.8046417236328,0.0014000355731695
tile_r018019_c009059,2,493.2619018554688,235.65994262695312,510.2806701660156,252.5701904296875,0.0012414124794304
tile_r018019_c009059,2,23.522205352783203,327.5829162597656,90.6316375732422,384.4011535644531,0.0010582719696685
tile_r018019_c009059,2,94.1565399169922,371.4563293457031,122.91943359375,393.1497192382813,0.0010524818208068
tile_r018019_c009059,2,207.14334106445312,0.9998992681503296,232.0491485595703,19.706317901611328,0.0010216525988653
tile_r018019_c009059,2,296.8354187011719,218.03762817382807,321.27325439453125,242.4868621826172,0.0010092536685988
tile_r018019_c009315,2,276.74224853515625,360.4280090332031,336.98248291015625,411.6337890625,0.8433799743652344
tile_r018019_c009315,2,101.78108978271484,55.89748001098633,138.90261840820312,91.05616760253906,0.8287325501441956
tile_r018019_c009315,2,194.9571228027344,196.4271240234375,237.49514770507807,237.4726104736328,0.8066394925117493
tile_r018019_c009315,2,271.44781494140625,181.5360107421875,304.8124084472656,210.404052734375,0.7870496511459351
tile_r018019_c009315,2,158.86306762695312,381.2263793945313,198.16549682617188,420.7543029785156,0.7062586545944214
tile_r018019_c009315,2,173.96640014648438,108.02044677734376,210.3882598876953,140.736083984375,0.6962798237800598
tile_r018019_c009315,2,461.3181762695313,81.45109558105469,514.9847412109375,132.44068908691406,0.5598328113555908
tile_r018019_c009315,2,195.24508666992188,311.4305114746094,245.10446166992188,359.99853515625,0.514254093170166
tile_r018019_c009315,2,367.7662048339844,421.97216796875,397.70062255859375,452.46429443359375,0.4398589432239532
tile_r018019_c009315,2,192.4175262451172,307.9173278808594,247.5968780517578,362.0708618164063,0.4067181646823883
tile_r018019_c009315,2,458.7278442382813,77.56005859375,516.9075927734375,135.6738739013672,0.2320964783430099
tile_r018019_c009315,2,369.56689453125,422.558837890625,393.0526428222656,446.80804443359375,0.088712953031063
tile_r018019_c009315,2,366.1948547363281,419.4657287597656,399.5060119628906,453.85247802734375,0.0539507903158664
tile_r018019_c009315,2,269.87042236328125,179.61642456054688,307.0440979003906,213.5803680419922,0.0469914302229881
tile_r018019_c009315,2,156.67681884765625,378.1993103027344,200.626220703125,423.3924865722656,0.0257251001894474
tile_r018019_c009315,2,197.7579040527344,200.0449676513672,234.8316650390625,234.8505096435547,0.0213268529623746
tile_r018019_c009315,2,153.0704803466797,309.4733581542969,179.86610412597656,329.25408935546875,0.0130593301728367
tile_r018019_c009315,2,150.24349975585938,309.9504089355469,179.04595947265625,330.4662170410156,0.0064991721883416
tile_r018019_c009315,2,278.9775390625,364.4018859863281,335.00518798828125,409.5111389160156,0.0059586674906313
tile_r018019_c009315,2,100.1599578857422,51.1077995300293,141.93179321289062,94.5984878540039,0.005613466259092
tile_r018019_c009315,2,151.97518920898438,311.883056640625,175.05673217773438,328.85040283203125,0.0054599968716502
tile_r018019_c009315,2,371.62603759765625,424.62005615234375,392.23675537109375,447.114990234375,0.0033644565846771
tile_r018019_c009315,2,149.2510223388672,307.1240539550781,181.1997833251953,331.3898620605469,0.0023315961007028
tile_r018019_c009315,2,176.63519287109375,112.2326889038086,202.3553466796875,136.90341186523438,0.0015965232159942
tile_r018019_c009315,2,41.135704040527344,217.5462646484375,65.61035919189453,242.6158905029297,0.001170499366708
tile_r018275_c008035,2,438.7706604003906,8.803642272949219,510.90032958984375,66.09756469726562,0.8737741708755493
tile_r018275_c008035,2,91.3149185180664,424.21978759765625,162.7853546142578,496.0813903808594,0.8488715291023254
tile_r018275_c008035,2,35.28339767456055,412.4791564941406,81.1126708984375,453.879638671875,0.7876687049865723
tile_r018275_c008035,2,12.085955619812012,293.974853515625,77.30901336669922,354.7033996582031,0.7473248839378357
tile_r018275_c008035,2,399.4593200683594,171.32008361816406,458.7593688964844,228.58547973632807,0.7293375134468079
tile_r018275_c008035,2,126.73653411865234,83.57059478759766,193.6354217529297,147.2383270263672,0.6934688687324524
tile_r018275_c008035,2,434.2959899902344,108.29502868652344,482.6689453125,151.4764404296875,0.6316790580749512
tile_r018275_c008035,2,152.98825073242188,195.0815887451172,188.699462890625,229.9751434326172,0.616493284702301
tile_r018275_c008035,2,307.0442810058594,472.3714294433594,351.31768798828125,508.5625,0.5392892360687256
tile_r018275_c008035,2,78.76744842529297,197.8332061767578,111.66455078125,224.6688995361328,0.4841676950454712
tile_r018275_c008035,2,129.03311157226562,86.21296691894531,191.4448089599609,144.58407592773438,0.3628773987293243
tile_r018275_c008035,2,168.736328125,295.41131591796875,229.39013671875,346.5326538085937,0.3020077049732208
tile_r018275_c008035,2,304.8796081542969,468.955810546875,354.2691345214844,511.2355041503906,0.2904524505138397
tile_r018275_c008035,2,167.3330078125,293.3241882324219,230.8971405029297,348.88006591796875,0.2049169838428497
tile_r018275_c008035,2,436.5768127441406,111.84259033203124,478.63665771484375,148.0270233154297,0.200863778591156
tile_r018275_c008035,2,86.83967590332031,419.6096801757813,166.0715789794922,498.6011657714844,0.0818018242716789
tile_r018275_c008035,2,150.88247680664062,191.45323181152344,192.3645477294922,232.77993774414065,0.0377974063158035
tile_r018275_c008035,2,169.87606811523438,297.03515625,226.9925079345703,346.0711364746094,0.0347683802247047
tile_r018275_c008035,2,399.6431274414063,172.8262481689453,457.9661560058594,228.36734008789065,0.0335238054394722
tile_r018275_c008035,2,10.15856647491455,290.76251220703125,79.93559265136719,358.9349975585937,0.0228365659713745
tile_r018275_c008035,2,32.43470001220703,405.1402282714844,85.12075805664062,456.8837890625,0.0186262689530849
tile_r018275_c008035,2,12.694814682006836,295.0887756347656,75.5813980102539,355.1989440917969,0.0164701137691736
tile_r018275_c008035,2,75.53926849365234,193.4150848388672,115.28703308105467,227.57162475585935,0.0098271369934082
tile_r018275_c008035,2,400.0324096679688,320.25250244140625,422.1827697753906,339.39678955078125,0.0095346001908183
tile_r018275_c008035,2,82.34809875488281,199.49948120117188,110.3634033203125,222.46334838867188,0.0085623608902096
tile_r018275_c008035,2,401.6119079589844,174.67044067382812,456.1726989746094,225.6517791748047,0.0077746380120515
tile_r018275_c008035,2,114.3431167602539,277.61944580078125,131.81436157226562,294.6014709472656,0.0076432400383055
tile_r018275_c008035,2,151.71939086914062,193.582275390625,190.70895385742188,232.0906982421875,0.0060800029896199
tile_r018275_c008035,2,110.82560729980467,277.65771484375,133.09864807128906,298.7117614746094,0.0048755332827568
tile_r018275_c008035,2,-1.2950363159179688,124.9797821044922,28.95361328125,176.475830078125,0.0036611980758607
tile_r018275_c008035,2,1.4849075078964231,126.5816879272461,30.271244049072266,170.9537811279297,0.0018662901129573
tile_r018275_c008035,2,434.1114807128906,0.3058700561523437,517.2755737304688,72.21240997314453,0.0018559491727501
tile_r018275_c008035,2,118.14192962646484,427.14642333984375,154.8176727294922,460.5447387695313,0.0017407500417903
tile_r018275_c008035,2,2.516650438308716,134.42538452148438,28.860076904296875,174.2721405029297,0.0016794148832559
tile_r018275_c008035,2,402.5280151367188,20.60418701171875,423.835693359375,40.20433807373047,0.001617275760509
tile_r018275_c008035,2,108.2123794555664,446.2393493652344,156.86962890625,490.8448791503906,0.0012963117333129
tile_r018275_c008035,2,40.58250045776367,58.76091384887695,58.22179412841797,77.06053924560547,0.0012198048643767
tile_r018275_c008035,2,393.9401550292969,316.138671875,427.1997680664063,341.1890869140625,0.0011433744803071
tile_r018275_c008035,2,35.87094497680664,55.71187210083008,60.01456451416016,78.01163482666016,0.0011030528694391
tile_r018275_c008035,2,143.45924377441406,103.9118881225586,187.7850799560547,141.07907104492188,0.0010423755738884
tile_r018275_c008035,2,-0.1853820830583572,132.82235717773438,26.0443058013916,176.91201782226562,0.0010068148840218
tile_r018275_c008291,2,330.6986694335937,285.9854736328125,376.1236572265625,326.86669921875,0.8824240565299988
tile_r018275_c008291,2,182.66717529296875,9.342437744140623,254.31704711914065,65.647216796875,0.8685963153839111
tile_r018275_c008291,2,338.0508728027344,336.25347900390625,371.44342041015625,365.19622802734375,0.8634055256843567
tile_r018275_c008291,2,441.9700317382813,449.1226196289063,476.2745971679688,483.4386596679688,0.8398328423500061
tile_r018275_c008291,2,143.0290069580078,171.19802856445312,202.32931518554688,228.830810546875,0.7432925701141357
tile_r018275_c008291,2,178.2946014404297,109.15623474121094,223.8130645751953,150.99368286132812,0.6542745232582092
tile_r018275_c008291,2,255.4813537597656,63.78521728515625,315.69781494140625,117.97357177734376,0.6537613272666931
tile_r018275_c008291,2,483.1896362304688,432.5377807617188,512.5960083007812,466.976806640625,0.6499567627906799
tile_r018275_c008291,2,351.9066772460937,199.611083984375,403.4631958007813,246.3029022216797,0.641866147518158
tile_r018275_c008291,2,273.5541076660156,143.78341674804688,325.84649658203125,188.96173095703125,0.6298114061355591
tile_r018275_c008291,2,367.2501220703125,16.80906105041504,408.29144287109375,55.7311897277832,0.5842123627662659
tile_r018275_c008291,2,482.61859130859375,368.9287414550781,512.4154052734375,401.54248046875,0.5817031264305115
tile_r018275_c008291,2,355.8432922363281,412.4292602539063,407.656494140625,465.8307495117188,0.5560775995254517
tile_r018275_c008291,2,51.285621643066406,472.5267639160156,94.24603271484376,508.2010803222656,0.5396279692649841
tile_r018275_c008291,2,365.3355102539063,15.224514961242676,410.1033325195313,58.12015914916992,0.4277548193931579
tile_r018275_c008291,2,49.33916473388672,469.2594604492188,97.2402114868164,510.9892578125,0.3100771605968475
tile_r018275_c008291,2,480.1419372558594,366.2760925292969,513.4567260742188,404.1997680664063,0.2778263092041015
tile_r018275_c008291,2,480.8309631347656,430.2730102539063,513.4607543945312,470.3265686035156,0.2606855928897857
tile_r018275_c008291,2,180.49057006835935,112.2769012451172,220.4026641845703,147.54290771484375,0.2323871999979019
tile_r018275_c008291,2,357.52496337890625,417.06634521484375,405.0070190429688,463.8258361816406,0.2255890369415283
tile_r018275_c008291,2,257.71649169921875,67.4659194946289,312.59674072265625,115.16790771484376,0.187691256403923
tile_r018275_c008291,2,271.4066772460937,142.0689239501953,327.00494384765625,191.10696411132807,0.1456577330827713
tile_r018275_c008291,2,279.3245544433594,409.6592712402344,334.4535217285156,456.8052368164063,0.1341248452663421
tile_r018275_c008291,2,353.4226379394531,203.6288604736328,400.6675720214844,244.3468475341797,0.0943482592701911
tile_r018275_c008291,2,143.22250366210938,172.55630493164062,201.6767120361328,228.451904296875,0.0892831236124038
tile_r018275_c008291,2,143.93896484375,320.1078186035156,166.27101135253906,339.3612670898437,0.0137063497677445
tile_r018275_c008291,2,439.5598754882813,446.1931762695313,478.0743713378906,486.65728759765625,0.0108828768134117
tile_r018275_c008291,2,274.45538330078125,146.1431427001953,323.4013061523437,187.9932403564453,0.0071191601455211
tile_r018275_c008291,2,335.0705871582031,333.09930419921875,375.1495971679688,369.858154296875,0.003898098366335
tile_r018275_c008291,2,144.6353302001953,18.705713272094727,169.99746704101562,40.64917755126953,0.0036872101482003
tile_r018275_c008291,2,145.30886840820312,174.52569580078125,199.9068145751953,225.9313507080078,0.0035385717637836
tile_r018275_c008291,2,146.3402557373047,20.499073028564453,168.03289794921875,40.1725959777832,0.002966871485114
tile_r018275_c008291,2,339.7782287597656,338.3072204589844,368.0377807617188,363.1162414550781,0.0020692269317805
tile_r018275_c008291,2,43.260986328125,214.156982421875,63.86885452270508,237.3115234375,0.0017525776056572
tile_r018275_c008291,2,177.96292114257812,1.448388695716858,261.0300598144531,71.54045104980469,0.0015725856646895
tile_r018275_c008291,2,41.37677764892578,212.29086303710935,68.51070404052734,240.8389129638672,0.0015459578717127
tile_r018275_c008291,2,282.4002380371094,415.09088134765625,329.5188903808594,453.06201171875,0.0014871151652187
tile_r018275_c008291,2,257.17840576171875,66.18095397949219,314.821044921875,115.57763671875,0.0013503938680514
tile_r018275_c008291,2,137.80642700195312,316.05194091796875,171.5076904296875,341.41278076171875,0.0011382587254047
tile_r018275_c008547,2,74.8079605102539,285.9570617675781,120.1881332397461,326.7755126953125,0.8832670450210571
tile_r018275_c008547,2,82.3625259399414,336.4106750488281,115.35518646240234,365.0768432617188,0.8619652390480042
tile_r018275_c008547,2,223.66525268554688,427.6881713867188,274.2163391113281,473.694580078125,0.8523160815238953
tile_r018275_c008547,2,186.043701171875,449.1629333496094,220.49057006835935,483.3568420410156,0.840805172920227
tile_r018275_c008547,2,225.9141082763672,368.1276550292969,261.3759765625,401.66790771484375,0.7157126069068909
tile_r018275_c008547,2,95.41287994384766,199.2149200439453,147.73013305664062,246.8060760498047,0.6957166790962219
tile_r018275_c008547,2,371.4595947265625,122.21437072753906,425.854736328125,168.00991821289062,0.6308797001838684
tile_r018275_c008547,2,-0.7597442865371704,63.83087921142578,60.2264404296875,118.17144775390624,0.5947102308273315
tile_r018275_c008547,2,99.85020446777344,412.1237182617188,151.9776611328125,465.80120849609375,0.5921366214752197
tile_r018275_c008547,2,17.304895401000977,143.24818420410156,70.06828308105469,189.29489135742188,0.5554013848304749
tile_r018275_c008547,2,110.70829010009766,16.224618911743164,152.86819458007812,56.43429565429688,0.5547221899032593
tile_r018275_c008547,2,22.644458770751957,409.9449157714844,77.96345520019531,456.885986328125,0.5241734385490417
tile_r018275_c008547,2,108.70174407958984,14.603238105773926,154.68234252929688,58.81034469604492,0.4697492718696594
tile_r018275_c008547,2,493.2609252929688,4.603729248046875,514.478515625,34.92058181762695,0.2986028790473938
tile_r018275_c008547,2,223.4822235107422,365.4108276367188,263.5394592285156,404.2927856445313,0.2950162589550018
tile_r018275_c008547,2,15.13629150390625,141.55978393554688,71.11865234375,191.40277099609372,0.2012297660112381
tile_r018275_c008547,2,101.5234832763672,416.7886352539063,149.2568359375,463.81158447265625,0.1916573345661163
tile_r018275_c008547,2,369.4848327636719,118.18717193603516,428.4361877441406,170.6801300048828,0.1682801842689514
tile_r018275_c008547,2,1.4033966064453125,67.52308654785156,56.9627571105957,115.4406967163086,0.0909799337387085
tile_r018275_c008547,2,97.07145690917967,203.21957397460935,144.90853881835938,244.7642364501953,0.0642903596162796
tile_r018275_c008547,2,495.8502807617188,9.867242813110352,513.21826171875,32.96570587158203,0.0626101568341255
tile_r018275_c008547,2,27.8333740234375,305.67791748046875,53.78789138793945,329.10369873046875,0.0203627794981002
tile_r018275_c008547,2,28.76242446899414,307.6534423828125,51.13759613037109,328.3443298339844,0.0196246411651372
tile_r018275_c008547,2,486.6888732910156,2.209146022796631,515.0991821289062,37.2042121887207,0.0174976345151662
tile_r018275_c008547,2,1.4813110828399658,66.03480529785156,59.19452667236328,115.783447265625,0.0134589644148945
tile_r018275_c008547,2,183.59825134277344,446.26605224609375,222.3957061767578,486.633544921875,0.0103118913248181
tile_r018275_c008547,2,497.8136291503906,11.765954971313477,513.0342407226562,31.993133544921875,0.0083452081307768
tile_r018275_c008547,2,18.356557846069336,145.67312622070312,67.36063385009766,188.15228271484372,0.0040405197069048
tile_r018275_c008547,2,79.43553924560547,333.1656188964844,119.1031723022461,369.66693115234375,0.0035537972580641
tile_r018275_c008547,2,224.6177673339844,429.1458129882813,272.8050842285156,472.8405151367188,0.0032194515224546
tile_r018275_c008547,2,25.537921905517575,304.03594970703125,53.29850006103516,330.7926025390625,0.0030917532276362
tile_r018275_c008547,2,18.54769897460937,401.4541931152344,86.27244567871094,461.46826171875,0.0027889206539839
tile_r018275_c008547,2,83.9635238647461,338.3746032714844,111.990966796875,363.0130310058594,0.0021071936935186
tile_r018275_c008547,2,496.177734375,7.485006809234619,513.6458129882812,33.94420623779297,0.0015713209286332
tile_r018275_c008547,2,221.7113342285156,425.78558349609375,276.505859375,476.3587951660156,0.0011718643363565
tile_r018275_c008547,2,495.3573303222656,8.510080337524414,513.56591796875,31.251739501953125,0.0011334258597344
tile_r018275_c008803,2,399.41839599609375,282.2806701660156,443.9156188964844,325.1513061523437,0.8575625419616699
tile_r018275_c008803,2,238.73239135742188,5.937933444976807,273.97442626953125,35.08491134643555,0.7883942723274231
tile_r018275_c008803,2,352.6741638183594,338.7709350585937,433.2743225097656,418.30615234375,0.726097583770752
tile_r018275_c008803,2,429.057373046875,473.0345153808594,494.25787353515625,515.0874633789062,0.6702964901924133
tile_r018275_c008803,2,115.7974853515625,122.63616943359376,170.0460662841797,167.93614196777344,0.6671367883682251
tile_r018275_c008803,2,285.21954345703125,78.15563201904297,343.74444580078125,125.2216796875,0.66681969165802
tile_r018275_c008803,2,316.8544311523437,180.93081665039065,385.88177490234375,243.90237426757807,0.6129428148269653
tile_r018275_c008803,2,288.7755432128906,418.79827880859375,325.9623107910156,452.1793823242188,0.5169070959091187
tile_r018275_c008803,2,364.91705322265625,430.4644165039063,406.5650329589844,469.6871032714844,0.4688429236412048
tile_r018275_c008803,2,286.169921875,415.6658630371094,329.0247802734375,454.8445434570313,0.3814634978771209
tile_r018275_c008803,2,361.7449645996094,426.63275146484375,409.763916015625,472.6435546875,0.1302110254764557
tile_r018275_c008803,2,349.7943115234375,112.94879150390624,380.5129089355469,138.05447387695312,0.122562289237976
tile_r018275_c008803,2,321.27447509765625,491.0404357910156,362.4469909667969,513.2073974609375,0.1181638911366462
tile_r018275_c008803,2,280.90264892578125,75.49336242675781,345.2315979003906,127.5549774169922,0.0975425541400909
tile_r018275_c008803,2,113.6900405883789,118.3983917236328,172.8686981201172,170.6796417236328,0.0905105918645858
tile_r018275_c008803,2,314.19415283203125,177.20468139648438,389.7193908691406,247.5983428955078,0.0265635009855031
tile_r018275_c008803,2,350.9859619140625,115.76534271240234,375.1101684570313,134.84898376464844,0.0215087886899709
tile_r018275_c008803,2,319.8275756835937,485.943359375,365.0247802734375,513.9434814453125,0.0179582946002483
tile_r018275_c008803,2,357.6273193359375,345.3283996582031,430.1978454589844,416.6099243164063,0.0115930279716849
tile_r018275_c008803,2,315.54571533203125,180.20849609375,386.9325256347656,244.43441772460935,0.0058460934087634
tile_r018275_c008803,2,354.5849914550781,115.5636215209961,378.9014892578125,135.57009887695312,0.0050989254377782
tile_r018275_c008803,2,324.9705810546875,491.551025390625,354.9223022460937,511.17523193359375,0.0032027908600866
tile_r018275_c008803,2,319.75750732421875,1.6188949346542358,357.1717224121094,21.78424453735352,0.0027739014476537
tile_r018275_c008803,2,278.9732360839844,71.86102294921875,347.4866638183594,128.0679931640625,0.0024046208709478
tile_r018275_c008803,2,19.619762420654297,274.17340087890625,39.44773483276367,295.16827392578125,0.0023033306933939
tile_r018275_c008803,2,319.0206298828125,-1.4836212396621704,360.2042541503906,14.445062637329102,0.0014485745923593
tile_r018275_c008803,2,350.3184509277344,115.53248596191406,378.9264526367188,137.2707061767578,0.0013220531400293
tile_r018275_c009059,2,143.30032348632812,282.2842102050781,187.968505859375,325.2585144042969,0.8645420074462891
tile_r018275_c009059,2,97.00508880615234,338.46734619140625,177.2970428466797,418.0502014160156,0.7154253125190735
tile_r018275_c009059,2,252.73715209960935,479.5823669433594,296.4296264648437,513.4014892578125,0.7065829634666443
tile_r018275_c009059,2,172.5548858642578,472.4930725097656,238.0836181640625,515.1905517578125,0.6774610280990601
tile_r018275_c009059,2,414.90765380859375,125.07621002197266,454.46728515625,164.9654083251953,0.6723297834396362
tile_r018275_c009059,2,29.282283782958984,77.94379425048828,87.67533874511719,125.97393798828124,0.6569005250930786
tile_r018275_c009059,2,33.511898040771484,419.6748962402344,69.45376586914062,451.6881713867188,0.6334698796272278
tile_r018275_c009059,2,60.97871017456055,181.2400054931641,129.8835906982422,243.53567504882807,0.5747536420822144
tile_r018275_c009059,2,108.8989715576172,430.4176635742188,150.6153564453125,469.740966796875,0.524044394493103
tile_r018275_c009059,2,447.6199645996094,51.11837768554688,504.78997802734375,107.0698699951172,0.4995434880256653
tile_r018275_c009059,2,450.5675659179688,54.77363204956055,502.1205139160156,104.83177185058594,0.4086634218692779
tile_r018275_c009059,2,31.16141700744629,416.6106567382813,72.33946228027344,454.0669555664063,0.3548347949981689
tile_r018275_c009059,2,105.758544921875,426.6746215820313,153.68492126464844,472.6835021972656,0.1537643671035766
tile_r018275_c009059,2,65.47845458984375,490.97894287109375,106.18404388427734,513.1826782226562,0.141024574637413
tile_r018275_c009059,2,93.58333587646484,112.86631774902344,124.5589828491211,138.2284698486328,0.0976132079958915
tile_r018275_c009059,2,25.149642944335938,74.97722625732422,89.02392578125,128.494873046875,0.0797668471932411
tile_r018275_c009059,2,94.84922790527344,115.7021484375,119.1715316772461,134.94020080566406,0.0232907775789499
tile_r018275_c009059,2,-0.6804168820381165,1.4060516357421875,24.14144325256348,34.017845153808594,0.0217971578240394
tile_r018275_c009059,2,412.6609802246094,121.9417724609375,457.0567321777344,167.55490112304688,0.0203944016247987
tile_r018275_c009059,2,64.14826965332031,486.018798828125,108.6226043701172,513.8429565429688,0.0202976390719413
tile_r018275_c009059,2,58.55476760864258,177.52076721191406,133.65878295898438,247.2347717285156,0.0152375567704439
tile_r018275_c009059,2,59.81538009643555,180.5253448486328,130.82777404785156,244.0430908203125,0.0122180739417672
tile_r018275_c009059,2,268.9214782714844,131.60092163085938,307.30523681640625,165.8609619140625,0.0120916962623596
tile_r018275_c009059,2,101.8866195678711,345.0688171386719,174.31625366210938,416.3123168945313,0.0092857312411069
tile_r018275_c009059,2,98.42626953125,115.4883041381836,122.93965911865234,135.65602111816406,0.0042530135251581
tile_r018275_c009059,2,69.1441650390625,491.6419372558594,98.5398406982422,511.1452026367188,0.0039353901520371
tile_r018275_c009059,2,63.3824462890625,1.718902587890625,101.25950622558594,21.98248291015625,0.0029608136974275
tile_r018275_c009059,2,478.9656677246094,263.03057861328125,507.92864990234375,287.5316772460937,0.0023891190066933
tile_r018275_c009059,2,408.9146423339844,53.27692794799805,435.8870239257813,73.31134033203125,0.0022812432143837
tile_r018275_c009059,2,481.1820373535156,266.9188537597656,503.3020935058594,286.06512451171875,0.0021164284553378
tile_r018275_c009059,2,407.9808654785156,55.81613159179688,431.001708984375,72.88811492919922,0.0020517567172646
tile_r018275_c009059,2,405.3382263183594,53.63762283325195,435.5450744628906,75.02318572998047,0.0017325223889201
tile_r018275_c009059,2,23.3868465423584,71.44941711425781,91.2192611694336,129.0102996826172,0.0014283763011917
tile_r018275_c009059,2,62.48116302490234,-1.436254858970642,104.45347595214844,14.695428848266602,0.001376909436658
tile_r018275_c009059,2,168.6579132080078,466.4448852539063,244.1535186767578,516.7239379882812,0.0012485672486945
tile_r018275_c009059,2,94.14451599121094,115.5153350830078,123.00897216796876,137.43260192871094,0.0012307333527132
tile_r018275_c009059,2,263.99774169921875,126.22135925292967,312.95343017578125,168.116455078125,0.0012100188760086
tile_r018275_c009315,2,276.84490966796875,104.23976135253906,337.1662292480469,155.23570251464844,0.843923807144165
tile_r018275_c009315,2,259.6455993652344,261.78472900390625,315.821533203125,312.22332763671875,0.7718116641044617
tile_r018275_c009315,2,-0.5307708978652954,479.9606018066406,38.91826248168945,513.3796997070312,0.7338064312934875
tile_r018275_c009315,2,401.4405212402344,397.6282348632813,447.0648498535156,437.0323791503906,0.683271050453186
tile_r018275_c009315,2,158.8969268798828,125.12715911865234,198.46420288085935,165.00747680664062,0.6828295588493347
tile_r018275_c009315,2,191.4503631591797,50.966087341308594,248.5903778076172,106.8783721923828,0.5199559330940247
tile_r018275_c009315,2,368.2994995117188,166.35321044921875,396.9718322753906,195.5792694091797,0.4100386202335357
tile_r018275_c009315,2,194.4031982421875,54.56901931762695,245.9588165283203,104.71490478515624,0.3956886231899261
tile_r018275_c009315,2,305.6459350585937,427.4864807128906,344.2567749023437,466.9014587402344,0.1875716745853424
tile_r018275_c009315,2,370.0026245117188,166.7273406982422,392.7896423339844,190.51123046875,0.1029834747314453
tile_r018275_c009315,2,366.8739013671875,163.84393310546875,398.6216430664063,196.697509765625,0.05273974314332
tile_r018275_c009315,2,302.0883483886719,424.3700256347656,346.9266662597656,470.6974182128906,0.0205033682286739
tile_r018275_c009315,2,156.67318725585938,121.98817443847656,201.0763702392578,167.5894317626953,0.0184627063572406
tile_r018275_c009315,2,259.4207763671875,262.8548583984375,315.1920471191406,312.33642578125,0.0170599110424518
tile_r018275_c009315,2,321.0488586425781,336.2279052734375,339.1109924316406,354.89923095703125,0.0131520191207528
tile_r018275_c009315,2,309.3338317871094,432.462158203125,341.5702209472656,465.0197143554688,0.0080674001947045
tile_r018275_c009315,2,279.1708374023437,108.3484115600586,335.0922241210937,153.1692352294922,0.0063233138062059
tile_r018275_c009315,2,317.69830322265625,335.4289245605469,341.192626953125,356.41998291015625,0.0053866668604314
tile_r018275_c009315,2,152.8542022705078,53.2354850769043,180.05972290039062,73.29342651367188,0.0051572322845458
tile_r018275_c009315,2,404.142822265625,399.5719299316406,448.21002197265625,434.7786560058594,0.0050066509284079
tile_r018275_c009315,2,261.52203369140625,265.2201232910156,313.56121826171875,309.8438720703125,0.0045501920394599
tile_r018275_c009315,2,371.9030151367188,168.7844696044922,392.0382690429688,190.861572265625,0.0031186887063086
tile_r018275_c009315,2,317.343017578125,333.76580810546875,342.7931213378906,356.45416259765625,0.0030886025633662
tile_r018275_c009315,2,151.86521911621094,55.7656364440918,175.1654510498047,72.8454818725586,0.0029575962107628
tile_r018275_c009315,2,149.69509887695312,53.69089889526367,179.560302734375,74.54847717285156,0.0027155766729265
tile_r018275_c009315,2,428.1802673339844,415.43792724609375,448.072998046875,432.7870178222656,0.0026298135053366
tile_r018275_c009315,2,221.85470581054688,262.22222900390625,250.7137756347656,287.4573669433594,0.0021537225693464
tile_r018275_c009315,2,223.75729370117188,265.75079345703125,247.17068481445312,286.8549194335937,0.0017444504192098
tile_r018275_c009315,2,403.9318237304688,401.243896484375,432.7713317871094,428.0851135253906,0.0015421155840158
tile_r018275_c009315,2,299.6695251464844,419.5865173339844,349.9456787109375,469.7303771972656,0.001419580890797
tile_r018531_c008035,2,90.9543685913086,167.98190307617188,163.018798828125,240.96041870117188,0.8516218662261963
tile_r018531_c008035,2,211.5159149169922,345.5835876464844,267.6664733886719,397.5526428222656,0.8389928340911865
tile_r018531_c008035,2,35.49187088012695,156.80526733398438,80.80628967285156,197.348388671875,0.7844884395599365
tile_r018531_c008035,2,316.0859375,476.6841430664063,368.36474609375,512.722412109375,0.7765477895736694
tile_r018531_c008035,2,307.59735107421875,361.1847229003906,368.7827453613281,423.0860290527344,0.7538069486618042
tile_r018531_c008035,2,11.818731307983398,38.33966827392578,77.05741882324219,99.2232666015625,0.7111749053001404
tile_r018531_c008035,2,244.38345336914065,440.3038635253906,293.5243225097656,483.2950744628906,0.640216588973999
tile_r018531_c008035,2,306.9734802246094,215.66744995117188,353.6270751953125,253.2937774658203,0.5544965267181396
tile_r018531_c008035,2,246.57974243164065,443.81292724609375,290.44061279296875,480.38427734375,0.4138997495174408
tile_r018531_c008035,2,44.3466911315918,438.971435546875,91.0461196899414,484.75042724609375,0.3889639377593994
tile_r018531_c008035,2,305.1370849609375,212.2834930419922,356.0856628417969,256.4548645019531,0.2978947162628174
tile_r018531_c008035,2,169.33258056640625,40.28540802001953,228.6088409423828,89.7245101928711,0.283559650182724
tile_r018531_c008035,2,44.96540451049805,440.5916442871094,89.34391784667969,484.2421875,0.2714672982692718
tile_r018531_c008035,2,167.89639282226562,38.30038833618164,229.9053497314453,91.9513168334961,0.1520086377859115
tile_r018531_c008035,2,395.1360473632813,363.0921020507813,426.4608459472656,391.9015502929688,0.1270979195833206
tile_r018531_c008035,2,42.1193962097168,436.7272033691406,92.556884765625,487.156494140625,0.1261549890041351
tile_r018531_c008035,2,113.84510803222656,21.442840576171875,132.45916748046875,38.62007522583008,0.0974503979086875
tile_r018531_c008035,2,1.6815979480743408,335.8745422363281,29.552698135375977,377.6651916503906,0.0914847180247306
tile_r018531_c008035,2,86.6177749633789,163.50205993652344,166.11309814453125,243.4036407470703,0.0804961770772934
tile_r018531_c008035,2,111.07096099853516,21.105640411376957,133.99783325195312,41.678070068359375,0.0622857734560966
tile_r018531_c008035,2,170.3250274658203,41.9332160949707,226.19406127929688,89.13050079345703,0.0324834883213043
tile_r018531_c008035,2,211.09371948242188,442.9012756347656,240.4699249267578,468.41790771484375,0.0295704845339059
tile_r018531_c008035,2,12.499673843383787,39.22018432617188,75.45155334472656,99.5482940673828,0.0256454665213823
tile_r018531_c008035,2,10.014694213867188,35.026702880859375,79.70430755615234,103.38020324707033,0.0241139102727174
tile_r018531_c008035,2,32.65730285644531,149.17144775390625,84.69096374511719,200.1929626464844,0.0226108357310295
tile_r018531_c008035,2,80.7830810546875,275.1001281738281,169.1051788330078,351.3211975097656,0.0202854853123426
tile_r018531_c008035,2,-0.3843017518520355,334.17633056640625,30.47002601623535,381.1544494628906,0.0183231402188539
tile_r018531_c008035,2,80.25856018066406,276.8697814941406,162.15122985839844,345.92071533203125,0.0143181411549448
tile_r018531_c008035,2,397.2540588378906,364.0157775878906,426.5982055664063,390.7208557128906,0.0142493993043899
tile_r018531_c008035,2,0.8934189081192017,339.66900634765625,26.333105087280277,377.17486572265625,0.0112947924062609
tile_r018531_c008035,2,308.3046264648437,363.00201416015625,368.4124450683594,422.5533142089844,0.0111972475424408
tile_r018531_c008035,2,400.1103515625,64.27638244628906,422.0933227539063,83.28155517578125,0.0086672184988856
tile_r018531_c008035,2,96.05294036865234,286.58819580078125,158.22840881347656,341.4545288085937,0.0072576636448502
tile_r018531_c008035,2,89.32188415527344,285.2777709960937,157.3944549560547,342.914794921875,0.0069045214913785
tile_r018531_c008035,2,87.29278564453125,278.3029479980469,162.92697143554688,343.9075927734375,0.0062780515290796
tile_r018531_c008035,2,310.98223876953125,365.4135437011719,366.5641479492188,420.3324279785156,0.004134168382734
tile_r018531_c008035,2,-0.3804779052734375,326.5310974121094,34.182491302490234,379.8336791992188,0.0033973630052059
tile_r018531_c008035,2,110.5478744506836,21.37569808959961,130.9424285888672,38.18014526367188,0.003120259149
tile_r018531_c008035,2,212.8325653076172,445.7195434570313,234.6188507080078,464.45703125,0.0029301666654646
tile_r018531_c008035,2,93.55702209472656,296.7015686035156,147.50057983398438,340.67645263671875,0.0021415131632238
tile_r018531_c008035,2,208.1326904296875,340.1215209960937,271.0291748046875,401.08837890625,0.0018443133449181
tile_r018531_c008035,2,117.9728546142578,171.08041381835938,154.90969848632812,204.42578125,0.0018431585049256
tile_r018531_c008035,2,214.051025390625,445.2420959472656,238.3244171142578,466.2890625,0.0013598365476354
tile_r018531_c008035,2,399.08306884765625,364.3360595703125,424.3058166503906,389.12298583984375,0.0010273688239976
tile_r018531_c008035,2,48.96561813354492,439.5223083496094,88.7862319946289,471.1365356445313,0.0010271720821037
tile_r018531_c008291,2,411.3028869628906,328.37255859375,479.4649353027344,395.8761901855469,0.9263882637023926
tile_r018531_c008291,2,407.56927490234375,420.2537536621094,466.1365661621094,473.5118713378906,0.910160481929779
tile_r018531_c008291,2,322.297607421875,289.6015319824219,393.01165771484375,351.20855712890625,0.8986242413520813
tile_r018531_c008291,2,330.62615966796875,30.188140869140625,376.1952819824219,70.9159164428711,0.8941523432731628
tile_r018531_c008291,2,337.8998718261719,80.03865051269531,371.6515502929688,109.2607650756836,0.8647342324256897
tile_r018531_c008291,2,441.5415954589844,192.78298950195312,476.8233947753906,227.96615600585935,0.8508604764938354
tile_r018531_c008291,2,59.69571685791016,476.183349609375,112.6302261352539,512.9678955078125,0.7665855884552002
tile_r018531_c008291,2,-0.8706420660018921,439.9507751464844,37.84104537963867,482.1080017089844,0.7653928995132446
tile_r018531_c008291,2,50.54415893554688,360.44049072265625,113.33171081542967,423.61322021484375,0.7525798082351685
tile_r018531_c008291,2,482.7276916503906,176.250244140625,512.7455444335938,211.5768280029297,0.6422374844551086
tile_r018531_c008291,2,482.279296875,112.72774505615234,512.487060546875,145.78675842285156,0.5736526846885681
tile_r018531_c008291,2,355.65301513671875,156.36196899414062,407.95208740234375,209.9994201660156,0.535440981388092
tile_r018531_c008291,2,50.69203567504883,215.3892364501953,98.0978012084961,253.9705047607422,0.5189565420150757
tile_r018531_c008291,2,48.95439529418945,211.95480346679688,100.5506820678711,256.9683837890625,0.3286560475826263
tile_r018531_c008291,2,479.7549743652344,110.01121520996094,513.5612182617188,148.6022491455078,0.2826347649097442
tile_r018531_c008291,2,480.3014526367188,173.92037963867188,513.6497192382812,215.05032348632807,0.257525086402893
tile_r018531_c008291,2,357.3871459960937,160.99349975585938,405.16314697265625,207.94992065429688,0.2353868931531906
tile_r018531_c008291,2,138.8427276611328,362.7766723632813,170.924560546875,392.4542541503906,0.1782876104116439
tile_r018531_c008291,2,278.3211364746094,153.2872772216797,333.7874450683594,201.846923828125,0.1770132333040237
tile_r018531_c008291,2,51.35591506958008,362.11529541015625,113.00484466552734,423.0455017089844,0.0363777354359626
tile_r018531_c008291,2,140.92657470703125,363.634033203125,170.8994598388672,391.1160278320313,0.0175218656659126
tile_r018531_c008291,2,439.0785217285156,189.7553253173828,478.6491088867188,231.2633819580078,0.0107860276475548
tile_r018531_c008291,2,144.01498413085938,64.2330551147461,166.0374298095703,83.27790832519531,0.0093705039471387
tile_r018531_c008291,2,334.9256286621094,76.94808959960938,375.4068603515625,113.9417495727539,0.0042499997653067
tile_r018531_c008291,2,408.0751037597656,323.6263122558594,482.2882690429688,398.49017333984375,0.0041867881081998
tile_r018531_c008291,2,285.4010925292969,51.41532516479492,306.6421203613281,72.19313049316406,0.004019409418106
tile_r018531_c008291,2,272.8937072753906,144.92633056640625,343.36639404296875,207.33108520507807,0.0018933051032945
tile_r018531_c008291,2,339.656982421875,82.18708038330078,368.16448974609375,107.15478515625,0.0018237255280837
tile_r018531_c008291,2,318.3212280273437,282.5068359375,397.9151916503906,356.37164306640625,0.001763372332789
tile_r018531_c008291,2,284.250244140625,49.42021942138672,309.89166259765625,72.36872863769531,0.0016774005489423
tile_r018531_c008291,2,56.254844665527344,470.30859375,118.7410659790039,514.5497436523438,0.0013305695028975
tile_r018531_c008291,2,244.41293334960935,203.04281616210935,275.6804504394531,232.20266723632807,0.0010805529309436
tile_r018531_c008291,2,142.7713165283203,364.1555786132813,168.58895874023438,389.520751953125,0.001028636121191
tile_r018531_c008547,2,155.40536499023438,328.70587158203125,223.0552215576172,395.67034912109375,0.9224107265472412
tile_r018531_c008547,2,151.5850830078125,420.30804443359375,209.96762084960935,473.6251831054688,0.9057485461235046
tile_r018531_c008547,2,66.39888000488281,289.77325439453125,137.10398864746094,351.04986572265625,0.8992953300476074
tile_r018531_c008547,2,74.88544464111328,30.39801979064941,120.02986145019533,70.57460021972656,0.8939258456230164
tile_r018531_c008547,2,82.1307373046875,80.35528564453125,115.483642578125,109.14445495605467,0.863801896572113
tile_r018531_c008547,2,223.7113494873047,172.066162109375,274.07427978515625,217.612060546875,0.8538674116134644
tile_r018531_c008547,2,186.0277099609375,193.2040252685547,220.7270965576172,227.3545837402344,0.8502492904663086
tile_r018531_c008547,2,301.2033996582031,306.9743957519531,356.0350036621094,354.4997253417969,0.8434672951698303
tile_r018531_c008547,2,225.5741271972656,111.9434814453125,261.6532592773437,145.79132080078125,0.7135697603225708
tile_r018531_c008547,2,274.8335876464844,466.30181884765625,329.55633544921875,513.9429931640625,0.5980529189109802
tile_r018531_c008547,2,368.68212890625,388.2261657714844,421.43353271484375,439.3775939941406,0.565814197063446
tile_r018531_c008547,2,99.8799819946289,156.30545043945312,152.0538330078125,209.82357788085935,0.5302247405052185
tile_r018531_c008547,2,22.307870864868164,153.04983520507812,79.67097473144531,201.7392120361328,0.5225270390510559
tile_r018531_c008547,2,223.095458984375,109.1010971069336,263.94561767578125,148.52561950683594,0.3035248219966888
tile_r018531_c008547,2,370.8982543945313,391.5833740234375,418.955078125,437.5236206054688,0.2569577991962433
tile_r018531_c008547,2,101.4965591430664,160.97250366210938,149.2857208251953,207.8360137939453,0.2283705323934555
tile_r018531_c008547,2,276.59100341796875,470.01800537109375,328.65313720703125,512.82177734375,0.0758227854967117
tile_r018531_c008547,2,27.76740455627441,49.477989196777344,53.86684036254883,73.07237243652344,0.0228902660310268
tile_r018531_c008547,2,28.878143310546875,51.49763870239258,51.0560188293457,72.2763671875,0.0194408148527145
tile_r018531_c008547,2,298.89959716796875,302.5348815917969,359.056884765625,358.1220092773437,0.0127668296918272
tile_r018531_c008547,2,183.5566253662109,190.184814453125,222.646240234375,230.7949981689453,0.0095554003491997
tile_r018531_c008547,2,152.2318115234375,323.8853454589844,225.798828125,398.1694946289063,0.0041009006090462
tile_r018531_c008547,2,25.4572868347168,47.7077751159668,53.30461883544922,74.91346740722656,0.0035600860137492
tile_r018531_c008547,2,79.1742935180664,77.08198547363281,119.306884765625,113.76091003417967,0.0035384525544941
tile_r018531_c008547,2,459.5965881347656,480.6566467285156,511.8162536621094,514.427978515625,0.0028327936306595
tile_r018531_c008547,2,224.5574493408203,173.53762817382812,272.7069396972656,216.8328094482422,0.0026875468902289
tile_r018531_c008547,2,62.80284881591797,282.79656982421875,142.15846252441406,356.2044677734375,0.0025669801980257
tile_r018531_c008547,2,18.01497459411621,144.99472045898438,87.22178649902344,206.2532501220703,0.0021100682206451
tile_r018531_c008547,2,83.84938049316406,82.3316879272461,112.0453643798828,107.03776550292967,0.0019281792920082
tile_r018531_c008803,2,399.3467712402344,26.213550567626957,443.8355102539063,68.73176574707031,0.8722884654998779
tile_r018531_c008803,2,452.6437377929688,344.7657470703125,508.6159057617188,404.8356018066406,0.8480591177940369
tile_r018531_c008803,2,44.65833282470703,306.396484375,100.4292984008789,355.12359619140625,0.8331335783004761
tile_r018531_c008803,2,321.43670654296875,232.42431640625,361.8698120117188,272.11114501953125,0.7245588898658752
tile_r018531_c008803,2,352.4499816894531,82.64973449707031,433.3834533691406,162.3594512939453,0.7212679982185364
tile_r018531_c008803,2,460.451904296875,422.99615478515625,497.8941040039063,460.2513732910156,0.6764360666275024
tile_r018531_c008803,2,377.7908935546875,479.2090759277344,427.6395568847656,513.9025268554688,0.5996552109718323
tile_r018531_c008803,2,424.07562255859375,214.0145263671875,502.0894165039063,290.9603271484375,0.5901013612747192
tile_r018531_c008803,2,19.043346405029297,465.92431640625,73.97661590576172,514.6163330078125,0.5709642767906189
tile_r018531_c008803,2,112.52677154541016,388.2491760253906,165.42982482910156,439.5720825195313,0.5549359321594238
tile_r018531_c008803,2,288.2951965332031,162.55184936523438,326.24176025390625,196.3498077392578,0.4801284968852997
tile_r018531_c008803,2,364.47454833984375,174.24111938476562,406.8258361816406,214.08984375,0.421101450920105
tile_r018531_c008803,2,285.7259216308594,159.41018676757812,329.26873779296875,199.21481323242188,0.4007692337036133
tile_r018531_c008803,2,427.2937622070313,217.6709899902344,498.561767578125,288.8861999511719,0.3351719677448272
tile_r018531_c008803,2,114.7792739868164,391.6134948730469,162.9916534423828,437.7102661132813,0.2554395496845245
tile_r018531_c008803,2,361.3527221679688,170.3447265625,410.1896362304688,216.9619598388672,0.1323927640914917
tile_r018531_c008803,2,458.3292846679688,420.58148193359375,500.7238159179688,462.4310607910156,0.1150405630469322
tile_r018531_c008803,2,20.90066146850586,469.649169921875,72.8040542602539,513.3479614257812,0.1094934418797493
tile_r018531_c008803,2,354.4828491210937,378.68310546875,389.3224182128906,413.7943420410156,0.0204851049929857
tile_r018531_c008803,2,42.18765258789063,302.0772705078125,103.43577575683594,358.72674560546875,0.019756507128477
tile_r018531_c008803,2,357.47296142578125,89.19329833984375,430.32025146484375,160.6337432861328,0.0088097183033823
tile_r018531_c008803,2,356.6274108886719,382.1263122558594,385.8992919921875,411.2102966308594,0.0075643402524292
tile_r018531_c008803,2,206.3196563720703,484.0476989746094,249.0747985839844,514.9549560546875,0.0053447969257831
tile_r018531_c008803,2,317.94781494140625,227.6297607421875,366.1050415039063,275.3586730957031,0.0026397402398288
tile_r018531_c008803,2,375.1369323730469,477.11517333984375,430.54205322265625,515.9139404296875,0.0024931712541729
tile_r018531_c008803,2,19.191181182861328,17.8409423828125,39.63540649414063,39.27898025512695,0.0018311196472495
tile_r018531_c009059,2,196.6830139160156,344.4490661621094,254.3244171142578,404.8670959472656,0.8811696171760559
tile_r018531_c009059,2,143.1275177001953,25.948171615600582,188.20899963378903,69.05025482177734,0.8717102408409119
tile_r018531_c009059,2,296.5172424316406,456.03607177734375,351.85137939453125,508.9676208496094,0.8312675952911377
tile_r018531_c009059,2,250.6781768798828,222.0862579345703,299.17144775390625,271.4977111816406,0.7814281582832336
tile_r018531_c009059,2,325.8551330566406,252.3980712890625,369.75042724609375,289.0734558105469,0.7208477258682251
tile_r018531_c009059,2,96.90901184082033,82.33004760742188,177.6667938232422,162.15359497070312,0.7204535603523254
tile_r018531_c009059,2,204.5135803222656,423.1455993652344,242.7167205810547,460.7153930664063,0.7143099308013916
tile_r018531_c009059,2,65.8256607055664,232.533203125,105.9685516357422,271.7793884277344,0.6988821029663086
tile_r018531_c009059,2,167.40438842773438,213.6241455078125,246.71194458007807,291.8680114746094,0.6091775894165039
tile_r018531_c009059,2,121.66117095947266,479.08251953125,172.03504943847656,513.8729248046875,0.5993493795394897
tile_r018531_c009059,2,32.71324920654297,163.1767578125,69.8314437866211,196.0452423095703,0.5630137920379639
tile_r018531_c009059,2,108.4843292236328,174.3188934326172,150.82005310058594,214.08737182617188,0.4278852343559265
tile_r018531_c009059,2,30.389476776123047,160.0347442626953,72.74398040771484,198.595703125,0.3807979524135589
tile_r018531_c009059,2,401.1419067382813,366.1373596191406,443.7740173339844,398.7364196777344,0.3686127662658691
tile_r018531_c009059,2,170.79164123535156,217.40646362304688,242.59713745117188,289.5780944824219,0.3529951572418213
tile_r018531_c009059,2,402.74322509765625,369.27252197265625,441.1431579589844,397.42864990234375,0.2177709341049194
tile_r018531_c009059,2,105.4324188232422,170.46778869628906,154.0373992919922,216.9729461669922,0.134538471698761
tile_r018531_c009059,2,326.4551086425781,251.86474609375,370.2063903808594,289.6478881835937,0.0982557386159896
tile_r018531_c009059,2,202.2721710205078,420.6923828125,245.69216918945312,462.9734497070313,0.0666018649935722
tile_r018531_c009059,2,98.7177276611328,378.5569152832031,133.4164276123047,413.589599609375,0.0324410311877727
tile_r018531_c009059,2,323.20428466796875,249.04296875,372.3761291503906,292.92584228515625,0.0305838175117969
tile_r018531_c009059,2,489.3670349121094,411.8204956054688,515.4534301757812,457.3038024902344,0.0299792028963565
tile_r018531_c009059,2,483.2645568847656,411.6829223632813,516.1929931640625,459.5407104492188,0.0227027926594018
tile_r018531_c009059,2,100.8993682861328,382.0061340332031,129.92745971679688,411.0130920410156,0.0148091670125722
tile_r018531_c009059,2,477.3365783691406,8.029985427856445,507.8963317871094,31.69672203063965,0.0106051210314035
tile_r018531_c009059,2,101.8313217163086,88.88166809082031,174.5253448486328,160.42025756835938,0.0101174190640449
tile_r018531_c009059,2,480.4562377929688,12.243782043457031,503.596923828125,29.95785522460937,0.0087882336229085
tile_r018531_c009059,2,485.61181640625,416.7880859375,514.0105590820312,456.2997131347656,0.0083875730633735
tile_r018531_c009059,2,253.0552520751953,225.8522491455078,296.6356811523437,269.51824951171875,0.0036313512828201
tile_r018531_c009059,2,118.9997787475586,477.03033447265625,174.94297790527344,515.8853149414062,0.0025777108967304
tile_r018531_c009059,2,299.092041015625,458.5887145996094,349.9109802246094,505.57366943359375,0.0023464621044695
tile_r018531_c009059,2,62.68915939331055,227.4608154296875,110.25334167480467,274.91632080078125,0.0022344996687024
tile_r018531_c009059,2,493.7499084472656,416.504150390625,514.1812744140625,454.4048461914063,0.0019816565327346
tile_r018531_c009059,2,482.4615173339844,12.933868408203123,505.9739685058594,30.78304100036621,0.0018655955791473
tile_r018531_c009059,2,193.80569458007807,241.5994873046875,239.4429931640625,284.7455444335937,0.0016555270412936
tile_r018531_c009059,2,493.0849609375,418.9703979492188,513.1121826171875,447.662841796875,0.0015394759830087
tile_r018531_c009059,2,501.3589477539063,421.3292541503906,513.3739013671875,445.5315551757813,0.0013102382654324
tile_r018531_c009059,2,100.6248016357422,379.4298706054688,132.3364715576172,411.7312622070313,0.0012423883890733
tile_r018531_c009059,2,486.115234375,397.6923828125,518.5308837890625,462.534912109375,0.0011135563254356
tile_r018531_c009315,2,465.4607849121094,459.3274536132813,510.80560302734375,502.44482421875,0.8579666614532471
tile_r018531_c009315,2,41.25844192504883,456.498291015625,95.1996078491211,508.5689392089844,0.8423530459403992
tile_r018531_c009315,2,70.67640686035156,253.34194946289065,112.9029312133789,287.9934997558594,0.7276849746704102
tile_r018531_c009315,2,383.5400390625,259.7034912109375,418.9519958496094,292.9439392089844,0.714550793170929
tile_r018531_c009315,2,-0.7232284545898438,222.76467895507807,41.5059928894043,270.4206848144531,0.6560721397399902
tile_r018531_c009315,2,401.1318359375,141.05087280273438,448.0051879882813,181.41444396972656,0.6482694745063782
tile_r018531_c009315,2,362.3592834472656,427.9107360839844,415.0144653320313,475.2317504882813,0.5559799671173096
tile_r018531_c009315,2,258.24267578125,6.245364189147949,317.231689453125,56.78150177001953,0.5380697846412659
tile_r018531_c009315,2,362.1210632324219,426.5621032714844,416.2506713867188,475.5730590820313,0.4402516186237335
tile_r018531_c009315,2,145.5669403076172,366.4282836914063,187.4712829589844,398.25579833984375,0.3618690371513366
tile_r018531_c009315,2,235.731689453125,416.0787658691406,280.6357421875,460.9710998535156,0.2499718964099884
tile_r018531_c009315,2,147.11553955078125,369.51373291015625,184.75601196289065,397.0347595214844,0.232842281460762
tile_r018531_c009315,2,71.43611907958984,252.8061065673828,113.5145263671875,288.4964599609375,0.1726454943418502
tile_r018531_c009315,2,0.484213262796402,226.4768524169922,38.73450469970703,269.10235595703125,0.1239687129855156
tile_r018531_c009315,2,230.96676635742188,412.2887573242188,283.7355041503906,463.8211975097656,0.1026765927672386
tile_r018531_c009315,2,305.26531982421875,171.55955505371094,344.4530639648437,210.9799346923828,0.0906765162944793
tile_r018531_c009315,2,381.89544677734375,255.7000732421875,421.9402770996094,295.2489624023437,0.0674320086836814
tile_r018531_c009315,2,258.4935913085937,6.589822292327881,315.895263671875,56.973854064941406,0.0489678047597408
tile_r018531_c009315,2,68.26011657714844,250.09780883789065,115.49485778808594,291.5740966796875,0.0213992372155189
tile_r018531_c009315,2,301.28765869140625,168.2091064453125,347.3113708496094,214.83236694335935,0.0177784655243158
tile_r018531_c009315,2,452.4513244628906,341.6454467773437,474.83734130859375,361.4440307617188,0.0128280902281403
tile_r018531_c009315,2,452.2044067382813,341.8480834960937,476.8263549804688,363.4897766113281,0.0115144597366452
tile_r018531_c009315,2,241.2577667236328,419.5965270996094,278.3846740722656,458.53857421875,0.0088084237650036
tile_r018531_c009315,2,309.09674072265625,176.60720825195312,341.78643798828125,209.22817993164065,0.0083624944090843
tile_r018531_c009315,2,403.858154296875,143.04112243652344,448.7366333007813,179.05606079101562,0.0061393547803163
tile_r018531_c009315,2,321.2582092285156,80.264404296875,338.89276123046875,99.03369140625,0.0052185165695846
tile_r018531_c009315,2,448.02740478515625,340.1679382324219,476.250244140625,365.4906005859375,0.0048727807588875
tile_r018531_c009315,2,359.6581420898437,423.1409606933594,418.87994384765625,478.4458923339844,0.0042950850911438
tile_r018531_c009315,2,455.0146484375,343.7052307128906,473.8761596679688,361.9933471679688,0.0041208262555301
tile_r018531_c009315,2,223.32568359375,10.39552879333496,247.3868408203125,31.385570526123047,0.0033104915637522
tile_r018531_c009315,2,218.9926300048828,6.580078125,251.0343017578125,32.181060791015625,0.003089927136898
tile_r018531_c009315,2,260.64422607421875,9.05815887451172,314.3636474609375,54.29156494140625,0.0026378238108009
tile_r018531_c009315,2,43.6186408996582,458.9306640625,93.38377380371094,505.31787109375,0.0018512847600504
tile_r018531_c009315,2,376.3201293945313,409.8528747558594,397.0684509277344,427.8811950683594,0.0017530749319121
tile_r018531_c009315,2,428.2019653320313,159.17205810546875,448.1337890625,176.8357391357422,0.001486272085458
tile_r018531_c009315,2,403.73291015625,144.86740112304688,433.67529296875,172.25051879882812,0.0012169250985607
tile_r018531_c009315,2,316.9976501464844,79.12443542480469,341.55572509765625,101.50325012207033,0.0012089775409549
tile_r018787_c008035,2,124.2920150756836,267.2509155273437,179.4925537109375,322.6064453125,0.9229393601417542
tile_r018787_c008035,2,286.4476318359375,359.1412048339844,345.7184143066406,419.6060485839844,0.8703668713569641
tile_r018787_c008035,2,317.127685546875,219.337158203125,368.31689453125,259.64776611328125,0.8633682727813721
tile_r018787_c008035,2,227.74282836914065,374.33587646484375,294.97491455078125,442.4493103027344,0.8439546823501587
tile_r018787_c008035,2,210.7808837890625,89.11267852783203,267.9303894042969,141.93338012695312,0.8201559782028198
tile_r018787_c008035,2,63.64537811279297,357.0774841308594,110.33238220214844,402.0306091308594,0.7952884435653687
tile_r018787_c008035,2,307.37188720703125,105.1331787109375,368.8733520507813,167.15512084960938,0.743610143661499
tile_r018787_c008035,2,243.3549041748047,182.88113403320312,294.48638916015625,228.7830352783203,0.7227614521980286
tile_r018787_c008035,2,432.0895080566406,321.9341125488281,489.07763671875,379.353515625,0.3965314924716949
tile_r018787_c008035,2,434.8365783691406,326.0572204589844,486.0715942382813,376.7955017089844,0.3709344863891601
tile_r018787_c008035,2,43.576881408691406,182.1657867431641,92.14421081542967,229.74429321289065,0.3658321499824524
tile_r018787_c008035,2,44.32011032104492,183.8804626464844,90.47599029541016,229.27554321289065,0.3103472888469696
tile_r018787_c008035,2,312.02593994140625,490.9718322753906,357.3460388183594,514.565673828125,0.2719403207302093
tile_r018787_c008035,2,394.9253540039063,106.9716339111328,426.7565307617188,136.11195373535156,0.2467609196901321
tile_r018787_c008035,2,316.0782470703125,492.1885681152344,357.3890686035156,513.849853515625,0.2221573144197464
tile_r018787_c008035,2,245.7318420410156,186.62960815429688,291.50079345703125,225.8253631591797,0.2139819115400314
tile_r018787_c008035,2,41.254005432128906,179.99090576171875,93.75813293457033,232.04574584960935,0.1565035432577133
tile_r018787_c008035,2,314.3517150878906,422.26556396484375,349.4064636230469,453.8204040527344,0.1364278346300125
tile_r018787_c008035,2,1.663944959640503,79.78761291503906,29.68511962890625,121.82701110839844,0.0757798254489898
tile_r018787_c008035,2,313.77032470703125,488.546630859375,359.1352844238281,513.3990478515625,0.0688741579651832
tile_r018787_c008035,2,75.53925323486328,19.44586563110352,164.95510864257812,90.3359603881836,0.0505610965192317
tile_r018787_c008035,2,75.8539047241211,16.78815269470215,170.5435333251953,96.38801574707033,0.0401279665529727
tile_r018787_c008035,2,310.3412780761719,418.41510009765625,352.4381103515625,456.7891540527344,0.0327737145125865
tile_r018787_c008035,2,322.69500732421875,493.5060424804688,357.9989013671875,512.436279296875,0.0230313036590814
tile_r018787_c008035,2,308.0848693847656,106.95964050292967,368.5052795410156,166.62802124023438,0.0216857269406318
tile_r018787_c008035,2,61.80159378051758,352.74639892578125,113.8895492553711,404.4143676757813,0.0216758139431476
tile_r018787_c008035,2,-0.3545288145542145,78.3405990600586,30.646209716796875,125.4152374267578,0.0199522580951452
tile_r018787_c008035,2,397.0006408691406,107.907958984375,426.7832946777344,134.81228637695312,0.0184873659163713
tile_r018787_c008035,2,0.8437911868095398,83.75711822509766,26.482202529907227,121.40645599365234,0.0145954387262463
tile_r018787_c008035,2,86.80328369140625,28.4250431060791,160.6725616455078,87.40589904785156,0.0130383409559726
tile_r018787_c008035,2,92.45957946777344,29.258190155029297,162.52279663085938,86.4403076171875,0.0084307575598359
tile_r018787_c008035,2,82.10558319091797,20.07733154296875,166.5370635986328,89.13959503173828,0.0074964547529816
tile_r018787_c008035,2,178.89657592773438,368.51904296875,216.8008728027344,402.0050659179688,0.0057723843492567
tile_r018787_c008035,2,435.0638122558594,487.22857666015625,466.792724609375,512.896240234375,0.0044557554647326
tile_r018787_c008035,2,225.1053466796875,371.3244018554688,298.9276428222656,445.56353759765625,0.0043129841797053
tile_r018787_c008035,2,310.7970886230469,109.3967514038086,366.62548828125,164.3981170654297,0.0037656463682651
tile_r018787_c008035,2,207.42971801757807,83.74812316894531,271.26336669921875,145.41915893554688,0.0035891744773834
tile_r018787_c008035,2,-0.2018875181674957,70.43571472167969,34.23444366455078,123.8476104736328,0.0030475496314466
tile_r018787_c008035,2,181.4671630859375,371.7540893554688,214.74789428710935,400.0358276367188,0.002202320843935
tile_r018787_c008035,2,289.52496337890625,363.04974365234375,343.428466796875,417.5730590820313,0.0019319005077704
tile_r018787_c008035,2,293.4574279785156,277.05426025390625,317.32550048828125,296.1513977050781,0.0019209554884582
tile_r018787_c008035,2,398.7747192382813,108.35367584228516,424.4452209472656,133.24777221679688,0.0018900028662756
tile_r018787_c008035,2,91.516845703125,39.77532958984375,151.47410583496094,85.11515808105469,0.0018648913828656
tile_r018787_c008035,2,211.4573516845703,189.00411987304688,234.91238403320312,209.1217498779297,0.0017119208350777
tile_r018787_c008035,2,296.9781494140625,277.87017822265625,316.83404541015625,294.3748779296875,0.001478690537624
tile_r018787_c008035,2,209.5315704345703,185.17596435546875,241.40542602539065,213.29977416992188,0.0013629398308694
tile_r018787_c008035,2,183.74810791015625,374.51409912109375,208.7472686767578,397.3694763183594,0.0012877794215455
tile_r018787_c008035,2,290.9159545898437,362.6639709472656,332.85699462890625,400.80413818359375,0.0012456966796889
tile_r018787_c008035,2,314.25811767578125,213.6632843017578,373.5407104492188,262.77349853515625,0.0011556354584172
tile_r018787_c008035,2,328.5096130371094,494.5569763183594,359.445556640625,511.19287109375,0.0011548107722774
tile_r018787_c008035,2,98.9310073852539,39.99504470825195,157.01123046875,84.414306640625,0.0011325533268973
tile_r018787_c008035,2,434.00872802734375,493.4623107910156,465.9393005371094,511.3868103027344,0.001042480347678
tile_r018787_c008291,2,410.7271423339844,71.45008087158203,480.2018127441406,140.61929321289062,0.921387255191803
tile_r018787_c008291,2,322.2487487792969,33.306983947753906,393.8667602539063,96.01554107666016,0.9011524319648744
tile_r018787_c008291,2,406.8049926757813,163.85098266601562,466.4793395996094,218.10205078125,0.8929651379585266
tile_r018787_c008291,2,31.2133903503418,359.6195068359375,89.46134948730469,419.4791870117188,0.8739956021308899
tile_r018787_c008291,2,61.11173248291016,219.48779296875,112.34138488769533,259.0577392578125,0.8545868992805481
tile_r018787_c008291,2,50.69878387451172,104.6347885131836,113.36226654052734,167.68576049804688,0.7520391345024109
tile_r018787_c008291,2,-0.8654769659042358,183.6247100830078,37.9885139465332,226.4794921875,0.7481798529624939
tile_r018787_c008291,2,179.05282592773438,325.92529296875,230.73715209960935,376.8651428222656,0.4159049093723297
tile_r018787_c008291,2,176.35316467285156,321.7751159667969,234.07730102539065,379.5546875,0.3518518507480621
tile_r018787_c008291,2,477.91845703125,397.43560791015625,514.2437744140625,440.8726196289063,0.2991581559181213
tile_r018787_c008291,2,55.8401985168457,490.8960571289063,101.5021514892578,514.5379638671875,0.2375754565000534
tile_r018787_c008291,2,60.05361175537109,492.1390686035156,101.4516830444336,513.81591796875,0.2353120744228363
tile_r018787_c008291,2,58.48234939575195,422.0475463867188,93.3656768798828,453.8853149414063,0.1906493306159973
tile_r018787_c008291,2,138.956298828125,106.92497253417967,170.73974609375,136.258544921875,0.1371310949325561
tile_r018787_c008291,2,-0.6855987310409546,383.8979187011719,36.995399475097656,438.04437255859375,0.1288687586784362
tile_r018787_c008291,2,-2.309206485748291,381.7742919921875,38.7288932800293,442.529052734375,0.101073071360588
tile_r018787_c008291,2,-0.5969070196151733,386.2084045410156,35.10441207885742,440.2647399902344,0.0789524763822555
tile_r018787_c008291,2,57.69854736328125,488.5333862304688,103.28287506103516,513.4584350585938,0.0547506734728813
tile_r018787_c008291,2,54.70075607299805,418.3043823242188,96.2677230834961,457.0074157714844,0.0357624739408493
tile_r018787_c008291,2,51.4908447265625,106.34523010253906,113.04642486572266,167.09925842285156,0.0299703292548656
tile_r018787_c008291,2,66.58462524414062,493.4468383789063,102.09611511230467,512.4874877929688,0.0217765960842371
tile_r018787_c008291,2,141.11489868164062,107.81211853027344,170.8650665283203,135.00869750976562,0.0172919575124979
tile_r018787_c008291,2,481.0205078125,402.69775390625,512.170654296875,438.1511840820313,0.0155573338270187
tile_r018787_c008291,2,38.35440826416016,276.5948791503906,60.50571441650391,295.81317138671875,0.0070480601862072
tile_r018787_c008291,2,407.3216857910156,66.69580078125,483.4312438964844,143.25494384765625,0.0069558825343847
tile_r018787_c008291,2,473.5665893554688,388.7731323242188,517.3223876953125,444.86566162109375,0.0063092652708292
tile_r018787_c008291,2,329.7546691894531,434.258544921875,375.3552856445313,472.9963989257813,0.006266436073929
tile_r018787_c008291,2,41.29648971557617,277.991455078125,60.610939025878906,294.3172302246094,0.0053698471747338
tile_r018787_c008291,2,318.4501953125,25.958812713623047,398.9892578125,101.51168060302734,0.0034640915691852
tile_r018787_c008291,2,34.19102096557617,363.4669799804688,87.30577087402344,417.4567260742188,0.0031291367486119
tile_r018787_c008291,2,325.5635681152344,428.8515625,379.372802734375,474.97747802734375,0.0029371292330324
tile_r018787_c008291,2,-1.677923560142517,381.98724365234375,28.85943603515625,420.337158203125,0.0025597601197659
tile_r018787_c008291,2,178.80899047851562,487.1924743652344,210.98391723632807,512.9056396484375,0.0018941875314339
tile_r018787_c008291,2,54.29155349731445,108.96995544433594,111.0776596069336,164.91529846191406,0.0016297006513923
tile_r018787_c008291,2,35.58873748779297,363.2037048339844,76.26600646972656,400.1220703125,0.0014795145252719
tile_r018787_c008291,2,58.2451057434082,213.7667999267578,117.49201965332033,261.9964294433594,0.001351021695882
tile_r018787_c008291,2,40.66722869873047,277.4637145996094,59.1654052734375,294.5580444335937,0.0013371247332543
tile_r018787_c008291,2,72.49810028076172,494.5252380371094,103.59454345703124,511.2359313964844,0.001129571464844
tile_r018787_c008291,2,382.409912109375,250.3688201904297,420.8485412597656,288.7229919433594,0.0010111270239576
tile_r018787_c008547,2,154.82879638671875,72.10395812988281,223.6417999267578,140.24671936035156,0.9211663603782654
tile_r018787_c008547,2,66.42710876464844,33.665706634521484,137.74453735351562,95.2426300048828,0.9089438915252686
tile_r018787_c008547,2,150.8311004638672,163.8726348876953,210.2448272705078,217.9832305908203,0.8942822217941284
tile_r018787_c008547,2,264.5726623535156,293.9979858398437,317.35797119140625,344.5508117675781,0.8545721769332886
tile_r018787_c008547,2,301.2299499511719,51.134796142578125,355.9515991210937,98.4885025024414,0.8466526865959167
tile_r018787_c008547,2,405.319580078125,283.00439453125,459.3825073242188,336.6363220214844,0.834816038608551
tile_r018787_c008547,2,307.9499816894531,355.0504455566406,366.6227722167969,411.9505004882813,0.6240050792694092
tile_r018787_c008547,2,266.7893981933594,477.6915588378906,317.7846069335937,513.4603271484375,0.5771732330322266
tile_r018787_c008547,2,220.7853240966797,396.7041015625,268.4164428710937,441.98150634765625,0.5040188431739807
tile_r018787_c008547,2,369.36810302734375,132.9310760498047,420.69439697265625,182.47970581054688,0.4922254085540771
tile_r018787_c008547,2,278.87896728515625,214.1669464111328,326.6537170410156,260.90069580078125,0.4722232520580292
tile_r018787_c008547,2,277.19500732421875,210.817138671875,327.85919189453125,263.1537780761719,0.4471841752529144
tile_r018787_c008547,2,371.53802490234375,136.2228240966797,418.264404296875,180.81100463867188,0.3270809650421142
tile_r018787_c008547,2,310.43243408203125,357.1466369628906,365.2888488769531,409.92718505859375,0.149008646607399
tile_r018787_c008547,2,496.2350158691406,475.997314453125,515.8963623046875,512.1422119140625,0.0147611368447542
tile_r018787_c008547,2,298.9510803222656,46.91105270385742,358.8773803710937,102.36393737792967,0.0084388488903641
tile_r018787_c008547,2,463.79345703125,226.08590698242188,503.1011352539063,260.77886962890625,0.0082980701699852
tile_r018787_c008547,2,408.888916015625,287.281982421875,456.23193359375,334.71697998046875,0.0066645168699324
tile_r018787_c008547,2,311.9258117675781,360.0330505371094,362.8102416992188,409.2609252929688,0.0062983063980937
tile_r018787_c008547,2,151.54574584960938,67.27558898925781,226.7296905517578,142.7996826171875,0.0061401780694723
tile_r018787_c008547,2,75.05137634277344,434.2071228027344,118.6710205078125,471.4893493652344,0.0037686885334551
tile_r018787_c008547,2,262.16766357421875,289.1031799316406,319.87750244140625,347.7497863769531,0.003018237883225
tile_r018787_c008547,2,62.92184448242188,26.541614532470703,142.89694213867188,100.5395736694336,0.0027753936592489
tile_r018787_c008547,2,223.6703338623047,401.3429565429688,264.3699645996094,439.20989990234375,0.0019391203531995
tile_r018787_c008547,2,126.63331604003906,250.32766723632807,164.61636352539062,288.6169738769531,0.0018787911394611
tile_r018787_c008547,2,493.70709228515625,459.3857421875,518.3969116210938,516.6409912109375,0.0015330950263887
tile_r018787_c008547,2,70.85295867919922,428.810546875,122.79475402832033,473.1344604492188,0.001133800134994
tile_r018787_c008547,2,466.6912231445313,229.152587890625,498.4796447753906,257.7855834960937,0.0011070378823205
tile_r018787_c008803,2,453.25396728515625,89.09391784667969,508.4470825195313,148.2003631591797,0.8557386994361877
tile_r018787_c008803,2,7.911503791809082,293.0502319335937,61.82368850708008,345.76629638671875,0.8449370861053467
tile_r018787_c008803,2,45.14634323120117,51.10810470581055,99.89115142822266,98.466064453125,0.8430702686309814
tile_r018787_c008803,2,389.8287353515625,376.1816101074219,454.69232177734375,444.33099365234375,0.8414635062217712
tile_r018787_c008803,2,149.1538848876953,282.885009765625,203.5895233154297,336.7776184082031,0.8397470712661743
tile_r018787_c008803,2,377.4445190429688,222.05453491210935,429.09478759765625,276.4714660644531,0.8064669370651245
tile_r018787_c008803,2,51.1037483215332,354.45721435546875,111.0017547607422,412.4515075683594,0.7064442038536072
tile_r018787_c008803,2,460.8045349121094,167.3394012451172,497.609375,204.03561401367188,0.6899467706680298
tile_r018787_c008803,2,11.748980522155762,476.85150146484375,61.43155670166016,514.1640625,0.5918009281158447
tile_r018787_c008803,2,19.94964027404785,210.08462524414065,73.3192138671875,264.18231201171875,0.508228600025177
tile_r018787_c008803,2,113.5999526977539,132.99020385742188,164.39324951171875,182.35665893554688,0.4770414531230926
tile_r018787_c008803,2,238.5704803466797,475.7674255371094,287.5992736816406,513.554931640625,0.447356253862381
tile_r018787_c008803,2,22.10702133178711,213.4471435546875,71.90575408935547,261.9745483398437,0.3810769915580749
tile_r018787_c008803,2,442.4148559570313,-2.5666275024414062,495.56939697265625,29.158039093017575,0.3777010440826416
tile_r018787_c008803,2,115.7860870361328,136.2528533935547,162.00552368164062,180.65170288085935,0.3439747393131256
tile_r018787_c008803,2,458.7770080566406,164.97097778320312,500.4305725097656,206.3045654296875,0.0956206545233726
tile_r018787_c008803,2,354.2386169433594,121.83406829833984,389.1885070800781,157.5445556640625,0.0759337916970253
tile_r018787_c008803,2,53.76874923706055,356.7593994140625,109.54142761230467,410.3628845214844,0.0727664977312088
tile_r018787_c008803,2,444.111572265625,-0.0198837276548147,492.3197326660156,27.8588924407959,0.0508909076452255
tile_r018787_c008803,2,496.3236389160156,303.0331420898437,514.3768310546875,347.03125,0.0505682975053787
tile_r018787_c008803,2,236.10519409179688,474.1157836914063,289.2942810058594,515.1029052734375,0.0260945092886686
tile_r018787_c008803,2,493.1206970214844,297.4965209960937,515.8703002929688,351.80279541015625,0.0230916738510131
tile_r018787_c008803,2,356.4811706542969,125.46512603759766,385.8626098632813,155.32192993164062,0.0176599584519863
tile_r018787_c008803,2,379.59027099609375,225.96334838867188,425.75341796875,274.2616271972656,0.0156280379742383
tile_r018787_c008803,2,385.0866394042969,371.61419677734375,458.3396606445313,446.8483276367188,0.0127002857625484
tile_r018787_c008803,2,42.751731872558594,46.86141204833984,102.7918930053711,102.3695068359375,0.0103229973465204
tile_r018787_c008803,2,487.01068115234375,301.37939453125,514.1351318359375,350.4767761230469,0.00954304728657
tile_r018787_c008803,2,55.31632614135742,359.5087280273437,107.065185546875,409.678466796875,0.0093913171440362
tile_r018787_c008803,2,235.6631622314453,470.561279296875,292.09619140625,514.8345336914062,0.009285083040595
tile_r018787_c008803,2,377.9471130371094,223.7970733642578,428.6136779785156,277.0757141113281,0.0091714030131697
tile_r018787_c008803,2,152.781494140625,287.1455383300781,200.41067504882807,334.8267517089844,0.0059803412295877
tile_r018787_c008803,2,484.9214782714844,295.6302185058594,516.1564331054688,355.56268310546875,0.0042750653810799
tile_r018787_c008803,2,5.711157321929932,287.9774475097656,63.9865837097168,348.9819641113281,0.0042014117352664
tile_r018787_c008803,2,499.26507568359375,306.6127624511719,514.4701538085938,349.0647277832031,0.0028556091710925
tile_r018787_c008803,2,205.7742462158203,225.10855102539065,248.3480682373047,263.57427978515625,0.0024292981252074
tile_r018787_c008803,2,356.3111877441406,122.91568756103516,388.16217041015625,155.74354553222656,0.001570955151692
tile_r018787_c008803,2,208.6373748779297,228.278076171875,244.19497680664065,260.7198181152344,0.0010903530055657
tile_r018787_c008803,2,516.0374755859375,310.41876220703125,524.7999877929688,364.6443786621094,0.0010898126056417
tile_r018787_c009059,2,196.8656768798828,88.54048156738281,254.415771484375,148.6822509765625,0.890289843082428
tile_r018787_c009059,2,296.7160949707031,199.9071350097656,351.34295654296875,252.5376434326172,0.863183856010437
tile_r018787_c009059,2,133.1506805419922,375.567626953125,199.669677734375,445.3019104003906,0.8406838774681091
tile_r018787_c009059,2,232.56515502929688,301.5705261230469,289.0783386230469,356.9725646972656,0.8390213251113892
tile_r018787_c009059,2,121.088134765625,221.6819305419922,173.4891815185547,276.8299560546875,0.806938648223877
tile_r018787_c009059,2,326.0316772460937,0.0624847412109375,369.7990417480469,31.57969284057617,0.7820578217506409
tile_r018787_c009059,2,204.68704223632807,167.2223358154297,242.5352020263672,204.5404357910156,0.7074012160301208
tile_r018787_c009059,2,342.9315795898437,384.67291259765625,400.158447265625,439.8312072753906,0.6834136843681335
tile_r018787_c009059,2,324.13739013671875,274.1622619628906,393.0133972167969,338.73492431640625,0.4637824892997741
tile_r018787_c009059,2,321.47296142578125,270.4262084960937,395.25982666015625,340.20123291015625,0.4611566960811615
tile_r018787_c009059,2,401.2611389160156,110.1734848022461,443.7201232910156,142.63076782226562,0.4041639864444732
tile_r018787_c009059,2,399.3509826660156,256.323974609375,429.3024291992188,285.9666748046875,0.3577863574028015
tile_r018787_c009059,2,185.8590850830078,-2.656712293624878,240.132568359375,29.4786434173584,0.3369874060153961
tile_r018787_c009059,2,397.560791015625,254.34909057617188,431.9126586914063,288.59381103515625,0.3039973378181457
tile_r018787_c009059,2,402.914306640625,113.3161163330078,440.8893432617188,141.31285095214844,0.2600477039813995
tile_r018787_c009059,2,316.10125732421875,482.60736083984375,369.4759216308594,514.0592041015625,0.1606955230236053
tile_r018787_c009059,2,98.143798828125,121.4426040649414,133.62953186035156,157.49649047851562,0.1214530989527702
tile_r018787_c009059,2,345.85906982421875,388.5101013183594,397.5706481933594,437.50689697265625,0.0773522779345512
tile_r018787_c009059,2,202.5845642089844,164.8716583251953,245.4022979736328,206.8131561279297,0.0621975101530551
tile_r018787_c009059,2,187.6375274658203,0.0187164302915334,237.07894897460935,28.19297409057617,0.0575642175972461
tile_r018787_c009059,2,0.3539077639579773,477.4456176757813,33.81705093383789,514.3052978515625,0.0557247772812843
tile_r018787_c009059,2,329.70904541015625,0.7905029058456421,368.5721740722656,29.55279922485352,0.0403901562094688
tile_r018787_c009059,2,327.77020263671875,-1.0593048334121704,370.3497619628906,31.14448928833008,0.0343707166612148
tile_r018787_c009059,2,100.55799865722656,125.10321044921876,130.2179412841797,155.23922729492188,0.0337008386850357
tile_r018787_c009059,2,483.2626953125,155.9130859375,516.050048828125,202.798828125,0.0254341270774602
tile_r018787_c009059,2,488.9939575195313,156.06588745117188,515.2874755859375,200.51187133789065,0.0252534560859203
tile_r018787_c009059,2,317.5053100585937,489.731689453125,367.0198364257813,513.517578125,0.022017803043127
tile_r018787_c009059,2,128.52090454101562,371.1897583007813,203.61962890625,447.7037048339844,0.0196538921445608
tile_r018787_c009059,2,121.55747985839844,223.5155487060547,172.99703979492188,277.41339111328125,0.0186469182372093
tile_r018787_c009059,2,-1.285945177078247,475.3699645996094,34.452293395996094,515.8141479492188,0.0182323027402162
tile_r018787_c009059,2,123.28092956542967,225.7005920410156,170.10336303710938,274.585205078125,0.0088982116430997
tile_r018787_c009059,2,485.587158203125,160.89028930664062,513.8468017578125,199.6210174560547,0.0073331808671355
tile_r018787_c009059,2,401.142333984375,258.40594482421875,426.3172302246094,285.0474853515625,0.0040911324322223
tile_r018787_c009059,2,234.9647521972656,303.9657592773437,287.17919921875,354.62677001953125,0.0035652539227157
tile_r018787_c009059,2,100.08992767333984,122.48060607910156,132.44407653808594,155.92584228515625,0.0022888744715601
tile_r018787_c009059,2,-1.7328033447265625,469.2394104003906,39.17962646484375,515.1105346679688,0.0020260505843907
tile_r018787_c009059,2,496.4762573242188,419.8417053222656,516.0951538085938,457.8240661621094,0.0018936574924737
tile_r018787_c009059,2,492.7671508789063,162.96139526367188,513.1049194335938,191.12664794921875,0.0017824220703914
tile_r018787_c009059,2,493.262939453125,160.764892578125,514.0682983398438,197.8578338623047,0.0016152944881469
tile_r018787_c009059,2,501.2093200683594,165.4337921142578,513.3114013671875,188.6589508056641,0.0011658325092867
tile_r018787_c009059,2,348.4104309082031,293.1312866210937,390.7451477050781,334.6520690917969,0.0010239692637696
tile_r018787_c009059,2,485.8500061035156,141.00962829589844,518.5067138671875,205.8946533203125,0.0010217026574537
tile_r018787_c009315,2,40.67988204956055,199.8631896972656,95.28904724121094,252.6764373779297,0.8798914551734924
tile_r018787_c009315,2,464.3844299316406,202.3436279296875,511.0164489746094,247.7218780517578,0.8665921092033386
tile_r018787_c009315,2,432.2138671875,268.1318054199219,486.9602661132813,322.0786437988281,0.8399434685707092
tile_r018787_c009315,2,70.14604949951172,0.035003662109375,113.6862564086914,31.61077308654785,0.7964529395103455
tile_r018787_c009315,2,361.2116088867188,169.31039428710938,417.33587646484375,220.9365692138672,0.6976391077041626
tile_r018787_c009315,2,86.59123229980469,384.4563598632813,144.50784301757812,440.2722778320313,0.6913333535194397
tile_r018787_c009315,2,383.20648193359375,3.3566880226135254,419.9450073242188,36.644775390625,0.6910010576248169
tile_r018787_c009315,2,64.85433959960938,269.8301086425781,139.61573791503906,340.5968322753906,0.540946364402771
tile_r018787_c009315,2,237.61013793945312,424.943359375,306.9486999511719,490.8802795410156,0.4942355155944824
tile_r018787_c009315,2,233.93771362304688,420.6211853027344,310.7267761230469,492.1633911132813,0.4077112376689911
tile_r018787_c009315,2,67.5842056274414,273.4704284667969,137.3083038330078,339.1786804199219,0.4027431905269623
tile_r018787_c009315,2,145.01931762695312,109.76338958740234,188.24819946289065,143.46139526367188,0.3589907884597778
tile_r018787_c009315,2,143.25465393066406,256.03082275390625,173.39566040039062,285.9074401855469,0.3202203810214996
tile_r018787_c009315,2,361.4788818359375,170.58299255371094,416.2223205566406,220.647216796875,0.3067858815193176
tile_r018787_c009315,2,141.38998413085938,253.9619140625,176.11392211914062,288.5289306640625,0.2857509851455688
tile_r018787_c009315,2,-1.2663681507110596,305.24591064453125,32.045921325683594,356.8673400878906,0.2754704356193542
tile_r018787_c009315,2,146.83155822753906,113.00762939453124,185.23660278320312,141.79100036621094,0.2176067233085632
tile_r018787_c009315,2,60.2537727355957,482.463623046875,113.61265563964844,514.1580200195312,0.1620894819498062
tile_r018787_c009315,2,235.9953155517578,160.05491638183594,280.6869812011719,205.54666137695312,0.1271262019872665
tile_r018787_c009315,2,89.56135559082031,388.2938537597656,141.80569458007812,437.9064331054688,0.0612635686993598
tile_r018787_c009315,2,231.798583984375,156.38613891601562,284.0601501464844,208.47073364257807,0.0413303785026073
tile_r018787_c009315,2,73.78121948242188,0.748364269733429,112.47647857666016,29.60176467895508,0.032092485576868
tile_r018787_c009315,2,71.8740463256836,-1.063751220703125,114.21368408203124,31.246509552001957,0.0300872698426246
tile_r018787_c009315,2,61.71045684814453,489.6266174316406,110.9629135131836,513.6236572265625,0.0264124199748039
tile_r018787_c009315,2,0.6196929812431335,305.9017944335937,31.15511512756348,353.7294006347656,0.0194081049412488
tile_r018787_c009315,2,241.02212524414065,163.45742797851562,278.5646667480469,203.07748413085935,0.0104346917942166
tile_r018787_c009315,2,358.8392028808594,165.89956665039062,419.9610900878906,223.8800506591797,0.0082866512238979
tile_r018787_c009315,2,0.181893914937973,310.1167907714844,28.38753700256348,354.04498291015625,0.0082023665308952
tile_r018787_c009315,2,381.4510803222656,-1.036282300949097,425.0636291503906,40.00239944458008,0.0049735000357031
tile_r018787_c009315,2,145.25732421875,258.2566833496094,170.2930450439453,285.1268920898437,0.0046935160644352
tile_r018787_c009315,2,452.3724060058594,85.39183807373047,474.9273071289063,105.6676254272461,0.0046325665898621
tile_r018787_c009315,2,452.1227416992188,85.62401580810547,476.95013427734375,107.44952392578124,0.0022997830528765
tile_r018787_c009315,2,435.3998107910156,273.3261108398437,483.5861206054688,319.3965759277344,0.002197896130383
tile_r018787_c009315,2,455.1740112304688,87.59260559082031,473.869384765625,106.1436996459961,0.0016608315054327
tile_r018787_c009315,2,447.4725036621094,83.62712860107422,476.3977661132813,109.9859390258789,0.0015011572977527
tile_r018787_c009315,2,375.6138305664063,153.59292602539062,397.3712768554688,172.7197265625,0.0011997683905065
tile_r018787_c009315,2,-0.823681652545929,305.18133544921875,25.74810791015625,345.0522766113281,0.0011613264214247
tile_r018787_c009315,2,92.300537109375,292.584716796875,134.9696502685547,334.96051025390625,0.0010348609648644
tile_r018787_c009315,2,259.2325744628906,447.4305114746094,303.7391662597656,486.0284118652344,0.0010058891493827
tile_r019043_c008035,2,124.47640228271484,11.56022834777832,179.08160400390625,66.44371032714844,0.9264490604400636
tile_r019043_c008035,2,193.34127807617188,280.12371826171875,245.51089477539065,329.50732421875,0.8806195259094238
tile_r019043_c008035,2,286.4476318359375,103.1120376586914,345.85406494140625,163.59329223632812,0.8716216683387756
tile_r019043_c008035,2,352.7196655273437,323.6341552734375,422.8356018066406,387.0104370117188,0.8543227314949036
tile_r019043_c008035,2,227.5255126953125,118.08543395996094,294.9905700683594,186.3807678222656,0.8407231569290161
tile_r019043_c008035,2,314.7201538085937,235.0826416015625,361.542236328125,278.85125732421875,0.8240506052970886
tile_r019043_c008035,2,63.41538238525391,100.8054428100586,110.53717041015624,146.3303680419922,0.7906772494316101
tile_r019043_c008035,2,374.5327758789063,451.2774963378906,429.55023193359375,504.17291259765625,0.7423684000968933
tile_r019043_c008035,2,434.3762817382813,345.6904296875,508.3467712402344,412.8561096191406,0.5162559151649475
tile_r019043_c008035,2,431.82232666015625,65.85072326660156,489.2706909179688,123.73396301269533,0.4463163018226623
tile_r019043_c008035,2,434.5388793945313,69.9580078125,486.30810546875,121.19718933105467,0.3271660506725311
tile_r019043_c008035,2,437.9087829589844,350.301025390625,506.17230224609375,408.5913696289063,0.2797333896160126
tile_r019043_c008035,2,324.6420288085937,489.1663208007813,344.919189453125,507.7972106933594,0.1669362038373947
tile_r019043_c008035,2,314.7407531738281,166.32980346679688,349.2379150390625,197.46725463867188,0.1138347908854484
tile_r019043_c008035,2,483.734619140625,442.5052795410156,505.4050903320313,465.619140625,0.1035282984375953
tile_r019043_c008035,2,374.9376831054688,452.356689453125,428.72259521484375,504.7669067382813,0.0714820921421051
tile_r019043_c008035,2,310.7281188964844,162.46620178222656,352.3289794921875,200.318603515625,0.0308499317616224
tile_r019043_c008035,2,324.48699951171875,492.5875549316406,340.95489501953125,507.40576171875,0.024945929646492
tile_r019043_c008035,2,61.435691833496094,96.51200103759766,114.12874603271484,148.7740020751953,0.0248009916394948
tile_r019043_c008035,2,324.73504638671875,492.0612182617188,343.3999938964844,508.8824157714844,0.0149658983573317
tile_r019043_c008035,2,293.74664306640625,20.03963661193848,317.2518920898437,39.81587600708008,0.0140978777781128
tile_r019043_c008035,2,485.6666564941406,445.6150512695313,501.1276245117188,462.64642333984375,0.0129183391109108
tile_r019043_c008035,2,297.20050048828125,22.248315811157227,316.8341979980469,38.19252395629883,0.0124392751604318
tile_r019043_c008035,2,485.01800537109375,444.05657958984375,503.5015563964844,464.02386474609375,0.0075727035291492
tile_r019043_c008035,2,224.7984313964844,115.1641845703125,298.8201904296875,189.52935791015625,0.0073554813861846
tile_r019043_c008035,2,322.601806640625,487.4508666992188,347.7668151855469,509.8062133789063,0.0057847830466926
tile_r019043_c008035,2,122.98533630371094,500.4642639160156,141.47293090820312,513.0199584960938,0.0053093661554157
tile_r019043_c008035,2,96.7622299194336,489.06585693359375,114.85081481933594,505.3614807128906,0.0042924899607896
tile_r019043_c008035,2,296.8724975585937,21.66225814819336,315.2010192871094,38.23170852661133,0.0032302900217473
tile_r019043_c008035,2,179.19473266601562,112.64622497558594,216.730712890625,145.92666625976562,0.003081485396251
tile_r019043_c008035,2,320.732421875,492.094970703125,344.6509094238281,509.10205078125,0.002377915661782
tile_r019043_c008035,2,371.4744873046875,449.0792846679688,431.9759216308594,507.728515625,0.0022221251856535
tile_r019043_c008035,2,123.6498794555664,497.33441162109375,141.80418395996094,511.5669860839844,0.0019931555725634
tile_r019043_c008035,2,311.69451904296875,232.9694366455078,363.4660034179688,281.70660400390625,0.0018018032424151
tile_r019043_c008035,2,289.5141296386719,107.0088348388672,343.51251220703125,161.55612182617188,0.0017793948063626
tile_r019043_c008035,2,123.52549743652344,495.8185424804688,145.4712677001953,512.1124267578125,0.0015312619507312
tile_r019043_c008035,2,480.4563598632813,442.9165954589844,504.69036865234375,466.09375,0.0013838690938428
tile_r019043_c008035,2,320.49932861328125,486.703369140625,347.395263671875,510.46771240234375,0.0013300476130098
tile_r019043_c008035,2,352.1300048828125,322.7986755371094,423.3792419433594,386.9112548828125,0.0012977014994248
tile_r019043_c008035,2,290.934814453125,106.68306732177734,333.0038146972656,144.76300048828125,0.0012800313998013
tile_r019043_c008035,2,181.7124786376953,115.93946838378906,214.66455078125,144.0579071044922,0.0012111063115298
tile_r019043_c008035,2,184.30520629882807,118.69956970214844,208.7171936035156,141.3455047607422,0.0011873698094859
tile_r019043_c008035,2,122.6642837524414,498.9635620117188,145.53575134277344,513.8238525390625,0.0010060395579785
tile_r019043_c008291,2,31.280893325805664,103.53292083740234,89.45755004882812,163.399169921875,0.8755442500114441
tile_r019043_c008291,2,96.92439270019533,323.8535461425781,166.60269165039062,386.79095458984375,0.852153480052948
tile_r019043_c008291,2,58.23402786254883,235.0431365966797,105.53055572509766,278.9934997558594,0.8162020444869995
tile_r019043_c008291,2,118.87638854980467,451.50238037109375,173.32884216308594,503.9100646972656,0.7458416223526001
tile_r019043_c008291,2,178.619140625,345.53680419921875,252.05712890625,412.7076110839844,0.5103383660316467
tile_r019043_c008291,2,179.01553344726562,70.05313873291016,230.6904754638672,121.03157806396484,0.4342817068099975
tile_r019043_c008291,2,176.3914031982422,65.91744995117188,233.89846801757807,123.6902847290039,0.3388710916042328
tile_r019043_c008291,2,477.9891052246094,141.55323791503906,514.322509765625,184.9429168701172,0.310865968465805
tile_r019043_c008291,2,182.0472869873047,350.0373840332031,249.3103485107422,408.6063537597656,0.2944711744785309
tile_r019043_c008291,2,58.64128875732422,166.16799926757812,93.1624755859375,197.7350311279297,0.1904332786798477
tile_r019043_c008291,2,68.88046264648438,489.28021240234375,88.74024963378906,507.524658203125,0.1720194220542907
tile_r019043_c008291,2,-2.282291412353516,125.76932525634766,38.57209396362305,186.2915802001953,0.1091100871562957
tile_r019043_c008291,2,-0.6669815182685852,127.89664459228516,36.84468460083008,181.8172912597656,0.1049613431096077
tile_r019043_c008291,2,-0.5823165774345398,130.24337768554688,34.948707580566406,184.03256225585935,0.0847632884979248
tile_r019043_c008291,2,119.2951202392578,452.61279296875,172.4549102783203,504.5016479492188,0.0640458762645721
tile_r019043_c008291,2,227.63589477539065,442.6034240722656,249.2519073486328,465.6871948242188,0.0578750967979431
tile_r019043_c008291,2,384.0022583007813,0.8721038699150085,422.7359924316406,29.883947372436523,0.0540636181831359
tile_r019043_c008291,2,54.81317138671875,162.42173767089844,96.0778350830078,200.81814575195312,0.0350869335234165
tile_r019043_c008291,2,38.39286422729492,20.314380645751957,60.51531219482422,39.77684783935547,0.0246574562042951
tile_r019043_c008291,2,41.465850830078125,22.390268325805664,60.67543411254883,38.102012634277344,0.0229918006807565
tile_r019043_c008291,2,68.63117980957031,492.7588806152344,84.73681640625,507.21771240234375,0.0204173345118761
tile_r019043_c008291,2,481.1231384277344,146.87911987304688,512.18212890625,182.2181854248047,0.0169970728456974
tile_r019043_c008291,2,228.94747924804688,443.9937438964844,247.78146362304688,463.9995727539063,0.0165274627506732
tile_r019043_c008291,2,68.96086120605469,492.2272338867188,87.19376373291016,508.7093200683594,0.0132372267544269
tile_r019043_c008291,2,229.7742156982422,445.6057739257813,245.2313232421875,462.73626708984375,0.0089269541203975
tile_r019043_c008291,2,473.5526428222656,132.83941650390625,517.4342041015625,189.0056304931641,0.0062072575092315
tile_r019043_c008291,2,55.141380310058594,232.9163818359375,107.44212341308594,281.78924560546875,0.0061414497904479
tile_r019043_c008291,2,382.3908081054688,-1.839086890220642,428.42620849609375,30.185644149780277,0.0054729096591472
tile_r019043_c008291,2,40.84893798828125,21.7954158782959,58.98521041870117,38.17262268066406,0.0047136489301919
tile_r019043_c008291,2,399.36517333984375,365.6535034179688,432.5111389160156,395.9732360839844,0.00409313198179
tile_r019043_c008291,2,66.91157531738281,487.5481567382813,91.42337799072266,509.3575744628906,0.0039291558787226
tile_r019043_c008291,2,34.26152420043945,107.40889739990234,87.2828598022461,161.3758544921875,0.0029473521281033
tile_r019043_c008291,2,-1.685699462890625,125.980224609375,28.828311920166016,164.18006896972656,0.0025511113926768
tile_r019043_c008291,2,385.7946166992188,2.692120313644409,411.60552978515625,27.433218002319336,0.0022994319442659
tile_r019043_c008291,2,65.0127944946289,492.1246948242188,88.27610778808594,508.70794677734375,0.0019318314734846
tile_r019043_c008291,2,115.84405517578124,449.3367614746094,175.72923278808594,507.4694213867188,0.001618129084818
tile_r019043_c008291,2,96.37646484375,322.99517822265625,167.10049438476562,386.6041259765625,0.0015691223088651
tile_r019043_c008291,2,35.608680725097656,107.12388610839844,76.26758575439453,144.05447387695312,0.0014959152322262
tile_r019043_c008291,2,251.082763671875,437.2313537597656,270.2238464355469,462.4302673339844,0.0011925379512831
tile_r019043_c008291,2,248.3771209716797,436.4712524414063,274.76239013671875,464.4801635742188,0.0011858225334435
tile_r019043_c008291,2,64.81477355957031,486.7702026367188,90.93656158447266,510.005126953125,0.001181319123134
tile_r019043_c008547,2,264.5628662109375,38.066741943359375,317.17779541015625,88.26716613769531,0.8532705903053284
tile_r019043_c008547,2,405.8563537597656,27.612773895263672,458.71429443359375,80.04884338378906,0.8283824920654297
tile_r019043_c008547,2,293.96807861328125,334.5320739746094,347.1257629394531,384.4739685058594,0.7298368811607361
tile_r019043_c008547,2,373.07220458984375,269.1560363769531,454.22509765625,357.608154296875,0.6336472034454346
tile_r019043_c008547,2,308.0922241210937,99.1378402709961,366.537109375,155.7806396484375,0.621190071105957
tile_r019043_c008547,2,431.7902221679688,417.2398986816406,470.2159118652344,451.8277282714844,0.5607669949531555
tile_r019043_c008547,2,220.6505126953125,140.6881866455078,268.53253173828125,186.3557891845703,0.5289944410324097
tile_r019043_c008547,2,235.8811798095703,216.38784790039065,330.87225341796875,315.55816650390625,0.2927470207214355
tile_r019043_c008547,2,238.0924530029297,218.0996551513672,337.0768127441406,319.4394836425781,0.2667526304721832
tile_r019043_c008547,2,296.52880859375,338.3859558105469,344.57940673828125,381.4801330566406,0.2062104642391204
tile_r019043_c008547,2,411.2620239257813,384.5372924804688,453.3443298339844,416.0357971191406,0.1934846043586731
tile_r019043_c008547,2,406.9959106445313,380.1350402832031,456.7583923339844,419.0863342285156,0.1869883835315704
tile_r019043_c008547,2,310.537109375,101.2018585205078,365.19439697265625,153.8048095703125,0.1646397560834884
tile_r019043_c008547,2,127.8691635131836,0.737762451171875,166.9369354248047,29.820520401000977,0.1309825330972671
tile_r019043_c008547,2,428.86566162109375,414.9861755371094,472.1626586914063,454.6734924316406,0.0787244960665702
tile_r019043_c008547,2,247.2858428955078,263.26031494140625,306.2496337890625,315.88671875,0.0418745651841163
tile_r019043_c008547,2,497.7463989257813,217.2436981201172,515.1395874023438,257.24786376953125,0.0316828452050685
tile_r019043_c008547,2,0.9040176272392272,364.3138732910156,19.34415626525879,387.701416015625,0.0313898213207721
tile_r019043_c008547,2,1.7897552251815796,439.6280212402344,18.837032318115234,463.0572204589844,0.0231104735285043
tile_r019043_c008547,2,431.2297973632813,418.8721618652344,468.0466918945313,451.615234375,0.0216820053756237
tile_r019043_c008547,2,126.3548355102539,-1.9349517822265625,172.1113739013672,30.89170837402344,0.0142190102487802
tile_r019043_c008547,2,0.1530822813510894,438.0428771972656,21.66033363342285,466.76568603515625,0.0077793910168111
tile_r019043_c008547,2,409.1351623535156,31.705846786499023,455.8357543945313,78.21672821044922,0.00665072677657
tile_r019043_c008547,2,403.0496215820313,311.15679931640625,444.3916931152344,350.89129638671875,0.0065601798705756
tile_r019043_c008547,2,312.0730895996094,104.09647369384766,362.7306213378906,153.09397888183594,0.006117716897279
tile_r019043_c008547,2,142.59274291992188,364.9219665527344,176.5345001220703,395.9480895996094,0.0054712174460291
tile_r019043_c008547,2,374.46917724609375,267.5081787109375,452.24365234375,345.87115478515625,0.0045343535020947
tile_r019043_c008547,2,499.6187133789063,220.9157257080078,514.7064208984375,260.71490478515625,0.0044183214195072
tile_r019043_c008547,2,239.3175048828125,220.02835083007807,325.8836364746094,315.53973388671875,0.0043718945235013
tile_r019043_c008547,2,366.7925109863281,265.0364990234375,460.0480346679688,362.0484008789063,0.0033678049221634
tile_r019043_c008547,2,0.0795318633317947,360.5446166992188,21.712432861328125,389.0210571289063,0.0033234478905797
tile_r019043_c008547,2,262.3674011230469,33.63524627685547,319.5382080078125,91.550048828125,0.0031065531075
tile_r019043_c008547,2,223.6267547607422,145.4757080078125,264.5077209472656,183.57017517089844,0.0027787729632109
tile_r019043_c008547,2,501.6653747558594,224.9918975830078,513.8555908203125,247.80908203125,0.0027418751269578
tile_r019043_c008547,2,244.3376922607422,218.58218383789065,327.87322998046875,283.9999694824219,0.0026926717255264
tile_r019043_c008547,2,1.095428466796875,436.12213134765625,19.36007308959961,463.1082458496094,0.0025002276524901
tile_r019043_c008547,2,129.9437255859375,2.74334716796875,155.77410888671875,27.381237030029297,0.0023979032412171
tile_r019043_c008547,2,376.3682861328125,275.81890869140625,449.0783081054688,355.4813842773437,0.0022839361336082
tile_r019043_c008547,2,420.7049865722656,389.205322265625,451.367919921875,412.9976196289063,0.0020362574141472
tile_r019043_c008547,2,242.70669555664065,235.6847686767578,317.65399169921875,317.8597717285156,0.0020098036620765
tile_r019043_c008547,2,381.86376953125,291.1395874023437,444.709228515625,354.28106689453125,0.0018931465456262
tile_r019043_c008547,2,250.0657958984375,272.9527587890625,292.8524780273437,313.8910522460937,0.0017135539092123
tile_r019043_c008547,2,494.9771423339844,205.4104461669922,516.9810180664062,264.3263244628906,0.0015129873063415
tile_r019043_c008547,2,2.525225877761841,367.0689392089844,17.38875389099121,387.4215393066406,0.0015129584353417
tile_r019043_c008547,2,272.12677001953125,223.30612182617188,309.0956726074219,260.8024597167969,0.0012685015099123
tile_r019043_c008547,2,3.1363296508789062,443.1328125,17.457401275634766,464.3418884277344,0.0012680690269917
tile_r019043_c008803,2,7.875988960266113,37.138092041015625,61.8530158996582,89.8579330444336,0.857977032661438
tile_r019043_c008803,2,149.12472534179688,27.096227645874023,203.4370574951172,80.70272827148438,0.8432214260101318
tile_r019043_c008803,2,388.9201049804688,119.74205017089844,455.4225463867188,189.5228576660156,0.834309458732605
tile_r019043_c008803,2,50.82634353637695,98.3266830444336,111.29264831542967,156.74581909179688,0.7071671485900879
tile_r019043_c008803,2,38.50802612304688,335.15533447265625,90.74019622802734,383.77587890625,0.6750582456588745
tile_r019043_c008803,2,116.41072082519533,268.6400756835937,198.6288604736328,358.239013671875,0.6138977408409119
tile_r019043_c008803,2,230.6328887939453,217.4594268798828,310.52789306640625,306.6343688964844,0.4718560576438904
tile_r019043_c008803,2,283.9840393066406,414.2525939941406,345.1918029785156,477.1065368652344,0.3575405180454254
tile_r019043_c008803,2,41.0433349609375,338.9988098144531,88.178955078125,380.67523193359375,0.3012416958808899
tile_r019043_c008803,2,-7.901403903961182,217.95309448242188,73.78568267822266,313.4022521972656,0.2748483419418335
tile_r019043_c008803,2,175.61634826660156,417.871826171875,214.3547821044922,452.10205078125,0.257487803697586
tile_r019043_c008803,2,155.1814727783203,384.2630004882813,197.37252807617188,416.5125122070313,0.1760729104280471
tile_r019043_c008803,2,150.90182495117188,379.8752136230469,200.7308654785156,419.5397033691406,0.151461660861969
tile_r019043_c008803,2,-8.790020942687988,217.7386016845703,83.94758605957031,320.66094970703125,0.1433723866939544
tile_r019043_c008803,2,383.789794921875,-2.3022735118865967,421.5958557128906,16.86408042907715,0.1277782917022705
tile_r019043_c008803,2,280.7611694335937,410.1101684570313,345.65948486328125,479.2705078125,0.0743948072195053
tile_r019043_c008803,2,53.50932693481445,100.6788101196289,109.7637176513672,154.6259307861328,0.0678881555795669
tile_r019043_c008803,2,172.48294067382812,415.6775512695313,216.05532836914065,454.85491943359375,0.0532500743865966
tile_r019043_c008803,2,230.55545043945312,215.99539184570312,309.9576721191406,296.8998413085937,0.0483414009213447
tile_r019043_c008803,2,496.2113342285156,46.9588737487793,514.5091552734375,91.63407135009766,0.0466917790472507
tile_r019043_c008803,2,276.2818298339844,398.9313354492188,348.5509948730469,478.2556762695313,0.0449833609163761
tile_r019043_c008803,2,175.00404357910156,419.5641479492188,211.9989013671875,451.824951171875,0.041492536664009
tile_r019043_c008803,2,274.12762451171875,395.87408447265625,344.78741455078125,470.78857421875,0.034819521009922
tile_r019043_c008803,2,0.6906951665878296,252.013427734375,53.8452033996582,317.23126220703125,0.0314431451261043
tile_r019043_c008803,2,493.3455200195313,40.7344970703125,516.0701293945312,96.75938415527344,0.0193344820290803
tile_r019043_c008803,2,384.7717895507813,0.5731277465820312,416.6912231445313,16.923080444335938,0.0189684461802244
tile_r019043_c008803,2,55.01958465576172,103.337646484375,107.38671875,153.9633331298828,0.0118721472099423
tile_r019043_c008803,2,383.7857055664063,114.9886474609375,459.6611328125,192.15185546875,0.0116798030212521
tile_r019043_c008803,2,110.02632904052734,264.65301513671875,204.0371551513672,362.7203674316406,0.0103606544435024
tile_r019043_c008803,2,483.240234375,398.16986083984375,513.9846801757812,434.88916015625,0.0091757252812385
tile_r019043_c008803,2,486.8106384277344,45.3762092590332,514.4094848632812,95.09806060791016,0.0088084274902939
tile_r019043_c008803,2,-2.7550551891326904,231.2235107421875,62.63079833984375,317.212890625,0.0071004582569003
tile_r019043_c008803,2,383.05126953125,0.6682815551757812,420.54931640625,20.508920669555664,0.0068834386765956
tile_r019043_c008803,2,-12.164904594421388,213.38253784179688,86.80104064941406,319.4979858398437,0.0060367858968675
tile_r019043_c008803,2,146.88888549804688,310.8424377441406,188.8059539794922,351.55078125,0.0060103121213614
tile_r019043_c008803,2,117.9595184326172,267.083984375,196.3165740966797,345.2154846191406,0.005697232671082
tile_r019043_c008803,2,-4.557330131530762,217.75387573242188,73.59205627441406,283.1529846191406,0.0055440226569771
tile_r019043_c008803,2,-7.5615692138671875,219.7528076171875,71.52367401123047,318.5791015625,0.0047189937904477
tile_r019043_c008803,2,152.5940399169922,31.246509552001957,200.4403839111328,78.77348327636719,0.0046416297554969
tile_r019043_c008803,2,241.6608123779297,221.82888793945312,274.230224609375,254.9313507080078,0.0045258253812789
tile_r019043_c008803,2,266.9795837402344,390.69049072265625,355.33917236328125,485.48626708984375,0.0044064950197935
tile_r019043_c008803,2,484.7162170410156,38.6708984375,516.4404907226562,100.51701354980467,0.004343400709331
tile_r019043_c008803,2,286.9001770019531,401.14056396484375,314.2753295898437,433.1216735839844,0.004240340553224
tile_r019043_c008803,2,1.3109238147735596,305.9523010253906,19.685733795166016,328.5853881835937,0.0042000575922429
tile_r019043_c008803,2,261.2379455566406,257.981689453125,303.71337890625,301.7200012207031,0.0039829676970839
tile_r019043_c008803,2,287.7057189941406,401.1849670410156,316.25469970703125,431.62701416015625,0.0038861741777509
tile_r019043_c008803,2,233.1914520263672,223.1432342529297,307.0023193359375,305.7528076171875,0.0030172492843121
tile_r019043_c008803,2,119.69395446777344,275.1683654785156,193.4141387939453,356.0318298339844,0.00241074943915
tile_r019043_c008803,2,499.1838989257813,50.43304443359375,514.6981201171875,93.71600341796876,0.0023011753801256
tile_r019043_c008803,2,5.609255790710449,32.546531677246094,64.19854736328125,93.21638488769533,0.0022867901716381
tile_r019043_c008803,2,164.71749877929688,388.9216613769531,195.37841796875,413.4620056152344,0.0020139338448643
tile_r019043_c008803,2,125.3628387451172,290.59429931640625,189.07130432128903,354.8057861328125,0.0019044083310291
tile_r019043_c008803,2,16.259410858154297,223.12594604492188,53.0656852722168,261.1211242675781,0.0018217050237581
tile_r019043_c008803,2,-10.684972763061523,218.7494201660156,85.4736099243164,329.67352294921875,0.0017325801309198
tile_r019043_c008803,2,478.9430541992188,392.6710815429688,517.0069580078125,440.9139099121094,0.0014061031397432
tile_r019043_c008803,2,284.4221496582031,424.685302734375,341.7982788085937,476.9878540039063,0.0013945735991001
tile_r019043_c008803,2,515.9200439453125,54.251441955566406,524.7999877929688,110.0124282836914,0.0011394466273486
tile_r019043_c008803,2,18.602283477783203,223.2282257080078,50.11677932739258,265.04986572265625,0.001019618473947
tile_r019043_c009059,2,452.56048583984375,256.0480041503906,510.9283142089844,310.8638000488281,0.8631935119628906
tile_r019043_c009059,2,232.77944946289065,46.13492584228516,288.69732666015625,100.8240966796875,0.8426233530044556
tile_r019043_c009059,2,439.1970825195313,415.7737426757813,502.30023193359375,483.0247192382813,0.8342697024345398
tile_r019043_c009059,2,132.29684448242188,119.4471435546875,199.8246307373047,190.1107482910156,0.8140108585357666
tile_r019043_c009059,2,306.13262939453125,450.4166870117188,348.8783569335937,492.6210021972656,0.7681288719177246
tile_r019043_c009059,2,313.21051025390625,229.6986083984375,371.4586486816406,286.240966796875,0.7678530812263489
tile_r019043_c009059,2,408.5203552246094,472.364501953125,457.501708984375,514.5032958984375,0.7561942338943481
tile_r019043_c009059,2,342.8919677734375,128.61849975585938,400.271484375,184.11282348632807,0.6677271127700806
tile_r019043_c009059,2,312.5384521484375,291.2445068359375,351.6845092773437,327.9330749511719,0.6611207723617554
tile_r019043_c009059,2,399.2403869628906,2.183396816253662,429.3465881347656,29.962291717529297,0.5225031971931458
tile_r019043_c009059,2,-0.7002853155136108,241.95150756835935,49.58256149291992,303.62274169921875,0.4933937788009643
tile_r019043_c009059,2,324.0262451171875,18.02123069763184,392.8905944824219,82.5639877319336,0.4051394164562225
tile_r019043_c009059,2,312.57452392578125,363.1681823730469,361.7724304199219,411.5335998535156,0.4033911228179931
tile_r019043_c009059,2,320.9891967773437,13.196866035461426,395.5364990234375,84.35789489746094,0.3795163929462433
tile_r019043_c009059,2,313.2263488769531,364.4490966796875,360.70556640625,411.689697265625,0.3499420583248138
tile_r019043_c009059,2,26.90564346313477,413.8112182617188,89.26250457763672,477.6267700195313,0.3478672802448272
tile_r019043_c009059,2,310.1506652832031,288.3638000488281,354.2748413085937,331.2474975585937,0.1925886571407318
tile_r019043_c009059,2,0.5113083124160767,247.8997802734375,46.10206985473633,301.7579040527344,0.1532471030950546
tile_r019043_c009059,2,127.77679443359376,-2.270123243331909,165.5659637451172,16.752975463867188,0.1033676266670227
tile_r019043_c009059,2,345.86260986328125,132.45294189453125,397.6102600097656,181.7682037353516,0.0771637335419654
tile_r019043_c009059,2,23.71109390258789,409.8739318847656,89.7710952758789,479.6969299316406,0.076867789030075
tile_r019043_c009059,2,435.3797302246094,411.4913940429688,504.8767700195313,485.013427734375,0.0500321984291076
tile_r019043_c009059,2,16.556182861328125,395.4117736816406,87.95829010009766,469.94189453125,0.0338340289890766
tile_r019043_c009059,2,405.5765075683594,467.99261474609375,460.2456970214844,515.997314453125,0.0332323759794235
tile_r019043_c009059,2,397.68695068359375,-3.204345557605848e-05,432.198974609375,32.67500305175781,0.0331104025244712
tile_r019043_c009059,2,18.585186004638672,398.5344848632813,92.4453125,478.9292602539063,0.0326020158827304
tile_r019043_c009059,2,128.7313995361328,0.6242004632949829,160.72227478027344,16.89951515197754,0.0189301837235689
tile_r019043_c009059,2,9.55584716796875,390.5892333984375,98.75794982910156,485.5218200683594,0.015343340113759
tile_r019043_c009059,2,126.99491119384766,114.5797882080078,204.2996063232422,192.42269897460935,0.0152644533663988
tile_r019043_c009059,2,401.0285034179688,3.548867702484131,426.2967834472656,28.594959259033203,0.0129574816673994
tile_r019043_c009059,2,126.98600006103516,0.6727645993232727,164.49612426757812,20.41842269897461,0.0069261966273188
tile_r019043_c009059,2,31.572790145874023,401.0816345214844,57.74934005737305,432.009033203125,0.0057921353727579
tile_r019043_c009059,2,235.13644409179688,48.42935180664063,286.8321838378906,98.47642517089844,0.0050214692018926
tile_r019043_c009059,2,31.901844024658203,401.1487731933594,59.92912673950195,431.0549926757813,0.0047109047882258
tile_r019043_c009059,2,317.39019775390625,236.0557861328125,367.6134338378906,283.4894714355469,0.0043621645309031
tile_r019043_c009059,2,308.4791259765625,222.5945587158203,375.4939575195313,288.866455078125,0.0041106343269348
tile_r019043_c009059,2,303.208251953125,445.0598754882813,352.8832397460937,495.9393615722656,0.002341111190617
tile_r019043_c009059,2,396.8033752441406,1.8522536754608157,430.8772888183594,30.684070587158203,0.0022803770843893
tile_r019043_c009059,2,27.4719181060791,424.5445861816406,85.92705535888672,477.37744140625,0.00213279039599
tile_r019043_c009059,2,309.75958251953125,360.05242919921875,364.42388916015625,415.5569763183594,0.0017926900181919
tile_r019043_c009059,2,1.1283172369003296,222.9588928222656,21.830087661743164,251.9492645263672,0.0010731171350926
tile_r019043_c009059,2,138.0561981201172,126.9810028076172,193.9706115722656,187.07534790039065,0.0010454466100782
tile_r019043_c009315,2,196.450927734375,255.5630340576172,256.20904541015625,310.5922241210937,0.8932070732116699
tile_r019043_c009315,2,432.04302978515625,12.643180847167969,486.2547912597656,66.06358337402344,0.8562286496162415
tile_r019043_c009315,2,183.1029357910156,416.1260681152344,245.8524932861328,482.772705078125,0.8495422601699829
tile_r019043_c009315,2,50.09571075439453,450.9793090820313,92.89802551269533,492.5558166503906,0.8062478303909302
tile_r019043_c009315,2,57.93297576904297,229.6871032714844,115.33830261230467,285.6854553222656,0.7502814531326294
tile_r019043_c009315,2,152.47621154785156,472.299072265625,201.33334350585935,514.4461669921875,0.7446242570877075
tile_r019043_c009315,2,57.7912483215332,364.1336669921875,104.6135482788086,410.1397399902344,0.6865923404693604
tile_r019043_c009315,2,56.93343353271485,291.67242431640625,95.30641174316406,327.3631286621094,0.6841011047363281
tile_r019043_c009315,2,86.88893127441406,128.6590576171875,144.27867126464844,184.08750915527344,0.6720570921897888
tile_r019043_c009315,2,143.08473205566406,2.162178039550781,173.41653442382812,30.03935813903809,0.5287337303161621
tile_r019043_c009315,2,236.97610473632807,168.4220428466797,307.3738708496094,235.63796997070312,0.4896009862422943
tile_r019043_c009315,2,233.3815155029297,164.02964782714844,311.1695556640625,237.2515106201172,0.4673157334327698
tile_r019043_c009315,2,64.44438171386719,12.68116283416748,139.87002563476562,84.87773132324219,0.4561186730861664
tile_r019043_c009315,2,287.0292358398437,424.8749084472656,354.8564147949219,495.6980895996094,0.4513949751853943
tile_r019043_c009315,2,67.54540252685547,17.51438331604004,137.207275390625,83.09976959228516,0.3656841218471527
tile_r019043_c009315,2,-1.3827087879180908,49.3380126953125,32.037315368652344,100.97874450683594,0.303718239068985
tile_r019043_c009315,2,282.1493530273437,416.30267333984375,358.7535705566406,494.9559020996094,0.1998663991689682
tile_r019043_c009315,2,54.59050750732422,288.8420715332031,97.8801498413086,330.6944580078125,0.1915792375802993
tile_r019043_c009315,2,89.79638671875,132.45555114746094,141.6432342529297,181.7523498535156,0.074943907558918
tile_r019043_c009315,2,58.50919342041016,365.5201416015625,103.5694351196289,410.0765075683594,0.0684005096554756
tile_r019043_c009315,2,149.78077697753906,468.01611328125,203.9424743652344,515.8824462890625,0.040539588779211
tile_r019043_c009315,2,179.25344848632812,411.8639526367188,248.44094848632807,484.695556640625,0.0399183221161365
tile_r019043_c009315,2,141.59066772460938,-0.019543457776308,176.27389526367188,32.785362243652344,0.0349417775869369
tile_r019043_c009315,2,256.32110595703125,259.25787353515625,294.7982177734375,301.2122497558594,0.0200054701417684
tile_r019043_c009315,2,0.5469558835029602,49.99190139770508,31.17023277282715,97.79188537597656,0.0152390729635953
tile_r019043_c009315,2,144.9293670654297,3.540035963058472,170.3704071044922,28.729061126708984,0.0133798504248261
tile_r019043_c009315,2,0.1192230209708213,54.125282287597656,28.353424072265625,98.1360092163086,0.0089334826916456
tile_r019043_c009315,2,61.997215270996094,236.2666778564453,111.46044921875,283.07763671875,0.0083786146715283
tile_r019043_c009315,2,258.45269775390625,264.0740966796875,292.27764892578125,300.3434753417969,0.0064875744283199
tile_r019043_c009315,2,359.62384033203125,392.2001953125,395.6461791992188,425.4759826660156,0.0052877403795719
tile_r019043_c009315,2,53.32111358642578,222.74728393554688,119.03385925292967,288.1176452636719,0.0038865508977323
tile_r019043_c009315,2,438.2342834472656,323.8751220703125,485.665771484375,365.491943359375,0.00283515593037
tile_r019043_c009315,2,140.73941040039062,1.8391510248184204,174.96205139160156,30.77949905395508,0.0025987962726503
tile_r019043_c009315,2,435.16021728515625,17.81825828552246,483.3705139160156,63.35108184814453,0.0024881078861653
tile_r019043_c009315,2,60.36811447143555,368.2955627441406,101.1997299194336,407.569091796875,0.0020822652149945
tile_r019043_c009315,2,378.27044677734375,500.5369262695313,417.35791015625,514.2628173828125,0.0020182866137474
tile_r019043_c009315,2,309.5982666015625,449.0647888183594,351.6332702636719,491.40765380859375,0.001726571470499
tile_r019043_c009315,2,47.253204345703125,445.55572509765625,96.7947998046875,495.960693359375,0.001678898348473
tile_r019043_c009315,2,292.2239685058594,435.7417907714844,351.00152587890625,493.766357421875,0.0016777279088273
tile_r019043_c009315,2,441.3145446777344,329.2138061523437,481.9822692871094,361.9474182128906,0.0015123571502044
tile_r019043_c009315,2,55.33675003051758,360.9860534667969,107.17730712890624,413.8324279785156,0.0011286449152976
tile_r019043_c009315,2,362.0070495605469,395.8702697753906,393.6710205078125,423.6881713867188,0.0011238674633204
tile_r019043_c009315,2,425.306396484375,308.14666748046875,494.31549072265625,367.93402099609375,0.0011122423456981
tile_r019043_c009315,2,-0.881060004234314,49.274208068847656,25.79818725585937,89.32554626464844,0.0010647445451468
tile_r019043_c009315,2,381.95904541015625,499.6505432128906,408.2264099121094,513.298828125,0.0010537323541939
tile_r019043_c009315,2,252.3611297607422,252.834228515625,299.39678955078125,304.6412048339844,0.0010455985320731
tile_r019043_c009315,2,92.18595123291016,36.88962936401367,135.13430786132812,78.96805572509766,0.0010166692081838
tile_r019299_c008035,2,194.6820068359375,25.411596298217773,243.76248168945312,71.18511962890625,0.885277509689331
tile_r019299_c008035,2,417.9812622070313,382.3357543945313,478.1604614257813,432.8883361816406,0.8645147681236267
tile_r019299_c008035,2,352.8970947265625,68.11492919921875,422.1886596679688,130.5563201904297,0.8609984517097473
tile_r019299_c008035,2,-0.8544830083847046,257.12091064453125,42.6447868347168,301.5313720703125,0.8451497554779053
tile_r019299_c008035,2,321.72491455078125,421.8246154785156,373.35455322265625,466.4153442382813,0.8423121571540833
tile_r019299_c008035,2,372.08245849609375,264.5963439941406,429.8678283691406,311.6854553222656,0.8170716166496277
tile_r019299_c008035,2,374.4324340820313,196.02413940429688,428.4812622070313,248.2456970214844,0.5652971267700195
tile_r019299_c008035,2,434.765869140625,90.32633209228516,507.75482177734375,156.0583038330078,0.5033378005027771
tile_r019299_c008035,2,-0.5547027587890625,478.4517517089844,26.8169059753418,513.4328002929688,0.3475712239742279
tile_r019299_c008035,2,318.1838073730469,-1.339083909988403,357.2896423339844,21.081737518310547,0.3375022113323211
tile_r019299_c008035,2,438.2229919433594,94.82108306884766,505.66845703125,151.86012268066406,0.271678626537323
tile_r019299_c008035,2,373.8630981445313,194.7682342529297,429.6900024414063,248.1813507080078,0.2452422082424163
tile_r019299_c008035,2,325.47930908203125,233.1715545654297,344.64947509765625,252.2538146972656,0.065001294016838
tile_r019299_c008035,2,483.9942321777344,186.72100830078125,505.1914978027344,209.2482452392578,0.0523707531392574
tile_r019299_c008035,2,0.8884124755859375,479.2125549316406,27.493728637695312,512.5552978515625,0.0199379045516252
tile_r019299_c008035,2,371.1401977539063,192.6326446533203,431.6414489746094,251.1692657470703,0.0105884373188018
tile_r019299_c008035,2,326.5098876953125,235.597412109375,343.5536499023437,252.3236846923828,0.0081662377342581
tile_r019299_c008035,2,485.8171997070313,189.9053649902344,500.8993225097656,206.4398651123047,0.0072285602800548
tile_r019299_c008035,2,323.255859375,231.71286010742188,347.33123779296875,253.20071411132807,0.0054699257016181
tile_r019299_c008035,2,317.7769775390625,1.309780836105347,356.03521728515625,21.53402137756348,0.0049728681333363
tile_r019299_c008035,2,485.39306640625,188.2355499267578,503.34564208984375,207.7059783935547,0.0039095277898013
tile_r019299_c008035,2,-1.8611068725585935,252.56106567382807,46.421234130859375,305.1142883300781,0.0027065959293395
tile_r019299_c008035,2,0.4157440066337585,481.7646484375,20.556346893310547,510.0201721191406,0.0023323770146816
tile_r019299_c008035,2,318.0693054199219,0.7358444333076477,354.8764038085937,20.553863525390625,0.0017892920877784
tile_r019299_c008035,2,321.6695861816406,233.2085876464844,344.6163330078125,253.11398315429688,0.0017804199596866
tile_r019299_c008035,2,370.3434143066406,260.2308654785156,433.130615234375,314.9994812011719,0.0015472098020836
tile_r019299_c008035,2,323.3907165527344,235.2289581298828,346.2772827148437,253.4755096435547,0.0015093330293893
tile_r019299_c008035,2,325.1956481933594,236.0857391357422,340.3148498535156,251.1914520263672,0.0014947070740163
tile_r019299_c008035,2,-0.448535144329071,477.53460693359375,24.572803497314453,508.87890625,0.0012873030500486
tile_r019299_c008035,2,316.4322509765625,1.057275414466858,357.89764404296875,17.803009033203125,0.0011888025328516
tile_r019299_c008291,2,161.67869567871094,382.45648193359375,221.9896697998047,432.8015747070313,0.862038791179657
tile_r019299_c008291,2,96.6983413696289,68.1206283569336,166.28329467773438,130.68136596679688,0.8590459823608398
tile_r019299_c008291,2,332.6587219238281,333.5429382324219,384.4810180664063,382.6919860839844,0.8515224456787109
tile_r019299_c008291,2,65.9988021850586,422.08935546875,117.3631362915039,466.4544372558594,0.8483155965805054
tile_r019299_c008291,2,116.1201171875,264.6239013671875,173.9743194580078,311.76568603515625,0.8197414875030518
tile_r019299_c008291,2,118.4327392578125,196.08718872070312,172.41683959960938,248.2269592285156,0.5826764106750488
tile_r019299_c008291,2,296.7330322265625,493.35150146484375,337.61651611328125,514.808349609375,0.5700103044509888
tile_r019299_c008291,2,178.74224853515625,89.92997741699219,251.6383514404297,155.70127868652344,0.5231524705886841
tile_r019299_c008291,2,61.64929962158203,-1.434051513671875,101.4690933227539,21.15108108520508,0.3563825488090515
tile_r019299_c008291,2,117.87101745605467,194.83078002929688,173.60311889648438,248.12515258789065,0.2720528542995453
tile_r019299_c008291,2,182.13894653320312,94.34554290771484,248.980712890625,151.7049560546875,0.2270553261041641
tile_r019299_c008291,2,69.46202850341797,233.1371307373047,88.65670776367188,252.2110137939453,0.1030868142843246
tile_r019299_c008291,2,227.6358642578125,186.3593597412109,249.1957244873047,209.4463653564453,0.0569718927145004
tile_r019299_c008291,2,228.9556884765625,187.94078063964844,247.7921142578125,207.8461151123047,0.0208200141787529
tile_r019299_c008291,2,67.17619323730469,231.6114501953125,91.3822250366211,253.2807159423828,0.0110649839043617
tile_r019299_c008291,2,70.54815673828125,235.5849151611328,87.534423828125,252.2837677001953,0.0106239784508943
tile_r019299_c008291,2,399.1168823242188,108.77603912353516,432.9794921875,140.5520782470703,0.008990597911179
tile_r019299_c008291,2,115.10955810546876,192.63668823242188,175.62527465820312,251.18502807617188,0.00875642336905
tile_r019299_c008291,2,229.8414764404297,189.6802978515625,245.07052612304688,206.5512237548828,0.007025945931673
tile_r019299_c008291,2,336.6783752441406,337.87957763671875,381.2101440429688,378.6973571777344,0.0069332448765635
tile_r019299_c008291,2,61.17285919189453,1.2550369501113892,100.38377380371094,21.60386276245117,0.0047300704754889
tile_r019299_c008291,2,299.86456298828125,495.8681640625,339.7017822265625,513.9002685546875,0.003109905635938
tile_r019299_c008291,2,65.74061584472656,233.0821533203125,88.66857147216797,253.1622009277344,0.0026800271589308
tile_r019299_c008291,2,67.36847686767578,235.150390625,90.2803726196289,253.5909118652344,0.0023353369906544
tile_r019299_c008291,2,69.1845932006836,236.0458984375,84.33244323730469,251.25003051757807,0.0018243306549265
tile_r019299_c008291,2,292.85308837890625,487.1721801757813,342.5625915527344,515.2261352539062,0.0017386159161105
tile_r019299_c008291,2,61.86090850830078,0.6735259890556335,98.75640869140624,20.652456283569336,0.0015453803353011
tile_r019299_c008291,2,298.8912658691406,494.9859313964844,334.38751220703125,513.4075927734375,0.0013172689359635
tile_r019299_c008291,2,60.20746612548828,0.9929092526435852,101.83589935302734,17.97711753845215,0.0011505613802
tile_r019299_c008291,2,250.95486450195312,180.80587768554688,270.4773864746094,206.5072326660156,0.001124958274886
tile_r019299_c008291,2,114.38224792480467,260.1976013183594,177.36502075195312,315.14385986328125,0.0011205336777493
tile_r019299_c008547,2,76.723876953125,333.699951171875,128.34730529785156,382.4408264160156,0.8363809585571289
tile_r019299_c008547,2,294.02154541015625,78.43702697753906,347.0790100097656,128.38861083984375,0.7452854514122009
tile_r019299_c008547,2,320.474609375,279.26446533203125,350.83123779296875,308.2455139160156,0.7112450003623962
tile_r019299_c008547,2,333.4563293457031,414.4192504882813,389.8123474121094,464.2430725097656,0.6843246817588806
tile_r019299_c008547,2,372.31341552734375,14.152239799499512,454.2469787597656,102.0313720703125,0.6822084188461304
tile_r019299_c008547,2,243.458740234375,-2.83331298828125,318.4369201660156,62.635520935058594,0.6753994822502136
tile_r019299_c008547,2,439.98541259765625,251.0643310546875,505.2703247070313,308.70343017578125,0.6427358388900757
tile_r019299_c008547,2,41.390113830566406,493.2245178222656,80.41776275634766,514.8037109375,0.6192673444747925
tile_r019299_c008547,2,431.7990112304688,161.68215942382812,470.0299377441406,195.6199188232422,0.4914783835411072
tile_r019299_c008547,2,354.81121826171875,488.243408203125,377.4234313964844,508.75872802734375,0.2687706351280212
tile_r019299_c008547,2,407.027587890625,124.15047454833984,456.6722106933594,163.111328125,0.2161120027303695
tile_r019299_c008547,2,296.57989501953125,82.27159118652344,344.5674743652344,125.3674774169922,0.1921321302652359
tile_r019299_c008547,2,411.23236083984375,128.4240264892578,453.35784912109375,160.10118103027344,0.1838791668415069
tile_r019299_c008547,2,432.79290771484375,246.5936584472656,507.79986572265625,310.9755249023437,0.0876300781965255
tile_r019299_c008547,2,331.2245178222656,410.5884399414063,392.66162109375,467.0576171875,0.0856287702918052
tile_r019299_c008547,2,428.8297424316406,159.3725128173828,471.86279296875,198.388671875,0.073452278971672
tile_r019299_c008547,2,351.6972045898437,486.85400390625,380.1882019042969,511.1871948242188,0.0521546080708503
tile_r019299_c008547,2,0.8874481320381165,108.61711120605467,19.0777645111084,131.55459594726562,0.0371633917093277
tile_r019299_c008547,2,355.5666198730469,491.0171813964844,374.13470458984375,507.7507934570313,0.0371586084365844
tile_r019299_c008547,2,352.8119506835937,490.23974609375,377.8893432617188,510.0540466308594,0.0227802917361259
tile_r019299_c008547,2,431.27740478515625,163.24508666992188,467.947265625,195.4118194580078,0.0191401354968547
tile_r019299_c008547,2,1.9770081043243408,183.78602600097656,18.676952362060547,206.7450256347656,0.0160494968295097
tile_r019299_c008547,2,140.92990112304688,107.84495544433594,177.9051971435547,141.72860717773438,0.0076400334946811
tile_r019299_c008547,2,80.81086730957031,338.08770751953125,125.05267333984376,378.4485473632813,0.0075015402399003
tile_r019299_c008547,2,402.736328125,55.4066047668457,444.2368774414063,94.51509857177734,0.0070796520449221
tile_r019299_c008547,2,0.3312179446220398,105.14024353027344,21.11413955688477,132.7333984375,0.0051898676902055
tile_r019299_c008547,2,366.8923645019531,10.107538223266602,459.5517578125,106.2073974609375,0.0044505153782665
tile_r019299_c008547,2,319.01202392578125,277.2801818847656,352.27691650390625,309.8465881347656,0.0042051002383232
tile_r019299_c008547,2,247.3555603027344,52.02582550048828,271.9036865234375,73.84406280517578,0.0032869125716388
tile_r019299_c008547,2,28.248193740844727,444.0309143066406,42.86039352416992,460.452392578125,0.0027224582154303
tile_r019299_c008547,2,373.9576110839844,12.956372261047363,452.6240234375,88.8363265991211,0.0024500717408955
tile_r019299_c008547,2,240.1073760986328,-9.682397842407228,326.7265014648437,70.59257507324219,0.0023924091365188
tile_r019299_c008547,2,1.2151275873184204,180.2823944091797,19.02071189880371,206.5727996826172,0.0021961065940558
tile_r019299_c008547,2,381.3518676757813,35.69451141357422,444.5479431152344,98.0032730102539,0.0018999748863279
tile_r019299_c008547,2,420.5669555664063,133.08692932128906,451.2715759277344,157.05728149414062,0.0018385015428066
tile_r019299_c008547,2,246.8617248535156,1.9688202142715452,309.0829467773437,60.60734939575195,0.0016928181285038
tile_r019299_c008547,2,320.3129272460937,280.2147827148437,349.19219970703125,308.17401123046875,0.001601812778972
tile_r019299_c008547,2,44.3164176940918,495.85748291015625,82.6059799194336,513.9051513671875,0.001397046726197
tile_r019299_c008547,2,375.75299072265625,20.499759674072266,448.9939880371094,99.0869140625,0.0013681835262104
tile_r019299_c008547,2,2.4755141735076904,111.2703857421875,17.129409790039062,131.19671630859375,0.0013531715376302
tile_r019299_c008547,2,43.39542770385742,495.1336059570313,77.52836608886719,513.4290771484375,0.0013346297200769
tile_r019299_c008547,2,37.94695663452149,487.2928161621094,84.90970611572266,515.2007446289062,0.0011871192837134
tile_r019299_c008547,2,0.0100219724699854,182.31993103027344,21.079784393310547,210.5319061279297,0.0011503350688144
tile_r019299_c008547,2,355.1063232421875,489.99951171875,375.2460021972656,509.0755920410156,0.0011264987988397
tile_r019299_c008547,2,249.69406127929688,54.9469108581543,269.56744384765625,73.8065414428711,0.0010954719036817
tile_r019299_c008547,2,245.7389678955078,40.46342086791992,283.75860595703125,69.15692138671875,0.0010122490348294
tile_r019299_c008803,2,245.0845184326172,354.0888061523437,319.3083190917969,430.1397399902344,0.8488969802856445
tile_r019299_c008803,2,-3.5354506969451904,-3.560223340988159,63.58110427856445,62.95516204833984,0.769646942615509
tile_r019299_c008803,2,350.1157531738281,396.2662658691406,420.3634643554688,459.2767639160156,0.7515624761581421
tile_r019299_c008803,2,64.67362976074219,279.43316650390625,94.8177490234375,308.0711364746094,0.709873616695404
tile_r019299_c008803,2,115.8628158569336,13.625536918640137,199.33322143554688,102.7269287109375,0.6913360357284546
tile_r019299_c008803,2,77.55643463134766,414.6800842285156,133.82470703125,463.9226989746094,0.6801004409790039
tile_r019299_c008803,2,38.62715911865234,79.27687072753906,90.60475158691406,127.6662826538086,0.6797565817832947
tile_r019299_c008803,2,182.8173370361328,250.18930053710935,250.3670196533203,309.5775146484375,0.6667338609695435
tile_r019299_c008803,2,249.6696319580078,-0.9901534914970398,304.5218200683594,48.67737579345703,0.5887544751167297
tile_r019299_c008803,2,283.45379638671875,157.90219116210938,345.7040100097656,222.43930053710935,0.3614522218704223
tile_r019299_c008803,2,41.1358528137207,83.07560729980469,88.0893325805664,124.56843566894533,0.3072479963302612
tile_r019299_c008803,2,98.65633392333984,488.1912231445313,121.7208251953125,508.7210083007813,0.201461374759674
tile_r019299_c008803,2,155.33151245117188,128.6177978515625,197.2805938720703,160.6467742919922,0.1833148747682571
tile_r019299_c008803,2,176.09494018554688,245.54098510742188,253.50076293945312,312.1030578613281,0.1014736741781234
tile_r019299_c008803,2,150.8592071533203,124.18634033203124,200.7523651123047,163.6546630859375,0.097713403403759
tile_r019299_c008803,2,75.54695129394531,410.8349609375,136.667236328125,466.5652465820313,0.0839397609233856
tile_r019299_c008803,2,280.2289428710937,153.71649169921875,346.6065979003906,224.7460174560547,0.0827085524797439
tile_r019299_c008803,2,248.79684448242188,357.7041320800781,315.9692077636719,429.4122924804688,0.0677977502346038
tile_r019299_c008803,2,353.19219970703125,400.1251525878906,417.811767578125,456.6036682128906,0.0477896220982074
tile_r019299_c008803,2,275.63232421875,142.5623321533203,349.4049987792969,223.37277221679688,0.0440735705196857
tile_r019299_c008803,2,99.36800384521484,491.18988037109375,118.38006591796876,507.6752014160156,0.0359782129526138
tile_r019299_c008803,2,95.20726013183594,486.8058166503906,124.947509765625,511.4964294433594,0.0324307046830654
tile_r019299_c008803,2,273.4351501464844,139.45370483398438,345.6572265625,215.3191680908203,0.0294654499739408
tile_r019299_c008803,2,175.84237670898438,162.4597625732422,214.27560424804688,195.6453094482422,0.0286928545683622
tile_r019299_c008803,2,172.30508422851562,160.23098754882812,215.3957061767578,198.25521850585935,0.0247597154229879
tile_r019299_c008803,2,245.7842254638672,-4.188368320465088,307.87908935546875,52.96246337890625,0.0229110401123762
tile_r019299_c008803,2,-0.492166131734848,2.167547702789306,56.13773727416992,60.63906097412109,0.0211796499788761
tile_r019299_c008803,2,96.2103271484375,490.4374084472656,122.75469970703124,510.31646728515625,0.0196713656187057
tile_r019299_c008803,2,175.13302612304688,164.549560546875,211.5147705078125,195.51596069335935,0.0190404802560806
tile_r019299_c008803,2,-7.890066623687744,-9.4600248336792,71.22123718261719,73.11549377441406,0.0132730510085821
tile_r019299_c008803,2,266.6515808105469,135.25302124023438,355.4780578613281,230.9253845214844,0.0090351672843098
tile_r019299_c008803,2,482.9417419433594,142.07699584960938,514.0526123046875,178.98805236816406,0.0070237079635262
tile_r019299_c008803,2,1.1459929943084717,50.33895111083984,19.6201229095459,72.59092712402344,0.006439481396228
tile_r019299_c008803,2,146.71926879882812,54.91524124145508,188.984130859375,95.63874816894533,0.0059207156300544
tile_r019299_c008803,2,110.0872573852539,9.667089462280272,204.5464782714844,107.3831787109375,0.0051486692391335
tile_r019299_c008803,2,286.6145324707031,144.91937255859375,314.5092163085937,177.7269744873047,0.0033314037136733
tile_r019299_c008803,2,4.891217231750488,253.16244506835935,25.3062744140625,275.5416259765625,0.0028223562985658
tile_r019299_c008803,2,164.64454650878906,132.9820098876953,195.4463348388672,157.6975860595703,0.0025590299628674
tile_r019299_c008803,2,287.5703125,144.94900512695312,316.4111022949219,176.09414672851562,0.0025282646529376
tile_r019299_c008803,2,63.3541145324707,277.5956420898437,96.1864776611328,309.65997314453125,0.0023436050396412
tile_r019299_c008803,2,117.21380615234376,12.339332580566406,197.8780975341797,90.2956314086914,0.0023306212387979
tile_r019299_c008803,2,124.9993133544922,34.87159729003906,189.4060516357422,98.83038330078124,0.0016845279606059
tile_r019299_c008803,2,1.3111603260040283,234.7245178222656,32.30381774902344,277.7342224121094,0.001407510600984
tile_r019299_c008803,2,119.30183410644533,19.80586624145508,193.9598388671875,99.9626922607422,0.0013601072132587
tile_r019299_c008803,2,478.4439086914063,136.5924835205078,517.0408935546875,184.62765502929688,0.0012801277916878
tile_r019299_c008803,2,283.90118408203125,167.9734344482422,342.7253723144531,222.2315216064453,0.0012729397276416
tile_r019299_c008803,2,252.617431640625,390.6659240722656,301.1164855957031,429.691162109375,0.0012111443793401
tile_r019299_c008803,2,3.051290988922119,242.19210815429688,29.104740142822266,276.7725830078125,0.0011792632285505
tile_r019299_c008803,2,98.83625793457033,490.0515747070313,119.72406005859376,508.9796752929688,0.0011514708166942
tile_r019299_c008803,2,64.38591003417969,280.5858764648437,93.21900939941406,308.39361572265625,0.0010762627935037
tile_r019299_c009059,2,451.5174255371094,0.947534203529358,512.2514038085938,55.56904220581055,0.8773775100708008
tile_r019299_c009059,2,438.5186462402344,159.4120635986328,502.9309997558594,228.2743682861328,0.8359854221343994
tile_r019299_c009059,2,408.7713928222656,215.4473876953125,458.2962951660156,266.61676025390625,0.8050946593284607
tile_r019299_c009059,2,-6.797320365905762,353.7464904785156,63.10979461669922,431.16802978515625,0.7868457436561584
tile_r019299_c009059,2,304.8450927734375,193.6931915283203,350.1898193359375,238.6159210205078,0.7659724950790405
tile_r019299_c009059,2,94.2279052734375,396.3289184570313,164.1311492919922,459.0962524414063,0.7460334897041321
tile_r019299_c009059,2,-1.335693359375,-0.8125320672988892,47.55770111083984,47.35902786254883,0.6899177432060242
tile_r019299_c009059,2,426.4549865722656,395.7704162597656,486.5943908691406,463.31878662109375,0.683372974395752
tile_r019299_c009059,2,311.95269775390625,34.943016052246094,352.3421325683594,72.57780456542969,0.6556059718132019
tile_r019299_c009059,2,312.9585876464844,108.4326171875,360.7335815429688,155.8117218017578,0.5470849871635437
tile_r019299_c009059,2,355.36431884765625,324.1776733398437,398.1160278320313,367.2650146484375,0.3968740999698639
tile_r019299_c009059,2,26.178869247436523,157.32025146484375,89.67878723144531,222.6152801513672,0.366605281829834
tile_r019299_c009059,2,320.44012451171875,-0.347756952047348,362.65380859375,27.754037857055664,0.2644204199314117
tile_r019299_c009059,2,312.3358764648437,107.2175064086914,361.6600036621094,155.66696166992188,0.231203943490982
tile_r019299_c009059,2,309.8612670898437,32.15738677978516,355.1842956542969,76.31149291992188,0.2006208002567291
tile_r019299_c009059,2,360.3338012695313,295.6422424316406,393.021728515625,321.78375244140625,0.1989027112722396
tile_r019299_c009059,2,319.8072204589844,-3.048863172531128,366.5501098632813,29.925830841064453,0.1635148227214813
tile_r019299_c009059,2,450.9279174804688,473.36724853515625,488.79791259765625,512.1876220703125,0.154159128665924
tile_r019299_c009059,2,-3.901564121246338,357.38751220703125,59.69490814208984,430.3662109375,0.1285406798124313
tile_r019299_c009059,2,430.360107421875,400.2793884277344,483.960205078125,462.3133850097656,0.0890388637781143
tile_r019299_c009059,2,23.07027053833008,153.4087677001953,90.49943542480467,224.9031219482422,0.0862459391355514
tile_r019299_c009059,2,359.4086303710937,293.3428955078125,393.6876831054688,324.29644775390625,0.0782947316765785
tile_r019299_c009059,2,352.86199951171875,320.05474853515625,400.97076416015625,370.9845886230469,0.0634969174861908
tile_r019299_c009059,2,434.6876525878906,155.23812866210938,505.4497680664063,230.2047882080078,0.0450819954276084
tile_r019299_c009059,2,97.3093490600586,400.2298889160156,161.59849548339844,456.4625854492188,0.0449309982359409
tile_r019299_c009059,2,16.145191192626953,139.07107543945312,87.88130950927734,213.6481475830078,0.0415882803499698
tile_r019299_c009059,2,8.537371635437012,134.5033416748047,98.81439208984376,231.36965942382807,0.0320829451084136
tile_r019299_c009059,2,363.6624145507813,297.08721923828125,387.9236145019531,319.9923400878906,0.0271764602512121
tile_r019299_c009059,2,17.995952606201172,142.10008239746094,93.000244140625,223.84912109375,0.0264570917934179
tile_r019299_c009059,2,447.8477478027344,468.3888549804688,492.894287109375,513.8353271484375,0.0097955567762255
tile_r019299_c009059,2,406.1246032714844,211.00473022460935,461.1410217285156,270.17724609375,0.0097221154719591
tile_r019299_c009059,2,358.76776123046875,328.9873352050781,395.2312622070313,364.7776794433594,0.0096398461610078
tile_r019299_c009059,2,31.2775993347168,144.91099548339844,57.85334396362305,176.03781127929688,0.0060004866681993
tile_r019299_c009059,2,457.3245544433594,491.0328979492188,477.6726684570313,508.03118896484375,0.0057404567487537
tile_r019299_c009059,2,31.63437843322754,144.96673583984375,59.9858627319336,175.1909942626953,0.0045638582669198
tile_r019299_c009059,2,301.7198486328125,188.44168090820312,354.1407775878906,242.1890106201172,0.0036220657639205
tile_r019299_c009059,2,-2.5499541759490967,-4.702004909515381,51.219573974609375,51.553001403808594,0.0027832903433591
tile_r019299_c009059,2,362.5596008300781,295.7870483398437,391.6082458496094,321.7335510253906,0.0024208768736571
tile_r019299_c009059,2,26.770565032958984,167.9162139892578,86.45375061035156,222.3045959472656,0.0018346711294725
tile_r019299_c009059,2,309.5575561523437,104.17707824707033,364.4495239257813,159.6146697998047,0.0017723898636177
tile_r019299_c009315,2,195.7399444580078,1.198336839675903,255.9369354248047,54.9113883972168,0.8980249166488647
tile_r019299_c009315,2,182.53302001953125,159.4038543701172,246.5312957763672,227.845458984375,0.836468517780304
tile_r019299_c009315,2,152.56446838378906,215.5016326904297,202.14273071289065,266.77227783203125,0.8051710724830627
tile_r019299_c009315,2,305.33233642578125,276.81640625,369.5960998535156,338.6600646972656,0.7969342470169067
tile_r019299_c009315,2,49.41162872314453,194.1012725830078,94.1118392944336,238.0154571533203,0.7807520627975464
tile_r019299_c009315,2,336.5639343261719,335.5210266113281,380.94818115234375,379.40240478515625,0.7262545824050903
tile_r019299_c009315,2,57.17669677734375,36.33026885986328,95.1493682861328,71.23399353027344,0.7092006206512451
tile_r019299_c009315,2,57.532203674316406,107.93229675292967,104.9225616455078,154.3821258544922,0.6745784878730774
tile_r019299_c009315,2,170.0342254638672,395.39947509765625,231.72055053710935,463.8698120117188,0.6583046913146973
tile_r019299_c009315,2,419.5231018066406,410.130859375,474.1575622558594,466.5695190429688,0.6254934072494507
tile_r019299_c009315,2,333.0289611816406,407.5244140625,399.8821411132813,474.0739135742188,0.5256041884422302
tile_r019299_c009315,2,258.62945556640625,480.0882873535156,297.01226806640625,513.6319580078125,0.5202855467796326
tile_r019299_c009315,2,99.45225524902344,324.01080322265625,142.58145141601562,367.5120849609375,0.4492678046226501
tile_r019299_c009315,2,310.55670166015625,492.7366333007813,349.5464782714844,514.0047607421875,0.4218611717224121
tile_r019299_c009315,2,65.13423156738281,-0.0352371223270893,105.92059326171876,26.609004974365234,0.2931364476680755
tile_r019299_c009315,2,280.49969482421875,158.46585083007812,359.4559936523437,240.42581176757807,0.2884974181652069
tile_r019299_c009315,2,284.58319091796875,165.8861846923828,355.46014404296875,240.5277862548828,0.2849547564983368
tile_r019299_c009315,2,104.29402923583984,295.5594177246094,137.2585906982422,321.8665771484375,0.2344278842210769
tile_r019299_c009315,2,194.7474365234375,473.1839904785156,234.26318359375,512.3865966796875,0.2055039703845977
tile_r019299_c009315,2,55.3519287109375,33.79313659667969,97.85400390625,75.0924072265625,0.1535760164260864
tile_r019299_c009315,2,253.6455841064453,2.273719787597656,297.4097900390625,46.22965240478516,0.1484505981206894
tile_r019299_c009315,2,64.59162902832031,-2.763401746749878,109.85026550292967,28.176349639892575,0.128811627626419
tile_r019299_c009315,2,339.4513244628906,339.47674560546875,377.4089965820313,376.4158935546875,0.1221935972571373
tile_r019299_c009315,2,173.97872924804688,399.9649353027344,228.747314453125,462.9586486816406,0.1146336123347282
tile_r019299_c009315,2,103.3819580078125,293.20880126953125,138.00540161132812,324.3623352050781,0.0869707316160202
tile_r019299_c009315,2,58.20037078857422,109.3136215209961,103.88875579833984,154.40695190429688,0.0801240056753158
tile_r019299_c009315,2,96.9915542602539,319.7807006835937,145.60784912109375,371.2620544433594,0.0641146600246429
tile_r019299_c009315,2,178.66555786132812,155.32852172851562,249.08154296875,229.5912170410156,0.0571207627654075
tile_r019299_c009315,2,424.0308532714844,414.3360900878906,470.8255004882813,463.95709228515625,0.0477740354835987
tile_r019299_c009315,2,329.5253295898437,404.8121032714844,403.5323181152344,477.6183166503906,0.0308630410581827
tile_r019299_c009315,2,107.67537689208984,297.044677734375,132.06690979003906,320.0223999023437,0.0253050718456506
tile_r019299_c009315,2,309.10797119140625,281.2150573730469,365.53131103515625,335.68292236328125,0.0160380471497774
tile_r019299_c009315,2,256.8576965332031,6.631903171539307,295.0511169433594,45.194374084472656,0.0122197186574339
tile_r019299_c009315,2,337.19879150390625,413.283203125,397.09283447265625,471.7830505371094,0.0120708607137203
tile_r019299_c009315,2,102.6995620727539,328.8554077148437,139.6591796875,364.9708557128906,0.0116693275049328
tile_r019299_c009315,2,149.89132690429688,211.1099548339844,204.9535675048828,270.3282165527344,0.0101530821993947
tile_r019299_c009315,2,307.7749328613281,279.38531494140625,367.93450927734375,336.5559997558594,0.0067043835297226
tile_r019299_c009315,2,201.36279296875,490.9290466308594,221.6480407714844,507.9578247070313,0.0061254310421645
tile_r019299_c009315,2,191.5238037109375,467.9680786132813,238.71945190429688,514.222900390625,0.0060244128108024
tile_r019299_c009315,2,359.3291320800781,135.86099243164062,396.2510070800781,170.50128173828125,0.0056291013024747
tile_r019299_c009315,2,314.9383239746094,493.8931579589844,351.9336853027344,512.8819580078125,0.0040211929008364
tile_r019299_c009315,2,307.9292297363281,487.4720153808594,353.69757080078125,514.5977783203125,0.0031847411300987
tile_r019299_c009315,2,269.5481262207031,153.4705352783203,363.7135009765625,249.43765258789065,0.0031287709716707
tile_r019299_c009315,2,312.0146789550781,493.3146362304688,350.1102905273437,513.111328125,0.0025094933807849
tile_r019299_c009315,2,333.7723693847656,409.93304443359375,398.389892578125,474.3821716308594,0.0022923618089407
tile_r019299_c009315,2,46.61335372924805,188.67079162597656,98.0067138671875,241.4947052001953,0.0021619207691401
tile_r019299_c009315,2,106.5042953491211,295.69940185546875,135.79432678222656,321.8070983886719,0.0020514873322099
tile_r019299_c009315,2,437.72998046875,68.61468505859375,486.2389526367188,109.80085754394533,0.0018578874878585
tile_r019299_c009315,2,60.1318359375,112.14183044433594,101.48796081542967,151.8512725830078,0.0017908018780872
tile_r019299_c009315,2,441.2232055664063,73.55711364746094,482.835205078125,106.0479736328125,0.0015557797159999
tile_r019299_c009315,2,199.6181640625,483.5427856445313,225.9460906982422,509.3019409179688,0.0012965236091986
tile_r019299_c009315,2,54.99234771728516,104.79286193847656,107.56075286865234,158.11587524414062,0.0010992099996656
tile_r019299_c009315,2,361.7316284179688,139.56398010253906,394.1387023925781,168.50131225585938,0.0010587616125121
tile_r019555_c008035,2,-1.624720811843872,1.964964270591736,43.08076858520508,45.73006439208984,0.862742006778717
tile_r019555_c008035,2,418.09466552734375,126.4775161743164,478.1080932617188,176.7850341796875,0.8626891374588013
tile_r019555_c008035,2,321.573486328125,165.7486114501953,373.5054321289063,210.7294006347656,0.8431456685066223
tile_r019555_c008035,2,46.85799026489258,463.1422424316406,82.38772583007812,495.2452697753906,0.8413993120193481
tile_r019555_c008035,2,373.2787780761719,9.659774780273438,429.4956970214844,54.45172119140625,0.8339020013809204
tile_r019555_c008035,2,68.65345764160156,280.700439453125,107.98087310791016,315.7755126953125,0.8214842677116394
tile_r019555_c008035,2,407.540771484375,408.1747131347656,460.85546875,451.2507934570313,0.7645988464355469
tile_r019555_c008035,2,127.63899230957033,472.84765625,171.5099334716797,511.15423583984375,0.7162128686904907
tile_r019555_c008035,2,374.7498779296875,281.8641052246094,408.1864318847656,313.7981872558594,0.64616858959198
tile_r019555_c008035,2,105.16414642333984,387.4157409667969,134.32562255859375,412.0997924804688,0.4012266993522644
tile_r019555_c008035,2,-0.2875732481479645,222.7657012939453,25.91390419006348,259.44903564453125,0.2883219718933105
tile_r019555_c008035,2,22.621501922607425,454.1207885742188,36.93714904785156,468.068115234375,0.1449803113937378
tile_r019555_c008035,2,104.17264556884766,384.7388305664063,136.40423583984375,412.44232177734375,0.1352068781852722
tile_r019555_c008035,2,372.8789978027344,279.8122863769531,410.828369140625,316.8328552246094,0.1141633540391922
tile_r019555_c008035,2,56.67852020263672,261.13507080078125,73.30531311035156,278.7850646972656,0.1116642132401466
tile_r019555_c008035,2,106.78009033203124,387.8330993652344,131.99417114257812,408.9060974121094,0.1045073717832565
tile_r019555_c008035,2,126.51084899902344,470.2374572753906,173.6769256591797,512.5719604492188,0.100989356637001
tile_r019555_c008035,2,54.99993896484375,259.7674865722656,74.67193603515625,278.60076904296875,0.0814676284790039
tile_r019555_c008035,2,21.801733016967773,451.7589721679688,37.4658317565918,467.6444396972656,0.0654462948441505
tile_r019555_c008035,2,1.3851425647735596,486.70220947265625,25.204700469970703,509.1873168945313,0.0636119842529296
tile_r019555_c008035,2,0.5285354852676392,485.644775390625,28.231430053710938,511.3951110839844,0.0569493100047111
tile_r019555_c008035,2,405.6964416503906,402.8455505371094,463.8421936035156,453.5809631347656,0.0268168598413467
tile_r019555_c008035,2,-1.1374282836914062,484.3942260742188,28.99409866333008,513.5399780273438,0.0254887733608484
tile_r019555_c008035,2,66.21990966796875,277.732666015625,110.3570785522461,319.40887451171875,0.0229237787425518
tile_r019555_c008035,2,22.77642822265625,452.417236328125,39.25187301635742,467.27386474609375,0.0196825973689556
tile_r019555_c008035,2,1.2907943725585938,223.3322296142578,26.653240203857425,257.85675048828125,0.0156420562416315
tile_r019555_c008035,2,55.83262252807617,261.69854736328125,71.98701477050781,277.7151184082031,0.0123311858624219
tile_r019555_c008035,2,22.292224884033203,452.1852416992188,39.6504020690918,469.8053283691406,0.0116937085986137
tile_r019555_c008035,2,54.0900993347168,257.67022705078125,77.74118041992188,279.53546142578125,0.0092285778373479
tile_r019555_c008035,2,20.957874298095703,449.21478271484375,40.19683074951172,469.89154052734375,0.0064284312538802
tile_r019555_c008035,2,-0.5441848635673523,487.24072265625,26.2636775970459,511.59967041015625,0.0060587539337575
tile_r019555_c008035,2,52.981407165527344,260.1693115234375,75.07481384277344,280.6263122558594,0.0057980194687843
tile_r019555_c008035,2,0.961987316608429,488.67095947265625,21.84639549255371,510.8455505371094,0.0019927476532757
tile_r019555_c008035,2,443.3479614257813,420.3714294433594,458.7373962402344,440.91497802734375,0.0012280658120289
tile_r019555_c008035,2,-3.37872314453125,-2.754754543304444,48.13951873779297,50.4327507019043,0.0011842545354738
tile_r019555_c008035,2,0.5238113403320312,226.0131378173828,22.260608673095703,257.0702514648437,0.0011570669012144
tile_r019555_c008035,2,174.94163513183594,311.0552062988281,195.1278533935547,333.5494079589844,0.001010374049656
tile_r019555_c008291,2,161.98049926757812,126.86262512207033,221.58517456054688,176.43316650390625,0.8662228584289551
tile_r019555_c008291,2,332.5476379394531,77.75728607177734,384.12005615234375,126.3592529296875,0.8643232583999634
tile_r019555_c008291,2,65.61537170410156,165.563720703125,117.58787536621094,210.57437133789065,0.8484631776809692
tile_r019555_c008291,2,117.1401596069336,9.877116203308104,173.2675018310547,54.325042724609375,0.8441494703292847
tile_r019555_c008291,2,151.52890014648438,408.25238037109375,204.4873504638672,450.87744140625,0.7659600377082825
tile_r019555_c008291,2,253.4012451171875,384.3180236816406,309.4979248046875,437.8963012695313,0.7017883062362671
tile_r019555_c008291,2,290.742919921875,237.2251739501953,338.21173095703125,283.68475341796875,0.7015528082847595
tile_r019555_c008291,2,118.49798583984376,281.78619384765625,152.47869873046875,313.99676513671875,0.6426547169685364
tile_r019555_c008291,2,271.76971435546875,437.6609802246094,325.47283935546875,477.89068603515625,0.5901625156402588
tile_r019555_c008291,2,345.3273620605469,252.3653106689453,377.08392333984375,285.7950744628906,0.4313145875930786
tile_r019555_c008291,2,274.87945556640625,438.3154296875,326.03253173828125,475.5357360839844,0.2548536360263824
tile_r019555_c008291,2,292.15509033203125,240.1072998046875,335.7514953613281,281.5130310058594,0.1922108680009842
tile_r019555_c008291,2,116.56636810302734,279.66961669921875,155.18728637695312,317.04156494140625,0.1302490085363388
tile_r019555_c008291,2,345.4427490234375,253.01498413085935,375.8955383300781,285.2703552246094,0.1133236736059188
tile_r019555_c008291,2,343.557373046875,250.0943603515625,379.0730285644531,288.07891845703125,0.0349275432527065
tile_r019555_c008291,2,149.7310028076172,403.0578002929688,207.3231506347656,453.0496215820313,0.0241364371031522
tile_r019555_c008291,2,306.7926940917969,448.6458129882813,325.52520751953125,467.4736328125,0.0058031072840094
tile_r019555_c008291,2,336.6144104003906,82.1432113647461,380.9070434570313,122.36380767822266,0.0057062860578298
tile_r019555_c008291,2,257.4498291015625,389.7588806152344,305.2791748046875,434.760009765625,0.0055548828095197
tile_r019555_c008291,2,347.6557006835937,254.2958221435547,374.5462341308594,282.17364501953125,0.0034384876489639
tile_r019555_c008291,2,421.63482666015625,473.2044372558594,441.9503479003906,495.48095703125,0.0014832619344815
tile_r019555_c008291,2,249.1829071044922,376.8963623046875,314.6517333984375,441.99365234375,0.0014350262936204
tile_r019555_c008547,2,76.90348052978516,77.7474136352539,128.0619659423828,126.0889892578125,0.855935275554657
tile_r019555_c008547,2,320.2948303222656,22.910053253173828,351.31658935546875,51.80465698242188,0.7291370034217834
tile_r019555_c008547,2,34.51525115966797,237.27828979492188,82.16703033447266,284.4438781738281,0.7226703763008118
tile_r019555_c008547,2,441.5696411132813,-0.3929199278354645,505.30767822265625,53.3066635131836,0.7053990960121155
tile_r019555_c008547,2,333.74871826171875,158.4386749267578,389.5508117675781,208.1466522216797,0.6973451972007751
tile_r019555_c008547,2,393.270751953125,473.13568115234375,446.1085510253906,512.80419921875,0.5978996157646179
tile_r019555_c008547,2,15.301305770874023,436.35198974609375,70.91130065917969,478.9421997070313,0.5649386644363403
tile_r019555_c008547,2,-0.5941848754882812,381.6665649414063,54.371429443359375,437.8216247558594,0.5096486210823059
tile_r019555_c008547,2,89.50883483886719,252.366943359375,121.00007629394533,285.5552673339844,0.4396114647388458
tile_r019555_c008547,2,18.46796226501465,437.1598205566406,70.56734466552734,476.42578125,0.2609733343124389
tile_r019555_c008547,2,35.89287567138672,240.10623168945312,79.80671691894531,282.0896911621094,0.1577516198158264
tile_r019555_c008547,2,391.2008972167969,468.990966796875,448.9127502441406,514.728759765625,0.0951725021004676
tile_r019555_c008547,2,331.54815673828125,154.68386840820312,392.3746948242188,210.9281463623047,0.086802951991558
tile_r019555_c008547,2,89.52740478515625,253.0821075439453,119.74906158447266,285.1138610839844,0.0542927905917167
tile_r019555_c008547,2,87.7298583984375,250.1321563720703,122.96250915527344,287.92413330078125,0.0152210369706153
tile_r019555_c008547,2,2.896960496902466,388.30804443359375,49.59415435791016,435.0099182128906,0.0131188761442899
tile_r019555_c008547,2,81.0024642944336,82.16990661621094,124.7671127319336,122.07780456542967,0.0052195782773196
tile_r019555_c008547,2,50.42658233642578,448.4734497070313,69.63511657714844,467.7640686035156,0.0050585940480232
tile_r019555_c008547,2,91.8604965209961,254.35415649414065,118.49906158447266,282.06304931640625,0.0038485077675431
tile_r019555_c008547,2,319.1060485839844,20.997018814086918,353.02008056640625,53.41943359375,0.0031583358068019
tile_r019555_c008547,2,356.29595947265625,232.4021453857422,377.3108520507813,252.51046752929688,0.0031201599631458
tile_r019555_c008547,2,28.27847671508789,188.0485076904297,42.932403564453125,204.2971649169922,0.0028503446374088
tile_r019555_c008547,2,425.150390625,9.113041877746582,469.5218811035156,49.95644378662109,0.0014276099391281
tile_r019555_c008547,2,394.3580627441406,477.0997619628906,428.6767578125,502.7674255371094,0.0013292257208377
tile_r019555_c008547,2,281.4651184082031,449.6648559570313,308.6185302734375,472.7379455566406,0.0011270644608885
tile_r019555_c008547,2,-5.351416110992432,387.5530700683594,74.69526672363281,480.7130432128906,0.0010748923523351
tile_r019555_c008803,2,245.5980529785156,98.3642807006836,318.86309814453125,174.01502990722656,0.8452333807945251
tile_r019555_c008803,2,350.30389404296875,140.6632537841797,420.33489990234375,203.9095764160156,0.7489702105522156
tile_r019555_c008803,2,64.6323471069336,23.33285140991211,95.03006744384766,51.54713821411133,0.7024816870689392
tile_r019555_c008803,2,77.87890625,158.71327209472656,133.54367065429688,207.8341827392578,0.6966615915298462
tile_r019555_c008803,2,182.0087432861328,-0.3381683230400085,249.57211303710935,53.6723518371582,0.6945034265518188
tile_r019555_c008803,2,272.5386962890625,371.99505615234375,324.18975830078125,412.1515502929688,0.6666661500930786
tile_r019555_c008803,2,137.2736053466797,473.2599487304688,190.0984344482422,512.6626586914062,0.6145167946815491
tile_r019555_c008803,2,275.7369689941406,373.6997985839844,323.3623352050781,409.6248474121094,0.4222384691238403
tile_r019555_c008803,2,249.25747680664065,101.9416046142578,315.6347961425781,173.20726013183594,0.0809583887457847
tile_r019555_c008803,2,135.1746368408203,469.0480346679688,192.955078125,514.4771728515625,0.0788608491420745
tile_r019555_c008803,2,75.84843444824219,154.8982696533203,136.35818481445312,210.4767608642578,0.0762731879949569
tile_r019555_c008803,2,353.2152099609375,144.36949157714844,417.9780883789063,201.18869018554688,0.063362181186676
tile_r019555_c008803,2,248.2230529785156,354.57281494140625,268.3326721191406,373.1773376464844,0.0044906116090714
tile_r019555_c008803,2,24.905542373657227,450.025390625,52.4326171875,473.4544067382813,0.0023935998324304
tile_r019555_c008803,2,272.212158203125,369.8667907714844,327.1915588378906,412.530517578125,0.0021393226925283
tile_r019555_c008803,2,63.45343017578125,21.491943359375,96.66233825683594,53.16426849365234,0.0019577362108975
tile_r019555_c008803,2,100.30924224853516,232.39010620117188,121.2947998046875,252.496337890625,0.0015241643413901
tile_r019555_c008803,2,252.9680938720703,134.5957794189453,300.5875244140625,173.57546997070312,0.0013922958169132
tile_r019555_c008803,2,138.35601806640625,477.1044921875,173.10708618164062,502.6787109375,0.0013376532588154
tile_r019555_c008803,2,28.46950912475586,451.2622680664063,51.29532623291016,471.9707946777344,0.0012786514125764
tile_r019555_c008803,2,190.21665954589844,1.526116967201233,247.9337921142578,49.76961517333984,0.0012666875263676
tile_r019555_c008803,2,168.65689086914062,8.083562850952148,223.69332885742188,51.426979064941406,0.0010795117123052
tile_r019555_c009059,2,402.10443115234375,332.3900756835937,461.62603759765625,393.0986328125,0.8830011487007141
tile_r019555_c009059,2,444.6220703125,287.8336486816406,486.8175354003906,328.1756591796875,0.8570638298988342
tile_r019555_c009059,2,-7.131054878234863,97.51692199707033,63.19865798950195,175.5390167236328,0.8188060522079468
tile_r019555_c009059,2,93.62740325927734,139.91090393066406,164.5365447998047,204.70571899414065,0.7963296175003052
tile_r019555_c009059,2,427.05023193359375,140.0503692626953,486.1404418945313,206.8125762939453,0.7030906081199646
tile_r019555_c009059,2,15.795666694641112,371.0826721191406,68.76795959472656,414.3356323242188,0.6407908201217651
tile_r019555_c009059,2,355.7145080566406,68.26210021972656,397.2179565429688,111.0716552734375,0.5355477333068848
tile_r019555_c009059,2,19.434993743896484,373.1061401367188,67.62948608398438,411.21533203125,0.4253315031528473
tile_r019555_c009059,2,452.85595703125,216.7456512451172,488.63916015625,256.31610107421875,0.3655330240726471
tile_r019555_c009059,2,361.1382751464844,40.23240280151367,391.9816284179688,65.09353637695312,0.3550062775611877
tile_r019555_c009059,2,360.58734130859375,38.37494659423828,392.8179626464844,67.1609115600586,0.1145747303962707
tile_r019555_c009059,2,353.5199279785156,64.56954193115234,399.9708557128906,114.2213134765625,0.109777070581913
tile_r019555_c009059,2,-4.144761562347412,101.2291030883789,59.76040649414063,174.4478759765625,0.1020632088184356
tile_r019555_c009059,2,430.87603759765625,144.49526977539062,483.5612182617188,205.7433624267578,0.0780077651143074
tile_r019555_c009059,2,364.21197509765625,41.52481842041016,387.5914001464844,63.35273361206055,0.0398060642182827
tile_r019555_c009059,2,96.7613296508789,143.82591247558594,162.0823974609375,201.92630004882807,0.0325964428484439
tile_r019555_c009059,2,449.62493896484375,212.52438354492188,491.8435668945313,259.39361572265625,0.0141009399667382
tile_r019555_c009059,2,358.91876220703125,73.04231262207031,394.8128967285156,108.38077545166016,0.0111708287149667
tile_r019555_c009059,2,363.4692993164063,40.55580520629883,391.0123901367188,64.593505859375,0.0055173919536173
tile_r019555_c009059,2,405.5310668945313,336.8106384277344,459.1256408691406,390.76568603515625,0.0038852035067975
tile_r019555_c009059,2,356.71246337890625,15.069524765014648,379.7790222167969,33.85386276245117,0.002661604899913
tile_r019555_c009059,2,303.08819580078125,2.2240891456604004,333.9372253417969,26.314990997314453,0.0022451013792306
tile_r019555_c009059,2,307.404541015625,3.168435573577881,329.7915344238281,25.87017822265625,0.0022009338717907
tile_r019555_c009059,2,15.492632865905762,369.1332092285156,71.29268646240234,414.2804260253906,0.0014910862082615
tile_r019555_c009315,2,146.662353515625,332.9778747558594,205.16958618164065,392.4180603027344,0.8743709921836853
tile_r019555_c009315,2,188.62474060058597,287.8982849121094,231.4808654785156,327.999755859375,0.8445298671722412
tile_r019555_c009315,2,304.9257507324219,21.7981071472168,368.9722900390625,82.32817077636719,0.8344923257827759
tile_r019555_c009315,2,336.5200500488281,79.57550048828125,380.8585510253906,123.2958526611328,0.7446625232696533
tile_r019555_c009315,2,170.63088989257812,139.73175048828125,231.09768676757807,207.4957275390625,0.6796199679374695
tile_r019555_c009315,2,419.38665771484375,153.95559692382812,474.2474670410156,210.9759521484375,0.6745007634162903
tile_r019555_c009315,2,330.5738220214844,300.3463134765625,379.3447570800781,343.6664733886719,0.6215607523918152
tile_r019555_c009315,2,99.80999755859376,68.11783599853516,141.87562561035156,111.378662109375,0.5292331576347351
tile_r019555_c009315,2,333.48590087890625,151.6562042236328,399.52252197265625,217.62521362304688,0.5196589231491089
tile_r019555_c009315,2,312.6503601074219,421.0400390625,369.5267639160156,472.7479553222656,0.4992598593235016
tile_r019555_c009315,2,259.1361389160156,223.77523803710935,297.9126281738281,264.029052734375,0.4947226345539093
tile_r019555_c009315,2,306.2480773925781,234.68582153320312,353.6288452148437,278.8153686523437,0.4810950458049774
tile_r019555_c009315,2,284.817626953125,448.8821411132813,323.3729858398437,487.20904541015625,0.4791662395000458
tile_r019555_c009315,2,415.5804748535156,308.1888732910156,467.9165954589844,357.78533935546875,0.4412350952625274
tile_r019555_c009315,2,105.05633544921876,40.19008255004883,136.3378143310547,65.24776458740234,0.37130206823349
tile_r019555_c009315,2,420.7925720214844,412.8995971679688,495.0518493652344,488.14849853515625,0.3126385807991028
tile_r019555_c009315,2,262.3304748535156,227.5889434814453,295.20330810546875,261.4627685546875,0.2714488804340362
tile_r019555_c009315,2,197.2037048339844,217.5548858642578,233.03549194335935,255.94387817382807,0.2027812004089355
tile_r019555_c009315,2,418.0123901367188,409.684326171875,497.9400329589844,490.5397033691406,0.1257698684930801
tile_r019555_c009315,2,174.4315185546875,144.2134552001953,228.2134704589844,206.56509399414065,0.1093112230300903
tile_r019555_c009315,2,339.3993530273437,83.56417846679688,377.3328857421875,120.351318359375,0.1027244478464126
tile_r019555_c009315,2,104.49737548828124,38.28043746948242,137.19761657714844,67.35572814941406,0.0997820943593978
tile_r019555_c009315,2,332.6952819824219,303.46466064453125,377.0169067382813,340.3819580078125,0.0962348282337188
tile_r019555_c009315,2,97.68721771240234,64.2433090209961,144.81680297851562,114.8360595703125,0.0961507111787796
tile_r019555_c009315,2,280.4320373535156,440.75537109375,326.1321716308594,489.1629028320313,0.0883688554167747
tile_r019555_c009315,2,491.0504455566406,377.9981384277344,514.342529296875,414.3323364257813,0.0635214522480964
tile_r019555_c009315,2,411.5574645996094,306.00567626953125,470.3121948242188,362.6233520507813,0.0619205646216869
tile_r019555_c009315,2,309.44683837890625,418.8189086914063,370.1946716308594,474.943603515625,0.0609613955020904
tile_r019555_c009315,2,484.2142639160156,378.6409912109375,513.9457397460938,414.45404052734375,0.0446550585329532
tile_r019555_c009315,2,108.27027893066406,41.53498077392578,131.67881774902344,63.408729553222656,0.0391781106591224
tile_r019555_c009315,2,330.12457275390625,148.98770141601562,403.05859375,221.06558227539065,0.0363196954131126
tile_r019555_c009315,2,423.7921752929688,158.10183715820312,470.964599609375,208.2838592529297,0.0320994481444358
tile_r019555_c009315,2,102.83155822753906,72.94087982177734,139.34814453125,108.76690673828124,0.0118642896413803
tile_r019555_c009315,2,416.0042114257813,407.3802795410156,498.0877990722656,488.6783142089844,0.0099957473576068
tile_r019555_c009315,2,308.6772766113281,25.795522689819336,365.1351318359375,79.5404052734375,0.009113822132349
tile_r019555_c009315,2,337.4477233886719,157.28372192382812,396.8526306152344,215.31417846679688,0.0084472047165036
tile_r019555_c009315,2,486.4571838378906,381.4112854003906,512.3287353515625,411.328369140625,0.0083877556025981
tile_r019555_c009315,2,493.9244689941406,381.8023986816406,513.5274658203125,410.6677856445313,0.006167147308588
tile_r019555_c009315,2,149.9353790283203,337.3251647949219,202.7523498535156,390.1622619628906,0.0060182684101164
tile_r019555_c009315,2,309.52154541015625,237.9970703125,351.39727783203125,276.11090087890625,0.0056898687034845
tile_r019555_c009315,2,107.40711975097656,40.46895599365234,135.14395141601562,64.7342529296875,0.0049525168724358
tile_r019555_c009315,2,47.4673080444336,2.0077271461486816,77.7917251586914,25.710113525390625,0.0048919939436018
tile_r019555_c009315,2,193.52523803710935,212.52835083007807,236.94369506835935,259.1874389648437,0.0043052872642874
tile_r019555_c009315,2,51.45866012573242,3.231820583343506,73.6915283203125,25.67024803161621,0.004102673381567
tile_r019555_c009315,2,490.432373046875,382.9042663574219,513.2586669921875,410.09423828125,0.003133486257866
tile_r019555_c009315,2,100.4127197265625,14.954663276672363,123.8768081665039,33.81540298461914,0.0028924772050231
tile_r019555_c009315,2,410.7376098632813,303.30535888671875,472.1787109375,361.9798889160156,0.0021327112335711
tile_r019555_c009315,2,334.19342041015625,154.0118408203125,397.9722595214844,217.8503875732422,0.0020732986740767
tile_r019555_c009315,2,417.8047790527344,408.5016479492188,502.03460693359375,493.453369140625,0.0018961103633046
tile_r019555_c009315,2,201.6090545654297,227.3463897705078,225.597900390625,252.8568420410156,0.0016800161683931
tile_r019555_c009315,2,307.4513854980469,24.258861541748047,367.3103637695313,80.35011291503906,0.0015317205106839
tile_r019555_c009315,2,492.3209533691406,385.26556396484375,512.2243041992188,409.98529052734375,0.0013075915630906
tile_r019555_c009315,2,422.9115295410156,417.8487243652344,491.2759399414063,487.3757934570313,0.0011579528218135
tile_r019811_c008035,2,46.6876220703125,207.07174682617188,82.33211517333984,239.1381378173828,0.8771607279777527
tile_r019811_c008035,2,68.9502944946289,25.066059112548828,107.73283386230467,59.07280349731445,0.8106454610824585
tile_r019811_c008035,2,128.39527893066406,216.72021484375,171.4604034423828,255.08657836914065,0.7719535231590271
tile_r019811_c008035,2,81.261474609375,379.7346496582031,126.2320327758789,421.5330505371094,0.7539341449737549
tile_r019811_c008035,2,407.1700744628906,151.51419067382812,461.1155700683594,195.79537963867188,0.7438014149665833
tile_r019811_c008035,2,373.9432373046875,25.556793212890625,408.9013671875,57.97542190551758,0.6371517777442932
tile_r019811_c008035,2,152.65060424804688,477.17669677734375,188.4345550537109,511.48577880859375,0.5712764263153076
tile_r019811_c008035,2,37.30923461914063,438.9757385253906,72.16692352294922,473.2362365722656,0.5704537630081177
tile_r019811_c008035,2,242.32815551757807,372.2709045410156,270.6371154785156,399.6011657714844,0.5169135928153992
tile_r019811_c008035,2,105.2492218017578,131.529541015625,134.28494262695312,156.02847290039062,0.3986709713935852
tile_r019811_c008035,2,0.6572830080986023,349.0570068359375,32.60724258422852,383.2474365234375,0.3821510374546051
tile_r019811_c008035,2,220.1773681640625,254.1807098388672,238.950439453125,272.9643859863281,0.3070746064186096
tile_r019811_c008035,2,208.2450408935547,465.4332885742188,234.5240936279297,492.0054626464844,0.2810807526111603
tile_r019811_c008035,2,217.7251434326172,252.95944213867188,240.9451446533203,275.1669311523437,0.2583103775978088
tile_r019811_c008035,2,36.23933410644531,437.00689697265625,74.02827453613281,475.742919921875,0.1707494407892227
tile_r019811_c008035,2,22.4959774017334,197.9324188232422,37.06034851074219,212.1966552734375,0.1596830040216446
tile_r019811_c008035,2,104.2661590576172,128.7823028564453,136.38722229003906,156.23533630371094,0.1354904919862747
tile_r019811_c008035,2,0.2029754668474197,230.35671997070312,26.641796112060547,259.1809387207031,0.1270592510700225
tile_r019811_c008035,2,372.2200927734375,23.661922454833984,411.4922790527344,61.13460540771485,0.1220178231596946
tile_r019811_c008035,2,106.84788513183594,131.90499877929688,131.94464111328125,152.81314086914062,0.1054906621575355
tile_r019811_c008035,2,78.64971923828125,375.6548767089844,128.45458984375,424.03753662109375,0.0998943224549293
tile_r019811_c008035,2,206.43966674804688,461.0187072753906,237.23678588867188,494.4622497558594,0.0931729674339294
tile_r019811_c008035,2,173.76837158203125,352.939453125,191.88710021972656,370.1184387207031,0.0886747613549232
tile_r019811_c008035,2,21.666820526123047,195.55270385742188,37.59711456298828,211.8413543701172,0.0852819010615348
tile_r019811_c008035,2,127.58528900146484,214.53195190429688,173.465576171875,257.30596923828125,0.0848279744386673
tile_r019811_c008035,2,-0.1750854551792144,344.35894775390625,35.62104034423828,385.13580322265625,0.0553396083414554
tile_r019811_c008035,2,1.3407806158065796,230.6045837402344,25.31660842895508,255.9686584472656,0.0464765168726444
tile_r019811_c008035,2,56.609619140625,5.876885890960693,74.7897720336914,22.145700454711918,0.0454013682901859
tile_r019811_c008035,2,124.12447357177734,477.1492614746094,139.1431427001953,492.8136596679688,0.0440020971000194
tile_r019811_c008035,2,151.55303955078125,475.3128967285156,190.2771453857422,512.6629028320312,0.0415346696972847
tile_r019811_c008035,2,405.2586364746094,146.3086395263672,464.05572509765625,198.2863006591797,0.0360951647162437
tile_r019811_c008035,2,209.2001190185547,466.4842834472656,231.78451538085935,489.91845703125,0.0305915419012308
tile_r019811_c008035,2,151.0551300048828,473.01214599609375,190.84506225585935,512.5889282226562,0.0267065186053514
tile_r019811_c008035,2,-0.9267044067382812,227.6767578125,29.108917236328125,262.1128845214844,0.025659754872322
tile_r019811_c008035,2,240.2767791748047,368.9957885742188,272.4738464355469,401.2469177246094,0.022456832230091
tile_r019811_c008035,2,124.2293472290039,480.32220458984375,138.5053253173828,495.5774841308594,0.020798847079277
tile_r019811_c008035,2,22.626562118530277,196.27438354492188,39.3275260925293,211.4297332763672,0.0203589759767055
tile_r019811_c008035,2,-0.4666854739189148,347.77838134765625,34.467559814453125,385.9432067871094,0.01943164691329
tile_r019811_c008035,2,66.53105163574219,22.312820434570312,110.3162078857422,62.97389602661133,0.0162345003336668
tile_r019811_c008035,2,35.27101516723633,433.1272583007813,76.48365783691406,475.89300537109375,0.0158395320177078
tile_r019811_c008035,2,22.02316665649414,196.1063690185547,39.678855895996094,213.8257293701172,0.0144095746800303
tile_r019811_c008035,2,211.43679809570312,469.6956481933594,231.3700714111328,490.5120239257813,0.0126179195940494
tile_r019811_c008035,2,244.9277801513672,373.92388916015625,268.8013916015625,397.43743896484375,0.0102564459666609
tile_r019811_c008035,2,0.673846423625946,228.926513671875,28.148136138916016,258.64678955078125,0.0102180782705545
tile_r019811_c008035,2,52.49934005737305,3.733933925628662,80.91826629638672,21.13202476501465,0.0089602507650852
tile_r019811_c008035,2,20.77326011657715,193.2307586669922,40.272247314453125,214.07327270507807,0.0088364565744996
tile_r019811_c008035,2,220.29379272460935,253.57937622070312,240.6790771484375,272.8580322265625,0.0082977171987295
tile_r019811_c008035,2,171.5234375,351.79718017578125,193.55435180664065,370.7806396484375,0.0070194951258599
tile_r019811_c008035,2,1.3419082164764404,232.4673614501953,21.90926742553711,256.4825134277344,0.0029392789583653
tile_r019811_c008035,2,56.16925811767578,6.827336311340332,71.8642349243164,19.7889461517334,0.0026606013998389
tile_r019811_c008035,2,242.1717071533203,370.7097778320313,271.64508056640625,399.3961486816406,0.0026147745084017
tile_r019811_c008035,2,245.1050262451172,372.7057800292969,269.89312744140625,397.5911254882813,0.0025490592233836
tile_r019811_c008035,2,491.3492736816406,332.3037109375,506.6158752441406,347.0437316894531,0.0024714649189263
tile_r019811_c008035,2,150.29946899414062,472.2513122558594,189.87213134765625,501.2034606933594,0.0021950001828372
tile_r019811_c008035,2,156.810791015625,508.68115234375,207.99185180664065,524.6375122070312,0.0018506100168451
tile_r019811_c008035,2,244.4371337890625,375.2129821777344,266.20367431640625,396.68267822265625,0.0016013759886845
tile_r019811_c008035,2,52.51180267333984,3.707179307937622,76.13133239746094,24.552398681640625,0.0015082518802955
tile_r019811_c008035,2,170.49008178710938,347.3593139648437,195.79574584960935,370.55224609375,0.0015079834265634
tile_r019811_c008035,2,150.25503540039062,472.823974609375,181.45184326171875,499.707763671875,0.0013371901586651
tile_r019811_c008035,2,443.29400634765625,164.2263946533203,458.744384765625,185.0529022216797,0.0011559933191165
tile_r019811_c008035,2,38.3095817565918,430.2643127441406,70.20877838134766,463.01165771484375,0.0011484234128147
tile_r019811_c008035,2,222.0577087402344,254.92758178710935,239.7681579589844,273.06719970703125,0.0011129322228953
tile_r019811_c008035,2,52.40369415283203,161.18350219726562,67.09467315673828,178.30105590820312,0.0011120251147076
tile_r019811_c008035,2,44.10100173950195,430.34765625,70.63160705566406,456.321044921875,0.0010968293063342
tile_r019811_c008291,2,304.79217529296875,312.85577392578125,348.66925048828125,352.1881103515625,0.8675130009651184
tile_r019811_c008291,2,358.0016784667969,377.2107543945313,403.71136474609375,420.0314331054688,0.7716425657272339
tile_r019811_c008291,2,151.01025390625,151.54672241210938,204.9293670654297,195.7152404785156,0.7372034788131714
tile_r019811_c008291,2,253.1999053955078,128.09535217285156,309.613037109375,181.95651245117188,0.7159361839294434
tile_r019811_c008291,2,377.7373352050781,281.8098449707031,410.690185546875,311.04669189453125,0.700228214263916
tile_r019811_c008291,2,387.3837585449219,486.5924682617188,430.770263671875,513.3995361328125,0.685728132724762
tile_r019811_c008291,2,118.03826904296876,25.697586059570312,152.86373901367188,57.9438362121582,0.6408296823501587
tile_r019811_c008291,2,271.8193359375,181.416015625,325.6997375488281,222.54916381835935,0.5826002955436707
tile_r019811_c008291,2,307.84619140625,453.4313354492188,338.0588073730469,481.1902770996094,0.5756632089614868
tile_r019811_c008291,2,292.327880859375,-2.2371506690979004,336.3210144042969,26.67264938354492,0.4339628517627716
tile_r019811_c008291,2,431.8406372070313,355.37603759765625,465.0232543945313,385.28167724609375,0.4079971313476562
tile_r019811_c008291,2,429.7649841308594,352.2578430175781,467.7845153808594,386.5524597167969,0.3657844066619873
tile_r019811_c008291,2,274.79449462890625,182.0581970214844,326.0897216796875,220.0392303466797,0.2905308902263641
tile_r019811_c008291,2,345.9966125488281,-0.7414199709892273,378.4914855957031,27.316482543945312,0.2344835102558136
tile_r019811_c008291,2,344.5859069824219,0.9092010259628296,377.7205505371094,28.70933151245117,0.1406883895397186
tile_r019811_c008291,2,385.6163940429688,483.9647521972656,432.873291015625,513.9000854492188,0.1142758503556251
tile_r019811_c008291,2,116.35557556152344,23.82271194458008,155.4001922607422,61.11063766479492,0.1131138205528259
tile_r019811_c008291,2,375.7767333984375,279.23748779296875,412.9573669433594,313.03729248046875,0.0918465256690979
tile_r019811_c008291,2,346.5782165527344,1.4177383184432983,376.68109130859375,27.443256378173828,0.0578445047140121
tile_r019811_c008291,2,360.2778015136719,380.2727966308594,401.7711486816406,417.2682189941406,0.0575575083494186
tile_r019811_c008291,2,292.54180908203125,0.1847457885742187,334.2139892578125,26.235279083251957,0.0515520349144935
tile_r019811_c008291,2,149.14218139648438,146.41465759277344,207.7397918701172,198.1854248046875,0.0353969074785709
tile_r019811_c008291,2,306.761962890625,452.76409912109375,339.6575622558594,482.3939514160156,0.0253039486706256
tile_r019811_c008291,2,306.203857421875,449.4808044433594,341.093505859375,484.3036193847656,0.011198473162949
tile_r019811_c008291,2,433.7945861816406,356.83074951171875,464.10345458984375,381.7692260742188,0.0091389752924442
tile_r019811_c008291,2,306.67364501953125,192.6202392578125,325.5366516113281,211.6149139404297,0.0069348765537142
tile_r019811_c008291,2,0.5691055059432983,372.5991516113281,15.046478271484377,391.0157165527344,0.0050749611109495
tile_r019811_c008291,2,347.3544921875,1.290982007980347,375.5503540039063,25.35883140563965,0.005004696547985
tile_r019811_c008291,2,257.3061218261719,133.5599365234375,305.2401123046875,178.74058532714844,0.0039423890411853
tile_r019811_c008291,2,379.1207885742188,284.4253845214844,407.1099548339844,308.02691650390625,0.0035400972701609
tile_r019811_c008291,2,-0.0669105499982833,372.72503662109375,13.273843765258787,392.7352600097656,0.0030510546639561
tile_r019811_c008291,2,2.4998321533203125,383.6951293945313,18.985076904296875,413.05474853515625,0.0024849323090165
tile_r019811_c008291,2,417.3550720214844,211.3196563720703,449.6656799316406,244.3513641357422,0.0023444246035069
tile_r019811_c008291,2,3.3279709815979004,393.0699768066406,18.0523624420166,413.48040771484375,0.002299458021298
tile_r019811_c008291,2,248.904296875,120.80955505371094,314.7548522949219,186.0837554931641,0.0017741936026141
tile_r019811_c008291,2,-0.547283947467804,373.0082702636719,22.57683753967285,415.87451171875,0.001752958050929
tile_r019811_c008291,2,3.035823106765747,381.11907958984375,25.710906982421875,416.2643127441406,0.0015239923959597
tile_r019811_c008291,2,0.7320038080215454,369.6517333984375,17.284866333007812,391.3711242675781,0.0013779589207842
tile_r019811_c008291,2,420.1227416992188,215.6074676513672,443.7088317871094,241.1967010498047,0.0012451504589989
tile_r019811_c008291,2,-0.2101318389177322,374.7351684570313,12.134124755859377,393.7458801269531,0.0012071047676727
tile_r019811_c008291,2,187.23715209960935,164.24107360839844,202.69845581054688,185.0419158935547,0.0010901858331635
tile_r019811_c008547,2,50.0308723449707,313.84197998046875,91.99430847167967,350.79766845703125,0.854524552822113
tile_r019811_c008547,2,102.3032684326172,377.22894287109375,147.8863067626953,420.0326232910156,0.7470159530639648
tile_r019811_c008547,2,121.6872100830078,281.7190856933594,154.7953643798828,311.1585998535156,0.6925145387649536
tile_r019811_c008547,2,467.1915588378906,350.53240966796875,517.1713256835938,406.0440979003906,0.6638999581336975
tile_r019811_c008547,2,391.658203125,215.737548828125,447.2594604492188,261.4081420898437,0.6500657200813293
tile_r019811_c008547,2,131.01925659179688,486.2883911132813,175.1427764892578,513.3814697265625,0.6194779276847839
tile_r019811_c008547,2,15.154513359069824,180.6060028076172,70.66603088378906,222.79833984375,0.5748853087425232
tile_r019811_c008547,2,-0.7332092523574829,125.8669204711914,54.4693603515625,181.6416931152344,0.5652229189872742
tile_r019811_c008547,2,406.13665771484375,335.7608642578125,450.0374145507813,373.6773986816406,0.5434666872024536
tile_r019811_c008547,2,52.37517166137695,454.0213928222656,81.54029846191406,480.7381896972656,0.5309545397758484
tile_r019811_c008547,2,36.15249633789063,-2.330893039703369,80.35530090332031,27.456600189208984,0.4319694936275482
tile_r019811_c008547,2,175.67242431640625,355.0595092773437,209.1848907470703,385.50048828125,0.3950632214546203
tile_r019811_c008547,2,173.46060180664062,351.90350341796875,212.0000457763672,386.96820068359375,0.3931758403778076
tile_r019811_c008547,2,18.40199851989746,181.37879943847656,70.4040756225586,220.1381378173828,0.2366797477006912
tile_r019811_c008547,2,89.9826431274414,-0.7447189092636108,122.47804260253906,27.4551944732666,0.18099445104599
tile_r019811_c008547,2,389.8267822265625,211.794189453125,449.6829528808594,264.13934326171875,0.1473369747400283
tile_r019811_c008547,2,469.8895568847656,354.6038818359375,514.5191040039062,403.1576232910156,0.1452578902244568
tile_r019811_c008547,2,129.21031188964844,483.5472106933594,177.41976928710938,513.9955444335938,0.1423408985137939
tile_r019811_c008547,2,88.64473724365234,0.8843170404434204,121.631103515625,28.807453155517575,0.1037040054798126
tile_r019811_c008547,2,119.68804931640624,279.1236267089844,157.08755493164062,313.2351989746094,0.0926105305552482
tile_r019811_c008547,2,90.67796325683594,1.4166138172149658,120.5526885986328,27.537181854248047,0.0792663693428039
tile_r019811_c008547,2,104.5478515625,380.2868347167969,145.9256134033203,417.3246154785156,0.0654030367732048
tile_r019811_c008547,2,36.50250244140625,0.0950897186994552,78.31622314453125,26.700519561767575,0.0516394190490245
tile_r019811_c008547,2,51.264610290527344,453.3999633789063,82.73040771484375,481.7564392089844,0.0136961620301008
tile_r019811_c008547,2,402.4104614257813,330.0443725585937,454.5989685058594,376.7790832519531,0.0109268613159656
tile_r019811_c008547,2,2.614691257476806,132.29331970214844,49.7553596496582,178.7933349609375,0.0082492930814623
tile_r019811_c008547,2,177.60537719726562,356.6000061035156,208.23904418945312,382.0010070800781,0.0076748467981815
tile_r019811_c008547,2,50.88852691650391,449.8128967285156,84.34590148925781,483.8998107910156,0.0070958468131721
tile_r019811_c008547,2,50.5357666015625,192.5829162597656,69.59248352050781,211.5660858154297,0.0056222220882773
tile_r019811_c008547,2,91.44889831542967,1.3065903186798096,119.584716796875,25.51901626586914,0.0054088518954813
tile_r019811_c008547,2,123.06558990478516,284.37860107421875,151.153564453125,308.1375427246094,0.0031797587871551
tile_r019811_c008547,2,161.58016967773438,210.4744415283203,195.846435546875,244.9010467529297,0.0020120427943766
tile_r019811_c008547,2,403.9031372070313,334.15155029296875,451.4739379882813,375.9324645996094,0.0017887239810079
tile_r019811_c008547,2,52.33430099487305,317.1984558105469,89.6009750366211,348.26861572265625,0.0010386419016867
tile_r019811_c008803,2,272.5166931152344,115.93751525878906,323.8243408203125,155.88107299804688,0.6831137537956238
tile_r019811_c008803,2,135.73892211914062,215.85043334960935,191.1188201904297,261.1048278808594,0.6608885526657104
tile_r019811_c008803,2,438.3929138183594,469.5003356933594,489.9560546875,511.92864990234375,0.6306617259979248
tile_r019811_c008803,2,355.86102294921875,473.9898986816406,404.0949096679688,512.8986206054688,0.6300932765007019
tile_r019811_c008803,2,150.4801483154297,336.15936279296875,193.7575225830078,372.97698974609375,0.4629825055599212
tile_r019811_c008803,2,213.02197265625,353.10711669921875,269.09844970703125,405.213134765625,0.4268761575222015
tile_r019811_c008803,2,407.130859375,325.02996826171875,478.5935668945313,380.9894409179688,0.4199823439121246
tile_r019811_c008803,2,275.8302001953125,117.72774505615234,323.1248779296875,153.32212829589844,0.4137194156646728
tile_r019811_c008803,2,210.55471801757807,349.05487060546875,271.1828918457031,407.7339782714844,0.3541648983955383
tile_r019811_c008803,2,133.83151245117188,211.86062622070312,193.68441772460935,263.863037109375,0.1452718675136566
tile_r019811_c008803,2,354.3780517578125,470.5679626464844,405.5335388183594,513.9176635742188,0.1177096590399742
tile_r019811_c008803,2,411.751953125,329.2345886230469,474.6866760253906,377.7759399414063,0.1127574518322944
tile_r019811_c008803,2,434.88616943359375,465.04046630859375,492.7781677246094,513.9335327148438,0.087226465344429
tile_r019811_c008803,2,407.5792541503906,326.96514892578125,476.5962524414063,380.1090087890625,0.0443235598504543
tile_r019811_c008803,2,247.9723663330078,98.42469787597656,268.65875244140625,117.3138198852539,0.0169184263795614
tile_r019811_c008803,2,146.31716918945312,330.1837463378906,199.03598022460935,375.85498046875,0.0058994661085307
tile_r019811_c008803,2,494.0768127441406,400.1702270507813,512.3668212890625,420.64556884765625,0.0021911207586526
tile_r019811_c008803,2,249.884521484375,100.52337646484376,267.3456420898437,117.4618682861328,0.0017576738027855
tile_r019811_c008803,2,491.9729614257813,397.783447265625,513.2601318359375,420.5301818847656,0.0016057029133662
tile_r019811_c008803,2,272.23944091796875,113.87217712402344,326.8563232421875,156.21798706054688,0.0014486525906249
tile_r019811_c008803,2,148.09872436523438,334.5906066894531,195.1555633544922,375.315185546875,0.0012260251678526
tile_r019811_c009059,2,402.5358276367188,76.71026611328125,461.3041076660156,136.65863037109375,0.8818107843399048
tile_r019811_c009059,2,445.2416076660156,32.74274826049805,486.07232666015625,71.75370788574219,0.862877607345581
tile_r019811_c009059,2,247.9123992919922,415.44287109375,305.3847045898437,466.7281188964844,0.7236157059669495
tile_r019811_c009059,2,16.23476791381836,115.61946105957033,68.1005630493164,157.3030548095703,0.6348071098327637
tile_r019811_c009059,2,466.8810424804688,371.877685546875,516.522705078125,426.77838134765625,0.6239457726478577
tile_r019811_c009059,2,99.94221496582033,473.674072265625,148.4146270751953,512.8615112304688,0.609424352645874
tile_r019811_c009059,2,182.0529937744141,468.9783630371094,233.7576904296875,511.7803649902344,0.5918958187103271
tile_r019811_c009059,2,153.78775024414062,327.77850341796875,208.73928833007807,375.4324951171875,0.5761430859565735
tile_r019811_c009059,2,19.827539443969727,117.5937042236328,67.11052703857422,154.31240844726562,0.4454863667488098
tile_r019811_c009059,2,178.43247985839844,464.423828125,236.6270446777344,513.77880859375,0.1659822613000869
tile_r019811_c009059,2,98.48423767089844,470.19525146484375,149.8072967529297,513.8446044921875,0.1340406686067581
tile_r019811_c009059,2,158.5434112548828,329.7899780273437,210.25540161132807,371.4090576171875,0.0343721061944961
tile_r019811_c009059,2,250.5431671142578,418.85205078125,303.0677185058594,464.1437377929688,0.0324971079826355
tile_r019811_c009059,2,154.44093322753906,326.6971130371094,213.2079162597656,374.56744384765625,0.0156373213976621
tile_r019811_c009059,2,472.0751953125,378.15863037109375,513.8478393554688,423.5226440429688,0.0112333223223686
tile_r019811_c009059,2,149.59156799316406,323.33868408203125,213.82369995117188,379.5388793945313,0.0073223281651735
tile_r019811_c009059,2,405.83831787109375,81.06120300292969,458.8683471679688,134.40122985839844,0.0042428197339177
tile_r019811_c009059,2,488.09674072265625,383.32757568359375,513.4956665039062,424.6442260742188,0.0025291689671576
tile_r019811_c009059,2,463.51275634765625,368.3894653320313,518.044921875,429.5689086914063,0.0025118505582213
tile_r019811_c009059,2,15.845006942749023,113.51432037353516,70.8587417602539,157.3202362060547,0.0013882772764191
tile_r019811_c009059,2,170.593017578125,337.4788818359375,217.1273193359375,374.6054992675781,0.0013525697868317
tile_r020067_c008035,2,315.9747009277344,438.2396545410156,370.1015625,488.0958862304688,0.8743326663970947
tile_r020067_c008035,2,279.55230712890625,363.6105346679688,320.13104248046875,403.059326171875,0.8653838038444519
tile_r020067_c008035,2,148.16806030273438,298.4637756347656,196.27685546875,344.1474914550781,0.8332061767578125
tile_r020067_c008035,2,81.21427154541016,123.71330261230467,126.1524429321289,165.39749145507812,0.7450329661369324
tile_r020067_c008035,2,198.1350555419922,450.012451171875,249.3249053955078,499.41351318359375,0.6603167653083801
tile_r020067_c008035,2,152.91683959960938,221.030517578125,188.42190551757807,255.9223175048828,0.6124553084373474
tile_r020067_c008035,2,37.59027862548828,183.15501403808597,72.01468658447266,217.07156372070312,0.5956515669822693
tile_r020067_c008035,2,111.62409973144533,326.33306884765625,165.1890869140625,375.6199340820313,0.5420717597007751
tile_r020067_c008035,2,242.25942993164065,116.23030090332033,270.7514953613281,143.77236938476562,0.5396003723144531
tile_r020067_c008035,2,342.5667724609375,296.4809875488281,362.7293090820313,316.0502014160156,0.4793047606945038
tile_r020067_c008035,2,0.6490524411201477,93.21766662597656,32.48012161254883,127.09138488769533,0.3559793531894684
tile_r020067_c008035,2,115.0502471923828,329.3855285644531,163.03582763671875,372.5167846679688,0.3508163392543793
tile_r020067_c008035,2,208.2417449951172,208.7803649902344,234.6050720214844,235.9060516357422,0.2599895298480987
tile_r020067_c008035,2,217.7640686035156,0.961761474609375,240.5785675048828,18.454730987548828,0.2372344136238098
tile_r020067_c008035,2,206.35641479492188,204.4735412597656,237.0789794921875,238.25753784179688,0.1258774697780609
tile_r020067_c008035,2,173.79855346679688,96.875732421875,192.0194396972656,114.04544830322266,0.1210157126188278
tile_r020067_c008035,2,78.5796890258789,119.60506439208984,128.39810180664062,167.95396423339844,0.1161944866180419
tile_r020067_c008035,2,321.9037475585937,382.0024108886719,354.36822509765625,407.965576171875,0.0823019593954086
tile_r020067_c008035,2,340.45953369140625,294.89776611328125,365.02191162109375,317.6572265625,0.0721040666103363
tile_r020067_c008035,2,36.56587600708008,181.3070831298828,73.8172836303711,219.7393493652344,0.0711908861994743
tile_r020067_c008035,2,-0.1290283203125,88.4405288696289,35.4488639831543,128.9456329345703,0.0492369569838047
tile_r020067_c008035,2,341.3583374023437,296.810546875,363.1558227539063,317.30987548828125,0.04778603464365
tile_r020067_c008035,2,215.1898956298828,-1.0014419555664062,243.203125,19.225849151611328,0.0368137136101722
tile_r020067_c008035,2,151.62173461914062,219.23532104492188,190.2177734375,257.7282409667969,0.0323093384504318
tile_r020067_c008035,2,195.5371551513672,447.18597412109375,251.626220703125,502.4048767089844,0.0294294897466897
tile_r020067_c008035,2,247.06857299804688,325.1293334960937,262.7138671875,341.2523498535156,0.0294268205761909
tile_r020067_c008035,2,240.143798828125,112.8257827758789,272.6425476074219,145.49365234375,0.0279841572046279
tile_r020067_c008035,2,151.18675231933594,217.2289581298828,190.7787933349609,258.06494140625,0.0276923459023237
tile_r020067_c008035,2,146.22552490234375,296.63116455078125,197.673583984375,346.6847839355469,0.0251446608453989
tile_r020067_c008035,2,209.4564971923828,209.98843383789065,231.51516723632807,233.5925750732422,0.0248639397323131
tile_r020067_c008035,2,-0.4538894593715668,91.91766357421876,34.20304489135742,129.69740295410156,0.0241300240159034
tile_r020067_c008035,2,35.665069580078125,177.40411376953125,76.23191833496094,219.69174194335935,0.0240666978061199
tile_r020067_c008035,2,124.0039291381836,220.9993438720703,139.0435028076172,237.6582489013672,0.0211585722863674
tile_r020067_c008035,2,247.6575469970703,323.41143798828125,264.91680908203125,341.0039367675781,0.0145271942019462
tile_r020067_c008035,2,244.4405517578125,322.78302001953125,263.3740539550781,341.39764404296875,0.0126744154840707
tile_r020067_c008035,2,124.34151458740234,223.8806915283203,138.29449462890625,240.03488159179688,0.0118707818910479
tile_r020067_c008035,2,171.44143676757812,95.8609619140625,193.6943817138672,114.87370300292967,0.0117918318137526
tile_r020067_c008035,2,244.8199157714844,117.8901824951172,268.83154296875,141.49020385742188,0.0106903789564967
tile_r020067_c008035,2,218.69699096679688,1.0710036754608154,242.3103485107422,18.29863929748535,0.0097214356064796
tile_r020067_c008035,2,214.43209838867188,1.6173553466796875,241.66867065429688,20.942684173583984,0.0093802511692047
tile_r020067_c008035,2,211.85769653320312,213.5591735839844,231.0804748535156,234.3686065673828,0.0071470984257757
tile_r020067_c008035,2,243.1096649169922,323.171142578125,264.30572509765625,341.9618225097656,0.0063713211566209
tile_r020067_c008035,2,241.3722381591797,320.534912109375,265.88018798828125,342.1876525878906,0.0060762781649827
tile_r020067_c008035,2,318.0905456542969,441.9021911621094,367.5596008300781,484.9978942871094,0.0040528210811316
tile_r020067_c008035,2,342.8826599121094,297.9220886230469,359.6898193359375,315.2823486328125,0.0036203507333993
tile_r020067_c008035,2,43.04767608642578,341.5897827148437,78.5972900390625,373.80364990234375,0.0028422893956303
tile_r020067_c008035,2,170.4618682861328,91.3236312866211,196.0568389892578,114.65570068359376,0.0023768534883856
tile_r020067_c008035,2,244.95913696289065,116.6807098388672,269.93145751953125,141.6490478515625,0.0019980140496045
tile_r020067_c008035,2,491.6053771972656,76.68265533447266,506.5362854003906,90.80329895019533,0.0018355576321482
tile_r020067_c008035,2,242.0946502685547,114.6323013305664,271.8150939941406,143.55615234375,0.0017781620845198
tile_r020067_c008035,2,244.39114379882807,119.16156005859376,266.2532653808594,140.73712158203125,0.0015465173637494
tile_r020067_c008035,2,496.0514526367188,413.0612182617188,511.7490234375,433.4147033691406,0.0014536794042214
tile_r020067_c008035,2,148.53695678710938,299.8283996582031,193.7498016357422,343.8013610839844,0.0012589865364134
tile_r020067_c008035,2,322.1025390625,384.8513488769531,352.2288513183594,406.98248291015625,0.0012341764522716
tile_r020067_c008035,2,108.15745544433594,428.9660034179688,129.42501831054688,449.2215881347656,0.0011935078073292
tile_r020067_c008035,2,193.3060302734375,441.5558166503906,254.8802795410156,502.5564880371094,0.001181629137136
tile_r020067_c008035,2,492.6390686035156,56.812477111816406,514.9351196289062,95.1587142944336,0.0010301973670721
tile_r020067_c008291,2,59.14434051513672,437.58050537109375,114.42431640625,488.7615356445313,0.8928474187850952
tile_r020067_c008291,2,304.7758483886719,56.92631912231445,348.7895812988281,96.29451751708984,0.8670464754104614
tile_r020067_c008291,2,22.6224365234375,362.9461364746094,64.74053192138672,404.2255859375,0.8636255860328674
tile_r020067_c008291,2,437.15618896484375,477.02783203125,484.1363830566406,513.9075927734375,0.8445578217506409
tile_r020067_c008291,2,387.5768432617188,229.3263702392578,431.385986328125,262.9166259765625,0.8004364967346191
tile_r020067_c008291,2,339.66815185546875,416.5213928222656,373.4722900390625,449.24945068359375,0.8002731204032898
tile_r020067_c008291,2,357.9918212890625,121.26676177978516,403.6665954589844,163.9765625,0.7686972618103027
tile_r020067_c008291,2,295.8783569335937,296.4256896972656,340.5470275878906,340.9832458496094,0.735781729221344
tile_r020067_c008291,2,377.6792602539063,26.15338516235352,410.5138549804688,54.8822135925293,0.7141892910003662
tile_r020067_c008291,2,382.5701599121094,455.1600646972656,407.8396911621094,478.9782104492188,0.6502184867858887
tile_r020067_c008291,2,403.0113830566406,365.8571166992188,456.4251098632813,414.3601684570313,0.6477569341659546
tile_r020067_c008291,2,477.240234375,281.57379150390625,511.1517028808594,313.373291015625,0.5519506931304932
tile_r020067_c008291,2,307.72930908203125,197.2506866455078,338.1584777832031,225.1746063232422,0.5387210845947266
tile_r020067_c008291,2,86.71636199951172,296.55975341796875,106.57902526855467,315.96612548828125,0.4639864563941955
tile_r020067_c008291,2,431.824951171875,99.4770965576172,465.0132751464844,129.31668090820312,0.4247544407844543
tile_r020067_c008291,2,429.7566528320313,96.3988265991211,467.7637634277344,130.58004760742188,0.3496465384960174
tile_r020067_c008291,2,474.8741149902344,279.5686340332031,512.0538330078125,316.50115966796875,0.3473208248615265
tile_r020067_c008291,2,405.5191955566406,369.59368896484375,453.57421875,411.8851623535156,0.2672513127326965
tile_r020067_c008291,2,383.91064453125,456.9173278808594,407.2098083496094,476.5983276367188,0.0914454907178878
tile_r020067_c008291,2,65.65747833251953,381.3528442382813,98.62935638427734,408.326904296875,0.0884172096848487
tile_r020067_c008291,2,306.489990234375,196.4801483154297,339.691162109375,226.492919921875,0.0716760605573654
tile_r020067_c008291,2,84.5983657836914,295.0401306152344,108.83646392822266,317.55987548828125,0.0707435384392738
tile_r020067_c008291,2,360.296875,124.3227081298828,401.7313537597656,161.2154998779297,0.0595083124935627
tile_r020067_c008291,2,385.51373291015625,226.7293701171875,433.4651794433594,265.6762084960937,0.0562403425574302
tile_r020067_c008291,2,375.7458801269531,23.835376739501957,412.4837341308594,56.8577995300293,0.0534418858587741
tile_r020067_c008291,2,85.39420318603516,296.94830322265625,106.97483825683594,317.2593688964844,0.0413753390312194
tile_r020067_c008291,2,300.4198303222656,301.1996154785156,337.7364807128906,337.76422119140625,0.0266139060258865
tile_r020067_c008291,2,384.0014953613281,457.0682067871094,404.6798706054688,476.5152282714844,0.0260470006614923
tile_r020067_c008291,2,382.542724609375,455.9894104003906,405.3560180664063,477.4268493652344,0.0129113057628273
tile_r020067_c008291,2,433.8573303222656,100.96163177490234,464.0578002929688,125.7407455444336,0.009749942459166
tile_r020067_c008291,2,306.0267944335937,193.40249633789065,341.1534729003906,228.2802276611328,0.0091467937454581
tile_r020067_c008291,2,0.5460174679756165,116.60791015625,14.982507705688477,134.98452758789062,0.0058703646063804
tile_r020067_c008291,2,431.9496154785156,5.872308254241943,457.43499755859375,26.860204696655277,0.0050238738767802
tile_r020067_c008291,2,341.30401611328125,419.38909912109375,371.1175537109375,446.993408203125,0.0047353776171803
tile_r020067_c008291,2,379.2003173828125,28.703594207763672,407.002685546875,51.829856872558594,0.0045981435105204
tile_r020067_c008291,2,86.8830795288086,298.001220703125,103.5485610961914,315.2655029296875,0.0045758793130517
tile_r020067_c008291,2,285.1923522949219,290.6838073730469,343.52789306640625,344.66162109375,0.0041993176564574
tile_r020067_c008291,2,490.6493225097656,246.0493621826172,509.3514709472656,261.6511535644531,0.0035617116373032
tile_r020067_c008291,2,-0.0767745971679687,116.71571350097656,13.2434720993042,136.69009399414062,0.003312658984214
tile_r020067_c008291,2,3.3371734619140625,137.2198944091797,17.804851531982422,157.48037719726562,0.0024962991010397
tile_r020067_c008291,2,2.547839403152466,127.65296936035156,18.684789657592773,157.0434112548828,0.0024111920502036
tile_r020067_c008291,2,433.8775329589844,6.536473274230957,455.4784240722656,25.225561141967773,0.0023446264676749
tile_r020067_c008291,2,3.2271957397460938,125.11920166015624,25.402084350585938,160.26254272460938,0.0019120860379189
tile_r020067_c008291,2,-0.444558709859848,116.9856185913086,22.10884094238281,159.48728942871094,0.0018571607070043
tile_r020067_c008291,2,0.7051635980606079,113.6968994140625,17.204885482788086,135.38009643554688,0.0014571810606867
tile_r020067_c008291,2,61.51513671875,441.36175537109375,111.8002471923828,485.5813903808594,0.0014145114691928
tile_r020067_c008291,2,346.4568176269531,423.1001586914063,379.2095336914063,458.5012817382813,0.0013587420107796
tile_r020067_c008291,2,-0.198139950633049,118.73622131347656,12.085291862487791,137.76351928710938,0.0012903534807264
tile_r020067_c008291,2,446.8885192871094,510.350341796875,502.4822387695313,524.7999877929688,0.0012463898165151
tile_r020067_c008291,2,431.5882873535156,98.67079162597656,466.4700317382813,128.39039611816406,0.0011615453986451
tile_r020067_c008291,2,446.9892578125,478.2572326660156,484.03753662109375,513.0802001953125,0.0010299913119524
tile_r020067_c008547,2,50.1990966796875,58.16300582885742,91.7937469482422,94.63167572021484,0.8575981855392456
tile_r020067_c008547,2,180.8187255859375,476.9700317382813,228.2835998535156,513.8052368164062,0.8455492854118347
tile_r020067_c008547,2,131.53282165527344,229.0596923828125,175.77496337890625,263.3090209960937,0.7991441488265991
tile_r020067_c008547,2,84.11445617675781,417.1026916503906,117.14852142333984,448.956787109375,0.7803491950035095
tile_r020067_c008547,2,102.40574645996094,121.54634857177734,147.58287048339844,163.78720092773438,0.7373082637786865
tile_r020067_c008547,2,220.4266662597656,280.3714904785156,267.83563232421875,315.61053466796875,0.7315400242805481
tile_r020067_c008547,2,121.73699951171876,26.112499237060547,154.60325622558594,54.85309982299805,0.7124655842781067
tile_r020067_c008547,2,40.1727409362793,297.78228759765625,83.2080307006836,339.5047912597656,0.7021111845970154
tile_r020067_c008547,2,467.2957458496094,94.72265625,516.9740600585938,149.9490203857422,0.6647059321403503
tile_r020067_c008547,2,126.6515121459961,455.340087890625,151.75680541992188,478.916259765625,0.6375288367271423
tile_r020067_c008547,2,146.9807586669922,365.8600769042969,200.43295288085935,414.1638793945313,0.6327378153800964
tile_r020067_c008547,2,406.2137145996094,79.67344665527344,450.0673828125,117.47752380371094,0.574920654296875
tile_r020067_c008547,2,281.8476257324219,436.3592834472656,317.2794494628906,470.419677734375,0.5667442083358765
tile_r020067_c008547,2,52.3394775390625,197.920166015625,81.70005798339844,224.54867553710935,0.4891946911811828
tile_r020067_c008547,2,175.86154174804688,99.29811096191406,209.0192108154297,129.24435424804688,0.396127313375473
tile_r020067_c008547,2,173.7181854248047,96.15316009521484,211.83444213867188,130.58892822265625,0.373326689004898
tile_r020067_c008547,2,280.0508117675781,432.8088989257813,319.6465148925781,472.55865478515625,0.2858833074569702
tile_r020067_c008547,2,149.5028839111328,369.6261291503906,197.6079559326172,411.7557067871094,0.2773433029651642
tile_r020067_c008547,2,469.9723510742188,98.75565338134766,514.349853515625,147.0310821533203,0.1541547179222107
tile_r020067_c008547,2,127.98543548583984,456.9910278320313,151.1461944580078,476.5357360839844,0.0903291180729866
tile_r020067_c008547,2,104.64215087890624,124.53865814208984,145.65316772460938,161.0584259033203,0.0845261067152023
tile_r020067_c008547,2,129.40733337402344,226.3466796875,177.98098754882812,266.0875244140625,0.0546821691095829
tile_r020067_c008547,2,119.78399658203124,23.77108192443848,156.58126831054688,56.79127883911133,0.0536942705512046
tile_r020067_c008547,2,45.56291580200195,302.378662109375,80.75443267822266,336.8139343261719,0.0472068637609481
tile_r020067_c008547,2,218.43115234375,277.24102783203125,270.00128173828125,319.1922607421875,0.0460487082600593
tile_r020067_c008547,2,51.102630615234375,197.3160095214844,82.74116516113281,225.59793090820312,0.0311169493943452
tile_r020067_c008547,2,128.0875701904297,457.158935546875,148.61611938476562,476.4674377441406,0.0294119659811258
tile_r020067_c008547,2,126.6559600830078,456.0940551757813,149.28775024414062,477.333251953125,0.0156071167439222
tile_r020067_c008547,2,402.5044860839844,73.96856689453125,454.8042907714844,120.6407699584961,0.0152926975861191
tile_r020067_c008547,2,177.77755737304688,100.7472915649414,208.1343994140625,125.7789535522461,0.0090471124276518
tile_r020067_c008547,2,85.52716827392578,419.8353576660156,114.84207916259766,446.889404296875,0.0090028373524546
tile_r020067_c008547,2,50.8143310546875,193.8158721923828,84.47683715820312,227.7030487060547,0.0075792777352035
tile_r020067_c008547,2,175.42543029785156,5.505386352539063,202.4983367919922,27.69091796875,0.0049555539153516
tile_r020067_c008547,2,123.30601501464844,28.6538028717041,151.08975219726562,51.7984733581543,0.0042764581739902
tile_r020067_c008547,2,29.64081382751465,291.70819091796875,86.32504272460938,343.02960205078125,0.0026923620607703
tile_r020067_c008547,2,403.9935607910156,78.10249328613281,451.4747009277344,119.77717590332033,0.0022001550532877
tile_r020067_c008547,2,280.3145446777344,434.257568359375,319.00274658203125,472.8465881347656,0.0020817648619413
tile_r020067_c008547,2,177.41615295410156,6.204469203948975,199.8275146484375,25.6436824798584,0.0014385756803676
tile_r020067_c008547,2,175.59788513183594,98.4026107788086,210.71060180664065,128.46145629882812,0.0013209644239395
tile_r020067_c008547,2,52.42851638793945,61.36270904541016,89.4832763671875,92.18265533447266,0.0012954737758263
tile_r020067_c008547,2,90.59671783447266,423.5977478027344,122.6865692138672,458.11468505859375,0.0012660138309001
tile_r020067_c008547,2,53.03200149536133,199.11685180664065,79.28401184082031,223.2352294921875,0.0012155737495049
tile_r020067_c008803,2,469.7060546875,426.203125,517.0283203125,477.7610473632813,0.7074042558670044
tile_r020067_c008803,2,354.3343200683594,216.7264404296875,404.31158447265625,264.53680419921875,0.6796523928642273
tile_r020067_c008803,2,438.4169921875,212.5848846435547,491.5044555664063,256.864501953125,0.6556960344314575
tile_r020067_c008803,2,400.3123168945313,427.101806640625,441.5411071777344,468.772705078125,0.6222290992736816
tile_r020067_c008803,2,442.94134521484375,314.9949035644531,505.90081787109375,371.31439208984375,0.6005629301071167
tile_r020067_c008803,2,25.5615291595459,435.6858520507813,61.38835525512695,470.6251525878906,0.5416437387466431
tile_r020067_c008803,2,150.10537719726562,79.31390380859375,194.1534423828125,117.36000061035156,0.447027176618576
tile_r020067_c008803,2,407.2447204589844,68.80451965332031,478.2420959472656,125.22233581542967,0.4094933867454529
tile_r020067_c008803,2,212.88815307617188,96.9626235961914,269.09735107421875,149.21556091308594,0.4013549089431762
tile_r020067_c008803,2,210.3220977783203,92.8890380859375,271.17987060546875,151.75656127929688,0.3856360912322998
tile_r020067_c008803,2,23.122791290283203,431.9736328125,63.76505661010742,472.9273376464844,0.3404384851455688
tile_r020067_c008803,2,352.1651916503906,213.4093017578125,406.2215881347656,267.54180908203125,0.218797892332077
tile_r020067_c008803,2,403.1625061035156,430.9439392089844,439.1759338378906,466.0946350097656,0.1490437686443328
tile_r020067_c008803,2,440.0391540527344,310.8800354003906,508.0009765625,374.0939331054688,0.147182822227478
tile_r020067_c008803,2,411.8550720214844,72.85301208496094,474.42376708984375,121.91804504394533,0.0986097827553749
tile_r020067_c008803,2,407.6588439941406,70.56995391845703,476.3543090820313,124.2385025024414,0.0682380422949791
tile_r020067_c008803,2,472.5345764160156,430.8499145507813,514.17529296875,475.4800720214844,0.0654549226164817
tile_r020067_c008803,2,435.4667053222656,208.28500366210935,494.0377807617188,260.0196228027344,0.0327399708330631
tile_r020067_c008803,2,478.3741149902344,496.590087890625,509.1609497070313,513.112548828125,0.0218989811837673
tile_r020067_c008803,2,1.0656036138534546,292.8627624511719,19.445236206054688,319.7359313964844,0.0164910368621349
tile_r020067_c008803,2,145.80043029785156,73.63838958740234,200.0030975341797,120.387939453125,0.0094855744391679
tile_r020067_c008803,2,438.31298828125,211.6065216064453,491.4786987304688,256.62158203125,0.0079836808145046
tile_r020067_c008803,2,480.9879760742188,496.44189453125,500.7431640625,511.0767517089844,0.0073381741531193
tile_r020067_c008803,2,2.1603546142578125,297.1175231933594,18.25592422485352,320.68768310546875,0.0068381503224372
tile_r020067_c008803,2,494.1524353027344,144.23361206054688,512.2745971679688,164.49331665039062,0.0030562181491404
tile_r020067_c008803,2,147.70567321777344,77.74556732177734,195.8308563232422,119.8338394165039,0.0029887808486819
tile_r020067_c008803,2,480.80963134765625,496.225830078125,511.5209045410156,512.124755859375,0.0027746758423745
tile_r020067_c008803,2,492.1036682128906,141.8907470703125,513.1795654296875,164.34617614746094,0.0022045422811061
tile_r020067_c008803,2,23.51446914672852,432.9009704589844,63.29727935791016,473.3352661132813,0.0021712924353778
tile_r020067_c008803,2,478.178955078125,498.1025390625,504.9990234375,512.5104370117188,0.0018238089978694
tile_r020067_c008803,2,494.333984375,142.07864379882812,513.9989624023438,167.90528869628906,0.001100803958252
tile_r020067_c008803,2,4.344770908355713,306.34210205078125,18.06326675415039,339.0927124023437,0.0010476585011929
tile_r020067_c009059,2,247.1586456298828,158.50674438476562,306.6553955078125,212.08169555664065,0.7550259828567505
tile_r020067_c009059,2,98.19007873535156,216.3773193359375,149.03970336914062,265.0025329589844,0.6785038113594055
tile_r020067_c009059,2,143.89303588867188,426.7752990722656,186.0499725341797,469.1253967285156,0.6464613676071167
tile_r020067_c009059,2,181.31655883789065,210.9751892089844,236.27957153320312,258.0489196777344,0.6168388724327087
tile_r020067_c009059,2,466.5494995117188,115.55580139160156,516.549072265625,170.83145141601562,0.6128808856010437
tile_r020067_c009059,2,186.39622497558597,314.15606689453125,249.1737823486328,371.3130798339844,0.5920628309249878
tile_r020067_c009059,2,247.58523559570312,343.7154846191406,288.2935791015625,382.5298461914063,0.5143513679504395
tile_r020067_c009059,2,216.2063446044922,432.3404846191406,265.1790466308594,476.0210876464844,0.4367124736309051
tile_r020067_c009059,2,214.3077392578125,428.3307189941406,267.3016967773437,478.074951171875,0.380052775144577
tile_r020067_c009059,2,151.89793395996094,70.44226837158203,217.13198852539065,123.40754699707033,0.3788713216781616
tile_r020067_c009059,2,96.0741958618164,213.00613403320312,151.05184936523438,267.9855651855469,0.2292267978191375
tile_r020067_c009059,2,183.34495544433597,310.0963439941406,251.6617431640625,373.760986328125,0.2051194608211517
tile_r020067_c009059,2,277.9009704589844,458.2457885742188,368.2532043457031,518.6280517578125,0.1990780234336853
tile_r020067_c009059,2,151.9579315185547,69.205078125,220.50729370117188,124.07633972167967,0.1333331912755966
tile_r020067_c009059,2,146.8601531982422,430.6892700195313,183.54867553710935,466.353759765625,0.1239005997776985
tile_r020067_c009059,2,178.32723999023438,206.7093963623047,238.9613494873047,261.33209228515625,0.0886803418397903
tile_r020067_c009059,2,284.22528076171875,466.8611450195313,363.1331176757813,516.4671020507812,0.0616261027753353
tile_r020067_c009059,2,244.9272918701172,338.7582397460937,291.3783264160156,384.5910034179688,0.0551453381776809
tile_r020067_c009059,2,156.48345947265625,72.74537658691406,216.4966583251953,120.77188873291016,0.0488001517951488
tile_r020067_c009059,2,249.9447784423828,162.03469848632812,304.2854919433594,209.3506317138672,0.0196965299546718
tile_r020067_c009059,2,181.0270233154297,209.91036987304688,236.793701171875,258.0663452148437,0.0120498621836304
tile_r020067_c009059,2,463.2013549804688,112.1951141357422,517.8551635742188,173.49575805664062,0.0075207892805337
tile_r020067_c009059,2,277.0904541015625,451.2863159179688,371.1897583007813,520.320556640625,0.0073474124073982
tile_r020067_c009059,2,471.9376525878906,122.0395736694336,513.8681640625,167.5546417236328,0.0066357171162962
tile_r020067_c009059,2,290.09112548828125,468.2095642089844,362.6036376953125,514.1771240234375,0.0064119515009224
tile_r020067_c009059,2,220.5296936035156,497.6565856933594,256.9893493652344,513.5093994140625,0.0039187339134514
tile_r020067_c009059,2,273.7763061523437,454.6532287597656,367.5099182128906,522.784423828125,0.0037311494816094
tile_r020067_c009059,2,279.4314880371094,464.837158203125,361.1356506347656,518.2059326171875,0.0035676567349582
tile_r020067_c009059,2,224.1276092529297,496.48919677734375,257.0264892578125,511.398193359375,0.0034191857557743
tile_r020067_c009059,2,297.9697265625,479.5542907714844,363.1201477050781,511.671875,0.0033663839567452
tile_r020067_c009059,2,224.530029296875,496.336669921875,244.3601837158203,510.78851318359375,0.0033391166944056
tile_r020067_c009059,2,299.87554931640625,468.39068603515625,364.2109069824219,512.2176513671875,0.0027098194696009
tile_r020067_c009059,2,488.00537109375,127.19563293457033,513.5494384765625,168.9453582763672,0.002594789955765
tile_r020067_c009059,2,147.9888153076172,65.81393432617188,222.3689727783203,127.44270324707033,0.0025803665630519
tile_r020067_c009059,2,332.9619445800781,492.19244384765625,361.86273193359375,511.3470764160156,0.0023595539387315
tile_r020067_c009059,2,274.66619873046875,456.7505798339844,367.191162109375,520.5997924804688,0.0016089581185951
tile_r020067_c009059,2,290.5118713378906,478.2374572753906,360.7658996582031,512.915771484375,0.0012376261875033
tile_r020323_c008035,2,315.45281982421875,181.86778259277344,370.2513122558594,232.5633087158203,0.8772009611129761
tile_r020323_c008035,2,245.7608337402344,329.0861511230469,310.4523010253906,385.2369079589844,0.8729006052017212
tile_r020323_c008035,2,279.2998352050781,107.31745910644533,320.4686889648437,147.3678436279297,0.8568903803825378
tile_r020323_c008035,2,386.3360290527344,322.9501342773437,427.4774475097656,365.2200622558594,0.8221487998962402
tile_r020323_c008035,2,147.56689453125,41.13383102416992,197.4229736328125,88.85786437988281,0.820567786693573
tile_r020323_c008035,2,197.6830139160156,193.2796173095703,249.45980834960935,243.2899932861328,0.6379944682121277
tile_r020323_c008035,2,1.1595580577850342,449.1474609375,42.5415267944336,496.658203125,0.579317569732666
tile_r020323_c008035,2,168.67245483398438,296.10992431640625,200.9952392578125,326.44415283203125,0.5115576982498169
tile_r020323_c008035,2,454.7040100097656,404.8921813964844,481.328369140625,428.1700744628906,0.4928921163082123
tile_r020323_c008035,2,112.15348052978516,70.35011291503906,165.3433074951172,119.47271728515624,0.489805668592453
tile_r020323_c008035,2,342.7615966796875,40.60810470581055,362.54339599609375,59.77360916137695,0.4688446521759033
tile_r020323_c008035,2,115.73713684082033,73.48668670654297,163.11453247070312,116.30560302734376,0.3949956595897674
tile_r020323_c008035,2,393.8689575195313,446.79974365234375,445.3364868164063,492.114990234375,0.3527780175209045
tile_r020323_c008035,2,441.2814331054688,357.0850524902344,475.4212951660156,391.63275146484375,0.2264774292707443
tile_r020323_c008035,2,436.7642211914063,352.02545166015625,477.3097229003906,393.8994140625,0.1886232942342758
tile_r020323_c008035,2,298.1317443847656,473.3412170410156,339.75860595703125,509.0423889160156,0.1676618903875351
tile_r020323_c008035,2,291.6566467285156,468.3865356445313,342.5753173828125,510.5192260742188,0.1583222448825836
tile_r020323_c008035,2,455.7838439941406,405.64447021484375,480.300048828125,426.0699157714844,0.1306098252534866
tile_r020323_c008035,2,154.60885620117188,336.9639587402344,200.9196014404297,379.8736267089844,0.1073718294501304
tile_r020323_c008035,2,166.7449493408203,293.1457214355469,204.4092559814453,329.640380859375,0.0861870571970939
tile_r020323_c008035,2,386.6497497558594,440.5263671875,448.87060546875,496.31842041015625,0.0760142728686332
tile_r020323_c008035,2,340.9113464355469,39.06624603271485,364.7368774414063,61.16243362426758,0.0679076835513114
tile_r020323_c008035,2,321.9033203125,125.67115783691406,354.5160522460937,152.01210021972656,0.0505906119942665
tile_r020323_c008035,2,195.1532287597656,190.55447387695312,251.8072204589844,246.0090789794922,0.0475759021937847
tile_r020323_c008035,2,341.452880859375,40.966888427734375,363.0695190429688,60.989356994628906,0.0350805073976516
tile_r020323_c008035,2,4.801898002624512,454.87445068359375,38.88312530517578,494.2802734375,0.0287519115954637
tile_r020323_c008035,2,145.49896240234375,39.1561279296875,198.9342498779297,91.4101333618164,0.0273553133010864
tile_r020323_c008035,2,247.15042114257807,69.04719543457031,262.6765441894531,85.25007629394531,0.0133769940584898
tile_r020323_c008035,2,445.8131408691406,361.0527038574219,469.78363037109375,386.87249755859375,0.0108044864609837
tile_r020323_c008035,2,247.62301635742188,67.25688171386719,264.94927978515625,85.0896224975586,0.0084992675110697
tile_r020323_c008035,2,244.3969268798828,66.65943908691406,263.4255676269531,85.5128173828125,0.0081411721184849
tile_r020323_c008035,2,389.6822814941406,327.6716003417969,424.2469177246094,362.4666442871094,0.0064743943512439
tile_r020323_c008035,2,263.5859375,491.6244201660156,314.24334716796875,513.0343017578125,0.0055709918960928
tile_r020323_c008035,2,242.2113800048828,322.7273254394531,312.93780517578125,389.1339111328125,0.0053685335442423
tile_r020323_c008035,2,342.8028259277344,42.07989501953125,359.5874938964844,59.19595336914063,0.0051704873330891
tile_r020323_c008035,2,0.4377456605434418,299.49237060546875,20.37431907653809,326.90484619140625,0.0051362160593271
tile_r020323_c008035,2,456.9661254882813,407.4490661621094,476.1257934570313,424.82080078125,0.0050965920090675
tile_r020323_c008035,2,157.8101806640625,340.42633056640625,198.8317108154297,377.24365234375,0.004945978987962
tile_r020323_c008035,2,448.7533264160156,359.0398864746094,473.18548583984375,385.55078125,0.004659756552428
tile_r020323_c008035,2,304.87603759765625,474.9842834472656,339.77374267578125,507.35791015625,0.004303082358092
tile_r020323_c008035,2,256.9346618652344,494.4596252441406,309.1504211425781,514.2612915039062,0.004246306605637
tile_r020323_c008035,2,317.7779846191406,185.67852783203125,367.5192260742188,229.4244384765625,0.0040683504194021
tile_r020323_c008035,2,390.32708740234375,302.68243408203125,412.38873291015625,324.005615234375,0.0033785996492952
tile_r020323_c008035,2,391.93896484375,304.7678527832031,411.181640625,324.40313720703125,0.0032297831494361
tile_r020323_c008035,2,241.2198486328125,64.16065979003906,266.06121826171875,86.2206039428711,0.0030639441683888
tile_r020323_c008035,2,242.8735809326172,66.55455017089844,264.5389099121094,85.62385559082031,0.0028347729239612
tile_r020323_c008035,2,457.6615295410156,407.5299377441406,479.0875549316406,426.31390380859375,0.0027862645220011
tile_r020323_c008035,2,266.41485595703125,473.8616333007813,333.7146911621094,515.5250244140625,0.0024735371116548
tile_r020323_c008035,2,409.06549072265625,466.2877502441406,431.8965759277344,485.5081176757813,0.0023976990487426
tile_r020323_c008035,2,-0.5663162469863892,304.80621337890625,12.391268730163574,326.72772216796875,0.0022380084265023
tile_r020323_c008035,2,172.4854278564453,299.0668334960937,200.2212371826172,324.51080322265625,0.0017038469668477
tile_r020323_c008035,2,177.43861389160156,323.4711303710937,212.1130828857422,350.3116455078125,0.0016989245777949
tile_r020323_c008035,2,444.6770629882813,358.5909118652344,471.7567443847656,387.6158447265625,0.0016940677305683
tile_r020323_c008035,2,393.3673706054688,321.25494384765625,425.3465270996094,359.86529541015625,0.001619974267669
tile_r020323_c008035,2,268.904296875,462.2337951660156,345.8541259765625,516.6840209960938,0.0015637446194887
tile_r020323_c008035,2,350.92950439453125,478.65814208984375,386.7599792480469,509.1882934570313,0.0014901586109772
tile_r020323_c008035,2,89.9914321899414,289.93194580078125,126.2137451171875,322.97808837890625,0.0014734503347426
tile_r020323_c008035,2,199.29373168945312,195.4470672607422,246.9769744873047,242.772216796875,0.0012871994404122
tile_r020323_c008035,2,295.0513000488281,476.3240356445313,331.8448486328125,500.8023071289063,0.0012834826484322
tile_r020323_c008035,2,203.1900329589844,444.7210998535156,224.73464965820312,465.950927734375,0.0012458907440304
tile_r020323_c008035,2,302.5186767578125,483.59765625,339.3558959960937,511.4176635742188,0.00110864196904
tile_r020323_c008035,2,37.9154052734375,469.252197265625,79.36038970947266,505.68658447265625,0.0010958528146147
tile_r020323_c008035,2,43.0644645690918,85.86434173583984,79.72464752197266,117.8202896118164,0.0010713704396039
