tile,fold,src_id,px_x0,px_y0,px_x1,px_y1,map_x0,map_y0,map_x1,map_y1,width_cm,height_cm
tile_r016227_c004195,0,149,490.68,425.72,512.00,458.62,480928.6213,4044491.7759,480928.6640,4044491.8417,4.26,6.58
tile_r016227_c004195,0,150,320.02,385.37,357.21,425.30,480928.2800,4044491.8425,480928.3544,4044491.9224,7.44,7.99
tile_r016227_c004195,0,148,450.99,367.51,512.00,432.60,480928.5420,4044491.8279,480928.6640,4044491.9581,12.20,13.02
tile_r016227_c004195,0,160,2.31,321.87,38.69,360.90,480927.6446,4044491.9713,480927.7174,4044492.0494,7.28,7.81
tile_r016227_c004195,0,158,444.84,294.09,487.65,344.36,480928.5297,4044492.0044,480928.6153,4044492.1049,8.56,10.05
tile_r016227_c004195,0,168,403.16,188.25,439.02,228.47,480928.4463,4044492.2362,480928.5180,4044492.3166,7.17,8.04
tile_r016227_c004195,0,159,59.86,189.58,124.02,223.97,480927.7597,4044492.2452,480927.8880,4044492.3140,12.83,6.88
tile_r016227_c004195,0,162,27.45,114.59,96.24,177.91,480927.6949,4044492.3373,480927.8325,4044492.4639,13.76,12.66
tile_r016227_c004195,0,166,360.83,98.09,426.98,158.69,480928.3616,4044492.3757,480928.4939,4044492.4969,13.23,12.12
tile_r016227_c004195,0,163,84.33,42.07,135.67,89.90,480927.8087,4044492.5133,480927.9113,4044492.6090,10.27,9.57
tile_r016227_c004195,0,167,294.68,26.19,342.19,72.54,480928.2294,4044492.5480,480928.3244,4044492.6407,9.50,9.27
tile_r016739_c004451,0,133,455.61,476.63,507.38,512.00,480929.0632,4044490.6451,480929.1667,4044490.7159,10.35,7.07
tile_r016739_c004451,0,135,327.28,438.92,372.59,484.23,480928.8065,4044490.7007,480928.8972,4044490.7913,9.06,9.06
tile_r016739_c004451,0,137,472.15,382.70,512.00,422.64,480929.0963,4044490.8238,480929.1760,4044490.9037,7.97,7.99
tile_r016739_c004451,0,138,318.68,362.19,352.69,399.00,480928.7893,4044490.8711,480928.8574,4044490.9447,6.80,7.36
tile_r016739_c004451,0,136,395.42,344.48,437.75,389.17,480928.9428,4044490.8908,480929.0275,4044490.9802,8.47,8.94
tile_r016739_c004451,0,141,228.06,287.45,271.68,335.61,480928.6081,4044490.9979,480928.6953,4044491.0942,8.72,9.63
tile_r016739_c004451,0,139,369.62,281.49,416.10,335.30,480928.8912,4044490.9985,480928.9842,4044491.1061,9.30,10.76
tile_r016739_c004451,0,140,347.79,227.50,407.98,279.26,480928.8476,4044491.1106,480928.9679,4044491.2141,12.04,10.35
tile_r016739_c004451,0,142,148.02,201.45,188.80,255.66,480928.4480,4044491.1578,480928.5296,4044491.2662,8.15,10.84
tile_r016739_c004451,0,143,277.67,138.61,327.09,192.18,480928.7073,4044491.2848,480928.8062,4044491.3919,9.88,10.71
tile_r016739_c004451,0,146,216.16,57.14,273.04,111.61,480928.5843,4044491.4459,480928.6981,4044491.5548,11.38,10.89
tile_r016739_c004451,0,147,277.01,2.35,322.41,45.35,480928.7060,4044491.5784,480928.7968,4044491.6644,9.08,8.60
tile_r016739_c012387,4,1189,432.03,484.56,486.53,512.00,480944.8877,4044490.6451,480944.9967,4044490.7000,10.90,5.49
tile_r016739_c012387,4,1106,0.00,429.56,74.94,512.00,480944.0237,4044490.6451,480944.1735,4044490.8100,14.99,16.49
tile_r016739_c012387,4,1105,151.67,459.12,189.38,489.13,480944.3270,4044490.6909,480944.4024,4044490.7509,7.54,6.00
tile_r016739_c012387,4,1191,391.97,355.39,442.87,410.40,480944.8076,4044490.8483,480944.9094,4044490.9583,10.18,11.00
tile_r016739_c012387,4,1192,343.29,363.85,370.81,398.78,480944.7102,4044490.8716,480944.7653,4044490.9414,5.50,6.99
tile_r016739_c012387,4,1108,72.30,318.35,126.27,361.93,480944.1682,4044490.9453,480944.2762,4044491.0324,10.79,8.72
tile_r016739_c012387,4,1196,275.06,282.36,331.65,337.66,480944.5738,4044490.9938,480944.6869,4044491.1044,11.32,11.06
tile_r016739_c012387,4,1195,487.23,244.26,512.00,288.80,480944.9981,4044491.0915,480945.0476,4044491.1806,4.95,8.91
tile_r016739_c012387,4,1193,344.33,205.10,382.47,251.67,480944.7123,4044491.1658,480944.7886,4044491.2589,7.63,9.31
tile_r016739_c012387,4,1194,460.77,184.99,503.73,227.20,480944.9452,4044491.2147,480945.0311,4044491.2991,8.59,8.44
tile_r016739_c012387,4,1197,333.75,30.71,384.25,79.36,480944.6911,4044491.5104,480944.7921,4044491.6077,10.10,9.73
tile_r016739_c012387,4,1198,252.40,0.55,331.76,79.93,480944.5284,4044491.5093,480944.6872,4044491.6680,15.87,15.88
tile_r016739_c012643,4,1189,176.03,484.56,230.53,512.00,480944.8877,4044490.6451,480944.9967,4044490.7000,10.90,5.49
tile_r016739_c012643,4,1191,135.97,355.39,186.87,410.40,480944.8076,4044490.8483,480944.9094,4044490.9583,10.18,11.00
tile_r016739_c012643,4,1192,87.29,363.85,114.81,398.78,480944.7102,4044490.8716,480944.7653,4044490.9414,5.50,6.99
tile_r016739_c012643,4,1190,257.73,324.70,306.33,361.74,480945.0511,4044490.9456,480945.1483,4044491.0197,9.72,7.41
tile_r016739_c012643,4,1196,19.06,282.36,75.65,337.66,480944.5738,4044490.9938,480944.6869,4044491.1044,11.32,11.06
tile_r016739_c012643,4,1195,231.23,244.26,273.35,288.80,480944.9981,4044491.0915,480945.0823,4044491.1806,8.42,8.91
tile_r016739_c012643,4,1193,88.33,205.10,126.47,251.67,480944.7123,4044491.1658,480944.7886,4044491.2589,7.63,9.31
tile_r016739_c012643,4,1194,204.77,184.99,247.73,227.20,480944.9452,4044491.2147,480945.0311,4044491.2991,8.59,8.44
tile_r016739_c012643,4,1197,77.75,30.71,128.25,79.36,480944.6911,4044491.5104,480944.7921,4044491.6077,10.10,9.73
tile_r016739_c012643,4,1198,0.00,0.55,75.76,79.93,480944.5356,4044491.5093,480944.6872,4044491.6680,15.15,15.88
tile_r016995_c012387,4,1101,0.00,453.45,42.53,493.45,480944.0237,4044490.1702,480944.1087,4044490.2502,8.51,8.00
tile_r016995_c012387,4,1102,110.00,431.45,160.46,486.20,480944.2436,4044490.1847,480944.3446,4044490.2942,10.09,10.95
tile_r016995_c012387,4,1103,233.69,391.10,272.82,431.00,480944.4910,4044490.2951,480944.5693,4044490.3749,7.83,7.98
tile_r016995_c012387,4,1185,473.83,345.22,512.00,382.59,480944.9713,4044490.3920,480945.0476,4044490.4667,7.63,7.47
tile_r016995_c012387,4,1104,147.04,284.00,207.24,346.72,480944.3177,4044490.4637,480944.4381,4044490.5891,12.04,12.54
tile_r016995_c012387,4,1189,432.03,228.56,486.53,279.89,480944.8877,4044490.5974,480944.9967,4044490.7000,10.90,10.26
tile_r016995_c012387,4,1106,0.00,173.56,74.94,269.97,480944.0237,4044490.6172,480944.1735,4044490.8100,14.99,19.28
tile_r016995_c012387,4,1105,151.67,203.12,189.38,233.13,480944.3270,4044490.6909,480944.4024,4044490.7509,7.54,6.00
tile_r016995_c012387,4,1191,391.97,99.39,442.87,154.40,480944.8076,4044490.8483,480944.9094,4044490.9583,10.18,11.00
tile_r016995_c012387,4,1192,343.29,107.85,370.81,142.78,480944.7102,4044490.8716,480944.7653,4044490.9414,5.50,6.99
tile_r016995_c012387,4,1108,72.30,62.35,126.27,105.93,480944.1682,4044490.9453,480944.2762,4044491.0324,10.79,8.72
tile_r016995_c012387,4,1196,275.06,26.36,331.65,81.66,480944.5738,4044490.9938,480944.6869,4044491.1044,11.32,11.06
tile_r016995_c012643,4,1184,365.91,400.02,412.65,449.23,480945.2674,4044490.2587,480945.3609,4044490.3571,9.35,9.84
tile_r016995_c012643,4,1185,217.83,345.22,260.69,382.59,480944.9713,4044490.3920,480945.0570,4044490.4667,8.57,7.47
tile_r016995_c012643,4,1188,328.95,330.96,355.08,356.80,480945.1935,4044490.4435,480945.2458,4044490.4952,5.23,5.17
tile_r016995_c012643,4,1187,418.65,300.80,459.63,340.16,480945.3729,4044490.4768,480945.4549,4044490.5555,8.20,7.87
tile_r016995_c012643,4,1186,310.30,264.28,351.97,299.79,480945.1562,4044490.5576,480945.2396,4044490.6286,8.33,7.10
tile_r016995_c012643,4,1189,176.03,228.56,230.53,279.89,480944.8877,4044490.5974,480944.9967,4044490.7000,10.90,10.26
tile_r016995_c012643,4,1191,135.97,99.39,186.87,154.40,480944.8076,4044490.8483,480944.9094,4044490.9583,10.18,11.00
tile_r016995_c012643,4,1192,87.29,107.85,114.81,142.78,480944.7102,4044490.8716,480944.7653,4044490.9414,5.50,6.99
tile_r016995_c012643,4,1190,257.73,68.70,306.33,105.74,480945.0511,4044490.9456,480945.1483,4044491.0197,9.72,7.41
tile_r016995_c012643,4,1196,19.06,26.36,75.65,81.66,480944.5738,4044490.9938,480944.6869,4044491.1044,11.32,11.06
tile_r016995_c012643,4,1195,231.23,0.00,273.35,32.80,480944.9981,4044491.0915,480945.0823,4044491.1571,8.42,6.56
tile_r017251_c004707,0,115,337.20,485.86,366.93,512.00,480929.3384,4044489.6211,480929.3978,4044489.6734,5.95,5.23
tile_r017251_c004707,0,118,471.48,439.56,512.00,476.21,480929.6069,4044489.6927,480929.6880,4044489.7660,8.10,7.33
tile_r017251_c004707,0,122,240.62,426.99,269.69,457.82,480929.1452,4044489.7295,480929.2034,4044489.7912,5.81,6.16
tile_r017251_c004707,0,119,403.34,393.57,445.02,425.36,480929.4707,4044489.7944,480929.5540,4044489.8580,8.33,6.36
tile_r017251_c004707,0,120,432.45,335.05,475.32,376.77,480929.5289,4044489.8916,480929.6146,4044489.9750,8.57,8.34
tile_r017251_c004707,0,121,258.48,329.10,307.62,366.92,480929.1809,4044489.9113,480929.2792,4044489.9869,9.83,7.56
tile_r017251_c004707,0,123,301.48,265.59,370.27,330.47,480929.2669,4044489.9842,480929.4045,4044490.1139,13.76,12.98
tile_r017251_c004707,0,124,425.17,231.20,478.25,281.88,480929.5143,4044490.0814,480929.6205,4044490.1827,10.62,10.14
tile_r017251_c004707,0,126,213.50,237.81,247.68,264.47,480929.0910,4044490.1162,480929.1593,4044490.1695,6.84,5.33
tile_r017251_c004707,0,125,333.89,200.77,382.14,227.52,480929.3317,4044490.1901,480929.4283,4044490.2436,9.65,5.35
tile_r017251_c004707,0,127,118.91,194.16,160.83,232.75,480928.9018,4044490.1796,480928.9856,4044490.2568,8.38,7.72
tile_r017251_c004707,0,128,174.47,157.77,210.56,195.55,480929.0129,4044490.2540,480929.0851,4044490.3296,7.22,7.56
tile_r017251_c004707,0,129,282.29,127.35,333.72,183.07,480929.2286,4044490.2790,480929.3314,4044490.3904,10.29,11.14
tile_r017251_c004707,0,130,326.61,122.16,367.62,164.94,480929.3172,4044490.3152,480929.3992,4044490.4008,8.20,8.56
tile_r017251_c004707,0,131,385.48,104.20,436.77,147.86,480929.4349,4044490.3494,480929.5375,4044490.4367,10.26,8.73
tile_r017251_c004707,0,132,202.26,49.96,252.07,101.81,480929.0685,4044490.4415,480929.1681,4044490.5452,9.96,10.37
tile_r017251_c004707,0,134,118.91,15.56,154.11,55.41,480928.9018,4044490.5343,480928.9722,4044490.6140,7.04,7.97
tile_r017251_c011107,3,886,82.76,471.79,119.63,499.53,480941.6292,4044489.6461,480941.7030,4044489.7016,7.37,5.55
tile_r017251_c011107,3,885,204.47,473.12,228.94,497.59,480941.8726,4044489.6500,480941.9216,4044489.6989,4.89,4.89
tile_r017251_c011107,3,959,468.37,450.99,507.47,481.69,480942.4004,4044489.6818,480942.4786,4044489.7432,7.82,6.14
tile_r017251_c011107,3,888,72.89,390.79,121.18,441.56,480941.6095,4044489.7620,480941.7061,4044489.8636,9.66,10.15
tile_r017251_c011107,3,960,339.12,305.56,398.43,347.96,480942.1419,4044489.9492,480942.2606,4044490.0340,11.86,8.48
tile_r017251_c011107,3,891,75.54,272.12,111.26,310.20,480941.6148,4044490.0247,480941.6862,4044490.1009,7.14,7.62
tile_r017251_c011107,3,961,328.18,246.67,363.11,280.30,480942.1201,4044490.0845,480942.1899,4044490.1518,6.99,6.72
tile_r017251_c011107,3,962,415.89,218.83,461.93,268.06,480942.2955,4044490.1090,480942.3876,4044490.2075,9.21,9.85
tile_r017251_c011107,3,966,467.89,346.78,512.00,400.06,480942.3995,4044489.8450,480942.4877,4044489.9516,8.82,10.66
tile_r017251_c011107,3,963,463.97,150.37,512.00,198.40,480942.3916,4044490.2483,480942.4877,4044490.3444,9.61,9.60
tile_r017251_c011107,3,899,80.17,107.75,113.90,141.85,480941.6240,4044490.3614,480941.6915,4044490.4296,6.75,6.82
tile_r017251_c011107,3,967,367.55,87.04,410.02,130.76,480942.1988,4044490.3836,480942.2837,4044490.4710,8.49,8.74
tile_r017251_c011107,3,969,281.83,59.89,333.54,111.11,480942.0274,4044490.4229,480942.1308,4044490.5254,10.34,10.24
tile_r017251_c011107,3,971,444.95,28.59,489.79,85.63,480942.3536,4044490.4739,480942.4433,4044490.5880,8.97,11.41
tile_r017251_c011107,3,968,370.33,22.98,396.08,50.07,480942.2044,4044490.5450,480942.2559,4044490.5992,5.15,5.42
tile_r017251_c011107,3,970,202.04,6.31,240.95,30.63,480941.8678,4044490.5839,480941.9456,4044490.6325,7.78,4.86
tile_r017251_c011363,3,959,212.37,450.99,251.47,481.69,480942.4004,4044489.6818,480942.4786,4044489.7432,7.82,6.14
tile_r017251_c011363,3,958,281.34,457.87,319.80,484.75,480942.5384,4044489.6757,480942.6153,4044489.7294,7.69,5.38
tile_r017251_c011363,3,960,83.12,305.56,142.43,347.96,480942.1419,4044489.9492,480942.2606,4044490.0340,11.86,8.48
tile_r017251_c011363,3,961,72.18,246.67,107.11,280.30,480942.1201,4044490.0845,480942.1899,4044490.1518,6.99,6.72
tile_r017251_c011363,3,962,159.89,218.83,205.93,268.06,480942.2955,4044490.1090,480942.3876,4044490.2075,9.21,9.85
tile_r017251_c011363,3,966,211.89,346.78,263.88,400.06,480942.3995,4044489.8450,480942.5034,4044489.9516,10.40,10.66
tile_r017251_c011363,3,965,255.54,322.22,288.24,351.72,480942.4868,4044489.9417,480942.5522,4044490.0007,6.54,5.90
tile_r017251_c011363,3,964,302.38,296.43,335.56,333.19,480942.5804,4044489.9788,480942.6468,4044490.0523,6.64,7.35
tile_r017251_c011363,3,963,207.97,150.37,261.45,198.40,480942.3916,4044490.2483,480942.4986,4044490.3444,10.70,9.60
tile_r017251_c011363,3,967,111.55,87.04,154.02,130.76,480942.1988,4044490.3836,480942.2837,4044490.4710,8.49,8.74
tile_r017251_c011363,3,969,25.83,59.89,77.54,111.11,480942.0274,4044490.4229,480942.1308,4044490.5254,10.34,10.24
tile_r017251_c011363,3,971,188.95,28.59,233.79,85.63,480942.3536,4044490.4739,480942.4433,4044490.5880,8.97,11.41
tile_r017251_c011363,3,968,114.33,22.98,140.08,50.07,480942.2044,4044490.5450,480942.2559,4044490.5992,5.15,5.42
tile_r017251_c011619,3,1028,403.14,473.53,451.43,512.00,480943.2939,4044489.6211,480943.3905,4044489.6981,9.66,7.69
tile_r017251_c011619,3,958,25.34,457.87,63.80,484.75,480942.5384,4044489.6757,480942.6153,4044489.7294,7.69,5.38
tile_r017251_c011619,3,1032,417.09,347.98,446.07,376.83,480943.3219,4044489.8915,480943.3798,4044489.9492,5.79,5.77
tile_r017251_c011619,3,965,0.00,322.22,32.24,351.72,480942.4877,4044489.9417,480942.5522,4044490.0007,6.45,5.90
tile_r017251_c011619,3,964,46.38,296.43,79.56,333.19,480942.5804,4044489.9788,480942.6468,4044490.0523,6.64,7.35
tile_r017251_c011619,3,1031,427.81,290.57,452.46,315.32,480943.3433,4044490.0145,480943.3926,4044490.0640,4.93,4.95
tile_r017251_c011619,3,1030,329.38,276.28,371.85,316.58,480943.1464,4044490.0120,480943.2314,4044490.0926,8.49,8.06
tile_r017251_c011619,3,1033,432.18,198.00,484.57,237.48,480943.3520,4044490.1702,480943.4568,4044490.2491,10.48,7.90
tile_r017251_c011619,3,1034,347.24,163.57,380.18,200.48,480943.1822,4044490.2442,480943.2480,4044490.3180,6.59,7.38
tile_r017251_c011619,3,1035,298.43,156.75,324.22,181.50,480943.0845,4044490.2821,480943.1361,4044490.3316,5.16,4.95
tile_r017251_c011619,3,1036,255.50,81.81,288.96,105.62,480942.9987,4044490.4339,480943.0656,4044490.4815,6.69,4.76
tile_r017251_c011619,3,1037,369.07,56.41,407.11,88.59,480943.2258,4044490.4679,480943.3019,4044490.5323,7.61,6.44
tile_r017251_c012387,4,1098,183.14,458.18,242.40,507.13,480944.3899,4044489.6309,480944.5084,4044489.7288,11.85,9.79
tile_r017251_c012387,4,1099,211.45,349.77,271.64,393.95,480944.4465,4044489.8572,480944.5669,4044489.9456,12.04,8.84
tile_r017251_c012387,4,1100,109.58,308.66,167.79,349.73,480944.2428,4044489.9457,480944.3592,4044490.0278,11.64,8.21
tile_r017251_c012387,4,1101,0.00,197.45,42.53,237.45,480944.0237,4044490.1702,480944.1087,4044490.2502,8.51,8.00
tile_r017251_c012387,4,1102,110.00,175.45,160.46,230.20,480944.2436,4044490.1847,480944.3446,4044490.2942,10.09,10.95
tile_r017251_c012387,4,1103,233.69,135.10,272.82,175.00,480944.4910,4044490.2951,480944.5693,4044490.3749,7.83,7.98
tile_r017251_c012387,4,1185,473.83,89.22,512.00,126.59,480944.9713,4044490.3920,480945.0476,4044490.4667,7.63,7.47
tile_r017251_c012387,4,1104,147.04,28.00,207.24,90.72,480944.3177,4044490.4637,480944.4381,4044490.5891,12.04,12.54
tile_r017251_c012643,4,1180,376.82,353.00,423.44,392.56,480945.2893,4044489.8600,480945.3825,4044489.9391,9.32,7.91
tile_r017251_c012643,4,1175,435.37,486.61,497.52,512.00,480945.4064,4044489.6211,480945.5307,4044489.6719,12.43,5.08
tile_r017251_c012643,4,1179,472.07,334.48,512.00,382.60,480945.4798,4044489.8799,480945.5596,4044489.9762,7.99,9.63
tile_r017251_c012643,4,1181,332.13,254.35,363.89,286.35,480945.1999,4044490.0724,480945.2634,4044490.1364,6.35,6.40
tile_r017251_c012643,4,1182,390.87,251.17,429.27,289.06,480945.3174,4044490.0670,480945.3942,4044490.1428,7.68,7.58
tile_r017251_c012643,4,1184,365.91,144.02,412.65,193.23,480945.2674,4044490.2587,480945.3609,4044490.3571,9.35,9.84
tile_r017251_c012643,4,1185,217.83,89.22,260.69,126.59,480944.9713,4044490.3920,480945.0570,4044490.4667,8.57,7.47
tile_r017251_c012643,4,1188,328.95,74.96,355.08,100.80,480945.1935,4044490.4435,480945.2458,4044490.4952,5.23,5.17
tile_r017251_c012643,4,1187,418.65,44.80,459.63,84.16,480945.3729,4044490.4768,480945.4549,4044490.5555,8.20,7.87
tile_r017251_c012643,4,1186,310.30,8.28,351.97,43.79,480945.1562,4044490.5576,480945.2396,4044490.6286,8.33,7.10
tile_r017507_c011107,3,878,143.61,474.43,184.08,509.22,480941.7509,4044489.1147,480941.8319,4044489.1843,8.09,6.96
tile_r017507_c011107,3,879,165.44,420.65,205.79,469.34,480941.7946,4044489.1945,480941.8753,4044489.2918,8.07,9.74
tile_r017507_c011107,3,882,0.00,416.88,68.00,451.01,480941.4637,4044489.2311,480941.5997,4044489.2994,13.60,6.83
tile_r017507_c011107,3,948,479.61,440.17,512.00,475.13,480942.4229,4044489.1829,480942.4877,4044489.2528,6.48,6.99
tile_r017507_c011107,3,880,192.56,397.70,228.21,433.21,480941.8488,4044489.2667,480941.9201,4044489.3378,7.13,7.10
tile_r017507_c011107,3,881,83.42,336.84,128.36,377.14,480941.6305,4044489.3789,480941.7204,4044489.4595,8.99,8.06
tile_r017507_c011107,3,955,458.32,335.22,498.26,373.50,480942.3803,4044489.3861,480942.4602,4044489.4627,7.99,7.66
tile_r017507_c011107,3,883,35.90,309.06,85.30,342.13,480941.5355,4044489.4489,480941.6343,4044489.5150,9.88,6.61
tile_r017507_c011107,3,884,114.51,270.03,148.87,318.17,480941.6927,4044489.4968,480941.7614,4044489.5931,6.87,9.63
tile_r017507_c011107,3,886,82.76,215.79,119.63,243.53,480941.6292,4044489.6461,480941.7030,4044489.7016,7.37,5.55
tile_r017507_c011107,3,885,204.47,217.12,228.94,241.59,480941.8726,4044489.6500,480941.9216,4044489.6989,4.89,4.89
tile_r017507_c011107,3,959,468.37,194.99,507.47,225.69,480942.4004,4044489.6818,480942.4786,4044489.7432,7.82,6.14
tile_r017507_c011107,3,888,72.89,134.79,121.18,185.56,480941.6095,4044489.7620,480941.7061,4044489.8636,9.66,10.15
tile_r017507_c011107,3,960,339.12,49.56,398.43,91.96,480942.1419,4044489.9492,480942.2606,4044490.0340,11.86,8.48
tile_r017507_c011107,3,891,75.54,16.12,111.26,54.20,480941.6148,4044490.0247,480941.6862,4044490.1009,7.14,7.62
tile_r017507_c011107,3,961,328.18,0.00,363.11,24.30,480942.1201,4044490.0845,480942.1899,4044490.1331,6.99,4.86
tile_r017507_c011107,3,966,467.89,90.78,512.00,144.06,480942.3995,4044489.8450,480942.4877,4044489.9516,8.82,10.66
tile_r017507_c011363,3,949,336.85,487.81,387.47,512.00,480942.6494,4044489.1092,480942.7506,4044489.1575,10.12,4.84
tile_r017507_c011363,3,948,223.61,440.17,279.70,475.13,480942.4229,4044489.1829,480942.5351,4044489.2528,11.22,6.99
tile_r017507_c011363,3,952,404.59,419.02,450.84,464.13,480942.7849,4044489.2049,480942.8774,4044489.2951,9.25,9.02
tile_r017507_c011363,3,955,202.32,335.22,242.26,373.50,480942.3803,4044489.3861,480942.4602,4044489.4627,7.99,7.66
tile_r017507_c011363,3,959,212.37,194.99,251.47,225.69,480942.4004,4044489.6818,480942.4786,4044489.7432,7.82,6.14
tile_r017507_c011363,3,954,446.62,349.51,501.48,402.96,480942.8689,4044489.3272,480942.9786,4044489.4341,10.97,10.69
tile_r017507_c011363,3,956,236.71,345.81,289.55,399.95,480942.4491,4044489.3333,480942.5548,4044489.4415,10.57,10.83
tile_r017507_c011363,3,953,366.29,296.64,406.26,338.45,480942.7083,4044489.4562,480942.7882,4044489.5399,7.99,8.36
tile_r017507_c011363,3,957,312.92,233.09,348.15,280.17,480942.6015,4044489.5728,480942.6720,4044489.6670,7.05,9.42
tile_r017507_c011363,3,958,281.34,201.87,319.80,228.75,480942.5384,4044489.6757,480942.6153,4044489.7294,7.69,5.38
tile_r017507_c011363,3,960,83.12,49.56,142.43,91.96,480942.1419,4044489.9492,480942.2606,4044490.0340,11.86,8.48
tile_r017507_c011363,3,961,72.18,0.00,107.11,24.30,480942.1201,4044490.0845,480942.1899,4044490.1331,6.99,4.86
tile_r017507_c011363,3,966,211.89,90.78,263.88,144.06,480942.3995,4044489.8450,480942.5034,4044489.9516,10.40,10.66
tile_r017507_c011363,3,965,255.54,66.22,288.24,95.72,480942.4868,4044489.9417,480942.5522,4044490.0007,6.54,5.90
tile_r017507_c011363,3,964,302.38,40.43,335.56,77.19,480942.5804,4044489.9788,480942.6468,4044490.0523,6.64,7.35
tile_r017507_c011619,3,949,80.85,487.81,131.47,512.00,480942.6494,4044489.1092,480942.7506,4044489.1575,10.12,4.84
tile_r017507_c011619,3,952,148.59,419.02,194.84,464.13,480942.7849,4044489.2049,480942.8774,4044489.2951,9.25,9.02
tile_r017507_c011619,3,1026,446.80,366.96,486.53,407.74,480943.3813,4044489.3177,480943.4607,4044489.3992,7.95,8.16
tile_r017507_c011619,3,954,190.62,349.51,245.48,402.96,480942.8689,4044489.3272,480942.9786,4044489.4341,10.97,10.69
tile_r017507_c011619,3,956,0.00,345.81,33.55,399.95,480942.4877,4044489.3333,480942.5548,4044489.4415,6.71,10.83
tile_r017507_c011619,3,1027,393.88,309.41,428.27,345.13,480943.2754,4044489.4429,480943.3442,4044489.5143,6.88,7.14
tile_r017507_c011619,3,953,110.29,296.64,150.26,338.45,480942.7083,4044489.4562,480942.7882,4044489.5399,7.99,8.36
tile_r017507_c011619,3,957,56.92,233.09,92.15,280.17,480942.6015,4044489.5728,480942.6720,4044489.6670,7.05,9.42
tile_r017507_c011619,3,1028,403.14,217.53,451.43,265.69,480943.2939,4044489.6018,480943.3905,4044489.6981,9.66,9.63
tile_r017507_c011619,3,958,25.34,201.87,63.80,228.75,480942.5384,4044489.6757,480942.6153,4044489.7294,7.69,5.38
tile_r017507_c011619,3,1032,417.09,91.98,446.07,120.83,480943.3219,4044489.8915,480943.3798,4044489.9492,5.79,5.77
tile_r017507_c011619,3,965,0.00,66.22,32.24,95.72,480942.4877,4044489.9417,480942.5522,4044490.0007,6.45,5.90
tile_r017507_c011619,3,964,46.38,40.43,79.56,77.19,480942.5804,4044489.9788,480942.6468,4044490.0523,6.64,7.35
tile_r017507_c011619,3,1031,427.81,34.57,452.46,59.32,480943.3433,4044490.0145,480943.3926,4044490.0640,4.93,4.95
tile_r017507_c011619,3,1030,329.38,20.28,371.85,60.58,480943.1464,4044490.0120,480943.2314,4044490.0926,8.49,8.06
tile_r017507_c012387,4,1092,265.46,466.77,323.24,512.00,480944.5546,4044489.1092,480944.6701,4044489.1996,11.55,9.05
tile_r017507_c012387,4,1093,188.77,466.11,241.21,512.00,480944.4012,4044489.1092,480944.5061,4044489.2009,10.49,9.18
tile_r017507_c012387,4,1094,403.27,395.56,464.79,458.60,480944.8302,4044489.2159,480944.9532,4044489.3420,12.30,12.61
tile_r017507_c012387,4,1095,376.82,303.39,423.99,346.30,480944.7773,4044489.4405,480944.8716,4044489.5264,9.44,8.58
tile_r017507_c012387,4,1096,293.47,286.76,349.70,332.58,480944.6106,4044489.4680,480944.7230,4044489.5596,11.24,9.16
tile_r017507_c012387,4,1097,180.36,285.53,225.41,318.21,480944.3844,4044489.4967,480944.4745,4044489.5621,9.01,6.54
tile_r017507_c012387,4,1098,183.14,202.18,242.40,251.13,480944.3899,4044489.6309,480944.5084,4044489.7288,11.85,9.79
tile_r017507_c012387,4,1099,211.45,93.77,271.64,137.95,480944.4465,4044489.8572,480944.5669,4044489.9456,12.04,8.84
tile_r017507_c012387,4,1100,109.58,52.66,167.79,93.73,480944.2428,4044489.9457,480944.3592,4044490.0278,11.64,8.21
tile_r017507_c012643,4,1172,480.69,439.37,512.00,476.82,480945.4970,4044489.1795,480945.5596,4044489.2544,6.26,7.49
tile_r017507_c012643,4,1092,9.46,466.77,67.24,512.00,480944.5546,4044489.1092,480944.6701,4044489.1996,11.55,9.05
tile_r017507_c012643,4,1091,235.48,463.91,287.74,512.00,480945.0066,4044489.1092,480945.1111,4044489.2053,10.45,9.62
tile_r017507_c012643,4,1094,147.27,395.56,208.79,458.60,480944.8302,4044489.2159,480944.9532,4044489.3420,12.30,12.61
tile_r017507_c012643,4,1095,120.82,303.39,167.99,346.30,480944.7773,4044489.4405,480944.8716,4044489.5264,9.44,8.58
tile_r017507_c012643,4,1096,37.47,286.76,93.70,332.58,480944.6106,4044489.4680,480944.7230,4044489.5596,11.24,9.16
tile_r017507_c012643,4,1180,376.82,97.00,423.44,136.56,480945.2893,4044489.8600,480945.3825,4044489.9391,9.32,7.91
tile_r017507_c012643,4,1173,422.48,370.45,457.54,394.92,480945.3806,4044489.3433,480945.4507,4044489.3923,7.01,4.89
tile_r017507_c012643,4,1174,417.17,303.38,459.00,354.63,480945.3700,4044489.4239,480945.4536,4044489.5264,8.37,10.25
tile_r017507_c012643,4,1175,435.37,230.61,497.52,274.27,480945.4064,4044489.5846,480945.5307,4044489.6719,12.43,8.73
tile_r017507_c012643,4,1179,472.07,78.48,512.00,126.60,480945.4798,4044489.8799,480945.5596,4044489.9762,7.99,9.63
tile_r017507_c012643,4,1181,332.13,0.00,363.89,30.35,480945.1999,4044490.0724,480945.2634,4044490.1331,6.35,6.07
tile_r017507_c012643,4,1182,390.87,0.00,429.27,33.06,480945.3174,4044490.0670,480945.3942,4044490.1331,7.68,6.61
tile_r017507_c012899,4,1167,352.78,467.86,405.17,506.20,480945.7532,4044489.1208,480945.8580,4044489.1974,10.48,7.67
tile_r017507_c012899,4,1169,450.91,466.36,480.75,497.51,480945.9494,4044489.1381,480946.0091,4044489.2004,5.97,6.23
tile_r017507_c012899,4,1172,224.69,439.37,270.33,476.82,480945.4970,4044489.1795,480945.5883,4044489.2544,9.13,7.49
tile_r017507_c012899,4,1091,0.00,463.91,31.74,512.00,480945.0476,4044489.1092,480945.1111,4044489.2053,6.35,9.62
tile_r017507_c012899,4,1180,120.82,97.00,167.44,136.56,480945.2893,4044489.8600,480945.3825,4044489.9391,9.32,7.91
tile_r017507_c012899,4,1171,323.91,433.95,345.88,459.46,480945.6954,4044489.2142,480945.7394,4044489.2653,4.39,5.10
tile_r017507_c012899,4,1170,311.34,369.79,366.69,421.90,480945.6703,4044489.2893,480945.7810,4044489.3936,11.07,10.42
tile_r017507_c012899,4,1173,166.48,370.45,201.54,394.92,480945.3806,4044489.3433,480945.4507,4044489.3923,7.01,4.89
tile_r017507_c012899,4,1174,161.17,303.38,203.00,354.63,480945.3700,4044489.4239,480945.4536,4044489.5264,8.37,10.25
tile_r017507_c012899,4,1176,289.49,298.08,329.90,336.18,480945.6266,4044489.4608,480945.7074,4044489.5370,8.08,7.62
tile_r017507_c012899,4,1177,319.26,259.39,358.29,303.70,480945.6861,4044489.5257,480945.7642,4044489.6144,7.81,8.86
tile_r017507_c012899,4,1175,179.37,230.61,241.52,274.27,480945.4064,4044489.5846,480945.5307,4044489.6719,12.43,8.73
tile_r017507_c012899,4,1178,323.89,181.61,366.89,220.75,480945.6954,4044489.6916,480945.7814,4044489.7699,8.60,7.83
tile_r017507_c012899,4,1179,216.07,78.48,269.36,126.60,480945.4798,4044489.8799,480945.5863,4044489.9762,10.66,9.63
tile_r017507_c012899,4,1181,76.13,0.00,107.89,30.35,480945.1999,4044490.0724,480945.2634,4044490.1331,6.35,6.07
tile_r017507_c012899,4,1182,134.87,0.00,173.27,33.06,480945.3174,4044490.0670,480945.3942,4044490.1331,7.68,6.61
tile_r017763_c010083,3,778,281.52,488.74,327.01,512.00,480939.9788,4044488.5972,480940.0698,4044488.6437,9.10,4.65
tile_r017763_c010083,3,779,462.81,423.08,491.24,451.42,480940.3414,4044488.7183,480940.3982,4044488.7750,5.69,5.67
tile_r017763_c010083,3,780,387.40,407.21,427.29,447.55,480940.1905,4044488.7261,480940.2703,4044488.8067,7.98,8.07
tile_r017763_c010083,3,783,218.73,404.56,253.19,439.30,480939.8532,4044488.7425,480939.9221,4044488.8120,6.89,6.95
tile_r017763_c010083,3,782,284.21,366.19,327.66,410.57,480939.9842,4044488.8000,480940.0711,4044488.8888,8.69,8.87
tile_r017763_c010083,3,781,429.08,328.49,464.59,360.41,480940.2739,4044488.9003,480940.3449,4044488.9642,7.10,6.38
tile_r017763_c010083,3,784,176.39,292.77,210.67,325.15,480939.7685,4044488.9709,480939.8371,4044489.0356,6.85,6.48
tile_r017763_c010083,3,785,345.07,259.04,391.46,293.28,480940.1059,4044489.0346,480940.1986,4044489.1031,9.28,6.85
tile_r017763_c010083,3,786,334.49,197.52,367.46,224.12,480940.0847,4044489.1729,480940.1507,4044489.2261,6.60,5.32
tile_r017763_c010083,3,788,158.53,176.35,208.51,215.91,480939.7328,4044489.1893,480939.8328,4044489.2684,9.99,7.91
tile_r017763_c010083,3,787,269.66,113.06,319.93,157.62,480939.9551,4044489.3059,480940.0556,4044489.3950,10.05,8.91
tile_r017763_c010083,3,789,321.26,92.35,379.10,140.08,480940.0583,4044489.3410,480940.1739,4044489.4365,11.57,9.55
tile_r017763_c010083,3,792,118.85,56.63,160.45,91.94,480939.6534,4044489.4373,480939.7367,4044489.5079,8.32,7.06
tile_r017763_c010083,3,790,268.58,1.72,311.33,41.82,480939.9529,4044489.5375,480940.0384,4044489.6177,8.55,8.02
tile_r017763_c010083,3,791,149.93,2.39,184.21,30.81,480939.7156,4044489.5595,480939.7842,4044489.6164,6.86,5.68
tile_r017763_c010851,3,870,414.17,431.76,480.98,499.87,480941.7800,4044488.6214,480941.9136,4044488.7576,13.36,13.62
tile_r017763_c010851,3,875,344.71,413.56,371.52,437.77,480941.6411,4044488.7456,480941.6947,4044488.7940,5.36,4.84
tile_r017763_c010851,3,871,479.60,348.08,512.00,392.35,480941.9109,4044488.8365,480941.9757,4044488.9250,6.48,8.85
tile_r017763_c010851,3,877,385.06,330.22,430.70,357.34,480941.7218,4044488.9065,480941.8131,4044488.9607,9.13,5.42
tile_r017763_c010851,3,874,287.16,320.78,336.11,352.89,480941.5260,4044488.9154,480941.6239,4044488.9796,9.79,6.42
tile_r017763_c010851,3,876,365.19,316.99,394.98,348.11,480941.6821,4044488.9249,480941.7417,4044488.9872,5.96,6.22
tile_r017763_c010851,3,835,28.24,243.80,73.88,270.46,480941.0082,4044489.0802,480941.0995,4044489.1336,9.13,5.33
tile_r017763_c010851,3,878,399.61,218.43,440.08,253.22,480941.7509,4044489.1147,480941.8319,4044489.1843,8.09,6.96
tile_r017763_c010851,3,879,421.44,164.65,461.79,213.34,480941.7946,4044489.1945,480941.8753,4044489.2918,8.07,9.74
tile_r017763_c010851,3,882,245.49,160.88,324.00,195.01,480941.4427,4044489.2311,480941.5997,4044489.2994,15.70,6.83
tile_r017763_c010851,3,836,48.74,136.41,113.36,191.17,480941.0492,4044489.2388,480941.1784,4044489.3483,12.92,10.95
tile_r017763_c010851,3,880,448.56,141.70,484.21,177.21,480941.8488,4044489.2667,480941.9201,4044489.3378,7.13,7.10
tile_r017763_c010851,3,881,339.42,80.84,384.36,121.14,480941.6305,4044489.3789,480941.7204,4044489.4595,8.99,8.06
tile_r017763_c010851,3,883,291.90,53.06,341.30,86.13,480941.5355,4044489.4489,480941.6343,4044489.5150,9.88,6.61
tile_r017763_c010851,3,884,370.51,14.03,404.87,62.17,480941.6927,4044489.4968,480941.7614,4044489.5931,6.87,9.63
tile_r017763_c011107,3,870,158.17,431.76,224.98,499.87,480941.7800,4044488.6214,480941.9136,4044488.7576,13.36,13.62
tile_r017763_c011107,3,873,377.11,426.13,415.41,463.34,480942.2179,4044488.6945,480942.2945,4044488.7689,7.66,7.44
tile_r017763_c011107,3,875,88.71,413.56,115.52,437.77,480941.6411,4044488.7456,480941.6947,4044488.7940,5.36,4.84
tile_r017763_c011107,3,872,330.15,363.95,359.92,391.73,480942.1240,4044488.8377,480942.1835,4044488.8933,5.95,5.56
tile_r017763_c011107,3,871,223.60,348.08,264.66,392.35,480941.9109,4044488.8365,480941.9930,4044488.9250,8.21,8.85
tile_r017763_c011107,3,877,129.06,330.22,174.70,357.34,480941.7218,4044488.9065,480941.8131,4044488.9607,9.13,5.42
tile_r017763_c011107,3,874,31.16,320.78,80.11,352.89,480941.5260,4044488.9154,480941.6239,4044488.9796,9.79,6.42
tile_r017763_c011107,3,876,109.19,316.99,138.98,348.11,480941.6821,4044488.9249,480941.7417,4044488.9872,5.96,6.22
tile_r017763_c011107,3,878,143.61,218.43,184.08,253.22,480941.7509,4044489.1147,480941.8319,4044489.1843,8.09,6.96
tile_r017763_c011107,3,879,165.44,164.65,205.79,213.34,480941.7946,4044489.1945,480941.8753,4044489.2918,8.07,9.74
tile_r017763_c011107,3,882,0.00,160.88,68.00,195.01,480941.4637,4044489.2311,480941.5997,4044489.2994,13.60,6.83
tile_r017763_c011107,3,948,479.61,184.17,512.00,219.13,480942.4229,4044489.1829,480942.4877,4044489.2528,6.48,6.99
tile_r017763_c011107,3,880,192.56,141.70,228.21,177.21,480941.8488,4044489.2667,480941.9201,4044489.3378,7.13,7.10
tile_r017763_c011107,3,881,83.42,80.84,128.36,121.14,480941.6305,4044489.3789,480941.7204,4044489.4595,8.99,8.06
tile_r017763_c011107,3,955,458.32,79.22,498.26,117.50,480942.3803,4044489.3861,480942.4602,4044489.4627,7.99,7.66
tile_r017763_c011107,3,883,35.90,53.06,85.30,86.13,480941.5355,4044489.4489,480941.6343,4044489.5150,9.88,6.61
tile_r017763_c011107,3,884,114.51,14.03,148.87,62.17,480941.6927,4044489.4968,480941.7614,4044489.5931,6.87,9.63
tile_r017763_c011363,3,873,121.11,426.13,159.41,463.34,480942.2179,4044488.6945,480942.2945,4044488.7689,7.66,7.44
tile_r017763_c011363,3,947,451.67,408.49,489.52,447.10,480942.8790,4044488.7270,480942.9547,4044488.8042,7.57,7.72
tile_r017763_c011363,3,946,376.26,353.59,409.76,387.58,480942.7282,4044488.8460,480942.7952,4044488.9140,6.70,6.80
tile_r017763_c011363,3,872,74.15,363.95,103.92,391.73,480942.1240,4044488.8377,480942.1835,4044488.8933,5.95,5.56
tile_r017763_c011363,3,945,387.51,308.61,437.23,363.23,480942.7507,4044488.8947,480942.8501,4044489.0039,9.94,10.92
tile_r017763_c011363,3,951,295.57,302.72,316.21,320.71,480942.5668,4044488.9797,480942.6081,4044489.0157,4.13,3.60
tile_r017763_c011363,3,950,354.31,269.80,389.53,308.51,480942.6843,4044489.0041,480942.7547,4044489.0816,7.04,7.74
tile_r017763_c011363,3,949,336.85,231.81,387.47,275.03,480942.6494,4044489.0711,480942.7506,4044489.1575,10.12,8.64
tile_r017763_c011363,3,948,223.61,184.17,279.70,219.13,480942.4229,4044489.1829,480942.5351,4044489.2528,11.22,6.99
tile_r017763_c011363,3,952,404.59,163.02,450.84,208.13,480942.7849,4044489.2049,480942.8774,4044489.2951,9.25,9.02
tile_r017763_c011363,3,955,202.32,79.22,242.26,117.50,480942.3803,4044489.3861,480942.4602,4044489.4627,7.99,7.66
tile_r017763_c011363,3,954,446.62,93.51,501.48,146.96,480942.8689,4044489.3272,480942.9786,4044489.4341,10.97,10.69
tile_r017763_c011363,3,956,236.71,89.81,289.55,143.95,480942.4491,4044489.3333,480942.5548,4044489.4415,10.57,10.83
tile_r017763_c011363,3,953,366.29,40.64,406.26,82.45,480942.7083,4044489.4562,480942.7882,4044489.5399,7.99,8.36
tile_r017763_c011363,3,957,312.92,0.00,348.15,24.17,480942.6015,4044489.5728,480942.6720,4044489.6211,7.05,4.83
tile_r017763_c011619,3,947,195.67,408.49,233.52,447.10,480942.8790,4044488.7270,480942.9547,4044488.8042,7.57,7.72
tile_r017763_c011619,3,946,120.26,353.59,153.76,387.58,480942.7282,4044488.8460,480942.7952,4044488.9140,6.70,6.80
tile_r017763_c011619,3,945,131.51,308.61,181.23,363.23,480942.7507,4044488.8947,480942.8501,4044489.0039,9.94,10.92
tile_r017763_c011619,3,951,39.57,302.72,60.21,320.71,480942.5668,4044488.9797,480942.6081,4044489.0157,4.13,3.60
tile_r017763_c011619,3,950,98.31,269.80,133.53,308.51,480942.6843,4044489.0041,480942.7547,4044489.0816,7.04,7.74
tile_r017763_c011619,3,949,80.85,231.81,131.47,275.03,480942.6494,4044489.0711,480942.7506,4044489.1575,10.12,8.64
tile_r017763_c011619,3,952,148.59,163.02,194.84,208.13,480942.7849,4044489.2049,480942.8774,4044489.2951,9.25,9.02
tile_r017763_c011619,3,1026,446.80,110.96,486.53,151.74,480943.3813,4044489.3177,480943.4607,4044489.3992,7.95,8.16
tile_r017763_c011619,3,954,190.62,93.51,245.48,146.96,480942.8689,4044489.3272,480942.9786,4044489.4341,10.97,10.69
tile_r017763_c011619,3,956,0.00,89.81,33.55,143.95,480942.4877,4044489.3333,480942.5548,4044489.4415,6.71,10.83
tile_r017763_c011619,3,1027,393.88,53.41,428.27,89.13,480943.2754,4044489.4429,480943.3442,4044489.5143,6.88,7.14
tile_r017763_c011619,3,953,110.29,40.64,150.26,82.45,480942.7083,4044489.4562,480942.7882,4044489.5399,7.99,8.36
tile_r017763_c011619,3,957,56.92,0.00,92.15,24.17,480942.6015,4044489.5728,480942.6720,4044489.6211,7.05,4.83
tile_r017763_c012387,4,1089,277.89,422.95,345.96,492.69,480944.5794,4044488.6358,480944.7156,4044488.7753,13.61,13.95
tile_r017763_c012387,4,1086,455.76,351.33,497.44,392.05,480944.9352,4044488.8371,480945.0185,4044488.9185,8.33,8.14
tile_r017763_c012387,4,1088,261.69,332.99,320.42,391.20,480944.5470,4044488.8388,480944.6645,4044488.9552,11.75,11.64
tile_r017763_c012387,4,1087,369.90,305.21,434.46,369.37,480944.7634,4044488.8824,480944.8926,4044489.0107,12.91,12.83
tile_r017763_c012387,4,1090,341.15,241.71,386.31,280.97,480944.7059,4044489.0592,480944.7963,4044489.1377,9.03,7.85
tile_r017763_c012387,4,1092,265.46,210.77,323.24,267.46,480944.5546,4044489.0862,480944.6701,4044489.1996,11.55,11.34
tile_r017763_c012387,4,1093,188.77,210.11,241.21,258.63,480944.4012,4044489.1039,480944.5061,4044489.2009,10.49,9.70
tile_r017763_c012387,4,1094,403.27,139.56,464.79,202.60,480944.8302,4044489.2159,480944.9532,4044489.3420,12.30,12.61
tile_r017763_c012387,4,1095,376.82,47.39,423.99,90.30,480944.7773,4044489.4405,480944.8716,4044489.5264,9.44,8.58
tile_r017763_c012387,4,1096,293.47,30.76,349.70,76.58,480944.6106,4044489.4680,480944.7230,4044489.5596,11.24,9.16
tile_r017763_c012387,4,1097,180.36,29.53,225.41,62.21,480944.3844,4044489.4967,480944.4745,4044489.5621,9.01,6.54
tile_r017763_c012643,4,1089,21.89,422.95,89.96,492.69,480944.5794,4044488.6358,480944.7156,4044488.7753,13.61,13.95
tile_r017763_c012643,4,1085,238.13,377.36,287.74,418.27,480945.0119,4044488.7846,480945.1111,4044488.8664,9.92,8.18
tile_r017763_c012643,4,1086,199.76,351.33,241.44,392.05,480944.9352,4044488.8371,480945.0185,4044488.9185,8.33,8.14
tile_r017763_c012643,4,1088,5.69,332.99,64.42,391.20,480944.5470,4044488.8388,480944.6645,4044488.9552,11.75,11.64
tile_r017763_c012643,4,1087,113.90,305.21,178.46,369.37,480944.7634,4044488.8824,480944.8926,4044489.0107,12.91,12.83
tile_r017763_c012643,4,1172,480.69,183.37,512.00,220.82,480945.4970,4044489.1795,480945.5596,4044489.2544,6.26,7.49
tile_r017763_c012643,4,1090,85.15,241.71,130.31,280.97,480944.7059,4044489.0592,480944.7963,4044489.1377,9.03,7.85
tile_r017763_c012643,4,1092,9.46,210.77,67.24,267.46,480944.5546,4044489.0862,480944.6701,4044489.1996,11.55,11.34
tile_r017763_c012643,4,1091,235.48,207.91,287.74,260.95,480945.0066,4044489.0992,480945.1111,4044489.2053,10.45,10.61
tile_r017763_c012643,4,1094,147.27,139.56,208.79,202.60,480944.8302,4044489.2159,480944.9532,4044489.3420,12.30,12.61
tile_r017763_c012643,4,1095,120.82,47.39,167.99,90.30,480944.7773,4044489.4405,480944.8716,4044489.5264,9.44,8.58
tile_r017763_c012643,4,1096,37.47,30.76,93.70,76.58,480944.6106,4044489.4680,480944.7230,4044489.5596,11.24,9.16
tile_r017763_c012643,4,1173,422.48,114.45,457.54,138.92,480945.3806,4044489.3433,480945.4507,4044489.3923,7.01,4.89
tile_r017763_c012643,4,1174,417.17,47.38,459.00,98.63,480945.3700,4044489.4239,480945.4536,4044489.5264,8.37,10.25
tile_r017763_c012899,4,1085,0.00,377.36,31.74,418.27,480945.0476,4044488.7846,480945.1111,4044488.8664,6.35,8.18
tile_r017763_c012899,4,1161,337.80,462.41,377.39,505.10,480945.7232,4044488.6110,480945.8024,4044488.6963,7.92,8.54
tile_r017763_c012899,4,1163,419.46,373.81,467.88,425.60,480945.8865,4044488.7700,480945.9834,4044488.8735,9.68,10.36
tile_r017763_c012899,4,1165,330.56,310.33,370.25,342.23,480945.7087,4044488.9367,480945.7881,4044489.0005,7.94,6.38
tile_r017763_c012899,4,1166,368.66,272.70,394.29,306.87,480945.7849,4044489.0074,480945.8362,4044489.0757,5.13,6.83
tile_r017763_c012899,4,1168,251.18,275.88,283.93,303.60,480945.5500,4044489.0140,480945.6155,4044489.0694,6.55,5.54
tile_r017763_c012899,4,1167,352.78,211.86,405.17,250.20,480945.7532,4044489.1208,480945.8580,4044489.1974,10.48,7.67
tile_r017763_c012899,4,1169,450.91,210.36,480.75,241.51,480945.9494,4044489.1381,480946.0091,4044489.2004,5.97,6.23
tile_r017763_c012899,4,1172,224.69,183.37,270.33,220.82,480945.4970,4044489.1795,480945.5883,4044489.2544,9.13,7.49
tile_r017763_c012899,4,1091,0.00,207.91,31.74,260.95,480945.0476,4044489.0992,480945.1111,4044489.2053,6.35,10.61
tile_r017763_c012899,4,1171,323.91,177.95,345.88,203.46,480945.6954,4044489.2142,480945.7394,4044489.2653,4.39,5.10
tile_r017763_c012899,4,1170,311.34,113.79,366.69,165.90,480945.6703,4044489.2893,480945.7810,4044489.3936,11.07,10.42
tile_r017763_c012899,4,1173,166.48,114.45,201.54,138.92,480945.3806,4044489.3433,480945.4507,4044489.3923,7.01,4.89
tile_r017763_c012899,4,1174,161.17,47.38,203.00,98.63,480945.3700,4044489.4239,480945.4536,4044489.5264,8.37,10.25
tile_r017763_c012899,4,1176,289.49,42.08,329.90,80.18,480945.6266,4044489.4608,480945.7074,4044489.5370,8.08,7.62
tile_r017763_c012899,4,1177,319.26,3.39,358.29,47.70,480945.6861,4044489.5257,480945.7642,4044489.6144,7.81,8.86
tile_r018019_c005219,0,61,425.20,406.75,480.15,452.92,480930.5383,4044488.2033,480930.6482,4044488.2957,10.99,9.24
tile_r018019_c005219,0,65,391.86,366.26,432.08,398.02,480930.4717,4044488.3131,480930.5521,4044488.3766,8.04,6.35
tile_r018019_c005219,0,64,434.72,316.79,475.87,360.23,480930.5574,4044488.3887,480930.6397,4044488.4756,8.23,8.69
tile_r018019_c005219,0,66,304.54,424.76,342.12,459.64,480930.2970,4044488.1899,480930.3722,4044488.2596,7.51,6.98
tile_r018019_c005219,0,95,67.96,339.64,105.53,377.89,480929.8239,4044488.3534,480929.8990,4044488.4299,7.52,7.65
tile_r018019_c005219,0,96,12.39,327.08,48.15,358.32,480929.7127,4044488.3925,480929.7842,4044488.4550,7.15,6.25
tile_r018019_c005219,0,69,277.03,329.49,303.70,353.88,480930.2420,4044488.4014,480930.2954,4044488.4502,5.34,4.88
tile_r018019_c005219,0,68,327.83,288.74,357.52,319.95,480930.3436,4044488.4693,480930.4030,4044488.5317,5.94,6.24
tile_r018019_c005219,0,97,0.00,240.36,37.53,276.21,480929.6880,4044488.5567,480929.7630,4044488.6284,7.51,7.17
tile_r018019_c005219,0,98,120.21,230.50,174.06,275.61,480929.9284,4044488.5579,480930.0361,4044488.6482,10.77,9.02
tile_r018019_c005219,0,103,234.14,144.44,272.68,181.64,480930.1562,4044488.7459,480930.2333,4044488.8203,7.71,7.44
tile_r018019_c005219,0,72,359.58,136.38,409.32,185.51,480930.4071,4044488.7381,480930.5066,4044488.8364,9.95,9.83
tile_r018019_c005219,0,67,411.97,289.27,450.87,317.60,480930.5119,4044488.4740,480930.5897,4044488.5306,7.78,5.67
tile_r018019_c005219,0,70,481.29,205.66,512.00,246.29,480930.6505,4044488.6166,480930.7119,4044488.6978,6.14,8.13
tile_r018019_c005219,0,73,427.31,75.58,465.94,123.55,480930.5426,4044488.8621,480930.6198,4044488.9580,7.73,9.59
tile_r018019_c005219,0,102,167.18,132.71,218.11,178.80,480930.0223,4044488.7516,480930.1242,4044488.8437,10.19,9.22
tile_r018019_c005219,0,101,45.47,91.59,101.98,146.83,480929.7789,4044488.8155,480929.8919,4044488.9260,11.30,11.05
tile_r018019_c005219,0,105,5.12,20.48,50.10,55.55,480929.6982,4044488.9981,480929.7882,4044489.0682,9.00,7.01
tile_r018019_c005219,0,106,131.46,0.00,174.45,31.12,480929.9509,4044489.0469,480930.0369,4044489.1092,8.60,6.22
tile_r018019_c008291,2,526,353.56,461.56,397.23,502.04,480936.5389,4044488.1051,480936.6263,4044488.1860,8.73,8.09
tile_r018019_c008291,2,528,144.55,428.23,195.34,477.99,480936.1209,4044488.1532,480936.2225,4044488.2527,10.16,9.95
tile_r018019_c008291,2,527,269.95,388.87,330.28,449.07,480936.3717,4044488.2110,480936.4924,4044488.3314,12.07,12.04
tile_r018019_c008291,2,530,176.71,364.22,218.28,407.33,480936.1852,4044488.2945,480936.2684,4044488.3807,8.31,8.62
tile_r018019_c008291,2,529,253.44,319.27,315.62,371.47,480936.3387,4044488.3662,480936.4631,4044488.4706,12.44,10.44
tile_r018019_c008291,2,531,182.66,269.63,253.44,312.63,480936.1971,4044488.4839,480936.3387,4044488.5699,14.16,8.60
tile_r018019_c008291,2,532,362.58,264.85,409.55,314.10,480936.5570,4044488.4810,480936.6509,4044488.5795,9.39,9.85
tile_r018019_c008291,2,533,105.93,208.78,162.30,246.89,480936.0437,4044488.6154,480936.1564,4044488.6916,11.27,7.62
tile_r018019_c008291,2,537,350.02,177.03,376.86,208.25,480936.5318,4044488.6927,480936.5855,4044488.7551,5.37,6.24
tile_r018019_c008291,2,534,52.74,137.34,99.98,167.07,480935.9373,4044488.7750,480936.0318,4044488.8345,9.45,5.95
tile_r018019_c008291,2,536,309.01,124.11,351.18,170.08,480936.4498,4044488.7690,480936.5342,4044488.8609,8.43,9.19
tile_r018019_c008291,2,535,195.89,118.82,246.17,169.09,480936.2236,4044488.7710,480936.3241,4044488.8715,10.05,10.05
tile_r018019_c008291,2,538,230.95,55.98,274.10,111.08,480936.2937,4044488.8870,480936.3800,4044488.9972,8.63,11.02
tile_r018019_c008291,2,539,106.59,0.00,167.45,21.35,480936.0450,4044489.0664,480936.1667,4044489.1092,12.17,4.27
tile_r018019_c008547,2,526,97.56,461.56,141.23,502.04,480936.5389,4044488.1051,480936.6263,4044488.1860,8.73,8.09
tile_r018019_c008547,2,527,13.95,388.87,74.28,449.07,480936.3717,4044488.2110,480936.4924,4044488.3314,12.07,12.04
tile_r018019_c008547,2,594,366.84,380.57,420.67,420.42,480937.0775,4044488.2683,480937.1851,4044488.3480,10.76,7.97
tile_r018019_c008547,2,529,0.00,319.27,59.62,371.47,480936.3438,4044488.3662,480936.4631,4044488.4706,11.92,10.44
tile_r018019_c008547,2,532,106.58,264.85,153.55,314.10,480936.5570,4044488.4810,480936.6509,4044488.5795,9.39,9.85
tile_r018019_c008547,2,596,487.49,268.38,512.00,290.08,480937.3188,4044488.5290,480937.3678,4044488.5724,4.90,4.34
tile_r018019_c008547,2,537,94.02,177.03,120.86,208.25,480936.5318,4044488.6927,480936.5855,4044488.7551,5.37,6.24
tile_r018019_c008547,2,598,479.03,161.49,512.00,215.95,480937.3019,4044488.6773,480937.3678,4044488.7862,6.59,10.89
tile_r018019_c008547,2,599,360.49,132.22,424.52,174.88,480937.0648,4044488.7594,480937.1928,4044488.8447,12.81,8.53
tile_r018019_c008547,2,536,53.01,124.11,95.18,170.08,480936.4498,4044488.7690,480936.5342,4044488.8609,8.43,9.19
tile_r018019_c008547,2,600,286.41,72.06,321.27,106.62,480936.9166,4044488.8959,480936.9863,4044488.9650,6.97,6.91
tile_r018019_c008547,2,601,408.65,37.66,452.79,82.97,480937.1611,4044488.9432,480937.2494,4044489.0338,8.83,9.06
tile_r018019_c008803,2,593,320.40,444.07,369.98,486.46,480937.4966,4044488.1362,480937.5958,4044488.2210,9.92,8.48
tile_r018019_c008803,2,594,110.84,380.57,164.67,420.42,480937.0775,4044488.2683,480937.1851,4044488.3480,10.76,7.97
tile_r018019_c008803,2,595,283.88,333.47,337.42,379.84,480937.4236,4044488.3495,480937.5306,4044488.4422,10.71,9.27
tile_r018019_c008803,2,596,231.49,268.38,266.95,290.08,480937.3188,4044488.5290,480937.3897,4044488.5724,7.09,4.34
tile_r018019_c008803,2,597,310.34,215.59,363.26,264.02,480937.4765,4044488.5811,480937.5823,4044488.6780,10.58,9.69
tile_r018019_c008803,2,598,223.03,161.49,283.59,215.95,480937.3019,4044488.6773,480937.4230,4044488.7862,12.11,10.89
tile_r018019_c008803,2,599,104.49,132.22,168.52,174.88,480937.0648,4044488.7594,480937.1928,4044488.8447,12.81,8.53
tile_r018019_c008803,2,600,30.41,72.06,65.27,106.62,480936.9166,4044488.8959,480936.9863,4044488.9650,6.97,6.91
tile_r018019_c008803,2,601,152.65,37.66,196.79,82.97,480937.1611,4044488.9432,480937.2494,4044489.0338,8.83,9.06
tile_r018019_c009059,2,637,418.14,381.88,451.66,419.19,480938.2041,4044488.2708,480938.2711,4044488.3454,6.70,7.46
tile_r018019_c009059,2,636,450.55,309.12,495.47,353.62,480938.2689,4044488.4019,480938.3587,4044488.4909,8.98,8.90
tile_r018019_c009059,2,638,450.55,196.67,493.97,242.63,480938.2689,4044488.6239,480938.3557,4044488.7158,8.68,9.19
tile_r018019_c009059,2,593,64.40,444.07,113.98,486.46,480937.4966,4044488.1362,480937.5958,4044488.2210,9.92,8.48
tile_r018019_c009059,2,595,27.88,333.47,81.42,379.84,480937.4236,4044488.3495,480937.5306,4044488.4422,10.71,9.27
tile_r018019_c009059,2,597,54.34,215.59,107.26,264.02,480937.4765,4044488.5811,480937.5823,4044488.6780,10.58,9.69
tile_r018019_c009059,2,640,432.69,110.68,459.19,137.76,480938.2332,4044488.8336,480938.2861,4044488.8878,5.30,5.42
tile_r018019_c009059,2,641,359.27,60.41,388.38,90.18,480938.0863,4044488.9288,480938.1445,4044488.9883,5.82,5.95
tile_r018019_c009315,2,637,162.14,381.88,195.66,419.19,480938.2041,4044488.2708,480938.2711,4044488.3454,6.70,7.46
tile_r018019_c009315,2,635,275.25,362.25,339.42,407.47,480938.4303,4044488.2942,480938.5586,4044488.3847,12.83,9.04
tile_r018019_c009315,2,636,194.55,309.12,239.47,353.62,480938.2689,4044488.4019,480938.3587,4044488.4909,8.98,8.90
tile_r018019_c009315,2,638,194.55,196.67,237.97,242.63,480938.2689,4044488.6239,480938.3557,4044488.7158,8.68,9.19
tile_r018019_c009315,2,639,267.98,183.44,311.46,212.80,480938.4157,4044488.6836,480938.5027,4044488.7423,8.70,5.87
tile_r018019_c009315,2,640,176.69,110.68,203.19,137.76,480938.2332,4044488.8336,480938.2861,4044488.8878,5.30,5.42
tile_r018019_c009315,2,705,456.29,81.69,512.00,134.75,480938.7923,4044488.8396,480938.9038,4044488.9458,11.14,10.61
tile_r018019_c009315,2,641,103.27,60.41,132.38,90.18,480938.0863,4044488.9288,480938.1445,4044488.9883,5.82,5.95
tile_r018019_c010083,3,692,80.16,475.40,123.09,512.00,480939.5761,4044488.0852,480939.6619,4044488.1584,8.59,7.32
tile_r018019_c010083,3,769,317.90,471.53,355.71,512.00,480940.0515,4044488.0852,480940.1272,4044488.1661,7.56,8.09
tile_r018019_c010083,3,770,364.14,410.02,397.94,444.27,480940.1440,4044488.2206,480940.2116,4044488.2891,6.76,6.85
tile_r018019_c010083,3,771,483.93,369.67,512.00,418.85,480940.3836,4044488.2715,480940.4397,4044488.3698,5.61,9.84
tile_r018019_c010083,3,694,30.42,333.88,73.81,377.20,480939.4766,4044488.3548,480939.5634,4044488.4414,8.68,8.66
tile_r018019_c010083,3,775,356.27,342.55,397.94,363.71,480940.1283,4044488.3817,480940.2116,4044488.4241,8.33,4.23
tile_r018019_c010083,3,776,413.82,263.28,456.81,304.07,480940.2434,4044488.5010,480940.3294,4044488.5826,8.60,8.16
tile_r018019_c010083,3,777,347.01,269.78,370.82,289.63,480940.1098,4044488.5299,480940.1574,4044488.5696,4.76,3.97
tile_r018019_c010083,3,696,0.00,240.18,30.95,283.57,480939.4158,4044488.5420,480939.4776,4044488.6288,6.19,8.68
tile_r018019_c010083,3,778,281.52,232.74,327.01,270.69,480939.9788,4044488.5678,480940.0698,4044488.6437,9.10,7.59
tile_r018019_c010083,3,779,462.81,167.08,491.24,195.42,480940.3414,4044488.7183,480940.3982,4044488.7750,5.69,5.67
tile_r018019_c010083,3,780,387.40,151.21,427.29,191.55,480940.1905,4044488.7261,480940.2703,4044488.8067,7.98,8.07
tile_r018019_c010083,3,783,218.73,148.56,253.19,183.30,480939.8532,4044488.7425,480939.9221,4044488.8120,6.89,6.95
tile_r018019_c010083,3,782,284.21,110.19,327.66,154.57,480939.9842,4044488.8000,480940.0711,4044488.8888,8.69,8.87
tile_r018019_c010083,3,781,429.08,72.49,464.59,104.41,480940.2739,4044488.9003,480940.3449,4044488.9642,7.10,6.38
tile_r018019_c010083,3,784,176.39,36.77,210.67,69.15,480939.7685,4044488.9709,480939.8371,4044489.0356,6.85,6.48
tile_r018019_c010083,3,785,345.07,3.04,391.46,37.28,480940.1059,4044489.0346,480940.1986,4044489.1031,9.28,6.85
tile_r018019_c010339,3,769,61.90,471.53,99.71,512.00,480940.0515,4044488.0852,480940.1272,4044488.1661,7.56,8.09
tile_r018019_c010339,3,773,298.71,467.47,331.79,494.11,480940.5252,4044488.1209,480940.5913,4044488.1742,6.61,5.33
tile_r018019_c010339,3,772,268.95,447.72,300.48,474.88,480940.4656,4044488.1594,480940.5287,4044488.2137,6.31,5.43
tile_r018019_c010339,3,770,108.14,410.02,141.94,444.27,480940.1440,4044488.2206,480940.2116,4044488.2891,6.76,6.85
tile_r018019_c010339,3,771,227.93,369.67,275.97,418.85,480940.3836,4044488.2715,480940.4797,4044488.3698,9.61,9.84
tile_r018019_c010339,3,775,100.27,342.55,141.94,363.71,480940.1283,4044488.3817,480940.2116,4044488.4241,8.33,4.23
tile_r018019_c010339,3,774,290.77,322.45,343.25,370.33,480940.5093,4044488.3685,480940.6142,4044488.4643,10.49,9.58
tile_r018019_c010339,3,776,157.82,263.28,200.81,304.07,480940.2434,4044488.5010,480940.3294,4044488.5826,8.60,8.16
tile_r018019_c010339,3,777,91.01,269.78,114.82,289.63,480940.1098,4044488.5299,480940.1574,4044488.5696,4.76,3.97
tile_r018019_c010339,3,778,25.52,232.74,71.01,270.69,480939.9788,4044488.5678,480940.0698,4044488.6437,9.10,7.59
tile_r018019_c010339,3,779,206.81,167.08,235.24,195.42,480940.3414,4044488.7183,480940.3982,4044488.7750,5.69,5.67
tile_r018019_c010339,3,780,131.40,151.21,171.29,191.55,480940.1905,4044488.7261,480940.2703,4044488.8067,7.98,8.07
tile_r018019_c010339,3,782,28.21,110.19,71.66,154.57,480939.9842,4044488.8000,480940.0711,4044488.8888,8.69,8.87
tile_r018019_c010339,3,781,173.08,72.49,208.59,104.41,480940.2739,4044488.9003,480940.3449,4044488.9642,7.10,6.38
tile_r018019_c010339,3,785,89.07,3.04,135.46,37.28,480940.1059,4044489.0346,480940.1986,4044489.1031,9.28,6.85
tile_r018019_c010595,3,773,42.71,467.47,75.79,494.11,480940.5252,4044488.1209,480940.5913,4044488.1742,6.61,5.33
tile_r018019_c010595,3,772,12.95,447.72,44.48,474.88,480940.4656,4044488.1594,480940.5287,4044488.2137,6.31,5.43
tile_r018019_c010595,3,831,424.76,485.14,463.45,512.00,480941.2892,4044488.0852,480941.3666,4044488.1389,7.74,5.37
tile_r018019_c010595,3,832,291.14,348.22,335.33,390.15,480941.0220,4044488.3289,480941.1104,4044488.4127,8.84,8.39
tile_r018019_c010595,3,833,264.68,252.62,333.48,313.51,480940.9691,4044488.4821,480941.1067,4044488.6039,13.76,12.18
tile_r018019_c010595,3,774,34.77,322.45,87.25,370.33,480940.5093,4044488.3685,480940.6142,4044488.4643,10.49,9.58
tile_r018019_c010595,3,835,284.24,0.00,329.88,14.46,480941.0082,4044489.0802,480941.0995,4044489.1092,9.13,2.89
tile_r018019_c010851,3,831,168.76,485.14,207.45,512.00,480941.2892,4044488.0852,480941.3666,4044488.1389,7.74,5.37
tile_r018019_c010851,3,832,35.14,348.22,79.33,390.15,480941.0220,4044488.3289,480941.1104,4044488.4127,8.84,8.39
tile_r018019_c010851,3,867,401.60,350.05,448.74,387.52,480941.7549,4044488.3341,480941.8492,4044488.4091,9.43,7.49
tile_r018019_c010851,3,833,8.68,252.62,77.48,313.51,480940.9691,4044488.4821,480941.1067,4044488.6039,13.76,12.18
tile_r018019_c010851,3,870,414.17,175.76,480.98,243.87,480941.7800,4044488.6214,480941.9136,4044488.7576,13.36,13.62
tile_r018019_c010851,3,875,344.71,157.56,371.52,181.77,480941.6411,4044488.7456,480941.6947,4044488.7940,5.36,4.84
tile_r018019_c010851,3,871,479.60,92.08,512.00,136.35,480941.9109,4044488.8365,480941.9757,4044488.9250,6.48,8.85
tile_r018019_c010851,3,877,385.06,74.22,430.70,101.34,480941.7218,4044488.9065,480941.8131,4044488.9607,9.13,5.42
tile_r018019_c010851,3,874,287.16,64.78,336.11,96.89,480941.5260,4044488.9154,480941.6239,4044488.9796,9.79,6.42
tile_r018019_c010851,3,876,365.19,60.99,394.98,92.11,480941.6821,4044488.9249,480941.7417,4044488.9872,5.96,6.22
tile_r018019_c010851,3,835,28.24,0.00,73.88,14.46,480941.0082,4044489.0802,480941.0995,4044489.1092,9.13,2.89
tile_r018019_c011107,3,865,351.98,429.43,382.81,465.64,480942.1677,4044488.1779,480942.2293,4044488.2503,6.17,7.24
tile_r018019_c011107,3,866,283.85,400.30,332.80,440.03,480942.0314,4044488.2291,480942.1293,4044488.3086,9.79,7.95
tile_r018019_c011107,3,867,145.60,350.05,192.74,387.52,480941.7549,4044488.3341,480941.8492,4044488.4091,9.43,7.49
tile_r018019_c011107,3,869,304.35,279.93,334.93,310.17,480942.0724,4044488.4888,480942.1335,4044488.5493,6.11,6.05
tile_r018019_c011107,3,868,234.90,235.62,279.05,281.51,480941.9335,4044488.5461,480942.0218,4044488.6379,8.83,9.18
tile_r018019_c011107,3,870,158.17,175.76,224.98,243.87,480941.7800,4044488.6214,480941.9136,4044488.7576,13.36,13.62
tile_r018019_c011107,3,873,377.11,170.13,415.41,207.34,480942.2179,4044488.6945,480942.2945,4044488.7689,7.66,7.44
tile_r018019_c011107,3,875,88.71,157.56,115.52,181.77,480941.6411,4044488.7456,480941.6947,4044488.7940,5.36,4.84
tile_r018019_c011107,3,872,330.15,107.95,359.92,135.73,480942.1240,4044488.8377,480942.1835,4044488.8933,5.95,5.56
tile_r018019_c011107,3,871,223.60,92.08,264.66,136.35,480941.9109,4044488.8365,480941.9930,4044488.9250,8.21,8.85
tile_r018019_c011107,3,877,129.06,74.22,174.70,101.34,480941.7218,4044488.9065,480941.8131,4044488.9607,9.13,5.42
tile_r018019_c011107,3,874,31.16,64.78,80.11,96.89,480941.5260,4044488.9154,480941.6239,4044488.9796,9.79,6.42
tile_r018019_c011107,3,876,109.19,60.99,138.98,92.11,480941.6821,4044488.9249,480941.7417,4044488.9872,5.96,6.22
tile_r018019_c011363,3,865,95.98,429.43,126.81,465.64,480942.1677,4044488.1779,480942.2293,4044488.2503,6.17,7.24
tile_r018019_c011363,3,866,27.85,400.30,76.80,440.03,480942.0314,4044488.2291,480942.1293,4044488.3086,9.79,7.95
tile_r018019_c011363,3,869,48.35,279.93,78.93,310.17,480942.0724,4044488.4888,480942.1335,4044488.5493,6.11,6.05
tile_r018019_c011363,3,868,0.00,235.62,23.05,281.51,480941.9757,4044488.5461,480942.0218,4044488.6379,4.61,9.18
tile_r018019_c011363,3,873,121.11,170.13,159.41,207.34,480942.2179,4044488.6945,480942.2945,4044488.7689,7.66,7.44
tile_r018019_c011363,3,937,436.92,396.77,462.72,422.43,480942.8495,4044488.2643,480942.9011,4044488.3156,5.16,5.13
tile_r018019_c011363,3,941,385.81,266.92,422.57,308.10,480942.7473,4044488.4930,480942.8208,4044488.5753,7.35,8.24
tile_r018019_c011363,3,947,451.67,152.49,489.52,191.10,480942.8790,4044488.7270,480942.9547,4044488.8042,7.57,7.72
tile_r018019_c011363,3,946,376.26,97.59,409.76,131.58,480942.7282,4044488.8460,480942.7952,4044488.9140,6.70,6.80
tile_r018019_c011363,3,872,74.15,107.95,103.92,135.73,480942.1240,4044488.8377,480942.1835,4044488.8933,5.95,5.56
tile_r018019_c011363,3,945,387.51,52.61,437.23,107.23,480942.7507,4044488.8947,480942.8501,4044489.0039,9.94,10.92
tile_r018019_c011363,3,951,295.57,46.72,316.21,64.71,480942.5668,4044488.9797,480942.6081,4044489.0157,4.13,3.60
tile_r018019_c011363,3,950,354.31,13.80,389.53,52.51,480942.6843,4044489.0041,480942.7547,4044489.0816,7.04,7.74
tile_r018019_c011619,3,936,250.37,467.24,292.71,511.51,480942.9884,4044488.0861,480943.0731,4044488.1747,8.47,8.85
tile_r018019_c011619,3,939,414.42,461.61,458.08,486.06,480943.3165,4044488.1371,480943.4038,4044488.1859,8.73,4.89
tile_r018019_c011619,3,938,331.74,431.17,389.02,490.57,480943.1511,4044488.1280,480943.2657,4044488.2468,11.46,11.88
tile_r018019_c011619,3,937,180.92,396.77,206.72,422.43,480942.8495,4044488.2643,480942.9011,4044488.3156,5.16,5.13
tile_r018019_c011619,3,944,390.81,325.13,439.70,373.74,480943.2693,4044488.3617,480943.3671,4044488.4589,9.78,9.72
tile_r018019_c011619,3,941,129.81,266.92,166.57,308.10,480942.7473,4044488.4930,480942.8208,4044488.5753,7.35,8.24
tile_r018019_c011619,3,942,250.57,233.85,304.15,292.72,480942.9888,4044488.5237,480943.0960,4044488.6415,10.72,11.77
tile_r018019_c011619,3,943,323.34,234.78,368.98,281.21,480943.1343,4044488.5467,480943.2256,4044488.6396,9.13,9.29
tile_r018019_c011619,3,947,195.67,152.49,233.52,191.10,480942.8790,4044488.7270,480942.9547,4044488.8042,7.57,7.72
tile_r018019_c011619,3,946,120.26,97.59,153.76,131.58,480942.7282,4044488.8460,480942.7952,4044488.9140,6.70,6.80
tile_r018019_c011619,3,945,131.51,52.61,181.23,107.23,480942.7507,4044488.8947,480942.8501,4044489.0039,9.94,10.92
tile_r018019_c011619,3,951,39.57,46.72,60.21,64.71,480942.5668,4044488.9797,480942.6081,4044489.0157,4.13,3.60
tile_r018019_c011619,3,950,98.31,13.80,133.53,52.51,480942.6843,4044489.0041,480942.7547,4044489.0816,7.04,7.74
tile_r018019_c012387,4,1011,16.15,485.34,50.01,512.00,480944.0559,4044488.0852,480944.1237,4044488.1385,6.77,5.33
tile_r018019_c012387,4,1081,381.44,394.49,433.27,454.29,480944.7865,4044488.2006,480944.8902,4044488.3202,10.37,11.96
tile_r018019_c012387,4,1080,492.97,397.49,512.00,431.22,480945.0096,4044488.2467,480945.0476,4044488.3142,3.81,6.75
tile_r018019_c012387,4,1017,149.10,396.04,174.19,420.75,480944.3219,4044488.2677,480944.3720,4044488.3171,5.02,4.94
tile_r018019_c012387,4,1015,2.92,353.51,52.53,389.62,480944.0295,4044488.3299,480944.1287,4044488.4021,9.92,7.22
tile_r018019_c012387,4,1084,348.70,268.82,390.28,310.32,480944.7210,4044488.4885,480944.8042,4044488.5715,8.32,8.30
tile_r018019_c012387,4,1082,446.50,243.01,492.14,286.02,480944.9166,4044488.5371,480945.0079,4044488.6231,9.13,8.60
tile_r018019_c012387,4,1089,277.89,166.95,345.96,236.69,480944.5794,4044488.6358,480944.7156,4044488.7753,13.61,13.95
tile_r018019_c012387,4,1086,455.76,95.33,497.44,136.05,480944.9352,4044488.8371,480945.0185,4044488.9185,8.33,8.14
tile_r018019_c012387,4,1088,261.69,76.99,320.42,135.20,480944.5470,4044488.8388,480944.6645,4044488.9552,11.75,11.64
tile_r018019_c012387,4,1087,369.90,49.21,434.46,113.37,480944.7634,4044488.8824,480944.8926,4044489.0107,12.91,12.83
tile_r018019_c012387,4,1090,341.15,0.00,386.31,24.97,480944.7059,4044489.0592,480944.7963,4044489.1092,9.03,4.99
tile_r018019_c012643,4,1078,366.80,403.87,427.65,472.46,480945.2692,4044488.1642,480945.3909,4044488.3014,12.17,13.72
tile_r018019_c012643,4,1081,125.44,394.49,177.27,454.29,480944.7865,4044488.2006,480944.8902,4044488.3202,10.37,11.96
tile_r018019_c012643,4,1080,236.97,397.49,274.37,431.22,480945.0096,4044488.2467,480945.0844,4044488.3142,7.48,6.75
tile_r018019_c012643,4,1084,92.70,268.82,134.28,310.32,480944.7210,4044488.4885,480944.8042,4044488.5715,8.32,8.30
tile_r018019_c012643,4,1083,279.14,247.41,340.66,310.06,480945.0939,4044488.4890,480945.2169,4044488.6143,12.30,12.53
tile_r018019_c012643,4,1082,190.50,243.01,236.14,286.02,480944.9166,4044488.5371,480945.0079,4044488.6231,9.13,8.60
tile_r018019_c012643,4,1089,21.89,166.95,89.96,236.69,480944.5794,4044488.6358,480944.7156,4044488.7753,13.61,13.95
tile_r018019_c012643,4,1085,238.13,121.36,287.74,162.27,480945.0119,4044488.7846,480945.1111,4044488.8664,9.92,8.18
tile_r018019_c012643,4,1086,199.76,95.33,241.44,136.05,480944.9352,4044488.8371,480945.0185,4044488.9185,8.33,8.14
tile_r018019_c012643,4,1088,5.69,76.99,64.42,135.20,480944.5470,4044488.8388,480944.6645,4044488.9552,11.75,11.64
tile_r018019_c012643,4,1087,113.90,49.21,178.46,113.37,480944.7634,4044488.8824,480944.8926,4044489.0107,12.91,12.83
tile_r018019_c012643,4,1090,85.15,0.00,130.31,24.97,480944.7059,4044489.0592,480944.7963,4044489.1092,9.03,4.99
tile_r018019_c012899,4,1078,110.80,403.87,171.65,472.46,480945.2692,4044488.1642,480945.3909,4044488.3014,12.17,13.72
tile_r018019_c012899,4,1157,385.68,438.13,441.86,495.01,480945.8190,4044488.1191,480945.9313,4044488.2329,11.24,11.38
tile_r018019_c012899,4,1156,483.56,410.35,512.00,463.13,480946.0147,4044488.1829,480946.0716,4044488.2885,5.69,10.56
tile_r018019_c012899,4,1158,318.27,349.49,363.17,394.24,480945.6842,4044488.3207,480945.7740,4044488.4102,8.98,8.95
tile_r018019_c012899,4,1159,442.48,296.90,478.91,329.18,480945.9326,4044488.4508,480946.0054,4044488.5154,7.29,6.46
tile_r018019_c012899,4,1160,478.20,253.25,512.00,306.43,480946.0040,4044488.4963,480946.0716,4044488.6027,6.76,10.64
tile_r018019_c012899,4,1083,23.14,247.41,84.66,310.06,480945.0939,4044488.4890,480945.2169,4044488.6143,12.30,12.53
tile_r018019_c012899,4,1085,0.00,121.36,31.74,162.27,480945.0476,4044488.7846,480945.1111,4044488.8664,6.35,8.18
tile_r018019_c012899,4,1162,306.50,258.01,344.85,296.32,480945.6606,4044488.5165,480945.7373,4044488.5931,7.67,7.66
tile_r018019_c012899,4,1161,337.80,206.41,377.39,249.10,480945.7232,4044488.6110,480945.8024,4044488.6963,7.92,8.54
tile_r018019_c012899,4,1163,419.46,117.81,467.88,169.60,480945.8865,4044488.7700,480945.9834,4044488.8735,9.68,10.36
tile_r018019_c012899,4,1165,330.56,54.33,370.25,86.23,480945.7087,4044488.9367,480945.7881,4044489.0005,7.94,6.38
tile_r018019_c012899,4,1166,368.66,16.70,394.29,50.87,480945.7849,4044489.0074,480945.8362,4044489.0757,5.13,6.83
tile_r018019_c012899,4,1168,251.18,19.88,283.93,47.60,480945.5500,4044489.0140,480945.6155,4044489.0694,6.55,5.54
tile_r018275_c005987,1,247,395.08,492.26,443.10,512.00,480932.0141,4044487.5732,480932.1101,4044487.6127,9.60,3.95
tile_r018275_c005987,1,246,183.54,483.00,230.37,512.00,480931.5910,4044487.5732,480931.6847,4044487.6312,9.37,5.80
tile_r018275_c005987,1,248,297.84,407.93,353.01,457.43,480931.8196,4044487.6823,480931.9299,4044487.7813,11.03,9.90
tile_r018275_c005987,1,249,359.36,367.48,395.08,405.01,480931.9426,4044487.7871,480932.0141,4044487.8622,7.14,7.51
tile_r018275_c005987,1,250,251.41,350.92,290.72,384.42,480931.7267,4044487.8283,480931.8054,4044487.8953,7.86,6.70
tile_r018275_c005987,1,251,92.65,329.49,125.29,359.03,480931.4092,4044487.8791,480931.4745,4044487.9382,6.53,5.91
tile_r018275_c005987,1,252,252.20,280.82,308.56,321.41,480931.7283,4044487.9543,480931.8410,4044488.0355,11.27,8.12
tile_r018275_c005987,1,254,257.36,185.03,320.74,241.61,480931.7386,4044488.1139,480931.8654,4044488.2271,12.68,11.32
tile_r018275_c005987,1,253,132.34,186.03,171.63,229.26,480931.4886,4044488.1386,480931.5672,4044488.2251,7.86,8.65
tile_r018275_c005987,1,255,364.12,168.83,412.54,209.95,480931.9522,4044488.1773,480932.0490,4044488.2595,9.68,8.22
tile_r018275_c005987,1,257,220.85,119.94,255.99,152.36,480931.6656,4044488.2924,480931.7359,4044488.3573,7.03,6.49
tile_r018275_c005987,1,259,34.71,106.67,80.35,147.89,480931.2933,4044488.3014,480931.3846,4044488.3838,9.13,8.24
tile_r018275_c005987,1,256,321.65,95.61,364.52,140.29,480931.8672,4044488.3166,480931.9529,4044488.4059,8.57,8.94
tile_r018275_c005987,1,258,107.34,91.47,157.34,136.10,480931.4386,4044488.3250,480931.5386,4044488.4142,10.00,8.93
tile_r018275_c005987,1,317,484.86,65.58,512.00,97.06,480932.1936,4044488.4030,480932.2479,4044488.4660,5.43,6.30
tile_r018275_c005987,1,260,19.23,43.90,57.73,81.67,480931.2624,4044488.4338,480931.3394,4044488.5093,7.70,7.55
tile_r018275_c005987,1,261,132.23,0.00,190.57,41.41,480931.4884,4044488.5143,480931.6051,4044488.5972,11.67,8.28
tile_r018275_c006243,1,247,139.08,492.26,187.10,512.00,480932.0141,4044487.5732,480932.1101,4044487.6127,9.60,3.95
tile_r018275_c006243,1,312,440.00,320.27,498.74,368.11,480932.6159,4044487.8609,480932.7334,4044487.9566,11.75,9.57
tile_r018275_c006243,1,248,41.84,407.93,97.01,457.43,480931.8196,4044487.6823,480931.9299,4044487.7813,11.03,9.90
tile_r018275_c006243,1,249,103.36,367.48,139.08,405.01,480931.9426,4044487.7871,480932.0141,4044487.8622,7.14,7.51
tile_r018275_c006243,1,250,0.00,350.92,34.72,384.42,480931.7359,4044487.8283,480931.8054,4044487.8953,6.94,6.70
tile_r018275_c006243,1,252,0.00,280.82,52.56,321.41,480931.7359,4044487.9543,480931.8410,4044488.0355,10.51,8.12
tile_r018275_c006243,1,254,1.36,185.03,64.74,241.61,480931.7386,4044488.1139,480931.8654,4044488.2271,12.68,11.32
tile_r018275_c006243,1,255,108.12,168.83,156.54,209.95,480931.9522,4044488.1773,480932.0490,4044488.2595,9.68,8.22
tile_r018275_c006243,1,313,408.25,213.75,448.85,254.07,480932.5524,4044488.0890,480932.6336,4044488.1697,8.12,8.06
tile_r018275_c006243,1,316,398.73,34.36,452.60,79.55,480932.5334,4044488.4381,480932.6411,4044488.5284,10.77,9.04
tile_r018275_c006243,1,256,65.65,95.61,108.52,140.29,480931.8672,4044488.3166,480931.9529,4044488.4059,8.57,8.94
tile_r018275_c006243,1,314,264.31,69.82,325.25,130.59,480932.2645,4044488.3360,480932.3864,4044488.4575,12.19,12.16
tile_r018275_c006243,1,317,228.86,65.58,261.08,97.06,480932.1936,4044488.4030,480932.2581,4044488.4660,6.44,6.30
tile_r018275_c006243,1,315,309.29,49.20,348.98,88.31,480932.3545,4044488.4205,480932.4339,4044488.4988,7.94,7.82
tile_r018275_c006499,1,311,277.14,477.28,298.68,500.59,480932.8022,4044487.5960,480932.8453,4044487.6426,4.31,4.66
tile_r018275_c006499,1,363,464.24,371.14,512.00,406.95,480933.1764,4044487.7833,480933.2719,4044487.8549,9.55,7.16
tile_r018275_c006499,1,312,184.00,320.27,242.74,368.11,480932.6159,4044487.8609,480932.7334,4044487.9566,11.75,9.57
tile_r018275_c006499,1,313,152.25,213.75,192.85,254.07,480932.5524,4044488.0890,480932.6336,4044488.1697,8.12,8.06
tile_r018275_c006499,1,367,464.24,65.54,500.77,103.59,480933.1764,4044488.3900,480933.2494,4044488.4661,7.31,7.61
tile_r018275_c006499,1,316,142.73,34.36,196.60,79.55,480932.5334,4044488.4381,480932.6411,4044488.5284,10.77,9.04
tile_r018275_c006499,1,314,8.31,69.82,69.25,130.59,480932.2645,4044488.3360,480932.3864,4044488.4575,12.19,12.16
tile_r018275_c006499,1,315,53.29,49.20,92.98,88.31,480932.3545,4044488.4205,480932.4339,4044488.4988,7.94,7.82
tile_r018275_c006755,1,311,21.14,477.28,42.68,500.59,480932.8022,4044487.5960,480932.8453,4044487.6426,4.31,4.66
tile_r018275_c006755,1,364,203.61,453.82,320.08,512.00,480933.1671,4044487.5732,480933.4000,4044487.6895,23.29,11.63
tile_r018275_c006755,1,360,402.71,461.76,455.43,505.74,480933.5653,4044487.5857,480933.6707,4044487.6736,10.54,8.80
tile_r018275_c006755,1,361,408.00,394.66,468.86,448.82,480933.5759,4044487.6995,480933.6976,4044487.8078,12.17,10.83
tile_r018275_c006755,1,363,208.24,371.14,261.26,406.95,480933.1764,4044487.7833,480933.2824,4044487.8549,10.60,7.16
tile_r018275_c006755,1,362,299.52,342.70,338.92,383.28,480933.3589,4044487.8306,480933.4377,4044487.9118,7.88,8.12
tile_r018275_c006755,1,365,251.23,291.76,303.90,335.87,480933.2623,4044487.9254,480933.3677,4044488.0136,10.53,8.82
tile_r018275_c006755,1,366,305.47,127.72,336.32,160.11,480933.3708,4044488.2769,480933.4325,4044488.3417,6.17,6.48
tile_r018275_c006755,1,367,208.24,65.54,244.77,103.59,480933.1764,4044488.3900,480933.2494,4044488.4661,7.31,7.61
tile_r018275_c007011,1,360,146.71,461.76,199.43,505.74,480933.5653,4044487.5857,480933.6707,4044487.6736,10.54,8.80
tile_r018275_c007011,1,361,152.00,394.66,212.86,448.82,480933.5759,4044487.6995,480933.6976,4044487.8078,12.17,10.83
tile_r018275_c007011,1,362,43.52,342.70,82.92,383.28,480933.3589,4044487.8306,480933.4377,4044487.9118,7.88,8.12
tile_r018275_c007011,1,365,0.00,291.76,47.90,335.87,480933.2719,4044487.9254,480933.3677,4044488.0136,9.58,8.82
tile_r018275_c007011,1,366,49.47,127.72,80.32,160.11,480933.3708,4044488.2769,480933.4325,4044488.3417,6.17,6.48
tile_r018275_c007011,1,421,360.64,95.35,406.38,129.26,480933.9932,4044488.3386,480934.0846,4044488.4065,9.15,6.78
tile_r018275_c007011,1,420,440.68,170.64,512.00,235.70,480934.1532,4044488.1258,480934.2959,4044488.2559,14.26,13.01
tile_r018275_c007011,1,422,402.71,87.84,469.79,133.92,480934.0773,4044488.3293,480934.2114,4044488.4215,13.42,9.22
tile_r018275_c007011,1,425,418.85,21.95,470.45,70.85,480934.1096,4044488.4555,480934.2128,4044488.5533,10.32,9.78
tile_r018275_c007267,1,421,104.64,95.35,150.38,129.26,480933.9932,4044488.3386,480934.0846,4044488.4065,9.15,6.78
tile_r018275_c007267,1,413,337.48,439.32,391.79,489.59,480934.4588,4044487.6180,480934.5674,4044487.7185,10.86,10.05
tile_r018275_c007267,1,415,257.44,421.95,301.10,466.61,480934.2987,4044487.6640,480934.3861,4044487.7533,8.73,8.93
tile_r018275_c007267,1,414,354.68,383.09,394.56,423.12,480934.4932,4044487.7509,480934.5730,4044487.8310,7.98,8.01
tile_r018275_c007267,1,416,242.23,345.39,296.85,395.48,480934.2683,4044487.8062,480934.3776,4044487.9064,10.92,10.02
tile_r018275_c007267,1,417,278.61,331.31,313.01,356.15,480934.3411,4044487.8849,480934.4099,4044487.9345,6.88,4.97
tile_r018275_c007267,1,418,272.66,262.70,315.47,305.11,480934.3292,4044487.9869,480934.4148,4044488.0718,8.56,8.48
tile_r018275_c007267,1,419,359.31,230.95,420.65,287.69,480934.5025,4044488.0218,480934.6251,4044488.1353,12.27,11.35
tile_r018275_c007267,1,420,184.68,170.64,265.38,235.70,480934.1532,4044488.1258,480934.3146,4044488.2559,16.14,13.01
tile_r018275_c007267,1,422,146.71,87.84,213.79,133.92,480934.0773,4044488.3293,480934.2114,4044488.4215,13.42,9.22
tile_r018275_c007267,1,424,344.76,74.88,395.03,124.42,480934.4734,4044488.3483,480934.5739,4044488.4474,10.05,9.91
tile_r018275_c007267,1,423,251.49,66.28,306.39,117.15,480934.2868,4044488.3629,480934.3966,4044488.4646,10.98,10.17
tile_r018275_c007267,1,425,162.85,21.95,214.45,70.85,480934.1096,4044488.4555,480934.2128,4044488.5533,10.32,9.78
tile_r018275_c008035,2,471,89.30,417.48,165.28,492.32,480935.4984,4044487.6125,480935.6504,4044487.7622,15.19,14.97
tile_r018275_c008035,2,470,37.05,411.34,78.72,448.95,480935.3939,4044487.6993,480935.4773,4044487.7745,8.33,7.52
tile_r018275_c008035,2,472,308.77,467.85,354.03,506.88,480935.9374,4044487.5834,480936.0279,4044487.6615,9.05,7.81
tile_r018275_c008035,2,468,4.64,286.79,80.04,361.83,480935.3291,4044487.8735,480935.4799,4044488.0236,15.08,15.01
tile_r018275_c008035,2,469,164.05,290.58,229.08,354.98,480935.6479,4044487.8872,480935.7780,4044488.0160,13.01,12.88
tile_r018275_c008035,2,467,150.16,190.69,192.46,235.05,480935.6202,4044488.1271,480935.7048,4044488.2158,8.46,8.87
tile_r018275_c008035,2,466,129.65,86.18,185.29,144.95,480935.5791,4044488.3073,480935.6904,4044488.4248,11.13,11.75
tile_r018275_c008035,2,528,400.55,172.23,451.34,221.99,480936.1209,4044488.1532,480936.2225,4044488.2527,10.16,9.95
tile_r018275_c008035,2,530,432.71,108.22,474.28,151.33,480936.1852,4044488.2945,480936.2684,4044488.3807,8.31,8.62
tile_r018275_c008035,2,531,438.66,13.63,509.44,56.63,480936.1971,4044488.4839,480936.3387,4044488.5699,14.16,8.60
tile_r018275_c008291,2,472,52.77,467.85,98.03,506.88,480935.9374,4044487.5834,480936.0279,4044487.6615,9.05,7.81
tile_r018275_c008291,2,519,444.32,451.10,471.32,478.19,480936.7204,4044487.6408,480936.7744,4044487.6950,5.40,5.42
tile_r018275_c008291,2,520,481.62,424.01,512.00,471.85,480936.7951,4044487.6535,480936.8558,4044487.7492,6.08,9.57
tile_r018275_c008291,2,522,356.40,411.41,408.93,465.39,480936.5446,4044487.6664,480936.6497,4044487.7743,10.51,10.80
tile_r018275_c008291,2,523,278.73,409.83,322.34,450.45,480936.3893,4044487.6963,480936.4765,4044487.7775,8.72,8.13
tile_r018275_c008291,2,521,478.45,362.73,512.00,405.33,480936.7887,4044487.7865,480936.8558,4044487.8717,6.71,8.52
tile_r018275_c008291,2,524,339.80,336.27,372.45,364.84,480936.5114,4044487.8675,480936.5767,4044487.9246,6.53,5.71
tile_r018275_c008291,2,525,328.69,284.41,377.74,329.19,480936.4892,4044487.9388,480936.5873,4044488.0283,9.81,8.96
tile_r018275_c008291,2,526,353.56,205.56,397.23,246.04,480936.5389,4044488.1051,480936.6263,4044488.1860,8.73,8.09
tile_r018275_c008291,2,528,144.55,172.23,195.34,221.99,480936.1209,4044488.1532,480936.2225,4044488.2527,10.16,9.95
tile_r018275_c008291,2,527,269.95,132.87,330.28,193.07,480936.3717,4044488.2110,480936.4924,4044488.3314,12.07,12.04
tile_r018275_c008291,2,530,176.71,108.22,218.28,151.33,480936.1852,4044488.2945,480936.2684,4044488.3807,8.31,8.62
tile_r018275_c008291,2,529,253.44,63.27,315.62,115.47,480936.3387,4044488.3662,480936.4631,4044488.4706,12.44,10.44
tile_r018275_c008291,2,531,182.66,13.63,253.44,56.63,480936.1971,4044488.4839,480936.3387,4044488.5699,14.16,8.60
tile_r018275_c008291,2,532,362.58,8.85,409.55,58.10,480936.5570,4044488.4810,480936.6509,4044488.5795,9.39,9.85
tile_r018275_c008547,2,519,188.32,451.10,215.32,478.19,480936.7204,4044487.6408,480936.7744,4044487.6950,5.40,5.42
tile_r018275_c008547,2,520,225.62,424.01,269.55,471.85,480936.7951,4044487.6535,480936.8829,4044487.7492,8.78,9.57
tile_r018275_c008547,2,522,100.40,411.41,152.93,465.39,480936.5446,4044487.6664,480936.6497,4044487.7743,10.51,10.80
tile_r018275_c008547,2,523,22.73,409.83,66.34,450.45,480936.3893,4044487.6963,480936.4765,4044487.7775,8.72,8.13
tile_r018275_c008547,2,521,222.45,362.73,261.04,405.33,480936.7887,4044487.7865,480936.8659,4044487.8717,7.72,8.52
tile_r018275_c008547,2,524,83.80,336.27,116.45,364.84,480936.5114,4044487.8675,480936.5767,4044487.9246,6.53,5.71
tile_r018275_c008547,2,525,72.69,284.41,121.74,329.19,480936.4892,4044487.9388,480936.5873,4044488.0283,9.81,8.96
tile_r018275_c008547,2,526,97.56,205.56,141.23,246.04,480936.5389,4044488.1051,480936.6263,4044488.1860,8.73,8.09
tile_r018275_c008547,2,527,13.95,132.87,74.28,193.07,480936.3717,4044488.2110,480936.4924,4044488.3314,12.07,12.04
tile_r018275_c008547,2,594,366.84,124.57,420.67,164.42,480937.0775,4044488.2683,480937.1851,4044488.3480,10.76,7.97
tile_r018275_c008547,2,529,0.00,63.27,59.62,115.47,480936.3438,4044488.3662,480936.4631,4044488.4706,11.92,10.44
tile_r018275_c008547,2,532,106.58,8.85,153.55,58.10,480936.5570,4044488.4810,480936.6509,4044488.5795,9.39,9.85
tile_r018275_c008547,2,596,487.49,12.38,512.00,34.08,480937.3188,4044488.5290,480937.3678,4044488.5724,4.90,4.34
tile_r018275_c008803,2,585,319.87,489.70,353.22,512.00,480937.4955,4044487.5732,480937.5622,4044487.6178,6.67,4.46
tile_r018275_c008803,2,587,360.25,434.13,406.49,467.47,480937.5763,4044487.6622,480937.6688,4044487.7289,9.25,6.67
tile_r018275_c008803,2,586,287.06,422.49,324.10,444.72,480937.4299,4044487.7077,480937.5040,4044487.7522,7.41,4.45
tile_r018275_c008803,2,591,353.48,344.70,429.14,409.79,480937.5627,4044487.7776,480937.7141,4044487.9078,15.13,13.02
tile_r018275_c008803,2,588,425.70,475.44,496.61,512.00,480937.7072,4044487.5732,480937.8490,4044487.6463,14.18,7.31
tile_r018275_c008803,2,592,399.24,276.97,442.23,326.26,480937.6543,4044487.9446,480937.7403,4044488.0432,8.60,9.86
tile_r018275_c008803,2,593,320.40,188.07,369.98,230.46,480937.4966,4044488.1362,480937.5958,4044488.2210,9.92,8.48
tile_r018275_c008803,2,594,110.84,124.57,164.67,164.42,480937.0775,4044488.2683,480937.1851,4044488.3480,10.76,7.97
tile_r018275_c008803,2,595,283.88,77.47,337.42,123.84,480937.4236,4044488.3495,480937.5306,4044488.4422,10.71,9.27
tile_r018275_c008803,2,596,231.49,12.38,266.95,34.08,480937.3188,4044488.5290,480937.3897,4044488.5724,7.09,4.34
tile_r018275_c009059,2,637,418.14,125.88,451.66,163.19,480938.2041,4044488.2708,480938.2711,4044488.3454,6.70,7.46
tile_r018275_c009059,2,636,450.55,53.12,495.47,97.62,480938.2689,4044488.4019,480938.3587,4044488.4909,8.98,8.90
tile_r018275_c009059,2,585,63.87,489.70,97.22,512.00,480937.4955,4044487.5732,480937.5622,4044487.6178,6.67,4.46
tile_r018275_c009059,2,587,104.25,434.13,150.49,467.47,480937.5763,4044487.6622,480937.6688,4044487.7289,9.25,6.67
tile_r018275_c009059,2,586,31.06,422.49,68.10,444.72,480937.4299,4044487.7077,480937.5040,4044487.7522,7.41,4.45
tile_r018275_c009059,2,591,97.48,344.70,173.14,409.79,480937.5627,4044487.7776,480937.7141,4044487.9078,15.13,13.02
tile_r018275_c009059,2,588,169.70,475.44,240.61,512.00,480937.7072,4044487.5732,480937.8490,4044487.6463,14.18,7.31
tile_r018275_c009059,2,589,253.31,479.56,297.76,512.00,480937.8744,4044487.5732,480937.9633,4044487.6380,8.89,6.49
tile_r018275_c009059,2,592,143.24,276.97,186.23,326.26,480937.6543,4044487.9446,480937.7403,4044488.0432,8.60,9.86
tile_r018275_c009059,2,593,64.40,188.07,113.98,230.46,480937.4966,4044488.1362,480937.5958,4044488.2210,9.92,8.48
tile_r018275_c009059,2,595,27.88,77.47,81.42,123.84,480937.4236,4044488.3495,480937.5306,4044488.4422,10.71,9.27
tile_r018275_c009315,2,637,162.14,125.88,195.66,163.19,480938.2041,4044488.2708,480938.2711,4044488.3454,6.70,7.46
tile_r018275_c009315,2,635,275.25,106.25,339.42,151.47,480938.4303,4044488.2942,480938.5586,4044488.3847,12.83,9.04
tile_r018275_c009315,2,636,194.55,53.12,239.47,97.62,480938.2689,4044488.4019,480938.3587,4044488.4909,8.98,8.90
tile_r018275_c009315,2,589,0.00,479.56,41.76,512.00,480937.8798,4044487.5732,480937.9633,4044487.6380,8.35,6.49
tile_r018275_c009315,2,634,254.75,263.47,311.56,309.96,480938.3893,4044487.9772,480938.5029,4044488.0702,11.36,9.30
tile_r018275_c010083,3,684,179.12,480.02,232.04,512.00,480939.7740,4044487.5732,480939.8798,4044487.6371,10.58,6.40
tile_r018275_c010083,3,765,497.30,430.15,512.00,453.85,480940.4103,4044487.6895,480940.4397,4044487.7369,2.94,4.74
tile_r018275_c010083,3,686,79.10,389.18,120.91,426.39,480939.5740,4044487.7444,480939.6576,4044487.8188,8.36,7.44
tile_r018275_c010083,3,766,437.95,381.20,500.41,430.15,480940.2916,4044487.7369,480940.4165,4044487.8348,12.49,9.79
tile_r018275_c010083,3,687,23.01,378.15,57.96,413.16,480939.4618,4044487.7708,480939.5317,4044487.8409,6.99,7.00
tile_r018275_c010083,3,688,122.49,317.71,153.19,351.28,480939.6607,4044487.8946,480939.7221,4044487.9618,6.14,6.71
tile_r018275_c010083,3,768,358.40,262.50,399.93,297.02,480940.1325,4044488.0031,480940.2156,4044488.0722,8.31,6.91
tile_r018275_c010083,3,692,80.16,219.40,123.09,256.92,480939.5761,4044488.0833,480939.6619,4044488.1584,8.59,7.50
tile_r018275_c010083,3,769,317.90,215.53,355.71,256.73,480940.0515,4044488.0837,480940.1272,4044488.1661,7.56,8.24
tile_r018275_c010083,3,770,364.14,154.02,397.94,188.27,480940.1440,4044488.2206,480940.2116,4044488.2891,6.76,6.85
tile_r018275_c010083,3,771,483.93,113.67,512.00,162.85,480940.3836,4044488.2715,480940.4397,4044488.3698,5.61,9.84
tile_r018275_c010083,3,694,30.42,77.88,73.81,121.20,480939.4766,4044488.3548,480939.5634,4044488.4414,8.68,8.66
tile_r018275_c010083,3,775,356.27,86.55,397.94,107.71,480940.1283,4044488.3817,480940.2116,4044488.4241,8.33,4.23
tile_r018275_c010083,3,776,413.82,7.28,456.81,48.07,480940.2434,4044488.5010,480940.3294,4044488.5826,8.60,8.16
tile_r018275_c010083,3,777,347.01,13.78,370.82,33.63,480940.1098,4044488.5299,480940.1574,4044488.5696,4.76,3.97
tile_r018275_c010339,3,762,351.10,470.05,398.06,512.00,480940.6299,4044487.5732,480940.7238,4044487.6571,9.39,8.39
tile_r018275_c010339,3,763,421.21,466.53,466.48,509.77,480940.7701,4044487.5776,480940.8607,4044487.6641,9.05,8.65
tile_r018275_c010339,3,765,241.30,430.15,265.10,453.85,480940.4103,4044487.6895,480940.4579,4044487.7369,4.76,4.74
tile_r018275_c010339,3,764,304.13,407.52,354.40,445.51,480940.5360,4044487.7062,480940.6365,4044487.7821,10.05,7.60
tile_r018275_c010339,3,766,181.95,381.20,244.41,430.15,480940.2916,4044487.7369,480940.4165,4044487.8348,12.49,9.79
tile_r018275_c010339,3,767,235.54,293.89,290.24,332.05,480940.3988,4044487.9331,480940.5082,4044488.0094,10.94,7.63
tile_r018275_c010339,3,768,102.40,262.50,143.93,297.02,480940.1325,4044488.0031,480940.2156,4044488.0722,8.31,6.91
tile_r018275_c010339,3,769,61.90,215.53,99.71,256.73,480940.0515,4044488.0837,480940.1272,4044488.1661,7.56,8.24
tile_r018275_c010339,3,773,298.71,211.47,331.79,238.11,480940.5252,4044488.1209,480940.5913,4044488.1742,6.61,5.33
tile_r018275_c010339,3,772,268.95,191.72,300.48,218.88,480940.4656,4044488.1594,480940.5287,4044488.2137,6.31,5.43
tile_r018275_c010339,3,770,108.14,154.02,141.94,188.27,480940.1440,4044488.2206,480940.2116,4044488.2891,6.76,6.85
tile_r018275_c010339,3,771,227.93,113.67,275.97,162.85,480940.3836,4044488.2715,480940.4797,4044488.3698,9.61,9.84
tile_r018275_c010339,3,775,100.27,86.55,141.94,107.71,480940.1283,4044488.3817,480940.2116,4044488.4241,8.33,4.23
tile_r018275_c010339,3,774,290.77,66.45,343.25,114.33,480940.5093,4044488.3685,480940.6142,4044488.4643,10.49,9.58
tile_r018275_c010339,3,776,157.82,7.28,200.81,48.07,480940.2434,4044488.5010,480940.3294,4044488.5826,8.60,8.16
tile_r018275_c010339,3,777,91.01,13.78,114.82,33.63,480940.1098,4044488.5299,480940.1574,4044488.5696,4.76,3.97
tile_r018275_c010595,3,762,95.10,470.05,142.06,512.00,480940.6299,4044487.5732,480940.7238,4044487.6571,9.39,8.39
tile_r018275_c010595,3,763,165.21,466.53,210.48,509.77,480940.7701,4044487.5776,480940.8607,4044487.6641,9.05,8.65
tile_r018275_c010595,3,764,48.13,407.52,98.40,445.51,480940.5360,4044487.7062,480940.6365,4044487.7821,10.05,7.60
tile_r018275_c010595,3,830,408.88,304.68,477.02,357.34,480941.2575,4044487.8825,480941.3937,4044487.9878,13.63,10.53
tile_r018275_c010595,3,767,0.00,293.89,34.24,332.05,480940.4397,4044487.9331,480940.5082,4044488.0094,6.85,7.63
tile_r018275_c010595,3,773,42.71,211.47,75.79,238.11,480940.5252,4044488.1209,480940.5913,4044488.1742,6.61,5.33
tile_r018275_c010595,3,772,12.95,191.72,44.48,218.88,480940.4656,4044488.1594,480940.5287,4044488.2137,6.31,5.43
tile_r018275_c010595,3,831,424.76,229.14,463.45,270.18,480941.2892,4044488.0568,480941.3666,4044488.1389,7.74,8.21
tile_r018275_c010595,3,832,291.14,92.22,335.33,134.15,480941.0220,4044488.3289,480941.1104,4044488.4127,8.84,8.39
tile_r018275_c010595,3,833,264.68,0.00,333.48,57.51,480940.9691,4044488.4821,480941.1067,4044488.5972,13.76,11.50
tile_r018275_c010595,3,774,34.77,66.45,87.25,114.33,480940.5093,4044488.3685,480940.6142,4044488.4643,10.49,9.58
tile_r018275_c010851,3,830,152.88,304.68,221.02,357.34,480941.2575,4044487.8825,480941.3937,4044487.9878,13.63,10.53
tile_r018275_c010851,3,831,168.76,229.14,207.45,270.18,480941.2892,4044488.0568,480941.3666,4044488.1389,7.74,8.21
tile_r018275_c010851,3,832,35.14,92.22,79.33,134.15,480941.0220,4044488.3289,480941.1104,4044488.4127,8.84,8.39
tile_r018275_c010851,3,867,401.60,94.05,448.74,131.52,480941.7549,4044488.3341,480941.8492,4044488.4091,9.43,7.49
tile_r018275_c010851,3,833,8.68,0.00,77.48,57.51,480940.9691,4044488.4821,480941.1067,4044488.5972,13.76,11.50
tile_r018275_c011107,3,863,311.85,352.15,376.67,415.13,480942.0874,4044487.7669,480942.2170,4044487.8929,12.96,12.59
tile_r018275_c011107,3,864,373.90,301.73,430.52,357.60,480942.2115,4044487.8820,480942.3247,4044487.9937,11.32,11.17
tile_r018275_c011107,3,865,351.98,173.43,382.81,209.64,480942.1677,4044488.1779,480942.2293,4044488.2503,6.17,7.24
tile_r018275_c011107,3,866,283.85,144.30,332.80,184.03,480942.0314,4044488.2291,480942.1293,4044488.3086,9.79,7.95
tile_r018275_c011107,3,867,145.60,94.05,192.74,131.52,480941.7549,4044488.3341,480941.8492,4044488.4091,9.43,7.49
tile_r018275_c011107,3,869,304.35,23.93,334.93,54.17,480942.0724,4044488.4888,480942.1335,4044488.5493,6.11,6.05
tile_r018275_c011107,3,868,234.90,0.00,279.05,25.51,480941.9335,4044488.5461,480942.0218,4044488.5972,8.83,5.10
tile_r018275_c011363,3,863,55.85,352.15,120.67,415.13,480942.0874,4044487.7669,480942.2170,4044487.8929,12.96,12.59
tile_r018275_c011363,3,864,117.90,301.73,174.52,357.60,480942.2115,4044487.8820,480942.3247,4044487.9937,11.32,11.17
tile_r018275_c011363,3,865,95.98,173.43,126.81,209.64,480942.1677,4044488.1779,480942.2293,4044488.2503,6.17,7.24
tile_r018275_c011363,3,866,27.85,144.30,76.80,184.03,480942.0314,4044488.2291,480942.1293,4044488.3086,9.79,7.95
tile_r018275_c011363,3,869,48.35,23.93,78.93,54.17,480942.0724,4044488.4888,480942.1335,4044488.5493,6.11,6.05
tile_r018275_c011363,3,861,269.06,474.21,320.39,512.00,480942.5138,4044487.5732,480942.6165,4044487.6488,10.27,7.56
tile_r018275_c011363,3,937,436.92,140.77,462.72,166.43,480942.8495,4044488.2643,480942.9011,4044488.3156,5.16,5.13
tile_r018275_c011363,3,941,385.81,10.92,422.57,52.10,480942.7473,4044488.4930,480942.8208,4044488.5753,7.35,8.24
tile_r018275_c011619,3,861,13.06,474.21,64.39,512.00,480942.5138,4044487.5732,480942.6165,4044487.6488,10.27,7.56
tile_r018275_c011619,3,932,389.95,447.03,430.86,494.21,480943.2676,4044487.6087,480943.3494,4044487.7031,8.18,9.44
tile_r018275_c011619,3,940,445.51,326.64,490.68,374.63,480943.3787,4044487.8479,480943.4690,4044487.9439,9.03,9.60
tile_r018275_c011619,3,934,369.44,306.14,429.79,352.97,480943.2266,4044487.8912,480943.3473,4044487.9849,12.07,9.37
tile_r018275_c011619,3,935,243.10,277.69,293.28,324.94,480942.9739,4044487.9473,480943.0742,4044488.0418,10.04,9.45
tile_r018275_c011619,3,936,250.37,211.24,292.71,255.51,480942.9884,4044488.0861,480943.0731,4044488.1747,8.47,8.85
tile_r018275_c011619,3,939,414.42,205.61,458.08,230.06,480943.3165,4044488.1371,480943.4038,4044488.1859,8.73,4.89
tile_r018275_c011619,3,938,331.74,175.17,389.02,234.57,480943.1511,4044488.1280,480943.2657,4044488.2468,11.46,11.88
tile_r018275_c011619,3,937,180.92,140.77,206.72,166.43,480942.8495,4044488.2643,480942.9011,4044488.3156,5.16,5.13
tile_r018275_c011619,3,944,390.81,69.13,439.70,117.74,480943.2693,4044488.3617,480943.3671,4044488.4589,9.78,9.72
tile_r018275_c011619,3,941,129.81,10.92,166.57,52.10,480942.7473,4044488.4930,480942.8208,4044488.5753,7.35,8.24
tile_r018275_c011619,3,942,250.57,0.00,304.15,36.72,480942.9888,4044488.5237,480943.0960,4044488.5972,10.72,7.34
tile_r018275_c011619,3,943,323.34,0.00,368.98,25.21,480943.1343,4044488.5467,480943.2256,4044488.5972,9.13,5.04
tile_r018275_c012387,4,1009,96.00,383.64,142.94,425.98,480944.2157,4044487.7452,480944.3095,4044487.8299,9.39,8.47
tile_r018275_c012387,4,1076,451.47,277.09,497.12,342.06,480944.9266,4044487.9130,480945.0179,4044488.0430,9.13,13.00
tile_r018275_c012387,4,1010,140.50,245.21,173.46,275.53,480944.3047,4044488.0461,480944.3706,4044488.1067,6.59,6.06
tile_r018275_c012387,4,1011,16.15,229.34,50.01,267.69,480944.0559,4044488.0618,480944.1237,4044488.1385,6.77,7.67
tile_r018275_c012387,4,1081,381.44,138.49,433.27,198.29,480944.7865,4044488.2006,480944.8902,4044488.3202,10.37,11.96
tile_r018275_c012387,4,1080,492.97,141.49,512.00,175.22,480945.0096,4044488.2467,480945.0476,4044488.3142,3.81,6.75
tile_r018275_c012387,4,1017,149.10,140.04,174.19,164.75,480944.3219,4044488.2677,480944.3720,4044488.3171,5.02,4.94
tile_r018275_c012387,4,1015,2.92,97.51,52.53,133.62,480944.0295,4044488.3299,480944.1287,4044488.4021,9.92,7.22
tile_r018275_c012387,4,1084,348.70,12.82,390.28,54.32,480944.7210,4044488.4885,480944.8042,4044488.5715,8.32,8.30
tile_r018275_c012387,4,1082,446.50,0.00,492.14,30.02,480944.9166,4044488.5371,480945.0079,4044488.5972,9.13,6.00
tile_r018275_c012643,4,1074,387.97,431.02,442.21,469.10,480945.3116,4044487.6590,480945.4200,4044487.7351,10.85,7.62
tile_r018275_c012643,4,1076,195.47,277.09,241.12,342.06,480944.9266,4044487.9130,480945.0179,4044488.0430,9.13,13.00
tile_r018275_c012643,4,1075,321.82,291.70,356.22,321.35,480945.1793,4044487.9545,480945.2481,4044488.0138,6.88,5.93
tile_r018275_c012643,4,1077,298.01,247.32,331.28,282.21,480945.1316,4044488.0327,480945.1982,4044488.1025,6.65,6.98
tile_r018275_c012643,4,1078,366.80,147.87,427.65,216.46,480945.2692,4044488.1642,480945.3909,4044488.3014,12.17,13.72
tile_r018275_c012643,4,1081,125.44,138.49,177.27,198.29,480944.7865,4044488.2006,480944.8902,4044488.3202,10.37,11.96
tile_r018275_c012643,4,1080,236.97,141.49,274.37,175.22,480945.0096,4044488.2467,480945.0844,4044488.3142,7.48,6.75
tile_r018275_c012643,4,1079,431.62,256.47,492.48,332.10,480945.3989,4044487.9330,480945.5206,4044488.0842,12.17,15.13
tile_r018275_c012643,4,1084,92.70,12.82,134.28,54.32,480944.7210,4044488.4885,480944.8042,4044488.5715,8.32,8.30
tile_r018275_c012643,4,1083,279.14,0.00,340.66,54.06,480945.0939,4044488.4890,480945.2169,4044488.5972,12.30,10.81
tile_r018275_c012643,4,1082,190.50,0.00,236.14,30.02,480944.9166,4044488.5371,480945.0079,4044488.5972,9.13,6.00
tile_r018275_c012899,4,1074,131.97,431.02,186.21,469.10,480945.3116,4044487.6590,480945.4200,4044487.7351,10.85,7.62
tile_r018275_c012899,4,1151,452.47,366.94,512.00,438.51,480945.9526,4044487.7201,480946.0716,4044487.8633,11.91,14.31
tile_r018275_c012899,4,1075,65.82,291.70,100.22,321.35,480945.1793,4044487.9545,480945.2481,4044488.0138,6.88,5.93
tile_r018275_c012899,4,1077,42.01,247.32,75.28,282.21,480945.1316,4044488.0327,480945.1982,4044488.1025,6.65,6.98
tile_r018275_c012899,4,1078,110.80,147.87,171.65,216.46,480945.2692,4044488.1642,480945.3909,4044488.3014,12.17,13.72
tile_r018275_c012899,4,1079,175.62,256.47,236.48,332.10,480945.3989,4044487.9330,480945.5206,4044488.0842,12.17,15.13
tile_r018275_c012899,4,1154,437.59,266.13,468.34,303.67,480945.9228,4044487.9898,480945.9843,4044488.0649,6.15,7.51
tile_r018275_c012899,4,1157,385.68,182.13,441.86,239.01,480945.8190,4044488.1191,480945.9313,4044488.2329,11.24,11.38
tile_r018275_c012899,4,1156,483.56,154.35,512.00,207.13,480946.0147,4044488.1829,480946.0716,4044488.2885,5.69,10.56
tile_r018275_c012899,4,1158,318.27,93.49,363.17,138.24,480945.6842,4044488.3207,480945.7740,4044488.4102,8.98,8.95
tile_r018275_c012899,4,1159,442.48,40.90,478.91,73.18,480945.9326,4044488.4508,480946.0054,4044488.5154,7.29,6.46
tile_r018275_c012899,4,1160,478.20,0.00,512.00,50.43,480946.0040,4044488.4963,480946.0716,4044488.5972,6.76,10.09
tile_r018275_c012899,4,1083,23.14,0.00,84.66,54.06,480945.0939,4044488.4890,480945.2169,4044488.5972,12.30,10.81
tile_r018275_c012899,4,1162,306.50,2.01,344.85,40.32,480945.6606,4044488.5165,480945.7373,4044488.5931,7.67,7.66
tile_r018275_c013155,4,1149,233.35,465.90,282.51,501.56,480946.0263,4044487.5940,480946.1246,4044487.6654,9.83,7.13
tile_r018275_c013155,4,1148,401.36,455.16,450.97,498.46,480946.3623,4044487.6003,480946.4615,4044487.6868,9.92,8.66
tile_r018275_c013155,4,1151,196.47,366.94,266.59,438.51,480945.9526,4044487.7201,480946.0928,4044487.8633,14.02,14.31
tile_r018275_c013155,4,1152,279.15,327.65,332.47,390.62,480946.1179,4044487.8159,480946.2245,4044487.9419,10.66,12.59
tile_r018275_c013155,4,1153,313.55,293.25,359.08,342.46,480946.1867,4044487.9123,480946.2778,4044488.0107,9.11,9.84
tile_r018275_c013155,4,1155,244.76,268.16,293.04,313.72,480946.0491,4044487.9697,480946.1457,4044488.0609,9.66,9.11
tile_r018275_c013155,4,1154,181.59,266.13,212.34,303.67,480945.9228,4044487.9898,480945.9843,4044488.0649,6.15,7.51
tile_r018275_c013155,4,1157,129.68,182.13,185.86,239.01,480945.8190,4044488.1191,480945.9313,4044488.2329,11.24,11.38
tile_r018275_c013155,4,1156,227.56,154.35,282.02,207.13,480946.0147,4044488.1829,480946.1237,4044488.2885,10.89,10.56
tile_r018275_c013155,4,1158,62.27,93.49,107.17,138.24,480945.6842,4044488.3207,480945.7740,4044488.4102,8.98,8.95
tile_r018275_c013155,4,1159,186.48,40.90,222.91,73.18,480945.9326,4044488.4508,480946.0054,4044488.5154,7.29,6.46
tile_r018275_c013155,4,1160,222.20,0.00,271.41,50.43,480946.0040,4044488.4963,480946.1024,4044488.5972,9.84,10.09
tile_r018275_c013155,4,1162,50.50,2.01,88.85,40.32,480945.6606,4044488.5165,480945.7373,4044488.5931,7.67,7.66
tile_r018531_c005987,1,240,252.73,470.90,295.58,512.00,480931.7294,4044487.0612,480931.8151,4044487.1434,8.57,8.22
tile_r018531_c005987,1,241,408.84,430.15,468.62,473.94,480932.0416,4044487.1373,480932.1611,4044487.2249,11.96,8.76
tile_r018531_c005987,1,45,0.10,416.52,50.85,466.07,480931.2241,4044487.1530,480931.3256,4044487.2521,10.15,9.91
tile_r018531_c005987,1,245,256.56,341.78,286.73,368.77,480931.7370,4044487.3476,480931.7974,4044487.4016,6.03,5.40
tile_r018531_c005987,1,244,356.98,300.11,392.67,334.83,480931.9379,4044487.4155,480932.0092,4044487.4850,7.14,6.94
tile_r018531_c005987,1,247,395.08,236.26,443.10,271.89,480932.0141,4044487.5414,480932.1101,4044487.6127,9.60,7.13
tile_r018531_c005987,1,246,183.54,227.00,230.37,273.21,480931.5910,4044487.5388,480931.6847,4044487.6312,9.37,9.24
tile_r018531_c005987,1,248,297.84,151.93,353.01,201.43,480931.8196,4044487.6823,480931.9299,4044487.7813,11.03,9.90
tile_r018531_c005987,1,249,359.36,111.48,395.08,149.01,480931.9426,4044487.7871,480932.0141,4044487.8622,7.14,7.51
tile_r018531_c005987,1,250,251.41,94.92,290.72,128.42,480931.7267,4044487.8283,480931.8054,4044487.8953,7.86,6.70
tile_r018531_c005987,1,251,92.65,73.49,125.29,103.03,480931.4092,4044487.8791,480931.4745,4044487.9382,6.53,5.91
tile_r018531_c005987,1,252,252.20,24.82,308.56,65.41,480931.7283,4044487.9543,480931.8410,4044488.0355,11.27,8.12
tile_r018531_c006243,1,242,286.72,473.55,339.69,512.00,480932.3093,4044487.0612,480932.4153,4044487.1381,10.59,7.69
tile_r018531_c006243,1,240,0.00,470.90,39.58,512.00,480931.7359,4044487.0612,480931.8151,4044487.1434,7.91,8.22
tile_r018531_c006243,1,241,152.84,430.15,212.62,473.94,480932.0416,4044487.1373,480932.1611,4044487.2249,11.96,8.76
tile_r018531_c006243,1,243,338.31,421.58,383.96,465.98,480932.4125,4044487.1532,480932.5038,4044487.2420,9.13,8.88
tile_r018531_c006243,1,307,471.22,383.11,512.00,433.05,480932.6783,4044487.2191,480932.7599,4044487.3190,8.16,9.99
tile_r018531_c006243,1,245,0.56,341.78,30.73,368.77,480931.7370,4044487.3476,480931.7974,4044487.4016,6.03,5.40
tile_r018531_c006243,1,244,100.98,300.11,136.67,334.83,480931.9379,4044487.4155,480932.0092,4044487.4850,7.14,6.94
tile_r018531_c006243,1,247,139.08,236.26,187.10,271.89,480932.0141,4044487.5414,480932.1101,4044487.6127,9.60,7.13
tile_r018531_c006243,1,312,440.00,64.27,498.74,112.11,480932.6159,4044487.8609,480932.7334,4044487.9566,11.75,9.57
tile_r018531_c006243,1,248,41.84,151.93,97.01,201.43,480931.8196,4044487.6823,480931.9299,4044487.7813,11.03,9.90
tile_r018531_c006243,1,249,103.36,111.48,139.08,149.01,480931.9426,4044487.7871,480932.0141,4044487.8622,7.14,7.51
tile_r018531_c006243,1,250,0.00,94.92,34.72,128.42,480931.7359,4044487.8283,480931.8054,4044487.8953,6.94,6.70
tile_r018531_c006243,1,252,0.00,24.82,52.56,65.41,480931.7359,4044487.9543,480931.8410,4044488.0355,10.51,8.12
tile_r018531_c006499,1,242,30.72,473.55,83.69,512.00,480932.3093,4044487.0612,480932.4153,4044487.1381,10.59,7.69
tile_r018531_c006499,1,306,256.50,452.53,323.72,512.00,480932.7609,4044487.0612,480932.8953,4044487.1801,13.44,11.89
tile_r018531_c006499,1,243,82.31,421.58,127.96,465.98,480932.4125,4044487.1532,480932.5038,4044487.2420,9.13,8.88
tile_r018531_c006499,1,307,215.22,383.11,267.61,433.05,480932.6783,4044487.2191,480932.7831,4044487.3190,10.48,9.99
tile_r018531_c006499,1,309,242.74,302.24,292.69,351.96,480932.7334,4044487.3813,480932.8333,4044487.4807,9.99,9.94
tile_r018531_c006499,1,308,237.45,267.85,277.80,303.46,480932.7228,4044487.4783,480932.8035,4044487.5495,8.07,7.12
tile_r018531_c006499,1,310,327.94,244.86,389.32,296.13,480932.9038,4044487.4929,480933.0265,4044487.5955,12.28,10.25
tile_r018531_c006499,1,311,277.14,221.28,298.68,244.59,480932.8022,4044487.5960,480932.8453,4044487.6426,4.31,4.66
tile_r018531_c006499,1,363,464.24,115.14,512.00,150.95,480933.1764,4044487.7833,480933.2719,4044487.8549,9.55,7.16
tile_r018531_c006499,1,312,184.00,64.27,242.74,112.11,480932.6159,4044487.8609,480932.7334,4044487.9566,11.75,9.57
tile_r018531_c006755,1,356,422.16,480.20,469.20,512.00,480933.6042,4044487.0612,480933.6983,4044487.1248,9.41,6.36
tile_r018531_c006755,1,306,0.50,452.53,67.72,512.00,480932.7609,4044487.0612,480932.8953,4044487.1801,13.44,11.89
tile_r018531_c006755,1,357,285.48,400.23,343.33,456.46,480933.3308,4044487.1723,480933.4465,4044487.2847,11.57,11.24
tile_r018531_c006755,1,359,433.14,345.99,488.33,394.52,480933.6262,4044487.2961,480933.7365,4044487.3932,11.04,9.71
tile_r018531_c006755,1,358,291.58,309.61,358.30,360.94,480933.3430,4044487.3633,480933.4765,4044487.4659,13.34,10.27
tile_r018531_c006755,1,309,0.00,302.24,36.69,351.96,480932.7599,4044487.3813,480932.8333,4044487.4807,7.34,9.94
tile_r018531_c006755,1,308,0.00,267.85,21.80,303.46,480932.7599,4044487.4783,480932.8035,4044487.5495,4.36,7.12
tile_r018531_c006755,1,310,71.94,244.86,133.32,296.13,480932.9038,4044487.4929,480933.0265,4044487.5955,12.28,10.25
tile_r018531_c006755,1,311,21.14,221.28,42.68,244.59,480932.8022,4044487.5960,480932.8453,4044487.6426,4.31,4.66
tile_r018531_c006755,1,364,203.61,197.82,320.08,264.98,480933.1671,4044487.5552,480933.4000,4044487.6895,23.29,13.43
tile_r018531_c006755,1,360,402.71,205.76,455.43,249.74,480933.5653,4044487.5857,480933.6707,4044487.6736,10.54,8.80
tile_r018531_c006755,1,361,408.00,138.66,468.86,192.82,480933.5759,4044487.6995,480933.6976,4044487.8078,12.17,10.83
tile_r018531_c006755,1,363,208.24,115.14,261.26,150.95,480933.1764,4044487.7833,480933.2824,4044487.8549,10.60,7.16
tile_r018531_c006755,1,362,299.52,86.70,338.92,127.28,480933.3589,4044487.8306,480933.4377,4044487.9118,7.88,8.12
tile_r018531_c006755,1,365,251.23,35.76,303.90,79.87,480933.2623,4044487.9254,480933.3677,4044488.0136,10.53,8.82
tile_r018531_c007011,1,356,166.16,480.20,213.20,512.00,480933.6042,4044487.0612,480933.6983,4044487.1248,9.41,6.36
tile_r018531_c007011,1,357,29.48,400.23,87.33,456.46,480933.3308,4044487.1723,480933.4465,4044487.2847,11.57,11.24
tile_r018531_c007011,1,359,177.14,345.99,232.33,394.52,480933.6262,4044487.2961,480933.7365,4044487.3932,11.04,9.71
tile_r018531_c007011,1,358,35.58,309.61,102.30,360.94,480933.3430,4044487.3633,480933.4765,4044487.4659,13.34,10.27
tile_r018531_c007011,1,364,0.00,197.82,64.08,264.98,480933.2719,4044487.5552,480933.4000,4044487.6895,12.82,13.43
tile_r018531_c007011,1,360,146.71,205.76,199.43,249.74,480933.5653,4044487.5857,480933.6707,4044487.6736,10.54,8.80
tile_r018531_c007011,1,361,152.00,138.66,212.86,192.82,480933.5759,4044487.6995,480933.6976,4044487.8078,12.17,10.83
tile_r018531_c007011,1,362,43.52,86.70,82.92,127.28,480933.3589,4044487.8306,480933.4377,4044487.9118,7.88,8.12
tile_r018531_c007011,1,365,0.00,35.76,47.90,79.87,480933.2719,4044487.9254,480933.3677,4044488.0136,9.58,8.82
tile_r018531_c007267,1,408,335.50,481.64,383.55,512.00,480934.4549,4044487.0612,480934.5510,4044487.1219,9.61,6.07
tile_r018531_c007267,1,407,453.24,442.38,506.82,497.08,480934.6903,4044487.0910,480934.7975,4044487.2004,10.72,10.94
tile_r018531_c007267,1,409,277.29,387.05,329.15,428.95,480934.3384,4044487.2273,480934.4422,4044487.3111,10.37,8.38
tile_r018531_c007267,1,410,375.85,386.39,412.23,421.45,480934.5355,4044487.2423,480934.6083,4044487.3124,7.28,7.01
tile_r018531_c007267,1,411,436.70,328.18,477.34,367.92,480934.6573,4044487.3493,480934.7385,4044487.4288,8.13,7.95
tile_r018531_c007267,1,412,482.34,258.06,512.00,309.74,480934.7485,4044487.4657,480934.8079,4044487.5690,5.93,10.34
tile_r018531_c007267,1,413,337.48,183.32,391.79,233.59,480934.4588,4044487.6180,480934.5674,4044487.7185,10.86,10.05
tile_r018531_c007267,1,415,257.44,165.95,301.10,210.61,480934.2987,4044487.6640,480934.3861,4044487.7533,8.73,8.93
tile_r018531_c007267,1,414,354.68,127.09,394.56,167.12,480934.4932,4044487.7509,480934.5730,4044487.8310,7.98,8.01
tile_r018531_c007267,1,416,242.23,89.39,296.85,139.48,480934.2683,4044487.8062,480934.3776,4044487.9064,10.92,10.02
tile_r018531_c007267,1,417,278.61,75.31,313.01,100.15,480934.3411,4044487.8849,480934.4099,4044487.9345,6.88,4.97
tile_r018531_c007267,1,418,272.66,6.70,315.47,49.11,480934.3292,4044487.9869,480934.4148,4044488.0718,8.56,8.48
tile_r018531_c007267,1,419,359.31,0.00,420.65,31.69,480934.5025,4044488.0218,480934.6251,4044488.0852,12.27,6.34
tile_r018531_c008035,2,477,316.19,476.44,360.11,512.00,480935.9522,4044487.0612,480936.0400,4044487.1323,8.78,7.11
tile_r018531_c008035,2,474,41.68,440.72,87.51,487.36,480935.4032,4044487.1105,480935.4949,4044487.2037,9.17,9.33
tile_r018531_c008035,2,478,249.46,446.01,291.63,475.78,480935.8188,4044487.1336,480935.9031,4044487.1932,8.43,5.95
tile_r018531_c008035,2,480,322.80,363.99,363.20,417.11,480935.9654,4044487.2510,480936.0462,4044487.3572,8.08,10.62
tile_r018531_c008035,2,481,396.88,360.68,421.36,393.27,480936.1136,4044487.2986,480936.1626,4044487.3638,4.90,6.52
tile_r018531_c008035,2,479,204.02,348.11,261.29,392.75,480935.7279,4044487.2997,480935.8424,4044487.3890,11.45,8.93
tile_r018531_c008035,2,471,89.30,161.48,165.28,236.32,480935.4984,4044487.6125,480935.6504,4044487.7622,15.19,14.97
tile_r018531_c008035,2,470,37.05,155.34,78.72,192.95,480935.3939,4044487.6993,480935.4773,4044487.7745,8.33,7.52
tile_r018531_c008035,2,472,308.77,211.85,354.03,250.88,480935.9374,4044487.5834,480936.0279,4044487.6615,9.05,7.81
tile_r018531_c008035,2,468,4.64,30.79,80.04,105.83,480935.3291,4044487.8735,480935.4799,4044488.0236,15.08,15.01
tile_r018531_c008035,2,469,164.05,34.58,229.08,98.98,480935.6479,4044487.8872,480935.7780,4044488.0160,13.01,12.88
tile_r018531_c008291,2,477,60.19,476.44,104.11,512.00,480935.9522,4044487.0612,480936.0400,4044487.1323,8.78,7.11
tile_r018531_c008291,2,478,0.00,446.01,35.63,475.78,480935.8318,4044487.1336,480935.9031,4044487.1932,7.13,5.95
tile_r018531_c008291,2,517,411.77,418.94,464.02,473.73,480936.6554,4044487.1377,480936.7598,4044487.2473,10.45,10.96
tile_r018531_c008291,2,480,66.80,363.99,107.20,417.11,480935.9654,4044487.2510,480936.0462,4044487.3572,8.08,10.62
tile_r018531_c008291,2,481,140.88,360.68,165.36,393.27,480936.1136,4044487.2986,480936.1626,4044487.3638,4.90,6.52
tile_r018531_c008291,2,516,419.50,328.45,476.07,395.29,480936.6708,4044487.2946,480936.7839,4044487.4283,11.31,13.37
tile_r018531_c008291,2,518,320.90,287.18,387.96,347.67,480936.4736,4044487.3898,480936.6077,4044487.5108,13.41,12.10
tile_r018531_c008291,2,472,52.77,211.85,98.03,250.88,480935.9374,4044487.5834,480936.0279,4044487.6615,9.05,7.81
tile_r018531_c008291,2,519,444.32,195.10,471.32,222.19,480936.7204,4044487.6408,480936.7744,4044487.6950,5.40,5.42
tile_r018531_c008291,2,520,481.62,168.01,512.00,215.85,480936.7951,4044487.6535,480936.8558,4044487.7492,6.08,9.57
tile_r018531_c008291,2,522,356.40,155.41,408.93,209.39,480936.5446,4044487.6664,480936.6497,4044487.7743,10.51,10.80
tile_r018531_c008291,2,523,278.73,153.83,322.34,194.45,480936.3893,4044487.6963,480936.4765,4044487.7775,8.72,8.13
tile_r018531_c008291,2,521,478.45,106.73,512.00,149.33,480936.7887,4044487.7865,480936.8558,4044487.8717,6.71,8.52
tile_r018531_c008291,2,524,339.80,80.27,372.45,108.84,480936.5114,4044487.8675,480936.5767,4044487.9246,6.53,5.71
tile_r018531_c008291,2,525,328.69,28.41,377.74,73.19,480936.4892,4044487.9388,480936.5873,4044488.0283,9.81,8.96
tile_r018531_c008547,2,513,272.93,469.74,324.05,511.45,480936.8897,4044487.0623,480936.9919,4044487.1457,10.22,8.34
tile_r018531_c008547,2,517,155.77,418.94,208.02,473.73,480936.6554,4044487.1377,480936.7598,4044487.2473,10.45,10.96
tile_r018531_c008547,2,514,366.91,389.35,419.30,437.43,480937.0776,4044487.2103,480937.1824,4044487.3065,10.48,9.62
tile_r018531_c008547,2,516,163.50,328.45,220.07,395.29,480936.6708,4044487.2946,480936.7839,4044487.4283,11.31,13.37
tile_r018531_c008547,2,515,298.65,294.32,361.34,357.01,480936.9411,4044487.3712,480937.0665,4044487.4965,12.54,12.54
tile_r018531_c008547,2,518,64.90,287.18,131.96,347.67,480936.4736,4044487.3898,480936.6077,4044487.5108,13.41,12.10
tile_r018531_c008547,2,519,188.32,195.10,215.32,222.19,480936.7204,4044487.6408,480936.7744,4044487.6950,5.40,5.42
tile_r018531_c008547,2,520,225.62,168.01,269.55,215.85,480936.7951,4044487.6535,480936.8829,4044487.7492,8.78,9.57
tile_r018531_c008547,2,522,100.40,155.41,152.93,209.39,480936.5446,4044487.6664,480936.6497,4044487.7743,10.51,10.80
tile_r018531_c008547,2,523,22.73,153.83,66.34,194.45,480936.3893,4044487.6963,480936.4765,4044487.7775,8.72,8.13
tile_r018531_c008547,2,521,222.45,106.73,261.04,149.33,480936.7887,4044487.7865,480936.8659,4044487.8717,7.72,8.52
tile_r018531_c008547,2,524,83.80,80.27,116.45,108.84,480936.5114,4044487.8675,480936.5767,4044487.9246,6.53,5.71
tile_r018531_c008547,2,525,72.69,28.41,121.74,73.19,480936.4892,4044487.9388,480936.5873,4044488.0283,9.81,8.96
tile_r018531_c008803,2,580,379.27,481.48,420.09,512.00,480937.6143,4044487.0612,480937.6960,4044487.1222,8.16,6.10
tile_r018531_c008803,2,513,16.93,469.74,68.05,511.45,480936.8897,4044487.0623,480936.9919,4044487.1457,10.22,8.34
tile_r018531_c008803,2,581,459.31,422.61,495.81,460.24,480937.7744,4044487.1647,480937.8474,4044487.2400,7.30,7.52
tile_r018531_c008803,2,514,110.91,389.35,163.30,437.43,480937.0776,4044487.2103,480937.1824,4044487.3065,10.48,9.62
tile_r018531_c008803,2,584,350.82,377.63,389.00,410.57,480937.5574,4044487.2640,480937.6338,4044487.3299,7.63,6.59
tile_r018531_c008803,2,515,42.65,294.32,105.34,357.01,480936.9411,4044487.3712,480937.0665,4044487.4965,12.54,12.54
tile_r018531_c008803,2,585,319.87,233.70,353.22,267.20,480937.4955,4044487.5508,480937.5622,4044487.6178,6.67,6.70
tile_r018531_c008803,2,587,360.25,178.13,406.49,211.47,480937.5763,4044487.6622,480937.6688,4044487.7289,9.25,6.67
tile_r018531_c008803,2,586,287.06,166.49,324.10,188.72,480937.4299,4044487.7077,480937.5040,4044487.7522,7.41,4.45
tile_r018531_c008803,2,591,353.48,88.70,429.14,153.79,480937.5627,4044487.7776,480937.7141,4044487.9078,15.13,13.02
tile_r018531_c008803,2,582,444.64,344.56,507.71,400.78,480937.7451,4044487.2836,480937.8712,4044487.3961,12.61,11.24
tile_r018531_c008803,2,588,425.70,219.44,496.61,283.94,480937.7072,4044487.5173,480937.8490,4044487.6463,14.18,12.90
tile_r018531_c008803,2,592,399.24,20.97,442.23,70.26,480937.6543,4044487.9446,480937.7403,4044488.0432,8.60,9.86
tile_r018531_c009059,2,580,123.27,481.48,164.09,512.00,480937.6143,4044487.0612,480937.6960,4044487.1222,8.16,6.10
tile_r018531_c009059,2,578,286.65,457.57,346.18,502.76,480937.9411,4044487.0797,480938.0601,4044487.1700,11.91,9.04
tile_r018531_c009059,2,581,203.31,422.61,239.81,460.24,480937.7744,4044487.1647,480937.8474,4044487.2400,7.30,7.52
tile_r018531_c009059,2,583,397.78,371.68,438.56,398.88,480938.1633,4044487.2874,480938.2449,4044487.3418,8.16,5.44
tile_r018531_c009059,2,584,94.82,377.63,133.00,410.57,480937.5574,4044487.2640,480937.6338,4044487.3299,7.63,6.59
tile_r018531_c009059,2,585,63.87,233.70,97.22,267.20,480937.4955,4044487.5508,480937.5622,4044487.6178,6.67,6.70
tile_r018531_c009059,2,587,104.25,178.13,150.49,211.47,480937.5763,4044487.6622,480937.6688,4044487.7289,9.25,6.67
tile_r018531_c009059,2,586,31.06,166.49,68.10,188.72,480937.4299,4044487.7077,480937.5040,4044487.7522,7.41,4.45
tile_r018531_c009059,2,591,97.48,88.70,173.14,153.79,480937.5627,4044487.7776,480937.7141,4044487.9078,15.13,13.02
tile_r018531_c009059,2,582,188.64,344.56,251.71,400.78,480937.7451,4044487.2836,480937.8712,4044487.3961,12.61,11.24
tile_r018531_c009059,2,590,325.28,252.75,362.28,287.49,480938.0183,4044487.5102,480938.0923,4044487.5797,7.40,6.95
tile_r018531_c009059,2,588,169.70,219.44,240.61,283.94,480937.7072,4044487.5173,480937.8490,4044487.6463,14.18,12.90
tile_r018531_c009059,2,589,253.31,223.56,297.76,269.23,480937.8744,4044487.5467,480937.9633,4044487.6380,8.89,9.13
tile_r018531_c009059,2,592,143.24,20.97,186.23,70.26,480937.6543,4044487.9446,480937.7403,4044488.0432,8.60,9.86
tile_r018531_c009315,2,578,30.65,457.57,90.18,502.76,480937.9411,4044487.0797,480938.0601,4044487.1700,11.91,9.04
tile_r018531_c009315,2,631,459.81,451.31,512.00,507.61,480938.7994,4044487.0700,480938.9038,4044487.1825,10.44,11.26
tile_r018531_c009315,2,633,357.94,414.93,435.66,479.95,480938.5956,4044487.1253,480938.7511,4044487.2553,15.54,13.00
tile_r018531_c009315,2,583,141.78,371.68,182.56,398.88,480938.1633,4044487.2874,480938.2449,4044487.3418,8.16,5.44
tile_r018531_c009315,2,590,69.28,252.75,106.28,287.49,480938.0183,4044487.5102,480938.0923,4044487.5797,7.40,6.95
tile_r018531_c009315,2,589,0.00,223.56,41.76,269.23,480937.8798,4044487.5467,480937.9633,4044487.6380,8.35,9.13
tile_r018531_c009315,2,634,254.75,7.47,311.56,53.96,480938.3893,4044487.9772,480938.5029,4044488.0702,11.36,9.30
tile_r018531_c010083,3,759,428.57,427.05,481.58,461.36,480940.2729,4044487.1625,480940.3789,4044487.2311,10.60,6.86
tile_r018531_c010083,3,760,353.25,381.41,406.84,419.78,480940.1222,4044487.2456,480940.2294,4044487.3224,10.72,7.67
tile_r018531_c010083,3,682,12.43,367.69,34.74,410.66,480939.4406,4044487.2639,480939.4852,4044487.3498,4.46,8.59
tile_r018531_c010083,3,683,51.58,253.39,106.57,304.01,480939.5189,4044487.4772,480939.6289,4044487.5784,11.00,10.12
tile_r018531_c010083,3,684,179.12,224.02,232.04,271.11,480939.7740,4044487.5430,480939.8798,4044487.6371,10.58,9.42
tile_r018531_c010083,3,765,497.30,174.15,512.00,197.85,480940.4103,4044487.6895,480940.4397,4044487.7369,2.94,4.74
tile_r018531_c010083,3,686,79.10,133.18,120.91,170.39,480939.5740,4044487.7444,480939.6576,4044487.8188,8.36,7.44
tile_r018531_c010083,3,766,437.95,125.20,500.41,174.15,480940.2916,4044487.7369,480940.4165,4044487.8348,12.49,9.79
tile_r018531_c010083,3,687,23.01,122.15,57.96,157.16,480939.4618,4044487.7708,480939.5317,4044487.8409,6.99,7.00
tile_r018531_c010083,3,688,122.49,61.71,153.19,95.28,480939.6607,4044487.8946,480939.7221,4044487.9618,6.14,6.71
tile_r018531_c010083,3,768,358.40,6.50,399.93,41.02,480940.1325,4044488.0031,480940.2156,4044488.0722,8.31,6.91
tile_r018531_c010339,3,755,321.49,476.66,366.98,511.77,480940.5707,4044487.0616,480940.6617,4044487.1319,9.10,7.02
tile_r018531_c010339,3,759,172.57,427.05,225.58,461.36,480940.2729,4044487.1625,480940.3789,4044487.2311,10.60,6.86
tile_r018531_c010339,3,758,337.37,384.34,396.90,445.29,480940.6025,4044487.1946,480940.7215,4044487.3165,11.91,12.19
tile_r018531_c010339,3,760,97.25,381.41,150.84,419.78,480940.1222,4044487.2456,480940.2294,4044487.3224,10.72,7.67
tile_r018531_c010339,3,761,411.46,356.49,455.77,402.37,480940.7506,4044487.2804,480940.8393,4044487.3722,8.86,9.18
tile_r018531_c010339,3,762,351.10,214.05,398.06,257.94,480940.6299,4044487.5693,480940.7238,4044487.6571,9.39,8.78
tile_r018531_c010339,3,763,421.21,210.53,466.48,253.77,480940.7701,4044487.5776,480940.8607,4044487.6641,9.05,8.65
tile_r018531_c010339,3,765,241.30,174.15,265.10,197.85,480940.4103,4044487.6895,480940.4579,4044487.7369,4.76,4.74
tile_r018531_c010339,3,764,304.13,151.52,354.40,189.51,480940.5360,4044487.7062,480940.6365,4044487.7821,10.05,7.60
tile_r018531_c010339,3,766,181.95,125.20,244.41,174.15,480940.2916,4044487.7369,480940.4165,4044487.8348,12.49,9.79
tile_r018531_c010339,3,767,235.54,37.89,290.24,76.05,480940.3988,4044487.9331,480940.5082,4044488.0094,10.94,7.63
tile_r018531_c010339,3,768,102.40,6.50,143.93,41.02,480940.1325,4044488.0031,480940.2156,4044488.0722,8.31,6.91
tile_r018531_c010595,3,755,65.49,476.66,110.98,511.77,480940.5707,4044487.0616,480940.6617,4044487.1319,9.10,7.02
tile_r018531_c010595,3,758,81.37,384.34,140.90,445.29,480940.6025,4044487.1946,480940.7215,4044487.3165,11.91,12.19
tile_r018531_c010595,3,761,155.46,356.49,199.77,402.37,480940.7506,4044487.2804,480940.8393,4044487.3722,8.86,9.18
tile_r018531_c010595,3,762,95.10,214.05,142.06,257.94,480940.6299,4044487.5693,480940.7238,4044487.6571,9.39,8.78
tile_r018531_c010595,3,763,165.21,210.53,210.48,253.77,480940.7701,4044487.5776,480940.8607,4044487.6641,9.05,8.65
tile_r018531_c010595,3,764,48.13,151.52,98.40,189.51,480940.5360,4044487.7062,480940.6365,4044487.7821,10.05,7.60
tile_r018531_c010595,3,826,442.62,385.85,508.11,446.15,480941.3250,4044487.1929,480941.4559,4044487.3135,13.10,12.06
tile_r018531_c010595,3,827,424.76,323.06,471.89,378.25,480941.2892,4044487.3287,480941.3835,4044487.4391,9.43,11.04
tile_r018531_c010595,3,830,408.88,48.68,477.02,101.34,480941.2575,4044487.8825,480941.3937,4044487.9878,13.63,10.53
tile_r018531_c010595,3,767,0.00,37.89,34.24,76.05,480940.4397,4044487.9331,480940.5082,4044488.0094,6.85,7.63
tile_r018531_c010851,3,825,324.70,418.31,382.58,470.57,480941.6011,4044487.1440,480941.7169,4044487.2486,11.58,10.45
tile_r018531_c010851,3,826,186.62,385.85,252.11,446.15,480941.3250,4044487.1929,480941.4559,4044487.3135,13.10,12.06
tile_r018531_c010851,3,827,168.76,323.06,215.89,378.25,480941.2892,4044487.3287,480941.3835,4044487.4391,9.43,11.04
tile_r018531_c010851,3,828,245.49,291.13,296.42,340.44,480941.4427,4044487.4043,480941.5446,4044487.5029,10.19,9.86
tile_r018531_c010851,3,829,377.12,297.92,406.49,329.08,480941.7060,4044487.4270,480941.7647,4044487.4893,5.87,6.23
tile_r018531_c010851,3,830,152.88,48.68,221.02,101.34,480941.2575,4044487.8825,480941.3937,4044487.9878,13.63,10.53
tile_r018531_c011107,3,825,68.70,418.31,126.58,470.57,480941.6011,4044487.1440,480941.7169,4044487.2486,11.58,10.45
tile_r018531_c011107,3,859,465.27,415.56,505.66,450.83,480942.3942,4044487.1835,480942.4750,4044487.2540,8.08,7.05
tile_r018531_c011107,3,828,0.00,291.13,40.42,340.44,480941.4637,4044487.4043,480941.5446,4044487.5029,8.08,9.86
tile_r018531_c011107,3,829,121.12,297.92,150.49,329.08,480941.7060,4044487.4270,480941.7647,4044487.4893,5.87,6.23
tile_r018531_c011107,3,860,371.25,276.60,428.77,326.00,480942.2062,4044487.4332,480942.3212,4044487.5320,11.50,9.88
tile_r018531_c011107,3,863,311.85,96.15,376.67,159.13,480942.0874,4044487.7669,480942.2170,4044487.8929,12.96,12.59
tile_r018531_c011107,3,864,373.90,45.73,430.52,101.60,480942.2115,4044487.8820,480942.3247,4044487.9937,11.32,11.17
tile_r018531_c011363,3,859,209.27,415.56,249.66,450.83,480942.3942,4044487.1835,480942.4750,4044487.2540,8.08,7.05
tile_r018531_c011363,3,860,115.25,276.60,172.77,326.00,480942.2062,4044487.4332,480942.3212,4044487.5320,11.50,9.88
tile_r018531_c011363,3,863,55.85,96.15,120.67,159.13,480942.0874,4044487.7669,480942.2170,4044487.8929,12.96,12.59
tile_r018531_c011363,3,864,117.90,45.73,174.52,101.60,480942.2115,4044487.8820,480942.3247,4044487.9937,11.32,11.17
tile_r018531_c011363,3,858,334.68,465.84,369.82,501.19,480942.6450,4044487.0828,480942.7153,4044487.1535,7.03,7.07
tile_r018531_c011363,3,862,345.44,263.37,372.28,289.39,480942.6666,4044487.5064,480942.7202,4044487.5584,5.37,5.20
tile_r018531_c011363,3,861,269.06,218.21,320.39,269.38,480942.5138,4044487.5464,480942.6165,4044487.6488,10.27,10.23
tile_r018531_c011619,3,928,472.91,475.79,512.00,512.00,480943.4335,4044487.0612,480943.5117,4044487.1336,7.82,7.24
tile_r018531_c011619,3,858,78.68,465.84,113.82,501.19,480942.6450,4044487.0828,480942.7153,4044487.1535,7.03,7.07
tile_r018531_c011619,3,929,418.66,422.81,478.86,465.94,480943.3250,4044487.1533,480943.4454,4044487.2396,12.04,8.63
tile_r018531_c011619,3,930,252.73,265.12,315.49,302.82,480942.9931,4044487.4795,480943.1186,4044487.5549,12.55,7.54
tile_r018531_c011619,3,862,89.44,263.37,116.28,289.39,480942.6666,4044487.5064,480942.7202,4044487.5584,5.37,5.20
tile_r018531_c011619,3,931,337.69,232.92,407.81,290.70,480943.1631,4044487.5038,480943.3033,4044487.6193,14.02,11.56
tile_r018531_c011619,3,933,468.66,237.33,507.84,278.18,480943.4250,4044487.5288,480943.5033,4044487.6105,7.84,8.17
tile_r018531_c011619,3,861,13.06,218.21,64.39,269.38,480942.5138,4044487.5464,480942.6165,4044487.6488,10.27,10.23
tile_r018531_c011619,3,932,389.95,191.03,430.86,238.21,480943.2676,4044487.6087,480943.3494,4044487.7031,8.18,9.44
tile_r018531_c011619,3,940,445.51,70.64,490.68,118.63,480943.3787,4044487.8479,480943.4690,4044487.9439,9.03,9.60
tile_r018531_c011619,3,934,369.44,50.14,429.79,96.97,480943.2266,4044487.8912,480943.3473,4044487.9849,12.07,9.37
tile_r018531_c011619,3,935,243.10,21.69,293.28,68.94,480942.9739,4044487.9473,480943.0742,4044488.0418,10.04,9.45
tile_r018531_c012387,4,1002,91.61,445.68,123.97,478.71,480944.2069,4044487.1278,480944.2716,4044487.1938,6.47,6.61
tile_r018531_c012387,4,1003,216.57,415.61,259.97,454.05,480944.4568,4044487.1771,480944.5436,4044487.2540,8.68,7.69
tile_r018531_c012387,4,1004,282.72,390.64,312.41,421.40,480944.5891,4044487.2424,480944.6485,4044487.3039,5.94,6.15
tile_r018531_c012387,4,1005,241.44,360.97,281.66,391.21,480944.5065,4044487.3028,480944.5870,4044487.3632,8.04,6.05
tile_r018531_c012387,4,1006,112.85,350.96,144.28,379.37,480944.2494,4044487.3264,480944.3122,4044487.3833,6.29,5.68
tile_r018531_c012387,4,1007,27.16,317.62,76.83,349.90,480944.0780,4044487.3854,480944.1773,4044487.4499,9.93,6.46
tile_r018531_c012387,4,1072,467.35,248.98,512.00,295.91,480944.9583,4044487.4934,480945.0476,4044487.5872,8.93,9.38
tile_r018531_c012387,4,1008,195.98,249.88,244.57,293.28,480944.4156,4044487.4986,480944.5128,4044487.5854,9.72,8.68
tile_r018531_c012387,4,1009,96.00,127.64,142.94,169.98,480944.2157,4044487.7452,480944.3095,4044487.8299,9.39,8.47
tile_r018531_c012387,4,1076,451.47,21.09,497.12,86.06,480944.9266,4044487.9130,480945.0179,4044488.0430,9.13,13.00
tile_r018531_c012387,4,1010,140.50,0.00,173.46,19.53,480944.3047,4044488.0461,480944.3706,4044488.0852,6.59,3.91
tile_r018531_c012643,4,1071,456.15,469.33,495.82,512.00,480945.4479,4044487.0612,480945.5273,4044487.1465,7.93,8.53
tile_r018531_c012643,4,1069,450.86,337.95,507.87,399.12,480945.4373,4044487.2869,480945.5514,4044487.4093,11.40,12.23
tile_r018531_c012643,4,1004,26.72,390.64,56.41,421.40,480944.5891,4044487.2424,480944.6485,4044487.3039,5.94,6.15
tile_r018531_c012643,4,1070,282.05,367.20,322.79,402.13,480945.0997,4044487.2809,480945.1812,4044487.3508,8.15,6.99
tile_r018531_c012643,4,1005,0.00,360.97,25.66,391.21,480944.5356,4044487.3028,480944.5870,4044487.3632,5.13,6.05
tile_r018531_c012643,4,1072,211.35,248.98,259.64,295.91,480944.9583,4044487.4934,480945.0549,4044487.5872,9.66,9.38
tile_r018531_c012643,4,1073,408.47,281.16,448.16,319.96,480945.3526,4044487.4453,480945.4319,4044487.5229,7.94,7.76
tile_r018531_c012643,4,1074,387.97,175.02,442.21,213.10,480945.3116,4044487.6590,480945.4200,4044487.7351,10.85,7.62
tile_r018531_c012643,4,1076,195.47,21.09,241.12,86.06,480944.9266,4044487.9130,480945.0179,4044488.0430,9.13,13.00
tile_r018531_c012643,4,1075,321.82,35.70,356.22,65.35,480945.1793,4044487.9545,480945.2481,4044488.0138,6.88,5.93
tile_r018531_c012643,4,1077,298.01,0.00,331.28,26.21,480945.1316,4044488.0327,480945.1982,4044488.0852,6.65,5.24
tile_r018531_c012643,4,1079,431.62,0.47,492.48,76.10,480945.3989,4044487.9330,480945.5206,4044488.0842,12.17,15.13
tile_r018531_c012899,4,1071,200.15,469.33,239.82,512.00,480945.4479,4044487.0612,480945.5273,4044487.1465,7.93,8.53
tile_r018531_c012899,4,1067,308.10,410.59,343.03,431.23,480945.6638,4044487.2227,480945.7337,4044487.2640,6.99,4.13
tile_r018531_c012899,4,1068,229.25,378.73,291.70,431.87,480945.5061,4044487.2214,480945.6310,4044487.3277,12.49,10.63
tile_r018531_c012899,4,1069,194.86,337.95,251.87,399.12,480945.4373,4044487.2869,480945.5514,4044487.4093,11.40,12.23
tile_r018531_c012899,4,1070,26.05,367.20,66.79,402.13,480945.0997,4044487.2809,480945.1812,4044487.3508,8.15,6.99
tile_r018531_c012899,4,1073,152.47,281.16,192.16,319.96,480945.3526,4044487.4453,480945.4319,4044487.5229,7.94,7.76
tile_r018531_c012899,4,1074,131.97,175.02,186.21,213.10,480945.3116,4044487.6590,480945.4200,4044487.7351,10.85,7.62
tile_r018531_c012899,4,1151,452.47,110.94,512.00,182.51,480945.9526,4044487.7201,480946.0716,4044487.8633,11.91,14.31
tile_r018531_c012899,4,1075,65.82,35.70,100.22,65.35,480945.1793,4044487.9545,480945.2481,4044488.0138,6.88,5.93
tile_r018531_c012899,4,1077,42.01,0.00,75.28,26.21,480945.1316,4044488.0327,480945.1982,4044488.0852,6.65,5.24
tile_r018531_c012899,4,1079,175.62,0.47,236.48,76.10,480945.3989,4044487.9330,480945.5206,4044488.0842,12.17,15.13
tile_r018531_c012899,4,1154,437.59,10.13,468.34,47.67,480945.9228,4044487.9898,480945.9843,4044488.0649,6.15,7.51
tile_r018531_c013155,4,1144,464.20,416.94,485.40,437.10,480946.4880,4044487.2110,480946.5304,4044487.2513,4.24,4.03
tile_r018531_c013155,4,1067,52.10,410.59,87.03,431.23,480945.6638,4044487.2227,480945.7337,4044487.2640,6.99,4.13
tile_r018531_c013155,4,1142,375.51,400.40,409.30,436.85,480946.3106,4044487.2115,480946.3782,4044487.2844,6.76,7.29
tile_r018531_c013155,4,1068,0.00,378.73,35.70,431.87,480945.5596,4044487.2214,480945.6310,4044487.3277,7.14,10.63
tile_r018531_c013155,4,1145,437.74,352.11,456.77,370.74,480946.4351,4044487.3437,480946.4731,4044487.3810,3.81,3.72
tile_r018531_c013155,4,1143,464.20,344.84,487.28,376.05,480946.4880,4044487.3331,480946.5342,4044487.3955,4.62,6.24
tile_r018531_c013155,4,1147,320.66,343.51,348.80,369.68,480946.2009,4044487.3458,480946.2572,4044487.3981,5.63,5.23
tile_r018531_c013155,4,1150,240.62,298.10,300.16,349.90,480946.0409,4044487.3854,480946.1599,4044487.4890,11.91,10.36
tile_r018531_c013155,4,1146,367.63,293.24,390.00,313.28,480946.2949,4044487.4586,480946.3396,4044487.4987,4.47,4.01
tile_r018531_c013155,4,1149,233.35,209.90,282.51,245.56,480946.0263,4044487.5940,480946.1246,4044487.6654,9.83,7.13
tile_r018531_c013155,4,1148,401.36,199.16,450.97,242.46,480946.3623,4044487.6003,480946.4615,4044487.6868,9.92,8.66
tile_r018531_c013155,4,1151,196.47,110.94,266.59,182.51,480945.9526,4044487.7201,480946.0928,4044487.8633,14.02,14.31
tile_r018531_c013155,4,1152,279.15,71.65,332.47,134.62,480946.1179,4044487.8159,480946.2245,4044487.9419,10.66,12.59
tile_r018531_c013155,4,1153,313.55,37.25,359.08,86.46,480946.1867,4044487.9123,480946.2778,4044488.0107,9.11,9.84
tile_r018531_c013155,4,1155,244.76,12.16,293.04,57.72,480946.0491,4044487.9697,480946.1457,4044488.0609,9.66,9.11
tile_r018531_c013155,4,1154,181.59,10.13,212.34,47.67,480945.9228,4044487.9898,480945.9843,4044488.0649,6.15,7.51
tile_r018787_c005987,1,37,114.41,405.89,151.98,448.02,480931.4527,4044486.6771,480931.5279,4044486.7614,7.51,8.43
tile_r018787_c005987,1,239,350.10,389.53,378.44,418.11,480931.9241,4044486.7370,480931.9808,4044486.7941,5.67,5.72
tile_r018787_c005987,1,236,482.92,361.48,512.00,409.32,480932.1897,4044486.7546,480932.2479,4044486.8502,5.82,9.57
tile_r018787_c005987,1,38,59.37,340.05,99.59,382.10,480931.3427,4044486.8090,480931.4231,4044486.8931,8.04,8.41
tile_r018787_c005987,1,39,50.91,304.60,93.24,343.99,480931.3257,4044486.8852,480931.4104,4044486.9640,8.47,7.88
tile_r018787_c005987,1,238,338.46,298.54,395.61,343.99,480931.9008,4044486.8852,480932.0151,4044486.9761,11.43,9.09
tile_r018787_c005987,1,240,252.73,214.90,295.58,259.89,480931.7294,4044487.0534,480931.8151,4044487.1434,8.57,9.00
tile_r018787_c005987,1,241,408.84,174.15,468.62,217.94,480932.0416,4044487.1373,480932.1611,4044487.2249,11.96,8.76
tile_r018787_c005987,1,45,0.10,160.52,50.85,210.07,480931.2241,4044487.1530,480931.3256,4044487.2521,10.15,9.91
tile_r018787_c005987,1,245,256.56,85.78,286.73,112.77,480931.7370,4044487.3476,480931.7974,4044487.4016,6.03,5.40
tile_r018787_c005987,1,244,356.98,44.11,392.67,78.83,480931.9379,4044487.4155,480932.0092,4044487.4850,7.14,6.94
tile_r018787_c006243,1,235,235.11,442.41,282.74,493.03,480932.2061,4044486.5871,480932.3014,4044486.6884,9.53,10.12
tile_r018787_c006243,1,237,290.42,387.41,353.39,447.67,480932.3167,4044486.6778,480932.4427,4044486.7984,12.59,12.05
tile_r018787_c006243,1,239,94.10,389.53,122.44,418.11,480931.9241,4044486.7370,480931.9808,4044486.7941,5.67,5.72
tile_r018787_c006243,1,236,226.92,361.48,267.74,409.32,480932.1897,4044486.7546,480932.2714,4044486.8502,8.16,9.57
tile_r018787_c006243,1,238,82.46,298.54,139.61,343.99,480931.9008,4044486.8852,480932.0151,4044486.9761,11.43,9.09
tile_r018787_c006243,1,242,286.72,217.55,339.69,265.67,480932.3093,4044487.0418,480932.4153,4044487.1381,10.59,9.62
tile_r018787_c006243,1,240,0.00,214.90,39.58,259.89,480931.7359,4044487.0534,480931.8151,4044487.1434,7.91,9.00
tile_r018787_c006243,1,241,152.84,174.15,212.62,217.94,480932.0416,4044487.1373,480932.1611,4044487.2249,11.96,8.76
tile_r018787_c006243,1,243,338.31,165.58,383.96,209.98,480932.4125,4044487.1532,480932.5038,4044487.2420,9.13,8.88
tile_r018787_c006243,1,307,471.22,127.11,512.00,177.05,480932.6783,4044487.2191,480932.7599,4044487.3190,8.16,9.99
tile_r018787_c006243,1,245,0.56,85.78,30.73,112.77,480931.7370,4044487.3476,480931.7974,4044487.4016,6.03,5.40
tile_r018787_c006243,1,244,100.98,44.11,136.67,78.83,480931.9379,4044487.4155,480932.0092,4044487.4850,7.14,6.94
tile_r018787_c006499,1,304,370.50,411.38,411.02,463.17,480932.9889,4044486.6469,480933.0699,4044486.7504,8.10,10.36
tile_r018787_c006499,1,305,260.20,397.41,315.24,451.27,480932.7683,4044486.6706,480932.8784,4044486.7784,11.01,10.77
tile_r018787_c006499,1,235,0.00,442.41,26.74,493.03,480932.2479,4044486.5871,480932.3014,4044486.6884,5.35,10.12
tile_r018787_c006499,1,237,34.42,387.41,97.39,447.67,480932.3167,4044486.6778,480932.4427,4044486.7984,12.59,12.05
tile_r018787_c006499,1,242,30.72,217.55,83.69,265.67,480932.3093,4044487.0418,480932.4153,4044487.1381,10.59,9.62
tile_r018787_c006499,1,306,256.50,196.53,323.72,258.99,480932.7609,4044487.0552,480932.8953,4044487.1801,13.44,12.49
tile_r018787_c006499,1,243,82.31,165.58,127.96,209.98,480932.4125,4044487.1532,480932.5038,4044487.2420,9.13,8.88
tile_r018787_c006499,1,307,215.22,127.11,267.61,177.05,480932.6783,4044487.2191,480932.7831,4044487.3190,10.48,9.99
tile_r018787_c006499,1,309,242.74,46.24,292.69,95.96,480932.7334,4044487.3813,480932.8333,4044487.4807,9.99,9.94
tile_r018787_c006499,1,308,237.45,11.85,277.80,47.46,480932.7228,4044487.4783,480932.8035,4044487.5495,8.07,7.12
tile_r018787_c006499,1,310,327.94,0.00,389.32,40.13,480932.9038,4044487.4929,480933.0265,4044487.5732,12.28,8.03
tile_r018787_c006755,1,304,114.50,411.38,155.02,463.17,480932.9889,4044486.6469,480933.0699,4044486.7504,8.10,10.36
tile_r018787_c006755,1,305,4.20,397.41,59.24,451.27,480932.7683,4044486.6706,480932.8784,4044486.7784,11.01,10.77
tile_r018787_c006755,1,354,462.03,338.50,512.00,374.39,480933.6839,4044486.8244,480933.7839,4044486.8962,9.99,7.18
tile_r018787_c006755,1,355,444.79,262.73,477.07,298.39,480933.6495,4044486.9764,480933.7140,4044487.0477,6.46,7.13
tile_r018787_c006755,1,356,422.16,224.20,469.20,263.14,480933.6042,4044487.0469,480933.6983,4044487.1248,9.41,7.79
tile_r018787_c006755,1,306,0.50,196.53,67.72,258.99,480932.7609,4044487.0552,480932.8953,4044487.1801,13.44,12.49
tile_r018787_c006755,1,357,285.48,144.23,343.33,200.46,480933.3308,4044487.1723,480933.4465,4044487.2847,11.57,11.24
tile_r018787_c006755,1,359,433.14,89.99,488.33,138.52,480933.6262,4044487.2961,480933.7365,4044487.3932,11.04,9.71
tile_r018787_c006755,1,358,291.58,53.61,358.30,104.94,480933.3430,4044487.3633,480933.4765,4044487.4659,13.34,10.27
tile_r018787_c006755,1,309,0.00,46.24,36.69,95.96,480932.7599,4044487.3813,480932.8333,4044487.4807,7.34,9.94
tile_r018787_c006755,1,308,0.00,11.85,21.80,47.46,480932.7599,4044487.4783,480932.8035,4044487.5495,4.36,7.12
tile_r018787_c006755,1,310,71.94,0.00,133.32,40.13,480932.9038,4044487.4929,480933.0265,4044487.5732,12.28,8.03
tile_r018787_c007011,1,350,392.52,450.41,432.74,500.18,480934.0569,4044486.5728,480934.1373,4044486.6724,8.04,9.95
tile_r018787_c007011,1,352,257.84,400.42,293.04,429.38,480933.7875,4044486.7144,480933.8579,4044486.7724,7.04,5.79
tile_r018787_c007011,1,353,312.91,345.91,356.01,374.78,480933.8977,4044486.8236,480933.9839,4044486.8814,8.62,5.77
tile_r018787_c007011,1,354,206.03,338.50,256.52,374.39,480933.6839,4044486.8244,480933.7849,4044486.8962,10.10,7.18
tile_r018787_c007011,1,355,188.79,262.73,221.07,298.39,480933.6495,4044486.9764,480933.7140,4044487.0477,6.46,7.13
tile_r018787_c007011,1,356,166.16,224.20,213.20,263.14,480933.6042,4044487.0469,480933.6983,4044487.1248,9.41,7.79
tile_r018787_c007011,1,357,29.48,144.23,87.33,200.46,480933.3308,4044487.1723,480933.4465,4044487.2847,11.57,11.24
tile_r018787_c007011,1,359,177.14,89.99,232.33,138.52,480933.6262,4044487.2961,480933.7365,4044487.3932,11.04,9.71
tile_r018787_c007011,1,358,35.58,53.61,102.30,104.94,480933.3430,4044487.3633,480933.4765,4044487.4659,13.34,10.27
tile_r018787_c007267,1,350,136.52,450.41,176.74,500.18,480934.0569,4044486.5728,480934.1373,4044486.6724,8.04,9.95
tile_r018787_c007267,1,352,1.84,400.42,37.04,429.38,480933.7875,4044486.7144,480933.8579,4044486.7724,7.04,5.79
tile_r018787_c007267,1,406,378.85,368.52,417.82,414.82,480934.5416,4044486.7435,480934.6195,4044486.8362,7.80,9.26
tile_r018787_c007267,1,405,471.76,356.17,512.00,415.92,480934.7274,4044486.7414,480934.8079,4044486.8608,8.05,11.95
tile_r018787_c007267,1,408,335.50,225.64,383.55,267.07,480934.4549,4044487.0390,480934.5510,4044487.1219,9.61,8.29
tile_r018787_c007267,1,407,453.24,186.38,506.82,241.08,480934.6903,4044487.0910,480934.7975,4044487.2004,10.72,10.94
tile_r018787_c007267,1,409,277.29,131.05,329.15,172.95,480934.3384,4044487.2273,480934.4422,4044487.3111,10.37,8.38
tile_r018787_c007267,1,410,375.85,130.39,412.23,165.45,480934.5355,4044487.2423,480934.6083,4044487.3124,7.28,7.01
tile_r018787_c007267,1,353,56.91,345.91,100.01,374.78,480933.8977,4044486.8236,480933.9839,4044486.8814,8.62,5.77
tile_r018787_c007267,1,411,436.70,72.18,477.34,111.92,480934.6573,4044487.3493,480934.7385,4044487.4288,8.13,7.95
tile_r018787_c007267,1,412,482.34,2.06,512.00,53.74,480934.7485,4044487.4657,480934.8079,4044487.5690,5.93,10.34
tile_r018787_c008035,2,453,308.14,479.71,364.57,512.00,480935.9361,4044486.5492,480936.0490,4044486.6138,11.29,6.46
tile_r018787_c008035,2,455,229.56,374.82,299.41,448.87,480935.7789,4044486.6755,480935.9186,4044486.8235,13.97,14.81
tile_r018787_c008035,2,456,290.68,360.65,340.22,416.23,480935.9012,4044486.7407,480936.0003,4044486.8519,9.91,11.12
tile_r018787_c008035,2,482,443.19,322.97,486.08,378.82,480936.2062,4044486.8156,480936.2920,4044486.9273,8.58,11.17
tile_r018787_c008035,2,477,316.19,220.44,360.11,259.90,480935.9522,4044487.0534,480936.0400,4044487.1323,8.78,7.89
tile_r018787_c008035,2,476,72.11,359.35,108.63,397.17,480935.4640,4044486.7788,480935.5371,4044486.8545,7.30,7.56
tile_r018787_c008035,2,475,115.76,272.03,173.54,318.03,480935.5514,4044486.9371,480935.6669,4044487.0291,11.55,9.20
tile_r018787_c008035,2,474,41.68,184.72,87.51,231.36,480935.4032,4044487.1105,480935.4949,4044487.2037,9.17,9.33
tile_r018787_c008035,2,478,249.46,190.01,291.63,219.78,480935.8188,4044487.1336,480935.9031,4044487.1932,8.43,5.95
tile_r018787_c008035,2,480,322.80,107.99,363.20,161.11,480935.9654,4044487.2510,480936.0462,4044487.3572,8.08,10.62
tile_r018787_c008035,2,481,396.88,104.68,421.36,137.27,480936.1136,4044487.2986,480936.1626,4044487.3638,4.90,6.52
tile_r018787_c008035,2,479,204.02,92.11,261.29,136.75,480935.7279,4044487.2997,480935.8424,4044487.3890,11.45,8.93
tile_r018787_c008291,2,453,52.14,479.71,108.57,512.00,480935.9361,4044486.5492,480936.0490,4044486.6138,11.29,6.46
tile_r018787_c008291,2,455,0.00,374.82,43.41,448.87,480935.8318,4044486.6755,480935.9186,4044486.8235,8.68,14.81
tile_r018787_c008291,2,456,34.68,360.65,84.22,416.23,480935.9012,4044486.7407,480936.0003,4044486.8519,9.91,11.12
tile_r018787_c008291,2,482,187.19,322.97,230.08,378.82,480936.2062,4044486.8156,480936.2920,4044486.9273,8.58,11.17
tile_r018787_c008291,2,477,60.19,220.44,104.11,259.90,480935.9522,4044487.0534,480936.0400,4044487.1323,8.78,7.89
tile_r018787_c008291,2,478,0.00,190.01,35.63,219.78,480935.8318,4044487.1336,480935.9031,4044487.1932,7.13,5.95
tile_r018787_c008291,2,517,411.77,162.94,464.02,217.73,480936.6554,4044487.1377,480936.7598,4044487.2473,10.45,10.96
tile_r018787_c008291,2,480,66.80,107.99,107.20,161.11,480935.9654,4044487.2510,480936.0462,4044487.3572,8.08,10.62
tile_r018787_c008291,2,481,140.88,104.68,165.36,137.27,480936.1136,4044487.2986,480936.1626,4044487.3638,4.90,6.52
tile_r018787_c008291,2,516,419.50,72.45,476.07,139.29,480936.6708,4044487.2946,480936.7839,4044487.4283,11.31,13.37
tile_r018787_c008291,2,518,320.90,31.18,387.96,91.67,480936.4736,4044487.3898,480936.6077,4044487.5108,13.41,12.10
tile_r018787_c008547,2,510,312.94,355.03,362.29,410.43,480936.9697,4044486.7523,480937.0684,4044486.8631,9.87,11.08
tile_r018787_c008547,2,512,260.45,295.50,313.73,340.68,480936.8647,4044486.8918,480936.9713,4044486.9822,10.66,9.03
tile_r018787_c008547,2,511,405.02,281.21,455.17,335.07,480937.1538,4044486.9030,480937.2541,4044487.0108,10.03,10.77
tile_r018787_c008547,2,513,272.93,213.74,324.05,255.45,480936.8897,4044487.0623,480936.9919,4044487.1457,10.22,8.34
tile_r018787_c008547,2,517,155.77,162.94,208.02,217.73,480936.6554,4044487.1377,480936.7598,4044487.2473,10.45,10.96
tile_r018787_c008547,2,514,366.91,133.35,419.30,181.43,480937.0776,4044487.2103,480937.1824,4044487.3065,10.48,9.62
tile_r018787_c008547,2,516,163.50,72.45,220.07,139.29,480936.6708,4044487.2946,480936.7839,4044487.4283,11.31,13.37
tile_r018787_c008547,2,515,298.65,38.32,361.34,101.01,480936.9411,4044487.3712,480937.0665,4044487.4965,12.54,12.54
tile_r018787_c008547,2,518,64.90,31.18,131.96,91.67,480936.4736,4044487.3898,480936.6077,4044487.5108,13.41,12.10
tile_r018787_c008803,2,579,395.14,375.64,449.21,440.85,480937.6461,4044486.6915,480937.7542,4044486.8219,10.81,13.04
tile_r018787_c008803,2,510,56.94,355.03,106.29,410.43,480936.9697,4044486.7523,480937.0684,4044486.8631,9.87,11.08
tile_r018787_c008803,2,512,4.45,295.50,57.73,340.68,480936.8647,4044486.8918,480936.9713,4044486.9822,10.66,9.03
tile_r018787_c008803,2,511,149.02,281.21,199.17,335.07,480937.1538,4044486.9030,480937.2541,4044487.0108,10.03,10.77
tile_r018787_c008803,2,580,379.27,225.48,420.09,275.34,480937.6143,4044487.0225,480937.6960,4044487.1222,8.16,9.97
tile_r018787_c008803,2,513,16.93,213.74,68.05,255.45,480936.8897,4044487.0623,480936.9919,4044487.1457,10.22,8.34
tile_r018787_c008803,2,581,459.31,166.61,495.81,204.24,480937.7744,4044487.1647,480937.8474,4044487.2400,7.30,7.52
tile_r018787_c008803,2,514,110.91,133.35,163.30,181.43,480937.0776,4044487.2103,480937.1824,4044487.3065,10.48,9.62
tile_r018787_c008803,2,584,350.82,121.63,389.00,154.57,480937.5574,4044487.2640,480937.6338,4044487.3299,7.63,6.59
tile_r018787_c008803,2,515,42.65,38.32,105.34,101.01,480936.9411,4044487.3712,480937.0665,4044487.4965,12.54,12.54
tile_r018787_c008803,2,582,444.64,88.56,507.71,144.78,480937.7451,4044487.2836,480937.8712,4044487.3961,12.61,11.24
tile_r018787_c009059,2,573,326.60,490.60,362.86,512.00,480938.0210,4044486.5492,480938.0935,4044486.5920,7.25,4.28
tile_r018787_c009059,2,575,340.23,380.29,400.43,441.76,480938.0482,4044486.6897,480938.1686,4044486.8126,12.04,12.29
tile_r018787_c009059,2,579,139.14,375.64,193.21,440.85,480937.6461,4044486.6915,480937.7542,4044486.8219,10.81,13.04
tile_r018787_c009059,2,580,123.27,225.48,164.09,275.34,480937.6143,4044487.0225,480937.6960,4044487.1222,8.16,9.97
tile_r018787_c009059,2,576,232.41,298.25,285.15,354.92,480937.8326,4044486.8633,480937.9381,4044486.9767,10.55,11.33
tile_r018787_c009059,2,577,327.66,272.21,392.49,337.51,480938.0231,4044486.8982,480938.1528,4044487.0288,12.96,13.06
tile_r018787_c009059,2,578,286.65,201.57,346.18,246.76,480937.9411,4044487.0797,480938.0601,4044487.1700,11.91,9.04
tile_r018787_c009059,2,581,203.31,166.61,239.81,204.24,480937.7744,4044487.1647,480937.8474,4044487.2400,7.30,7.52
tile_r018787_c009059,2,583,397.78,115.68,438.56,142.88,480938.1633,4044487.2874,480938.2449,4044487.3418,8.16,5.44
tile_r018787_c009059,2,584,94.82,121.63,133.00,154.57,480937.5574,4044487.2640,480937.6338,4044487.3299,7.63,6.59
tile_r018787_c009059,2,582,188.64,88.56,251.71,144.78,480937.7451,4044487.2836,480937.8712,4044487.3961,12.61,11.24
tile_r018787_c009059,2,590,325.28,0.00,362.28,31.49,480938.0183,4044487.5102,480938.0923,4044487.5732,7.40,6.30
tile_r018787_c009315,2,573,70.60,490.60,106.86,512.00,480938.0210,4044486.5492,480938.0935,4044486.5920,7.25,4.28
tile_r018787_c009315,2,574,235.05,415.07,305.82,492.31,480938.3499,4044486.5886,480938.4914,4044486.7430,14.16,15.45
tile_r018787_c009315,2,575,84.23,380.29,144.43,441.76,480938.0482,4044486.6897,480938.1686,4044486.8126,12.04,12.29
tile_r018787_c009315,2,576,0.00,298.25,29.15,354.92,480937.8798,4044486.8633,480937.9381,4044486.9767,5.83,11.33
tile_r018787_c009315,2,577,71.66,272.21,136.49,337.51,480938.0231,4044486.8982,480938.1528,4044487.0288,12.96,13.06
tile_r018787_c009315,2,630,433.35,268.08,487.97,319.93,480938.7465,4044486.9333,480938.8557,4044487.0370,10.92,10.37
tile_r018787_c009315,2,578,30.65,201.57,90.18,246.76,480937.9411,4044487.0797,480938.0601,4044487.1700,11.91,9.04
tile_r018787_c009315,2,631,459.81,195.31,512.00,251.61,480938.7994,4044487.0700,480938.9038,4044487.1825,10.44,11.26
tile_r018787_c009315,2,633,357.94,158.93,435.66,223.95,480938.5956,4044487.1253,480938.7511,4044487.2553,15.54,13.00
tile_r018787_c009315,2,583,141.78,115.68,182.56,142.88,480938.1633,4044487.2874,480938.2449,4044487.3418,8.16,5.44
tile_r018787_c009315,2,590,69.28,0.00,106.28,31.49,480938.0183,4044487.5102,480938.0923,4044487.5732,7.40,6.30
tile_r018787_c010083,3,678,182.76,479.07,235.02,512.00,480939.7813,4044486.5492,480939.8858,4044486.6151,10.45,6.59
tile_r018787_c010083,3,677,57.87,477.85,117.67,512.00,480939.5315,4044486.5492,480939.6511,4044486.6175,11.96,6.83
tile_r018787_c010083,3,679,183.29,409.75,207.09,435.67,480939.7823,4044486.7018,480939.8299,4044486.7537,4.76,5.19
tile_r018787_c010083,3,681,51.05,324.55,108.34,361.85,480939.5179,4044486.8495,480939.6324,4044486.9241,11.46,7.46
tile_r018787_c010083,3,680,209.21,285.92,241.03,315.84,480939.8342,4044486.9415,480939.8978,4044487.0013,6.36,5.98
tile_r018787_c010083,3,759,428.57,171.05,481.58,205.36,480940.2729,4044487.1625,480940.3789,4044487.2311,10.60,6.86
tile_r018787_c010083,3,760,353.25,125.41,406.84,163.78,480940.1222,4044487.2456,480940.2294,4044487.3224,10.72,7.67
tile_r018787_c010083,3,682,12.43,111.69,34.74,154.66,480939.4406,4044487.2639,480939.4852,4044487.3498,4.46,8.59
tile_r018787_c010083,3,683,51.58,0.00,106.57,48.01,480939.5189,4044487.4772,480939.6289,4044487.5732,11.00,9.60
tile_r018787_c010339,3,749,446.16,462.20,493.22,512.00,480940.8200,4044486.5492,480940.9142,4044486.6488,9.41,9.96
tile_r018787_c010339,3,750,297.33,463.76,317.17,488.43,480940.5224,4044486.5963,480940.5621,4044486.6457,3.97,4.93
tile_r018787_c010339,3,752,407.13,335.86,475.85,423.35,480940.7420,4044486.7265,480940.8794,4044486.9015,13.74,17.50
tile_r018787_c010339,3,751,292.03,354.38,323.78,389.93,480940.5118,4044486.7933,480940.5753,4044486.8644,6.35,7.11
tile_r018787_c010339,3,753,489.15,385.47,512.00,412.50,480940.9060,4044486.7482,480940.9517,4044486.8022,4.57,5.41
tile_r018787_c010339,3,757,476.28,289.46,505.25,321.60,480940.8803,4044486.9300,480940.9382,4044486.9943,5.79,6.43
tile_r018787_c010339,3,756,435.27,241.17,471.67,289.13,480940.7983,4044486.9949,480940.8711,4044487.0908,7.28,9.59
tile_r018787_c010339,3,754,263.14,248.45,308.93,280.97,480940.4540,4044487.0112,480940.5456,4044487.0763,9.16,6.51
tile_r018787_c010339,3,755,321.49,220.66,366.98,255.77,480940.5707,4044487.0616,480940.6617,4044487.1319,9.10,7.02
tile_r018787_c010339,3,759,172.57,171.05,225.58,205.36,480940.2729,4044487.1625,480940.3789,4044487.2311,10.60,6.86
tile_r018787_c010339,3,758,337.37,128.34,396.90,189.29,480940.6025,4044487.1946,480940.7215,4044487.3165,11.91,12.19
tile_r018787_c010339,3,760,97.25,125.41,150.84,163.78,480940.1222,4044487.2456,480940.2294,4044487.3224,10.72,7.67
tile_r018787_c010339,3,761,411.46,100.49,455.77,146.37,480940.7506,4044487.2804,480940.8393,4044487.3722,8.86,9.18
tile_r018787_c010595,3,749,190.16,462.20,237.22,512.00,480940.8200,4044486.5492,480940.9142,4044486.6488,9.41,9.96
tile_r018787_c010595,3,750,41.33,463.76,61.17,488.43,480940.5224,4044486.5963,480940.5621,4044486.6457,3.97,4.93
tile_r018787_c010595,3,752,151.13,335.86,219.85,423.35,480940.7420,4044486.7265,480940.8794,4044486.9015,13.74,17.50
tile_r018787_c010595,3,751,36.03,354.38,67.78,389.93,480940.5118,4044486.7933,480940.5753,4044486.8644,6.35,7.11
tile_r018787_c010595,3,753,233.15,385.47,263.07,412.50,480940.9060,4044486.7482,480940.9659,4044486.8022,5.98,5.41
tile_r018787_c010595,3,757,220.28,289.46,249.25,321.60,480940.8803,4044486.9300,480940.9382,4044486.9943,5.79,6.43
tile_r018787_c010595,3,756,179.27,241.17,215.67,289.13,480940.7983,4044486.9949,480940.8711,4044487.0908,7.28,9.59
tile_r018787_c010595,3,754,7.14,248.45,52.93,280.97,480940.4540,4044487.0112,480940.5456,4044487.0763,9.16,6.51
tile_r018787_c010595,3,755,65.49,220.66,110.98,255.77,480940.5707,4044487.0616,480940.6617,4044487.1319,9.10,7.02
tile_r018787_c010595,3,758,81.37,128.34,140.90,189.29,480940.6025,4044487.1946,480940.7215,4044487.3165,11.91,12.19
tile_r018787_c010595,3,761,155.46,100.49,199.77,146.37,480940.7506,4044487.2804,480940.8393,4044487.3722,8.86,9.18
tile_r018787_c010595,3,826,442.62,129.85,508.11,190.15,480941.3250,4044487.1929,480941.4559,4044487.3135,13.10,12.06
tile_r018787_c010595,3,827,424.76,67.06,471.89,122.25,480941.2892,4044487.3287,480941.3835,4044487.4391,9.43,11.04
tile_r018787_c010851,3,820,408.94,461.78,445.97,498.68,480941.7696,4044486.5758,480941.8436,4044486.6496,7.41,7.38
tile_r018787_c010851,3,822,299.62,432.15,341.19,466.81,480941.5509,4044486.6396,480941.6341,4044486.7089,8.31,6.93
tile_r018787_c010851,3,823,409.99,344.50,461.85,386.45,480941.7717,4044486.8003,480941.8754,4044486.8842,10.37,8.39
tile_r018787_c010851,3,824,425.72,247.64,461.13,286.98,480941.8031,4044486.9992,480941.8740,4044487.0779,7.08,7.87
tile_r018787_c010851,3,825,324.70,162.31,382.58,214.57,480941.6011,4044487.1440,480941.7169,4044487.2486,11.58,10.45
tile_r018787_c010851,3,826,186.62,129.85,252.11,190.15,480941.3250,4044487.1929,480941.4559,4044487.3135,13.10,12.06
tile_r018787_c010851,3,827,168.76,67.06,215.89,122.25,480941.2892,4044487.3287,480941.3835,4044487.4391,9.43,11.04
tile_r018787_c010851,3,828,245.49,35.13,296.42,84.44,480941.4427,4044487.4043,480941.5446,4044487.5029,10.19,9.86
tile_r018787_c010851,3,829,377.12,41.92,406.49,73.08,480941.7060,4044487.4270,480941.7647,4044487.4893,5.87,6.23
tile_r018787_c011107,3,820,152.94,461.78,189.97,498.68,480941.7696,4044486.5758,480941.8436,4044486.6496,7.41,7.38
tile_r018787_c011107,3,822,43.62,432.15,85.19,466.81,480941.5509,4044486.6396,480941.6341,4044486.7089,8.31,6.93
tile_r018787_c011107,3,823,153.99,344.50,205.85,386.45,480941.7717,4044486.8003,480941.8754,4044486.8842,10.37,8.39
tile_r018787_c011107,3,824,169.72,247.64,205.13,286.98,480941.8031,4044486.9992,480941.8740,4044487.0779,7.08,7.87
tile_r018787_c011107,3,825,68.70,162.31,126.58,214.57,480941.6011,4044487.1440,480941.7169,4044487.2486,11.58,10.45
tile_r018787_c011107,3,859,465.27,159.56,505.66,194.83,480942.3942,4044487.1835,480942.4750,4044487.2540,8.08,7.05
tile_r018787_c011107,3,828,0.00,35.13,40.42,84.44,480941.4637,4044487.4043,480941.5446,4044487.5029,8.08,9.86
tile_r018787_c011107,3,829,121.12,41.92,150.49,73.08,480941.7060,4044487.4270,480941.7647,4044487.4893,5.87,6.23
tile_r018787_c011107,3,860,371.25,20.60,428.77,70.00,480942.2062,4044487.4332,480942.3212,4044487.5320,11.50,9.88
tile_r018787_c011363,3,856,236.25,375.54,277.00,416.14,480942.4482,4044486.7409,480942.5297,4044486.8221,8.15,8.12
tile_r018787_c011363,3,855,381.25,377.59,405.19,407.63,480942.7382,4044486.7579,480942.7861,4044486.8180,4.79,6.01
tile_r018787_c011363,3,857,274.36,302.91,314.57,341.14,480942.5244,4044486.8909,480942.6048,4044486.9674,8.04,7.65
tile_r018787_c011363,3,859,209.27,159.56,249.66,194.83,480942.3942,4044487.1835,480942.4750,4044487.2540,8.08,7.05
tile_r018787_c011363,3,860,115.25,20.60,172.77,70.00,480942.2062,4044487.4332,480942.3212,4044487.5320,11.50,9.88
tile_r018787_c011363,3,858,334.68,209.84,369.82,245.19,480942.6450,4044487.0828,480942.7153,4044487.1535,7.03,7.07
tile_r018787_c011363,3,862,345.44,7.37,372.28,33.39,480942.6666,4044487.5064,480942.7202,4044487.5584,5.37,5.20
tile_r018787_c011619,3,922,427.10,426.83,497.54,496.95,480943.3419,4044486.5793,480943.4828,4044486.7195,14.09,14.02
tile_r018787_c011619,3,856,0.00,375.54,21.00,416.14,480942.4877,4044486.7409,480942.5297,4044486.8221,4.20,8.12
tile_r018787_c011619,3,855,125.25,377.59,149.19,407.63,480942.7382,4044486.7579,480942.7861,4044486.8180,4.79,6.01
tile_r018787_c011619,3,927,411.39,360.02,454.29,397.67,480943.3104,4044486.7779,480943.3963,4044486.8531,8.58,7.53
tile_r018787_c011619,3,857,18.36,302.91,58.57,341.14,480942.5244,4044486.8909,480942.6048,4044486.9674,8.04,7.65
tile_r018787_c011619,3,926,380.23,303.80,418.66,325.08,480943.2481,4044486.9230,480943.3250,4044486.9656,7.69,4.26
tile_r018787_c011619,3,928,472.91,219.79,512.00,272.49,480943.4335,4044487.0282,480943.5117,4044487.1336,7.82,10.54
tile_r018787_c011619,3,858,78.68,209.84,113.82,245.19,480942.6450,4044487.0828,480942.7153,4044487.1535,7.03,7.07
tile_r018787_c011619,3,929,418.66,166.81,478.86,209.94,480943.3250,4044487.1533,480943.4454,4044487.2396,12.04,8.63
tile_r018787_c011619,3,930,252.73,9.12,315.49,46.82,480942.9931,4044487.4795,480943.1186,4044487.5549,12.55,7.54
tile_r018787_c011619,3,862,89.44,7.37,116.28,33.39,480942.6666,4044487.5064,480942.7202,4044487.5584,5.37,5.20
tile_r018787_c011619,3,931,337.69,0.00,407.81,34.70,480943.1631,4044487.5038,480943.3033,4044487.5732,14.02,6.94
tile_r018787_c011619,3,933,468.66,0.00,507.84,22.18,480943.4250,4044487.5288,480943.5033,4044487.5732,7.84,4.44
tile_r018787_c012387,4,995,323.47,419.58,378.50,478.37,480944.6706,4044486.6164,480944.7806,4044486.7340,11.01,11.76
tile_r018787_c012387,4,997,156.78,401.09,196.99,432.30,480944.3372,4044486.7086,480944.4176,4044486.7710,8.04,6.24
tile_r018787_c012387,4,996,306.00,382.19,343.05,412.04,480944.6356,4044486.7491,480944.7097,4044486.8088,7.41,5.97
tile_r018787_c012387,4,998,270.55,300.28,322.49,355.47,480944.5647,4044486.8622,480944.6686,4044486.9726,10.39,11.04
tile_r018787_c012387,4,1001,109.10,268.00,130.85,291.77,480944.2418,4044486.9896,480944.2853,4044487.0372,4.35,4.75
tile_r018787_c012387,4,999,253.09,256.88,291.74,294.76,480944.5298,4044486.9837,480944.6071,4044487.0594,7.73,7.57
tile_r018787_c012387,4,1000,190.11,257.41,209.69,272.76,480944.4039,4044487.0277,480944.4430,4044487.0584,3.92,3.07
tile_r018787_c012387,4,1002,91.61,189.68,123.97,222.71,480944.2069,4044487.1278,480944.2716,4044487.1938,6.47,6.61
tile_r018787_c012387,4,1003,216.57,159.61,259.97,198.05,480944.4568,4044487.1771,480944.5436,4044487.2540,8.68,7.69
tile_r018787_c012387,4,1004,282.72,134.64,312.41,165.40,480944.5891,4044487.2424,480944.6485,4044487.3039,5.94,6.15
tile_r018787_c012387,4,1005,241.44,104.97,281.66,135.21,480944.5065,4044487.3028,480944.5870,4044487.3632,8.04,6.05
tile_r018787_c012387,4,1006,112.85,94.96,144.28,123.37,480944.2494,4044487.3264,480944.3122,4044487.3833,6.29,5.68
tile_r018787_c012387,4,1007,27.16,61.62,76.83,93.90,480944.0780,4044487.3854,480944.1773,4044487.4499,9.93,6.46
tile_r018787_c012387,4,1072,467.35,0.00,512.00,39.91,480944.9583,4044487.4934,480945.0476,4044487.5732,8.93,7.98
tile_r018787_c012387,4,1008,195.98,0.00,244.57,37.28,480944.4156,4044487.4986,480944.5128,4044487.5732,9.72,7.46
tile_r018787_c012643,4,1065,426.35,400.22,467.04,431.89,480945.3883,4044486.7094,480945.4697,4044486.7727,8.14,6.33
tile_r018787_c012643,4,995,67.47,419.58,122.50,478.37,480944.6706,4044486.6164,480944.7806,4044486.7340,11.01,11.76
tile_r018787_c012643,4,996,50.00,382.19,87.05,412.04,480944.6356,4044486.7491,480944.7097,4044486.8088,7.41,5.97
tile_r018787_c012643,4,1066,354.25,377.58,370.12,401.69,480945.2441,4044486.7698,480945.2759,4044486.8180,3.18,4.82
tile_r018787_c012643,4,998,14.55,300.28,66.49,355.47,480944.5647,4044486.8622,480944.6686,4044486.9726,10.39,11.04
tile_r018787_c012643,4,999,0.00,256.88,35.74,294.76,480944.5356,4044486.9837,480944.6071,4044487.0594,7.15,7.57
tile_r018787_c012643,4,1071,456.15,213.33,495.82,260.42,480945.4479,4044487.0523,480945.5273,4044487.1465,7.93,9.42
tile_r018787_c012643,4,1069,450.86,81.95,507.87,143.12,480945.4373,4044487.2869,480945.5514,4044487.4093,11.40,12.23
tile_r018787_c012643,4,1004,26.72,134.64,56.41,165.40,480944.5891,4044487.2424,480944.6485,4044487.3039,5.94,6.15
tile_r018787_c012643,4,1070,282.05,111.20,322.79,146.13,480945.0997,4044487.2809,480945.1812,4044487.3508,8.15,6.99
tile_r018787_c012643,4,1005,0.00,104.97,25.66,135.21,480944.5356,4044487.3028,480944.5870,4044487.3632,5.13,6.05
tile_r018787_c012643,4,1072,211.35,0.00,259.64,39.91,480944.9583,4044487.4934,480945.0549,4044487.5732,9.66,7.98
tile_r018787_c012643,4,1073,408.47,25.16,448.16,63.96,480945.3526,4044487.4453,480945.4319,4044487.5229,7.94,7.76
tile_r018787_c012899,4,1063,302.57,455.78,346.96,485.44,480945.6528,4044486.6023,480945.7415,4044486.6616,8.88,5.93
tile_r018787_c012899,4,1065,170.35,400.22,211.04,431.89,480945.3883,4044486.7094,480945.4697,4044486.7727,8.14,6.33
tile_r018787_c012899,4,1064,370.11,394.93,402.15,428.77,480945.7878,4044486.7156,480945.8519,4044486.7833,6.41,6.77
tile_r018787_c012899,4,1066,98.25,377.58,114.12,401.69,480945.2441,4044486.7698,480945.2759,4044486.8180,3.18,4.82
tile_r018787_c012899,4,1071,200.15,213.33,239.82,260.42,480945.4479,4044487.0523,480945.5273,4044487.1465,7.93,9.42
tile_r018787_c012899,4,1067,308.10,154.59,343.03,175.23,480945.6638,4044487.2227,480945.7337,4044487.2640,6.99,4.13
tile_r018787_c012899,4,1068,229.25,122.73,291.70,175.87,480945.5061,4044487.2214,480945.6310,4044487.3277,12.49,10.63
tile_r018787_c012899,4,1069,194.86,81.95,251.87,143.12,480945.4373,4044487.2869,480945.5514,4044487.4093,11.40,12.23
tile_r018787_c012899,4,1070,26.05,111.20,66.79,146.13,480945.0997,4044487.2809,480945.1812,4044487.3508,8.15,6.99
tile_r018787_c012899,4,1073,152.47,25.16,192.16,63.96,480945.3526,4044487.4453,480945.4319,4044487.5229,7.94,7.76
tile_r018787_c013155,4,1063,46.57,455.78,90.96,485.44,480945.6528,4044486.6023,480945.7415,4044486.6616,8.88,5.93
tile_r018787_c013155,4,1137,490.82,431.85,512.00,455.55,480946.5413,4044486.6621,480946.5836,4044486.7095,4.23,4.74
tile_r018787_c013155,4,1064,114.11,394.93,146.15,428.77,480945.7878,4044486.7156,480945.8519,4044486.7833,6.41,6.77
tile_r018787_c013155,4,1138,436.78,393.96,458.54,420.53,480946.4332,4044486.7321,480946.4767,4044486.7853,4.35,5.31
tile_r018787_c013155,4,1141,417.87,315.11,439.49,336.17,480946.3953,4044486.9008,480946.4386,4044486.9430,4.33,4.21
tile_r018787_c013155,4,1139,450.08,236.83,497.18,281.75,480946.4598,4044487.0097,480946.5540,4044487.0995,9.42,8.98
tile_r018787_c013155,4,1144,464.20,160.94,485.40,181.10,480946.4880,4044487.2110,480946.5304,4044487.2513,4.24,4.03
tile_r018787_c013155,4,1067,52.10,154.59,87.03,175.23,480945.6638,4044487.2227,480945.7337,4044487.2640,6.99,4.13
tile_r018787_c013155,4,1142,375.51,144.40,409.30,180.85,480946.3106,4044487.2115,480946.3782,4044487.2844,6.76,7.29
tile_r018787_c013155,4,1068,0.00,122.73,35.70,175.87,480945.5596,4044487.2214,480945.6310,4044487.3277,7.14,10.63
tile_r018787_c013155,4,1145,437.74,96.11,456.77,114.74,480946.4351,4044487.3437,480946.4731,4044487.3810,3.81,3.72
tile_r018787_c013155,4,1143,464.20,88.84,487.28,120.05,480946.4880,4044487.3331,480946.5342,4044487.3955,4.62,6.24
tile_r018787_c013155,4,1147,320.66,87.51,348.80,113.68,480946.2009,4044487.3458,480946.2572,4044487.3981,5.63,5.23
tile_r018787_c013155,4,1150,240.62,42.10,300.16,93.90,480946.0409,4044487.3854,480946.1599,4044487.4890,11.91,10.36
tile_r018787_c013155,4,1146,367.63,37.24,390.00,57.28,480946.2949,4044487.4586,480946.3396,4044487.4987,4.47,4.01
tile_r018787_c013411,4,1137,234.82,431.85,261.28,455.55,480946.5413,4044486.6621,480946.5942,4044486.7095,5.29,4.74
tile_r018787_c013411,4,1138,180.78,393.96,202.54,420.53,480946.4332,4044486.7321,480946.4767,4044486.7853,4.35,5.31
tile_r018787_c013411,4,1141,161.87,315.11,183.49,336.17,480946.3953,4044486.9008,480946.4386,4044486.9430,4.33,4.21
tile_r018787_c013411,4,1140,298.86,280.72,334.42,315.43,480946.6693,4044486.9423,480946.7404,4044487.0117,7.11,6.94
tile_r018787_c013411,4,1139,194.08,236.83,241.18,281.75,480946.4598,4044487.0097,480946.5540,4044487.0995,9.42,8.98
tile_r018787_c013411,4,1144,208.20,160.94,229.40,181.10,480946.4880,4044487.2110,480946.5304,4044487.2513,4.24,4.03
tile_r018787_c013411,4,1142,119.51,144.40,153.30,180.85,480946.3106,4044487.2115,480946.3782,4044487.2844,6.76,7.29
tile_r018787_c013411,4,1145,181.74,96.11,200.77,114.74,480946.4351,4044487.3437,480946.4731,4044487.3810,3.81,3.72
tile_r018787_c013411,4,1143,208.20,88.84,231.28,120.05,480946.4880,4044487.3331,480946.5342,4044487.3955,4.62,6.24
tile_r018787_c013411,4,1147,64.66,87.51,92.80,113.68,480946.2009,4044487.3458,480946.2572,4044487.3981,5.63,5.23
tile_r018787_c013411,4,1150,0.00,42.10,44.16,93.90,480946.0716,4044487.3854,480946.1599,4044487.4890,8.83,10.36
tile_r018787_c013411,4,1146,111.63,37.24,134.00,57.28,480946.2949,4044487.4586,480946.3396,4044487.4987,4.47,4.01
tile_r019043_c005987,1,28,149.33,399.29,183.61,434.63,480931.5226,4044486.1919,480931.5911,4044486.2626,6.86,7.07
tile_r019043_c005987,1,29,107.53,364.37,142.45,402.47,480931.4390,4044486.2563,480931.5088,4044486.3325,6.99,7.62
tile_r019043_c005987,1,30,18.10,358.55,68.86,397.14,480931.2601,4044486.2669,480931.3616,4044486.3441,10.15,7.72
tile_r019043_c005987,1,234,458.70,313.10,512.00,385.19,480932.1413,4044486.2908,480932.2479,4044486.4350,10.66,14.42
tile_r019043_c005987,1,33,20.21,280.76,70.08,338.06,480931.2644,4044486.3851,480931.3641,4044486.4997,9.97,11.46
tile_r019043_c005987,1,233,453.08,277.69,506.66,325.67,480932.1301,4044486.4099,480932.2372,4044486.5058,10.72,9.59
tile_r019043_c005987,1,37,114.41,149.89,151.98,192.02,480931.4527,4044486.6771,480931.5279,4044486.7614,7.51,8.43
tile_r019043_c005987,1,239,350.10,133.53,378.44,162.11,480931.9241,4044486.7370,480931.9808,4044486.7941,5.67,5.72
tile_r019043_c005987,1,236,482.92,105.48,512.00,153.32,480932.1897,4044486.7546,480932.2479,4044486.8502,5.82,9.57
tile_r019043_c005987,1,38,59.37,84.05,99.59,126.10,480931.3427,4044486.8090,480931.4231,4044486.8931,8.04,8.41
tile_r019043_c005987,1,39,50.91,48.60,93.24,87.99,480931.3257,4044486.8852,480931.4104,4044486.9640,8.47,7.88
tile_r019043_c005987,1,238,338.46,42.54,395.61,87.99,480931.9008,4044486.8852,480932.0151,4044486.9761,11.43,9.09
tile_r019043_c006243,1,232,285.72,384.58,319.78,417.55,480932.3073,4044486.2261,480932.3755,4044486.2920,6.81,6.59
tile_r019043_c006243,1,234,202.70,313.10,271.49,385.19,480932.1413,4044486.2908,480932.2789,4044486.4350,13.76,14.42
tile_r019043_c006243,1,233,197.08,277.69,250.66,325.67,480932.1301,4044486.4099,480932.2372,4044486.5058,10.72,9.59
tile_r019043_c006243,1,230,388.57,394.22,435.21,442.31,480932.5130,4044486.1766,480932.6063,4044486.2727,9.33,9.62
tile_r019043_c006243,1,229,441.16,476.73,495.07,512.00,480932.6182,4044486.0372,480932.7260,4044486.1077,10.78,7.05
tile_r019043_c006243,1,235,235.11,186.41,282.74,237.03,480932.2061,4044486.5871,480932.3014,4044486.6884,9.53,10.12
tile_r019043_c006243,1,237,290.42,131.41,353.39,191.67,480932.3167,4044486.6778,480932.4427,4044486.7984,12.59,12.05
tile_r019043_c006243,1,239,94.10,133.53,122.44,162.11,480931.9241,4044486.7370,480931.9808,4044486.7941,5.67,5.72
tile_r019043_c006243,1,236,226.92,105.48,267.74,153.32,480932.1897,4044486.7546,480932.2714,4044486.8502,8.16,9.57
tile_r019043_c006243,1,238,82.46,42.54,139.61,87.99,480931.9008,4044486.8852,480932.0151,4044486.9761,11.43,9.09
tile_r019043_c006499,1,232,29.72,384.58,63.78,417.55,480932.3073,4044486.2261,480932.3755,4044486.2920,6.81,6.59
tile_r019043_c006499,1,230,132.57,394.22,179.21,442.31,480932.5130,4044486.1766,480932.6063,4044486.2727,9.33,9.62
tile_r019043_c006499,1,231,244.03,368.98,294.97,423.89,480932.7360,4044486.2134,480932.8378,4044486.3232,10.19,10.98
tile_r019043_c006499,1,304,370.50,155.38,411.02,207.17,480932.9889,4044486.6469,480933.0699,4044486.7504,8.10,10.36
tile_r019043_c006499,1,305,260.20,141.41,315.24,195.27,480932.7683,4044486.6706,480932.8784,4044486.7784,11.01,10.77
tile_r019043_c006499,1,229,185.16,476.73,239.07,512.00,480932.6182,4044486.0372,480932.7260,4044486.1077,10.78,7.05
tile_r019043_c006499,1,235,0.00,186.41,26.74,237.03,480932.2479,4044486.5871,480932.3014,4044486.6884,5.35,10.12
tile_r019043_c006499,1,237,34.42,131.41,97.39,191.67,480932.3167,4044486.6778,480932.4427,4044486.7984,12.59,12.05
tile_r019043_c006755,1,302,305.31,408.85,338.09,432.61,480933.3705,4044486.1960,480933.4361,4044486.2435,6.56,4.75
tile_r019043_c006755,1,231,0.00,368.98,38.97,423.89,480932.7599,4044486.2134,480932.8378,4044486.3232,7.79,10.98
tile_r019043_c006755,1,303,297.90,363.87,332.65,397.25,480933.3557,4044486.2667,480933.4252,4044486.3335,6.95,6.68
tile_r019043_c006755,1,304,114.50,155.38,155.02,207.17,480932.9889,4044486.6469,480933.0699,4044486.7504,8.10,10.36
tile_r019043_c006755,1,305,4.20,141.41,59.24,195.27,480932.7683,4044486.6706,480932.8784,4044486.7784,11.01,10.77
tile_r019043_c006755,1,300,476.23,445.89,512.00,492.44,480933.7123,4044486.0763,480933.7839,4044486.1694,7.15,9.31
tile_r019043_c006755,1,301,334.94,439.01,368.43,469.22,480933.4298,4044486.1228,480933.4967,4044486.1832,6.70,6.04
tile_r019043_c006755,1,354,462.03,82.50,512.00,118.39,480933.6839,4044486.8244,480933.7839,4044486.8962,9.99,7.18
tile_r019043_c006755,1,355,444.79,6.73,477.07,42.39,480933.6495,4044486.9764,480933.7140,4044487.0477,6.46,7.13
tile_r019043_c007011,1,302,49.31,408.85,82.09,432.61,480933.3705,4044486.1960,480933.4361,4044486.2435,6.56,4.75
tile_r019043_c007011,1,348,341.19,360.85,389.38,406.52,480933.9543,4044486.2482,480934.0506,4044486.3395,9.64,9.13
tile_r019043_c007011,1,303,41.90,363.87,76.65,397.25,480933.3557,4044486.2667,480933.4252,4044486.3335,6.95,6.68
tile_r019043_c007011,1,351,251.94,225.38,322.49,306.87,480933.7758,4044486.4474,480933.9169,4044486.6104,14.11,16.30
tile_r019043_c007011,1,350,392.52,194.41,432.74,244.18,480934.0569,4044486.5728,480934.1373,4044486.6724,8.04,9.95
tile_r019043_c007011,1,352,257.84,144.42,293.04,173.38,480933.7875,4044486.7144,480933.8579,4044486.7724,7.04,5.79
tile_r019043_c007011,1,346,394.64,472.51,443.31,512.00,480934.0611,4044486.0372,480934.1585,4044486.1162,9.73,7.90
tile_r019043_c007011,1,300,220.23,445.89,270.55,492.44,480933.7123,4044486.0763,480933.8130,4044486.1694,10.06,9.31
tile_r019043_c007011,1,301,78.94,439.01,112.43,469.22,480933.4298,4044486.1228,480933.4967,4044486.1832,6.70,6.04
tile_r019043_c007011,1,349,447.56,306.50,492.54,351.17,480934.1670,4044486.3588,480934.2569,4044486.4482,9.00,8.93
tile_r019043_c007011,1,353,312.91,89.91,356.01,118.78,480933.8977,4044486.8236,480933.9839,4044486.8814,8.62,5.77
tile_r019043_c007011,1,354,206.03,82.50,256.52,118.39,480933.6839,4044486.8244,480933.7849,4044486.8962,10.10,7.18
tile_r019043_c007011,1,355,188.79,6.73,221.07,42.39,480933.6495,4044486.9764,480933.7140,4044487.0477,6.46,7.13
tile_r019043_c007267,1,348,85.19,360.85,133.38,406.52,480933.9543,4044486.2482,480934.0506,4044486.3395,9.64,9.13
tile_r019043_c007267,1,351,0.00,225.38,66.49,306.87,480933.7839,4044486.4474,480933.9169,4044486.6104,13.30,16.30
tile_r019043_c007267,1,350,136.52,194.41,176.74,244.18,480934.0569,4044486.5728,480934.1373,4044486.6724,8.04,9.95
tile_r019043_c007267,1,352,1.84,144.42,37.04,173.38,480933.7875,4044486.7144,480933.8579,4044486.7724,7.04,5.79
tile_r019043_c007267,1,346,138.64,472.51,187.31,512.00,480934.0611,4044486.0372,480934.1585,4044486.1162,9.73,7.90
tile_r019043_c007267,1,347,253.47,412.43,306.39,465.37,480934.2908,4044486.1304,480934.3966,4044486.2363,10.58,10.59
tile_r019043_c007267,1,349,191.56,306.50,236.54,351.17,480934.1670,4044486.3588,480934.2569,4044486.4482,9.00,8.93
tile_r019043_c007267,1,406,378.85,112.52,417.82,158.82,480934.5416,4044486.7435,480934.6195,4044486.8362,7.80,9.26
tile_r019043_c007267,1,405,471.76,100.17,512.00,159.92,480934.7274,4044486.7414,480934.8079,4044486.8608,8.05,11.95
tile_r019043_c007267,1,353,56.91,89.91,100.01,118.78,480933.8977,4044486.8236,480933.9839,4044486.8814,8.62,5.77
tile_r019043_c008035,2,450,366.88,448.35,420.73,501.83,480936.0536,4044486.0575,480936.1613,4044486.1645,10.77,10.70
tile_r019043_c008035,2,451,439.11,337.55,512.00,413.88,480936.1980,4044486.2334,480936.3438,4044486.3861,14.58,15.27
tile_r019043_c008035,2,452,344.66,312.78,422.44,390.24,480936.0091,4044486.2807,480936.1647,4044486.4356,15.56,15.49
tile_r019043_c008035,2,454,197.01,276.89,246.89,320.91,480935.7139,4044486.4194,480935.8136,4044486.5074,9.98,8.80
tile_r019043_c008035,2,453,308.14,223.71,364.57,279.68,480935.9361,4044486.5018,480936.0490,4044486.6138,11.29,11.19
tile_r019043_c008035,2,455,229.56,118.82,299.41,192.87,480935.7789,4044486.6755,480935.9186,4044486.8235,13.97,14.81
tile_r019043_c008035,2,456,290.68,104.65,340.22,160.23,480935.9012,4044486.7407,480936.0003,4044486.8519,9.91,11.12
tile_r019043_c008035,2,482,443.19,66.97,486.08,122.82,480936.2062,4044486.8156,480936.2920,4044486.9273,8.58,11.17
tile_r019043_c008035,2,476,72.11,103.35,108.63,141.17,480935.4640,4044486.7788,480935.5371,4044486.8545,7.30,7.56
tile_r019043_c008035,2,475,115.76,16.03,173.54,62.03,480935.5514,4044486.9371,480935.6669,4044487.0291,11.55,9.20
tile_r019043_c008291,2,450,110.88,448.35,164.73,501.83,480936.0536,4044486.0575,480936.1613,4044486.1645,10.77,10.70
tile_r019043_c008291,2,451,183.11,337.55,268.84,413.88,480936.1980,4044486.2334,480936.3695,4044486.3861,17.15,15.27
tile_r019043_c008291,2,452,88.66,312.78,166.44,390.24,480936.0091,4044486.2807,480936.1647,4044486.4356,15.56,15.49
tile_r019043_c008291,2,453,52.14,223.71,108.57,279.68,480935.9361,4044486.5018,480936.0490,4044486.6138,11.29,11.19
tile_r019043_c008291,2,455,0.00,118.82,43.41,192.87,480935.8318,4044486.6755,480935.9186,4044486.8235,8.68,14.81
tile_r019043_c008291,2,456,34.68,104.65,84.22,160.23,480935.9012,4044486.7407,480936.0003,4044486.8519,9.91,11.12
tile_r019043_c008291,2,482,187.19,66.97,230.08,122.82,480936.2062,4044486.8156,480936.2920,4044486.9273,8.58,11.17
tile_r019043_c008547,2,505,428.03,408.60,475.44,452.57,480937.1999,4044486.1561,480937.2947,4044486.2440,9.48,8.79
tile_r019043_c008547,2,507,293.09,335.57,347.18,380.03,480936.9300,4044486.3011,480937.0382,4044486.3900,10.82,8.89
tile_r019043_c008547,2,506,383.58,268.04,449.47,358.66,480937.1110,4044486.3439,480937.2427,4044486.5251,13.18,18.12
tile_r019043_c008547,2,508,247.46,220.48,323.26,309.69,480936.8387,4044486.4418,480936.9903,4044486.6202,15.16,17.84
tile_r019043_c008547,2,510,312.94,99.03,362.29,154.43,480936.9697,4044486.7523,480937.0684,4044486.8631,9.87,11.08
tile_r019043_c008547,2,512,260.45,39.50,313.73,84.68,480936.8647,4044486.8918,480936.9713,4044486.9822,10.66,9.03
tile_r019043_c008547,2,511,405.02,25.21,455.17,79.07,480937.1538,4044486.9030,480937.2541,4044487.0108,10.03,10.77
tile_r019043_c008803,2,503,278.40,422.18,341.11,475.19,480937.4126,4044486.1108,480937.5380,4044486.2168,12.54,10.60
tile_r019043_c008803,2,505,172.03,408.60,219.44,452.57,480937.1999,4044486.1561,480937.2947,4044486.2440,9.48,8.79
tile_r019043_c008803,2,504,282.37,400.31,317.97,425.72,480937.4205,4044486.2098,480937.4917,4044486.2606,7.12,5.08
tile_r019043_c008803,2,507,37.09,335.57,91.18,380.03,480936.9300,4044486.3011,480937.0382,4044486.3900,10.82,8.89
tile_r019043_c008803,2,506,127.58,268.04,193.47,358.66,480937.1110,4044486.3439,480937.2427,4044486.5251,13.18,18.12
tile_r019043_c008803,2,508,0.00,220.48,67.26,309.69,480936.8558,4044486.4418,480936.9903,4044486.6202,13.45,17.84
tile_r019043_c008803,2,509,229.39,215.51,308.77,304.79,480937.3146,4044486.4516,480937.4733,4044486.6302,15.88,17.86
tile_r019043_c008803,2,579,395.14,119.64,449.21,184.85,480937.6461,4044486.6915,480937.7542,4044486.8219,10.81,13.04
tile_r019043_c008803,2,510,56.94,99.03,106.29,154.43,480936.9697,4044486.7523,480937.0684,4044486.8631,9.87,11.08
tile_r019043_c008803,2,512,4.45,39.50,57.73,84.68,480936.8647,4044486.8918,480936.9713,4044486.9822,10.66,9.03
tile_r019043_c008803,2,511,149.02,25.21,199.17,79.07,480937.1538,4044486.9030,480937.2541,4044487.0108,10.03,10.77
tile_r019043_c009059,2,565,408.76,472.52,452.15,512.00,480938.1853,4044486.0372,480938.2721,4044486.1161,8.68,7.90
tile_r019043_c009059,2,568,309.44,448.52,348.13,485.03,480937.9867,4044486.0911,480938.0641,4044486.1642,7.74,7.30
tile_r019043_c009059,2,566,438.39,416.87,490.78,476.89,480938.2446,4044486.1074,480938.3493,4044486.2275,10.48,12.00
tile_r019043_c009059,2,503,22.40,422.18,85.11,475.19,480937.4126,4044486.1108,480937.5380,4044486.2168,12.54,10.60
tile_r019043_c009059,2,504,26.37,400.31,61.97,425.72,480937.4205,4044486.2098,480937.4917,4044486.2606,7.12,5.08
tile_r019043_c009059,2,509,0.00,215.51,52.77,304.79,480937.3678,4044486.4516,480937.4733,4044486.6302,10.55,17.86
tile_r019043_c009059,2,569,317.69,365.57,354.57,402.48,480938.0032,4044486.2562,480938.0769,4044486.3300,7.37,7.38
tile_r019043_c009059,2,570,316.29,291.75,352.04,322.02,480938.0004,4044486.4172,480938.0719,4044486.4777,7.15,6.05
tile_r019043_c009059,2,571,448.45,254.45,510.87,311.16,480938.2647,4044486.4389,480938.3895,4044486.5523,12.48,11.34
tile_r019043_c009059,2,573,326.60,234.60,362.86,277.01,480938.0210,4044486.5072,480938.0935,4044486.5920,7.25,8.48
tile_r019043_c009059,2,575,340.23,124.29,400.43,185.76,480938.0482,4044486.6897,480938.1686,4044486.8126,12.04,12.29
tile_r019043_c009059,2,579,139.14,119.64,193.21,184.85,480937.6461,4044486.6915,480937.7542,4044486.8219,10.81,13.04
tile_r019043_c009059,2,576,232.41,42.25,285.15,98.92,480937.8326,4044486.8633,480937.9381,4044486.9767,10.55,11.33
tile_r019043_c009059,2,577,327.66,16.21,392.49,81.51,480938.0231,4044486.8982,480938.1528,4044487.0288,12.96,13.06
tile_r019043_c009315,2,565,152.76,472.52,196.15,512.00,480938.1853,4044486.0372,480938.2721,4044486.1161,8.68,7.90
tile_r019043_c009315,2,568,53.44,448.52,92.13,485.03,480937.9867,4044486.0911,480938.0641,4044486.1642,7.74,7.30
tile_r019043_c009315,2,567,283.03,425.44,358.78,497.14,480938.4458,4044486.0669,480938.5973,4044486.2103,15.15,14.34
tile_r019043_c009315,2,566,182.39,416.87,234.78,476.89,480938.2446,4044486.1074,480938.3493,4044486.2275,10.48,12.00
tile_r019043_c009315,2,569,61.69,365.57,98.57,402.48,480938.0032,4044486.2562,480938.0769,4044486.3300,7.37,7.38
tile_r019043_c009315,2,570,60.29,291.75,96.04,322.02,480938.0004,4044486.4172,480938.0719,4044486.4777,7.15,6.05
tile_r019043_c009315,2,571,192.45,254.45,254.87,311.16,480938.2647,4044486.4389,480938.3895,4044486.5523,12.48,11.34
tile_r019043_c009315,2,572,265.87,257.22,291.40,301.23,480938.4115,4044486.4587,480938.4626,4044486.5467,5.11,8.80
tile_r019043_c009315,2,573,70.60,234.60,106.86,277.01,480938.0210,4044486.5072,480938.0935,4044486.5920,7.25,8.48
tile_r019043_c009315,2,574,235.05,159.07,305.82,236.31,480938.3499,4044486.5886,480938.4914,4044486.7430,14.16,15.45
tile_r019043_c009315,2,575,84.23,124.29,144.43,185.76,480938.0482,4044486.6897,480938.1686,4044486.8126,12.04,12.29
tile_r019043_c009315,2,576,0.00,42.25,29.15,98.92,480937.8798,4044486.8633,480937.9381,4044486.9767,5.83,11.33
tile_r019043_c009315,2,577,71.66,16.21,136.49,81.51,480938.0231,4044486.8982,480938.1528,4044487.0288,12.96,13.06
tile_r019043_c009315,2,630,433.35,12.08,487.97,63.93,480938.7465,4044486.9333,480938.8557,4044487.0370,10.92,10.37
tile_r019043_c010083,3,671,137.78,488.71,190.24,512.00,480939.6913,4044486.0372,480939.7962,4044486.0838,10.49,4.66
tile_r019043_c010083,3,670,389.66,461.20,418.85,486.77,480940.1951,4044486.0877,480940.2534,4044486.1388,5.84,5.11
tile_r019043_c010083,3,673,242.55,417.98,290.71,465.25,480939.9008,4044486.1307,480939.9972,4044486.2252,9.63,9.45
tile_r019043_c010083,3,676,70.57,339.49,115.59,378.44,480939.5569,4044486.3043,480939.6469,4044486.3822,9.00,7.79
tile_r019043_c010083,3,675,180.11,322.02,228.27,354.78,480939.7760,4044486.3516,480939.8723,4044486.4171,9.63,6.55
tile_r019043_c010083,3,674,338.86,299.27,370.04,336.69,480940.0935,4044486.3878,480940.1558,4044486.4627,6.24,7.48
tile_r019043_c010083,3,678,182.76,223.07,235.02,264.22,480939.7813,4044486.5328,480939.8858,4044486.6151,10.45,8.23
tile_r019043_c010083,3,677,57.87,221.85,117.67,263.97,480939.5315,4044486.5332,480939.6511,4044486.6175,11.96,8.42
tile_r019043_c010083,3,679,183.29,153.75,207.09,179.67,480939.7823,4044486.7018,480939.8299,4044486.7537,4.76,5.19
tile_r019043_c010083,3,681,51.05,68.55,108.34,105.85,480939.5179,4044486.8495,480939.6324,4044486.9241,11.46,7.46
tile_r019043_c010083,3,680,209.21,29.92,241.03,59.84,480939.8342,4044486.9415,480939.8978,4044487.0013,6.36,5.98
tile_r019043_c010339,3,670,133.66,461.20,162.85,486.77,480940.1951,4044486.0877,480940.2534,4044486.1388,5.84,5.11
tile_r019043_c010339,3,673,0.00,417.98,34.71,465.25,480939.9277,4044486.1307,480939.9972,4044486.2252,6.94,9.45
tile_r019043_c010339,3,748,376.04,417.21,435.40,460.73,480940.6798,4044486.1397,480940.7985,4044486.2268,11.87,8.70
tile_r019043_c010339,3,747,368.10,326.98,437.56,387.72,480940.6639,4044486.2858,480940.8028,4044486.4072,13.89,12.15
tile_r019043_c010339,3,674,82.86,299.27,114.04,336.69,480940.0935,4044486.3878,480940.1558,4044486.4627,6.24,7.48
tile_r019043_c010339,3,749,446.16,206.20,493.22,260.56,480940.8200,4044486.5401,480940.9142,4044486.6488,9.41,10.87
tile_r019043_c010339,3,750,297.33,207.76,317.17,232.43,480940.5224,4044486.5963,480940.5621,4044486.6457,3.97,4.93
tile_r019043_c010339,3,752,407.13,79.86,475.85,167.35,480940.7420,4044486.7265,480940.8794,4044486.9015,13.74,17.50
tile_r019043_c010339,3,751,292.03,98.38,323.78,133.93,480940.5118,4044486.7933,480940.5753,4044486.8644,6.35,7.11
tile_r019043_c010339,3,753,489.15,129.47,512.00,156.50,480940.9060,4044486.7482,480940.9517,4044486.8022,4.57,5.41
tile_r019043_c010339,3,757,476.28,33.46,505.25,65.60,480940.8803,4044486.9300,480940.9382,4044486.9943,5.79,6.43
tile_r019043_c010339,3,756,435.27,0.00,471.67,33.13,480940.7983,4044486.9949,480940.8711,4044487.0612,7.28,6.63
tile_r019043_c010339,3,754,263.14,0.00,308.93,24.97,480940.4540,4044487.0112,480940.5456,4044487.0612,9.16,4.99
tile_r019043_c010595,3,744,394.29,457.44,430.40,489.38,480941.2283,4044486.0824,480941.3005,4044486.1463,7.22,6.39
tile_r019043_c010595,3,748,120.04,417.21,179.40,460.73,480940.6798,4044486.1397,480940.7985,4044486.2268,11.87,8.70
tile_r019043_c010595,3,747,112.10,326.98,181.56,387.72,480940.6639,4044486.2858,480940.8028,4044486.4072,13.89,12.15
tile_r019043_c010595,3,749,190.16,206.20,237.22,260.56,480940.8200,4044486.5401,480940.9142,4044486.6488,9.41,10.87
tile_r019043_c010595,3,750,41.33,207.76,61.17,232.43,480940.5224,4044486.5963,480940.5621,4044486.6457,3.97,4.93
tile_r019043_c010595,3,752,151.13,79.86,219.85,167.35,480940.7420,4044486.7265,480940.8794,4044486.9015,13.74,17.50
tile_r019043_c010595,3,751,36.03,98.38,67.78,133.93,480940.5118,4044486.7933,480940.5753,4044486.8644,6.35,7.11
tile_r019043_c010595,3,745,274.16,415.23,318.13,462.08,480940.9880,4044486.1370,480941.0760,4044486.2307,8.79,9.37
tile_r019043_c010595,3,746,295.33,318.12,337.00,356.22,480941.0304,4044486.3487,480941.1137,4044486.4249,8.33,7.62
tile_r019043_c010595,3,753,233.15,129.47,263.07,156.50,480940.9060,4044486.7482,480940.9659,4044486.8022,5.98,5.41
tile_r019043_c010595,3,757,220.28,33.46,249.25,65.60,480940.8803,4044486.9300,480940.9382,4044486.9943,5.79,6.43
tile_r019043_c010595,3,756,179.27,0.00,215.67,33.13,480940.7983,4044486.9949,480940.8711,4044487.0612,7.28,6.63
tile_r019043_c010595,3,754,7.14,0.00,52.93,24.97,480940.4540,4044487.0112,480940.5456,4044487.0612,9.16,4.99
tile_r019043_c010851,3,744,138.29,457.44,174.40,489.38,480941.2283,4044486.0824,480941.3005,4044486.1463,7.22,6.39
tile_r019043_c010851,3,816,485.26,434.12,512.00,471.51,480941.9222,4044486.1182,480941.9757,4044486.1930,5.35,7.48
tile_r019043_c010851,3,745,18.16,415.23,62.13,462.08,480940.9880,4044486.1370,480941.0760,4044486.2307,8.79,9.37
tile_r019043_c010851,3,746,39.33,318.12,81.00,356.22,480941.0304,4044486.3487,480941.1137,4044486.4249,8.33,7.62
tile_r019043_c010851,3,821,330.61,253.94,357.99,287.29,480941.6129,4044486.4866,480941.6677,4044486.5533,5.48,6.67
tile_r019043_c010851,3,820,408.94,205.78,445.97,242.68,480941.7696,4044486.5758,480941.8436,4044486.6496,7.41,7.38
tile_r019043_c010851,3,822,299.62,176.15,341.19,210.81,480941.5509,4044486.6396,480941.6341,4044486.7089,8.31,6.93
tile_r019043_c010851,3,823,409.99,88.50,461.85,130.45,480941.7717,4044486.8003,480941.8754,4044486.8842,10.37,8.39
tile_r019043_c010851,3,824,425.72,0.00,461.13,30.98,480941.8031,4044486.9992,480941.8740,4044487.0612,7.08,6.20
tile_r019043_c011107,3,817,377.41,444.41,432.16,483.04,480942.2185,4044486.0951,480942.3280,4044486.1724,10.95,7.73
tile_r019043_c011107,3,816,229.26,434.12,269.15,471.51,480941.9222,4044486.1182,480942.0020,4044486.1930,7.98,7.48
tile_r019043_c011107,3,818,253.60,328.81,313.43,378.45,480941.9709,4044486.3043,480942.0906,4044486.4036,11.96,9.93
tile_r019043_c011107,3,819,328.09,294.68,370.13,329.64,480942.1199,4044486.4019,480942.2040,4044486.4718,8.41,6.99
tile_r019043_c011107,3,821,74.61,253.94,101.99,287.29,480941.6129,4044486.4866,480941.6677,4044486.5533,5.48,6.67
tile_r019043_c011107,3,820,152.94,205.78,189.97,242.68,480941.7696,4044486.5758,480941.8436,4044486.6496,7.41,7.38
tile_r019043_c011107,3,822,43.62,176.15,85.19,210.81,480941.5509,4044486.6396,480941.6341,4044486.7089,8.31,6.93
tile_r019043_c011107,3,823,153.99,88.50,205.85,130.45,480941.7717,4044486.8003,480941.8754,4044486.8842,10.37,8.39
tile_r019043_c011107,3,824,169.72,0.00,205.13,30.98,480941.8031,4044486.9992,480941.8740,4044487.0612,7.08,6.20
tile_r019043_c011363,3,817,121.41,444.41,176.16,483.04,480942.2185,4044486.0951,480942.3280,4044486.1724,10.95,7.73
tile_r019043_c011363,3,852,346.18,405.22,394.10,453.91,480942.6680,4044486.1534,480942.7639,4044486.2507,9.58,9.74
tile_r019043_c011363,3,818,0.00,328.81,57.43,378.45,480941.9757,4044486.3043,480942.0906,4044486.4036,11.49,9.93
tile_r019043_c011363,3,819,72.09,294.68,114.13,329.64,480942.1199,4044486.4019,480942.2040,4044486.4718,8.41,6.99
tile_r019043_c011363,3,853,291.82,252.82,345.77,305.23,480942.5593,4044486.4507,480942.6672,4044486.5555,10.79,10.48
tile_r019043_c011363,3,854,398.71,233.54,447.40,282.15,480942.7731,4044486.4969,480942.8705,4044486.5941,9.74,9.72
tile_r019043_c011363,3,856,236.25,119.54,277.00,160.14,480942.4482,4044486.7409,480942.5297,4044486.8221,8.15,8.12
tile_r019043_c011363,3,855,381.25,121.59,405.19,151.63,480942.7382,4044486.7579,480942.7861,4044486.8180,4.79,6.01
tile_r019043_c011363,3,857,274.36,46.91,314.57,85.14,480942.5244,4044486.8909,480942.6048,4044486.9674,8.04,7.65
tile_r019043_c011619,3,852,90.18,405.22,138.10,453.91,480942.6680,4044486.1534,480942.7639,4044486.2507,9.58,9.74
tile_r019043_c011619,3,851,234.79,347.54,283.94,398.34,480942.9573,4044486.2645,480943.0556,4044486.3661,9.83,10.16
tile_r019043_c011619,3,853,35.82,252.82,89.77,305.23,480942.5593,4044486.4507,480942.6672,4044486.5555,10.79,10.48
tile_r019043_c011619,3,854,142.71,233.54,191.40,282.15,480942.7731,4044486.4969,480942.8705,4044486.5941,9.74,9.72
tile_r019043_c011619,3,922,427.10,170.83,497.54,240.95,480943.3419,4044486.5793,480943.4828,4044486.7195,14.09,14.02
tile_r019043_c011619,3,856,0.00,119.54,21.00,160.14,480942.4877,4044486.7409,480942.5297,4044486.8221,4.20,8.12
tile_r019043_c011619,3,855,125.25,121.59,149.19,151.63,480942.7382,4044486.7579,480942.7861,4044486.8180,4.79,6.01
tile_r019043_c011619,3,927,411.39,104.02,454.29,141.67,480943.3104,4044486.7779,480943.3963,4044486.8531,8.58,7.53
tile_r019043_c011619,3,857,18.36,46.91,58.57,85.14,480942.5244,4044486.8909,480942.6048,4044486.9674,8.04,7.65
tile_r019043_c011619,3,926,380.23,47.80,418.66,69.08,480943.2481,4044486.9230,480943.3250,4044486.9656,7.69,4.26
tile_r019043_c012387,4,987,425.07,489.89,468.99,512.00,480944.8738,4044486.0372,480944.9616,4044486.0814,8.78,4.42
tile_r019043_c012387,4,990,286.95,428.99,322.02,464.90,480944.5975,4044486.1314,480944.6677,4044486.2032,7.01,7.18
tile_r019043_c012387,4,991,361.04,426.34,393.24,457.01,480944.7457,4044486.1472,480944.8101,4044486.2085,6.44,6.13
tile_r019043_c012387,4,992,370.56,338.53,419.25,370.75,480944.7648,4044486.3197,480944.8621,4044486.3841,9.74,6.44
tile_r019043_c012387,4,993,261.02,298.28,303.86,333.88,480944.5457,4044486.3934,480944.6314,4044486.4646,8.57,7.12
tile_r019043_c012387,4,995,323.47,163.58,378.50,222.37,480944.6706,4044486.6164,480944.7806,4044486.7340,11.01,11.76
tile_r019043_c012387,4,997,156.78,145.09,196.99,176.30,480944.3372,4044486.7086,480944.4176,4044486.7710,8.04,6.24
tile_r019043_c012387,4,996,306.00,126.19,343.05,156.04,480944.6356,4044486.7491,480944.7097,4044486.8088,7.41,5.97
tile_r019043_c012387,4,998,270.55,44.28,322.49,99.47,480944.5647,4044486.8622,480944.6686,4044486.9726,10.39,11.04
tile_r019043_c012387,4,1001,109.10,12.00,130.85,35.77,480944.2418,4044486.9896,480944.2853,4044487.0372,4.35,4.75
tile_r019043_c012387,4,999,253.09,0.88,291.74,38.76,480944.5298,4044486.9837,480944.6071,4044487.0594,7.73,7.57
tile_r019043_c012387,4,1000,190.11,1.41,209.69,16.76,480944.4039,4044487.0277,480944.4430,4044487.0584,3.92,3.07
tile_r019043_c012643,4,987,169.07,489.89,212.99,512.00,480944.8738,4044486.0372,480944.9616,4044486.0814,8.78,4.42
tile_r019043_c012643,4,990,30.95,428.99,66.02,464.90,480944.5975,4044486.1314,480944.6677,4044486.2032,7.01,7.18
tile_r019043_c012643,4,991,105.04,426.34,137.24,457.01,480944.7457,4044486.1472,480944.8101,4044486.2085,6.44,6.13
tile_r019043_c012643,4,992,114.56,338.53,163.25,370.75,480944.7648,4044486.3197,480944.8621,4044486.3841,9.74,6.44
tile_r019043_c012643,4,1061,488.87,320.17,512.00,367.12,480945.5134,4044486.3269,480945.5596,4044486.4209,4.63,9.39
tile_r019043_c012643,4,1065,426.35,144.22,467.04,175.89,480945.3883,4044486.7094,480945.4697,4044486.7727,8.14,6.33
tile_r019043_c012643,4,994,235.22,306.22,282.28,337.37,480945.0061,4044486.3865,480945.1002,4044486.4488,9.41,6.23
tile_r019043_c012643,4,993,5.02,298.28,47.86,333.88,480944.5457,4044486.3934,480944.6314,4044486.4646,8.57,7.12
tile_r019043_c012643,4,995,67.47,163.58,122.50,222.37,480944.6706,4044486.6164,480944.7806,4044486.7340,11.01,11.76
tile_r019043_c012643,4,996,50.00,126.19,87.05,156.04,480944.6356,4044486.7491,480944.7097,4044486.8088,7.41,5.97
tile_r019043_c012643,4,1066,354.25,121.58,370.12,145.69,480945.2441,4044486.7698,480945.2759,4044486.8180,3.18,4.82
tile_r019043_c012643,4,998,14.55,44.28,66.49,99.47,480944.5647,4044486.8622,480944.6686,4044486.9726,10.39,11.04
tile_r019043_c012643,4,999,0.00,0.88,35.74,38.76,480944.5356,4044486.9837,480944.6071,4044487.0594,7.15,7.57
tile_r019043_c012899,4,1054,389.80,467.68,429.65,509.61,480945.8272,4044486.0420,480945.9069,4044486.1258,7.97,8.39
tile_r019043_c012899,4,1059,407.82,373.75,440.03,396.66,480945.8632,4044486.2679,480945.9277,4044486.3137,6.44,4.58
tile_r019043_c012899,4,1061,232.87,320.17,277.51,367.12,480945.5134,4044486.3269,480945.6026,4044486.4209,8.93,9.39
tile_r019043_c012899,4,1058,358.87,325.50,403.85,355.85,480945.7654,4044486.3495,480945.8553,4044486.4102,9.00,6.07
tile_r019043_c012899,4,1062,333.07,238.81,373.38,276.57,480945.7138,4044486.5080,480945.7944,4044486.5836,8.06,7.55
tile_r019043_c012899,4,1063,302.57,199.78,346.96,229.44,480945.6528,4044486.6023,480945.7415,4044486.6616,8.88,5.93
tile_r019043_c012899,4,1065,170.35,144.22,211.04,175.89,480945.3883,4044486.7094,480945.4697,4044486.7727,8.14,6.33
tile_r019043_c012899,4,1064,370.11,138.93,402.15,172.77,480945.7878,4044486.7156,480945.8519,4044486.7833,6.41,6.77
tile_r019043_c012899,4,994,0.00,306.22,26.28,337.37,480945.0476,4044486.3865,480945.1002,4044486.4488,5.25,6.23
tile_r019043_c012899,4,1066,98.25,121.58,114.12,145.69,480945.2441,4044486.7698,480945.2759,4044486.8180,3.18,4.82
tile_r019043_c013155,4,1054,133.80,467.68,173.65,509.61,480945.8272,4044486.0420,480945.9069,4044486.1258,7.97,8.39
tile_r019043_c013155,4,1057,283.45,428.65,319.43,461.71,480946.1265,4044486.1378,480946.1985,4044486.2039,7.20,6.61
tile_r019043_c013155,4,1056,261.62,396.90,292.14,432.24,480946.0829,4044486.1967,480946.1439,4044486.2674,6.10,7.07
tile_r019043_c013155,4,1059,151.82,373.75,184.03,396.66,480945.8632,4044486.2679,480945.9277,4044486.3137,6.44,4.58
tile_r019043_c013155,4,1132,492.41,346.49,512.00,375.53,480946.5444,4044486.3101,480946.5836,4044486.3682,3.92,5.81
tile_r019043_c013155,4,1058,102.87,325.50,147.85,355.85,480945.7654,4044486.3495,480945.8553,4044486.4102,9.00,6.07
tile_r019043_c013155,4,1060,245.08,263.98,286.10,303.60,480946.0498,4044486.4540,480946.1318,4044486.5332,8.20,7.92
tile_r019043_c013155,4,1062,77.07,238.81,117.38,276.57,480945.7138,4044486.5080,480945.7944,4044486.5836,8.06,7.55
tile_r019043_c013155,4,1063,46.57,199.78,90.96,229.44,480945.6528,4044486.6023,480945.7415,4044486.6616,8.88,5.93
tile_r019043_c013155,4,1137,490.82,175.85,512.00,199.55,480946.5413,4044486.6621,480946.5836,4044486.7095,4.23,4.74
tile_r019043_c013155,4,1064,114.11,138.93,146.15,172.77,480945.7878,4044486.7156,480945.8519,4044486.7833,6.41,6.77
tile_r019043_c013155,4,1138,436.78,137.96,458.54,164.53,480946.4332,4044486.7321,480946.4767,4044486.7853,4.35,5.31
tile_r019043_c013155,4,1141,417.87,59.11,439.49,80.17,480946.3953,4044486.9008,480946.4386,4044486.9430,4.33,4.21
tile_r019043_c013155,4,1139,450.08,0.00,497.18,25.75,480946.4598,4044487.0097,480946.5540,4044487.0612,9.42,5.15
tile_r019043_c013411,4,1129,340.66,471.83,399.40,512.00,480946.7529,4044486.0372,480946.8704,4044486.1175,11.75,8.03
tile_r019043_c013411,4,1057,27.45,428.65,63.43,461.71,480946.1265,4044486.1378,480946.1985,4044486.2039,7.20,6.61
tile_r019043_c013411,4,1130,449.67,420.04,494.12,467.61,480946.9709,4044486.1260,480947.0598,4044486.2211,8.89,9.51
tile_r019043_c013411,4,1131,288.24,406.25,324.26,429.59,480946.6481,4044486.2020,480946.7201,4044486.2487,7.20,4.67
tile_r019043_c013411,4,1056,5.62,396.90,36.14,432.24,480946.0829,4044486.1967,480946.1439,4044486.2674,6.10,7.07
tile_r019043_c013411,4,1132,236.41,346.49,275.04,375.53,480946.5444,4044486.3101,480946.6217,4044486.3682,7.73,5.81
tile_r019043_c013411,4,1133,293.56,345.40,335.98,370.70,480946.6587,4044486.3198,480946.7436,4044486.3704,8.48,5.06
tile_r019043_c013411,4,1060,0.00,263.98,30.10,303.60,480946.0716,4044486.4540,480946.1318,4044486.5332,6.02,7.92
tile_r019043_c013411,4,1134,333.78,270.26,359.37,295.97,480946.7392,4044486.4693,480946.7903,4044486.5207,5.12,5.14
tile_r019043_c013411,4,1135,300.97,236.92,343.89,276.30,480946.6735,4044486.5086,480946.7594,4044486.5874,8.58,7.88
tile_r019043_c013411,4,1137,234.82,175.85,261.28,199.55,480946.5413,4044486.6621,480946.5942,4044486.7095,5.29,4.74
tile_r019043_c013411,4,1138,180.78,137.96,202.54,164.53,480946.4332,4044486.7321,480946.4767,4044486.7853,4.35,5.31
tile_r019043_c013411,4,1141,161.87,59.11,183.49,80.17,480946.3953,4044486.9008,480946.4386,4044486.9430,4.33,4.21
tile_r019043_c013411,4,1140,298.86,24.72,334.42,59.43,480946.6693,4044486.9423,480946.7404,4044487.0117,7.11,6.94
tile_r019043_c013411,4,1139,194.08,0.00,241.18,25.75,480946.4598,4044487.0097,480946.5540,4044487.0612,9.42,5.15
tile_r019299_c005987,1,78,0.00,492.47,24.80,512.00,480931.2239,4044485.5252,480931.2735,4044485.5643,4.96,3.91
tile_r019299_c005987,1,24,444.09,487.26,474.06,512.00,480932.1121,4044485.5252,480932.1720,4044485.5747,5.99,4.95
tile_r019299_c005987,1,25,231.89,437.52,270.71,473.92,480931.6877,4044485.6014,480931.7653,4044485.6742,7.77,7.28
tile_r019299_c005987,1,27,289.04,278.76,339.10,329.45,480931.8020,4044485.8903,480931.9021,4044485.9917,10.01,10.14
tile_r019299_c005987,1,26,99.06,251.94,143.51,295.53,480931.4220,4044485.9581,480931.5109,4044486.0453,8.89,8.72
tile_r019299_c005987,1,28,149.33,143.29,183.61,178.63,480931.5226,4044486.1919,480931.5911,4044486.2626,6.86,7.07
tile_r019299_c005987,1,29,107.53,108.37,142.45,146.47,480931.4390,4044486.2563,480931.5088,4044486.3325,6.99,7.62
tile_r019299_c005987,1,30,18.10,102.55,68.86,141.14,480931.2601,4044486.2669,480931.3616,4044486.3441,10.15,7.72
tile_r019299_c005987,1,234,458.70,57.10,512.00,129.19,480932.1413,4044486.2908,480932.2479,4044486.4350,10.66,14.42
tile_r019299_c005987,1,33,20.21,24.76,70.08,82.06,480931.2644,4044486.3851,480931.3641,4044486.4997,9.97,11.46
tile_r019299_c005987,1,233,453.08,21.69,506.66,69.67,480932.1301,4044486.4099,480932.2372,4044486.5058,10.72,9.59
tile_r019299_c006243,1,228,430.25,437.90,452.41,457.47,480932.5964,4044485.6343,480932.6407,4044485.6734,4.43,3.91
tile_r019299_c006243,1,24,188.09,487.26,218.06,512.00,480932.1121,4044485.5252,480932.1720,4044485.5747,5.99,4.95
tile_r019299_c006243,1,27,33.04,278.76,83.10,329.45,480931.8020,4044485.8903,480931.9021,4044485.9917,10.01,10.14
tile_r019299_c006243,1,232,285.72,128.58,319.78,161.55,480932.3073,4044486.2261,480932.3755,4044486.2920,6.81,6.59
tile_r019299_c006243,1,234,202.70,57.10,271.49,129.19,480932.1413,4044486.2908,480932.2789,4044486.4350,13.76,14.42
tile_r019299_c006243,1,233,197.08,21.69,250.66,69.67,480932.1301,4044486.4099,480932.2372,4044486.5058,10.72,9.59
tile_r019299_c006243,1,230,388.57,138.22,435.21,186.31,480932.5130,4044486.1766,480932.6063,4044486.2727,9.33,9.62
tile_r019299_c006243,1,227,434.22,343.67,487.80,394.80,480932.6043,4044485.7596,480932.7115,4044485.8619,10.72,10.22
tile_r019299_c006243,1,229,441.16,220.73,495.07,279.42,480932.6182,4044485.9904,480932.7260,4044486.1077,10.78,11.74
tile_r019299_c006499,1,223,407.75,451.82,439.22,483.81,480933.0634,4044485.5816,480933.1263,4044485.6456,6.29,6.40
tile_r019299_c006499,1,224,254.29,440.35,302.57,481.48,480932.7565,4044485.5862,480932.8530,4044485.6685,9.66,8.23
tile_r019299_c006499,1,228,174.25,437.90,196.41,457.47,480932.5964,4044485.6343,480932.6407,4044485.6734,4.43,3.91
tile_r019299_c006499,1,232,29.72,128.58,63.78,161.55,480932.3073,4044486.2261,480932.3755,4044486.2920,6.81,6.59
tile_r019299_c006499,1,230,132.57,138.22,179.21,186.31,480932.5130,4044486.1766,480932.6063,4044486.2727,9.33,9.62
tile_r019299_c006499,1,231,244.03,112.98,294.97,167.89,480932.7360,4044486.2134,480932.8378,4044486.3232,10.19,10.98
tile_r019299_c006499,1,225,238.08,392.70,276.78,420.99,480932.7241,4044485.7072,480932.8014,4044485.7638,7.74,5.66
tile_r019299_c006499,1,226,315.47,389.31,339.01,413.67,480932.8788,4044485.7219,480932.9259,4044485.7706,4.71,4.87
tile_r019299_c006499,1,227,178.22,343.67,231.80,394.80,480932.6043,4044485.7596,480932.7115,4044485.8619,10.72,10.22
tile_r019299_c006499,1,229,185.16,220.73,239.07,279.42,480932.6182,4044485.9904,480932.7260,4044486.1077,10.78,11.74
tile_r019299_c006755,1,223,151.75,451.82,183.22,483.81,480933.0634,4044485.5816,480933.1263,4044485.6456,6.29,6.40
tile_r019299_c006755,1,224,0.00,440.35,46.57,481.48,480932.7599,4044485.5862,480932.8530,4044485.6685,9.31,8.23
tile_r019299_c006755,1,295,449.24,438.83,482.05,471.19,480933.6584,4044485.6068,480933.7240,4044485.6715,6.56,6.47
tile_r019299_c006755,1,302,305.31,152.85,338.09,176.61,480933.3705,4044486.1960,480933.4361,4044486.2435,6.56,4.75
tile_r019299_c006755,1,231,0.00,112.98,38.97,167.89,480932.7599,4044486.2134,480932.8378,4044486.3232,7.79,10.98
tile_r019299_c006755,1,303,297.90,107.87,332.65,141.25,480933.3557,4044486.2667,480933.4252,4044486.3335,6.95,6.68
tile_r019299_c006755,1,225,0.00,392.70,20.78,420.99,480932.7599,4044485.7072,480932.8014,4044485.7638,4.16,5.66
tile_r019299_c006755,1,226,59.47,389.31,83.01,413.67,480932.8788,4044485.7219,480932.9259,4044485.7706,4.71,4.87
tile_r019299_c006755,1,296,449.24,362.40,497.42,411.94,480933.6584,4044485.7253,480933.7547,4044485.8244,9.64,9.91
tile_r019299_c006755,1,299,335.47,251.81,381.11,290.26,480933.4308,4044485.9687,480933.5221,4044486.0456,9.13,7.69
tile_r019299_c006755,1,300,476.23,189.89,512.00,236.44,480933.7123,4044486.0763,480933.7839,4044486.1694,7.15,9.31
tile_r019299_c006755,1,301,334.94,183.01,368.43,213.22,480933.4298,4044486.1228,480933.4967,4044486.1832,6.70,6.04
tile_r019299_c007011,1,293,245.63,485.70,294.91,512.00,480933.7631,4044485.5252,480933.8617,4044485.5778,9.86,5.26
tile_r019299_c007011,1,295,193.24,438.83,226.05,471.19,480933.6584,4044485.6068,480933.7240,4044485.6715,6.56,6.47
tile_r019299_c007011,1,302,49.31,152.85,82.09,176.61,480933.3705,4044486.1960,480933.4361,4044486.2435,6.56,4.75
tile_r019299_c007011,1,348,341.19,104.85,389.38,150.52,480933.9543,4044486.2482,480934.0506,4044486.3395,9.64,9.13
tile_r019299_c007011,1,303,41.90,107.87,76.65,141.25,480933.3557,4044486.2667,480933.4252,4044486.3335,6.95,6.68
tile_r019299_c007011,1,351,251.94,0.00,322.49,50.87,480933.7758,4044486.4474,480933.9169,4044486.5492,14.11,10.17
tile_r019299_c007011,1,345,476.13,263.06,512.00,295.90,480934.2241,4044485.9574,480934.2959,4044486.0231,7.17,6.57
tile_r019299_c007011,1,297,252.51,414.26,284.84,445.82,480933.7769,4044485.6576,480933.8416,4044485.7207,6.47,6.31
tile_r019299_c007011,1,296,193.24,362.40,241.42,411.94,480933.6584,4044485.7253,480933.7547,4044485.8244,9.64,9.91
tile_r019299_c007011,1,299,79.47,251.81,125.11,290.26,480933.4308,4044485.9687,480933.5221,4044486.0456,9.13,7.69
tile_r019299_c007011,1,346,394.64,216.51,443.31,266.33,480934.0611,4044486.0165,480934.1585,4044486.1162,9.73,9.97
tile_r019299_c007011,1,300,220.23,189.89,270.55,236.44,480933.7123,4044486.0763,480933.8130,4044486.1694,10.06,9.31
tile_r019299_c007011,1,301,78.94,183.01,112.43,213.22,480933.4298,4044486.1228,480933.4967,4044486.1832,6.70,6.04
tile_r019299_c007011,1,349,447.56,50.50,492.54,95.17,480934.1670,4044486.3588,480934.2569,4044486.4482,9.00,8.93
tile_r019299_c007267,1,348,85.19,104.85,133.38,150.52,480933.9543,4044486.2482,480934.0506,4044486.3395,9.64,9.13
tile_r019299_c007267,1,351,0.00,0.00,66.49,50.87,480933.7839,4044486.4474,480933.9169,4044486.5492,13.30,10.17
tile_r019299_c007267,1,342,332.32,435.58,365.88,459.01,480934.4485,4044485.6312,480934.5156,4044485.6780,6.71,4.69
tile_r019299_c007267,1,343,333.38,341.39,370.37,372.48,480934.4506,4044485.8042,480934.5246,4044485.8664,7.40,6.22
tile_r019299_c007267,1,344,279.93,308.05,313.98,331.97,480934.3437,4044485.8853,480934.4118,4044485.9331,6.81,4.78
tile_r019299_c007267,1,345,220.13,263.06,257.18,295.90,480934.2241,4044485.9574,480934.2982,4044486.0231,7.41,6.57
tile_r019299_c007267,1,297,0.00,414.26,28.84,445.82,480933.7839,4044485.6576,480933.8416,4044485.7207,5.77,6.31
tile_r019299_c007267,1,346,138.64,216.51,187.31,266.33,480934.0611,4044486.0165,480934.1585,4044486.1162,9.73,9.97
tile_r019299_c007267,1,347,253.47,156.43,306.39,209.37,480934.2908,4044486.1304,480934.3966,4044486.2363,10.58,10.59
tile_r019299_c007267,1,349,191.56,50.50,236.54,95.17,480934.1670,4044486.3588,480934.2569,4044486.4482,9.00,8.93
tile_r019299_c008035,2,390,0.00,472.34,28.18,512.00,480935.3198,4044485.5252,480935.3762,4044485.6045,5.64,7.93
tile_r019299_c008035,2,395,0.00,256.04,45.05,304.29,480935.3198,4044485.9406,480935.4099,4044486.0371,9.01,9.65
tile_r019299_c008035,2,447,324.81,409.04,382.91,467.68,480935.9694,4044485.6138,480936.0856,4044485.7311,11.62,11.73
tile_r019299_c008035,2,446,420.06,380.47,474.84,429.24,480936.1599,4044485.6907,480936.2695,4044485.7883,10.95,9.75
tile_r019299_c008035,2,449,364.50,266.96,428.71,310.24,480936.0488,4044485.9287,480936.1772,4044486.0153,12.84,8.66
tile_r019299_c008035,2,450,366.88,192.35,420.73,245.83,480936.0536,4044486.0575,480936.1613,4044486.1645,10.77,10.70
tile_r019299_c008035,2,451,439.11,81.55,512.00,157.88,480936.1980,4044486.2334,480936.3438,4044486.3861,14.58,15.27
tile_r019299_c008035,2,452,344.66,56.78,422.44,134.24,480936.0091,4044486.2807,480936.1647,4044486.4356,15.56,15.49
tile_r019299_c008035,2,454,197.01,20.89,246.89,64.91,480935.7139,4044486.4194,480935.8136,4044486.5074,9.98,8.80
tile_r019299_c008291,2,447,68.81,409.04,126.91,467.68,480935.9694,4044485.6138,480936.0856,4044485.7311,11.62,11.73
tile_r019299_c008291,2,446,164.06,380.47,218.84,429.24,480936.1599,4044485.6907,480936.2695,4044485.7883,10.95,9.75
tile_r019299_c008291,2,448,321.23,333.64,380.81,375.09,480936.4743,4044485.7990,480936.5934,4044485.8819,11.91,8.29
tile_r019299_c008291,2,449,108.50,266.96,172.71,310.24,480936.0488,4044485.9287,480936.1772,4044486.0153,12.84,8.66
tile_r019299_c008291,2,450,110.88,192.35,164.73,245.83,480936.0536,4044486.0575,480936.1613,4044486.1645,10.77,10.70
tile_r019299_c008291,2,451,183.11,81.55,268.84,157.88,480936.1980,4044486.2334,480936.3695,4044486.3861,17.15,15.27
tile_r019299_c008291,2,452,88.66,56.78,166.44,134.24,480936.0091,4044486.2807,480936.1647,4044486.4356,15.56,15.49
tile_r019299_c008547,2,498,329.38,415.31,384.88,461.55,480937.0026,4044485.6261,480937.1136,4044485.7186,11.10,9.25
tile_r019299_c008547,2,448,65.23,333.64,124.81,375.09,480936.4743,4044485.7990,480936.5934,4044485.8819,11.91,8.29
tile_r019299_c008547,2,502,317.65,277.55,352.91,308.63,480936.9791,4044485.9319,480937.0496,4044485.9941,7.05,6.22
tile_r019299_c008547,2,501,434.33,252.71,497.83,302.39,480937.2125,4044485.9444,480937.3395,4044486.0438,12.70,9.94
tile_r019299_c008547,2,505,428.03,152.60,475.44,196.57,480937.1999,4044486.1561,480937.2947,4044486.2440,9.48,8.79
tile_r019299_c008547,2,507,293.09,79.57,347.18,124.03,480936.9300,4044486.3011,480937.0382,4044486.3900,10.82,8.89
tile_r019299_c008547,2,506,383.58,12.04,449.47,102.66,480937.1110,4044486.3439,480937.2427,4044486.5251,13.18,18.12
tile_r019299_c008547,2,508,247.46,0.00,323.26,53.69,480936.8387,4044486.4418,480936.9903,4044486.5492,15.16,10.74
tile_r019299_c008803,2,498,73.38,415.31,128.88,461.55,480937.0026,4044485.6261,480937.1136,4044485.7186,11.10,9.25
tile_r019299_c008803,2,500,350.75,403.14,434.81,455.38,480937.5573,4044485.6384,480937.7254,4044485.7429,16.81,10.45
tile_r019299_c008803,2,499,250.65,353.00,314.15,413.07,480937.3571,4044485.7231,480937.4841,4044485.8432,12.70,12.01
tile_r019299_c008803,2,502,61.65,277.55,96.91,308.63,480936.9791,4044485.9319,480937.0496,4044485.9941,7.05,6.22
tile_r019299_c008803,2,501,178.33,252.71,241.83,302.39,480937.2125,4044485.9444,480937.3395,4044486.0438,12.70,9.94
tile_r019299_c008803,2,503,278.40,166.18,341.11,219.19,480937.4126,4044486.1108,480937.5380,4044486.2168,12.54,10.60
tile_r019299_c008803,2,505,172.03,152.60,219.44,196.57,480937.1999,4044486.1561,480937.2947,4044486.2440,9.48,8.79
tile_r019299_c008803,2,504,282.37,144.31,317.97,169.72,480937.4205,4044486.2098,480937.4917,4044486.2606,7.12,5.08
tile_r019299_c008803,2,507,37.09,79.57,91.18,124.03,480936.9300,4044486.3011,480937.0382,4044486.3900,10.82,8.89
tile_r019299_c008803,2,506,127.58,12.04,193.47,102.66,480937.1110,4044486.3439,480937.2427,4044486.5251,13.18,18.12
tile_r019299_c008803,2,508,0.00,0.00,67.26,53.69,480936.8558,4044486.4418,480936.9903,4044486.5492,13.45,10.74
tile_r019299_c008803,2,509,229.39,0.00,308.77,48.79,480937.3146,4044486.4516,480937.4733,4044486.5492,15.88,9.76
tile_r019299_c009059,2,560,441.57,402.02,473.68,455.69,480938.2509,4044485.6378,480938.3151,4044485.7452,6.42,10.73
tile_r019299_c009059,2,500,94.75,403.14,178.81,455.38,480937.5573,4044485.6384,480937.7254,4044485.7429,16.81,10.45
tile_r019299_c009059,2,499,0.00,353.00,58.15,413.07,480937.3678,4044485.7231,480937.4841,4044485.8432,11.63,12.01
tile_r019299_c009059,2,561,357.46,323.17,391.27,359.16,480938.0827,4044485.8309,480938.1503,4044485.9029,6.76,7.20
tile_r019299_c009059,2,562,360.60,295.13,390.07,321.95,480938.0890,4044485.9053,480938.1479,4044485.9589,5.89,5.37
tile_r019299_c009059,2,565,408.76,216.52,452.15,261.02,480938.1853,4044486.0272,480938.2721,4044486.1161,8.68,8.90
tile_r019299_c009059,2,568,309.44,192.52,348.13,229.03,480937.9867,4044486.0911,480938.0641,4044486.1642,7.74,7.30
tile_r019299_c009059,2,566,438.39,160.87,490.78,220.89,480938.2446,4044486.1074,480938.3493,4044486.2275,10.48,12.00
tile_r019299_c009059,2,503,22.40,166.18,85.11,219.19,480937.4126,4044486.1108,480937.5380,4044486.2168,12.54,10.60
tile_r019299_c009059,2,504,26.37,144.31,61.97,169.72,480937.4205,4044486.2098,480937.4917,4044486.2606,7.12,5.08
tile_r019299_c009059,2,569,317.69,109.57,354.57,146.48,480938.0032,4044486.2562,480938.0769,4044486.3300,7.37,7.38
tile_r019299_c009059,2,570,316.29,35.75,352.04,66.02,480938.0004,4044486.4172,480938.0719,4044486.4777,7.15,6.05
tile_r019299_c009059,2,571,448.45,0.00,510.87,55.16,480938.2647,4044486.4389,480938.3895,4044486.5492,12.48,11.03
tile_r019299_c009315,2,556,312.57,495.16,346.37,512.00,480938.5049,4044485.5252,480938.5725,4044485.5589,6.76,3.37
tile_r019299_c009315,2,557,262.83,477.69,293.91,512.00,480938.4054,4044485.5252,480938.4676,4044485.5938,6.22,6.86
tile_r019299_c009315,2,558,329.51,405.49,403.59,476.34,480938.5388,4044485.5965,480938.6869,4044485.7382,14.82,14.17
tile_r019299_c009315,2,559,423.70,410.49,465.61,461.75,480938.7272,4044485.6257,480938.8110,4044485.7282,8.38,10.25
tile_r019299_c009315,2,560,185.57,402.02,217.68,455.69,480938.2509,4044485.6378,480938.3151,4044485.7452,6.42,10.73
tile_r019299_c009315,2,564,340.09,329.52,381.27,372.93,480938.5599,4044485.8033,480938.6423,4044485.8902,8.24,8.68
tile_r019299_c009315,2,561,101.46,323.17,135.27,359.16,480938.0827,4044485.8309,480938.1503,4044485.9029,6.76,7.20
tile_r019299_c009315,2,563,298.81,276.08,360.52,341.59,480938.4774,4044485.8660,480938.6008,4044485.9970,12.34,13.10
tile_r019299_c009315,2,562,104.60,295.13,134.07,321.95,480938.0890,4044485.9053,480938.1479,4044485.9589,5.89,5.37
tile_r019299_c009315,2,565,152.76,216.52,196.15,261.02,480938.1853,4044486.0272,480938.2721,4044486.1161,8.68,8.90
tile_r019299_c009315,2,568,53.44,192.52,92.13,229.03,480937.9867,4044486.0911,480938.0641,4044486.1642,7.74,7.30
tile_r019299_c009315,2,567,283.03,169.44,358.78,241.14,480938.4458,4044486.0669,480938.5973,4044486.2103,15.15,14.34
tile_r019299_c009315,2,566,182.39,160.87,234.78,220.89,480938.2446,4044486.1074,480938.3493,4044486.2275,10.48,12.00
tile_r019299_c009315,2,569,61.69,109.57,98.57,146.48,480938.0032,4044486.2562,480938.0769,4044486.3300,7.37,7.38
tile_r019299_c009315,2,570,60.29,35.75,96.04,66.02,480938.0004,4044486.4172,480938.0719,4044486.4777,7.15,6.05
tile_r019299_c009315,2,571,192.45,0.00,254.87,55.16,480938.2647,4044486.4389,480938.3895,4044486.5492,12.48,11.03
tile_r019299_c009315,2,572,265.87,1.22,291.40,45.23,480938.4115,4044486.4587,480938.4626,4044486.5467,5.11,8.80
tile_r019299_c010083,3,667,282.24,437.36,327.22,474.69,480939.9802,4044485.5998,480940.0702,4044485.6745,9.00,7.47
tile_r019299_c010083,3,666,255.25,405.22,297.17,445.39,480939.9262,4044485.6584,480940.0101,4044485.7388,8.38,8.03
tile_r019299_c010083,3,668,429.88,309.44,466.96,346.58,480940.2755,4044485.8560,480940.3497,4044485.9303,7.42,7.43
tile_r019299_c010083,3,672,224.56,301.51,257.45,332.45,480939.8649,4044485.8843,480939.9306,4044485.9462,6.58,6.19
tile_r019299_c010083,3,669,353.83,243.30,384.90,270.22,480940.1234,4044486.0088,480940.1855,4044486.0626,6.21,5.38
tile_r019299_c010083,3,671,137.78,232.71,190.24,275.12,480939.6913,4044485.9990,480939.7962,4044486.0838,10.49,8.48
tile_r019299_c010083,3,670,389.66,205.20,418.85,230.77,480940.1951,4044486.0877,480940.2534,4044486.1388,5.84,5.11
tile_r019299_c010083,3,673,242.55,161.98,290.71,209.25,480939.9008,4044486.1307,480939.9972,4044486.2252,9.63,9.45
tile_r019299_c010083,3,676,70.57,83.49,115.59,122.44,480939.5569,4044486.3043,480939.6469,4044486.3822,9.00,7.79
tile_r019299_c010083,3,675,180.11,66.02,228.27,98.78,480939.7760,4044486.3516,480939.8723,4044486.4171,9.63,6.55
tile_r019299_c010083,3,674,338.86,43.27,370.04,80.69,480940.0935,4044486.3878,480940.1558,4044486.4627,6.24,7.48
tile_r019299_c010339,3,667,26.24,437.36,71.22,474.69,480939.9802,4044485.5998,480940.0702,4044485.6745,9.00,7.47
tile_r019299_c010339,3,739,486.67,409.10,512.00,439.35,480940.9011,4044485.6705,480940.9517,4044485.7310,5.07,6.05
tile_r019299_c010339,3,666,0.00,405.22,41.17,445.39,480939.9277,4044485.6584,480940.0101,4044485.7388,8.23,8.03
tile_r019299_c010339,3,740,454.92,318.22,503.04,366.91,480940.8376,4044485.8154,480940.9338,4044485.9128,9.62,9.74
tile_r019299_c010339,3,668,173.88,309.44,210.96,346.58,480940.2755,4044485.8560,480940.3497,4044485.9303,7.42,7.43
tile_r019299_c010339,3,669,97.83,243.30,128.90,270.22,480940.1234,4044486.0088,480940.1855,4044486.0626,6.21,5.38
tile_r019299_c010339,3,670,133.66,205.20,162.85,230.77,480940.1951,4044486.0877,480940.2534,4044486.1388,5.84,5.11
tile_r019299_c010339,3,673,0.00,161.98,34.71,209.25,480939.9277,4044486.1307,480939.9972,4044486.2252,6.94,9.45
tile_r019299_c010339,3,748,376.04,161.21,435.40,204.73,480940.6798,4044486.1397,480940.7985,4044486.2268,11.87,8.70
tile_r019299_c010339,3,747,368.10,70.98,437.56,131.72,480940.6639,4044486.2858,480940.8028,4044486.4072,13.89,12.15
tile_r019299_c010339,3,674,82.86,43.27,114.04,80.69,480940.0935,4044486.3878,480940.1558,4044486.4627,6.24,7.48
tile_r019299_c010595,3,737,428.19,477.60,449.22,497.46,480941.2961,4044485.5543,480941.3382,4044485.5940,4.21,3.97
tile_r019299_c010595,3,736,369.98,439.23,412.07,480.71,480941.1797,4044485.5878,480941.2639,4044485.6707,8.42,8.29
tile_r019299_c010595,3,739,230.67,409.10,260.54,439.35,480940.9011,4044485.6705,480940.9608,4044485.7310,5.97,6.05
tile_r019299_c010595,3,742,396.27,346.00,430.60,380.23,480941.2323,4044485.7887,480941.3009,4044485.8572,6.87,6.85
tile_r019299_c010595,3,741,329.20,318.61,381.08,370.33,480941.0981,4044485.8085,480941.2019,4044485.9120,10.38,10.34
tile_r019299_c010595,3,743,425.64,278.13,468.30,322.03,480941.2910,4044485.9051,480941.3763,4044485.9929,8.53,8.78
tile_r019299_c010595,3,744,394.29,201.44,430.40,233.38,480941.2283,4044486.0824,480941.3005,4044486.1463,7.22,6.39
tile_r019299_c010595,3,740,198.92,318.22,247.04,366.91,480940.8376,4044485.8154,480940.9338,4044485.9128,9.62,9.74
tile_r019299_c010595,3,748,120.04,161.21,179.40,204.73,480940.6798,4044486.1397,480940.7985,4044486.2268,11.87,8.70
tile_r019299_c010595,3,747,112.10,70.98,181.56,131.72,480940.6639,4044486.2858,480940.8028,4044486.4072,13.89,12.15
tile_r019299_c010595,3,745,274.16,159.23,318.13,206.08,480940.9880,4044486.1370,480941.0760,4044486.2307,8.79,9.37
tile_r019299_c010595,3,746,295.33,62.12,337.00,100.22,480941.0304,4044486.3487,480941.1137,4044486.4249,8.33,7.62
tile_r019299_c010851,3,737,172.19,477.60,193.22,497.46,480941.2961,4044485.5543,480941.3382,4044485.5940,4.21,3.97
tile_r019299_c010851,3,736,113.98,439.23,156.07,480.71,480941.1797,4044485.5878,480941.2639,4044485.6707,8.42,8.29
tile_r019299_c010851,3,742,140.27,346.00,174.60,380.23,480941.2323,4044485.7887,480941.3009,4044485.8572,6.87,6.85
tile_r019299_c010851,3,741,73.20,318.61,125.08,370.33,480941.0981,4044485.8085,480941.2019,4044485.9120,10.38,10.34
tile_r019299_c010851,3,814,448.78,298.24,486.28,338.46,480941.8493,4044485.8723,480941.9243,4044485.9527,7.50,8.04
tile_r019299_c010851,3,743,169.64,278.13,212.30,322.03,480941.2910,4044485.9051,480941.3763,4044485.9929,8.53,8.78
tile_r019299_c010851,3,744,138.29,201.44,174.40,233.38,480941.2283,4044486.0824,480941.3005,4044486.1463,7.22,6.39
tile_r019299_c010851,3,816,485.26,178.12,512.00,215.51,480941.9222,4044486.1182,480941.9757,4044486.1930,5.35,7.48
tile_r019299_c010851,3,745,18.16,159.23,62.13,206.08,480940.9880,4044486.1370,480941.0760,4044486.2307,8.79,9.37
tile_r019299_c010851,3,746,39.33,62.12,81.00,100.22,480941.0304,4044486.3487,480941.1137,4044486.4249,8.33,7.62
tile_r019299_c010851,3,821,330.61,0.00,357.99,31.29,480941.6129,4044486.4866,480941.6677,4044486.5492,5.48,6.26
tile_r019299_c011107,3,811,380.61,475.52,427.79,506.92,480942.2249,4044485.5354,480942.3193,4044485.5982,9.44,6.28
tile_r019299_c011107,3,812,309.17,466.52,345.66,496.36,480942.0820,4044485.5565,480942.1550,4044485.6162,7.30,5.97
tile_r019299_c011107,3,813,359.97,381.86,422.41,441.12,480942.1836,4044485.6670,480942.3085,4044485.7855,12.49,11.85
tile_r019299_c011107,3,814,192.78,298.24,230.28,338.46,480941.8493,4044485.8723,480941.9243,4044485.9527,7.50,8.04
tile_r019299_c011107,3,815,294.88,259.62,349.39,310.40,480942.0535,4044485.9284,480942.1625,4044486.0299,10.90,10.16
tile_r019299_c011107,3,817,377.41,188.41,432.16,227.04,480942.2185,4044486.0951,480942.3280,4044486.1724,10.95,7.73
tile_r019299_c011107,3,816,229.26,178.12,269.15,215.51,480941.9222,4044486.1182,480942.0020,4044486.1930,7.98,7.48
tile_r019299_c011107,3,818,253.60,72.81,313.43,122.45,480941.9709,4044486.3043,480942.0906,4044486.4036,11.96,9.93
tile_r019299_c011107,3,819,328.09,38.68,370.13,73.64,480942.1199,4044486.4019,480942.2040,4044486.4718,8.41,6.99
tile_r019299_c011107,3,821,74.61,0.00,101.99,31.29,480941.6129,4044486.4866,480941.6677,4044486.5492,5.48,6.26
tile_r019299_c011363,3,811,124.61,475.52,171.79,506.92,480942.2249,4044485.5354,480942.3193,4044485.5982,9.44,6.28
tile_r019299_c011363,3,812,53.17,466.52,89.66,496.36,480942.0820,4044485.5565,480942.1550,4044485.6162,7.30,5.97
tile_r019299_c011363,3,813,103.97,381.86,166.41,441.12,480942.1836,4044485.6670,480942.3085,4044485.7855,12.49,11.85
tile_r019299_c011363,3,815,38.88,259.62,93.39,310.40,480942.0535,4044485.9284,480942.1625,4044486.0299,10.90,10.16
tile_r019299_c011363,3,817,121.41,188.41,176.16,227.04,480942.2185,4044486.0951,480942.3280,4044486.1724,10.95,7.73
tile_r019299_c011363,3,848,446.92,405.96,512.00,484.99,480942.8695,4044485.5792,480942.9997,4044485.7373,13.02,15.80
tile_r019299_c011363,3,850,414.11,256.56,458.31,289.86,480942.8039,4044485.9695,480942.8923,4044486.0361,8.84,6.66
tile_r019299_c011363,3,852,346.18,149.22,394.10,197.91,480942.6680,4044486.1534,480942.7639,4044486.2507,9.58,9.74
tile_r019299_c011363,3,818,0.00,72.81,57.43,122.45,480941.9757,4044486.3043,480942.0906,4044486.4036,11.49,9.93
tile_r019299_c011363,3,819,72.09,38.68,114.13,73.64,480942.1199,4044486.4019,480942.2040,4044486.4718,8.41,6.99
tile_r019299_c011363,3,853,291.82,0.00,345.77,49.23,480942.5593,4044486.4507,480942.6672,4044486.5492,10.79,9.85
tile_r019299_c011363,3,854,398.71,0.00,447.40,26.15,480942.7731,4044486.4969,480942.8705,4044486.5492,9.74,5.23
tile_r019299_c011619,3,846,214.21,486.22,280.50,512.00,480942.9161,4044485.5252,480943.0487,4044485.5768,13.26,5.16
tile_r019299_c011619,3,848,190.92,405.96,271.36,484.99,480942.8695,4044485.5792,480943.0304,4044485.7373,16.09,15.80
tile_r019299_c011619,3,850,158.11,256.56,202.31,289.86,480942.8039,4044485.9695,480942.8923,4044486.0361,8.84,6.66
tile_r019299_c011619,3,849,264.48,246.79,309.46,287.49,480943.0166,4044485.9742,480943.1066,4044486.0556,9.00,8.14
tile_r019299_c011619,3,852,90.18,149.22,138.10,197.91,480942.6680,4044486.1534,480942.7639,4044486.2507,9.58,9.74
tile_r019299_c011619,3,851,234.79,91.54,283.94,142.34,480942.9573,4044486.2645,480943.0556,4044486.3661,9.83,10.16
tile_r019299_c011619,3,853,35.82,0.00,89.77,49.23,480942.5593,4044486.4507,480942.6672,4044486.5492,10.79,9.85
tile_r019299_c011619,3,854,142.71,0.00,191.40,26.15,480942.7731,4044486.4969,480942.8705,4044486.5492,9.74,5.23
tile_r019299_c012387,4,909,17.47,435.40,74.63,488.43,480944.0586,4044485.5723,480944.1729,4044485.6784,11.43,10.61
tile_r019299_c012387,4,985,445.71,380.95,480.20,411.51,480944.9151,4044485.7262,480944.9840,4044485.7873,6.90,6.11
tile_r019299_c012387,4,989,331.46,278.29,363.68,304.77,480944.6866,4044485.9397,480944.7510,4044485.9926,6.44,5.29
tile_r019299_c012387,4,912,61.93,250.51,111.14,288.16,480944.1475,4044485.9729,480944.2459,4044486.0482,9.84,7.53
tile_r019299_c012387,4,987,425.07,233.89,468.99,261.31,480944.8738,4044486.0266,480944.9616,4044486.0814,8.78,5.48
tile_r019299_c012387,4,990,286.95,172.99,322.02,208.90,480944.5975,4044486.1314,480944.6677,4044486.2032,7.01,7.18
tile_r019299_c012387,4,991,361.04,170.34,393.24,201.01,480944.7457,4044486.1472,480944.8101,4044486.2085,6.44,6.13
tile_r019299_c012387,4,992,370.56,82.53,419.25,114.75,480944.7648,4044486.3197,480944.8621,4044486.3841,9.74,6.44
tile_r019299_c012387,4,993,261.02,42.28,303.86,77.88,480944.5457,4044486.3934,480944.6314,4044486.4646,8.57,7.12
tile_r019299_c012643,4,986,374.92,468.27,417.70,511.21,480945.2855,4044485.5268,480945.3710,4044485.6127,8.56,8.59
tile_r019299_c012643,4,985,189.71,380.95,224.20,411.51,480944.9151,4044485.7262,480944.9840,4044485.7873,6.90,6.11
tile_r019299_c012643,4,989,75.46,278.29,107.68,304.77,480944.6866,4044485.9397,480944.7510,4044485.9926,6.44,5.29
tile_r019299_c012643,4,988,241.04,264.75,283.90,298.72,480945.0177,4044485.9518,480945.1034,4044486.0197,8.57,6.79
tile_r019299_c012643,4,987,169.07,233.89,212.99,261.31,480944.8738,4044486.0266,480944.9616,4044486.0814,8.78,5.48
tile_r019299_c012643,4,990,30.95,172.99,66.02,208.90,480944.5975,4044486.1314,480944.6677,4044486.2032,7.01,7.18
tile_r019299_c012643,4,991,105.04,170.34,137.24,201.01,480944.7457,4044486.1472,480944.8101,4044486.2085,6.44,6.13
tile_r019299_c012643,4,992,114.56,82.53,163.25,114.75,480944.7648,4044486.3197,480944.8621,4044486.3841,9.74,6.44
tile_r019299_c012643,4,1061,488.87,64.17,512.00,111.12,480945.5134,4044486.3269,480945.5596,4044486.4209,4.63,9.39
tile_r019299_c012643,4,994,235.22,50.22,282.28,81.37,480945.0061,4044486.3865,480945.1002,4044486.4488,9.41,6.23
tile_r019299_c012643,4,993,5.02,42.28,47.86,77.88,480944.5457,4044486.3934,480944.6314,4044486.4646,8.57,7.12
tile_r019299_c012899,4,986,118.92,468.27,161.70,511.21,480945.2855,4044485.5268,480945.3710,4044485.6127,8.56,8.59
tile_r019299_c012899,4,1052,421.84,432.80,498.42,505.10,480945.8913,4044485.5390,480946.0445,4044485.6836,15.32,14.46
tile_r019299_c012899,4,1046,283.72,354.86,318.65,391.29,480945.6151,4044485.7666,480945.6849,4044485.8395,6.99,7.29
tile_r019299_c012899,4,1051,428.19,319.21,487.46,367.14,480945.9040,4044485.8149,480946.0225,4044485.9108,11.85,9.59
tile_r019299_c012899,4,988,0.00,264.75,27.90,298.72,480945.0476,4044485.9518,480945.1034,4044486.0197,5.58,6.79
tile_r019299_c012899,4,1055,395.91,255.73,445.52,295.28,480945.8394,4044485.9586,480945.9387,4044486.0377,9.92,7.91
tile_r019299_c012899,4,1054,389.80,211.68,429.65,253.61,480945.8272,4044486.0420,480945.9069,4044486.1258,7.97,8.39
tile_r019299_c012899,4,1059,407.82,117.75,440.03,140.66,480945.8632,4044486.2679,480945.9277,4044486.3137,6.44,4.58
tile_r019299_c012899,4,1061,232.87,64.17,277.51,111.12,480945.5134,4044486.3269,480945.6026,4044486.4209,8.93,9.39
tile_r019299_c012899,4,1058,358.87,69.50,403.85,99.85,480945.7654,4044486.3495,480945.8553,4044486.4102,9.00,6.07
tile_r019299_c012899,4,1062,333.07,0.00,373.38,20.57,480945.7138,4044486.5080,480945.7944,4044486.5492,8.06,4.11
tile_r019299_c012899,4,994,0.00,50.22,26.28,81.37,480945.0476,4044486.3865,480945.1002,4044486.4488,5.25,6.23
tile_r019299_c013155,4,1048,332.53,480.23,363.67,504.96,480946.2247,4044485.5393,480946.2869,4044485.5887,6.23,4.94
tile_r019299_c013155,4,1047,283.85,461.27,321.95,512.00,480946.1273,4044485.5252,480946.2035,4044485.6267,7.62,10.15
tile_r019299_c013155,4,1052,165.84,432.80,242.42,505.10,480945.8913,4044485.5390,480946.0445,4044485.6836,15.32,14.46
tile_r019299_c013155,4,1049,370.63,400.81,405.56,442.71,480946.3009,4044485.6638,480946.3707,4044485.7476,6.99,8.38
tile_r019299_c013155,4,1050,283.11,372.28,305.54,397.26,480946.1258,4044485.7547,480946.1707,4044485.8046,4.49,5.00
tile_r019299_c013155,4,1046,27.72,354.86,62.65,391.29,480945.6151,4044485.7666,480945.6849,4044485.8395,6.99,7.29
tile_r019299_c013155,4,1051,172.19,319.21,231.46,367.14,480945.9040,4044485.8149,480946.0225,4044485.9108,11.85,9.59
tile_r019299_c013155,4,1055,139.91,255.73,189.52,295.28,480945.8394,4044485.9586,480945.9387,4044486.0377,9.92,7.91
tile_r019299_c013155,4,1054,133.80,211.68,173.65,253.61,480945.8272,4044486.0420,480945.9069,4044486.1258,7.97,8.39
tile_r019299_c013155,4,1057,283.45,172.65,319.43,205.71,480946.1265,4044486.1378,480946.1985,4044486.2039,7.20,6.61
tile_r019299_c013155,4,1056,261.62,140.90,292.14,176.24,480946.0829,4044486.1967,480946.1439,4044486.2674,6.10,7.07
tile_r019299_c013155,4,1059,151.82,117.75,184.03,140.66,480945.8632,4044486.2679,480945.9277,4044486.3137,6.44,4.58
tile_r019299_c013155,4,1132,492.41,90.49,512.00,119.53,480946.5444,4044486.3101,480946.5836,4044486.3682,3.92,5.81
tile_r019299_c013155,4,1058,102.87,69.50,147.85,99.85,480945.7654,4044486.3495,480945.8553,4044486.4102,9.00,6.07
tile_r019299_c013155,4,1060,245.08,7.98,286.10,47.60,480946.0498,4044486.4540,480946.1318,4044486.5332,8.20,7.92
tile_r019299_c013155,4,1062,77.07,0.00,117.38,20.57,480945.7138,4044486.5080,480945.7944,4044486.5492,8.06,4.11
tile_r019299_c013411,4,1124,459.33,471.64,509.34,512.00,480946.9902,4044485.5252,480947.0903,4044485.6059,10.00,8.07
tile_r019299_c013411,4,1048,76.53,480.23,107.67,504.96,480946.2247,4044485.5393,480946.2869,4044485.5887,6.23,4.94
tile_r019299_c013411,4,1047,27.85,461.27,65.95,512.00,480946.1273,4044485.5252,480946.2035,4044485.6267,7.62,10.15
tile_r019299_c013411,4,1049,114.63,400.81,149.56,442.71,480946.3009,4044485.6638,480946.3707,4044485.7476,6.99,8.38
tile_r019299_c013411,4,1050,27.11,372.28,49.54,397.26,480946.1258,4044485.7547,480946.1707,4044485.8046,4.49,5.00
tile_r019299_c013411,4,1127,404.56,342.92,443.85,377.48,480946.8807,4044485.7942,480946.9593,4044485.8634,7.86,6.91
tile_r019299_c013411,4,1136,298.33,294.72,339.60,335.46,480946.6683,4044485.8783,480946.7508,4044485.9598,8.26,8.15
tile_r019299_c013411,4,1128,475.60,274.08,500.22,294.00,480947.0228,4044485.9612,480947.0720,4044486.0010,4.92,3.98
tile_r019299_c013411,4,1129,340.66,215.83,399.40,268.83,480946.7529,4044486.0115,480946.8704,4044486.1175,11.75,10.60
tile_r019299_c013411,4,1057,27.45,172.65,63.43,205.71,480946.1265,4044486.1378,480946.1985,4044486.2039,7.20,6.61
tile_r019299_c013411,4,1130,449.67,164.04,494.12,211.61,480946.9709,4044486.1260,480947.0598,4044486.2211,8.89,9.51
tile_r019299_c013411,4,1131,288.24,150.25,324.26,173.59,480946.6481,4044486.2020,480946.7201,4044486.2487,7.20,4.67
tile_r019299_c013411,4,1056,5.62,140.90,36.14,176.24,480946.0829,4044486.1967,480946.1439,4044486.2674,6.10,7.07
tile_r019299_c013411,4,1132,236.41,90.49,275.04,119.53,480946.5444,4044486.3101,480946.6217,4044486.3682,7.73,5.81
tile_r019299_c013411,4,1133,293.56,89.40,335.98,114.70,480946.6587,4044486.3198,480946.7436,4044486.3704,8.48,5.06
tile_r019299_c013411,4,1060,0.00,7.98,30.10,47.60,480946.0716,4044486.4540,480946.1318,4044486.5332,6.02,7.92
tile_r019299_c013411,4,1134,333.78,14.26,359.37,39.97,480946.7392,4044486.4693,480946.7903,4044486.5207,5.12,5.14
tile_r019299_c013411,4,1135,300.97,0.00,343.89,20.30,480946.6735,4044486.5086,480946.7594,4044486.5492,8.58,4.06
tile_r019555_c005987,1,18,480.24,474.68,506.53,492.61,480932.1844,4044485.0520,480932.2370,4044485.0879,5.26,3.59
tile_r019555_c005987,1,19,323.43,443.46,364.65,476.56,480931.8708,4044485.0841,480931.9532,4044485.1503,8.24,6.62
tile_r019555_c005987,1,74,90.95,436.73,128.51,482.43,480931.4058,4044485.0723,480931.4810,4044485.1637,7.51,9.14
tile_r019555_c005987,1,20,311.26,401.65,342.14,428.45,480931.8464,4044485.1803,480931.9082,4044485.2339,6.18,5.36
tile_r019555_c005987,1,76,0.99,345.45,43.85,388.84,480931.2259,4044485.2595,480931.3116,4044485.3463,8.57,8.68
tile_r019555_c005987,1,21,280.57,285.62,327.67,327.19,480931.7851,4044485.3828,480931.8792,4044485.4660,9.42,8.31
tile_r019555_c005987,1,22,223.42,290.00,252.68,316.56,480931.6708,4044485.4041,480931.7293,4044485.4572,5.85,5.31
tile_r019555_c005987,1,23,299.09,239.20,350.23,276.14,480931.8221,4044485.4849,480931.9244,4044485.5588,10.23,7.39
tile_r019555_c005987,1,78,0.00,236.47,24.80,264.46,480931.2239,4044485.5083,480931.2735,4044485.5643,4.96,5.60
tile_r019555_c005987,1,24,444.09,231.26,474.06,263.69,480932.1121,4044485.5098,480932.1720,4044485.5747,5.99,6.49
tile_r019555_c005987,1,25,231.89,181.52,270.71,217.92,480931.6877,4044485.6014,480931.7653,4044485.6742,7.77,7.28
tile_r019555_c005987,1,27,289.04,22.76,339.10,73.45,480931.8020,4044485.8903,480931.9021,4044485.9917,10.01,10.14
tile_r019555_c005987,1,26,99.06,0.00,143.51,39.53,480931.4220,4044485.9581,480931.5109,4044486.0372,8.89,7.91
tile_r019555_c006243,1,218,444.14,430.97,472.56,458.78,480932.6242,4044485.1196,480932.6810,4044485.1753,5.68,5.56
tile_r019555_c006243,1,219,426.94,340.35,457.42,364.84,480932.5898,4044485.3075,480932.6507,4044485.3565,6.10,4.90
tile_r019555_c006243,1,18,224.24,474.68,250.53,492.61,480932.1844,4044485.0520,480932.2370,4044485.0879,5.26,3.59
tile_r019555_c006243,1,19,67.43,443.46,108.65,476.56,480931.8708,4044485.0841,480931.9532,4044485.1503,8.24,6.62
tile_r019555_c006243,1,20,55.26,401.65,86.14,428.45,480931.8464,4044485.1803,480931.9082,4044485.2339,6.18,5.36
tile_r019555_c006243,1,21,24.57,285.62,71.67,327.19,480931.7851,4044485.3828,480931.8792,4044485.4660,9.42,8.31
tile_r019555_c006243,1,228,430.25,181.90,452.41,201.47,480932.5964,4044485.6343,480932.6407,4044485.6734,4.43,3.91
tile_r019555_c006243,1,23,43.09,239.20,94.23,276.14,480931.8221,4044485.4849,480931.9244,4044485.5588,10.23,7.39
tile_r019555_c006243,1,24,188.09,231.26,218.06,263.69,480932.1121,4044485.5098,480932.1720,4044485.5747,5.99,6.49
tile_r019555_c006243,1,27,33.04,22.76,83.10,73.45,480931.8020,4044485.8903,480931.9021,4044485.9917,10.01,10.14
tile_r019555_c006243,1,227,434.22,87.67,487.80,138.80,480932.6043,4044485.7596,480932.7115,4044485.8619,10.72,10.22
tile_r019555_c006499,1,215,438.84,475.62,466.10,501.72,480933.1256,4044485.0338,480933.1801,4044485.0860,5.45,5.22
tile_r019555_c006499,1,217,291.66,436.73,347.55,484.42,480932.8312,4044485.0684,480932.9430,4044485.1637,11.18,9.54
tile_r019555_c006499,1,218,188.14,430.97,216.56,458.78,480932.6242,4044485.1196,480932.6810,4044485.1753,5.68,5.56
tile_r019555_c006499,1,221,373.06,365.16,403.15,395.37,480932.9940,4044485.2465,480933.0542,4044485.3069,6.02,6.04
tile_r019555_c006499,1,219,170.94,340.35,201.42,364.84,480932.5898,4044485.3075,480932.6507,4044485.3565,6.10,4.90
tile_r019555_c006499,1,220,356.48,328.45,393.81,368.44,480932.9609,4044485.3003,480933.0355,4044485.3803,7.47,8.00
tile_r019555_c006499,1,222,307.53,257.67,347.16,289.42,480932.8630,4044485.4584,480932.9422,4044485.5219,7.92,6.35
tile_r019555_c006499,1,223,407.75,195.82,439.22,227.81,480933.0634,4044485.5816,480933.1263,4044485.6456,6.29,6.40
tile_r019555_c006499,1,224,254.29,184.35,302.57,225.48,480932.7565,4044485.5862,480932.8530,4044485.6685,9.66,8.23
tile_r019555_c006499,1,228,174.25,181.90,196.41,201.47,480932.5964,4044485.6343,480932.6407,4044485.6734,4.43,3.91
tile_r019555_c006499,1,225,238.08,136.70,276.78,164.99,480932.7241,4044485.7072,480932.8014,4044485.7638,7.74,5.66
tile_r019555_c006499,1,226,315.47,133.31,339.01,157.67,480932.8788,4044485.7219,480932.9259,4044485.7706,4.71,4.87
tile_r019555_c006499,1,227,178.22,87.67,231.80,138.80,480932.6043,4044485.7596,480932.7115,4044485.8619,10.72,10.22
tile_r019555_c006755,1,287,478.88,487.94,512.00,512.00,480933.7176,4044485.0132,480933.7839,4044485.0613,6.62,4.81
tile_r019555_c006755,1,215,182.84,475.62,210.10,501.72,480933.1256,4044485.0338,480933.1801,4044485.0860,5.45,5.22
tile_r019555_c006755,1,217,35.66,436.73,91.55,484.42,480932.8312,4044485.0684,480932.9430,4044485.1637,11.18,9.54
tile_r019555_c006755,1,288,464.59,431.85,499.25,465.10,480933.6891,4044485.1070,480933.7584,4044485.1735,6.93,6.65
tile_r019555_c006755,1,221,117.06,365.16,147.15,395.37,480932.9940,4044485.2465,480933.0542,4044485.3069,6.02,6.04
tile_r019555_c006755,1,220,100.48,328.45,137.81,368.44,480932.9609,4044485.3003,480933.0355,4044485.3803,7.47,8.00
tile_r019555_c006755,1,294,422.78,331.02,454.78,364.64,480933.6054,4044485.3079,480933.6694,4044485.3752,6.40,6.72
tile_r019555_c006755,1,222,51.53,257.67,91.16,289.42,480932.8630,4044485.4584,480932.9422,4044485.5219,7.92,6.35
tile_r019555_c006755,1,223,151.75,195.82,183.22,227.81,480933.0634,4044485.5816,480933.1263,4044485.6456,6.29,6.40
tile_r019555_c006755,1,224,0.00,184.35,46.57,225.48,480932.7599,4044485.5862,480932.8530,4044485.6685,9.31,8.23
tile_r019555_c006755,1,295,449.24,182.83,482.05,215.19,480933.6584,4044485.6068,480933.7240,4044485.6715,6.56,6.47
tile_r019555_c006755,1,225,0.00,136.70,20.78,164.99,480932.7599,4044485.7072,480932.8014,4044485.7638,4.16,5.66
tile_r019555_c006755,1,226,59.47,133.31,83.01,157.67,480932.8788,4044485.7219,480932.9259,4044485.7706,4.71,4.87
tile_r019555_c006755,1,296,449.24,106.40,497.42,155.94,480933.6584,4044485.7253,480933.7547,4044485.8244,9.64,9.91
tile_r019555_c006755,1,299,335.47,0.00,381.11,34.26,480933.4308,4044485.9687,480933.5221,4044486.0372,9.13,6.85
tile_r019555_c007011,1,287,222.88,487.94,258.93,512.00,480933.7176,4044485.0132,480933.7897,4044485.0613,7.21,4.81
tile_r019555_c007011,1,291,373.16,467.83,407.89,500.47,480934.0182,4044485.0363,480934.0876,4044485.1015,6.94,6.53
tile_r019555_c007011,1,288,208.59,431.85,243.25,465.10,480933.6891,4044485.1070,480933.7584,4044485.1735,6.93,6.65
tile_r019555_c007011,1,289,283.20,372.05,332.32,421.72,480933.8383,4044485.1938,480933.9365,4044485.2931,9.82,9.93
tile_r019555_c007011,1,290,359.41,377.34,394.68,409.74,480933.9907,4044485.2177,480934.0612,4044485.2825,7.05,6.48
tile_r019555_c007011,1,292,333.48,336.07,368.38,363.69,480933.9388,4044485.3098,480934.0086,4044485.3651,6.98,5.53
tile_r019555_c007011,1,294,166.78,331.02,198.78,364.64,480933.6054,4044485.3079,480933.6694,4044485.3752,6.40,6.72
tile_r019555_c007011,1,298,304.90,279.44,346.47,322.18,480933.8817,4044485.3928,480933.9648,4044485.4783,8.31,8.55
tile_r019555_c007011,1,293,245.63,229.70,294.91,280.59,480933.7631,4044485.4760,480933.8617,4044485.5778,9.86,10.18
tile_r019555_c007011,1,295,193.24,182.83,226.05,215.19,480933.6584,4044485.6068,480933.7240,4044485.6715,6.56,6.47
tile_r019555_c007011,1,345,476.13,7.06,512.00,39.90,480934.2241,4044485.9574,480934.2959,4044486.0231,7.17,6.57
tile_r019555_c007011,1,297,252.51,158.26,284.84,189.82,480933.7769,4044485.6576,480933.8416,4044485.7207,6.47,6.31
tile_r019555_c007011,1,296,193.24,106.40,241.42,155.94,480933.6584,4044485.7253,480933.7547,4044485.8244,9.64,9.91
tile_r019555_c007011,1,299,79.47,0.00,125.11,34.26,480933.4308,4044485.9687,480933.5221,4044486.0372,9.13,6.85
tile_r019555_c007267,1,291,117.16,467.83,151.89,500.47,480934.0182,4044485.0363,480934.0876,4044485.1015,6.94,6.53
tile_r019555_c007267,1,289,27.20,372.05,76.32,421.72,480933.8383,4044485.1938,480933.9365,4044485.2931,9.82,9.93
tile_r019555_c007267,1,290,103.41,377.34,138.68,409.74,480933.9907,4044485.2177,480934.0612,4044485.2825,7.05,6.48
tile_r019555_c007267,1,292,77.48,336.07,112.38,363.69,480933.9388,4044485.3098,480934.0086,4044485.3651,6.98,5.53
tile_r019555_c007267,1,298,48.90,279.44,90.47,322.18,480933.8817,4044485.3928,480933.9648,4044485.4783,8.31,8.55
tile_r019555_c007267,1,293,0.00,229.70,38.91,280.59,480933.7839,4044485.4760,480933.8617,4044485.5778,7.78,10.18
tile_r019555_c007267,1,339,393.17,329.34,443.71,368.10,480934.5702,4044485.3010,480934.6713,4044485.3785,10.11,7.75
tile_r019555_c007267,1,341,252.41,300.77,307.21,342.26,480934.2887,4044485.3527,480934.3983,4044485.4357,10.96,8.30
tile_r019555_c007267,1,340,251.88,272.84,294.75,314.93,480934.2876,4044485.4074,480934.3734,4044485.4915,8.57,8.42
tile_r019555_c007267,1,342,332.32,179.58,365.88,203.01,480934.4485,4044485.6312,480934.5156,4044485.6780,6.71,4.69
tile_r019555_c007267,1,343,333.38,85.39,370.37,116.48,480934.4506,4044485.8042,480934.5246,4044485.8664,7.40,6.22
tile_r019555_c007267,1,344,279.93,52.05,313.98,75.97,480934.3437,4044485.8853,480934.4118,4044485.9331,6.81,4.78
tile_r019555_c007267,1,345,220.13,7.06,257.18,39.90,480934.2241,4044485.9574,480934.2982,4044486.0231,7.41,6.57
tile_r019555_c007267,1,297,0.00,158.26,28.84,189.82,480933.7839,4044485.6576,480933.8416,4044485.7207,5.77,6.31
tile_r019555_c008035,2,443,392.28,403.08,462.93,444.35,480936.1044,4044485.1485,480936.2457,4044485.2310,14.13,8.26
tile_r019555_c008035,2,383,126.44,471.01,168.11,512.00,480935.5727,4044485.0132,480935.6561,4044485.0952,8.33,8.20
tile_r019555_c008035,2,384,46.40,465.06,76.73,490.89,480935.4126,4044485.0554,480935.4733,4044485.1071,6.06,5.17
tile_r019555_c008035,2,385,103.29,381.71,138.22,416.19,480935.5264,4044485.2048,480935.5963,4044485.2738,6.99,6.90
tile_r019555_c008035,2,388,59.63,276.54,107.68,324.37,480935.4391,4044485.3885,480935.5352,4044485.4841,9.61,9.57
tile_r019555_c008035,2,390,0.00,216.34,28.18,259.48,480935.3198,4044485.5182,480935.3762,4044485.6045,5.64,8.63
tile_r019555_c008035,2,395,0.00,0.04,45.05,48.29,480935.3198,4044485.9406,480935.4099,4044486.0371,9.01,9.65
tile_r019555_c008035,2,447,324.81,153.04,382.91,211.68,480935.9694,4044485.6138,480936.0856,4044485.7311,11.62,11.73
tile_r019555_c008035,2,446,420.06,124.47,474.84,173.24,480936.1599,4044485.6907,480936.2695,4044485.7883,10.95,9.75
tile_r019555_c008035,2,449,364.50,10.96,428.71,54.24,480936.0488,4044485.9287,480936.1772,4044486.0153,12.84,8.66
tile_r019555_c008291,2,444,250.00,378.40,332.55,474.27,480936.3318,4044485.0887,480936.4969,4044485.2804,16.51,19.17
tile_r019555_c008291,2,443,136.28,403.08,206.93,444.35,480936.1044,4044485.1485,480936.2457,4044485.2310,14.13,8.26
tile_r019555_c008291,2,445,283.13,233.21,336.38,285.44,480936.3981,4044485.4663,480936.5046,4044485.5708,10.65,10.45
tile_r019555_c008291,2,447,68.81,153.04,126.91,211.68,480935.9694,4044485.6138,480936.0856,4044485.7311,11.62,11.73
tile_r019555_c008291,2,446,164.06,124.47,218.84,173.24,480936.1599,4044485.6907,480936.2695,4044485.7883,10.95,9.75
tile_r019555_c008291,2,448,321.23,77.64,380.81,119.09,480936.4743,4044485.7990,480936.5934,4044485.8819,11.91,8.29
tile_r019555_c008291,2,449,108.50,10.96,172.71,54.24,480936.0488,4044485.9287,480936.1772,4044486.0153,12.84,8.66
tile_r019555_c008547,2,497,393.41,477.88,433.31,506.55,480937.1306,4044485.0241,480937.2104,4044485.0815,7.98,5.73
tile_r019555_c008547,2,444,0.00,378.40,76.55,474.27,480936.3438,4044485.0887,480936.4969,4044485.2804,15.31,19.17
tile_r019555_c008547,2,445,27.13,233.21,80.38,285.44,480936.3981,4044485.4663,480936.5046,4044485.5708,10.65,10.45
tile_r019555_c008547,2,498,329.38,159.31,384.88,205.55,480937.0026,4044485.6261,480937.1136,4044485.7186,11.10,9.25
tile_r019555_c008547,2,448,65.23,77.64,124.81,119.09,480936.4743,4044485.7990,480936.5934,4044485.8819,11.91,8.29
tile_r019555_c008547,2,502,317.65,21.55,352.91,52.63,480936.9791,4044485.9319,480937.0496,4044485.9941,7.05,6.22
tile_r019555_c008547,2,501,434.33,0.00,497.83,46.39,480937.2125,4044485.9444,480937.3395,4044486.0372,12.70,9.28
tile_r019555_c008803,2,497,137.41,477.88,177.31,506.55,480937.1306,4044485.0241,480937.2104,4044485.0815,7.98,5.73
tile_r019555_c008803,2,496,269.70,376.65,316.80,404.48,480937.3952,4044485.2282,480937.4894,4044485.2839,9.42,5.57
tile_r019555_c008803,2,498,73.38,159.31,128.88,205.55,480937.0026,4044485.6261,480937.1136,4044485.7186,11.10,9.25
tile_r019555_c008803,2,500,350.75,147.14,434.81,199.38,480937.5573,4044485.6384,480937.7254,4044485.7429,16.81,10.45
tile_r019555_c008803,2,499,250.65,97.00,314.15,157.07,480937.3571,4044485.7231,480937.4841,4044485.8432,12.70,12.01
tile_r019555_c008803,2,502,61.65,21.55,96.91,52.63,480936.9791,4044485.9319,480937.0496,4044485.9941,7.05,6.22
tile_r019555_c008803,2,501,178.33,0.00,241.83,46.39,480937.2125,4044485.9444,480937.3395,4044486.0372,12.70,9.28
tile_r019555_c009059,2,552,406.17,333.20,454.59,385.31,480938.1801,4044485.2666,480938.2769,4044485.3708,9.68,10.42
tile_r019555_c009059,2,553,443.48,285.57,483.99,324.63,480938.2547,4044485.3880,480938.3358,4044485.4661,8.10,7.81
tile_r019555_c009059,2,560,441.57,146.02,473.68,199.69,480938.2509,4044485.6378,480938.3151,4044485.7452,6.42,10.73
tile_r019555_c009059,2,496,13.70,376.65,60.80,404.48,480937.3952,4044485.2282,480937.4894,4044485.2839,9.42,5.57
tile_r019555_c009059,2,500,94.75,147.14,178.81,199.38,480937.5573,4044485.6384,480937.7254,4044485.7429,16.81,10.45
tile_r019555_c009059,2,499,0.00,97.00,58.15,157.07,480937.3678,4044485.7231,480937.4841,4044485.8432,11.63,12.01
tile_r019555_c009059,2,561,357.46,67.17,391.27,103.16,480938.0827,4044485.8309,480938.1503,4044485.9029,6.76,7.20
tile_r019555_c009059,2,562,360.60,39.13,390.07,65.95,480938.0890,4044485.9053,480938.1479,4044485.9589,5.89,5.37
tile_r019555_c009315,2,548,283.13,453.21,320.04,480.68,480938.4460,4044485.0758,480938.5198,4044485.1308,7.38,5.50
tile_r019555_c009315,2,550,418.46,405.47,498.24,486.75,480938.7167,4044485.0637,480938.8762,4044485.2263,15.95,16.26
tile_r019555_c009315,2,549,311.30,426.75,360.52,459.12,480938.5024,4044485.1190,480938.6008,4044485.1837,9.84,6.47
tile_r019555_c009315,2,551,489.11,381.67,512.00,406.57,480938.8580,4044485.2241,480938.9038,4044485.2739,4.58,4.98
tile_r019555_c009315,2,552,150.17,333.20,198.59,385.31,480938.1801,4044485.2666,480938.2769,4044485.3708,9.68,10.42
tile_r019555_c009315,2,555,420.05,305.57,464.90,354.48,480938.7199,4044485.3283,480938.8096,4044485.4261,8.97,9.78
tile_r019555_c009315,2,554,334.72,297.29,383.54,341.72,480938.5492,4044485.3538,480938.6468,4044485.4426,9.76,8.89
tile_r019555_c009315,2,553,187.48,285.57,227.99,324.63,480938.2547,4044485.3880,480938.3358,4044485.4661,8.10,7.81
tile_r019555_c009315,2,556,312.57,239.16,346.37,271.65,480938.5049,4044485.4939,480938.5725,4044485.5589,6.76,6.50
tile_r019555_c009315,2,557,262.83,221.69,293.91,257.54,480938.4054,4044485.5221,480938.4676,4044485.5938,6.22,7.17
tile_r019555_c009315,2,558,329.51,149.49,403.59,220.34,480938.5388,4044485.5965,480938.6869,4044485.7382,14.82,14.17
tile_r019555_c009315,2,559,423.70,154.49,465.61,205.75,480938.7272,4044485.6257,480938.8110,4044485.7282,8.38,10.25
tile_r019555_c009315,2,560,185.57,146.02,217.68,199.69,480938.2509,4044485.6378,480938.3151,4044485.7452,6.42,10.73
tile_r019555_c009315,2,564,340.09,73.52,381.27,116.93,480938.5599,4044485.8033,480938.6423,4044485.8902,8.24,8.68
tile_r019555_c009315,2,561,101.46,67.17,135.27,103.16,480938.0827,4044485.8309,480938.1503,4044485.9029,6.76,7.20
tile_r019555_c009315,2,563,298.81,20.08,360.52,85.59,480938.4774,4044485.8660,480938.6008,4044485.9970,12.34,13.10
tile_r019555_c009315,2,562,104.60,39.13,134.07,65.95,480938.0890,4044485.9053,480938.1479,4044485.9589,5.89,5.37
tile_r019555_c010083,3,657,416.27,449.83,474.62,505.63,480940.2483,4044485.0260,480940.3650,4044485.1376,11.67,11.16
tile_r019555_c010083,3,659,469.72,445.98,483.35,462.71,480940.3552,4044485.1118,480940.3824,4044485.1453,2.73,3.35
tile_r019555_c010083,3,658,429.37,408.61,454.37,437.31,480940.2745,4044485.1626,480940.3245,4044485.2200,5.00,5.74
tile_r019555_c010083,3,660,279.70,370.70,345.50,430.44,480939.9751,4044485.1763,480940.1067,4044485.2958,13.16,11.95
tile_r019555_c010083,3,661,395.77,336.97,442.48,384.06,480940.2073,4044485.2691,480940.3007,4044485.3633,9.34,9.42
tile_r019555_c010083,3,619,21.85,348.05,59.60,369.50,480939.4594,4044485.2982,480939.5350,4044485.3411,7.55,4.29
tile_r019555_c010083,3,664,432.81,271.48,452.04,292.13,480940.2814,4044485.4530,480940.3198,4044485.4942,3.85,4.13
tile_r019555_c010083,3,620,0.00,259.15,39.64,300.16,480939.4158,4044485.4369,480939.4950,4044485.5189,7.93,8.20
tile_r019555_c010083,3,663,356.74,238.91,424.87,298.10,480940.1292,4044485.4410,480940.2655,4044485.5594,13.63,11.84
tile_r019555_c010083,3,667,282.24,181.36,327.22,218.69,480939.9802,4044485.5998,480940.0702,4044485.6745,9.00,7.47
tile_r019555_c010083,3,666,255.25,149.22,297.17,189.39,480939.9262,4044485.6584,480940.0101,4044485.7388,8.38,8.03
tile_r019555_c010083,3,668,429.88,53.44,466.96,90.58,480940.2755,4044485.8560,480940.3497,4044485.9303,7.42,7.43
tile_r019555_c010083,3,672,224.56,45.51,257.45,76.45,480939.8649,4044485.8843,480939.9306,4044485.9462,6.58,6.19
tile_r019555_c010083,3,669,353.83,0.00,384.90,14.22,480940.1234,4044486.0088,480940.1855,4044486.0372,6.21,2.84
tile_r019555_c010339,3,657,160.27,449.83,218.62,505.63,480940.2483,4044485.0260,480940.3650,4044485.1376,11.67,11.16
tile_r019555_c010339,3,659,213.72,445.98,227.35,462.71,480940.3552,4044485.1118,480940.3824,4044485.1453,2.73,3.35
tile_r019555_c010339,3,658,173.37,408.61,198.37,437.31,480940.2745,4044485.1626,480940.3245,4044485.2200,5.00,5.74
tile_r019555_c010339,3,660,23.70,370.70,89.50,430.44,480939.9751,4044485.1763,480940.1067,4044485.2958,13.16,11.95
tile_r019555_c010339,3,661,139.77,336.97,186.48,384.06,480940.2073,4044485.2691,480940.3007,4044485.3633,9.34,9.42
tile_r019555_c010339,3,662,260.16,282.73,308.45,331.73,480940.4480,4044485.3737,480940.5446,4044485.4718,9.66,9.80
tile_r019555_c010339,3,664,176.81,271.48,196.04,292.13,480940.2814,4044485.4530,480940.3198,4044485.4942,3.85,4.13
tile_r019555_c010339,3,663,100.74,238.91,168.87,298.10,480940.1292,4044485.4410,480940.2655,4044485.5594,13.63,11.84
tile_r019555_c010339,3,667,26.24,181.36,71.22,218.69,480939.9802,4044485.5998,480940.0702,4044485.6745,9.00,7.47
tile_r019555_c010339,3,739,486.67,153.10,512.00,183.35,480940.9011,4044485.6705,480940.9517,4044485.7310,5.07,6.05
tile_r019555_c010339,3,666,0.00,149.22,41.17,189.39,480939.9277,4044485.6584,480940.0101,4044485.7388,8.23,8.03
tile_r019555_c010339,3,740,454.92,62.22,503.04,110.91,480940.8376,4044485.8154,480940.9338,4044485.9128,9.62,9.74
tile_r019555_c010339,3,668,173.88,53.44,210.96,90.58,480940.2755,4044485.8560,480940.3497,4044485.9303,7.42,7.43
tile_r019555_c010339,3,669,97.83,0.00,128.90,14.22,480940.1234,4044486.0088,480940.1855,4044486.0372,6.21,2.84
tile_r019555_c010595,3,729,469.86,423.35,508.81,461.77,480941.3794,4044485.1137,480941.4573,4044485.1905,7.79,7.69
tile_r019555_c010595,3,734,399.75,424.67,438.55,450.81,480941.2392,4044485.1356,480941.3168,4044485.1879,7.76,5.23
tile_r019555_c010595,3,733,319.60,390.27,369.98,448.73,480941.0789,4044485.1397,480941.1797,4044485.2567,10.07,11.69
tile_r019555_c010595,3,662,4.16,282.73,52.45,331.73,480940.4480,4044485.3737,480940.5446,4044485.4718,9.66,9.80
tile_r019555_c010595,3,732,375.27,320.72,440.76,385.74,480941.1903,4044485.2657,480941.3212,4044485.3958,13.10,13.01
tile_r019555_c010595,3,735,282.66,318.83,333.60,369.77,480941.0050,4044485.2977,480941.1069,4044485.3995,10.19,10.19
tile_r019555_c010595,3,738,272.96,245.41,308.46,280.09,480940.9856,4044485.4770,480941.0566,4044485.5464,7.10,6.93
tile_r019555_c010595,3,737,428.19,221.60,449.22,241.46,480941.2961,4044485.5543,480941.3382,4044485.5940,4.21,3.97
tile_r019555_c010595,3,736,369.98,183.23,412.07,224.71,480941.1797,4044485.5878,480941.2639,4044485.6707,8.42,8.29
tile_r019555_c010595,3,739,230.67,153.10,260.54,183.35,480940.9011,4044485.6705,480940.9608,4044485.7310,5.97,6.05
tile_r019555_c010595,3,742,396.27,90.00,430.60,124.23,480941.2323,4044485.7887,480941.3009,4044485.8572,6.87,6.85
tile_r019555_c010595,3,741,329.20,62.61,381.08,114.33,480941.0981,4044485.8085,480941.2019,4044485.9120,10.38,10.34
tile_r019555_c010595,3,743,425.64,22.13,468.30,66.03,480941.2910,4044485.9051,480941.3763,4044485.9929,8.53,8.78
tile_r019555_c010595,3,740,198.92,62.22,247.04,110.91,480940.8376,4044485.8154,480940.9338,4044485.9128,9.62,9.74
tile_r019555_c010851,3,728,350.13,430.16,401.06,478.05,480941.6520,4044485.0811,480941.7538,4044485.1769,10.19,9.58
tile_r019555_c010851,3,729,213.86,423.35,252.81,461.77,480941.3794,4044485.1137,480941.4573,4044485.1905,7.79,7.69
tile_r019555_c010851,3,734,143.75,424.67,182.55,450.81,480941.2392,4044485.1356,480941.3168,4044485.1879,7.76,5.23
tile_r019555_c010851,3,733,63.60,390.27,113.98,448.73,480941.0789,4044485.1397,480941.1797,4044485.2567,10.07,11.69
tile_r019555_c010851,3,730,297.87,366.46,330.69,402.28,480941.5474,4044485.2326,480941.6131,4044485.3043,6.56,7.16
tile_r019555_c010851,3,732,119.27,320.72,184.76,385.74,480941.1903,4044485.2657,480941.3212,4044485.3958,13.10,13.01
tile_r019555_c010851,3,735,26.66,318.83,77.60,369.77,480941.0050,4044485.2977,480941.1069,4044485.3995,10.19,10.19
tile_r019555_c010851,3,731,248.26,326.13,288.61,361.81,480941.4482,4044485.3136,480941.5289,4044485.3849,8.07,7.13
tile_r019555_c010851,3,738,16.96,245.41,52.46,280.09,480940.9856,4044485.4770,480941.0566,4044485.5464,7.10,6.93
tile_r019555_c010851,3,737,172.19,221.60,193.22,241.46,480941.2961,4044485.5543,480941.3382,4044485.5940,4.21,3.97
tile_r019555_c010851,3,736,113.98,183.23,156.07,224.71,480941.1797,4044485.5878,480941.2639,4044485.6707,8.42,8.29
tile_r019555_c010851,3,742,140.27,90.00,174.60,124.23,480941.2323,4044485.7887,480941.3009,4044485.8572,6.87,6.85
tile_r019555_c010851,3,741,73.20,62.61,125.08,114.33,480941.0981,4044485.8085,480941.2019,4044485.9120,10.38,10.34
tile_r019555_c010851,3,814,448.78,42.24,486.28,82.46,480941.8493,4044485.8723,480941.9243,4044485.9527,7.50,8.04
tile_r019555_c010851,3,743,169.64,22.13,212.30,66.03,480941.2910,4044485.9051,480941.3763,4044485.9929,8.53,8.78
tile_r019555_c011107,3,728,94.13,430.16,145.06,478.05,480941.6520,4044485.0811,480941.7538,4044485.1769,10.19,9.58
tile_r019555_c011107,3,808,421.88,439.65,452.05,459.76,480942.3075,4044485.1177,480942.3678,4044485.1579,6.03,4.02
tile_r019555_c011107,3,807,338.27,409.49,376.81,446.89,480942.1402,4044485.1434,480942.2173,4044485.2182,7.71,7.48
tile_r019555_c011107,3,730,41.87,366.46,74.69,402.28,480941.5474,4044485.2326,480941.6131,4044485.3043,6.56,7.16
tile_r019555_c011107,3,809,445.17,360.82,500.20,401.54,480942.3540,4044485.2341,480942.4641,4044485.3156,11.01,8.14
tile_r019555_c011107,3,731,0.00,326.13,32.61,361.81,480941.4637,4044485.3136,480941.5289,4044485.3849,6.52,7.13
tile_r019555_c011107,3,810,429.82,251.72,498.08,322.26,480942.3233,4044485.3927,480942.4599,4044485.5338,13.65,14.11
tile_r019555_c011107,3,811,380.61,219.52,427.79,250.92,480942.2249,4044485.5354,480942.3193,4044485.5982,9.44,6.28
tile_r019555_c011107,3,812,309.17,210.52,345.66,240.36,480942.0820,4044485.5565,480942.1550,4044485.6162,7.30,5.97
tile_r019555_c011107,3,813,359.97,125.86,422.41,185.12,480942.1836,4044485.6670,480942.3085,4044485.7855,12.49,11.85
tile_r019555_c011107,3,814,192.78,42.24,230.28,82.46,480941.8493,4044485.8723,480941.9243,4044485.9527,7.50,8.04
tile_r019555_c011107,3,815,294.88,3.62,349.39,54.40,480942.0535,4044485.9284,480942.1625,4044486.0299,10.90,10.16
tile_r019555_c011363,3,808,165.88,439.65,196.05,459.76,480942.3075,4044485.1177,480942.3678,4044485.1579,6.03,4.02
tile_r019555_c011363,3,807,82.27,409.49,120.81,446.89,480942.1402,4044485.1434,480942.2173,4044485.2182,7.71,7.48
tile_r019555_c011363,3,809,189.17,360.82,244.20,401.54,480942.3540,4044485.2341,480942.4641,4044485.3156,11.01,8.14
tile_r019555_c011363,3,810,173.82,251.72,242.08,322.26,480942.3233,4044485.3927,480942.4599,4044485.5338,13.65,14.11
tile_r019555_c011363,3,811,124.61,219.52,171.79,250.92,480942.2249,4044485.5354,480942.3193,4044485.5982,9.44,6.28
tile_r019555_c011363,3,812,53.17,210.52,89.66,240.36,480942.0820,4044485.5565,480942.1550,4044485.6162,7.30,5.97
tile_r019555_c011363,3,813,103.97,125.86,166.41,185.12,480942.1836,4044485.6670,480942.3085,4044485.7855,12.49,11.85
tile_r019555_c011363,3,815,38.88,3.62,93.39,54.40,480942.0535,4044485.9284,480942.1625,4044486.0299,10.90,10.16
tile_r019555_c011363,3,847,447.45,261.97,485.42,293.25,480942.8706,4044485.4507,480942.9465,4044485.5133,7.59,6.26
tile_r019555_c011363,3,846,470.21,230.22,512.00,271.69,480942.9161,4044485.4938,480942.9997,4044485.5768,8.36,8.29
tile_r019555_c011363,3,848,446.92,149.96,512.00,228.99,480942.8695,4044485.5792,480942.9997,4044485.7373,13.02,15.80
tile_r019555_c011363,3,850,414.11,0.56,458.31,33.86,480942.8039,4044485.9695,480942.8923,4044486.0361,8.84,6.66
tile_r019555_c011619,3,842,275.70,423.37,325.97,462.32,480943.0391,4044485.1126,480943.1396,4044485.1905,10.05,7.79
tile_r019555_c011619,3,843,470.44,402.89,512.00,435.98,480943.4285,4044485.1653,480943.5117,4044485.2314,8.31,6.62
tile_r019555_c011619,3,845,285.65,327.59,317.57,369.43,480943.0590,4044485.2984,480943.1228,4044485.3820,6.38,8.37
tile_r019555_c011619,3,847,191.45,261.97,229.42,293.25,480942.8706,4044485.4507,480942.9465,4044485.5133,7.59,6.26
tile_r019555_c011619,3,844,399.90,260.38,450.27,292.66,480943.2875,4044485.4519,480943.3882,4044485.5164,10.08,6.46
tile_r019555_c011619,3,846,214.21,230.22,280.50,271.69,480942.9161,4044485.4938,480943.0487,4044485.5768,13.26,8.29
tile_r019555_c011619,3,848,190.92,149.96,271.36,228.99,480942.8695,4044485.5792,480943.0304,4044485.7373,16.09,15.80
tile_r019555_c011619,3,850,158.11,0.56,202.31,33.86,480942.8039,4044485.9695,480942.8923,4044486.0361,8.84,6.66
tile_r019555_c011619,3,849,264.48,0.00,309.46,31.49,480943.0166,4044485.9742,480943.1066,4044486.0372,9.00,6.30
tile_r019555_c012387,4,903,120.20,482.93,179.73,512.00,480944.2641,4044485.0132,480944.3831,4044485.0714,11.91,5.81
tile_r019555_c012387,4,902,188.86,477.54,236.88,512.00,480944.4014,4044485.0132,480944.4974,4044485.0821,9.60,6.89
tile_r019555_c012387,4,979,486.74,445.49,512.00,486.39,480944.9971,4044485.0644,480945.0476,4044485.1462,5.05,8.18
tile_r019555_c012387,4,980,421.84,406.40,462.20,448.21,480944.8673,4044485.1408,480944.9480,4044485.2244,8.07,8.36
tile_r019555_c012387,4,905,17.58,313.33,77.69,378.95,480944.0588,4044485.2793,480944.1790,4044485.4105,12.02,13.12
tile_r019555_c012387,4,908,66.16,246.37,111.67,294.57,480944.1560,4044485.4481,480944.2470,4044485.5445,9.10,9.64
tile_r019555_c012387,4,984,449.41,253.01,477.65,287.31,480944.9225,4044485.4626,480944.9789,4044485.5312,5.65,6.86
tile_r019555_c012387,4,909,17.47,179.40,74.63,232.43,480944.0586,4044485.5723,480944.1729,4044485.6784,11.43,10.61
tile_r019555_c012387,4,985,445.71,124.95,480.20,155.51,480944.9151,4044485.7262,480944.9840,4044485.7873,6.90,6.11
tile_r019555_c012387,4,989,331.46,22.29,363.68,48.77,480944.6866,4044485.9397,480944.7510,4044485.9926,6.44,5.29
tile_r019555_c012387,4,912,61.93,0.00,111.14,32.16,480944.1475,4044485.9729,480944.2459,4044486.0372,9.84,6.43
tile_r019555_c012643,4,982,431.82,405.32,478.39,448.76,480945.3993,4044485.1397,480945.4924,4044485.2266,9.31,8.69
tile_r019555_c012643,4,979,230.74,445.49,276.78,486.39,480944.9971,4044485.0644,480945.0892,4044485.1462,9.21,8.18
tile_r019555_c012643,4,980,165.84,406.40,206.20,448.21,480944.8673,4044485.1408,480944.9480,4044485.2244,8.07,8.36
tile_r019555_c012643,4,981,311.17,384.59,352.98,425.57,480945.1580,4044485.1861,480945.2416,4044485.2680,8.36,8.20
tile_r019555_c012643,4,983,301.12,287.02,355.62,327.34,480945.1379,4044485.3825,480945.2469,4044485.4632,10.90,8.06
tile_r019555_c012643,4,984,193.41,253.01,221.65,287.31,480944.9225,4044485.4626,480944.9789,4044485.5312,5.65,6.86
tile_r019555_c012643,4,986,374.92,212.27,417.70,255.21,480945.2855,4044485.5268,480945.3710,4044485.6127,8.56,8.59
tile_r019555_c012643,4,985,189.71,124.95,224.20,155.51,480944.9151,4044485.7262,480944.9840,4044485.7873,6.90,6.11
tile_r019555_c012643,4,989,75.46,22.29,107.68,48.77,480944.6866,4044485.9397,480944.7510,4044485.9926,6.44,5.29
tile_r019555_c012643,4,988,241.04,8.75,283.90,42.72,480945.0177,4044485.9518,480945.1034,4044486.0197,8.57,6.79
tile_r019555_c012899,4,982,175.82,405.32,222.39,448.76,480945.3993,4044485.1397,480945.4924,4044485.2266,9.31,8.69
tile_r019555_c012899,4,1042,402.53,402.04,440.87,440.56,480945.8527,4044485.1561,480945.9293,4044485.2331,7.67,7.70
tile_r019555_c012899,4,981,55.17,384.59,96.98,425.57,480945.1580,4044485.1861,480945.2416,4044485.2680,8.36,8.20
tile_r019555_c012899,4,983,45.12,287.02,99.62,327.34,480945.1379,4044485.3825,480945.2469,4044485.4632,10.90,8.06
tile_r019555_c012899,4,986,118.92,212.27,161.70,255.21,480945.2855,4044485.5268,480945.3710,4044485.6127,8.56,8.59
tile_r019555_c012899,4,1053,367.33,265.51,402.74,299.50,480945.7823,4044485.4382,480945.8531,4044485.5062,7.08,6.80
tile_r019555_c012899,4,1052,421.84,176.80,498.42,249.10,480945.8913,4044485.5390,480946.0445,4044485.6836,15.32,14.46
tile_r019555_c012899,4,1046,283.72,98.86,318.65,135.29,480945.6151,4044485.7666,480945.6849,4044485.8395,6.99,7.29
tile_r019555_c012899,4,1051,428.19,63.21,487.46,111.14,480945.9040,4044485.8149,480946.0225,4044485.9108,11.85,9.59
tile_r019555_c012899,4,988,0.00,8.75,27.90,42.72,480945.0476,4044485.9518,480945.1034,4044486.0197,5.58,6.79
tile_r019555_c012899,4,1055,395.91,0.00,445.52,39.28,480945.8394,4044485.9586,480945.9387,4044486.0372,9.92,7.86
tile_r019555_c013155,4,1043,346.55,435.37,382.29,472.58,480946.2527,4044485.0920,480946.3242,4044485.1665,7.15,7.44
tile_r019555_c013155,4,1042,146.53,402.04,184.87,440.56,480945.8527,4044485.1561,480945.9293,4044485.2331,7.67,7.70
tile_r019555_c013155,4,1044,381.08,348.85,423.72,391.60,480946.3218,4044485.2540,480946.4070,4044485.3395,8.53,8.55
tile_r019555_c013155,4,1045,316.39,320.22,358.46,355.66,480946.1924,4044485.3259,480946.2765,4044485.3968,8.41,7.09
tile_r019555_c013155,4,1053,111.33,265.51,146.74,299.50,480945.7823,4044485.4382,480945.8531,4044485.5062,7.08,6.80
tile_r019555_c013155,4,1048,332.53,224.23,363.67,248.96,480946.2247,4044485.5393,480946.2869,4044485.5887,6.23,4.94
tile_r019555_c013155,4,1047,283.85,205.27,321.95,257.48,480946.1273,4044485.5222,480946.2035,4044485.6267,7.62,10.44
tile_r019555_c013155,4,1052,165.84,176.80,242.42,249.10,480945.8913,4044485.5390,480946.0445,4044485.6836,15.32,14.46
tile_r019555_c013155,4,1049,370.63,144.81,405.56,186.71,480946.3009,4044485.6638,480946.3707,4044485.7476,6.99,8.38
tile_r019555_c013155,4,1050,283.11,116.28,305.54,141.26,480946.1258,4044485.7547,480946.1707,4044485.8046,4.49,5.00
tile_r019555_c013155,4,1046,27.72,98.86,62.65,135.29,480945.6151,4044485.7666,480945.6849,4044485.8395,6.99,7.29
tile_r019555_c013155,4,1051,172.19,63.21,231.46,111.14,480945.9040,4044485.8149,480946.0225,4044485.9108,11.85,9.59
tile_r019555_c013155,4,1055,139.91,0.00,189.52,39.28,480945.8394,4044485.9586,480945.9387,4044486.0372,9.92,7.86
tile_r019555_c013411,4,1040,237.00,485.28,273.81,512.00,480946.5456,4044485.0132,480946.6192,4044485.0666,7.36,5.34
tile_r019555_c013411,4,1043,90.55,435.37,126.29,472.58,480946.2527,4044485.0920,480946.3242,4044485.1665,7.15,7.44
tile_r019555_c013411,4,1119,474.75,376.46,499.81,405.03,480947.0211,4044485.2271,480947.0712,4044485.2843,5.01,5.71
tile_r019555_c013411,4,1044,125.08,348.85,167.72,391.60,480946.3218,4044485.2540,480946.4070,4044485.3395,8.53,8.55
tile_r019555_c013411,4,1045,60.39,320.22,102.46,355.66,480946.1924,4044485.3259,480946.2765,4044485.3968,8.41,7.09
tile_r019555_c013411,4,1126,412.18,301.45,440.28,329.38,480946.8960,4044485.3784,480946.9521,4044485.4343,5.62,5.59
tile_r019555_c013411,4,1121,464.89,295.50,509.21,334.19,480947.0014,4044485.3688,480947.0900,4044485.4462,8.87,7.74
tile_r019555_c013411,4,1125,418.91,257.80,442.66,286.50,480946.9094,4044485.4642,480946.9569,4044485.5216,4.75,5.74
tile_r019555_c013411,4,1124,459.33,215.64,509.34,278.92,480946.9902,4044485.4794,480947.0903,4044485.6059,10.00,12.65
tile_r019555_c013411,4,1048,76.53,224.23,107.67,248.96,480946.2247,4044485.5393,480946.2869,4044485.5887,6.23,4.94
tile_r019555_c013411,4,1047,27.85,205.27,65.95,257.48,480946.1273,4044485.5222,480946.2035,4044485.6267,7.62,10.44
tile_r019555_c013411,4,1049,114.63,144.81,149.56,186.71,480946.3009,4044485.6638,480946.3707,4044485.7476,6.99,8.38
tile_r019555_c013411,4,1050,27.11,116.28,49.54,141.26,480946.1258,4044485.7547,480946.1707,4044485.8046,4.49,5.00
tile_r019555_c013411,4,1127,404.56,86.92,443.85,121.48,480946.8807,4044485.7942,480946.9593,4044485.8634,7.86,6.91
tile_r019555_c013411,4,1136,298.33,38.72,339.60,79.46,480946.6683,4044485.8783,480946.7508,4044485.9598,8.26,8.15
tile_r019555_c013411,4,1128,475.60,18.08,500.22,38.00,480947.0228,4044485.9612,480947.0720,4044486.0010,4.92,3.98
tile_r019555_c013667,4,1118,305.33,387.90,367.24,460.68,480947.1942,4044485.1158,480947.3181,4044485.2614,12.38,14.56
tile_r019555_c013667,4,1119,218.75,376.46,243.81,405.03,480947.0211,4044485.2271,480947.0712,4044485.2843,5.01,5.71
tile_r019555_c013667,4,1120,364.46,336.78,410.38,388.60,480947.3125,4044485.2600,480947.4043,4044485.3637,9.18,10.36
tile_r019555_c013667,4,1126,156.18,301.45,184.28,329.38,480946.8960,4044485.3784,480946.9521,4044485.4343,5.62,5.59
tile_r019555_c013667,4,1121,208.89,295.50,253.21,334.19,480947.0014,4044485.3688,480947.0900,4044485.4462,8.87,7.74
tile_r019555_c013667,4,1125,162.91,257.80,186.66,286.50,480946.9094,4044485.4642,480946.9569,4044485.5216,4.75,5.74
tile_r019555_c013667,4,1122,320.01,245.89,349.63,274.89,480947.2236,4044485.4874,480947.2829,4044485.5454,5.92,5.80
tile_r019555_c013667,4,1124,203.33,215.64,253.34,278.92,480946.9902,4044485.4794,480947.0903,4044485.6059,10.00,12.65
tile_r019555_c013667,4,1123,306.52,177.62,358.51,235.18,480947.1966,4044485.5668,480947.3006,4044485.6820,10.40,11.51
tile_r019555_c013667,4,1127,148.56,86.92,187.85,121.48,480946.8807,4044485.7942,480946.9593,4044485.8634,7.86,6.91
tile_r019555_c013667,4,1136,42.33,38.72,83.60,79.46,480946.6683,4044485.8783,480946.7508,4044485.9598,8.26,8.15
tile_r019555_c013667,4,1128,219.60,18.08,244.22,38.00,480947.0228,4044485.9612,480947.0720,4044486.0010,4.92,3.98
tile_r019811_c006243,1,218,444.14,174.97,472.56,202.78,480932.6242,4044485.1196,480932.6810,4044485.1753,5.68,5.56
tile_r019811_c006243,1,219,426.94,84.35,457.42,108.84,480932.5898,4044485.3075,480932.6507,4044485.3565,6.10,4.90
tile_r019811_c006243,1,13,193.38,494.41,227.77,512.00,480932.1227,4044484.5012,480932.1915,4044484.5364,6.88,3.52
tile_r019811_c006243,1,15,148.93,434.58,197.10,477.85,480932.0338,4044484.5695,480932.1301,4044484.6561,9.63,8.65
tile_r019811_c006243,1,16,160.57,316.05,202.62,359.75,480932.0570,4044484.8057,480932.1411,4044484.8931,8.41,8.74
tile_r019811_c006243,1,12,306.62,444.64,353.47,503.92,480932.3491,4044484.5174,480932.4428,4044484.6359,9.37,11.86
tile_r019811_c006243,1,214,459.68,292.72,497.24,332.74,480932.6553,4044484.8597,480932.7304,4044484.9398,7.51,8.01
tile_r019811_c006243,1,17,139.40,268.42,172.77,290.24,480932.0147,4044484.9447,480932.0815,4044484.9884,6.67,4.36
tile_r019811_c006243,1,18,224.24,218.68,250.53,236.61,480932.1844,4044485.0520,480932.2370,4044485.0879,5.26,3.59
tile_r019811_c006243,1,19,67.43,187.46,108.65,220.56,480931.8708,4044485.0841,480931.9532,4044485.1503,8.24,6.62
tile_r019811_c006243,1,20,55.26,145.65,86.14,172.45,480931.8464,4044485.1803,480931.9082,4044485.2339,6.18,5.36
tile_r019811_c006243,1,21,24.57,29.62,71.67,71.19,480931.7851,4044485.3828,480931.8792,4044485.4660,9.42,8.31
tile_r019811_c006243,1,23,43.09,0.00,94.23,20.14,480931.8221,4044485.4849,480931.9244,4044485.5252,10.23,4.03
tile_r019811_c006499,1,215,438.84,219.62,466.10,245.72,480933.1256,4044485.0338,480933.1801,4044485.0860,5.45,5.22
tile_r019811_c006499,1,217,291.66,180.73,347.55,228.42,480932.8312,4044485.0684,480932.9430,4044485.1637,11.18,9.54
tile_r019811_c006499,1,218,188.14,174.97,216.56,202.78,480932.6242,4044485.1196,480932.6810,4044485.1753,5.68,5.56
tile_r019811_c006499,1,221,373.06,109.16,403.15,139.37,480932.9940,4044485.2465,480933.0542,4044485.3069,6.02,6.04
tile_r019811_c006499,1,219,170.94,84.35,201.42,108.84,480932.5898,4044485.3075,480932.6507,4044485.3565,6.10,4.90
tile_r019811_c006499,1,208,359.13,476.94,398.26,512.00,480932.9661,4044484.5012,480933.0444,4044484.5713,7.83,7.01
tile_r019811_c006499,1,12,50.62,444.64,97.47,503.92,480932.3491,4044484.5174,480932.4428,4044484.6359,9.37,11.86
tile_r019811_c006499,1,207,411.72,442.54,456.82,485.08,480933.0713,4044484.5551,480933.1615,4044484.6401,9.02,8.51
tile_r019811_c006499,1,209,345.57,450.52,373.35,476.23,480932.9390,4044484.5728,480932.9946,4044484.6242,5.56,5.14
tile_r019811_c006499,1,210,473.89,412.11,499.29,436.09,480933.1957,4044484.6530,480933.2465,4044484.7010,5.08,4.79
tile_r019811_c006499,1,211,454.71,323.81,495.80,364.77,480933.1573,4044484.7957,480933.2395,4044484.8776,8.22,8.19
tile_r019811_c006499,1,212,369.38,298.13,426.27,347.17,480932.9867,4044484.8309,480933.1004,4044484.9290,11.38,9.81
tile_r019811_c006499,1,213,275.78,296.02,314.00,331.46,480932.7995,4044484.8623,480932.8759,4044484.9332,7.64,7.09
tile_r019811_c006499,1,214,203.68,292.72,241.24,332.74,480932.6553,4044484.8597,480932.7304,4044484.9398,7.51,8.01
tile_r019811_c006499,1,216,319.11,252.61,353.51,285.85,480932.8861,4044484.9535,480932.9549,4044485.0200,6.88,6.65
tile_r019811_c006499,1,220,356.48,72.45,393.81,112.44,480932.9609,4044485.3003,480933.0355,4044485.3803,7.47,8.00
tile_r019811_c006499,1,222,307.53,1.67,347.16,33.42,480932.8630,4044485.4584,480932.9422,4044485.5219,7.92,6.35
tile_r019811_c006755,1,287,478.88,231.94,512.00,268.40,480933.7176,4044484.9884,480933.7839,4044485.0613,6.62,7.29
tile_r019811_c006755,1,215,182.84,219.62,210.10,245.72,480933.1256,4044485.0338,480933.1801,4044485.0860,5.45,5.22
tile_r019811_c006755,1,217,35.66,180.73,91.55,228.42,480932.8312,4044485.0684,480932.9430,4044485.1637,11.18,9.54
tile_r019811_c006755,1,288,464.59,175.85,499.25,209.10,480933.6891,4044485.1070,480933.7584,4044485.1735,6.93,6.65
tile_r019811_c006755,1,221,117.06,109.16,147.15,139.37,480932.9940,4044485.2465,480933.0542,4044485.3069,6.02,6.04
tile_r019811_c006755,1,208,103.13,476.94,142.26,512.00,480932.9661,4044484.5012,480933.0444,4044484.5713,7.83,7.01
tile_r019811_c006755,1,207,155.72,442.54,200.82,485.08,480933.0713,4044484.5551,480933.1615,4044484.6401,9.02,8.51
tile_r019811_c006755,1,209,89.57,450.52,117.35,476.23,480932.9390,4044484.5728,480932.9946,4044484.6242,5.56,5.14
tile_r019811_c006755,1,210,217.89,412.11,243.29,436.09,480933.1957,4044484.6530,480933.2465,4044484.7010,5.08,4.79
tile_r019811_c006755,1,211,198.71,323.81,239.80,364.77,480933.1573,4044484.7957,480933.2395,4044484.8776,8.22,8.19
tile_r019811_c006755,1,212,113.38,298.13,170.27,347.17,480932.9867,4044484.8309,480933.1004,4044484.9290,11.38,9.81
tile_r019811_c006755,1,213,19.78,296.02,58.00,331.46,480932.7995,4044484.8623,480932.8759,4044484.9332,7.64,7.09
tile_r019811_c006755,1,216,63.11,252.61,97.51,285.85,480932.8861,4044484.9535,480932.9549,4044485.0200,6.88,6.65
tile_r019811_c006755,1,220,100.48,72.45,137.81,112.44,480932.9609,4044485.3003,480933.0355,4044485.3803,7.47,8.00
tile_r019811_c006755,1,294,422.78,75.02,454.78,108.64,480933.6054,4044485.3079,480933.6694,4044485.3752,6.40,6.72
tile_r019811_c006755,1,222,51.53,1.67,91.16,33.42,480932.8630,4044485.4584,480932.9422,4044485.5219,7.92,6.35
tile_r019811_c007011,1,282,405.97,448.82,458.89,490.26,480934.0838,4044484.5447,480934.1896,4044484.6276,10.58,8.29
tile_r019811_c007011,1,286,473.18,371.35,512.00,415.32,480934.2182,4044484.6946,480934.2959,4044484.7825,7.76,8.79
tile_r019811_c007011,1,285,399.62,315.82,462.07,384.07,480934.0711,4044484.7571,480934.1960,4044484.8936,12.49,13.65
tile_r019811_c007011,1,287,222.88,231.94,258.93,268.40,480933.7176,4044484.9884,480933.7897,4044485.0613,7.21,7.29
tile_r019811_c007011,1,291,373.16,211.83,407.89,244.47,480934.0182,4044485.0363,480934.0876,4044485.1015,6.94,6.53
tile_r019811_c007011,1,288,208.59,175.85,243.25,209.10,480933.6891,4044485.1070,480933.7584,4044485.1735,6.93,6.65
tile_r019811_c007011,1,289,283.20,116.05,332.32,165.72,480933.8383,4044485.1938,480933.9365,4044485.2931,9.82,9.93
tile_r019811_c007011,1,290,359.41,121.34,394.68,153.74,480933.9907,4044485.2177,480934.0612,4044485.2825,7.05,6.48
tile_r019811_c007011,1,283,311.78,427.73,343.20,459.80,480933.8954,4044484.6056,480933.9583,4044484.6697,6.28,6.41
tile_r019811_c007011,1,284,279.50,342.10,317.60,374.72,480933.8309,4044484.7758,480933.9071,4044484.8410,7.62,6.52
tile_r019811_c007011,1,292,333.48,80.07,368.38,107.69,480933.9388,4044485.3098,480934.0086,4044485.3651,6.98,5.53
tile_r019811_c007011,1,294,166.78,75.02,198.78,108.64,480933.6054,4044485.3079,480933.6694,4044485.3752,6.40,6.72
tile_r019811_c007011,1,298,304.90,23.44,346.47,66.18,480933.8817,4044485.3928,480933.9648,4044485.4783,8.31,8.55
tile_r019811_c007267,1,335,449.80,468.32,472.02,494.35,480934.6834,4044484.5365,480934.7279,4044484.5886,4.45,5.21
tile_r019811_c007267,1,282,149.97,448.82,202.89,490.26,480934.0838,4044484.5447,480934.1896,4044484.6276,10.58,8.29
tile_r019811_c007267,1,336,375.18,413.03,432.86,451.21,480934.5342,4044484.6228,480934.6496,4044484.6992,11.54,7.64
tile_r019811_c007267,1,286,217.18,371.35,265.33,415.32,480934.2182,4044484.6946,480934.3145,4044484.7825,9.63,8.79
tile_r019811_c007267,1,285,143.62,315.82,206.07,384.07,480934.0711,4044484.7571,480934.1960,4044484.8936,12.49,13.65
tile_r019811_c007267,1,337,481.55,296.12,512.00,347.15,480934.7469,4044484.8309,480934.8079,4044484.9330,6.09,10.20
tile_r019811_c007267,1,291,117.16,211.83,151.89,244.47,480934.0182,4044485.0363,480934.0876,4044485.1015,6.94,6.53
tile_r019811_c007267,1,289,27.20,116.05,76.32,165.72,480933.8383,4044485.1938,480933.9365,4044485.2931,9.82,9.93
tile_r019811_c007267,1,290,103.41,121.34,138.68,153.74,480933.9907,4044485.2177,480934.0612,4044485.2825,7.05,6.48
tile_r019811_c007267,1,283,55.78,427.73,87.20,459.80,480933.8954,4044484.6056,480933.9583,4044484.6697,6.28,6.41
tile_r019811_c007267,1,284,23.50,342.10,61.60,374.72,480933.8309,4044484.7758,480933.9071,4044484.8410,7.62,6.52
tile_r019811_c007267,1,292,77.48,80.07,112.38,107.69,480933.9388,4044485.3098,480934.0086,4044485.3651,6.98,5.53
tile_r019811_c007267,1,298,48.90,23.44,90.47,66.18,480933.8817,4044485.3928,480933.9648,4044485.4783,8.31,8.55
tile_r019811_c007267,1,338,330.73,286.60,386.93,335.65,480934.4453,4044484.8539,480934.5577,4044484.9520,11.24,9.81
tile_r019811_c007267,1,339,393.17,73.34,443.71,112.10,480934.5702,4044485.3010,480934.6713,4044485.3785,10.11,7.75
tile_r019811_c007267,1,341,252.41,44.77,307.21,86.26,480934.2887,4044485.3527,480934.3983,4044485.4357,10.96,8.30
tile_r019811_c007267,1,340,251.88,16.84,294.75,58.93,480934.2876,4044485.4074,480934.3734,4044485.4915,8.57,8.42
tile_r019811_c008035,2,380,150.92,471.10,191.93,512.00,480935.6217,4044484.5012,480935.7037,4044484.5830,8.20,8.18
tile_r019811_c008035,2,379,204.50,453.80,240.05,495.51,480935.7288,4044484.5342,480935.7999,4044484.6176,7.11,8.34
tile_r019811_c008035,2,381,80.80,375.75,128.44,424.04,480935.4814,4044484.6771,480935.5767,4044484.7737,9.53,9.66
tile_r019811_c008035,2,382,0.00,340.94,32.51,388.06,480935.3198,4044484.7491,480935.3849,4044484.8433,6.50,9.42
tile_r019811_c008035,2,386,244.85,369.13,272.36,396.93,480935.8095,4044484.7314,480935.8646,4044484.7869,5.50,5.56
tile_r019811_c008035,2,387,214.42,252.05,238.69,277.25,480935.7487,4044484.9707,480935.7972,4044485.0211,4.86,5.04
tile_r019811_c008035,2,443,392.28,147.08,462.93,188.35,480936.1044,4044485.1485,480936.2457,4044485.2310,14.13,8.26
tile_r019811_c008035,2,383,126.44,215.01,168.11,256.68,480935.5727,4044485.0118,480935.6561,4044485.0952,8.33,8.33
tile_r019811_c008035,2,384,46.40,209.06,76.73,234.89,480935.4126,4044485.0554,480935.4733,4044485.1071,6.06,5.17
tile_r019811_c008035,2,385,103.29,125.71,138.22,160.19,480935.5264,4044485.2048,480935.5963,4044485.2738,6.99,6.90
tile_r019811_c008035,2,388,59.63,20.54,107.68,68.37,480935.4391,4044485.3885,480935.5352,4044485.4841,9.61,9.57
tile_r019811_c008291,2,436,381.93,472.10,438.55,512.00,480936.5957,4044484.5012,480936.7089,4044484.5810,11.32,7.98
tile_r019811_c008291,2,438,304.77,452.47,336.95,478.40,480936.4414,4044484.5684,480936.5057,4044484.6203,6.43,5.19
tile_r019811_c008291,2,439,360.23,376.27,404.21,419.09,480936.5523,4044484.6870,480936.6402,4044484.7727,8.79,8.56
tile_r019811_c008291,2,386,0.00,369.13,16.36,396.93,480935.8318,4044484.7314,480935.8646,4044484.7869,3.27,5.56
tile_r019811_c008291,2,440,421.61,348.53,468.71,391.83,480936.6750,4044484.7416,480936.7692,4044484.8282,9.42,8.66
tile_r019811_c008291,2,441,305.20,310.12,344.53,348.30,480936.4422,4044484.8286,480936.5209,4044484.9050,7.87,7.64
tile_r019811_c008291,2,442,368.17,274.99,411.03,311.38,480936.5681,4044484.9024,480936.6539,4044484.9752,8.57,7.28
tile_r019811_c008291,2,444,250.00,122.40,332.55,218.27,480936.3318,4044485.0887,480936.4969,4044485.2804,16.51,19.17
tile_r019811_c008291,2,443,136.28,147.08,206.93,188.35,480936.1044,4044485.1485,480936.2457,4044485.2310,14.13,8.26
tile_r019811_c008291,2,445,283.13,0.00,336.38,29.44,480936.3981,4044485.4663,480936.5046,4044485.5252,10.65,5.89
tile_r019811_c008547,2,436,125.93,472.10,182.55,512.00,480936.5957,4044484.5012,480936.7089,4044484.5810,11.32,7.98
tile_r019811_c008547,2,438,48.77,452.47,80.95,478.40,480936.4414,4044484.5684,480936.5057,4044484.6203,6.43,5.19
tile_r019811_c008547,2,439,104.23,376.27,148.21,419.09,480936.5523,4044484.6870,480936.6402,4044484.7727,8.79,8.56
tile_r019811_c008547,2,495,474.18,356.90,512.00,394.60,480937.2922,4044484.7360,480937.3678,4044484.8114,7.56,7.54
tile_r019811_c008547,2,440,165.61,348.53,212.71,391.83,480936.6750,4044484.7416,480936.7692,4044484.8282,9.42,8.66
tile_r019811_c008547,2,441,49.20,310.12,88.53,348.30,480936.4422,4044484.8286,480936.5209,4044484.9050,7.87,7.64
tile_r019811_c008547,2,442,112.17,274.99,155.03,311.38,480936.5681,4044484.9024,480936.6539,4044484.9752,8.57,7.28
tile_r019811_c008547,2,497,393.41,221.88,433.31,250.55,480937.1306,4044485.0241,480937.2104,4044485.0815,7.98,5.73
tile_r019811_c008547,2,444,0.00,122.40,76.55,218.27,480936.3438,4044485.0887,480936.4969,4044485.2804,15.31,19.17
tile_r019811_c008547,2,445,27.13,0.00,80.38,29.44,480936.3981,4044485.4663,480936.5046,4044485.5252,10.65,5.89
tile_r019811_c008803,2,491,353.16,475.96,400.17,512.00,480937.5621,4044484.5012,480937.6561,4044484.5733,9.40,7.21
tile_r019811_c008803,2,492,429.45,461.96,502.48,512.00,480937.7147,4044484.5012,480937.8607,4044484.6013,14.61,10.01
tile_r019811_c008803,2,494,402.46,318.01,479.06,384.28,480937.6607,4044484.7567,480937.8139,4044484.8892,15.32,13.25
tile_r019811_c008803,2,495,218.18,356.90,257.72,394.60,480937.2922,4044484.7360,480937.3712,4044484.8114,7.91,7.54
tile_r019811_c008803,2,497,137.41,221.88,177.31,250.55,480937.1306,4044485.0241,480937.2104,4044485.0815,7.98,5.73
tile_r019811_c008803,2,496,269.70,120.65,316.80,148.48,480937.3952,4044485.2282,480937.4894,4044485.2839,9.42,5.57
tile_r019811_c009059,2,552,406.17,77.20,454.59,129.31,480938.1801,4044485.2666,480938.2769,4044485.3708,9.68,10.42
tile_r019811_c009059,2,553,443.48,29.57,483.99,68.63,480938.2547,4044485.3880,480938.3358,4044485.4661,8.10,7.81
tile_r019811_c009059,2,491,97.16,475.96,144.17,512.00,480937.5621,4044484.5012,480937.6561,4044484.5733,9.40,7.21
tile_r019811_c009059,2,492,173.45,461.96,246.48,512.00,480937.7147,4044484.5012,480937.8607,4044484.6013,14.61,10.01
tile_r019811_c009059,2,493,248.46,408.26,315.93,473.82,480937.8647,4044484.5776,480937.9996,4044484.7087,13.49,13.11
tile_r019811_c009059,2,546,459.53,376.02,512.00,419.28,480938.2868,4044484.6867,480938.3918,4044484.7732,10.49,8.65
tile_r019811_c009059,2,494,146.46,318.01,223.06,384.28,480937.6607,4044484.7567,480937.8139,4044484.8892,15.32,13.25
tile_r019811_c009059,2,496,13.70,120.65,60.80,148.48,480937.3952,4044485.2282,480937.4894,4044485.2839,9.42,5.57
tile_r019811_c010083,3,611,0.00,440.51,52.80,472.34,480939.4158,4044484.5805,480939.5214,4044484.6442,10.56,6.37
tile_r019811_c010083,3,613,0.00,360.31,26.61,406.41,480939.4158,4044484.7124,480939.4690,4044484.8046,5.32,9.22
tile_r019811_c010083,3,665,433.87,316.67,478.09,357.38,480940.2835,4044484.8105,480940.3719,4044484.8919,8.84,8.14
tile_r019811_c010083,3,614,86.14,270.38,155.99,332.82,480939.5880,4044484.8596,480939.7277,4044484.9845,13.97,12.49
tile_r019811_c010083,3,657,416.27,193.83,474.62,249.63,480940.2483,4044485.0260,480940.3650,4044485.1376,11.67,11.16
tile_r019811_c010083,3,659,469.72,189.98,483.35,206.71,480940.3552,4044485.1118,480940.3824,4044485.1453,2.73,3.35
tile_r019811_c010083,3,658,429.37,152.61,454.37,181.31,480940.2745,4044485.1626,480940.3245,4044485.2200,5.00,5.74
tile_r019811_c010083,3,660,279.70,114.70,345.50,174.44,480939.9751,4044485.1763,480940.1067,4044485.2958,13.16,11.95
tile_r019811_c010083,3,661,395.77,80.97,442.48,128.06,480940.2073,4044485.2691,480940.3007,4044485.3633,9.34,9.42
tile_r019811_c010083,3,619,21.85,92.05,59.60,113.50,480939.4594,4044485.2982,480939.5350,4044485.3411,7.55,4.29
tile_r019811_c010083,3,664,432.81,15.48,452.04,36.13,480940.2814,4044485.4530,480940.3198,4044485.4942,3.85,4.13
tile_r019811_c010083,3,620,0.00,3.15,39.64,44.16,480939.4158,4044485.4369,480939.4950,4044485.5189,7.93,8.20
tile_r019811_c010083,3,663,356.74,0.00,424.87,42.10,480940.1292,4044485.4410,480940.2655,4044485.5252,13.63,8.42
tile_r019811_c010339,3,652,430.29,460.17,483.91,508.08,480940.7883,4044484.5091,480940.8955,4044484.6049,10.72,9.58
tile_r019811_c010339,3,653,279.74,434.76,319.16,479.54,480940.4872,4044484.5661,480940.5660,4044484.6557,7.88,8.96
tile_r019811_c010339,3,654,252.66,368.09,289.35,413.07,480940.4330,4044484.6991,480940.5064,4044484.7890,7.34,9.00
tile_r019811_c010339,3,665,177.87,316.67,222.09,357.38,480940.2835,4044484.8105,480940.3719,4044484.8919,8.84,8.14
tile_r019811_c010339,3,655,382.93,283.87,424.20,329.85,480940.6936,4044484.8655,480940.7761,4044484.9575,8.26,9.19
tile_r019811_c010339,3,656,258.95,260.62,295.21,305.53,480940.4456,4044484.9141,480940.5182,4044485.0040,7.25,8.98
tile_r019811_c010339,3,657,160.27,193.83,218.62,249.63,480940.2483,4044485.0260,480940.3650,4044485.1376,11.67,11.16
tile_r019811_c010339,3,659,213.72,189.98,227.35,206.71,480940.3552,4044485.1118,480940.3824,4044485.1453,2.73,3.35
tile_r019811_c010339,3,658,173.37,152.61,198.37,181.31,480940.2745,4044485.1626,480940.3245,4044485.2200,5.00,5.74
tile_r019811_c010339,3,660,23.70,114.70,89.50,174.44,480939.9751,4044485.1763,480940.1067,4044485.2958,13.16,11.95
tile_r019811_c010339,3,661,139.77,80.97,186.48,128.06,480940.2073,4044485.2691,480940.3007,4044485.3633,9.34,9.42
tile_r019811_c010339,3,662,260.16,26.73,308.45,75.73,480940.4480,4044485.3737,480940.5446,4044485.4718,9.66,9.80
tile_r019811_c010339,3,664,176.81,15.48,196.04,36.13,480940.2814,4044485.4530,480940.3198,4044485.4942,3.85,4.13
tile_r019811_c010339,3,663,100.74,0.00,168.87,42.10,480940.1292,4044485.4410,480940.2655,4044485.5252,13.63,8.42
tile_r019811_c010595,3,724,420.25,396.21,455.09,424.70,480941.2802,4044484.6758,480941.3499,4044484.7328,6.97,5.70
tile_r019811_c010595,3,725,391.81,375.00,420.25,404.19,480941.2233,4044484.7168,480941.2802,4044484.7752,5.69,5.84
tile_r019811_c010595,3,722,475.15,339.33,512.00,393.31,480941.3900,4044484.7386,480941.4637,4044484.8466,7.37,10.80
tile_r019811_c010595,3,652,174.29,460.17,227.91,508.08,480940.7883,4044484.5091,480940.8955,4044484.6049,10.72,9.58
tile_r019811_c010595,3,653,23.74,434.76,63.16,479.54,480940.4872,4044484.5661,480940.5660,4044484.6557,7.88,8.96
tile_r019811_c010595,3,654,0.00,368.09,33.35,413.07,480940.4397,4044484.6991,480940.5064,4044484.7890,6.67,9.00
tile_r019811_c010595,3,655,126.93,283.87,168.20,329.85,480940.6936,4044484.8655,480940.7761,4044484.9575,8.26,9.19
tile_r019811_c010595,3,656,2.95,260.62,39.21,305.53,480940.4456,4044484.9141,480940.5182,4044485.0040,7.25,8.98
tile_r019811_c010595,3,726,359.40,300.22,395.78,336.10,480941.1585,4044484.8530,480941.2313,4044484.9248,7.28,7.18
tile_r019811_c010595,3,729,469.86,167.35,508.81,205.77,480941.3794,4044485.1137,480941.4573,4044485.1905,7.79,7.69
tile_r019811_c010595,3,734,399.75,168.67,438.55,194.81,480941.2392,4044485.1356,480941.3168,4044485.1879,7.76,5.23
tile_r019811_c010595,3,733,319.60,134.27,369.98,192.73,480941.0789,4044485.1397,480941.1797,4044485.2567,10.07,11.69
tile_r019811_c010595,3,662,4.16,26.73,52.45,75.73,480940.4480,4044485.3737,480940.5446,4044485.4718,9.66,9.80
tile_r019811_c010595,3,732,375.27,64.72,440.76,129.74,480941.1903,4044485.2657,480941.3212,4044485.3958,13.10,13.01
tile_r019811_c010595,3,735,282.66,62.83,333.60,113.77,480941.0050,4044485.2977,480941.1069,4044485.3995,10.19,10.19
tile_r019811_c010595,3,738,272.96,0.00,308.46,24.09,480940.9856,4044485.4770,480941.0566,4044485.5252,7.10,4.82
tile_r019811_c010851,3,720,387.17,480.65,434.79,512.00,480941.7260,4044484.5012,480941.8213,4044484.5639,9.53,6.27
tile_r019811_c010851,3,721,254.21,435.90,301.84,486.84,480941.4601,4044484.5515,480941.5554,4044484.6534,9.53,10.19
tile_r019811_c010851,3,724,164.25,396.21,199.09,424.70,480941.2802,4044484.6758,480941.3499,4044484.7328,6.97,5.70
tile_r019811_c010851,3,725,135.81,375.00,164.25,404.19,480941.2233,4044484.7168,480941.2802,4044484.7752,5.69,5.84
tile_r019811_c010851,3,723,336.90,351.90,375.42,389.30,480941.6255,4044484.7466,480941.7025,4044484.8214,7.70,7.48
tile_r019811_c010851,3,722,219.15,339.33,272.82,393.31,480941.3900,4044484.7386,480941.4974,4044484.8466,10.73,10.80
tile_r019811_c010851,3,726,103.40,300.22,139.78,336.10,480941.1585,4044484.8530,480941.2313,4044484.9248,7.28,7.18
tile_r019811_c010851,3,727,349.46,299.37,382.54,329.68,480941.6506,4044484.8659,480941.7168,4044484.9265,6.61,6.06
tile_r019811_c010851,3,728,350.13,174.16,401.06,222.05,480941.6520,4044485.0811,480941.7538,4044485.1769,10.19,9.58
tile_r019811_c010851,3,729,213.86,167.35,252.81,205.77,480941.3794,4044485.1137,480941.4573,4044485.1905,7.79,7.69
tile_r019811_c010851,3,734,143.75,168.67,182.55,194.81,480941.2392,4044485.1356,480941.3168,4044485.1879,7.76,5.23
tile_r019811_c010851,3,733,63.60,134.27,113.98,192.73,480941.0789,4044485.1397,480941.1797,4044485.2567,10.07,11.69
tile_r019811_c010851,3,730,297.87,110.46,330.69,146.28,480941.5474,4044485.2326,480941.6131,4044485.3043,6.56,7.16
tile_r019811_c010851,3,732,119.27,64.72,184.76,129.74,480941.1903,4044485.2657,480941.3212,4044485.3958,13.10,13.01
tile_r019811_c010851,3,735,26.66,62.83,77.60,113.77,480941.0050,4044485.2977,480941.1069,4044485.3995,10.19,10.19
tile_r019811_c010851,3,731,248.26,70.13,288.61,105.81,480941.4482,4044485.3136,480941.5289,4044485.3849,8.07,7.13
tile_r019811_c010851,3,738,16.96,0.00,52.46,24.09,480940.9856,4044485.4770,480941.0566,4044485.5252,7.10,4.82
tile_r019811_c011107,3,720,131.17,480.65,178.79,512.00,480941.7260,4044484.5012,480941.8213,4044484.5639,9.53,6.27
tile_r019811_c011107,3,721,0.00,435.90,45.84,486.84,480941.4637,4044484.5515,480941.5554,4044484.6534,9.17,10.19
tile_r019811_c011107,3,723,80.90,351.90,119.42,389.30,480941.6255,4044484.7466,480941.7025,4044484.8214,7.70,7.48
tile_r019811_c011107,3,801,478.51,427.48,512.00,478.53,480942.4207,4044484.5682,480942.4877,4044484.6703,6.70,10.21
tile_r019811_c011107,3,727,93.46,299.37,126.54,329.68,480941.6506,4044484.8659,480941.7168,4044484.9265,6.61,6.06
tile_r019811_c011107,3,806,377.43,250.86,410.33,284.47,480942.2186,4044484.9563,480942.2843,4044485.0235,6.58,6.72
tile_r019811_c011107,3,728,94.13,174.16,145.06,222.05,480941.6520,4044485.0811,480941.7538,4044485.1769,10.19,9.58
tile_r019811_c011107,3,808,421.88,183.65,452.05,203.76,480942.3075,4044485.1177,480942.3678,4044485.1579,6.03,4.02
tile_r019811_c011107,3,807,338.27,153.49,376.81,190.89,480942.1402,4044485.1434,480942.2173,4044485.2182,7.71,7.48
tile_r019811_c011107,3,730,41.87,110.46,74.69,146.28,480941.5474,4044485.2326,480941.6131,4044485.3043,6.56,7.16
tile_r019811_c011107,3,809,445.17,104.82,500.20,145.54,480942.3540,4044485.2341,480942.4641,4044485.3156,11.01,8.14
tile_r019811_c011107,3,731,0.00,70.13,32.61,105.81,480941.4637,4044485.3136,480941.5289,4044485.3849,6.52,7.13
tile_r019811_c011107,3,810,429.82,0.00,498.08,66.26,480942.3233,4044485.3927,480942.4599,4044485.5252,13.65,13.25
tile_r019811_c011363,3,801,222.51,427.48,279.66,478.53,480942.4207,4044484.5682,480942.5350,4044484.6703,11.43,10.21
tile_r019811_c011363,3,804,245.79,258.98,309.29,311.53,480942.4673,4044484.9022,480942.5943,4044485.0072,12.70,10.51
tile_r019811_c011363,3,806,121.43,250.86,154.33,284.47,480942.2186,4044484.9563,480942.2843,4044485.0235,6.58,6.72
tile_r019811_c011363,3,808,165.88,183.65,196.05,203.76,480942.3075,4044485.1177,480942.3678,4044485.1579,6.03,4.02
tile_r019811_c011363,3,807,82.27,153.49,120.81,190.89,480942.1402,4044485.1434,480942.2173,4044485.2182,7.71,7.48
tile_r019811_c011363,3,809,189.17,104.82,244.20,145.54,480942.3540,4044485.2341,480942.4641,4044485.3156,11.01,8.14
tile_r019811_c011363,3,810,173.82,0.00,242.08,66.26,480942.3233,4044485.3927,480942.4599,4044485.5252,13.65,13.25
tile_r019811_c011363,3,805,284.42,237.78,327.81,274.52,480942.5445,4044484.9762,480942.6313,4044485.0496,8.68,7.35
tile_r019811_c011363,3,847,447.45,5.97,485.42,37.25,480942.8706,4044485.4507,480942.9465,4044485.5133,7.59,6.26
tile_r019811_c011619,3,802,272.37,480.78,309.94,512.00,480943.0324,4044484.5012,480943.1076,4044484.5637,7.51,6.24
tile_r019811_c011619,3,803,320.00,480.52,351.19,512.00,480943.1277,4044484.5012,480943.1901,4044484.5642,6.24,6.30
tile_r019811_c011619,3,837,464.09,413.49,512.00,472.33,480943.4158,4044484.5806,480943.5117,4044484.6982,9.58,11.77
tile_r019811_c011619,3,838,422.28,378.14,456.15,435.82,480943.3322,4044484.6536,480943.4000,4044484.7689,6.77,11.54
tile_r019811_c011619,3,840,420.16,296.12,444.26,324.54,480943.3280,4044484.8761,480943.3762,4044484.9330,4.82,5.68
tile_r019811_c011619,3,841,350.84,269.54,404.82,308.93,480943.1894,4044484.9073,480943.2973,4044484.9861,10.80,7.88
tile_r019811_c011619,3,804,0.00,258.98,53.29,311.53,480942.4877,4044484.9022,480942.5943,4044485.0072,10.66,10.51
tile_r019811_c011619,3,805,28.42,237.78,71.81,274.52,480942.5445,4044484.9762,480942.6313,4044485.0496,8.68,7.35
tile_r019811_c011619,3,842,275.70,167.37,325.97,206.32,480943.0391,4044485.1126,480943.1396,4044485.1905,10.05,7.79
tile_r019811_c011619,3,843,470.44,146.89,512.00,179.98,480943.4285,4044485.1653,480943.5117,4044485.2314,8.31,6.62
tile_r019811_c011619,3,845,285.65,71.59,317.57,113.43,480943.0590,4044485.2984,480943.1228,4044485.3820,6.38,8.37
tile_r019811_c011619,3,847,191.45,5.97,229.42,37.25,480942.8706,4044485.4507,480942.9465,4044485.5133,7.59,6.26
tile_r019811_c011619,3,844,399.90,4.38,450.27,36.66,480943.2875,4044485.4519,480943.3882,4044485.5164,10.08,6.46
tile_r020067_c006499,1,2,175.52,492.38,193.79,512.00,480932.5989,4044483.9892,480932.6355,4044484.0285,3.65,3.92
tile_r020067_c006499,1,200,419.12,471.43,454.28,495.30,480933.0861,4044484.0226,480933.1565,4044484.0704,7.03,4.77
tile_r020067_c006499,1,201,451.27,426.02,500.88,468.03,480933.1504,4044484.0772,480933.2496,4044484.1612,9.92,8.40
tile_r020067_c006499,1,5,87.07,427.45,117.84,458.86,480932.4220,4044484.0955,480932.4836,4044484.1583,6.15,6.28
tile_r020067_c006499,1,203,328.37,384.82,351.52,407.30,480932.9046,4044484.1986,480932.9509,4044484.2436,4.63,4.50
tile_r020067_c006499,1,6,0.00,452.58,16.89,474.40,480932.2479,4044484.0644,480932.2817,4044484.1081,3.38,4.36
tile_r020067_c006499,1,9,21.91,381.79,53.27,420.88,480932.2917,4044484.1715,480932.3544,4044484.2496,6.27,7.82
tile_r020067_c006499,1,10,129.47,354.80,160.70,386.40,480932.5068,4044484.2404,480932.5693,4044484.3036,6.25,6.32
tile_r020067_c006499,1,204,407.09,351.57,432.55,373.41,480933.0621,4044484.2664,480933.1130,4044484.3101,5.09,4.37
tile_r020067_c006499,1,11,110.73,332.04,130.22,355.86,480932.4694,4044484.3015,480932.5083,4044484.3491,3.90,4.76
tile_r020067_c006499,1,206,413.04,284.77,453.62,320.67,480933.0740,4044484.3719,480933.1551,4044484.4437,8.12,7.18
tile_r020067_c006499,1,208,359.13,220.94,398.26,258.39,480932.9661,4044484.4964,480933.0444,4044484.5713,7.83,7.49
tile_r020067_c006499,1,12,50.62,188.64,97.47,247.92,480932.3491,4044484.5174,480932.4428,4044484.6359,9.37,11.86
tile_r020067_c006499,1,207,411.72,186.54,456.82,229.08,480933.0713,4044484.5551,480933.1615,4044484.6401,9.02,8.51
tile_r020067_c006499,1,209,345.57,194.52,373.35,220.23,480932.9390,4044484.5728,480932.9946,4044484.6242,5.56,5.14
tile_r020067_c006499,1,210,473.89,156.11,499.29,180.09,480933.1957,4044484.6530,480933.2465,4044484.7010,5.08,4.79
tile_r020067_c006499,1,211,454.71,67.81,495.80,108.77,480933.1573,4044484.7957,480933.2395,4044484.8776,8.22,8.19
tile_r020067_c006499,1,212,369.38,42.13,426.27,91.17,480932.9867,4044484.8309,480933.1004,4044484.9290,11.38,9.81
tile_r020067_c006499,1,213,275.78,40.02,314.00,75.46,480932.7995,4044484.8623,480932.8759,4044484.9332,7.64,7.09
tile_r020067_c006499,1,214,203.68,36.72,241.24,76.74,480932.6553,4044484.8597,480932.7304,4044484.9398,7.51,8.01
tile_r020067_c006499,1,216,319.11,0.00,353.51,29.85,480932.8861,4044484.9535,480932.9549,4044485.0132,6.88,5.97
tile_r020067_c006755,1,200,163.12,471.43,198.28,495.30,480933.0861,4044484.0226,480933.1565,4044484.0704,7.03,4.77
tile_r020067_c006755,1,202,300.84,430.55,338.90,469.01,480933.3616,4044484.0752,480933.4377,4044484.1521,7.61,7.69
tile_r020067_c006755,1,201,195.27,426.02,244.88,468.03,480933.1504,4044484.0772,480933.2496,4044484.1612,9.92,8.40
tile_r020067_c006755,1,203,72.37,384.82,95.52,407.30,480932.9046,4044484.1986,480932.9509,4044484.2436,4.63,4.50
tile_r020067_c006755,1,204,151.09,351.57,176.55,373.41,480933.0621,4044484.2664,480933.1130,4044484.3101,5.09,4.37
tile_r020067_c006755,1,205,253.95,304.28,297.71,345.30,480933.2678,4044484.3226,480933.3553,4044484.4047,8.75,8.20
tile_r020067_c006755,1,206,157.04,284.77,197.62,320.67,480933.0740,4044484.3719,480933.1551,4044484.4437,8.12,7.18
tile_r020067_c006755,1,208,103.13,220.94,142.26,258.39,480932.9661,4044484.4964,480933.0444,4044484.5713,7.83,7.49
tile_r020067_c006755,1,207,155.72,186.54,200.82,229.08,480933.0713,4044484.5551,480933.1615,4044484.6401,9.02,8.51
tile_r020067_c006755,1,209,89.57,194.52,117.35,220.23,480932.9390,4044484.5728,480932.9946,4044484.6242,5.56,5.14
tile_r020067_c006755,1,210,217.89,156.11,243.29,180.09,480933.1957,4044484.6530,480933.2465,4044484.7010,5.08,4.79
tile_r020067_c006755,1,211,198.71,67.81,239.80,108.77,480933.1573,4044484.7957,480933.2395,4044484.8776,8.22,8.19
tile_r020067_c006755,1,212,113.38,42.13,170.27,91.17,480932.9867,4044484.8309,480933.1004,4044484.9290,11.38,9.81
tile_r020067_c006755,1,213,19.78,40.02,58.00,75.46,480932.7995,4044484.8623,480932.8759,4044484.9332,7.64,7.09
tile_r020067_c006755,1,216,63.11,0.00,97.51,29.85,480932.8861,4044484.9535,480932.9549,4044485.0132,6.88,5.97
tile_r020067_c007011,1,282,405.97,192.82,458.89,234.26,480934.0838,4044484.5447,480934.1896,4044484.6276,10.58,8.29
tile_r020067_c007011,1,286,473.18,115.35,512.00,159.32,480934.2182,4044484.6946,480934.2959,4044484.7825,7.76,8.79
tile_r020067_c007011,1,285,399.62,59.82,462.07,128.07,480934.0711,4044484.7571,480934.1960,4044484.8936,12.49,13.65
tile_r020067_c007011,1,276,375.96,477.95,407.03,511.09,480934.0238,4044483.9910,480934.0859,4044484.0573,6.22,6.63
tile_r020067_c007011,1,202,44.84,430.55,82.90,469.01,480933.3616,4044484.0752,480933.4377,4044484.1521,7.61,7.69
tile_r020067_c007011,1,278,363.11,404.04,398.46,438.17,480933.9981,4044484.1369,480934.0688,4044484.2051,7.07,6.83
tile_r020067_c007011,1,205,0.00,304.28,41.71,345.30,480933.2719,4044484.3226,480933.3553,4044484.4047,8.34,8.20
tile_r020067_c007011,1,279,361.19,307.73,399.62,339.43,480933.9942,4044484.3344,480934.0711,4044484.3978,7.69,6.34
tile_r020067_c007011,1,281,371.58,272.81,395.28,291.87,480934.0150,4044484.4295,480934.0624,4044484.4676,4.74,3.81
tile_r020067_c007011,1,280,259.92,256.93,300.85,292.69,480933.7917,4044484.4278,480933.8736,4044484.4994,8.19,7.15
tile_r020067_c007011,1,283,311.78,171.73,343.20,203.80,480933.8954,4044484.6056,480933.9583,4044484.6697,6.28,6.41
tile_r020067_c007011,1,284,279.50,86.10,317.60,118.72,480933.8309,4044484.7758,480933.9071,4044484.8410,7.62,6.52
tile_r020067_c007267,1,274,242.59,480.34,287.52,512.00,480934.2690,4044483.9892,480934.3589,4044484.0526,8.99,6.33
tile_r020067_c007267,1,275,275.14,441.44,320.98,489.61,480934.3341,4044484.0340,480934.4258,4044484.1303,9.17,9.63
tile_r020067_c007267,1,329,480.95,375.09,512.00,417.96,480934.7457,4044484.1773,480934.8079,4044484.2630,6.21,8.57
tile_r020067_c007267,1,330,428.33,359.22,462.50,395.66,480934.6405,4044484.2219,480934.7088,4044484.2948,6.83,7.29
tile_r020067_c007267,1,332,448.21,251.79,495.70,289.41,480934.6803,4044484.4344,480934.7753,4044484.5096,9.50,7.52
tile_r020067_c007267,1,335,449.80,212.32,472.02,238.35,480934.6834,4044484.5365,480934.7279,4044484.5886,4.45,5.21
tile_r020067_c007267,1,282,149.97,192.82,202.89,234.26,480934.0838,4044484.5447,480934.1896,4044484.6276,10.58,8.29
tile_r020067_c007267,1,336,375.18,157.03,432.86,195.21,480934.5342,4044484.6228,480934.6496,4044484.6992,11.54,7.64
tile_r020067_c007267,1,286,217.18,115.35,265.33,159.32,480934.2182,4044484.6946,480934.3145,4044484.7825,9.63,8.79
tile_r020067_c007267,1,285,143.62,59.82,206.07,128.07,480934.0711,4044484.7571,480934.1960,4044484.8936,12.49,13.65
tile_r020067_c007267,1,337,481.55,40.12,512.00,91.15,480934.7469,4044484.8309,480934.8079,4044484.9330,6.09,10.20
tile_r020067_c007267,1,276,119.96,477.95,151.03,511.09,480934.0238,4044483.9910,480934.0859,4044484.0573,6.22,6.63
tile_r020067_c007267,1,278,107.11,404.04,142.46,438.17,480933.9981,4044484.1369,480934.0688,4044484.2051,7.07,6.83
tile_r020067_c007267,1,279,105.19,307.73,143.62,339.43,480933.9942,4044484.3344,480934.0711,4044484.3978,7.69,6.34
tile_r020067_c007267,1,281,115.58,272.81,139.28,291.87,480934.0150,4044484.4295,480934.0624,4044484.4676,4.74,3.81
tile_r020067_c007267,1,280,3.92,256.93,44.85,292.69,480933.7917,4044484.4278,480933.8736,4044484.4994,8.19,7.15
tile_r020067_c007267,1,283,55.78,171.73,87.20,203.80,480933.8954,4044484.6056,480933.9583,4044484.6697,6.28,6.41
tile_r020067_c007267,1,284,23.50,86.10,61.60,118.72,480933.8309,4044484.7758,480933.9071,4044484.8410,7.62,6.52
tile_r020067_c007267,1,338,330.73,30.60,386.93,79.65,480934.4453,4044484.8539,480934.5577,4044484.9520,11.24,9.81
tile_r020067_c008035,2,374,200.13,439.77,246.83,494.01,480935.7201,4044484.0252,480935.8135,4044484.1337,9.34,10.85
tile_r020067_c008035,2,373,314.36,438.44,362.06,482.57,480935.9485,4044484.0481,480936.0439,4044484.1363,9.54,8.83
tile_r020067_c008035,2,377,108.05,324.73,163.73,373.27,480935.5359,4044484.2667,480935.6473,4044484.3638,11.13,9.71
tile_r020067_c008035,2,376,151.05,301.22,190.08,339.52,480935.6219,4044484.3342,480935.7000,4044484.4108,7.81,7.66
tile_r020067_c008035,2,380,150.92,215.10,191.93,257.89,480935.6217,4044484.4974,480935.7037,4044484.5830,8.20,8.56
tile_r020067_c008035,2,375,276.07,357.08,320.31,404.68,480935.8720,4044484.2039,480935.9604,4044484.2991,8.85,9.52
tile_r020067_c008035,2,379,204.50,197.80,240.05,239.51,480935.7288,4044484.5342,480935.7999,4044484.6176,7.11,8.34
tile_r020067_c008035,2,381,80.80,119.75,128.44,168.04,480935.4814,4044484.6771,480935.5767,4044484.7737,9.53,9.66
tile_r020067_c008035,2,382,0.00,84.94,32.51,132.06,480935.3198,4044484.7491,480935.3849,4044484.8433,6.50,9.42
tile_r020067_c008035,2,386,244.85,113.13,272.36,140.93,480935.8095,4044484.7314,480935.8646,4044484.7869,5.50,5.56
tile_r020067_c008035,2,387,214.42,0.00,238.69,21.25,480935.7487,4044484.9707,480935.7972,4044485.0132,4.86,4.25
tile_r020067_c008291,2,431,431.67,477.46,480.88,512.00,480936.6951,4044483.9892,480936.7936,4044484.0583,9.84,6.91
tile_r020067_c008291,2,373,58.36,438.44,106.06,482.57,480935.9485,4044484.0481,480936.0439,4044484.1363,9.54,8.83
tile_r020067_c008291,2,432,330.04,415.54,373.46,448.99,480936.4919,4044484.1152,480936.5787,4044484.1821,8.68,6.69
tile_r020067_c008291,2,433,401.18,371.62,452.10,406.02,480936.6342,4044484.2012,480936.7360,4044484.2700,10.18,6.88
tile_r020067_c008291,2,375,20.07,357.08,64.31,404.68,480935.8720,4044484.2039,480935.9604,4044484.2991,8.85,9.52
tile_r020067_c008291,2,437,286.67,293.31,330.53,336.76,480936.4052,4044484.3397,480936.4929,4044484.4266,8.77,8.69
tile_r020067_c008291,2,435,470.83,265.77,512.00,331.42,480936.7735,4044484.3504,480936.8558,4044484.4817,8.23,13.13
tile_r020067_c008291,2,436,381.93,216.10,438.55,272.08,480936.5957,4044484.4691,480936.7089,4044484.5810,11.32,11.20
tile_r020067_c008291,2,438,304.77,196.47,336.95,222.40,480936.4414,4044484.5684,480936.5057,4044484.6203,6.43,5.19
tile_r020067_c008291,2,439,360.23,120.27,404.21,163.09,480936.5523,4044484.6870,480936.6402,4044484.7727,8.79,8.56
tile_r020067_c008291,2,386,0.00,113.13,16.36,140.93,480935.8318,4044484.7314,480935.8646,4044484.7869,3.27,5.56
tile_r020067_c008291,2,440,421.61,92.53,468.71,135.83,480936.6750,4044484.7416,480936.7692,4044484.8282,9.42,8.66
tile_r020067_c008291,2,441,305.20,54.12,344.53,92.30,480936.4422,4044484.8286,480936.5209,4044484.9050,7.87,7.64
tile_r020067_c008291,2,442,368.17,18.99,411.03,55.38,480936.5681,4044484.9024,480936.6539,4044484.9752,8.57,7.28
tile_r020067_c008547,2,431,175.67,477.46,224.88,512.00,480936.6951,4044483.9892,480936.7936,4044484.0583,9.84,6.91
tile_r020067_c008547,2,434,277.27,434.60,315.16,472.27,480936.8983,4044484.0687,480936.9741,4044484.1440,7.58,7.54
tile_r020067_c008547,2,432,74.04,415.54,117.46,448.99,480936.4919,4044484.1152,480936.5787,4044484.1821,8.68,6.69
tile_r020067_c008547,2,433,145.18,371.62,196.10,406.02,480936.6342,4044484.2012,480936.7360,4044484.2700,10.18,6.88
tile_r020067_c008547,2,437,30.67,293.31,74.53,336.76,480936.4052,4044484.3397,480936.4929,4044484.4266,8.77,8.69
tile_r020067_c008547,2,435,214.83,265.77,278.86,331.42,480936.7735,4044484.3504,480936.9015,4044484.4817,12.81,13.13
tile_r020067_c008547,2,436,125.93,216.10,182.55,272.08,480936.5957,4044484.4691,480936.7089,4044484.5810,11.32,11.20
tile_r020067_c008547,2,438,48.77,196.47,80.95,222.40,480936.4414,4044484.5684,480936.5057,4044484.6203,6.43,5.19
tile_r020067_c008547,2,439,104.23,120.27,148.21,163.09,480936.5523,4044484.6870,480936.6402,4044484.7727,8.79,8.56
tile_r020067_c008547,2,495,474.18,100.90,512.00,138.60,480937.2922,4044484.7360,480937.3678,4044484.8114,7.56,7.54
tile_r020067_c008547,2,440,165.61,92.53,212.71,135.83,480936.6750,4044484.7416,480936.7692,4044484.8282,9.42,8.66
tile_r020067_c008547,2,441,49.20,54.12,88.53,92.30,480936.4422,4044484.8286,480936.5209,4044484.9050,7.87,7.64
tile_r020067_c008547,2,442,112.17,18.99,155.03,55.38,480936.5681,4044484.9024,480936.6539,4044484.9752,8.57,7.28
tile_r020067_c008803,2,487,466.62,422.19,512.00,479.18,480937.7890,4044484.0549,480937.8798,4044484.1689,9.07,11.40
tile_r020067_c008803,2,486,400.48,425.08,440.69,463.58,480937.6567,4044484.0861,480937.7372,4044484.1631,8.04,7.70
tile_r020067_c008803,2,490,438.34,318.39,496.92,361.60,480937.7325,4044484.2900,480937.8496,4044484.3764,11.72,8.64
tile_r020067_c008803,2,434,21.27,434.60,59.16,472.27,480936.8983,4044484.0687,480936.9741,4044484.1440,7.58,7.54
tile_r020067_c008803,2,491,353.16,219.96,400.17,257.27,480937.5621,4044484.4987,480937.6561,4044484.5733,9.40,7.46
tile_r020067_c008803,2,492,429.45,205.96,502.48,262.54,480937.7147,4044484.4881,480937.8607,4044484.6013,14.61,11.32
tile_r020067_c008803,2,494,402.46,62.01,479.06,128.28,480937.6607,4044484.7567,480937.8139,4044484.8892,15.32,13.25
tile_r020067_c008803,2,495,218.18,100.90,257.72,138.60,480937.2922,4044484.7360,480937.3712,4044484.8114,7.91,7.54
tile_r020067_c009059,2,488,287.36,467.62,373.04,512.00,480937.9425,4044483.9892,480938.1139,4044484.0780,17.14,8.88
tile_r020067_c009059,2,487,210.62,422.19,269.36,479.18,480937.7890,4044484.0549,480937.9065,4044484.1689,11.75,11.40
tile_r020067_c009059,2,486,144.48,425.08,184.69,463.58,480937.6567,4044484.0861,480937.7372,4044484.1631,8.04,7.70
tile_r020067_c009059,2,489,249.49,343.39,283.95,375.94,480937.8668,4044484.2613,480937.9357,4044484.3264,6.89,6.51
tile_r020067_c009059,2,490,182.34,318.39,240.92,361.60,480937.7325,4044484.2900,480937.8496,4044484.3764,11.72,8.64
tile_r020067_c009059,2,491,97.16,219.96,144.17,257.27,480937.5621,4044484.4987,480937.6561,4044484.5733,9.40,7.46
tile_r020067_c009059,2,492,173.45,205.96,246.48,262.54,480937.7147,4044484.4881,480937.8607,4044484.6013,14.61,11.32
tile_r020067_c009059,2,493,248.46,152.26,315.93,217.82,480937.8647,4044484.5776,480937.9996,4044484.7087,13.49,13.11
tile_r020067_c009059,2,546,459.53,120.02,512.00,163.28,480938.2868,4044484.6867,480938.3918,4044484.7732,10.49,8.65
tile_r020067_c009059,2,494,146.46,62.01,223.06,128.28,480937.6607,4044484.7567,480937.8139,4044484.8892,15.32,13.25
tile_r020067_c010083,3,610,37.72,434.54,111.19,503.25,480939.4912,4044484.0067,480939.6381,4044484.1441,14.69,13.74
tile_r020067_c010083,3,606,254.42,432.16,313.65,475.45,480939.9246,4044484.0623,480940.0430,4044484.1489,11.85,8.66
tile_r020067_c010083,3,607,175.84,345.64,240.40,394.59,480939.7674,4044484.2240,480939.8965,4044484.3219,12.91,9.79
tile_r020067_c010083,3,608,40.90,297.20,95.67,372.65,480939.4975,4044484.2679,480939.6071,4044484.4188,10.95,15.09
tile_r020067_c010083,3,611,0.00,184.51,52.80,216.34,480939.4158,4044484.5805,480939.5214,4044484.6442,10.56,6.37
tile_r020067_c010083,3,613,0.00,104.31,26.61,150.41,480939.4158,4044484.7124,480939.4690,4044484.8046,5.32,9.22
tile_r020067_c010083,3,665,433.87,60.67,478.09,101.38,480940.2835,4044484.8105,480940.3719,4044484.8919,8.84,8.14
tile_r020067_c010083,3,614,86.14,14.38,155.99,76.82,480939.5880,4044484.8596,480939.7277,4044484.9845,13.97,12.49
tile_r020323_c006755,1,194,323.47,484.75,373.08,512.00,480933.4068,4044483.4772,480933.5060,4044483.5317,9.92,5.45
tile_r020323_c006755,1,195,319.50,399.67,360.77,436.41,480933.3989,4044483.6284,480933.4814,4044483.7019,8.26,7.35
tile_r020323_c006755,1,198,183.37,338.86,219.42,380.96,480933.1266,4044483.7393,480933.1987,4044483.8235,7.21,8.42
tile_r020323_c006755,1,197,254.81,321.80,291.90,361.18,480933.2695,4044483.7789,480933.3437,4044483.8576,7.42,7.88
tile_r020323_c006755,1,196,295.68,270.03,342.91,320.38,480933.3512,4044483.8605,480933.4457,4044483.9612,9.45,10.07
tile_r020323_c006755,1,199,140.50,259.49,185.51,309.11,480933.0409,4044483.8830,480933.1309,4044483.9823,9.00,9.92
tile_r020323_c006755,1,200,163.12,215.43,198.28,239.30,480933.0861,4044484.0226,480933.1565,4044484.0704,7.03,4.77
tile_r020323_c006755,1,202,300.84,174.55,338.90,213.01,480933.3616,4044484.0752,480933.4377,4044484.1521,7.61,7.69
tile_r020323_c006755,1,201,195.27,170.02,244.88,212.03,480933.1504,4044484.0772,480933.2496,4044484.1612,9.92,8.40
tile_r020323_c006755,1,203,72.37,128.82,95.52,151.30,480932.9046,4044484.1986,480932.9509,4044484.2436,4.63,4.50
tile_r020323_c006755,1,204,151.09,95.57,176.55,117.41,480933.0621,4044484.2664,480933.1130,4044484.3101,5.09,4.37
tile_r020323_c006755,1,205,253.95,48.28,297.71,89.30,480933.2678,4044484.3226,480933.3553,4044484.4047,8.75,8.20
tile_r020323_c006755,1,206,157.04,28.77,197.62,64.67,480933.0740,4044484.3719,480933.1551,4044484.4437,8.12,7.18
tile_r020323_c007011,1,269,452.55,471.20,491.26,512.00,480934.1770,4044483.4772,480934.2544,4044483.5588,7.74,8.16
tile_r020323_c007011,1,270,458.11,387.06,494.94,424.52,480934.1881,4044483.6522,480934.2617,4044483.7271,7.37,7.49
tile_r020323_c007011,1,273,478.35,303.71,505.34,330.70,480934.2286,4044483.8398,480934.2825,4044483.8938,5.40,5.40
tile_r020323_c007011,1,194,67.47,484.75,117.08,512.00,480933.4068,4044483.4772,480933.5060,4044483.5317,9.92,5.45
tile_r020323_c007011,1,195,63.50,399.67,104.77,436.41,480933.3989,4044483.6284,480933.4814,4044483.7019,8.26,7.35
tile_r020323_c007011,1,197,0.00,321.80,35.90,361.18,480933.2719,4044483.7789,480933.3437,4044483.8576,7.18,7.88
tile_r020323_c007011,1,277,392.23,320.38,414.29,340.39,480934.0563,4044483.8205,480934.1004,4044483.8605,4.41,4.00
tile_r020323_c007011,1,196,39.68,270.03,86.91,320.38,480933.3512,4044483.8605,480933.4457,4044483.9612,9.45,10.07
tile_r020323_c007011,1,276,375.96,221.95,407.03,255.09,480934.0238,4044483.9910,480934.0859,4044484.0573,6.22,6.63
tile_r020323_c007011,1,202,44.84,174.55,82.90,213.01,480933.3616,4044484.0752,480933.4377,4044484.1521,7.61,7.69
tile_r020323_c007011,1,278,363.11,148.04,398.46,182.17,480933.9981,4044484.1369,480934.0688,4044484.2051,7.07,6.83
tile_r020323_c007011,1,205,0.00,48.28,41.71,89.30,480933.2719,4044484.3226,480933.3553,4044484.4047,8.34,8.20
tile_r020323_c007011,1,279,361.19,51.73,399.62,83.43,480933.9942,4044484.3344,480934.0711,4044484.3978,7.69,6.34
tile_r020323_c007011,1,281,371.58,16.81,395.28,35.87,480934.0150,4044484.4295,480934.0624,4044484.4676,4.74,3.81
tile_r020323_c007011,1,280,259.92,0.93,300.85,36.69,480933.7917,4044484.4278,480933.8736,4044484.4994,8.19,7.15
tile_r020323_c007267,1,268,314.43,475.96,357.46,512.00,480934.4127,4044483.4772,480934.4988,4044483.5493,8.61,7.21
tile_r020323_c007267,1,269,196.55,471.20,235.26,512.00,480934.1770,4044483.4772,480934.2544,4044483.5588,7.74,8.16
tile_r020323_c007267,1,270,202.11,387.06,238.94,424.52,480934.1881,4044483.6522,480934.2617,4044483.7271,7.37,7.49
tile_r020323_c007267,1,272,323.56,350.22,377.14,389.76,480934.4310,4044483.7217,480934.5381,4044483.8008,10.72,7.91
tile_r020323_c007267,1,271,276.72,341.42,318.25,380.66,480934.3373,4044483.7399,480934.4204,4044483.8184,8.31,7.85
tile_r020323_c007267,1,273,222.35,303.71,249.34,330.70,480934.2286,4044483.8398,480934.2825,4044483.8938,5.40,5.40
tile_r020323_c007267,1,274,242.59,224.34,287.52,272.79,480934.2690,4044483.9556,480934.3589,4044484.0526,8.99,9.69
tile_r020323_c007267,1,275,275.14,185.44,320.98,233.61,480934.3341,4044484.0340,480934.4258,4044484.1303,9.17,9.63
tile_r020323_c007267,1,329,480.95,119.09,512.00,161.96,480934.7457,4044484.1773,480934.8079,4044484.2630,6.21,8.57
tile_r020323_c007267,1,330,428.33,103.22,462.50,139.66,480934.6405,4044484.2219,480934.7088,4044484.2948,6.83,7.29
tile_r020323_c007267,1,332,448.21,0.00,495.70,33.41,480934.6803,4044484.4344,480934.7753,4044484.5012,9.50,6.68
tile_r020323_c007267,1,277,136.23,320.38,158.29,340.39,480934.0563,4044483.8205,480934.1004,4044483.8605,4.41,4.00
tile_r020323_c007267,1,276,119.96,221.95,151.03,255.09,480934.0238,4044483.9910,480934.0859,4044484.0573,6.22,6.63
tile_r020323_c007267,1,278,107.11,148.04,142.46,182.17,480933.9981,4044484.1369,480934.0688,4044484.2051,7.07,6.83
tile_r020323_c007267,1,279,105.19,51.73,143.62,83.43,480933.9942,4044484.3344,480934.0711,4044484.3978,7.69,6.34
tile_r020323_c007267,1,281,115.58,16.81,139.28,35.87,480934.0150,4044484.4295,480934.0624,4044484.4676,4.74,3.81
tile_r020323_c007267,1,280,3.92,0.93,44.85,36.69,480933.7917,4044484.4278,480933.8736,4044484.4994,8.19,7.15
tile_r020323_c008035,2,321,4.60,446.12,44.33,488.68,480935.3290,4044483.5239,480935.4085,4044483.6090,7.95,8.51
tile_r020323_c008035,2,372,442.10,355.09,481.73,420.99,480936.2040,4044483.6592,480936.2833,4044483.7911,7.93,13.18
tile_r020323_c008035,2,371,374.71,319.37,425.47,372.95,480936.0693,4044483.7553,480936.1708,4044483.8625,10.15,10.72
tile_r020323_c008035,2,374,200.13,183.77,246.83,238.01,480935.7201,4044484.0252,480935.8135,4044484.1337,9.34,10.85
tile_r020323_c008035,2,373,314.36,182.44,362.06,226.57,480935.9485,4044484.0481,480936.0439,4044484.1363,9.54,8.83
tile_r020323_c008035,2,378,164.94,291.59,203.87,328.54,480935.6497,4044483.8441,480935.7276,4044483.9181,7.79,7.39
tile_r020323_c008035,2,377,108.05,68.73,163.73,117.27,480935.5359,4044484.2667,480935.6473,4044484.3638,11.13,9.71
tile_r020323_c008035,2,376,151.05,45.22,190.08,83.52,480935.6219,4044484.3342,480935.7000,4044484.4108,7.81,7.66
tile_r020323_c008035,2,375,276.07,101.08,320.31,148.68,480935.8720,4044484.2039,480935.9604,4044484.2991,8.85,9.52
