tile,fold,x0,y0,x1,y1,score
tile_r018019_c008291,2,189.16067504882807,113.9020004272461,244.07742309570312,165.5372314453125,0.700083315372467
tile_r018019_c008291,2,145.16622924804688,429.6681213378906,198.6255340576172,481.8126525878906,0.6975893974304199
tile_r018019_c008291,2,255.4368133544922,320.78155517578125,313.13916015625,372.032470703125,0.6897541880607605
tile_r018019_c008291,2,310.4276123046875,125.9002456665039,349.3343505859375,163.62338256835938,0.6703407168388367
tile_r018019_c008291,2,112.22215270996094,205.64242553710935,156.97128295898438,246.8349151611328,0.6647379398345947
tile_r018019_c008291,2,273.1235046386719,398.4583129882813,325.6056823730469,446.3065490722656,0.6437631249427795
tile_r018019_c008291,2,183.4873504638672,263.61090087890625,255.25912475585935,321.53643798828125,0.6311524510383606
tile_r018019_c008291,2,351.3431091308594,457.6504821777344,401.1741333007813,502.8843688964844,0.6254442930221558
tile_r018019_c008291,2,230.549072265625,54.8321418762207,280.7816467285156,109.48992919921876,0.6084114909172058
tile_r018019_c008291,2,347.45831298828125,175.99282836914062,382.1453247070313,209.51919555664065,0.6075831055641174
tile_r018019_c008291,2,57.7070426940918,134.30911254882812,101.10060119628906,170.90560913085938,0.6046364307403564
tile_r018019_c008291,2,365.68450927734375,271.015869140625,408.913330078125,313.8385314941406,0.6005436182022095
tile_r018019_c008291,2,180.40174865722656,367.2007751464844,221.1356506347656,405.31842041015625,0.5569192171096802
tile_r018019_c008291,2,108.63858795166016,-1.8698303699493408,159.58949279785156,25.2821044921875,0.4002974927425384
tile_r018019_c008291,2,237.25064086914065,58.11855316162109,275.107666015625,93.7181167602539,0.2321674674749374
tile_r018019_c008291,2,369.326904296875,275.0384826660156,405.7150268554688,310.11932373046875,0.1900812238454818
tile_r018019_c008291,2,53.47785568237305,128.72628784179688,104.78218841552734,173.8917694091797,0.0988219007849693
tile_r018019_c008291,2,348.8896484375,180.4456787109375,378.5154418945313,207.19998168945312,0.0954902917146682
tile_r018019_c008291,2,150.4284210205078,433.91796875,195.1875915527344,477.4415893554688,0.0785744488239288
tile_r018019_c008291,2,182.7574157714844,371.4840393066406,215.2481384277344,402.2296447753906,0.0676474869251251
tile_r018019_c008291,2,312.548583984375,129.9528350830078,344.87213134765625,160.0498809814453,0.0659859180450439
tile_r018019_c008291,2,140.0494842529297,422.9679565429688,204.3644256591797,485.9605407714844,0.065509520471096
tile_r018019_c008291,2,175.9547119140625,360.8463745117188,230.7310791015625,407.7446899414063,0.0493864156305789
tile_r018019_c008291,2,63.65484619140625,36.66719818115234,117.39312744140624,95.48258209228516,0.046053297817707
tile_r018019_c008291,2,112.2085418701172,0.1539062559604644,151.70693969726562,22.7812442779541,0.0386782474815845
tile_r018019_c008291,2,343.8616027832031,169.000244140625,387.2658081054688,211.9253845214844,0.0358649976551532
tile_r018019_c008291,2,259.7076721191406,326.13671875,304.9668884277344,367.6280212402344,0.0323243327438831
tile_r018019_c008291,2,265.32257080078125,390.9470825195313,331.7255249023437,452.5135803222656,0.0260676629841327
tile_r018019_c008291,2,250.3124542236328,311.816162109375,319.262451171875,376.66595458984375,0.0236331112682819
tile_r018019_c008291,2,357.47662353515625,461.4137268066406,399.3074645996094,498.417236328125,0.0230851396918296
tile_r018019_c008291,2,361.469970703125,265.97711181640625,413.601318359375,319.1839599609375,0.0216541104018688
tile_r018019_c008291,2,344.7215270996094,448.7530212402344,408.09661865234375,509.8615112304688,0.0182035192847251
tile_r018019_c008291,2,102.96003723144533,-3.784938097000122,167.1931915283203,29.474950790405277,0.0179405510425567
tile_r018019_c008291,2,238.0160217285156,61.757850646972656,275.8219299316406,105.7962875366211,0.0170067548751831
tile_r018019_c008291,2,278.7594299316406,405.9623107910156,323.122314453125,443.37109375,0.0163870994001626
tile_r018019_c008291,2,106.5764389038086,197.2021942138672,163.7942657470703,253.9813537597656,0.0161398742347955
tile_r018019_c008291,2,115.22834777832033,211.28076171875,153.00991821289062,244.5182647705078,0.0156336743384599
tile_r018019_c008291,2,68.244140625,41.1682243347168,115.4056396484375,86.64665222167969,0.0122428843751549
tile_r018019_c008291,2,61.37786865234375,138.28121948242188,97.34964752197266,168.3347930908203,0.0090337796136736
tile_r018019_c008291,2,183.5474548339844,108.619384765625,249.4134826660156,171.2965087890625,0.0089604202657938
tile_r018019_c008291,2,188.974365234375,270.9264221191406,251.6464385986328,315.3577575683594,0.0080185681581497
tile_r018019_c008291,2,177.37777709960938,251.39193725585935,264.175537109375,331.822509765625,0.0050108428113162
tile_r018019_c008291,2,304.42120361328125,115.0015106201172,355.2974548339844,171.3696746826172,0.0049730376340448
tile_r018019_c008291,2,354.9491271972656,465.9496154785156,392.5396423339844,498.3724670410156,0.0049292161129415
tile_r018019_c008291,2,336.2889709472656,164.52349853515625,395.0660095214844,224.39242553710935,0.004883708897978
tile_r018019_c008291,2,222.0906524658203,43.911598205566406,293.2153015136719,116.87001037597656,0.0040562120266258
tile_r018019_c008291,2,59.39840698242188,33.72150802612305,128.0848388671875,102.3712158203125,0.0039648320525884
tile_r018019_c008291,2,187.08447265625,272.8206481933594,234.270263671875,313.416259765625,0.0034591453149914
tile_r018019_c008291,2,194.9979248046875,120.4703598022461,239.01834106445312,161.71240234375,0.0032174414955079
tile_r018019_c008291,2,101.93196105957033,-12.800000190734863,169.0477294921875,23.15549659729004,0.0026822506915777
tile_r018019_c008291,2,172.2319793701172,352.4654846191406,239.49887084960935,415.24908447265625,0.0024722667876631
tile_r018019_c008291,2,46.5141716003418,116.1791534423828,118.63059997558594,182.05648803710935,0.002372252754867
tile_r018019_c008291,2,175.76475524902344,98.5104522705078,254.9413146972656,181.2288055419922,0.0023515676148235
tile_r018019_c008291,2,48.95842361450195,500.318359375,102.0133819580078,512.7931518554688,0.002242914866656
tile_r018019_c008291,2,355.1776733398437,253.1780242919922,420.8308715820313,329.28582763671875,0.0022263857536017
tile_r018019_c008291,2,-11.527801513671877,494.5386657714844,1.5338363647460938,524.7999877929688,0.0021867747418582
tile_r018019_c008291,2,58.738525390625,136.7600555419922,90.9241943359375,165.3999481201172,0.0021808645687997
tile_r018019_c008291,2,317.82373046875,515.8970947265625,395.841552734375,524.7999877929688,0.0018911735387519
tile_r018019_c008291,2,239.1165313720703,59.98234939575195,270.7646789550781,88.4046630859375,0.0018448900664225
tile_r018019_c008291,2,-11.554620742797852,475.2251892089844,-2.216143846511841,518.3968505859375,0.0017726675141602
tile_r018019_c008291,2,327.8318786621094,513.7877807617188,408.67584228515625,524.7999877929688,0.0017702735494822
tile_r018019_c008291,2,214.61279296875,515.1787719726562,295.04498291015625,524.7999877929688,0.0016027976525947
tile_r018019_c008291,2,241.0344696044922,82.31595611572266,272.88067626953125,108.17757415771484,0.0015578608727082
tile_r018019_c008291,2,335.53485107421875,509.6961975097656,420.05712890625,524.7999877929688,0.0015564241912215
tile_r018019_c008291,2,296.1011962890625,515.0462646484375,369.6716918945313,524.6453857421875,0.0015183100476861
tile_r018019_c008291,2,283.9667053222656,514.3631591796875,359.1119079589844,524.6598510742188,0.0015124975470826
tile_r018019_c008291,2,66.01318359375,47.071807861328125,109.4665756225586,89.46029663085938,0.0015113768167793
tile_r018019_c008291,2,65.25221252441406,515.83935546875,146.03073120117188,524.7999877929688,0.0015021503204479
tile_r018019_c008291,2,98.9659652709961,-11.171106338500977,172.68728637695312,41.77752685546875,0.0014525591395795
tile_r018019_c008291,2,4.330325126647949,515.2653198242188,74.8071060180664,524.7999877929688,0.001420447602868
tile_r018019_c008291,2,305.2314147949219,516.0233154296875,383.2575378417969,524.7999877929688,0.0014054377097636
tile_r018019_c008291,2,311.34942626953125,501.0555725097656,382.880859375,512.3778076171875,0.0013847940135747
tile_r018019_c008291,2,54.3609733581543,503.2479553222656,104.11082458496094,512.8112182617188,0.0013111763400956
tile_r018019_c008291,2,514.1260986328125,96.6431655883789,524.775634765625,166.89797973632812,0.0013087067054584
tile_r018019_c008291,2,514.3316040039062,203.2079162597656,524.7513427734375,282.303955078125,0.0012809266336262
tile_r018019_c008291,2,162.9505157470703,432.76611328125,194.22390747070312,459.7130737304688,0.0012767268344759
tile_r018019_c008291,2,50.08667755126953,515.0843505859375,132.96914672851562,524.4832153320312,0.0012745417188853
tile_r018019_c008291,2,15.943163871765137,517.8823852539062,74.99531555175781,524.7999877929688,0.0012377789244055
tile_r018019_c008291,2,20.331493377685547,9.752551078796388,134.3603057861328,129.55133056640625,0.0012264573015272
tile_r018019_c008291,2,67.65723419189453,518.315673828125,125.2583465576172,524.7999877929688,0.0011911421315744
tile_r018019_c008291,2,514.0181274414062,274.7098999023437,524.7754516601562,346.7304077148437,0.0011847221758216
tile_r018019_c008291,2,513.9981689453125,248.3146514892578,524.7975463867188,323.05303955078125,0.0011635614791885
tile_r018019_c008291,2,407.44281005859375,515.4344482421875,489.4080505371094,524.7999877929688,0.0011471278266981
tile_r018019_c008291,2,284.8207092285156,400.0953063964844,361.1028442382813,482.5177612304688,0.0011447999859228
tile_r018019_c008291,2,521.6708984375,226.19580078125,524.3156127929688,291.96075439453125,0.001124738715589
tile_r018019_c008291,2,486.173828125,371.4393005371094,519.91796875,446.14984130859375,0.001110283890739
tile_r018019_c008291,2,487.5164184570313,512.947021484375,524.7999877929688,523.8379516601562,0.0011101717827841
tile_r018019_c008291,2,448.63323974609375,515.0406494140625,521.022216796875,524.7999877929688,0.0011066319420933
tile_r018019_c008291,2,513.748046875,165.16140747070312,524.7581787109375,233.51705932617188,0.0011041978141292
tile_r018019_c008291,2,514.0999755859375,1.6640594005584717,524.7999877929688,78.25776672363281,0.0010948959970846
tile_r018019_c008291,2,514.5469970703125,109.807861328125,524.7999877929688,192.22189331054688,0.0010942285880446
tile_r018019_c008291,2,143.0544891357422,500.3953552246094,213.0052795410156,511.780517578125,0.0010837678564712
tile_r018019_c008291,2,267.2372436523437,513.3228759765625,347.3343200683594,524.7250366210938,0.001083722920157
tile_r018019_c008291,2,158.6721954345703,432.3512573242188,196.1296844482422,468.3142700195313,0.001077153137885
tile_r018019_c008291,2,161.71878051757812,516.1107177734375,243.5142059326172,524.7999877929688,0.0010769284563139
tile_r018019_c008291,2,514.1954345703125,227.304443359375,524.7999877929688,310.5943908691406,0.0010618510423228
tile_r018019_c008291,2,41.76252365112305,182.95913696289065,128.4637908935547,304.44677734375,0.0010592751204967
tile_r018019_c008291,2,513.7186279296875,150.0350799560547,524.7659301757812,221.1068420410156,0.0010572371538728
tile_r018019_c008291,2,456.7195434570313,276.4725952148437,516.7318115234375,369.12060546875,0.0010448715183883
tile_r018019_c008291,2,291.9037170410156,422.5860290527344,362.3287963867188,504.5354614257813,0.0010300673311576
tile_r018019_c008291,2,51.0556640625,493.6890563964844,93.5020980834961,512.4163208007812,0.0010238019749522
tile_r018019_c008291,2,419.77099609375,515.1283569335938,503.3829956054688,524.7999877929688,0.0010148551082238
tile_r018019_c008291,2,146.4581298828125,515.2355346679688,229.704833984375,524.7999877929688,0.0010144428815692
tile_r018019_c008291,2,513.8861694335938,-8.333715438842773,524.7999877929688,52.53701019287109,0.0010119003709405
tile_r018019_c008547,2,1.518072485923767,321.2286682128906,56.91286087036133,371.4335021972656,0.715829610824585
tile_r018019_c008547,2,54.582763671875,126.1336441040039,93.0333023071289,163.3562469482422,0.68100506067276
tile_r018019_c008547,2,409.9837341308594,39.53265380859375,452.8802185058594,80.70108795166016,0.6678035259246826
tile_r018019_c008547,2,364.3863830566406,129.69677734375,418.5685119628906,178.18344116210938,0.6568925976753235
tile_r018019_c008547,2,17.406494140625,398.5320739746094,69.2972640991211,446.1685180664063,0.6488103866577148
tile_r018019_c008547,2,371.8453674316406,379.254638671875,425.2081604003906,422.764404296875,0.6378458738327026
tile_r018019_c008547,2,95.48893737792967,457.640625,145.3159942626953,503.3628845214844,0.6288830637931824
tile_r018019_c008547,2,91.6946258544922,176.30715942382812,125.7699203491211,209.1562042236328,0.6177067160606384
tile_r018019_c008547,2,287.4751892089844,73.03741455078125,323.8760681152344,109.91158294677734,0.615273654460907
tile_r018019_c008547,2,484.7390747070313,165.158447265625,513.6446533203125,207.711669921875,0.6017788052558899
tile_r018019_c008547,2,110.12353515625,271.2118835449219,152.512939453125,313.4764404296875,0.5998435616493225
tile_r018019_c008547,2,-0.9316047430038452,59.90961837768555,23.18475341796875,107.50975036621094,0.3086684048175812
tile_r018019_c008547,2,493.5682678222656,255.8434600830078,515.1143798828125,291.80194091796875,0.2027383595705032
tile_r018019_c008547,2,113.5363998413086,275.2421264648437,149.40847778320312,309.86187744140625,0.2021286189556121
tile_r018019_c008547,2,494.2417907714844,262.1102905273437,513.302734375,290.2865600585937,0.1638271063566208
tile_r018019_c008547,2,289.9062805175781,77.58767700195312,319.6591491699219,106.7110595703125,0.1355707794427871
tile_r018019_c008547,2,93.03741455078124,180.6020050048828,122.26222229003906,206.9620056152344,0.1020727306604385
tile_r018019_c008547,2,56.579246520996094,130.1246795654297,88.6551742553711,159.85494995117188,0.0704559832811355
tile_r018019_c008547,2,-0.070124052464962,59.1076774597168,20.77239990234375,94.86358642578124,0.0640812739729881
tile_r018019_c008547,2,5.393743991851807,326.4735412597656,48.32169342041016,367.3960571289063,0.0527818650007247
tile_r018019_c008547,2,488.442626953125,250.1388702392578,515.8436279296875,294.22393798828125,0.0453476272523403
tile_r018019_c008547,2,412.9407348632813,44.5787239074707,448.7159118652344,77.95600891113281,0.0451860316097736
tile_r018019_c008547,2,88.46717071533203,169.3371124267578,130.52566528320312,211.2868194580078,0.0416261740028858
tile_r018019_c008547,2,499.7499084472656,247.8412170410156,520.0596923828125,293.8822326660156,0.0402852520346641
tile_r018019_c008547,2,406.28515625,34.47270965576172,458.1407165527344,85.34562683105469,0.0399480201303958
tile_r018019_c008547,2,504.5508728027344,160.01889038085938,519.2594604492188,209.4810028076172,0.0395237356424331
tile_r018019_c008547,2,367.7667846679688,371.2275390625,432.3047790527344,428.1025390625,0.0334626100957393
tile_r018019_c008547,2,375.9499206542969,385.8299255371094,419.2653198242188,418.2581481933594,0.0329034328460693
tile_r018019_c008547,2,-2.9479126930236816,312.4633178710937,62.86747360229492,375.9886169433594,0.0277567598968744
tile_r018019_c008547,2,9.782022476196287,390.82037353515625,75.48365783691406,452.4607849121094,0.0257624443620443
tile_r018019_c008547,2,367.830810546875,134.96444702148438,411.2687072753906,174.18765258789062,0.0239695142954587
tile_r018019_c008547,2,487.8714294433594,172.9298858642578,513.0181274414062,205.93197631835935,0.0219348948448896
tile_r018019_c008547,2,101.6840362548828,461.5538635253906,143.17074584960938,498.2267150878906,0.0203239023685455
tile_r018019_c008547,2,105.94944763183594,266.2450256347656,157.00009155273438,318.88458251953125,0.0174083895981311
tile_r018019_c008547,2,502.657958984375,255.25131225585935,520.563232421875,293.5162658691406,0.0154834790155291
tile_r018019_c008547,2,88.78694915771484,448.7384643554688,151.75564575195312,509.7111206054688,0.0152805531397461
tile_r018019_c008547,2,22.89361572265625,405.9518432617188,66.93705749511719,443.3121948242188,0.0142385400831699
tile_r018019_c008547,2,1.45556640625,68.42097473144531,20.67898941040039,106.8509750366211,0.013482017442584
tile_r018019_c008547,2,284.361572265625,67.12254333496094,326.41680908203125,114.24528503417967,0.0100552588701248
tile_r018019_c008547,2,241.2587432861328,240.9460906982422,268.552001953125,262.85595703125,0.0095578776672482
tile_r018019_c008547,2,478.04150390625,153.3289031982422,516.6893310546875,212.96615600585935,0.0094053270295262
tile_r018019_c008547,2,-9.538904190063477,47.923828125,21.32277488708496,113.39363098144533,0.008540921844542
tile_r018019_c008547,2,256.1796875,141.94223022460938,283.6551818847656,167.5823211669922,0.0082489727064967
tile_r018019_c008547,2,522.4002685546875,158.3746795654297,524.0835571289062,220.9837188720703,0.0081079602241516
tile_r018019_c008547,2,-4.874785423278809,57.45841217041016,11.601648330688477,108.29107666015624,0.0078024882823228
tile_r018019_c008547,2,488.5153198242188,162.8219757080078,515.1163330078125,200.55453491210935,0.0074662948027253
tile_r018019_c008547,2,522.7161254882812,160.04763793945312,523.93896484375,226.8409423828125,0.0073240301571786
tile_r018019_c008547,2,522.4619750976562,250.7607879638672,524.0863647460938,313.3968200683594,0.0067691253498196
tile_r018019_c008547,2,522.6707763671875,244.194091796875,524.2623901367188,310.04803466796875,0.0057741906493902
tile_r018019_c008547,2,-2.861341953277588,50.131324768066406,36.27310943603516,116.2630386352539,0.0056831794790923
tile_r018019_c008547,2,357.08062744140625,121.03092956542967,425.5611267089844,182.2707977294922,0.0053086839616298
tile_r018019_c008547,2,99.0521011352539,466.064208984375,136.22616577148438,498.19281005859375,0.0052387570030987
tile_r018019_c008547,2,522.9932250976562,163.964111328125,523.9208374023438,232.1309509277344,0.0049575995653867
tile_r018019_c008547,2,-0.2008270323276519,63.246315002441406,15.985754013061523,107.6296615600586,0.004923122934997
tile_r018019_c008547,2,80.99742126464844,165.1305694580078,138.06211853027344,223.53744506835935,0.0042919293045997
tile_r018019_c008547,2,48.27587890625,115.1712417602539,98.6181640625,170.93466186523438,0.0040251724421978
tile_r018019_c008547,2,521.8292236328125,149.6050567626953,524.4979858398438,209.1937255859375,0.0039644725620746
tile_r018019_c008547,2,492.72607421875,444.5611267089844,512.8233642578125,469.3662109375,0.0038562519475817
tile_r018019_c008547,2,-12.569814682006836,55.15754318237305,-5.879276275634766,111.9383544921875,0.0038070867303758
tile_r018019_c008547,2,511.9996948242188,240.38833618164065,524.2694091796875,298.7597045898437,0.003727028844878
tile_r018019_c008547,2,507.5445251464844,151.05661010742188,524.0986328125,212.1222686767578,0.0030440774280577
tile_r018019_c008547,2,-10.881460189819336,309.56884765625,4.668783664703369,386.6614379882813,0.0029406126122921
tile_r018019_c008547,2,362.95648193359375,-2.0393073558807373,417.8844604492188,4.948968410491943,0.0028715445660054
tile_r018019_c008547,2,-11.134663581848145,325.8182678222656,1.3800551891326904,396.3189392089844,0.0028470179531723
tile_r018019_c008547,2,-11.786606788635254,140.7305908203125,-1.4002472162246704,208.08773803710935,0.0026403805240988
tile_r018019_c008547,2,513.4210205078125,148.9467315673828,524.1688232421875,214.0518035888672,0.0025620255619287
tile_r018019_c008547,2,486.14990234375,236.5611572265625,518.3043823242188,297.9764404296875,0.0025497321039438
tile_r018019_c008547,2,-12.754150390625,65.15441131591797,-5.346266269683838,125.51359558105467,0.0025380693841725
tile_r018019_c008547,2,494.6810607910156,431.0017700195313,518.3386840820312,475.3919067382813,0.0024853211361914
tile_r018019_c008547,2,258.128173828125,-1.7873481512069702,311.066650390625,9.435735702514648,0.0024732558522373
tile_r018019_c008547,2,-11.770059585571287,400.6207885742188,-0.986163318157196,469.4375915527344,0.0023551671765744
tile_r018019_c008547,2,396.5552368164063,26.23972511291504,467.94830322265625,95.57568359375,0.0023171822540462
tile_r018019_c008547,2,-11.683619499206545,388.3594665527344,-0.9141174554824828,456.0069274902344,0.0022954666055738
tile_r018019_c008547,2,0.0644042938947677,152.05709838867188,31.573650360107425,203.901611328125,0.002290649106726
tile_r018019_c008547,2,-11.747427940368652,118.88224792480467,-1.4819412231445312,184.4894256591797,0.0022352735977619
tile_r018019_c008547,2,-11.678947448730469,375.61322021484375,-1.2002975940704346,444.0191955566406,0.0021592436823993
tile_r018019_c008547,2,-11.359780311584473,5.672662258148193,-2.018200635910034,61.62314987182617,0.0021460321731865
tile_r018019_c008547,2,-11.76504135131836,261.8004150390625,-1.509188890457153,319.9602355957031,0.0021344523411244
tile_r018019_c008547,2,496.76708984375,430.2501831054688,515.75634765625,468.7915954589844,0.0021118582226336
tile_r018019_c008547,2,504.38525390625,237.31527709960935,523.68408203125,297.70635986328125,0.0020691966637969
tile_r018019_c008547,2,99.8561019897461,253.49526977539065,164.447265625,328.59259033203125,0.0020462537650018
tile_r018019_c008547,2,0.2818664610385895,-0.556060791015625,33.4748649597168,35.255088806152344,0.002038522157818
tile_r018019_c008547,2,258.0175170898437,-0.411529541015625,308.0912780761719,18.25386428833008,0.0019903450738638
tile_r018019_c008547,2,-2.972845554351806,156.9129638671875,34.09293365478516,213.7716522216797,0.0019784190226346
tile_r018019_c008547,2,61.79291915893555,515.9205322265625,139.5995635986328,524.7999877929688,0.0019581331871449
tile_r018019_c008547,2,294.46728515625,81.69332122802734,320.82305908203125,106.47789001464844,0.0019571864977478
tile_r018019_c008547,2,261.534423828125,-1.787756323814392,311.164794921875,14.069018363952637,0.0018767096335068
tile_r018019_c008547,2,481.4209899902344,154.70022583007812,524.45556640625,217.33718872070312,0.0018673411104828
tile_r018019_c008547,2,-11.960676193237305,151.36727905273438,-1.1050994396209717,219.9033966064453,0.0018366849981248
tile_r018019_c008547,2,508.5940551757813,156.37158203125,521.40673828125,203.659423828125,0.0018156543374061
tile_r018019_c008547,2,-11.886148452758787,414.2691345214844,-1.1257293224334717,480.1814575195313,0.0018083328614011
tile_r018019_c008547,2,320.6378479003906,355.1147155761719,427.5152893066406,485.8282165527344,0.0018019336275756
tile_r018019_c008547,2,71.99452209472656,513.6436767578125,152.30328369140625,524.7999877929688,0.0017794736195355
tile_r018019_c008547,2,-11.494264602661133,0.3330795168876648,-1.3974106311798096,46.10294342041016,0.0017724252538755
tile_r018019_c008547,2,206.5332489013672,514.6885375976562,285.08062744140625,524.7999877929688,0.0017177753616124
tile_r018019_c008547,2,-11.99842643737793,427.5779724121094,-1.2196823358535769,489.1414489746094,0.0017110401531681
tile_r018019_c008547,2,-11.915105819702148,108.1012191772461,-1.206387281417847,173.4521026611328,0.0016823298064991
tile_r018019_c008547,2,523.1578979492188,169.49420166015625,524.1248779296875,237.3257293701172,0.0016517704352736
tile_r018019_c008547,2,505.8384399414063,163.932373046875,520.4329833984375,222.725341796875,0.0016432732809334
tile_r018019_c008547,2,517.1920776367188,149.36471557617188,524.7999877929688,234.3033905029297,0.0016248526517301
tile_r018019_c008547,2,486.6004028320313,248.9022979736328,524.4058837890625,305.8756408691406,0.0015917677665129
tile_r018019_c008547,2,4.123742580413818,251.95718383789065,29.683990478515625,298.8558044433594,0.0015833012294024
tile_r018019_c008547,2,-10.99049186706543,293.92596435546875,4.435507297515869,373.3252868652344,0.0015315010678023
tile_r018019_c008547,2,-4.9508466720581055,32.5130729675293,32.301055908203125,110.3539047241211,0.0015311752213165
tile_r018019_c008547,2,79.75407409667969,509.52587890625,163.7434844970703,524.7999877929688,0.001514695584774
tile_r018019_c008547,2,478.0119018554688,150.86148071289062,520.3732299804688,230.45458984375,0.0015139874303713
tile_r018019_c008547,2,192.5929412841797,514.7720947265625,272.6502685546875,524.7999877929688,0.0015097082359716
tile_r018019_c008547,2,-11.671087265014648,243.98095703125,-0.7666260004043579,306.05255126953125,0.001508470159024
tile_r018019_c008547,2,-12.800000190734863,74.44001770019531,-4.49905252456665,132.75997924804688,0.0015073264949023
tile_r018019_c008547,2,521.4339599609375,142.7857666015625,524.751953125,202.46408081054688,0.0015061852755025
tile_r018019_c008547,2,-12.020811080932615,496.134033203125,2.6349425315856934,524.7999877929688,0.0015037187840789
tile_r018019_c008547,2,-12.414883613586426,47.80485916137695,-4.895944118499756,99.5925521850586,0.0015006163157522
tile_r018019_c008547,2,102.0636749267578,99.68359375,127.1262664794922,119.8636245727539,0.001467085443437
tile_r018019_c008547,2,-10.961031913757324,13.638745307922363,12.484277725219728,93.5847396850586,0.0014226041967049
tile_r018019_c008547,2,-11.6665620803833,364.27349853515625,-1.5863021612167358,431.4178161621094,0.0014210260706022
tile_r018019_c008547,2,-0.2229766845703125,73.26065826416016,13.697369575500488,106.93592834472656,0.001413834048435
tile_r018019_c008547,2,40.21077728271485,515.0751953125,113.1414031982422,524.568359375,0.0013992730528116
tile_r018019_c008547,2,0.5441253781318665,0.6050354242324829,33.93772888183594,51.87214279174805,0.0013974693138152
tile_r018019_c008547,2,49.20366287231445,516.0836791992188,126.95882415771484,524.7999877929688,0.0013945630053058
tile_r018019_c008547,2,219.92416381835935,514.9396362304688,299.573974609375,524.7999877929688,0.0013825695496052
tile_r018019_c008547,2,332.8345642089844,346.67437744140625,428.87109375,462.5286560058594,0.0013640346005558
tile_r018019_c008547,2,27.456472396850582,514.3707275390625,102.6061019897461,524.6456909179688,0.0013572423486039
tile_r018019_c008547,2,-11.474583625793455,341.9231872558594,-1.5551223754882812,406.4534606933594,0.0013547827256843
tile_r018019_c008547,2,-11.751436233520508,82.27701568603516,-0.2854034304618835,146.44993591308594,0.0013385969214141
tile_r018019_c008547,2,231.2725830078125,515.4465942382812,313.5658874511719,524.7999877929688,0.0013316179392859
tile_r018019_c008547,2,54.95233154296875,501.1022338867188,126.38348388671876,512.1248779296875,0.001315867062658
tile_r018019_c008547,2,-12.74388599395752,83.10533142089844,-3.4123520851135254,139.7685089111328,0.0013115410692989
tile_r018019_c008547,2,243.74008178710935,515.861572265625,326.8358459472656,524.7999877929688,0.0012950765667483
tile_r018019_c008547,2,368.08978271484375,515.3239135742188,451.6836853027344,524.7999877929688,0.0012887855991721
tile_r018019_c008547,2,481.0890502929688,429.76171875,520.8697509765625,500.4740295410156,0.0012792003108188
tile_r018019_c008547,2,14.180773735046388,329.6470947265625,55.93429565429688,367.3615112304688,0.0012747269356623
tile_r018019_c008547,2,-7.005751132965088,96.0739288330078,35.94012451171875,157.1755828857422,0.0012733853654935
tile_r018019_c008547,2,1.487033128738403,254.0272521972656,30.78598403930664,309.6260681152344,0.0012696334160864
tile_r018019_c008547,2,376.1813049316406,-1.4688537120819092,450.644287109375,25.7956485748291,0.0012636899482458
tile_r018019_c008547,2,379.5698852539063,515.7791137695312,465.20404052734375,524.7999877929688,0.0012587496312335
tile_r018019_c008547,2,-6.420559883117676,163.2548370361328,37.60495376586914,228.52505493164065,0.0012571769766509
tile_r018019_c008547,2,-9.143301010131836,391.251708984375,16.72231674194336,472.0470275878906,0.001251341192983
tile_r018019_c008547,2,-10.92914867401123,59.16144943237305,2.107171535491944,127.3304443359375,0.0012485404731705
tile_r018019_c008547,2,473.6329956054688,239.22622680664065,518.5744018554688,310.8007202148437,0.0012048733187839
tile_r018019_c008547,2,365.9691467285156,-0.5963104367256165,422.7960815429688,13.403244018554688,0.0011990583734586
tile_r018019_c008547,2,-1.154994249343872,130.003662109375,33.6778564453125,190.80294799804688,0.0011907167499884
tile_r018019_c008547,2,-12.533143997192385,39.54008865356445,-3.3277504444122314,91.8924560546875,0.0011876996140927
tile_r018019_c008547,2,152.07362365722656,515.3192138671875,232.2488250732422,524.7332763671875,0.0011853537289425
tile_r018019_c008547,2,-6.731005668640137,61.54038238525391,35.3516845703125,135.00009155273438,0.0011816724436357
tile_r018019_c008547,2,487.7340698242188,174.2538604736328,507.0704040527344,204.1948699951172,0.0011773334117606
tile_r018019_c008547,2,0.029510498046875,13.655835151672363,34.56718826293945,78.50455474853516,0.0011741762282326
tile_r018019_c008547,2,342.91583251953125,515.6802978515625,426.1458435058594,524.7999877929688,0.001167758135125
tile_r018019_c008547,2,29.843408584594727,401.8380737304688,103.4315414428711,480.4939575195313,0.0011311522684991
tile_r018019_c008547,2,-11.607471466064451,354.7015075683594,-1.9877731800079343,417.2330627441406,0.0011285545770078
tile_r018019_c008547,2,-12.17587184906006,438.889892578125,-0.8287338018417358,514.5565795898438,0.0011186896590515
tile_r018019_c008547,2,29.59771728515625,421.9525451660156,105.15372467041016,504.04638671875,0.0010816178983077
tile_r018019_c008547,2,277.81414794921875,62.47693634033203,333.56170654296875,118.5546646118164,0.0010795220732688
tile_r018019_c008547,2,-12.059547424316406,478.2027282714844,-0.4043533205986023,518.6641845703125,0.001079517416656
tile_r018019_c008547,2,164.3114776611328,515.0064697265625,247.102294921875,524.7999877929688,0.0010708520421758
tile_r018019_c008547,2,-0.461273193359375,82.58053588867188,43.7762451171875,141.67111206054688,0.0010667543392628
tile_r018019_c008547,2,328.0587463378906,515.9235229492188,414.4068298339844,524.7999877929688,0.0010588791919872
tile_r018019_c008547,2,476.89599609375,516.1688232421875,524.6163330078125,524.7999877929688,0.0010460324119776
tile_r018019_c008547,2,-11.469964981079102,278.55108642578125,2.167465209960937,351.3941345214844,0.0010449761757627
tile_r018019_c008547,2,516.0286865234375,247.55630493164065,524.7999877929688,327.8946838378906,0.0010424961801618
tile_r018019_c008547,2,62.05794525146485,132.7814178466797,90.59552001953124,158.9730224609375,0.0010417585726827
tile_r018019_c008547,2,474.275634765625,165.27194213867188,516.1074829101562,233.2550048828125,0.0010366983478888
tile_r018019_c008547,2,515.1375122070312,233.1273956298828,524.7999877929688,308.53424072265625,0.0010314328828826
tile_r018019_c008547,2,514.2810668945312,409.8195190429688,524.3179931640625,474.7289123535156,0.0010287492768839
tile_r018019_c008547,2,383.4637756347656,-1.9068024158477783,459.6027221679688,32.91844940185547,0.0010246728779748
tile_r018019_c008547,2,522.0802001953125,135.012939453125,524.7999877929688,197.0455017089844,0.001019284245558
tile_r018019_c008547,2,123.4927978515625,497.3163146972656,196.3791961669922,512.9610595703125,0.0010192405898123
tile_r018019_c008547,2,370.28033447265625,-1.1981170177459717,436.3904724121094,23.254735946655277,0.0010146198328584
tile_r018019_c008547,2,-9.657232284545898,49.842994689941406,44.7641830444336,122.8485870361328,0.0010133108589798
tile_r018019_c008803,2,227.29653930664065,159.841064453125,288.8045349121094,218.9251708984375,0.7182156443595886
tile_r018019_c008803,2,317.6568908691406,438.284423828125,385.1380310058594,497.871826171875,0.7013913989067078
tile_r018019_c008803,2,153.482666015625,39.33034133911133,197.4821319580078,81.08332824707031,0.6715461611747742
tile_r018019_c008803,2,108.2692642211914,129.55349731445312,162.9696502685547,178.46316528320312,0.6620268225669861
tile_r018019_c008803,2,115.63069152832033,379.2886352539063,169.65078735351562,422.9857482910156,0.6256040930747986
tile_r018019_c008803,2,30.76879501342773,72.7157211303711,68.3829345703125,110.3137664794922,0.6125674843788147
tile_r018019_c008803,2,283.00323486328125,330.2444152832031,343.2757263183594,382.7160949707031,0.5956692099571228
tile_r018019_c008803,2,240.3678741455078,264.1260681152344,271.9922790527344,291.7928771972656,0.5725038647651672
tile_r018019_c008803,2,315.95001220703125,221.63546752929688,363.6329956054688,268.47198486328125,0.5685808062553406
tile_r018019_c008803,2,320.7071838378906,227.4981689453125,359.61431884765625,264.8666687011719,0.2197011411190033
tile_r018019_c008803,2,33.248435974121094,77.17057800292969,64.17305755615234,107.09147644042967,0.1339094787836074
tile_r018019_c008803,2,236.3442840576172,257.77935791015625,275.2420349121094,294.2043151855469,0.0856225863099098
tile_r018019_c008803,2,290.4930114746094,338.9930114746094,341.21014404296875,379.3909606933594,0.0768970772624015
tile_r018019_c008803,2,322.9747009277344,446.6566467285156,381.7349548339844,493.46630859375,0.0712521746754646
tile_r018019_c008803,2,150.0377655029297,34.4830322265625,202.9285430908203,85.86092376708984,0.0559738241136074
tile_r018019_c008803,2,156.69668579101562,44.4371223449707,193.1538543701172,78.21212005615234,0.0463436841964721
tile_r018019_c008803,2,350.229736328125,369.7424926757813,379.6131286621094,392.86767578125,0.0382187329232692
tile_r018019_c008803,2,2.512127637863159,143.57406616210938,25.6972599029541,167.1046142578125,0.0311253890395164
tile_r018019_c008803,2,119.75465393066406,385.8030090332031,163.65089416503906,418.4323120117188,0.0299938712269067
tile_r018019_c008803,2,111.30967712402344,371.4927368164063,175.09759521484375,427.3843383789063,0.0298695005476474
tile_r018019_c008803,2,265.9602355957031,0.50115966796875,302.63397216796875,22.3343563079834,0.0216740444302558
tile_r018019_c008803,2,310.1642761230469,431.7059631347656,389.29486083984375,504.5725708007813,0.0207192040979862
tile_r018019_c008803,2,111.83488464355467,134.80325317382812,155.4676055908203,174.1890411376953,0.0177644081413745
tile_r018019_c008803,2,310.35321044921875,215.01596069335935,372.1705017089844,278.9485778808594,0.0155301121994853
tile_r018019_c008803,2,241.7252197265625,267.8351745605469,267.2878723144531,288.9743957519531,0.0145280202850699
tile_r018019_c008803,2,26.716686248779297,66.5357666015625,72.93746185302734,114.702392578125,0.0102300886064767
tile_r018019_c008803,2,346.63787841796875,366.01416015625,381.94677734375,397.0447387695313,0.0076515018008649
tile_r018019_c008803,2,215.253173828125,150.58175659179688,294.32916259765625,225.88882446289065,0.00758389942348
tile_r018019_c008803,2,101.1166534423828,121.2061996459961,169.92263793945312,182.67495727539065,0.0069847353734076
tile_r018019_c008803,2,270.78277587890625,316.0072937011719,352.7841796875,388.7380981445313,0.0051982151344418
tile_r018019_c008803,2,1.7790343761444092,-0.6909515261650085,51.9833869934082,17.526901245117188,0.0049810763448476
tile_r018019_c008803,2,262.0228881835937,-0.969158947467804,306.5562438964844,26.44928550720215,0.0044385814107954
tile_r018019_c008803,2,0.500500500202179,-2.669398546218872,53.85712432861328,12.236165046691896,0.0043677887879312
tile_r018019_c008803,2,263.75103759765625,-2.429229736328125,307.2304077148437,18.729150772094727,0.0039334860630333
tile_r018019_c008803,2,346.7890014648437,357.58258056640625,385.0191955566406,395.388427734375,0.0038283572066575
tile_r018019_c008803,2,226.9176788330078,251.26583862304688,281.1397399902344,302.4047546386719,0.0037134224548935
tile_r018019_c008803,2,266.29571533203125,-2.4664885997772217,308.0614624023437,8.971466064453125,0.0034017555881291
tile_r018019_c008803,2,320.5293273925781,224.76058959960935,357.9211120605469,256.7461853027344,0.0032330483663827
tile_r018019_c008803,2,351.27801513671875,372.08734130859375,375.2731323242188,391.4790649414063,0.0031074273865669
tile_r018019_c008803,2,106.84187316894533,-2.1979622840881348,162.057861328125,4.978253364562988,0.0025763614103198
tile_r018019_c008803,2,457.8901977539063,510.7122192382813,521.0579833984375,517.6956176757812,0.0024264662060886
tile_r018019_c008803,2,139.66268920898438,25.601634979248047,212.3199157714844,96.7618637084961,0.0023038578219711
tile_r018019_c008803,2,233.3251495361328,168.4560546875,283.9405822753906,215.4830017089844,0.0021759939845651
tile_r018019_c008803,2,514.4044189453125,443.5479431152344,524.5284423828125,512.0518798828125,0.0020877376664429
tile_r018019_c008803,2,512.8565673828125,394.95062255859375,524.7999877929688,464.5960998535156,0.0019545690156519
tile_r018019_c008803,2,0.2707275450229645,-11.440818786621094,61.94612884521485,2.4065704345703125,0.0019260084955021
tile_r018019_c008803,2,-3.927410840988159,-2.052053928375244,47.37738800048828,25.772985458374023,0.0018149819225072
tile_r018019_c008803,2,456.73046875,510.9738159179688,524.7999877929688,519.8011474609375,0.0017884541302919
tile_r018019_c008803,2,408.1053161621094,515.5704956054688,487.73480224609375,524.7999877929688,0.0017517186934128
tile_r018019_c008803,2,273.1675720214844,-0.6234062314033508,305.81134033203125,17.166545867919922,0.0016891008708626
tile_r018019_c008803,2,513.3202514648438,415.2783203125,524.7999877929688,493.3488159179688,0.001671134494245
tile_r018019_c008803,2,18.379261016845703,63.36423873901367,78.31312561035156,119.1284408569336,0.0016540562501177
tile_r018019_c008803,2,461.0421752929688,517.6513061523438,522.5763549804688,524.7999877929688,0.0016310953069478
tile_r018019_c008803,2,326.3089294433594,515.6138305664062,407.20257568359375,524.7999877929688,0.0016205920837819
tile_r018019_c008803,2,394.6344299316406,515.0921020507812,475.23284912109375,524.7999877929688,0.0016195209464058
tile_r018019_c008803,2,69.21299743652344,343.04608154296875,179.26934814453125,472.78515625,0.0015688452403992
tile_r018019_c008803,2,286.2938537597656,338.26275634765625,333.21356201171875,375.189208984375,0.0015675796894356
tile_r018019_c008803,2,513.1588745117188,262.5242614746094,524.7999877929688,335.7942810058594,0.0015450542559847
tile_r018019_c008803,2,350.90234375,516.3746337890625,437.2136840820313,524.7999877929688,0.0015257595805451
tile_r018019_c008803,2,467.19091796875,511.8800659179688,524.7999877929688,523.2041015625,0.001524570165202
tile_r018019_c008803,2,365.9381713867188,516.0369873046875,450.0752868652344,524.7999877929688,0.0015108787920325
tile_r018019_c008803,2,337.79132080078125,516.2245483398438,420.36865234375,524.7999877929688,0.0015035427641123
tile_r018019_c008803,2,108.5075454711914,364.2946166992188,183.28152465820312,433.0740356445313,0.0014819136122241
tile_r018019_c008803,2,513.3814697265625,248.9106903076172,524.7999877929688,322.6107788085937,0.0014733970165252
tile_r018019_c008803,2,490.73974609375,452.02197265625,516.2626953125,509.251953125,0.0014157829573377
tile_r018019_c008803,2,303.3602600097656,343.3617553710937,340.0909118652344,377.0768127441406,0.0014122891006991
tile_r018019_c008803,2,513.7063598632812,184.0421905517578,524.7999877929688,257.34600830078125,0.0014094004873186
tile_r018019_c008803,2,513.5186767578125,209.19497680664065,524.7852783203125,283.82305908203125,0.0014077391242608
tile_r018019_c008803,2,513.4691162109375,223.4253387451172,524.7999877929688,296.11981201171875,0.0014054310740903
tile_r018019_c008803,2,380.15045166015625,515.3758544921875,461.7061462402344,524.7999877929688,0.0013767725322395
tile_r018019_c008803,2,118.2781753540039,-1.7825133800506592,199.19467163085935,26.693872451782227,0.0013223459245637
tile_r018019_c008803,2,112.7236328125,515.3340454101562,196.25146484375,524.7999877929688,0.0012793043861165
tile_r018019_c008803,2,513.0694580078125,368.363037109375,524.7999877929688,439.121337890625,0.0012759263627231
tile_r018019_c008803,2,124.2983856201172,515.7372436523438,209.88082885742188,524.7999877929688,0.0012748561566695
tile_r018019_c008803,2,251.1846160888672,-3.852874755859375,311.1695861816406,36.76888275146485,0.0012610417325049
tile_r018019_c008803,2,513.1305541992188,330.35791015625,524.7999877929688,396.9486389160156,0.001247887732461
tile_r018019_c008803,2,240.8759307861328,172.47422790527344,335.71441650390625,260.85333251953125,0.0012297162320464
tile_r018019_c008803,2,252.42105102539065,501.9010620117188,322.2254333496094,513.7565307617188,0.0012248888378962
tile_r018019_c008803,2,513.158203125,341.4129943847656,524.7999877929688,410.1241149902344,0.0012245330726727
tile_r018019_c008803,2,472.3739318847656,514.9042358398438,524.17724609375,524.7999877929688,0.0012058359570801
tile_r018019_c008803,2,-5.319091796875,54.3875732421875,60.870643615722656,122.48674011230467,0.0012011778308078
tile_r018019_c008803,2,-1.9244384765625,-4.807034492492676,64.48478698730469,15.614209175109863,0.0011609580833464
tile_r018019_c008803,2,459.9347534179688,504.4505920410156,517.4652099609375,512.9884643554688,0.0011554021621122
tile_r018019_c008803,2,513.6865844726562,122.45817565917967,524.7999877929688,192.8936767578125,0.0011489896569401
tile_r018019_c008803,2,285.17529296875,-11.950658798217772,437.5166015625,119.4969482421875,0.0011364510282874
tile_r018019_c008803,2,216.583984375,515.4073486328125,296.09326171875,524.7999877929688,0.0011351704597473
tile_r018019_c008803,2,-2.6484436988830566,-3.325701951980591,67.99638366699219,31.521221160888672,0.0011348039843142
tile_r018019_c008803,2,197.3574676513672,57.6063232421875,447.7267456054688,274.20074462890625,0.0011235730489715
tile_r018019_c008803,2,-11.299494743347168,128.80673217773438,0.2866592407226562,187.8115081787109,0.0011228786315768
tile_r018019_c008803,2,491.1921997070313,428.2060546875,519.2033081054688,511.9102478027344,0.0011226572096347
tile_r018019_c008803,2,199.356689453125,515.4158325195312,284.21221923828125,524.7999877929688,0.0011139845009893
tile_r018019_c008803,2,229.62387084960935,514.6644287109375,308.4183044433594,524.6640625,0.0011125702876597
tile_r018019_c008803,2,125.888916015625,-2.269207715988159,206.1129913330078,33.997772216796875,0.0011024225968867
tile_r018019_c008803,2,513.1482543945312,353.4779663085937,524.7999877929688,425.0989379882813,0.0011014752089977
tile_r018019_c008803,2,513.0933227539062,318.7694396972656,524.7999877929688,384.11865234375,0.0010903603397309
tile_r018019_c008803,2,-1.889929175376892,-2.892938137054444,84.91972351074219,81.68376922607422,0.0010878837201744
tile_r018019_c008803,2,87.29154205322266,515.8017578125,170.54762268066406,524.7999877929688,0.0010715204989537
tile_r018019_c008803,2,278.3955993652344,515.4222412109375,358.66815185546875,524.7999877929688,0.0010705394670367
tile_r018019_c008803,2,513.0838012695312,290.1756896972656,524.7999877929688,358.5130920410156,0.0010519615607336
tile_r018019_c008803,2,469.6808471679688,470.57470703125,512.7859497070312,512.2288208007812,0.0010399691527709
tile_r018019_c008803,2,107.23128509521484,0.7445037961006165,160.02098083496094,19.187414169311523,0.0010398166486993
tile_r018019_c008803,2,513.1012573242188,304.5125427246094,524.7999877929688,370.89007568359375,0.0010365966008976
tile_r018019_c008803,2,512.7379150390625,-12.800000190734863,524.4747924804688,0.635052502155304,0.0010349522344768
tile_r018019_c008803,2,109.2146453857422,-0.7280243039131165,167.9846649169922,13.89331340789795,0.001028612605296
tile_r018019_c008803,2,110.9579086303711,117.6805419921875,177.969970703125,189.009033203125,0.0010197684168815
tile_r018019_c008803,2,161.6160125732422,516.1268310546875,244.084228515625,524.7999877929688,0.0010150982998311
tile_r018019_c008803,2,319.6258850097656,489.2579956054688,395.1011352539063,509.607421875,0.0010110720759257
tile_r018019_c008803,2,299.3182067871094,211.66537475585935,377.4856872558594,286.5297241210937,0.001006343984045
tile_r018019_c008803,2,239.0923767089844,40.68082427978516,524.7999877929688,353.659423828125,0.0010030034463852
tile_r018019_c009059,2,61.74280548095703,438.3606872558594,128.99874877929688,497.7843322753906,0.6970692873001099
tile_r018019_c009059,2,452.5970153808594,196.93960571289065,492.5740661621094,236.9622039794922,0.6748227477073669
tile_r018019_c009059,2,451.9099731445313,310.71343994140625,500.5121154785156,359.4837341308594,0.6242840886116028
tile_r018019_c009059,2,59.7683219909668,221.67874145507807,107.52433776855467,268.7743530273437,0.6153554916381836
tile_r018019_c009059,2,25.77304458618164,329.34210205078125,86.4906234741211,382.1458129882813,0.6040813326835632
tile_r018019_c009059,2,417.6207885742188,383.45257568359375,451.8094787597656,418.22552490234375,0.5888896584510803
tile_r018019_c009059,2,359.39947509765625,57.1525993347168,394.6856384277344,90.38726806640624,0.5840500593185425
tile_r018019_c009059,2,0.3077422976493835,162.9892120361328,34.02444076538086,219.3642120361328,0.5358662605285645
tile_r018019_c009059,2,432.0262756347656,108.55339050292967,465.1600646972656,138.5011749267578,0.4896809160709381
tile_r018019_c009059,2,64.10490417480469,224.5316925048828,105.3147201538086,262.3153381347656,0.256449282169342
tile_r018019_c009059,2,432.814208984375,112.1208953857422,460.346923828125,137.112060546875,0.1902736276388168
tile_r018019_c009059,2,94.0158462524414,369.0283203125,125.1540298461914,393.490234375,0.137483611702919
tile_r018019_c009059,2,429.5684509277344,104.1168212890625,468.2301635742188,141.3260040283203,0.0891343802213668
tile_r018019_c009059,2,419.4954223632813,387.148681640625,448.3067321777344,415.90472412109375,0.0798044726252555
tile_r018019_c009059,2,17.8310546875,322.7236328125,90.5591812133789,386.2595825195313,0.0767355114221572
tile_r018019_c009059,2,34.863094329833984,336.8978881835937,87.07991790771484,380.3234252929688,0.0709045305848121
tile_r018019_c009059,2,456.6488342285156,315.88433837890625,495.9691467285156,356.3085327148437,0.0703200474381446
tile_r018019_c009059,2,67.17369842529297,446.7935180664063,125.5232162475586,493.4612731933594,0.0645201653242111
tile_r018019_c009059,2,354.795654296875,51.343788146972656,398.9851684570313,95.1553955078125,0.0505448468029499
tile_r018019_c009059,2,297.05810546875,217.25863647460935,322.6006774902344,243.06381225585935,0.0489177666604518
tile_r018019_c009059,2,-0.0157043449580669,257.346435546875,19.58053207397461,292.0227966308594,0.0459072105586528
tile_r018019_c009059,2,10.146533012390137,-0.1757194548845291,48.7736930847168,22.12396812438965,0.0430417470633983
tile_r018019_c009059,2,-0.0279174800962209,167.37142944335938,24.32028579711914,214.1366271972656,0.0404976084828376
tile_r018019_c009059,2,448.4185485839844,191.44454956054688,495.8258666992188,240.5540771484375,0.0356314294040203
tile_r018019_c009059,2,95.4369888305664,371.6916198730469,121.99934387207033,391.3957824707031,0.031376626342535
tile_r018019_c009059,2,-2.14820408821106,156.56948852539062,40.09130859375,221.75863647460935,0.0256708078086376
tile_r018019_c009059,2,456.8944396972656,200.806640625,490.8456115722656,233.6116180419922,0.0256035104393959
tile_r018019_c009059,2,-10.0879487991333,154.41683959960938,27.13421058654785,223.89321899414065,0.0208980366587638
tile_r018019_c009059,2,412.3943481445313,378.3772888183594,456.7767639160156,423.08441162109375,0.0197584424167871
tile_r018019_c009059,2,91.1760025024414,364.89501953125,126.9157257080078,396.9601440429688,0.01844984292984
tile_r018019_c009059,2,53.71258544921875,215.7637176513672,115.2385482788086,278.3773803710937,0.0175716802477836
tile_r018019_c009059,2,0.8359405398368835,261.6005249023437,15.624560356140137,291.8106384277344,0.0158898141235113
tile_r018019_c009059,2,1.6890685558319092,253.59780883789065,23.359272003173828,293.40545654296875,0.0125669660046696
tile_r018019_c009059,2,-10.588394165039062,149.2960662841797,17.070323944091797,218.2860565185547,0.0095200072973966
tile_r018019_c009059,2,-1.2166717052459717,246.80612182617188,15.848068237304688,294.4125366210937,0.0090725710615515
tile_r018019_c009059,2,407.8016052246094,310.405029296875,435.7996520996094,330.2168884277344,0.0081129660829901
tile_r018019_c009059,2,-10.590006828308104,240.6675720214844,-0.2885909974575043,297.66827392578125,0.0070164515636861
tile_r018019_c009059,2,-11.00842571258545,247.2440490722656,1.0097198486328125,304.0555725097656,0.0056370687671005
tile_r018019_c009059,2,0.70343017578125,243.2281188964844,27.2070426940918,294.77587890625,0.0053914901800453
tile_r018019_c009059,2,55.74794387817383,427.701416015625,137.9245147705078,507.2688903808594,0.0049614403396844
tile_r018019_c009059,2,11.380468368530272,-2.4029288291931152,49.89933395385742,11.402356147766112,0.0049172770231962
tile_r018019_c009059,2,490.7705078125,204.2914581298828,514.7283325195312,250.35855102539065,0.0048262276686728
tile_r018019_c009059,2,442.8572387695313,298.7799377441406,510.1288146972656,368.8470764160156,0.004768197890371
tile_r018019_c009059,2,293.5541076660156,213.30941772460935,325.69287109375,245.017822265625,0.0046431859955191
tile_r018019_c009059,2,346.39422607421875,42.968055725097656,405.0757446289063,102.54815673828124,0.0045988615602254
tile_r018019_c009059,2,0.3034988343715668,163.23556518554688,28.7188663482666,199.2483673095703,0.0044823759235441
tile_r018019_c009059,2,361.4260864257813,61.24626541137695,389.0341796875,87.77500915527344,0.0044198324903845
tile_r018019_c009059,2,-0.1172912567853927,182.0961151123047,26.4306697845459,217.30221557617188,0.0043130740523338
tile_r018019_c009059,2,1.0910217761993408,-2.1229491233825684,49.92002487182617,42.9363899230957,0.0040129986591637
tile_r018019_c009059,2,-9.851373672485352,153.3184356689453,44.2423210144043,227.1392059326172,0.0039728507399559
tile_r018019_c009059,2,405.9191284179688,307.7236328125,437.1435546875,333.39617919921875,0.0034778208937495
tile_r018019_c009059,2,6.712170600891113,-2.8732008934021,53.79351806640625,30.0765438079834,0.0034301630221307
tile_r018019_c009059,2,491.6874084472656,233.994140625,510.40185546875,251.0676727294922,0.0033839102834463
tile_r018019_c009059,2,405.8417053222656,373.3838806152344,460.9698181152344,428.9432678222656,0.00321702263318
tile_r018019_c009059,2,7.86138916015625,-4.204936981201172,55.09465789794922,21.2568359375,0.0031965661328285
tile_r018019_c009059,2,14.093877792358398,-0.6250030398368835,49.622032165527344,17.162734985351562,0.0031517418101429
tile_r018019_c009059,2,41.4847412109375,342.7528686523437,83.9379653930664,379.0231323242188,0.0031014068517833
tile_r018019_c009059,2,12.500615119934082,1.6381378173828125,39.23371124267578,22.321231842041016,0.0030717684421688
tile_r018019_c009059,2,-3.276681423187256,239.5850524902344,20.34996032714844,296.2606506347656,0.0029146634042263
tile_r018019_c009059,2,-11.856658935546877,471.1629333496094,-0.9052703976631165,517.6864624023438,0.0028530426789075
tile_r018019_c009059,2,439.1954956054688,184.9207000732422,505.7296752929688,252.0466766357422,0.0027164591010659
tile_r018019_c009059,2,420.4849548339844,96.5351791381836,475.2658081054688,152.3038787841797,0.0026823210064321
tile_r018019_c009059,2,-11.963468551635742,480.7561950683594,2.9924025535583496,524.7999877929688,0.0023870640434324
tile_r018019_c009059,2,65.6561508178711,232.0186004638672,100.07218170166016,264.78173828125,0.0023633218370378
tile_r018019_c009059,2,409.2861328125,312.345458984375,432.4475708007813,328.8773803710937,0.0022342561278492
tile_r018019_c009059,2,-11.839162826538086,326.2645874023437,-0.3016082644462585,389.5602111816406,0.0020711373072117
tile_r018019_c009059,2,449.6588745117188,514.6219482421875,519.1506958007812,524.3148803710938,0.0019491831772029
tile_r018019_c009059,2,-12.647851943969728,252.9801025390625,-4.665168762207031,311.77105712890625,0.00193780020345
tile_r018019_c009059,2,152.06149291992188,515.5994262695312,232.9239044189453,524.7999877929688,0.0019067553803324
tile_r018019_c009059,2,-11.88531494140625,313.4701232910156,-0.298187255859375,377.5208129882813,0.0018906918121501
tile_r018019_c009059,2,203.4101104736328,515.0367431640625,288.7559509277344,524.7667846679688,0.0018861916614696
tile_r018019_c009059,2,475.1598510742188,209.0868225097656,511.5028381347656,254.4924774169922,0.0018768035806715
tile_r018019_c009059,2,202.4466094970703,510.9635620117188,266.1658020019531,517.63623046875,0.0018594664288684
tile_r018019_c009059,2,-6.014805793762207,249.53125,8.708000183105469,302.5567321777344,0.0018368539167568
tile_r018019_c009059,2,475.0697326660156,179.45938110351562,514.8560791015625,249.16537475585935,0.0018332552863284
tile_r018019_c009059,2,265.4017944335937,382.0588684082031,310.9676208496094,422.5715942382813,0.0018116201972588
tile_r018019_c009059,2,-12.718398094177246,168.1852264404297,-3.972829341888428,237.17794799804688,0.001673333812505
tile_r018019_c009059,2,138.7957305908203,515.1456298828125,219.35104370117188,524.7999877929688,0.0016538524068892
tile_r018019_c009059,2,88.75259399414062,354.3826599121094,132.40567016601562,399.7294006347656,0.0016528968699276
tile_r018019_c009059,2,-4.928082466125488,255.06753540039065,10.595987319946287,306.5877380371094,0.0016521015204489
tile_r018019_c009059,2,-11.892240524291992,338.8460388183594,-0.1998001039028167,404.06451416015625,0.0016313074156641
tile_r018019_c009059,2,70.74153137207031,515.6847534179688,151.1538848876953,524.7999877929688,0.0016296572284772
tile_r018019_c009059,2,8.604486465454102,325.68084716796875,41.1917839050293,391.0528259277344,0.0016287434846162
tile_r018019_c009059,2,-11.946382522583008,301.4803161621094,-0.4168197512626648,364.5245056152344,0.0016051633283495
tile_r018019_c009059,2,96.5317153930664,516.3821411132812,180.63253784179688,524.7999877929688,0.0016002480406314
tile_r018019_c009059,2,-11.984705924987791,352.72955322265625,-0.4305236935615539,415.7664489746094,0.0015894088428467
tile_r018019_c009059,2,111.2763214111328,516.0899658203125,193.7919921875,524.7999877929688,0.0015872318763285
tile_r018019_c009059,2,419.3475646972656,514.7166137695312,501.6297912597656,524.7999877929688,0.0015869357157498
tile_r018019_c009059,2,342.4979553222656,515.4752807617188,424.8818359375,524.7999877929688,0.0015572416596114
tile_r018019_c009059,2,82.63520812988281,516.2472534179688,164.0458221435547,524.7999877929688,0.001544019090943
tile_r018019_c009059,2,462.0333862304688,516.1380004882812,520.3896484375,524.60498046875,0.0015324645210057
tile_r018019_c009059,2,-6.015650749206543,202.5619659423828,37.0463981628418,258.8680725097656,0.0015160309849306
tile_r018019_c009059,2,315.643798828125,515.19384765625,400.358642578125,524.7999877929688,0.0015088351210579
tile_r018019_c009059,2,238.2392578125,515.3297729492188,323.5743103027344,524.7999877929688,0.0014814966125413
tile_r018019_c009059,2,215.54525756835935,515.5328979492188,300.756591796875,524.7999877929688,0.001466906745918
tile_r018019_c009059,2,-11.817767143249512,201.2584228515625,-0.719952404499054,259.87750244140625,0.0014355704188346
tile_r018019_c009059,2,124.6712646484375,515.4407348632812,205.76119995117188,524.7999877929688,0.0014310701517388
tile_r018019_c009059,2,369.5942993164063,515.0817260742188,447.0658264160156,524.7999877929688,0.0014164223102852
tile_r018019_c009059,2,3.883435010910034,332.9437561035156,38.87640380859375,398.0885620117188,0.0014147998299449
tile_r018019_c009059,2,-3.590890407562256,225.78805541992188,32.35647201538086,293.14825439453125,0.0014121594140306
tile_r018019_c009059,2,-11.52964973449707,-2.656365871429444,-1.1589279174804688,49.05415725708008,0.0013918231707066
tile_r018019_c009059,2,200.9343719482422,511.4239196777344,272.0289611816406,520.0152587890625,0.0013890675036236
tile_r018019_c009059,2,205.79672241210935,518.0169067382812,267.5551147460937,524.7999877929688,0.0013741578441113
tile_r018019_c009059,2,204.05322265625,504.80322265625,263.4327087402344,513.1168823242188,0.0013668786268681
tile_r018019_c009059,2,471.15032958984375,512.858154296875,524.7999877929688,524.6661376953125,0.0013644190039485
tile_r018019_c009059,2,162.4026641845703,516.1422729492188,247.4337158203125,524.7999877929688,0.001355082145892
tile_r018019_c009059,2,-12.002856254577637,449.31884765625,-0.6027160882949829,515.0438232421875,0.0013489400735124
tile_r018019_c009059,2,-5.572445869445801,167.95144653320312,1.880303978919983,218.42532348632807,0.0013061745557934
tile_r018019_c009059,2,-11.238842964172363,174.67726135253906,2.867269992828369,244.0261688232422,0.0012905992334708
tile_r018019_c009059,2,-12.107397079467772,365.9977416992188,-0.3705062866210937,428.8714904785156,0.0012748701265081
tile_r018019_c009059,2,4.133782863616943,-3.6435914039611816,63.54954147338867,47.6681022644043,0.0012729119043797
tile_r018019_c009059,2,425.8922729492188,98.3470458984375,469.3255004882813,146.50015258789062,0.0012516774004325
tile_r018019_c009059,2,29.800893783569336,337.76251220703125,77.21568298339844,375.2862243652344,0.001247065491043
tile_r018019_c009059,2,388.669921875,515.2057495117188,474.7919921875,524.7999877929688,0.0012358492240309
tile_r018019_c009059,2,-11.733248710632324,252.721435546875,0.9408340454101562,322.1539611816406,0.0011917662341147
tile_r018019_c009059,2,-12.542525291442873,166.28103637695312,-3.517932891845703,219.4820098876953,0.0011879716766998
tile_r018019_c009059,2,-11.748675346374512,5.978466987609863,-0.9451141357421876,63.690467834472656,0.0011726203374564
tile_r018019_c009059,2,24.1008243560791,113.8886260986328,44.319374084472656,132.091796875,0.0011709304526448
tile_r018019_c009059,2,489.9483337402344,96.3492202758789,519.7293701171875,161.7803192138672,0.0011669613886624
tile_r018019_c009059,2,-2.243003845214844,247.9024658203125,31.893177032470703,311.7140808105469,0.0011601404985412
tile_r018019_c009059,2,294.62908935546875,221.43185424804688,319.02197265625,241.78219604492188,0.0011537298560142
tile_r018019_c009059,2,465.6080017089844,168.3599853515625,517.5582275390625,245.54885864257807,0.0011511413613334
tile_r018019_c009059,2,-11.855062484741213,16.868810653686523,-0.6676696538925171,73.84733581542969,0.0011421683011576
tile_r018019_c009059,2,289.6783142089844,515.6144409179688,374.4178771972656,524.7999877929688,0.0011269189417362
tile_r018019_c009059,2,515.8865966796875,309.9795837402344,524.7605590820312,379.5304565429688,0.0011256283614784
tile_r018019_c009059,2,-12.017094612121582,289.65966796875,-0.3947555422782898,352.8408203125,0.0011254997225478
tile_r018019_c009059,2,-12.01525592803955,275.9760131835937,-0.2435836791992187,339.7295837402344,0.0011241981992498
tile_r018019_c009059,2,514.8600463867188,196.531494140625,524.3727416992188,262.97662353515625,0.0011053960770368
tile_r018019_c009059,2,478.12115478515625,111.2017822265625,515.1497802734375,165.3753662109375,0.0010971773881465
tile_r018019_c009059,2,354.40869140625,518.0446166992188,413.1456909179688,524.7999877929688,0.001094234874472
tile_r018019_c009059,2,402.5296325683594,364.0603332519531,485.6148071289063,430.8363342285156,0.0010879868641495
tile_r018019_c009059,2,290.8851013183594,207.3531494140625,335.462646484375,250.6822967529297,0.0010876179439947
tile_r018019_c009059,2,409.2559509277344,298.13043212890625,462.1519470214844,359.1727905273437,0.0010732571827247
tile_r018019_c009059,2,429.8308715820313,179.88232421875,490.5281372070313,252.61831665039065,0.0010683683212846
tile_r018019_c009059,2,275.66632080078125,516.0751953125,361.6756896972656,524.7999877929688,0.0010389600647613
tile_r018019_c009059,2,63.82051467895508,488.2794799804688,139.0845184326172,509.5304565429688,0.0010369369992986
tile_r018019_c009059,2,375.3410034179688,517.7785034179688,429.8250122070313,524.7999877929688,0.0010340268490836
tile_r018019_c009059,2,207.00912475585935,506.2820434570313,275.53338623046875,513.1480712890625,0.0010339110158383
tile_r018019_c009059,2,-12.10339641571045,437.5516662597656,-0.000552368175704,496.7926635742188,0.0010335585102438
tile_r018019_c009059,2,80.03910827636719,334.998291015625,135.746337890625,394.7037048339844,0.0010164672276005
tile_r018019_c009059,2,-12.13615608215332,48.522438049316406,-0.7155472040176392,108.6822280883789,0.0010102642700076
tile_r018019_c009059,2,-12.661343574523926,265.756591796875,-2.5196990966796875,325.4273986816406,0.0010045733070001
tile_r018019_c009315,2,271.5564270019531,180.9234619140625,305.6628112792969,210.6903076171875,0.7134044766426086
tile_r018019_c009315,2,196.5457000732422,196.90609741210935,236.531005859375,236.8460998535156,0.6778451800346375
tile_r018019_c009315,2,459.440673828125,80.15850830078125,514.862548828125,131.31344604492188,0.6707282662391663
tile_r018019_c009315,2,277.53778076171875,362.862548828125,336.1144104003906,410.6261291503906,0.6598575711250305
tile_r018019_c009315,2,196.2183074951172,311.2298889160156,243.7455596923828,359.198974609375,0.6298914551734924
tile_r018019_c009315,2,161.6349334716797,383.4557495117188,195.8979949951172,418.1961975097656,0.5884802341461182
tile_r018019_c009315,2,103.4500503540039,57.17876052856445,138.71426391601562,90.3487777709961,0.5877719521522522
tile_r018019_c009315,2,175.90982055664062,108.4050521850586,209.40658569335935,138.6082763671875,0.4954416453838348
tile_r018019_c009315,2,369.5081481933594,422.3381958007813,398.558837890625,452.18017578125,0.3602441251277923
tile_r018019_c009315,2,366.3232421875,420.1533203125,399.7298889160156,457.3191528320313,0.2537596523761749
tile_r018019_c009315,2,176.7371826171875,112.030517578125,204.4662170410156,137.168701171875,0.1893132030963897
tile_r018019_c009315,2,370.7364807128906,423.2479553222656,393.9212341308594,445.2024536132813,0.1163632720708847
tile_r018019_c009315,2,173.26254272460938,103.9216537475586,213.02066040039065,141.54031372070312,0.0968661531805992
tile_r018019_c009315,2,200.66683959960935,315.92047119140625,240.0066375732422,356.33819580078125,0.0707650631666183
tile_r018019_c009315,2,284.40643310546875,369.7874145507813,333.8883361816406,407.5692443847656,0.0585606060922145
tile_r018019_c009315,2,98.95106506347656,51.37760162353516,142.99964904785156,95.10545349121094,0.052943505346775
tile_r018019_c009315,2,192.2720184326172,191.56527709960935,240.12924194335935,240.7255401611328,0.0428993739187717
tile_r018019_c009315,2,43.3725700378418,219.14730834960935,64.53871154785156,241.06900024414065,0.041500087827444
tile_r018019_c009315,2,163.65884399414062,386.3540649414063,192.2926025390625,415.1666564941406,0.0375646501779556
tile_r018019_c009315,2,462.7305603027344,87.54694366455078,509.10107421875,126.40901184082033,0.021268792450428
tile_r018019_c009315,2,156.42959594726562,378.4553833007813,201.21115112304688,423.31396484375,0.0212213918566703
tile_r018019_c009315,2,273.48150634765625,184.32601928710935,301.3357849121094,206.6863250732422,0.0147915696725249
tile_r018019_c009315,2,363.14501953125,414.228515625,405.8257446289063,463.0535278320313,0.0135590303689241
tile_r018019_c009315,2,198.794189453125,201.8330535888672,231.76480102539065,234.10287475585935,0.0086977407336235
tile_r018019_c009315,2,151.5790557861328,310.0243835449219,180.1301727294922,330.2187194824219,0.0085708787664771
tile_r018019_c009315,2,267.1976623535156,176.1792755126953,309.3311462402344,215.95358276367188,0.0054889591410756
tile_r018019_c009315,2,40.4090690612793,216.473388671875,66.72349548339844,243.1119079589844,0.0054266289807856
tile_r018019_c009315,2,164.32186889648438,95.55119323730467,220.7980499267578,152.8809356689453,0.0050291484221816
tile_r018019_c009315,2,105.43692779541016,61.23564529418945,133.05723571777344,87.756103515625,0.0042977798730134
tile_r018019_c009315,2,279.2572326660156,351.7047424316406,343.7632751464844,415.587646484375,0.0042073372751474
tile_r018019_c009315,2,187.576171875,299.06988525390625,253.816162109375,368.4281921386719,0.0041138092055916
tile_r018019_c009315,2,90.55021667480467,42.97525787353516,149.28005981445312,102.7321319580078,0.0040543149225413
tile_r018019_c009315,2,373.3991088867188,432.21142578125,400.0701293945313,457.3889770507813,0.0039913095533847
tile_r018019_c009315,2,149.6385955810547,307.48834228515625,181.5894470214844,333.4522399902344,0.0036384162958711
tile_r018019_c009315,2,205.4082946777344,514.6265869140625,283.9252014160156,524.7999877929688,0.0035222535952925
tile_r018019_c009315,2,235.47543334960935,233.9713134765625,254.045166015625,250.3760986328125,0.0032720477320253
tile_r018019_c009315,2,194.40115356445312,514.2130737304688,271.3436279296875,524.59423828125,0.0030490464996546
tile_r018019_c009315,2,-11.532480239868164,10.8975248336792,-1.2736068964004517,69.69100189208984,0.0030453177168965
tile_r018019_c009315,2,453.31683349609375,72.00421142578125,517.7354736328125,139.58546447753906,0.0025635603815317
tile_r018019_c009315,2,182.9806671142578,184.27850341796875,247.6333465576172,252.2071228027344,0.0025602972600609
tile_r018019_c009315,2,149.9906768798828,373.6682739257813,205.5679168701172,429.45947265625,0.0025085848756134
tile_r018019_c009315,2,238.1881866455078,514.2320556640625,321.0777282714844,524.7841186523438,0.0023686252534389
tile_r018019_c009315,2,331.70819091796875,514.6453857421875,410.8955078125,524.7999877929688,0.0023003926035016
tile_r018019_c009315,2,153.11317443847656,312.1473693847656,176.85719299316406,329.00372314453125,0.0022866444196552
tile_r018019_c009315,2,263.87091064453125,514.7042236328125,348.0804138183594,524.7999877929688,0.0021200184710323
tile_r018019_c009315,2,304.2132873535156,514.3809814453125,386.4195251464844,524.7688598632812,0.0021068328060209
tile_r018019_c009315,2,356.7107849121094,409.7960815429688,414.5467224121094,471.53515625,0.0020669086370617
tile_r018019_c009315,2,163.78431701660156,514.5379638671875,247.71420288085935,524.7442626953125,0.0019836635328829
tile_r018019_c009315,2,281.19610595703125,184.52865600585935,305.0248413085937,206.9706573486328,0.0019461680203676
tile_r018019_c009315,2,277.9329833984375,514.5240478515625,360.68060302734375,524.7999877929688,0.0019016684964299
tile_r018019_c009315,2,354.80670166015625,514.599609375,435.3980102539063,524.7999877929688,0.0017977195093408
tile_r018019_c009315,2,513.5046997070312,154.6405792236328,524.7999877929688,233.40121459960935,0.0017781323986127
tile_r018019_c009315,2,269.48907470703125,347.6764221191406,347.35284423828125,423.9390258789063,0.0017358482582494
tile_r018019_c009315,2,513.3358764648438,185.5074615478516,524.7926025390625,257.7229919433594,0.0017156874528154
tile_r018019_c009315,2,513.3457641601562,170.77218627929688,524.7999877929688,246.2067413330078,0.001694600097835
tile_r018019_c009315,2,60.67668914794922,515.1488037109375,143.90115356445312,524.7999877929688,0.0016786627238616
tile_r018019_c009315,2,513.9168701171875,140.2766571044922,524.7999877929688,220.5418243408203,0.0016748098423704
tile_r018019_c009315,2,101.25456237792967,515.2589721679688,179.35183715820312,524.7999877929688,0.0016661229310557
tile_r018019_c009315,2,-11.94887638092041,27.81223487854004,-1.306430101394653,98.3614501953125,0.0016409000381827
tile_r018019_c009315,2,-11.621133804321287,0.0778793320059776,-1.3986999988555908,47.2420654296875,0.0016092851292341
tile_r018019_c009315,2,491.3583984375,63.285003662109375,524.3923950195312,142.3540496826172,0.0016034380532801
tile_r018019_c009315,2,513.994873046875,325.1244506835937,524.7716064453125,397.5504455566406,0.0015541820321232
tile_r018019_c009315,2,264.1939392089844,166.59262084960938,316.1898498535156,222.8237762451172,0.0015327805886045
tile_r018019_c009315,2,368.91119384765625,514.7399291992188,449.1139526367188,524.7999877929688,0.0015122427139431
tile_r018019_c009315,2,-12.800000190734863,515.5957641601562,64.55186462402344,524.7999877929688,0.0014946615556254
tile_r018019_c009315,2,435.1826171875,514.9490356445312,510.7193298339844,524.7999877929688,0.0014851677697151
tile_r018019_c009315,2,123.5924835205078,515.2350463867188,205.0144500732422,524.7999877929688,0.0014683027984574
tile_r018019_c009315,2,427.5564575195313,74.6871337890625,481.6121215820313,165.95352172851562,0.0014364052331075
tile_r018019_c009315,2,384.5440673828125,515.3656005859375,462.3789978027344,524.7999877929688,0.0014034007908776
tile_r018019_c009315,2,146.9948272705078,515.0650634765625,233.7757873535156,524.7999877929688,0.0013982447562739
tile_r018019_c009315,2,377.1376953125,438.8570861816406,400.2067260742188,457.7384338378906,0.0013724628370255
tile_r018019_c009315,2,-2.197064161300659,515.5126953125,79.63798522949219,524.7999877929688,0.0013257765676826
tile_r018019_c009315,2,513.7696533203125,404.9220581054688,524.7999877929688,472.52197265625,0.0013189975870773
tile_r018019_c009315,2,119.2636260986328,517.578125,174.0503387451172,524.7999877929688,0.001317870686762
tile_r018019_c009315,2,98.384765625,517.9349975585938,157.4610137939453,524.7999877929688,0.0013159308582544
tile_r018019_c009315,2,513.9039306640625,347.19708251953125,524.7860107421875,421.4614868164063,0.0013124125543981
tile_r018019_c009315,2,513.3405151367188,210.09310913085935,524.7999877929688,281.4249572753906,0.0013053243746981
tile_r018019_c009315,2,367.5345764160156,424.8767700195313,389.9376831054688,444.4482421875,0.0012494089314714
tile_r018019_c009315,2,194.09130859375,176.92367553710938,257.6676330566406,248.781982421875,0.0012359827524051
tile_r018019_c009315,2,183.5679931640625,110.6101531982422,214.3575897216797,138.7255401611328,0.0012345338473096
tile_r018019_c009315,2,34.95339584350586,515.522705078125,117.7551498413086,524.7999877929688,0.0012289475416764
tile_r018019_c009315,2,516.3570556640625,76.29137420654297,524.7999877929688,165.44894409179688,0.0012224988313391
tile_r018019_c009315,2,21.231246948242188,516.0455932617188,104.957275390625,524.7999877929688,0.0012167154345661
tile_r018019_c009315,2,150.45144653320312,298.3099365234375,206.23825073242188,359.60797119140625,0.0011989583726972
tile_r018019_c009315,2,513.6749877929688,378.6688537597656,524.7999877929688,450.62158203125,0.0011956442613154
tile_r018019_c009315,2,146.04544067382812,364.8122253417969,229.9852294921875,432.3453979492188,0.0011927770683541
tile_r018019_c009315,2,463.3737182617188,72.30549621582031,521.7598876953125,166.7144775390625,0.0011388654820621
tile_r018019_c009315,2,522.2026977539062,85.88130187988281,524.145751953125,149.76821899414062,0.0011366036487743
tile_r018019_c009315,2,0.5703140497207642,27.191356658935547,32.765625,82.25052642822266,0.001112041529268
tile_r018019_c009315,2,173.47802734375,180.43685913085935,234.6063995361328,252.6396484375,0.0011066904990002
tile_r018019_c009315,2,224.8241271972656,212.8915557861328,255.8710021972656,250.54183959960935,0.0010932475561276
tile_r018019_c009315,2,66.3835678100586,517.9365844726562,124.5883331298828,524.7999877929688,0.0010887058451771
tile_r018019_c009315,2,222.29263305664065,219.9788055419922,258.6490783691406,254.5783233642578,0.0010872755665332
tile_r018019_c009315,2,513.7512817382812,362.5494689941406,524.7999877929688,436.1714477539063,0.0010798320872709
tile_r018019_c009315,2,-12.118285179138184,44.72760009765625,-1.138453722000122,113.85699462890624,0.0010675335070118
tile_r018019_c009315,2,449.6271362304688,80.79444885253906,517.5455932617188,172.31748962402344,0.0010665993904694
tile_r018019_c009315,2,522.55224609375,89.9188232421875,524.1998901367188,155.86575317382812,0.0010662458371371
tile_r018019_c009315,2,458.2122192382813,436.0630798339844,517.1602783203125,513.5994262695312,0.0010640495456755
tile_r018019_c009315,2,425.7976684570313,324.1575622558594,452.8173828125,343.1731872558594,0.0010625810828059
tile_r018019_c009315,2,84.8487548828125,517.8228149414062,146.800537109375,524.7999877929688,0.0010556408669799
tile_r018019_c009315,2,202.2894592285156,209.35025024414065,253.60873413085935,254.1010284423828,0.0010507286060601
tile_r018019_c009315,2,408.1580200195313,515.2365112304688,488.61328125,524.7999877929688,0.0010405767243355
tile_r018019_c009315,2,289.85430908203125,342.8787536621094,360.0277709960937,417.1834411621094,0.0010382061591371
tile_r018019_c009315,2,396.8030395507813,63.20698928833008,478.0692443847656,176.5576629638672,0.0010333926184102
tile_r018019_c009315,2,514.99169921875,114.4649658203125,524.7249755859375,196.85208129882807,0.0010312441736459
tile_r018019_c009315,2,39.818321228027344,221.3306121826172,62.8706283569336,239.1439971923828,0.0010208901949226
tile_r018019_c009315,2,-12.59180736541748,40.577415466308594,-2.715467929840088,102.1521987915039,0.0010207161540165
tile_r018019_c009315,2,89.27294158935547,511.8812561035156,157.8311004638672,523.0570068359375,0.0010016546584665
tile_r018019_c009315,2,308.7646789550781,360.8218383789063,392.5602416992188,436.9230041503906,0.0010014891158789
tile_r018275_c008035,2,400.8650512695313,173.60665893554688,454.76953125,226.6248321533203,0.6885969638824463
tile_r018275_c008035,2,89.510986328125,423.69476318359375,161.4164276123047,496.1780700683594,0.6554440855979919
tile_r018275_c008035,2,12.678235054016112,293.8694763183594,76.2918701171875,356.4389038085937,0.6454724669456482
tile_r018275_c008035,2,130.77822875976562,86.62312316894531,188.6318359375,141.0525665283203,0.6424892544746399
tile_r018275_c008035,2,167.3013153076172,294.1827087402344,226.87973022460935,347.3924865722656,0.6417647004127502
tile_r018275_c008035,2,151.5004425048828,193.0360565185547,189.572021484375,232.1775665283203,0.6362770795822144
tile_r018275_c008035,2,439.52197265625,6.938427925109863,511.3626098632813,65.392333984375,0.6082767844200134
tile_r018275_c008035,2,306.41680908203125,471.8582458496094,354.63641357421875,509.7615661621094,0.5807929635047913
tile_r018275_c008035,2,436.80517578125,111.4764175415039,477.0577087402344,149.0800323486328,0.5311461091041565
tile_r018275_c008035,2,35.07664108276367,407.2404174804688,80.16468048095703,452.0962829589844,0.5201976299285889
tile_r018275_c008035,2,78.20338439941406,197.58810424804688,112.32547760009766,225.9966583251953,0.3709627687931061
tile_r018275_c008035,2,37.35587692260742,416.3074340820313,77.75569152832031,450.7593688964844,0.2252594232559204
tile_r018275_c008035,2,124.1611785888672,78.4509048461914,192.96646118164065,146.5452423095703,0.0889042019844055
tile_r018275_c008035,2,80.94023895263672,418.2390747070313,169.2638702392578,504.3511657714844,0.0827727764844894
tile_r018275_c008035,2,406.3351440429688,177.87399291992188,451.31591796875,221.8399658203125,0.0765107348561286
tile_r018275_c008035,2,0.243255615234375,129.8180389404297,25.405981063842773,172.39132690429688,0.0671237781643867
tile_r018275_c008035,2,439.005859375,115.75022888183594,471.2158203125,146.11404418945312,0.0661159455776214
tile_r018275_c008035,2,29.40453147888184,396.3970642089844,86.64752197265625,455.6044006347656,0.0632569938898086
tile_r018275_c008035,2,154.46669006347656,197.2244110107422,184.71722412109372,228.6740264892578,0.0628555342555046
tile_r018275_c008035,2,135.69448852539062,91.8831787109375,184.5847625732422,136.9112548828125,0.0584664829075336
tile_r018275_c008035,2,301.64459228515625,463.7891540527344,360.7640075683594,513.4978637695312,0.0525932647287845
tile_r018275_c008035,2,98.90106201171876,438.7794799804688,150.66653442382812,488.9964904785156,0.0510679706931114
tile_r018275_c008035,2,395.5789489746094,167.07308959960938,460.274658203125,230.755615234375,0.0509318523108959
tile_r018275_c008035,2,308.38385009765625,475.2572326660156,348.36187744140625,504.7841796875,0.0506610833108425
tile_r018275_c008035,2,432.6908264160156,104.93766784667967,486.9279174804688,151.46109008789062,0.0504617318511009
tile_r018275_c008035,2,20.567138671875,303.85858154296875,72.85245513916016,351.7455139160156,0.0487051084637641
tile_r018275_c008035,2,161.62086486816406,287.6595153808594,233.72866821289065,352.9964294433594,0.0391037613153457
tile_r018275_c008035,2,0.2440811097621917,119.0492935180664,27.52376747131348,170.1068572998047,0.0292466357350349
tile_r018275_c008035,2,0.1151184067130088,126.22074127197266,31.45005416870117,185.24240112304688,0.0258748158812522
tile_r018275_c008035,2,75.05204772949219,193.70834350585935,115.7808609008789,229.67236328125,0.0206874795258045
tile_r018275_c008035,2,313.0785217285156,476.453369140625,355.5453186035156,505.8600158691406,0.0167773626744747
tile_r018275_c008035,2,-1.437445044517517,119.00648498535156,24.066354751586918,181.16429138183597,0.0156399849802255
tile_r018275_c008035,2,296.0979919433594,214.4823760986328,325.6368713378906,240.639404296875,0.0144721111282706
tile_r018275_c008035,2,41.7359733581543,422.481689453125,76.17881774902344,448.048095703125,0.0122084142640233
tile_r018275_c008035,2,443.0098571777344,15.970019340515137,504.55517578125,58.05401611328125,0.0101537965238094
tile_r018275_c008035,2,0.7329696416854858,104.8369369506836,32.107505798339844,173.8995361328125,0.0094521483406424
tile_r018275_c008035,2,146.7954864501953,188.8989715576172,194.82003784179688,236.8321228027344,0.0082885641604661
tile_r018275_c008035,2,97.8442611694336,448.4572143554688,145.37234497070312,490.4974670410156,0.0078812539577484
tile_r018275_c008035,2,80.16865539550781,202.52230834960935,104.7560577392578,224.2898406982422,0.0077953157015144
tile_r018275_c008035,2,174.4239044189453,303.8591613769531,226.8549041748047,343.5971374511719,0.007523369975388
tile_r018275_c008035,2,4.306207180023193,283.82830810546875,85.22940063476562,367.4859924316406,0.0072351680137217
tile_r018275_c008035,2,112.8687973022461,276.3631286621094,134.55001831054688,296.7786560058594,0.0060708350501954
tile_r018275_c008035,2,-10.950909614562988,119.8495101928711,0.6311203241348267,190.78500366210935,0.0060379276983439
tile_r018275_c008035,2,39.33562088012695,60.72880935668945,57.73576736450195,77.09489440917969,0.0047154389321804
tile_r018275_c008035,2,171.6337890625,299.91973876953125,216.4109344482422,341.56170654296875,0.0045931986533105
tile_r018275_c008035,2,-1.5441100597381592,131.276611328125,35.62432098388672,194.6460418701172,0.0042132185772061
tile_r018275_c008035,2,432.651123046875,-4.46124267578125,518.8895874023438,78.3131332397461,0.0039998106658458
tile_r018275_c008035,2,116.3230438232422,426.7076110839844,156.73031616210938,464.3790893554688,0.0036383436527103
tile_r018275_c008035,2,141.4420928955078,182.8731384277344,200.79733276367188,243.5190887451172,0.003515135962516
tile_r018275_c008035,2,269.77154541015625,515.0155029296875,348.591064453125,524.7999877929688,0.0035078541841357
tile_r018275_c008035,2,83.31369018554688,199.9599609375,110.68717956542967,223.595947265625,0.0034692196641117
tile_r018275_c008035,2,158.84695434570312,200.8899383544922,187.42288208007807,228.6000061035156,0.0034310887567698
tile_r018275_c008035,2,-5.456301689147949,120.96080017089844,26.15835189819336,189.3902740478516,0.0033172636758536
tile_r018275_c008035,2,401.4541015625,20.20635414123535,424.8738403320313,40.57429885864258,0.0032471735030412
tile_r018275_c008035,2,158.43934631347656,280.50341796875,240.7506866455078,362.9561462402344,0.003072370076552
tile_r018275_c008035,2,-11.196825981140137,99.3872299194336,0.8691558837890625,174.52993774414062,0.0030309888534247
tile_r018275_c008035,2,161.43923950195312,513.71875,245.68014526367188,524.5960693359375,0.0029058919753879
tile_r018275_c008035,2,0.983630359172821,92.52638244628906,34.45378494262695,151.11231994628906,0.0027280477806925
tile_r018275_c008035,2,-11.91517448425293,138.6023406982422,0.2249374389648437,208.2007293701172,0.0025516233872622
tile_r018275_c008035,2,1.4664093255996704,137.63339233398438,25.421329498291016,182.32681274414065,0.0024485422763973
tile_r018275_c008035,2,37.42583084106445,56.74748992919922,59.7397346496582,78.17046356201172,0.0023767619859427
tile_r018275_c008035,2,1.3501617908477783,383.8103942871094,36.34842300415039,443.2735900878906,0.0023763980716466
tile_r018275_c008035,2,-0.8742431402206421,103.38908386230467,39.075660705566406,185.98611450195312,0.0022516918834298
tile_r018275_c008035,2,10.272241592407228,514.8831787109375,93.74095153808594,524.7999877929688,0.0022172408644109
tile_r018275_c008035,2,253.9649353027344,514.5471801757812,333.5814514160156,524.7999877929688,0.0021985205821692
tile_r018275_c008035,2,138.09347534179688,514.1190185546875,221.1333923339844,524.5198974609375,0.0020778595935553
tile_r018275_c008035,2,37.00139236450195,515.3097534179688,115.34739685058594,524.7999877929688,0.0020727629307657
tile_r018275_c008035,2,121.5260009765625,514.8104248046875,208.6741485595703,524.7999877929688,0.0020345691591501
tile_r018275_c008035,2,214.2451629638672,514.4576416015625,297.9630432128906,524.7999877929688,0.0019755023531615
tile_r018275_c008035,2,-12.18776512145996,414.42034912109375,0.0712432861328125,478.32525634765625,0.0019549457356333
tile_r018275_c008035,2,100.0006866455078,420.11419677734375,163.88619995117188,485.81927490234375,0.001913049025461
tile_r018275_c008035,2,115.59074401855467,70.61576080322266,200.1863555908203,156.85919189453125,0.0018977101426571
tile_r018275_c008035,2,-0.9232742190361024,117.294189453125,41.30846405029297,198.3481903076172,0.0018968883669003
tile_r018275_c008035,2,428.1973571777344,94.0624008178711,504.5504760742188,160.3107452392578,0.0018130866810679
tile_r018275_c008035,2,185.60818481445312,514.2676391601562,273.82110595703125,524.7999877929688,0.0017931815236806
tile_r018275_c008035,2,-4.209170341491699,96.47697448730467,28.81954574584961,177.41268920898438,0.0017660779412835
tile_r018275_c008035,2,-11.411295890808104,87.09552764892578,0.0425659194588661,157.77151489257812,0.0017593697411939
tile_r018275_c008035,2,93.3253402709961,498.4948120117188,170.3287353515625,511.7430725097656,0.0017108015017583
tile_r018275_c008035,2,239.7881317138672,513.8717041015625,320.6966247558594,524.4732666015625,0.0016931471182033
tile_r018275_c008035,2,108.9420166015625,273.869140625,135.4322052001953,300.841796875,0.0016492350259795
tile_r018275_c008035,2,443.6329040527344,19.016681671142575,478.0995178222656,55.03574752807617,0.001633055624552
tile_r018275_c008035,2,0.8665695190429688,93.9297332763672,40.930206298828125,163.8032684326172,0.0016288992483168
tile_r018275_c008035,2,319.6365661621094,515.854736328125,412.35546875,524.7999877929688,0.0016209871973842
tile_r018275_c008035,2,-0.5548065304756165,394.3987731933594,37.057106018066406,467.692138671875,0.0016111640725284
tile_r018275_c008035,2,382.880859375,515.6341552734375,464.5038146972656,524.7999877929688,0.0015921322628855
tile_r018275_c008035,2,295.4389038085937,456.58990478515625,374.9388122558594,520.6011962890625,0.0015803199494257
tile_r018275_c008035,2,0.8756805658340454,132.397216796875,18.973865509033203,174.30679321289062,0.0015773102641105
tile_r018275_c008035,2,338.52276611328125,515.9786376953125,427.8728637695313,524.7999877929688,0.0015239423373714
tile_r018275_c008035,2,399.698974609375,319.7626342773437,423.068603515625,339.8609924316406,0.0015029429923743
tile_r018275_c008035,2,-12.257990837097168,435.3462829589844,0.0838729888200759,511.0990295410156,0.0014983700821176
tile_r018275_c008035,2,-12.293441772460938,152.4689483642578,0.6832275390625,223.1943359375,0.0014753197319805
tile_r018275_c008035,2,356.1533203125,515.5775146484375,440.6292114257813,524.7999877929688,0.0014731305418536
tile_r018275_c008035,2,-12.04138469696045,379.7532958984375,0.1869476288557052,445.4859313964844,0.0014596002874895
tile_r018275_c008035,2,147.8939971923828,503.09814453125,225.46255493164065,513.22412109375,0.0014478485099971
tile_r018275_c008035,2,-12.062291145324709,389.0544738769531,0.5292709469795227,459.2293090820313,0.001407406758517
tile_r018275_c008035,2,-11.993865966796877,491.67236328125,3.9659957885742183,524.7999877929688,0.0013809804804623
tile_r018275_c008035,2,292.0462341308594,208.9461975097656,329.6468200683594,245.1105499267578,0.0013704670127481
tile_r018275_c008035,2,278.87408447265625,510.6878967285156,361.0633239746094,524.7999877929688,0.001346442499198
tile_r018275_c008035,2,-12.061807632446287,467.5645446777344,0.8229034543037415,517.8395385742188,0.0013061732752248
tile_r018275_c008035,2,24.815282821655277,391.4301452636719,94.4374542236328,462.6532287597656,0.001291629159823
tile_r018275_c008035,2,144.87710571289062,279.29833984375,184.28985595703125,354.89501953125,0.0012695953482761
tile_r018275_c008035,2,513.724609375,276.0943298339844,524.77880859375,347.48223876953125,0.0012258091010153
tile_r018275_c008035,2,104.7425765991211,498.3728942871094,188.33251953125,512.5748291015625,0.0012254337780177
tile_r018275_c008035,2,454.7760620117188,18.5764102935791,510.6953125,57.41596221923828,0.001222142484039
tile_r018275_c008035,2,513.6424560546875,290.7606201171875,524.7879028320312,358.7865905761719,0.0012031077640131
tile_r018275_c008035,2,418.8760681152344,176.7692108154297,450.2763671875,203.80783081054688,0.0011994404485449
tile_r018275_c008035,2,-3.818589687347412,-1.6264159679412842,38.09672927856445,51.39300537109375,0.0011974746594205
tile_r018275_c008035,2,257.9146423339844,502.4493103027344,329.326171875,513.31005859375,0.0011730230180546
tile_r018275_c008035,2,92.7555923461914,513.7185668945312,179.9909210205078,524.7999877929688,0.0011695441789925
tile_r018275_c008035,2,514.034423828125,240.43032836914065,524.7987060546875,309.1541442871094,0.0011616024421527
tile_r018275_c008035,2,515.3671875,11.911755561828612,524.70703125,84.4277572631836,0.0011476217769086
tile_r018275_c008035,2,401.325927734375,321.80242919921875,428.49896240234375,339.52569580078125,0.0011413971660658
tile_r018275_c008035,2,348.6055603027344,162.55612182617188,414.6712951660156,259.6244506835937,0.001138283056207
tile_r018275_c008035,2,36.45337677001953,512.3224487304688,109.43514251708984,524.3312377929688,0.0011294230353087
tile_r018275_c008035,2,403.3155212402344,319.7161560058594,429.1341857910156,336.4962463378906,0.0011267735389992
tile_r018275_c008035,2,-2.515972852706909,-2.3801772594451904,31.98052406311035,32.53741455078125,0.0011239423183724
tile_r018275_c008035,2,162.91732788085938,511.4615173339844,239.9116668701172,520.6041870117188,0.0011144775198772
tile_r018275_c008035,2,220.28121948242188,503.0250854492188,311.87908935546875,514.2615966796875,0.0010947937844321
tile_r018275_c008035,2,-12.040364265441896,271.6474304199219,-0.0334121696650981,338.75274658203125,0.0010813551489263
tile_r018275_c008035,2,448.7071228027344,497.9474487304688,518.8289794921875,514.1124877929688,0.0010790546657517
tile_r018275_c008035,2,514.4832153320312,451.4124145507813,524.7999877929688,516.5833129882812,0.0010719329584389
tile_r018275_c008035,2,118.77131652832033,427.9537048339844,154.0235595703125,457.6997985839844,0.0010623842244967
tile_r018275_c008035,2,486.26611328125,80.77281951904297,520.8778076171875,152.03372192382812,0.0010594523046165
tile_r018275_c008035,2,367.0884094238281,217.88980102539065,524.7999877929688,366.4070739746094,0.0010539231589064
tile_r018275_c008035,2,513.7899169921875,257.365478515625,524.7999877929688,336.23260498046875,0.0010501601500436
tile_r018275_c008035,2,1.706509351730347,102.63907623291016,28.58829689025879,150.65956115722656,0.0010482420912012
tile_r018275_c008035,2,0.9110183715820312,100.2481689453125,25.44688034057617,141.4214324951172,0.0010475951712578
tile_r018275_c008035,2,321.2040100097656,111.82243347167967,444.0858459472656,240.6775665283203,0.0010364623740315
tile_r018275_c008035,2,22.626672744750977,405.941162109375,90.9694595336914,475.6297302246094,0.0010248579783365
tile_r018275_c008035,2,351.0707092285156,178.31414794921875,429.5255737304688,282.4950256347656,0.001011983375065
tile_r018275_c008035,2,368.4800720214844,349.3855895996094,396.44384765625,368.3880004882813,0.0010088442359119
tile_r018275_c008035,2,61.28108596801758,172.73568725585938,121.84855651855467,243.55288696289065,0.0010081370128318
tile_r018275_c008035,2,-11.576440811157228,76.9255599975586,-0.581188976764679,138.83273315429688,0.0010014189174398
tile_r018275_c008291,2,482.339599609375,368.3479919433594,513.5357666015625,402.08392333984375,0.7508589029312134
tile_r018275_c008291,2,255.70263671875,65.0848159790039,312.845703125,115.7288818359375,0.6923925280570984
tile_r018275_c008291,2,144.624755859375,173.43008422851562,198.70248413085935,226.7670440673828,0.6902481913566589
tile_r018275_c008291,2,443.1555786132813,450.1353454589844,474.857421875,482.0357360839844,0.674842357635498
tile_r018275_c008291,2,482.2806701660156,431.2106323242188,513.3743896484375,467.1851501464844,0.6688680052757263
tile_r018275_c008291,2,351.5581970214844,201.62399291992188,401.39892578125,246.2762451171875,0.6587474346160889
tile_r018275_c008291,2,329.5773010253906,285.0794372558594,375.161865234375,326.566162109375,0.6543093323707581
tile_r018275_c008291,2,355.7933044433594,411.7674865722656,406.16546630859375,463.9540100097656,0.651412844657898
tile_r018275_c008291,2,273.24676513671875,142.59066772460938,325.4151306152344,190.2745361328125,0.6431145071983337
tile_r018275_c008291,2,183.6151580810547,7.292639255523682,254.42453002929688,65.14628601074219,0.6269354224205017
tile_r018275_c008291,2,366.046875,15.603546142578123,408.3910217285156,57.26294708251953,0.6079906225204468
tile_r018275_c008291,2,50.65763092041016,471.6788635253906,98.19873046875,509.7574768066406,0.6024557948112488
tile_r018275_c008291,2,180.65635681152344,111.4412841796875,220.8980407714844,149.14990234375,0.5589848756790161
tile_r018275_c008291,2,339.7518920898437,336.1319580078125,370.90423583984375,364.7799072265625,0.5509723424911499
tile_r018275_c008291,2,369.5103149414063,19.5473575592041,405.3621520996094,53.73906707763672,0.223929762840271
tile_r018275_c008291,2,279.4296875,415.5528259277344,318.0040588378906,452.2872009277344,0.1712872833013534
tile_r018275_c008291,2,336.1059875488281,333.5584411621094,373.4016418457031,367.8421325683594,0.1121474057435989
tile_r018275_c008291,2,325.485107421875,280.9491577148437,378.7651977539063,332.21783447265625,0.0893128812313079
tile_r018275_c008291,2,359.8312072753906,418.42877197265625,401.1398315429688,461.885986328125,0.085761047899723
tile_r018275_c008291,2,150.2244110107422,177.79940795898438,195.2831115722656,221.9656219482422,0.0802654772996902
tile_r018275_c008291,2,487.9270629882813,434.5013732910156,515.3074951171875,464.3709106445313,0.0793658569455146
tile_r018275_c008291,2,182.90505981445312,115.6632308959961,215.1398162841797,146.163818359375,0.0734252706170082
tile_r018275_c008291,2,446.7914123535156,454.17138671875,473.8050842285156,479.6737365722656,0.0633488297462463
tile_r018275_c008291,2,52.483642578125,475.21490478515625,91.7334976196289,504.84808349609375,0.0606911480426788
tile_r018275_c008291,2,139.4307861328125,166.78707885742188,204.4752197265625,231.05032348632807,0.0578441768884658
tile_r018275_c008291,2,277.307373046875,409.8468627929688,330.578857421875,455.9924926757813,0.057434756308794
tile_r018275_c008291,2,45.90673828125,463.2978515625,104.2427978515625,513.4605712890625,0.0529795587062835
tile_r018275_c008291,2,176.18508911132812,105.1392593383789,230.5878143310547,151.59390258789062,0.0481954701244831
tile_r018275_c008291,2,259.906494140625,70.36517333984375,304.737060546875,111.45509338378906,0.0385991372168064
tile_r018275_c008291,2,477.8658142089844,363.730224609375,516.5665283203125,404.999755859375,0.0321244932711124
tile_r018275_c008291,2,357.4047241210937,205.34909057617188,399.1851196289063,242.45260620117188,0.0286464858800172
tile_r018275_c008291,2,335.2974548339844,290.29083251953125,373.165771484375,322.79595947265625,0.0238382741808891
tile_r018275_c008291,2,265.4422302246094,135.037841796875,331.487060546875,196.49658203125,0.0233633965253829
tile_r018275_c008291,2,344.9991760253906,192.71304321289065,407.943603515625,251.8300323486328,0.0223726592957973
tile_r018275_c008291,2,250.6238250732422,55.94979095458984,319.0967712402344,120.25445556640624,0.0213138628751039
tile_r018275_c008291,2,57.25226974487305,476.6100463867188,99.10977935791016,505.7620239257813,0.0194480381906032
tile_r018275_c008291,2,484.18701171875,372.2142639160156,511.0479431152344,398.9654235839844,0.0176089089363813
tile_r018275_c008291,2,278.8497619628906,150.05148315429688,322.98797607421875,187.32296752929688,0.0147039787843823
tile_r018275_c008291,2,187.07948303222656,16.059051513671875,247.9520568847656,58.2469596862793,0.0106950541958212
tile_r018275_c008291,2,324.73370361328125,325.4142150878906,381.8331909179688,377.7928161621094,0.0104397544637322
tile_r018275_c008291,2,439.3917846679688,444.1922912597656,478.5375061035156,487.3085021972656,0.0089903259649872
tile_r018275_c008291,2,319.9112243652344,273.4566650390625,385.77142333984375,335.91375732421875,0.0086093312129378
tile_r018275_c008291,2,475.8795776367188,425.4503479003906,515.8870849609375,474.6880493164063,0.0085123619064688
tile_r018275_c008291,2,346.0277709960937,401.2151489257813,417.8147888183594,474.0506896972656,0.0069278003647923
tile_r018275_c008291,2,484.4261779785156,436.7080993652344,509.9144592285156,463.4872131347656,0.0068251667544245
tile_r018275_c008291,2,177.31808471679688,-5.670709133148193,263.1934814453125,76.94322967529297,0.0063679469749331
tile_r018275_c008291,2,281.4310607910156,419.5259704589844,311.2572326660156,449.9759826660156,0.0057372110895812
tile_r018275_c008291,2,39.7542724609375,213.0209197998047,70.04789733886719,240.91305541992188,0.0054862010292708
tile_r018275_c008291,2,355.13104248046875,209.99087524414065,392.2710266113281,242.2685089111328,0.0045445864088833
tile_r018275_c008291,2,273.77032470703125,404.52783203125,338.791015625,461.9124145507813,0.0041977106593549
tile_r018275_c008291,2,145.0885009765625,19.87066078186035,169.5581817626953,41.11267852783203,0.0040395986288785
tile_r018275_c008291,2,333.252197265625,320.6841735839844,380.47564697265625,371.2568359375,0.0039358166977763
tile_r018275_c008291,2,-11.829821586608888,385.4759216308594,-1.3367462158203125,450.922607421875,0.0032736312132328
tile_r018275_c008291,2,341.03057861328125,340.97613525390625,367.2384643554688,363.87347412109375,0.0030811601318418
tile_r018275_c008291,2,360.27276611328125,9.579882621765137,413.8699340820313,64.9269790649414,0.0026432576123625
tile_r018275_c008291,2,-11.87840461730957,396.0203247070313,-1.349279761314392,465.1446228027344,0.002569738542661
tile_r018275_c008291,2,143.9928741455078,319.717529296875,164.40615844726562,339.19342041015625,0.0025594108738005
tile_r018275_c008291,2,-11.86581802368164,289.60382080078125,-1.630059838294983,353.8975830078125,0.0025069713592529
tile_r018275_c008291,2,-11.955992698669434,300.1212463378906,-1.3929229974746704,366.2205505371094,0.0025058900937438
tile_r018275_c008291,2,-11.903447151184082,366.67181396484375,-1.0503158569335938,431.9524841308594,0.0024545628111809
tile_r018275_c008291,2,16.577381134033203,514.7420654296875,92.7007293701172,524.7999877929688,0.0024270711001008
tile_r018275_c008291,2,468.4920043945313,356.7186584472656,522.4318237304688,435.60357666015625,0.0023942238185554
tile_r018275_c008291,2,172.49929809570312,96.60905456542967,239.2703094482422,159.0174560546875,0.0023240169975906
tile_r018275_c008291,2,0.8013961911201477,246.68099975585935,31.81781578063965,299.5155639648437,0.0023070408497005
tile_r018275_c008291,2,-11.599026679992676,492.341552734375,2.4847092628479004,524.7999877929688,0.0021643044892698
tile_r018275_c008291,2,-11.690589904785156,474.9866333007813,-0.9958831667900084,518.2713623046875,0.0021241079084575
tile_r018275_c008291,2,-11.764693260192873,277.0587158203125,-1.704341173171997,342.1442565917969,0.00206109136343
tile_r018275_c008291,2,341.74981689453125,515.1765747070312,422.4132690429688,524.7999877929688,0.0020429396536201
tile_r018275_c008291,2,493.05572509765625,357.67059326171875,523.8021850585938,408.7366638183594,0.0019449440296739
tile_r018275_c008291,2,503.5997009277344,423.1958923339844,523.8854370117188,475.0738220214844,0.0019337804988026
tile_r018275_c008291,2,-11.899221420288086,409.5091247558594,-1.4510666131973269,478.0758361816406,0.0019156539347022
tile_r018275_c008291,2,-11.485960006713867,249.5572052001953,-1.4512298107147217,316.29156494140625,0.0018192589050158
tile_r018275_c008291,2,-11.642523765563965,262.30615234375,-1.3669723272323608,329.22222900390625,0.0018119101878255
tile_r018275_c008291,2,-11.89034938812256,424.9723510742188,-1.5324722528457642,491.1266479492188,0.0017996920505538
tile_r018275_c008291,2,-12.018536567687988,321.6365051269531,-1.023707628250122,389.9918212890625,0.0017971966881304
tile_r018275_c008291,2,283.771240234375,304.4530639648437,311.5208435058594,330.0638732910156,0.0017926584696397
tile_r018275_c008291,2,127.7292938232422,515.6652221679688,208.13037109375,524.7999877929688,0.0017763627693057
tile_r018275_c008291,2,349.52178955078125,0.924163818359375,422.47119140625,72.12666320800781,0.0017556946258991
tile_r018275_c008291,2,507.8688354492188,432.46923828125,519.6436767578125,470.1461791992188,0.0017466105055063
tile_r018275_c008291,2,-11.948440551757812,355.5318908691406,-0.8968719244003296,420.35693359375,0.0017308571841567
tile_r018275_c008291,2,-11.362833023071287,236.6686553955078,-2.1166625022888184,306.5054626464844,0.00169243873097
tile_r018275_c008291,2,301.97296142578125,515.45068359375,385.2073669433594,524.7999877929688,0.0016796954441815
tile_r018275_c008291,2,65.0333023071289,515.6837158203125,155.4994354248047,524.7999877929688,0.0016636431682854
tile_r018275_c008291,2,187.6459045410156,19.077686309814453,222.027099609375,55.0911865234375,0.0016196542419493
tile_r018275_c008291,2,316.9706420898437,273.8719177246094,394.9142456054688,350.5460510253906,0.0016175661003217
tile_r018275_c008291,2,0.60552978515625,199.0614776611328,35.051795959472656,260.6195678710937,0.0016019156901165
tile_r018275_c008291,2,199.0215301513672,18.484203338623047,253.177978515625,57.685279846191406,0.0015891834627836
tile_r018275_c008291,2,84.34855651855469,515.9105224609375,171.0298614501953,524.7999877929688,0.0015884663444012
tile_r018275_c008291,2,470.0404357910156,354.071533203125,521.2744140625,413.18072509765625,0.0015866440953686
tile_r018275_c008291,2,321.273193359375,309.84649658203125,400.7342834472656,383.7975158691406,0.0015855249948799
tile_r018275_c008291,2,101.3648452758789,515.5076904296875,183.9716796875,524.7999877929688,0.0015669066924601
tile_r018275_c008291,2,0.7122390866279602,228.46826171875,33.34264373779297,293.0044860839844,0.0015564080094918
tile_r018275_c008291,2,317.4341735839844,514.9495849609375,397.3759765625,524.6300659179688,0.0015004219021648
tile_r018275_c008291,2,366.2884216308594,514.3892822265625,446.6153869628906,524.6649169921875,0.001494294963777
tile_r018275_c008291,2,144.39273071289062,319.9886779785156,171.56143188476562,340.18524169921875,0.0014899712987244
tile_r018275_c008291,2,0.6728576421737671,211.8767547607422,34.34645462036133,275.8671875,0.0014834243338555
tile_r018275_c008291,2,40.76845550537109,456.7769470214844,116.95246887207033,520.3533935546875,0.0014644097536802
tile_r018275_c008291,2,522.1890869140625,425.3391723632813,524.2728271484375,480.3263549804688,0.0014610298676416
tile_r018275_c008291,2,315.748291015625,320.0035400390625,386.2262268066406,387.5332336425781,0.0014369915006682
tile_r018275_c008291,2,-11.30466365814209,221.7251434326172,-2.5772125720977783,294.6817932128906,0.0014082312118262
tile_r018275_c008291,2,-0.4254089295864105,406.5348510742188,37.75022506713867,467.97998046875,0.0013819455634802
tile_r018275_c008291,2,0.1006286591291427,397.2213439941406,36.46785736083984,455.66448974609375,0.0013654407812282
tile_r018275_c008291,2,289.7589416503906,515.697998046875,370.6051330566406,524.7999877929688,0.0013567570131272
tile_r018275_c008291,2,-0.4876724183559418,306.8450622558594,33.87202072143555,367.677001953125,0.001339370268397
tile_r018275_c008291,2,-11.253748893737791,206.051513671875,-2.6088149547576904,276.7255249023437,0.0013012132840231
tile_r018275_c008291,2,-11.212457656860352,194.65884399414065,-2.5348129272460938,263.6336975097656,0.0012874286621809
tile_r018275_c008291,2,514.0679931640625,32.7125358581543,524.7786254882812,101.75376892089844,0.0012865111930295
tile_r018275_c008291,2,-1.5924164056777954,365.8658142089844,36.95808410644531,435.1363220214844,0.0012862717267125
tile_r018275_c008291,2,280.1478576660156,284.3072814941406,323.7806701660156,333.0087280273437,0.0012794031063094
tile_r018275_c008291,2,-1.230889916419983,417.443115234375,40.721717834472656,483.6238708496094,0.0012722118990495
tile_r018275_c008291,2,265.96539306640625,359.2839050292969,361.28662109375,461.43017578125,0.0012711411109194
tile_r018275_c008291,2,-0.9433075189590454,354.83221435546875,36.424564361572266,419.13189697265625,0.0012693372555077
tile_r018275_c008291,2,-0.781341552734375,492.5849609375,47.93327713012695,512.4279174804688,0.0012672443408519
tile_r018275_c008291,2,-0.3678542971611023,300.92974853515625,33.543426513671875,354.08990478515625,0.0012658287305384
tile_r018275_c008291,2,196.86013793945312,500.9037170410156,260.5685729980469,514.2218627929688,0.0012657919432967
tile_r018275_c008291,2,-12.030377388000488,334.8853454589844,-0.8107239007949829,407.5802612304688,0.0012561889598146
tile_r018275_c008291,2,339.68212890625,341.572509765625,359.6685485839844,362.9781188964844,0.0012503125471994
tile_r018275_c008291,2,-1.22772216796875,380.82275390625,36.33046340942383,447.14892578125,0.0012378331739455
tile_r018275_c008291,2,162.98117065429688,176.76181030273438,194.1375274658203,203.73062133789065,0.0012253742897883
tile_r018275_c008291,2,4.836892604827881,515.4429321289062,76.44140625,524.7999877929688,0.001215006574057
tile_r018275_c008291,2,-1.7888962030410769,257.63165283203125,35.00059127807617,319.7930603027344,0.0012136029545217
tile_r018275_c008291,2,25.287891387939453,509.8619079589844,104.8635711669922,524.7999877929688,0.0011978722177445
tile_r018275_c008291,2,0.3396942019462585,317.5830078125,33.503028869628906,378.4342651367188,0.0011936783557757
tile_r018275_c008291,2,-11.15375518798828,185.4366149902344,-2.3512771129608154,250.4612274169922,0.0011912254849448
tile_r018275_c008291,2,283.478759765625,418.5330505371094,332.767333984375,450.952880859375,0.0011843109969049
tile_r018275_c008291,2,0.6588500738143921,186.02169799804688,42.60847091674805,245.232421875,0.0011782500660046
tile_r018275_c008291,2,475.9554748535156,420.58148193359375,524.5665893554688,479.49407958984375,0.0011649772059172
tile_r018275_c008291,2,-0.1066040024161338,342.588134765625,35.400047302246094,404.83209228515625,0.0011551644420251
tile_r018275_c008291,2,464.3223571777344,477.9623107910156,515.4166870117188,508.4982299804688,0.0011541810818016
tile_r018275_c008291,2,465.3191833496094,423.6911010742188,519.6469116210938,484.6115112304688,0.0011420991504564
tile_r018275_c008291,2,522.7434692382812,430.2081604003906,524.1082763671875,484.1297302246094,0.0011390574509277
tile_r018275_c008291,2,-1.9773575067520144,432.2410278320313,43.013427734375,504.3035278320313,0.0011284637730568
tile_r018275_c008291,2,514.8519287109375,350.334716796875,524.7999877929688,430.60546875,0.0011245731730014
tile_r018275_c008291,2,-0.3948425352573395,449.68603515625,42.416778564453125,510.1194458007813,0.0011189528740942
tile_r018275_c008291,2,3.454852342605591,496.6427612304688,62.36234664916992,513.25341796875,0.0011157852131873
tile_r018275_c008291,2,-11.90817642211914,439.2798767089844,-1.040441870689392,515.9228515625,0.0011136688990518
tile_r018275_c008291,2,397.2813415527344,423.9339904785156,477.6510620117188,501.2650451660156,0.0011107705067843
tile_r018275_c008291,2,291.1471252441406,146.18978881835938,359.08062744140625,218.27114868164065,0.0011029771994799
tile_r018275_c008291,2,112.1524658203125,349.0019226074219,140.35293579101562,368.6145324707031,0.0010949501302093
tile_r018275_c008291,2,0.2433929443359375,329.00341796875,33.83065414428711,392.105712890625,0.0010880283080041
tile_r018275_c008291,2,319.9981994628906,310.04656982421875,386.73626708984375,363.8462829589844,0.0010825162753462
tile_r018275_c008291,2,2.899511814117432,447.49993896484375,54.65174102783203,511.0872497558594,0.0010706409811973
tile_r018275_c008291,2,326.4636535644531,-2.552520751953125,384.9429321289063,32.120147705078125,0.0010645234724506
tile_r018275_c008291,2,380.0221862792969,502.3912048339844,445.5784301757813,513.1197509765625,0.001063451054506
tile_r018275_c008291,2,2.0914673805236816,427.7666931152344,57.20746994018555,507.8941345214844,0.001056291279383
tile_r018275_c008291,2,401.5289916992188,501.2681579589844,464.0120239257813,512.2249755859375,0.0010504103265702
tile_r018275_c008291,2,340.57574462890625,187.3534393310547,416.5901794433594,258.39801025390625,0.001041778945364
tile_r018275_c008291,2,329.03619384765625,286.3461303710937,384.7026977539063,345.679443359375,0.0010309391655027
tile_r018275_c008291,2,204.3404235839844,515.3728637695312,283.91033935546875,524.7999877929688,0.0010260218987241
tile_r018275_c008291,2,280.990234375,300.80401611328125,316.1568908691406,332.96539306640625,0.0010142085375264
tile_r018275_c008291,2,313.0165100097656,46.3768310546875,524.7999877929688,323.6189880371094,0.0010113361058756
tile_r018275_c008291,2,514.2540893554688,121.7825698852539,524.7091674804688,192.5622100830078,0.0010093401651829
tile_r018275_c008547,2,226.1255798339844,368.0384216308594,261.5132751464844,402.7452087402344,0.7496267557144165
tile_r018275_c008547,2,1.573828101158142,65.2268295288086,56.80376052856445,115.34431457519533,0.7154722213745117
tile_r018275_c008547,2,225.8431396484375,429.88812255859375,271.3625183105469,471.3901977539063,0.6940993070602417
tile_r018275_c008547,2,187.1433563232422,450.05810546875,218.9216766357422,482.1366271972656,0.6800530552864075
tile_r018275_c008547,2,95.5867156982422,201.6719207763672,145.2821044921875,246.19125366210935,0.6631266474723816
tile_r018275_c008547,2,73.82136535644531,285.1654663085937,119.00007629394533,326.2901916503906,0.6547101736068726
tile_r018275_c008547,2,100.0588836669922,411.8215942382813,150.04995727539062,463.6943359375,0.6508879661560059
tile_r018275_c008547,2,17.485065460205078,142.6107635498047,69.26179504394531,189.9942626953125,0.6493086218833923
tile_r018275_c008547,2,371.5641479492188,123.0976104736328,425.19677734375,166.92068481445312,0.6291745901107788
tile_r018275_c008547,2,110.2328872680664,15.670068740844728,152.2499237060547,57.1334342956543,0.6053852438926697
tile_r018275_c008547,2,83.94108581542969,336.304931640625,114.77082824707033,364.620361328125,0.5497509837150574
tile_r018275_c008547,2,22.55942726135254,411.8077087402344,71.0645980834961,453.5045776367188,0.2534801363945007
tile_r018275_c008547,2,23.80837631225586,415.7225646972656,62.86701583862305,451.7627868652344,0.2419458776712417
tile_r018275_c008547,2,113.5882339477539,19.605920791625977,149.25390625,53.65234375,0.226469874382019
tile_r018275_c008547,2,374.3553161621094,127.5103988647461,420.9334411621094,162.6516571044922,0.1668769866228103
tile_r018275_c008547,2,495.4212951660156,7.9478759765625,512.8990478515625,33.53710174560547,0.1620054692029953
tile_r018275_c008547,2,493.7953186035156,3.6636459827423096,515.20947265625,36.27717208862305,0.1584512442350387
tile_r018275_c008547,2,80.3550796508789,333.6669006347656,117.16975402832033,367.7110900878906,0.1049304828047752
tile_r018275_c008547,2,69.84285736083984,281.0529479980469,122.57847595214844,332.0185241699219,0.088642917573452
tile_r018275_c008547,2,103.9767608642578,418.5250854492188,144.97103881835938,461.7120056152344,0.0813042968511581
tile_r018275_c008547,2,190.7071075439453,454.0831909179688,217.86154174804688,479.82958984375,0.0711201652884483
tile_r018275_c008547,2,20.17327308654785,404.9063415527344,81.13533020019531,458.2764587402344,0.0623295865952968
tile_r018275_c008547,2,5.438513278961182,70.46390533447266,48.30620574951172,111.31736755371094,0.0560771450400352
tile_r018275_c008547,2,220.5471649169922,424.4138793945313,275.6588439941406,477.8781127929688,0.0459728203713893
tile_r018275_c008547,2,367.1346435546875,114.84559631347656,432.1246948242188,172.17691040039062,0.0398922339081764
tile_r018275_c008547,2,499.1593627929688,-0.1628906279802322,520.3935546875,36.29622268676758,0.0309079885482788
tile_r018275_c008547,2,101.4473648071289,205.3936004638672,143.17440795898438,242.40463256835935,0.0266247615218162
tile_r018275_c008547,2,487.6346130371094,-0.5732971429824829,515.143798828125,38.40519332885742,0.0255612470209598
tile_r018275_c008547,2,-2.97857666015625,56.182838439941406,62.906036376953125,120.0090789794922,0.0255480948835611
tile_r018275_c008547,2,9.851638793945312,134.926025390625,75.42643737792969,196.3657684326172,0.0247490555047988
tile_r018275_c008547,2,79.41789245605469,290.3765869140625,117.0562744140625,322.67779541015625,0.0230033379048109
tile_r018275_c008547,2,88.88179779052734,192.6237335205078,151.90121459960938,251.7789001464844,0.021234642714262
tile_r018275_c008547,2,221.63528442382807,362.70697021484375,265.1704406738281,405.195556640625,0.0186223685741424
tile_r018275_c008547,2,227.8079071044922,432.8875122070313,264.6083984375,467.2051696777344,0.0166264902800321
tile_r018275_c008547,2,22.923503875732425,150.05859375,66.92436981201172,187.1897430419922,0.014703239314258
tile_r018275_c008547,2,26.227832794189453,303.5625915527344,54.71966552734375,330.91632080078125,0.0146602727472782
tile_r018275_c008547,2,95.98919677734376,404.89056396484375,155.84170532226562,466.85931396484375,0.0125962542369961
tile_r018275_c008547,2,230.35287475585935,373.2556762695313,258.269287109375,400.0415954589844,0.0107978377491235
tile_r018275_c008547,2,69.85519409179688,325.83056640625,125.0264892578125,377.6001892089844,0.0089751807972788
tile_r018275_c008547,2,183.4249267578125,444.0779418945313,222.6634521484375,487.4822387695313,0.0088096344843506
tile_r018275_c008547,2,64.17549133300781,273.8426818847656,129.1027374267578,335.562255859375,0.0080747799947857
tile_r018275_c008547,2,233.4867706298828,435.9725646972656,269.584716796875,467.9551696777344,0.0063579380512237
tile_r018275_c008547,2,214.6031494140625,416.5665893554688,282.5068054199219,481.3419799804688,0.0053946976549923
tile_r018275_c008547,2,522.2789306640625,-1.5793335437774658,524.1668090820312,55.21002960205078,0.004932964220643
tile_r018275_c008547,2,99.12019348144533,209.9974822998047,136.1776580810547,242.2111053466797,0.0046168589033186
tile_r018275_c008547,2,29.080923080444336,308.00799560546875,53.88106536865234,329.1219787597656,0.0045968582853674
tile_r018275_c008547,2,511.0398559570313,-6.240618705749512,524.2464599609375,42.33823394775391,0.0042658396996557
tile_r018275_c008547,2,25.8276481628418,419.9172973632813,55.21357345581055,449.4993286132813,0.0039662448689341
tile_r018275_c008547,2,274.713134765625,274.322265625,301.48297119140625,294.4886779785156,0.0037390668876469
tile_r018275_c008547,2,77.3570785522461,320.7479858398437,124.3686981201172,371.131591796875,0.0037359241396188
tile_r018275_c008547,2,85.16752624511719,341.12078857421875,111.1014633178711,363.7702941894531,0.0032617240212857
tile_r018275_c008547,2,-10.856582641601562,53.436805725097656,4.602758884429932,130.52230834960938,0.0028701210394501
tile_r018275_c008547,2,485.5834045410156,-12.800000190734863,520.6556396484375,47.15108108520508,0.0028174836188554
tile_r018275_c008547,2,-11.11952781677246,69.35601043701172,1.3289626836776731,140.201416015625,0.0027696364559233
tile_r018275_c008547,2,491.7097778320313,188.1637420654297,513.0017700195312,213.9519805908203,0.0026383381336927
tile_r018275_c008547,2,213.64144897460935,352.787109375,272.680419921875,412.6549377441406,0.0025914327707141
tile_r018275_c008547,2,104.3920440673828,9.478113174438477,157.7661590576172,64.8423080444336,0.0024468225892633
tile_r018275_c008547,2,27.691137313842773,418.73443603515625,77.4139633178711,450.4058227539063,0.0023650468792766
tile_r018275_c008547,2,-11.774996757507324,8.303906440734863,-1.4774856567382812,62.6923713684082,0.0022821645252406
tile_r018275_c008547,2,334.1542358398437,514.7107543945312,412.161865234375,524.7398681640625,0.0022539221681654
tile_r018275_c008547,2,-11.652036666870115,132.56546020507812,-1.0118621587753296,199.1397247314453,0.0022336738184094
tile_r018275_c008547,2,-11.72321605682373,144.18124389648438,-1.016332983970642,212.4280548095703,0.002171320375055
tile_r018275_c008547,2,22.41373062133789,291.066162109375,63.04337310791016,333.9620666503906,0.0021456636022776
tile_r018275_c008547,2,-11.666863441467283,120.38420104980467,-1.308685302734375,187.8079833984375,0.0020976287778466
tile_r018275_c008547,2,13.087011337280272,380.02099609375,92.7741241455078,460.1749877929688,0.0020398292690515
tile_r018275_c008547,2,86.18194580078125,515.2843627929688,166.35748291015625,524.7999877929688,0.0019761268049478
tile_r018275_c008547,2,521.4714965820312,-7.30780029296875,524.7974853515625,45.61360931396485,0.001872866647318
tile_r018275_c008547,2,272.2396850585937,273.52410888671875,295.212158203125,295.4525451660156,0.0018635597079992
tile_r018275_c008547,2,522.7487182617188,-0.994354248046875,524.12451171875,59.56534576416016,0.001849073683843
tile_r018275_c008547,2,305.19903564453125,514.7952880859375,388.9916076660156,524.7999877929688,0.0018082510214298
tile_r018275_c008547,2,497.0914001464844,-4.220434665679932,523.3494262695312,41.27070999145508,0.0017869115108624
tile_r018275_c008547,2,493.7073669433594,173.6864776611328,518.1820068359375,221.11703491210935,0.0017728582024574
tile_r018275_c008547,2,-11.845810890197754,157.63671875,-1.086578369140625,226.3539123535156,0.001717880833894
tile_r018275_c008547,2,290.9972229003906,514.40234375,375.08306884765625,524.7999877929688,0.0016319139394909
tile_r018275_c008547,2,471.6950073242188,-12.800000190734863,519.1031494140625,54.22858810424805,0.0015992138069123
tile_r018275_c008547,2,356.69403076171875,515.3729248046875,437.9759826660156,524.7999877929688,0.0015831377822905
tile_r018275_c008547,2,110.30549621582033,514.4107666015625,191.1890869140625,524.6947021484375,0.0015739827649667
tile_r018275_c008547,2,-11.96800422668457,172.01171875,-1.1416168212890625,238.8046417236328,0.0015359239187091
tile_r018275_c008547,2,487.7735290527344,-3.366919040679932,524.4664916992188,51.5406494140625,0.0015164749929681
tile_r018275_c008547,2,-10.9642915725708,38.268165588378906,4.296804904937744,117.2540512084961,0.0015009957132861
tile_r018275_c008547,2,258.12164306640625,514.71142578125,333.49615478515625,524.6781005859375,0.0014840622898191
tile_r018275_c008547,2,61.81339645385742,274.0253295898437,138.81198120117188,350.062744140625,0.0014431353192776
tile_r018275_c008547,2,45.54448318481445,515.6285400390625,128.81155395507812,524.7999877929688,0.0014340230263769
tile_r018275_c008547,2,470.9730529785156,-5.1930437088012695,516.75,42.204856872558594,0.0014275365974754
tile_r018275_c008547,2,496.1005859375,170.3048858642578,515.9423828125,213.95980834960935,0.0013979844516143
tile_r018275_c008547,2,66.3350601196289,309.4200134277344,144.46450805664062,383.9915466308594,0.0013707287143915
tile_r018275_c008547,2,-2.0071702003479004,-1.2156860828399658,36.61211395263672,34.67911911010742,0.0013431758852675
tile_r018275_c008547,2,93.5873565673828,0.4696594178676605,167.96676635742188,71.89491271972656,0.0013331732479855
tile_r018275_c008547,2,61.012451171875,515.1246948242188,141.31759643554688,524.6788330078125,0.0013327390188351
tile_r018275_c008547,2,-11.667901992797852,108.8332290649414,-1.6601760387420654,175.684814453125,0.0013313497183844
tile_r018275_c008547,2,242.9059600830078,514.8649291992188,321.31121826171875,524.7999877929688,0.0013085159007459
tile_r018275_c008547,2,281.04449462890625,514.58203125,359.3097229003906,524.7559814453125,0.0012975815916433
tile_r018275_c008547,2,-11.469244003295898,85.97930908203125,-1.629634141921997,150.47470092773438,0.0012841429561376
tile_r018275_c008547,2,-11.720044136047363,0.7591842412948608,-0.9925994873046876,48.57859420776367,0.00125758361537
tile_r018275_c008547,2,18.28204727172852,395.9794006347656,88.85262298583984,463.7589721679688,0.0012575363507494
tile_r018275_c008547,2,14.254254341125488,73.68570709228516,55.88880157470703,111.29798889160156,0.0012429399648681
tile_r018275_c008547,2,83.74188232421875,341.7708435058594,103.39791107177734,362.78265380859375,0.0012420493876561
tile_r018275_c008547,2,448.7762756347656,512.1295166015625,515.9393310546875,521.9742431640625,0.0012225680984556
tile_r018275_c008547,2,490.8977966308594,249.47317504882807,514.0096435546875,277.5714111328125,0.0012059169821441
tile_r018275_c008547,2,-8.766641616821289,135.2858123779297,17.00283432006836,216.0918426513672,0.0011671825777739
tile_r018275_c008547,2,74.3997573852539,289.52154541015625,128.5599365234375,344.7220764160156,0.001166048576124
tile_r018275_c008547,2,-12.122941970825195,185.3724822998047,-0.9011214971542358,253.1373291015625,0.001163235050626
tile_r018275_c008547,2,285.39227294921875,352.93927001953125,317.31304931640625,379.1988830566406,0.0011629082728177
tile_r018275_c008547,2,35.578269958496094,147.95016479492188,101.8127670288086,217.4241943359375,0.0011512855999171
tile_r018275_c008547,2,514.9573974609375,-12.800000190734863,524.7999877929688,52.006439208984375,0.0010987180285155
tile_r018275_c008547,2,141.2442626953125,423.6072387695313,221.7450408935547,501.2982482910156,0.0010985725093632
tile_r018275_c008547,2,70.11822509765625,-2.1289398670196533,127.11216735839844,31.30320167541504,0.0010914806043729
tile_r018275_c008547,2,33.36419677734375,515.8551635742188,114.1338348388672,524.7999877929688,0.0010858956957235
tile_r018275_c008547,2,476.4336853027344,172.15664672851562,520.6975708007812,241.5264129638672,0.0010751606896519
tile_r018275_c008547,2,58.39935302734375,320.37127685546875,130.03155517578125,388.51611328125,0.0010727195767685
tile_r018275_c008547,2,268.38336181640625,501.95166015625,336.1854553222656,513.4053955078125,0.0010613822378218
tile_r018275_c008547,2,-11.607595443725586,99.05322265625,-2.055616855621338,161.47933959960938,0.0010452872375026
tile_r018275_c008547,2,123.5818328857422,502.5642700195313,190.7117156982422,513.083984375,0.0010411191033199
tile_r018275_c008547,2,477.5122985839844,181.9623565673828,520.6804809570312,274.44598388671875,0.0010372920660302
tile_r018275_c008547,2,64.25020599365234,309.6927185058594,130.00262451171875,363.403564453125,0.001028447994031
tile_r018275_c008547,2,145.4796142578125,501.81689453125,209.8324432373047,512.2601318359375,0.0010221359552815
tile_r018275_c008547,2,-1.3127578496932983,0.0841857939958572,36.5122184753418,52.43787384033203,0.0010201362892985
tile_r018275_c008547,2,136.2084503173828,513.6803588867188,215.2639923095703,524.3348388671875,0.0010106295812875
tile_r018275_c008547,2,380.4567260742188,515.80224609375,463.6355590820313,524.7999877929688,0.0010078561026602
tile_r018275_c008547,2,483.4752807617188,197.63247680664065,519.8458251953125,274.9716186523437,0.0010040934430435
tile_r018275_c008547,2,-11.44953727722168,22.45491981506348,2.1765060424804688,95.81974792480467,0.0010039695771411
tile_r018275_c008803,2,317.6049499511719,182.3378143310547,385.2486572265625,242.13748168945312,0.6891631484031677
tile_r018275_c008803,2,357.229736328125,339.31158447265625,429.47216796875,414.53900146484375,0.6691638827323914
tile_r018275_c008803,2,430.1661071777344,471.8558654785156,492.7653198242188,513.6695556640625,0.6438887119293213
tile_r018275_c008803,2,115.22698974609376,122.9749526977539,169.81497192382812,167.49148559570312,0.6201384663581848
tile_r018275_c008803,2,401.99609375,285.01959228515625,440.90234375,323.80633544921875,0.620101809501648
tile_r018275_c008803,2,282.99761962890625,74.05043029785156,343.5289306640625,127.1387176513672,0.6079436540603638
tile_r018275_c008803,2,290.99481201171875,420.5888671875,325.3447265625,451.3493041992188,0.5921810865402222
tile_r018275_c008803,2,240.20687866210935,8.549629211425781,271.87548828125,35.381683349609375,0.5819264054298401
tile_r018275_c008803,2,235.197509765625,3.6353392601013184,276.3873596191406,37.38762283325195,0.3191673159599304
tile_r018275_c008803,2,365.3244018554688,428.07275390625,406.7130737304688,469.3844604492188,0.308849424123764
tile_r018275_c008803,2,323.3777770996094,488.6353454589844,361.1311950683594,512.2579956054688,0.2178494334220886
tile_r018275_c008803,2,293.4083557128906,424.2783203125,323.3285217285156,448.9896545410156,0.1684203296899795
tile_r018275_c008803,2,117.96760559082033,127.29801940917967,165.4713897705078,163.10379028320312,0.1485296636819839
tile_r018275_c008803,2,322.0401306152344,492.42083740234375,367.7509765625,512.938720703125,0.1071256548166275
tile_r018275_c008803,2,363.1412048339844,420.7740783691406,416.213623046875,472.11663818359375,0.0870313718914985
tile_r018275_c008803,2,369.55963134765625,434.0549926757813,404.5160217285156,468.0000915527344,0.0855863466858863
tile_r018275_c008803,2,290.6068420410156,82.8415298461914,341.3382873535156,123.5823745727539,0.0763269662857055
tile_r018275_c008803,2,323.0188903808594,190.4400177001953,381.9376831054688,237.8323974609375,0.0578030496835708
tile_r018275_c008803,2,404.1720581054688,289.96978759765625,436.8680725097656,320.9034729003906,0.050873015075922
tile_r018275_c008803,2,350.1913452148437,113.579345703125,379.6847534179688,136.9906768798828,0.0499174520373344
tile_r018275_c008803,2,325.54132080078125,491.1556091308594,352.4999084472656,511.706298828125,0.0389276966452598
tile_r018275_c008803,2,110.5123062133789,114.6665496826172,177.38681030273438,172.80014038085938,0.031860239803791
tile_r018275_c008803,2,397.0039978027344,278.55279541015625,445.4454040527344,328.24713134765625,0.0242262464016675
tile_r018275_c008803,2,317.7431640625,486.0821838378906,364.800048828125,513.7012329101562,0.0182090289890766
tile_r018275_c008803,2,360.1954650878906,412.6659240722656,424.181884765625,476.4151306152344,0.0175161287188529
tile_r018275_c008803,2,-0.4006538391113281,437.1399841308594,19.088520050048828,471.90325927734375,0.0167612917721271
tile_r018275_c008803,2,348.6822814941406,331.1292419433594,437.3470153808594,421.714111328125,0.0152915846556425
tile_r018275_c008803,2,241.5154266357422,11.14618682861328,267.3026428222656,32.730194091796875,0.0141773363575339
tile_r018275_c008803,2,346.7894897460937,109.27937316894533,382.2737731933594,141.0809326171875,0.0090288463979959
tile_r018275_c008803,2,366.3713989257813,354.1317749023437,423.2415161132813,409.531494140625,0.0079030096530914
tile_r018275_c008803,2,285.9229431152344,414.34808349609375,328.75469970703125,455.5465393066406,0.0076901540160179
tile_r018275_c008803,2,16.62201499938965,273.85675048828125,39.5737419128418,296.02313232421875,0.0068208561278879
tile_r018275_c008803,2,435.7536010742188,474.7792053222656,483.7002868652344,512.8319091796875,0.0061634895391762
tile_r018275_c008803,2,270.51788330078125,59.33782958984375,350.8301696777344,132.34014892578125,0.0052715432830154
tile_r018275_c008803,2,0.3968505859375,429.1568908691406,25.053936004638672,475.479248046875,0.004602373111993
tile_r018275_c008803,2,309.97430419921875,169.94692993164062,394.7843627929688,253.2857360839844,0.0045226509682834
tile_r018275_c008803,2,321.8650207519531,-0.1460319459438324,357.4703369140625,16.277929306030273,0.0043624588288366
tile_r018275_c008803,2,-11.303166389465332,421.0298767089844,-0.7271407842636108,479.3192443847656,0.0041404119692742
tile_r018275_c008803,2,423.22259521484375,465.3282165527344,502.31060791015625,524.0023193359375,0.0037363518495112
tile_r018275_c008803,2,351.27899169921875,116.03536224365234,375.2928466796875,135.52796936035156,0.0036403166595846
tile_r018275_c008803,2,359.02203369140625,396.2093200683594,433.2418823242188,476.6860961914063,0.0034765866585075
tile_r018275_c008803,2,226.5573272705078,-5.047570705413818,283.6966857910156,47.746681213378906,0.0032878827769309
tile_r018275_c008803,2,388.15142822265625,270.1748046875,451.39849853515625,331.1136169433594,0.0026143379509449
tile_r018275_c008803,2,513.7804565429688,258.9335327148437,524.7999877929688,338.0257263183594,0.0024505881592631
tile_r018275_c008803,2,-11.735852241516112,426.7883911132813,0.0158737190067768,491.6459045410156,0.0024477804545313
tile_r018275_c008803,2,318.958984375,0.378527820110321,359.85125732421875,19.71955299377441,0.0023873525205999
tile_r018275_c008803,2,-4.342599391937256,423.4115295410156,14.906982421875,475.2097778320313,0.0023387947585433
tile_r018275_c008803,2,239.007080078125,0.8490707278251648,276.77252197265625,28.939111709594727,0.0022093872539699
tile_r018275_c008803,2,476.4232482910156,517.21728515625,524.7999877929688,524.7999877929688,0.0021381238475441
tile_r018275_c008803,2,331.36114501953125,513.145751953125,396.4884338378906,524.7193603515625,0.0020187180489301
tile_r018275_c008803,2,513.8364868164062,232.4104766845703,524.7999877929688,313.9765014648437,0.0020133156795054
tile_r018275_c008803,2,78.40971374511719,514.8433837890625,156.1791534423828,524.7313842773438,0.0019828444346785
tile_r018275_c008803,2,513.9803466796875,216.6112365722656,524.7999877929688,299.99169921875,0.0019804744515568
tile_r018275_c008803,2,514.0355224609375,195.1429443359375,524.7999877929688,270.4203491210937,0.0019633155316114
tile_r018275_c008803,2,493.21484375,181.3661956787109,519.5628662109375,252.9164123535156,0.001893215929158
tile_r018275_c008803,2,318.2705078125,483.4832153320313,377.7579040527344,514.3541259765625,0.0018294749315828
tile_r018275_c008803,2,513.3098754882812,159.64942932128906,524.7999877929688,236.8533172607422,0.001825152314268
tile_r018275_c008803,2,-12.094317436218262,488.666015625,2.5792510509490967,524.7999877929688,0.0018236665055155
tile_r018275_c008803,2,316.2320861816406,495.9378051757813,378.2615661621094,523.17626953125,0.0018189437687397
tile_r018275_c008803,2,398.6823120117188,513.1974487304688,483.2155151367188,524.7999877929688,0.0018182781059294
tile_r018275_c008803,2,323.66143798828125,511.69573974609375,393.1973571777344,519.285888671875,0.0018161124316975
tile_r018275_c008803,2,513.1574096679688,149.2689971923828,524.7999877929688,221.5473175048828,0.0018097036518156
tile_r018275_c008803,2,311.00885009765625,473.6451110839844,368.6091918945313,514.3141479492188,0.0017599964048713
tile_r018275_c008803,2,-3.030644178390503,409.8595581054688,31.11094284057617,473.2810668945313,0.0017513743368908
tile_r018275_c008803,2,-12.13701343536377,471.6143493652344,-0.4696212708950043,518.27197265625,0.0017459955997765
tile_r018275_c008803,2,513.8408813476562,282.6026916503906,524.7999877929688,359.5352478027344,0.0017307510133832
tile_r018275_c008803,2,457.0724487304688,501.0712890625,506.2003784179688,512.5206909179688,0.0017265527276322
tile_r018275_c008803,2,513.440673828125,174.03335571289062,524.7265014648438,248.48861694335935,0.0016511029098182
tile_r018275_c008803,2,278.8603210449219,512.1890869140625,367.3862915039063,524.7999877929688,0.0016204895218834
tile_r018275_c008803,2,-11.308786392211914,240.4130401611328,-0.8705962896347046,297.96728515625,0.0015957989962771
tile_r018275_c008803,2,499.4452209472656,330.7499389648437,518.1047973632812,390.8943481445313,0.001592697808519
tile_r018275_c008803,2,48.84696578979492,514.9074096679688,132.595703125,524.7999877929688,0.0015689176507294
tile_r018275_c008803,2,385.1892700195313,516.3992919921875,460.0480346679688,524.7999877929688,0.0015565390931442
tile_r018275_c008803,2,513.3746948242188,17.515783309936523,524.7896728515625,91.05479431152344,0.0015145988436415
tile_r018275_c008803,2,-12.013760566711426,328.8798828125,-1.2675307989120483,388.2454528808594,0.0015007733600214
tile_r018275_c008803,2,297.8968505859375,489.5475463867188,375.3123168945313,513.33349609375,0.0014949354808777
tile_r018275_c008803,2,513.6690673828125,-10.422350883483888,524.7999877929688,67.30305480957031,0.001489347196184
tile_r018275_c008803,2,512.9656372070312,127.47908020019533,524.7999877929688,196.1383514404297,0.0014887955039739
tile_r018275_c008803,2,215.1890563964844,-5.247015476226807,281.26123046875,35.968589782714844,0.0014784616651013
tile_r018275_c008803,2,328.05035400390625,1.459686279296875,356.72100830078125,19.38632202148437,0.0014601522125303
tile_r018275_c008803,2,521.2724609375,347.5957946777344,524.5689697265625,414.2726440429688,0.0014401588123291
tile_r018275_c008803,2,514.28369140625,338.4525756835937,524.7531127929688,408.95501708984375,0.0014239887241274
tile_r018275_c008803,2,34.977027893066406,514.5596923828125,118.5299301147461,524.7999877929688,0.0014214483089745
tile_r018275_c008803,2,101.3721160888672,515.4367065429688,181.53890991210935,524.7999877929688,0.0014107164461165
tile_r018275_c008803,2,231.26773071289065,-2.8030991554260254,278.86737060546875,39.5279426574707,0.0014097655657678
tile_r018275_c008803,2,321.6240234375,493.6268005371094,356.57391357421875,511.6778869628906,0.001407797448337
tile_r018275_c008803,2,303.1162414550781,87.16033935546875,340.20367431640625,121.33480072021484,0.0014026953140273
tile_r018275_c008803,2,324.6407165527344,500.2774353027344,390.5997924804688,512.9337158203125,0.0014000661903992
tile_r018275_c008803,2,324.013427734375,-1.5970375537872314,360.800048828125,5.6736602783203125,0.0013445791555568
tile_r018275_c008803,2,485.52874755859375,190.1332550048828,521.1151733398438,268.2164611816406,0.0013246975140646
tile_r018275_c008803,2,345.0549621582031,96.01237487792967,389.56439208984375,143.72634887695312,0.001318939263001
tile_r018275_c008803,2,311.11944580078125,-0.86956787109375,361.393310546875,23.95115089416504,0.0013105066027492
tile_r018275_c008803,2,439.0196228027344,483.040771484375,494.2630004882813,512.264892578125,0.0013004087377339
tile_r018275_c008803,2,272.0503845214844,406.0838012695313,339.51513671875,500.05810546875,0.0012978238519281
tile_r018275_c008803,2,335.50152587890625,516.4576416015625,421.80706787109375,524.7999877929688,0.0012958408333361
tile_r018275_c008803,2,430.9710083007813,495.6639709472656,491.4864196777344,512.5203247070312,0.001272864639759
tile_r018275_c008803,2,488.9004821777344,215.3087921142578,511.2286987304688,241.597412109375,0.0012584469513967
tile_r018275_c008803,2,5.190783500671387,515.1156005859375,77.42051696777344,524.7999877929688,0.0012497545685619
tile_r018275_c008803,2,396.0885314941406,500.3224182128906,455.3226013183594,513.179443359375,0.0012268821010366
tile_r018275_c008803,2,357.5989685058594,418.3746948242188,467.384033203125,513.3204956054688,0.0012089308584108
tile_r018275_c008803,2,514.2811279296875,294.97528076171875,524.7999877929688,377.3040161132813,0.001202690647915
tile_r018275_c008803,2,-12.143600463867188,433.9284057617188,0.5337677001953125,512.38134765625,0.0012018787674605
tile_r018275_c008803,2,286.265625,82.02760314941406,332.49920654296875,119.38858795166016,0.0011965100420638
tile_r018275_c008803,2,513.150390625,112.5338134765625,524.7999877929688,182.6717834472656,0.0011936272494494
tile_r018275_c008803,2,189.67410278320312,-7.617329597473144,271.0039978027344,12.457133293151855,0.0011930367909371
tile_r018275_c008803,2,193.3069305419922,512.0958251953125,260.0751037597656,522.5155029296875,0.0011750169796869
tile_r018275_c008803,2,23.372127532958984,501.5769958496094,86.90020751953125,513.4591064453125,0.0011702380143105
tile_r018275_c008803,2,356.5475158691406,363.1720275878906,433.7439575195313,462.88421630859375,0.0011536332312971
tile_r018275_c008803,2,330.3427124023437,518.1263427734375,385.97210693359375,524.7999877929688,0.0011526143644005
tile_r018275_c008803,2,320.71746826171875,186.29861450195312,395.93206787109375,257.8094787597656,0.0011278559686616
tile_r018275_c008803,2,513.1951904296875,72.45903015136719,524.7999877929688,140.9455108642578,0.0011225268244743
tile_r018275_c008803,2,263.25738525390625,516.1993408203125,345.7411499023437,524.7999877929688,0.0011118021793663
tile_r018275_c008803,2,513.2145385742188,84.40157318115234,524.7999877929688,153.69691467285156,0.0010991948656737
tile_r018275_c008803,2,-8.327832221984863,424.6236267089844,17.8328800201416,482.1550903320313,0.0010954170720651
tile_r018275_c008803,2,412.432861328125,480.6375122070313,500.886474609375,524.2760009765625,0.001087391632609
tile_r018275_c008803,2,1.992884874343872,417.91064453125,39.69047927856445,491.7569274902344,0.001072390587069
tile_r018275_c008803,2,279.8671264648437,407.996337890625,335.8138427734375,460.83209228515625,0.0010718993144109
tile_r018275_c008803,2,513.3455200195312,31.08771705627441,524.7999877929688,102.862548828125,0.0010613726917654
tile_r018275_c008803,2,513.2151489257812,59.829437255859375,524.7999877929688,128.2470245361328,0.0010539833456277
tile_r018275_c008803,2,3.7806670665740967,255.5062255859375,35.330299377441406,292.7584228515625,0.0010473306756466
tile_r018275_c008803,2,193.872802734375,343.07647705078125,346.528076171875,480.1471557617188,0.0010425741784274
tile_r018275_c008803,2,230.0337829589844,-11.245050430297852,308.2474670410156,44.91188430786133,0.0010350982192903
tile_r018275_c008803,2,513.2974853515625,44.70981597900391,524.7999877929688,115.1601104736328,0.0010348062496632
tile_r018275_c008803,2,325.2041015625,509.4912109375,397.95751953125,524.7999877929688,0.0010141800157725
tile_r018275_c008803,2,-11.704997062683104,301.5736389160156,-1.2735503911972046,370.955078125,0.0010138747747987
tile_r018275_c008803,2,310.82379150390625,-2.433229923248291,362.5491333007813,13.65456199645996,0.001008071238175
tile_r018275_c008803,2,-12.134142875671388,337.48602294921875,-1.189178466796875,405.2294006347656,0.0010035454761236
tile_r018275_c008803,2,513.6482543945312,-12.800000190734863,524.4074096679688,6.185137748718262,0.001000749412924
tile_r018275_c009059,2,60.47379302978516,181.2162170410156,128.99664306640625,242.8904266357422,0.6943795680999756
tile_r018275_c009059,2,101.1147232055664,339.1515197753906,173.47879028320312,414.5472106933594,0.6651548147201538
tile_r018275_c009059,2,173.84449768066406,471.8065490722656,237.0644989013672,513.63720703125,0.6422809362411499
tile_r018275_c009059,2,252.03271484375,477.7755737304688,299.6246032714844,513.3607177734375,0.63546222448349
tile_r018275_c009059,2,451.6898498535156,54.5617790222168,500.8623046875,103.76136779785156,0.6242378354072571
tile_r018275_c009059,2,145.96243286132812,284.9921264648437,184.9239959716797,323.9100952148437,0.6182733178138733
tile_r018275_c009059,2,25.772436141967773,73.17609405517578,86.9491195678711,126.85481262207033,0.6060119867324829
tile_r018275_c009059,2,34.88646697998047,420.4297790527344,69.41399383544922,451.46533203125,0.5985610485076904
tile_r018275_c009059,2,417.5511779785156,127.35888671875,451.8871154785156,162.326904296875,0.5651467442512512
tile_r018275_c009059,2,109.3210678100586,428.2062377929688,150.6442108154297,469.4251098632813,0.3183515071868896
tile_r018275_c009059,2,67.2404556274414,488.5400390625,105.5012664794922,512.3023681640625,0.2082131952047348
tile_r018275_c009059,2,37.3164176940918,424.2069396972656,67.39201354980469,449.0709838867188,0.1680067777633667
tile_r018275_c009059,2,113.16796875,434.4366760253906,148.60092163085938,468.0177307128906,0.1169840395450592
tile_r018275_c009059,2,65.8591079711914,492.3818359375,112.4845733642578,512.9710693359375,0.0978827252984047
tile_r018275_c009059,2,107.0538558959961,421.1256713867188,159.86367797851562,472.2239379882813,0.0854444801807403
tile_r018275_c009059,2,256.6895446777344,483.1976623535156,293.0284729003906,512.9736328125,0.0682310387492179
tile_r018275_c009059,2,34.4598503112793,82.66417694091797,85.38092041015625,123.6747817993164,0.0678695663809776
tile_r018275_c009059,2,456.5242309570313,59.72980880737305,496.1981506347656,100.4585418701172,0.067622035741806
tile_r018275_c009059,2,66.96058654785156,190.3133544921875,125.9757843017578,238.0725860595703,0.0544499680399894
tile_r018275_c009059,2,148.1584014892578,289.92926025390625,180.89974975585935,320.9651794433594,0.0516148917376995
tile_r018275_c009059,2,94.06982421875,113.4562759399414,123.8249053955078,137.1963653564453,0.0512092448770999
tile_r018275_c009059,2,69.48188781738281,491.1060485839844,96.5291748046875,511.7569274902344,0.0366314090788364
tile_r018275_c009059,2,419.6935424804688,130.30355834960938,448.2880859375,159.1739044189453,0.034894336014986
tile_r018275_c009059,2,-0.3363494873046875,1.686822533607483,20.583850860595703,35.337928771972656,0.0346169583499431
tile_r018275_c009059,2,141.03952026367188,279.0867614746094,189.10641479492188,328.2962341308594,0.025459136813879
tile_r018275_c009059,2,412.3719177246094,122.19035339355467,456.967041015625,167.3519744873047,0.0186330806463956
tile_r018275_c009059,2,61.727317810058594,485.99127197265625,109.09212493896484,513.810791015625,0.0171586703509092
tile_r018275_c009059,2,92.6436996459961,330.9754943847656,181.6015625,421.5995178222656,0.0159285459667444
tile_r018275_c009059,2,104.01457214355467,412.9978637695313,167.8426513671875,476.6491088867188,0.0157678946852684
tile_r018275_c009059,2,0.6792968511581421,2.940145969390869,15.874890327453612,34.49471664428711,0.0115718143060803
tile_r018275_c009059,2,90.6530532836914,109.4001235961914,126.39949035644533,141.24118041992188,0.0099023403599858
tile_r018275_c009059,2,29.6989803314209,414.1574096679688,72.77467346191406,455.5525512695313,0.0089587895199656
tile_r018275_c009059,2,0.2951599061489105,-0.8577880859375,27.3637638092041,40.31511688232422,0.0081481710076332
tile_r018275_c009059,2,110.3095474243164,354.106201171875,167.1802978515625,409.4991149902344,0.008082166314125
tile_r018275_c009059,2,179.49462890625,474.7357482910156,227.986572265625,512.8226318359375,0.0061495350673794
tile_r018275_c009059,2,442.3451232910156,42.1535530090332,510.6076049804688,113.34104919433594,0.0055910171940922
tile_r018275_c009059,2,13.807397842407228,58.52027130126953,94.47444152832033,131.9811553955078,0.0055408868938684
tile_r018275_c009059,2,246.0703582763672,471.2394409179688,305.5304260253906,516.4847412109375,0.0051361210644245
tile_r018275_c009059,2,167.57435607910156,465.2863159179688,245.14779663085935,523.3718872070312,0.0047299494035542
tile_r018275_c009059,2,-11.913835525512695,250.5343475341797,-0.0768569931387901,311.12481689453125,0.0046134833246469
tile_r018275_c009059,2,54.69944381713867,170.25418090820312,138.8611602783203,253.2320098876953,0.0044507514685392
tile_r018275_c009059,2,404.73193359375,117.27839660644533,461.24267578125,173.49655151367188,0.0043786680325865
tile_r018275_c009059,2,65.80558013916016,-0.1479560881853103,101.61956787109376,16.235034942626953,0.004019699525088
tile_r018275_c009059,2,-10.48631477355957,-1.5273926258087158,1.6056747436523438,42.08671188354492,0.003922204952687
tile_r018275_c009059,2,95.23493957519533,116.0113525390625,119.35026550292967,135.6793212890625,0.0037675467319786
tile_r018275_c009059,2,-12.069021224975586,259.8045959472656,0.0564971938729286,322.50897216796875,0.0037659148219972
tile_r018275_c009059,2,206.32125854492188,244.0602569580078,236.3951873779297,271.25946044921875,0.0035197171382606
tile_r018275_c009059,2,102.7388916015625,396.5335083007813,176.86569213867188,476.9198303222656,0.0031034417916089
tile_r018275_c009059,2,272.23455810546875,514.8997192382812,360.2344970703125,524.7999877929688,0.0030111649539321
tile_r018275_c009059,2,-11.995925903320312,225.4235382080078,-0.0819152817130088,290.0401306152344,0.0028744488954544
tile_r018275_c009059,2,131.560546875,271.0276794433594,194.6357879638672,331.60748291015625,0.0028333566151559
tile_r018275_c009059,2,-11.9412202835083,235.65505981445312,0.0220138542354106,303.7646789550781,0.0026797531172633
tile_r018275_c009059,2,407.77685546875,54.51729583740234,435.67822265625,74.16893005371094,0.0025053857825696
tile_r018275_c009059,2,63.02667236328125,0.423348993062973,103.89453125,19.7686767578125,0.0023693779949098
tile_r018275_c009059,2,-12.177363395690918,267.5946655273437,0.1127777099609375,340.7923278808594,0.0021877600811421
tile_r018275_c009059,2,-12.052118301391602,296.869384765625,-0.1980041563510894,364.9839477539063,0.0021781185641884
tile_r018275_c009059,2,256.6553955078125,490.6622924804688,299.0114440917969,512.3013916015625,0.0020498088560998
tile_r018275_c009059,2,264.74139404296875,512.3212280273438,335.259033203125,521.2050170898438,0.0020375698804855
tile_r018275_c009059,2,-4.114047050476074,-1.5103927850723269,21.08109474182129,39.42723846435547,0.0020335025619715
tile_r018275_c009059,2,471.3277282714844,511.5105895996094,524.7999877929688,521.641357421875,0.002005650429055
tile_r018275_c009059,2,394.9475708007813,514.5044555664062,476.1463928222656,524.5716552734375,0.0020031607709825
tile_r018275_c009059,2,-11.919964790344238,68.58638000488281,-0.1041717529296875,134.46041870117188,0.0019901888445019
tile_r018275_c009059,2,315.8676147460937,515.8211059570312,399.3724670410156,524.7999877929688,0.0019859806634485
tile_r018275_c009059,2,-12.092280387878418,307.9047546386719,0.0214614868164062,379.7209167480469,0.0019796858541667
tile_r018275_c009059,2,-12.110679626464844,281.7152404785156,-0.172007754445076,353.76141357421875,0.0019691169727593
tile_r018275_c009059,2,75.16107177734375,513.15283203125,140.56472778320312,524.7833251953125,0.0019449196988716
tile_r018275_c009059,2,22.54315185546875,408.900634765625,79.013671875,459.709228515625,0.001898695831187
tile_r018275_c009059,2,-11.952998161315918,56.7103157043457,-0.1403106749057769,122.64908599853516,0.0018766991561278
tile_r018275_c009059,2,142.1353759765625,513.5569458007812,227.2624969482422,524.7999877929688,0.0018616607412695
tile_r018275_c009059,2,60.13961791992188,496.1546936035156,122.76448059082033,523.2427978515625,0.0018129962263628
tile_r018275_c009059,2,62.18247604370117,483.5267639160156,122.36865234375,514.4013671875,0.0018117874860763
tile_r018275_c009059,2,328.5244140625,515.343505859375,412.591552734375,524.7999877929688,0.0018097845604643
tile_r018275_c009059,2,405.55517578125,51.19112396240234,438.6536254882813,77.86241149902344,0.0018024774035438
tile_r018275_c009059,2,478.8397521972656,265.4988708496094,506.9471740722656,288.64898681640625,0.0017934504430741
tile_r018275_c009059,2,8.844018936157227,69.56490325927734,41.20378494262695,136.20213317871094,0.0017843166133388
tile_r018275_c009059,2,-2.0913405418396,-6.158782958984375,33.77299118041992,56.57900238037109,0.0017829150892794
tile_r018275_c009059,2,67.60404205322266,511.71337890625,137.27944946289062,519.5047607421875,0.0017753180582076
tile_r018275_c009059,2,419.6641540527344,515.1036376953125,499.6502990722656,524.7999877929688,0.0017487128498032
tile_r018275_c009059,2,55.26789474487305,473.6582946777344,112.94879150390624,514.3850708007812,0.0016979282954707
tile_r018275_c009059,2,264.4224548339844,126.2918472290039,311.73748779296875,167.21231079101562,0.0016533107263967
tile_r018275_c009059,2,-12.229982376098633,319.35223388671875,0.2520919740200043,394.65625,0.0016304773744195
tile_r018275_c009059,2,230.4202117919922,477.90142822265625,309.5272521972656,523.6527099609375,0.0016189157031476
tile_r018275_c009059,2,201.0396423339844,501.8572387695313,249.0128936767578,512.6013793945312,0.0016015765722841
tile_r018275_c009059,2,128.7375030517578,516.3748779296875,204.4580535888672,524.7999877929688,0.001597007503733
tile_r018275_c009059,2,41.363075256347656,488.1033325195313,120.07893371582033,513.4324340820312,0.0015922201564535
tile_r018275_c009059,2,367.37786865234375,514.8092651367188,452.42584228515625,524.7213745117188,0.0015813012141734
tile_r018275_c009059,2,-12.000584602355955,44.952857971191406,-0.3080306947231293,110.3222198486328,0.0015537610743194
tile_r018275_c009059,2,-11.978677749633787,80.695068359375,0.011450195685029,148.6962890625,0.0015472075901925
tile_r018275_c009059,2,213.2222900390625,510.9463806152344,306.0622863769531,524.7999877929688,0.0015366751467809
tile_r018275_c009059,2,4.334698677062988,76.25873565673828,39.0682258605957,143.062255859375,0.0015343277482315
tile_r018275_c009059,2,-12.104219436645508,203.3709259033203,-0.0048294067382812,268.2648620605469,0.0015091261593624
tile_r018275_c009059,2,289.9166564941406,515.2003784179688,371.9515686035156,524.7999877929688,0.0015023405430838
tile_r018275_c009059,2,-12.074640274047852,94.3926010131836,-0.2110809385776519,160.48373413085938,0.0014629156794399
tile_r018275_c009059,2,271.5641174316406,518.6551513671875,326.7960510253906,524.7999877929688,0.0014377827756106
tile_r018275_c009059,2,-12.230036735534668,388.81549072265625,-0.0527206435799598,452.9710083007813,0.001365223666653
tile_r018275_c009059,2,68.60603332519531,500.7230529785156,134.79568481445312,512.9859619140625,0.0013613462215289
tile_r018275_c009059,2,72.07769775390625,1.496484398841858,100.73563385009766,19.376916885375977,0.0013604369014501
tile_r018275_c009059,2,-12.338215827941896,332.7290954589844,0.7511672973632812,405.31353759765625,0.0013375373091548
tile_r018275_c009059,2,353.3690490722656,515.14990234375,440.0641174316406,524.7999877929688,0.0013372329995036
tile_r018275_c009059,2,-1.424951195716858,-2.759777784347534,42.56557083129883,44.62116622924805,0.0013359574368223
tile_r018275_c009059,2,23.092418670654297,512.1005859375,111.7489776611328,524.7999877929688,0.001335657085292
tile_r018275_c009059,2,78.90962219238281,516.438720703125,166.4669189453125,524.7999877929688,0.0013350072549656
tile_r018275_c009059,2,390.4768676757813,511.0892028808594,460.2874145507813,518.6826782226562,0.0013271714560687
tile_r018275_c009059,2,398.5923461914063,517.5651245117188,461.4059143066406,524.7999877929688,0.0013227515155449
tile_r018275_c009059,2,65.608154296875,493.6157836914063,100.5472412109375,511.68658447265625,0.0013071506982669
tile_r018275_c009059,2,68.0135498046875,-1.583163499832153,104.8884506225586,5.670214653015137,0.0012709910515695
tile_r018275_c009059,2,-12.138673782348633,193.194580078125,0.1254623383283615,254.2188415527344,0.0012298286892473
tile_r018275_c009059,2,54.98735427856445,-0.7623573541641235,105.49211120605467,24.00491714477539,0.0012163079809397
tile_r018275_c009059,2,47.08233642578125,87.12071228027344,84.19496154785156,121.3910140991211,0.0012099463492631
tile_r018275_c009059,2,432.50830078125,517.5112915039062,489.8713989257813,524.7999877929688,0.0012083563487976
tile_r018275_c009059,2,174.5284881591797,495.8174743652344,235.7723846435547,512.5225830078125,0.0011951625347137
tile_r018275_c009059,2,139.2511444091797,500.39990234375,200.5255126953125,513.2731323242188,0.0011903940467163
tile_r018275_c009059,2,417.8888244628906,517.6554565429688,478.6639099121094,524.7999877929688,0.001175787881948
tile_r018275_c009059,2,515.83056640625,53.76237869262695,524.7688598632812,124.23538970947266,0.0011651559034362
tile_r018275_c009059,2,-12.19959545135498,108.38069915771484,-0.1395278871059417,173.86148071289062,0.0011636485578492
tile_r018275_c009059,2,260.6502990722656,497.1986389160156,330.95123291015625,512.3621826171875,0.0011618044227361
tile_r018275_c009059,2,101.26994323730467,417.9134826660156,212.32327270507807,513.4490356445312,0.0011539766564965
tile_r018275_c009059,2,-12.341577529907228,398.1856384277344,0.1145950332283973,466.7235412597656,0.0011536232195794
tile_r018275_c009059,2,-1.047979712486267,261.8685913085937,33.418663024902344,324.56805419921875,0.0011410133447498
tile_r018275_c009059,2,100.70149230957033,363.77001953125,177.6308135986328,462.5060424804688,0.0011357810581102
tile_r018275_c009059,2,88.72334289550781,96.2185287475586,133.8961944580078,144.2643280029297,0.0011337845353409
tile_r018275_c009059,2,273.11541748046875,501.1016540527344,364.4790954589844,512.7785034179688,0.0011235516285523
tile_r018275_c009059,2,74.33776092529297,518.122314453125,129.8316650390625,524.7999877929688,0.0011180721921846
tile_r018275_c009059,2,-12.251826286315918,375.3773498535156,0.2585266232490539,443.8839721679688,0.001087756245397
tile_r018275_c009059,2,182.86334228515625,482.98345947265625,238.7046356201172,512.2758178710938,0.0010845920769497
tile_r018275_c009059,2,65.85065460205078,188.385986328125,138.94046020507812,257.1761169433594,0.0010791800450533
tile_r018275_c009059,2,201.1450653076172,511.7488403320313,271.3673400878906,517.8435668945312,0.0010773035464808
tile_r018275_c009059,2,155.7589874267578,482.384033203125,245.0939483642578,524.3696899414062,0.0010768458014354
tile_r018275_c009059,2,394.982666015625,506.4622192382813,462.395263671875,512.95751953125,0.0010702228173613
tile_r018275_c009059,2,251.20620727539065,512.8417358398438,342.6002502441406,524.7999877929688,0.0010696724057197
tile_r018275_c009059,2,68.99147033691406,510.0,142.49586486816406,524.7999877929688,0.0010634019272401
tile_r018275_c009059,2,401.48876953125,107.1044464111328,487.8229370117188,175.4315948486328,0.0010570383165031
tile_r018275_c009059,2,0.352142333984375,305.7655639648437,34.219383239746094,370.049560546875,0.0010528893908485
tile_r018275_c009059,2,413.0420837402344,42.73846435546875,463.1832885742188,105.3646011352539,0.0010527876438573
tile_r018275_c009059,2,-1.867407202720642,272.1005859375,34.676048278808594,345.05633544921875,0.0010386304929852
tile_r018275_c009059,2,-12.05651569366455,32.906593322753906,-0.3355666995048523,98.6523895263672,0.0010305542964488
tile_r018275_c009059,2,9.468701362609863,405.1298828125,83.55366516113281,501.1600646972656,0.0010277216788381
tile_r018275_c009059,2,-1.3299529552459717,289.7477111816406,34.709373474121094,359.13482666015625,0.00102556461934
tile_r018275_c009059,2,0.91064453125,256.309326171875,31.399974822998047,309.05987548828125,0.0010249419137835
tile_r018275_c009059,2,508.5,-12.800000190734863,524.51953125,-0.7925193905830383,0.0010196913499385
tile_r018275_c009059,2,51.60048675537109,411.58294677734375,122.81871032714844,493.7857055664063,0.0010094220051541
tile_r018275_c009059,2,515.3513793945312,281.1143493652344,524.6529541015625,357.5621032714844,0.0010092662414535
tile_r018275_c009059,2,-11.750844955444336,3.416619777679444,0.819091796875,67.5960693359375,0.0010061244247481
tile_r018275_c009059,2,-12.039077758789062,21.885791778564453,-0.1589996367692947,85.44087982177734,0.0010016890009865
tile_r018275_c009059,2,479.7804565429688,316.4677429199219,514.3248291015625,352.2813720703125,0.0010015029693022
tile_r018275_c009059,2,29.8555908203125,81.84305572509766,76.4495620727539,119.67625427246094,0.0010010178666561
tile_r018275_c009315,2,260.49639892578125,263.76544189453125,313.07305908203125,311.36248779296875,0.7006220817565918
tile_r018275_c009315,2,277.57794189453125,106.83858489990234,336.16387939453125,154.58213806152344,0.658373236656189
tile_r018275_c009315,2,196.147705078125,55.16425704956055,243.91537475585935,103.3073959350586,0.6249294281005859
tile_r018275_c009315,2,0.7224319577217102,479.172607421875,40.31676483154297,513.227783203125,0.593049168586731
tile_r018275_c009315,2,161.6708984375,127.4869613647461,195.8273162841797,162.1655731201172,0.5653507709503174
tile_r018275_c009315,2,401.1568298339844,397.1964416503906,446.4371032714844,436.58001708984375,0.3374131023883819
tile_r018275_c009315,2,369.7750854492188,166.3988494873047,398.0057678222656,194.6487579345703,0.3323901891708374
tile_r018275_c009315,2,403.75244140625,399.9046936035156,437.5236206054688,432.6216735839844,0.2371276617050171
tile_r018275_c009315,2,318.1286315917969,334.75299072265625,340.7411499023437,356.12310791015625,0.2310574650764465
tile_r018275_c009315,2,366.545166015625,164.2159881591797,399.333740234375,201.01724243164065,0.1738316565752029
tile_r018275_c009315,2,370.8899841308594,167.2325439453125,393.7633361816406,189.1480255126953,0.1089279204607009
tile_r018275_c009315,2,200.63296508789065,59.869178771972656,240.114501953125,100.36473083496094,0.0721712410449981
tile_r018275_c009315,2,284.2607421875,113.74031066894533,333.9341735839844,151.4832763671875,0.0664296820759773
tile_r018275_c009315,2,307.12530517578125,428.8944396972656,341.99188232421875,465.5910034179688,0.0632244348526001
tile_r018275_c009315,2,301.21807861328125,424.2879028320313,344.64190673828125,468.2589721679688,0.0531467869877815
tile_r018275_c009315,2,264.0533142089844,269.5503234863281,308.84979248046875,308.2099304199219,0.0313826315104961
tile_r018275_c009315,2,254.14633178710935,254.716552734375,318.8860778808594,316.47576904296875,0.03110047057271
tile_r018275_c009315,2,-5.126380920410156,472.2096252441406,42.72542572021485,516.270751953125,0.0248910542577505
tile_r018275_c009315,2,163.6397247314453,132.83853149414062,190.9920654296875,159.97640991210938,0.0211313907057046
tile_r018275_c009315,2,156.4321746826172,122.35554504394533,201.2860565185547,167.6874237060547,0.0182982869446277
tile_r018275_c009315,2,397.2461853027344,390.36822509765625,452.7776489257813,440.84478759765625,0.0173838809132576
tile_r018275_c009315,2,404.0777893066406,400.3251037597656,431.7506408691406,427.0159301757813,0.0167632419615983
tile_r018275_c009315,2,315.8536682128906,332.74609375,343.02740478515625,358.50457763671875,0.0132342064753174
tile_r018275_c009315,2,407.00286865234375,404.6470642089844,447.76019287109375,434.2775268554688,0.0106739252805709
tile_r018275_c009315,2,363.5945434570313,157.926025390625,406.1282348632813,207.67251586914065,0.0083488943055272
tile_r018275_c009315,2,309.724853515625,432.109375,337.8109741210937,463.8003845214844,0.0059268451295793
tile_r018275_c009315,2,151.47509765625,54.15825271606445,180.0252227783203,74.2179183959961,0.0049051730893552
tile_r018275_c009315,2,186.98269653320312,42.87762451171875,253.4449920654297,112.5024185180664,0.0046172668226063
tile_r018275_c009315,2,297.106689453125,420.8666076660156,350.1170349121094,473.2507934570313,0.0042453831993043
tile_r018275_c009315,2,148.6803436279297,117.2933349609375,205.6542053222656,174.0928955078125,0.0039673396386206
tile_r018275_c009315,2,277.8856811523437,95.1224136352539,343.77545166015625,160.10006713867188,0.0039049363695085
tile_r018275_c009315,2,373.49072265625,176.0748748779297,400.2342834472656,201.59744262695312,0.0031139855273067
tile_r018275_c009315,2,18.907434463500977,514.8448486328125,102.98991394042967,524.7999877929688,0.0030086608603596
tile_r018275_c009315,2,3.837548732757568,487.5350646972656,37.67612838745117,512.1322021484375,0.0028245809953659
tile_r018275_c009315,2,-11.08294677734375,473.2659301757813,49.6880111694336,522.7233276367188,0.0026086235884577
tile_r018275_c009315,2,149.3813018798828,51.33062744140625,182.2353973388672,77.6683578491211,0.0025962390936911
tile_r018275_c009315,2,139.9758758544922,514.4163208007812,220.239990234375,524.5526123046875,0.0025232201442122
tile_r018275_c009315,2,344.37548828125,513.7938232421875,423.4845581054688,524.2755126953125,0.0024197637103497
tile_r018275_c009315,2,-10.562975883483888,466.7942504882813,38.502288818359375,519.46923828125,0.0022991299629211
tile_r018275_c009315,2,60.963157653808594,515.7666625976562,142.15103149414062,524.7999877929688,0.0022674850188195
tile_r018275_c009315,2,164.00294494628906,514.8565673828125,243.7966766357422,524.7999877929688,0.0022526036482304
tile_r018275_c009315,2,209.8625946044922,514.5263671875,297.9385681152344,524.7999877929688,0.0021211062557995
tile_r018275_c009315,2,72.9532241821289,515.22802734375,155.5729217529297,524.7999877929688,0.002053435659036
tile_r018275_c009315,2,291.58624267578125,498.5044860839844,352.5760803222656,513.1453247070312,0.002005650429055
tile_r018275_c009315,2,221.35708618164065,263.6845397949219,251.24496459960935,288.8222045898437,0.0019509973935782
tile_r018275_c009315,2,112.8451919555664,514.7078247070312,196.450439453125,524.64453125,0.0018818617099896
tile_r018275_c009315,2,366.319091796875,513.8883056640625,448.174560546875,524.3829956054688,0.0018695099279284
tile_r018275_c009315,2,256.67291259765625,515.0266723632812,334.93951416015625,524.7999877929688,0.0018429891206324
tile_r018275_c009315,2,35.38798904418945,515.0904541015625,115.0714111328125,524.7999877929688,0.0017701413016766
tile_r018275_c009315,2,289.7648010253906,414.0215759277344,354.9408569335937,477.3864135742188,0.0017401269869878
tile_r018275_c009315,2,134.74197387695312,510.9998168945313,203.55783081054688,518.7998046875,0.0017338464967906
tile_r018275_c009315,2,142.73330688476562,517.3678588867188,204.9539031982422,524.7999877929688,0.0017189451027661
tile_r018275_c009315,2,10.047927856445312,512.4725341796875,78.5125961303711,521.8564453125,0.0016948943957686
tile_r018275_c009315,2,176.4704132080078,517.1624755859375,233.0814971923828,524.7999877929688,0.001689966302365
tile_r018275_c009315,2,7.936178684234619,495.2086791992188,73.7995376586914,512.25048828125,0.0016894628060981
tile_r018275_c009315,2,186.26626586914065,514.5177001953125,268.6542358398437,524.7999877929688,0.001637200708501
tile_r018275_c009315,2,161.82858276367188,517.3463134765625,221.99411010742188,524.7999877929688,0.0016194746131077
tile_r018275_c009315,2,98.4222412109375,515.0670776367188,183.7542266845703,524.7999877929688,0.0015906306216493
tile_r018275_c009315,2,283.2688903808594,500.4358520507813,348.621337890625,513.9352416992188,0.0015869734343141
tile_r018275_c009315,2,317.0171813964844,513.814208984375,399.99853515625,524.5770263671875,0.0015744727570563
tile_r018275_c009315,2,392.3366394042969,514.5650634765625,474.3153381347656,524.7999877929688,0.0015626670792698
tile_r018275_c009315,2,514.0618896484375,66.88187408447266,524.7835083007812,142.14080810546875,0.0015482840826734
tile_r018275_c009315,2,9.244885444641112,517.9461059570312,66.50883483886719,524.7999877929688,0.0015411268686875
tile_r018275_c009315,2,223.9438934326172,515.0593872070312,310.8182067871094,524.7999877929688,0.0015291929012164
tile_r018275_c009315,2,462.2356872558594,515.0740356445312,521.1294555664062,524.3994140625,0.001527706044726
tile_r018275_c009315,2,479.6654357910156,512.6495971679688,524.7999877929688,524.2423706054688,0.0015220649074763
tile_r018275_c009315,2,389.4293823242188,384.9384765625,457.3280334472656,451.8508911132813,0.0015148664824664
tile_r018275_c009315,2,341.947509765625,503.0535278320313,417.6944885253906,513.5277099609375,0.0014991645002737
tile_r018275_c009315,2,297.1260681152344,423.00042724609375,341.5829467773437,459.8616638183594,0.0014981676358729
tile_r018275_c009315,2,357.0548400878906,154.5656280517578,413.55181884765625,215.5878448486328,0.0014468885492533
tile_r018275_c009315,2,153.12496948242188,56.20423126220703,176.78677368164062,73.06361389160156,0.0014434836339205
tile_r018275_c009315,2,453.4568481445313,412.837158203125,490.3050842285156,438.21490478515625,0.0014305700315162
tile_r018275_c009315,2,405.5265502929688,515.0089721679688,489.0027465820313,524.7999877929688,0.0014256712747737
tile_r018275_c009315,2,321.21954345703125,502.4186401367188,407.3413696289063,513.45751953125,0.0014192151138558
tile_r018275_c009315,2,213.2498016357422,294.1622009277344,348.83282470703125,428.5262756347656,0.0014032671460881
tile_r018275_c009315,2,-10.951482772827148,492.9491271972656,17.188440322875977,524.7999877929688,0.0013741938164457
tile_r018275_c009315,2,148.97103881835938,511.8750915527344,215.50863647460935,522.00341796875,0.0013726006727665
tile_r018275_c009315,2,435.3245239257813,515.1448974609375,513.7219848632812,524.7999877929688,0.0013328900095075
tile_r018275_c009315,2,243.10562133789065,245.7826690673828,327.422607421875,326.8304138183594,0.001286678481847
tile_r018275_c009315,2,513.9525756835938,89.97221374511719,524.790283203125,166.02725219726562,0.0012830689083784
tile_r018275_c009315,2,98.49072265625,517.5487060546875,157.20297241210938,524.7999877929688,0.0012788128806278
tile_r018275_c009315,2,241.79544067382807,263.0127868652344,324.5268859863281,341.16363525390625,0.0012782234698534
tile_r018275_c009315,2,264.06134033203125,85.151611328125,353.46856689453125,170.59793090820312,0.0012724712723866
tile_r018275_c009315,2,130.58792114257812,517.4410400390625,194.1379852294922,524.7999877929688,0.0012667695991694
tile_r018275_c009315,2,367.5955505371094,168.7820587158203,390.142822265625,188.3806915283203,0.0012651097495108
tile_r018275_c009315,2,187.4331970214844,517.2568969726562,243.6673889160156,524.7999877929688,0.0012649960117414
tile_r018275_c009315,2,240.1744079589844,515.296875,322.80010986328125,524.7999877929688,0.0012129921233281
tile_r018275_c009315,2,292.2547912597656,487.7337036132813,346.841064453125,513.1466674804688,0.0012083741603419
tile_r018275_c009315,2,139.1754150390625,506.4359436035156,206.14187622070312,512.9951171875,0.0012079023290425
tile_r018275_c009315,2,145.1178741455078,114.68205261230467,216.5047607421875,180.0001678466797,0.0011958708055317
tile_r018275_c009315,2,277.7986755371094,514.1744384765625,357.6678161621094,524.5265502929688,0.0011861303355544
tile_r018275_c009315,2,152.503662109375,42.5864486694336,206.97329711914065,104.44328308105467,0.0011794632300734
tile_r018275_c009315,2,513.8106079101562,147.9341278076172,524.7774047851562,218.23892211914065,0.0011539651313796
tile_r018275_c009315,2,475.5833435058594,517.2151489257812,524.6840209960938,524.7908935546875,0.0011522498680278
tile_r018275_c009315,2,298.55224609375,513.8267211914062,386.7469787597656,524.7999877929688,0.0011330411070957
tile_r018275_c009315,2,27.64657020568848,502.01263427734375,105.2935791015625,512.5865478515625,0.0011238642036914
tile_r018275_c009315,2,206.9076385498047,517.8345336914062,264.38262939453125,524.7999877929688,0.0011175291147083
tile_r018275_c009315,2,359.4410705566406,502.72021484375,440.2555236816406,513.4207153320312,0.0011165029136464
tile_r018275_c009315,2,513.7425537109375,121.6267547607422,524.7999877929688,195.052978515625,0.0011156151304021
tile_r018275_c009315,2,295.37127685546875,500.4861450195313,391.78363037109375,513.2811279296875,0.0011000799713656
tile_r018275_c009315,2,116.95501708984376,518.189453125,178.57875061035156,524.7999877929688,0.0010749686043709
tile_r018275_c009315,2,513.8099365234375,105.28019714355467,524.7999877929688,180.72216796875,0.0010548653081059
tile_r018275_c009315,2,217.8567352294922,517.8428955078125,280.60919189453125,524.7999877929688,0.0010520091746002
tile_r018275_c009315,2,472.1658630371094,511.9005737304688,524.7999877929688,523.4931640625,0.0010496721370145
tile_r018275_c009315,2,416.3385620117188,409.8575134277344,448.5774536132813,434.3638610839844,0.0010461704805493
tile_r018275_c009315,2,319.1373291015625,334.6845703125,348.2220458984375,361.5182189941406,0.0010433865245431
tile_r018275_c009315,2,164.8847198486328,386.496337890625,192.0923309326172,411.61859130859375,0.0010379633167758
tile_r018275_c009315,2,221.513671875,255.9091796875,261.6786193847656,291.16717529296875,0.0010290091158822
tile_r018275_c009315,2,286.6504211425781,85.18701171875,360.9542236328125,162.146484375,0.0010274881497025
tile_r018275_c009315,2,302.6615295410156,103.4131851196289,394.6305236816406,181.8245086669922,0.0010206412989646
tile_r018275_c009315,2,13.198315620422363,490.6878051757813,39.120941162109375,511.1198120117188,0.0010012472048401
tile_r018531_c008035,2,87.7059326171875,166.26748657226562,163.111572265625,241.6087951660156,0.6680001020431519
tile_r018531_c008035,2,308.1285705566406,361.3133850097656,368.20355224609375,421.64208984375,0.6574898958206177
tile_r018531_c008035,2,167.12289428710938,38.071434020996094,226.88540649414065,91.4747085571289,0.6498788595199585
tile_r018531_c008035,2,245.7272491455078,441.51416015625,291.05548095703125,481.87060546875,0.6470820307731628
tile_r018531_c008035,2,12.404675483703612,37.32551574707031,76.37327575683594,100.6812973022461,0.6429866552352905
tile_r018531_c008035,2,43.98188400268555,439.1760864257813,89.9307632446289,485.1497192382813,0.6295448541641235
tile_r018531_c008035,2,315.9685363769531,477.8340759277344,367.97943115234375,512.0118408203125,0.6287181377410889
tile_r018531_c008035,2,211.6138916015625,346.0357971191406,265.34832763671875,396.99261474609375,0.6212697625160217
tile_r018531_c008035,2,306.1680603027344,214.6769561767578,354.9662170410156,255.76318359375,0.5630472302436829
tile_r018531_c008035,2,33.043739318847656,145.540771484375,82.40557861328125,196.7958068847656,0.5371515154838562
tile_r018531_c008035,2,37.0301628112793,158.9662322998047,78.77789306640625,194.67434692382807,0.4258305430412292
tile_r018531_c008035,2,2.524204969406128,340.7352905273437,27.1523551940918,375.69635009765625,0.2285540848970413
tile_r018531_c008035,2,-0.4442566037178039,333.47857666015625,29.02447509765625,376.3907775878906,0.1728043258190155
tile_r018531_c008035,2,242.0517578125,436.2855529785156,295.9029235839844,485.2015686035156,0.1206229031085968
tile_r018531_c008035,2,395.3478088378906,362.2711486816406,428.526611328125,393.93304443359375,0.1094797700643539
tile_r018531_c008035,2,315.4942932128906,368.16650390625,364.6513671875,417.51904296875,0.1011496931314468
tile_r018531_c008035,2,89.82405090332031,284.9329833984375,149.40420532226562,340.5943603515625,0.0735315829515457
tile_r018531_c008035,2,248.5080108642578,446.87060546875,286.95068359375,479.4278259277344,0.0674885734915733
tile_r018531_c008035,2,210.9800567626953,442.45697021484375,241.3485107421875,468.095458984375,0.0646011978387832
tile_r018531_c008035,2,41.0268669128418,163.4136962890625,76.68563079833984,191.97628784179688,0.0591158159077167
tile_r018531_c008035,2,216.1932678222656,352.32342529296875,260.0542907714844,394.6362915039063,0.0570656880736351
tile_r018531_c008035,2,161.62277221679688,31.439258575439453,233.88232421875,97.0640640258789,0.0493183694779872
tile_r018531_c008035,2,98.8841781616211,182.5338897705078,150.6419677734375,233.6510772705078,0.0481457412242889
tile_r018531_c008035,2,300.97637939453125,207.8274383544922,360.8453063964844,261.3578186035156,0.047374177724123
tile_r018531_c008035,2,40.1274299621582,434.3347778320313,95.54747009277344,489.7144470214844,0.0443871766328811
tile_r018531_c008035,2,19.5461540222168,44.9715690612793,74.15754699707031,96.03587341308594,0.0433454662561416
tile_r018531_c008035,2,47.7949104309082,445.36761474609375,84.43125915527344,482.1554260253906,0.0354049392044544
tile_r018531_c008035,2,308.6171264648437,218.685302734375,348.5025329589844,250.6239776611328,0.0349051430821418
tile_r018531_c008035,2,112.2907943725586,20.150440216064453,134.97116088867188,40.8350715637207,0.0259918607771396
tile_r018531_c008035,2,0.5207183957099915,336.89263916015625,23.197174072265625,377.5581665039063,0.0259575080126523
tile_r018531_c008035,2,302.67852783203125,352.339111328125,374.7001953125,427.1025390625,0.0245939958840608
tile_r018531_c008035,2,84.52852630615234,274.15301513671875,156.21511840820312,345.7279357910156,0.0163586400449275
tile_r018531_c008035,2,391.8986206054688,358.8152770996094,431.3828125,397.3431091308594,0.0117735592648386
tile_r018531_c008035,2,-4.6697540283203125,319.7328491210937,32.15272521972656,380.1510620117188,0.0115299206227064
tile_r018531_c008035,2,313.52081298828125,221.3833923339844,354.79541015625,251.4236297607422,0.0108324596658349
tile_r018531_c008035,2,208.4410095214844,435.1452026367188,244.3927764892578,469.9727478027344,0.0106340888887643
tile_r018531_c008035,2,23.727014541625977,135.34423828125,89.9808349609375,202.0194396972656,0.0094953728839755
tile_r018531_c008035,2,310.2655639648437,472.3245239257813,375.1124572753906,513.4801635742188,0.0086495410650968
tile_r018531_c008035,2,3.887890577316284,26.94635009765625,84.60650634765625,111.5678482055664,0.008469920605421
tile_r018531_c008035,2,-10.466357231140137,325.158935546875,9.093920707702637,388.2455139160156,0.0080781644210219
tile_r018531_c008035,2,-1.8819153308868408,326.08526611328125,35.92219161987305,385.80950927734375,0.0058424198068678
tile_r018531_c008035,2,174.33969116210938,47.80326461791992,226.8321228027344,87.68683624267578,0.0057923793792724
tile_r018531_c008035,2,98.0972137451172,192.3939971923828,145.2076873779297,234.8286590576172,0.0053476546891033
tile_r018531_c008035,2,78.35600280761719,159.1713104248047,172.0572509765625,252.74148559570312,0.0048556635156273
tile_r018531_c008035,2,171.52841186523438,43.8976936340332,216.4736328125,85.62223052978516,0.0042186174541711
tile_r018531_c008035,2,158.10946655273438,23.89113426208496,240.0689392089844,107.2099609375,0.0040367450565099
tile_r018531_c008035,2,97.7321548461914,289.22735595703125,143.5540771484375,337.25848388671875,0.0038221990689635
tile_r018531_c008035,2,97.7106475830078,308.7470397949219,132.64871215820312,338.7958679199219,0.0036574793048202
tile_r018531_c008035,2,206.9794158935547,433.3550720214844,256.4994506835937,473.0591735839844,0.0035207457840442
tile_r018531_c008035,2,331.89813232421875,516.0003051757812,422.2371215820313,524.7999877929688,0.0032379140611737
tile_r018531_c008035,2,116.27400207519533,170.4205322265625,156.7853240966797,208.8614196777344,0.0031969123519957
tile_r018531_c008035,2,294.7240600585937,199.6669921875,369.2443237304688,270.78466796875,0.0029480205848813
tile_r018531_c008035,2,266.6629333496094,515.3292236328125,345.085693359375,524.7999877929688,0.0029426782857626
tile_r018531_c008035,2,-11.40661907196045,310.361572265625,3.652117967605591,380.300048828125,0.0028870487585663
tile_r018531_c008035,2,34.63639068603516,424.6701049804688,102.5390853881836,496.95458984375,0.0027995209675282
tile_r018531_c008035,2,349.49200439453125,515.6442260742188,436.4175720214844,524.7999877929688,0.0024660434573888
tile_r018531_c008035,2,196.7851104736328,328.9281616210937,275.61334228515625,409.7400817871094,0.0024354520719498
tile_r018531_c008035,2,100.64862060546876,315.7464599609375,127.23760986328124,337.0555419921875,0.0023932526819407
tile_r018531_c008035,2,1.0778992176055908,127.4193878173828,36.4979133605957,187.3252410888672,0.0023376946337521
tile_r018531_c008035,2,433.8511657714844,514.4036865234375,513.0021362304688,524.7999877929688,0.0022738534025847
tile_r018531_c008035,2,389.3488464355469,353.7127380371094,441.9386596679688,403.0559692382813,0.0022165772970765
tile_r018531_c008035,2,-12.297563552856444,157.31375122070312,0.4974960386753082,225.9715118408203,0.0020304073113948
tile_r018531_c008035,2,-11.339101791381836,330.124755859375,1.1327316761016846,400.12506103515625,0.0019510252168402
tile_r018531_c008035,2,53.35456466674805,262.599853515625,155.4683380126953,348.5188903808594,0.0018881192663684
tile_r018531_c008035,2,409.4112854003906,514.1296997070312,489.9005432128906,524.6529541015625,0.0018246866529807
tile_r018531_c008035,2,214.8273468017578,438.86627197265625,244.3282165527344,467.217041015625,0.0017962696729227
tile_r018531_c008035,2,60.426025390625,340.41802978515625,184.48165893554688,458.3121948242188,0.001742596970871
tile_r018531_c008035,2,-12.33604621887207,178.08950805664062,0.4340011477470398,249.1939392089844,0.0017334710573777
tile_r018531_c008035,2,235.890625,426.83538818359375,301.99627685546875,492.24603271484375,0.001715648220852
tile_r018531_c008035,2,141.4440460205078,515.44677734375,223.91189575195312,524.7999877929688,0.0016962464433163
tile_r018531_c008035,2,330.5294494628906,511.506591796875,405.82275390625,518.704833984375,0.0016733498778194
tile_r018531_c008035,2,101.2830581665039,163.7508087158203,163.890869140625,228.97756958007807,0.0016489592380821
tile_r018531_c008035,2,216.0063018798828,444.63226318359375,240.70913696289065,466.19720458984375,0.0015910397050902
tile_r018531_c008035,2,459.2928771972656,515.4832763671875,521.7108154296875,524.6815185546875,0.0015822381246834
tile_r018531_c008035,2,-0.8147109746932983,137.7226104736328,37.30379486083984,212.8931884765625,0.0015737001085653
tile_r018531_c008035,2,281.5547790527344,511.4105529785156,368.41400146484375,524.7999877929688,0.001545742386952
tile_r018531_c008035,2,364.9727783203125,515.1844482421875,449.9960021972656,524.7999877929688,0.0015168280806392
tile_r018531_c008035,2,393.9848327636719,514.2742309570312,476.9303588867188,524.7999877929688,0.0015145757934078
tile_r018531_c008035,2,470.21875,280.1732482910156,517.6693115234375,358.15692138671875,0.0014864362310618
tile_r018531_c008035,2,90.9627914428711,197.01187133789065,160.49502563476562,259.26495361328125,0.0014453171752393
tile_r018531_c008035,2,-12.142934799194336,122.6822738647461,0.526806652545929,190.2073211669922,0.0014351678546518
tile_r018531_c008035,2,-12.298441886901855,190.1663360595703,0.3739944398403168,261.9416809082031,0.0014166346518322
tile_r018531_c008035,2,472.5418090820313,517.3097534179688,524.763671875,524.7999877929688,0.0014121864223852
tile_r018531_c008035,2,79.7051773071289,364.24462890625,175.72750854492188,455.3263549804688,0.0013900162884965
tile_r018531_c008035,2,199.78207397460935,421.9759826660156,248.2097625732422,475.9429626464844,0.0013839263701811
tile_r018531_c008035,2,-12.174382209777832,131.97293090820312,0.9078842401504515,204.35757446289065,0.0013661452103406
tile_r018531_c008035,2,146.4693603515625,23.2019157409668,184.4318084716797,98.5547103881836,0.0013471050187945
tile_r018531_c008035,2,61.31044769287109,515.6923217773438,140.39614868164062,524.7999877929688,0.0013071027351543
tile_r018531_c008035,2,248.2182159423828,514.68994140625,328.80670166015625,524.7999877929688,0.0012941615423187
tile_r018531_c008035,2,109.4726333618164,515.4365234375,198.8412322998047,524.7999877929688,0.0012936574639752
tile_r018531_c008035,2,164.56869506835938,515.4943237304688,247.0476531982422,524.7999877929688,0.0012878966517746
tile_r018531_c008035,2,44.7988510131836,514.8494873046875,128.10293579101562,524.7999877929688,0.0012612740974873
tile_r018531_c008035,2,73.34367370605469,516.2169799804688,153.4415283203125,524.7999877929688,0.0012607601238414
tile_r018531_c008035,2,-12.029409408569336,21.50067138671875,-0.1830184906721115,83.07484436035156,0.0012570369290187
tile_r018531_c008035,2,319.65093994140625,485.3487243652344,355.8697204589844,510.8255004882813,0.0012535635614767
tile_r018531_c008035,2,379.3606567382813,514.6878051757812,463.4820251464844,524.7999877929688,0.0012483757454901
tile_r018531_c008035,2,513.5343627929688,37.37859344482422,524.7931518554688,103.4413070678711,0.0012449530186131
tile_r018531_c008035,2,462.9468688964844,239.0504608154297,491.3368225097656,264.00665283203125,0.001229200977832
tile_r018531_c008035,2,-6.269975185394287,334.7172241210937,1.2736190557479858,382.3102111816406,0.0012158134486526
tile_r018531_c008035,2,108.6047592163086,17.081811904907227,136.56149291992188,42.866355895996094,0.0012114557903259
tile_r018531_c008035,2,286.9759521484375,192.802734375,378.3947143554688,280.7749938964844,0.001209296984598
tile_r018531_c008035,2,210.97152709960935,445.5084838867188,236.29263305664065,466.8236389160156,0.0012089515803381
tile_r018531_c008035,2,-5.319732666015625,424.3251953125,55.6538200378418,507.5681762695313,0.0011803489178419
tile_r018531_c008035,2,22.446521759033203,150.0001983642578,90.3307647705078,219.37966918945312,0.0011589868227019
tile_r018531_c008035,2,349.0448608398437,518.8946533203125,405.90325927734375,524.7999877929688,0.0011474835919216
tile_r018531_c008035,2,-12.042445182800291,27.8502197265625,0.7459762692451477,97.44786071777344,0.0011369214626029
tile_r018531_c008035,2,269.0090637207031,499.2147521972656,330.05096435546875,513.20361328125,0.0011203292524442
tile_r018531_c008035,2,301.5667419433594,474.1329040527344,380.7718200683594,523.8787231445312,0.0011153627419844
tile_r018531_c008035,2,92.0545883178711,295.9320373535156,138.00064086914062,339.64508056640625,0.0011058147065341
tile_r018531_c008035,2,53.64487457275391,170.41510009765625,187.3040008544922,312.1405639648437,0.001082916976884
tile_r018531_c008035,2,-12.319605827331545,201.9687042236328,0.7434890866279602,276.224853515625,0.0010706714820116
tile_r018531_c008035,2,204.4537811279297,426.6278381347656,285.8660888671875,491.8821411132813,0.0010582916438579
tile_r018531_c008035,2,282.341064453125,202.889404296875,371.9019470214844,335.8939819335937,0.0010556072229519
tile_r018531_c008035,2,21.248973846435547,514.8646240234375,100.62088775634766,524.7999877929688,0.0010422494960948
tile_r018531_c008035,2,-4.191931247711182,330.5015563964844,35.2295036315918,403.9677734375,0.0010382789187133
tile_r018531_c008035,2,480.50042724609375,273.464599609375,516.1258544921875,336.5306701660156,0.0010325354523956
tile_r018531_c008035,2,234.2394561767578,514.8722534179688,316.9042053222656,524.7999877929688,0.001029574428685
tile_r018531_c008035,2,170.5713348388672,30.148242950439453,251.433349609375,111.90081787109376,0.001023625023663
tile_r018531_c008035,2,-8.21459674835205,328.21923828125,1.4630920886993408,380.0848693847656,0.0010207755258306
tile_r018531_c008035,2,-12.513265609741213,330.3856506347656,-3.728498935699463,386.3382263183594,0.0010185402352362
tile_r018531_c008035,2,-10.377050399780272,304.8086853027344,64.79336547851562,407.4466857910156,0.0010180828394368
tile_r018531_c008291,2,411.1034240722656,327.84649658203125,478.1995239257813,395.0089721679688,0.7664617300033569
tile_r018531_c008291,2,482.1634826660156,112.25230407714844,513.6062622070312,146.18394470214844,0.7478022575378418
tile_r018531_c008291,2,322.444091796875,288.98980712890625,389.2896423339844,348.83349609375,0.7063578367233276
tile_r018531_c008291,2,442.7151489257813,193.7500457763672,475.4024353027344,226.614013671875,0.6768787503242493
tile_r018531_c008291,2,328.9916381835937,28.894908905029297,376.13775634765625,71.22798156738281,0.665728747844696
tile_r018531_c008291,2,52.075233459472656,361.1756896972656,112.32999420166016,421.8045959472656,0.6600740551948547
tile_r018531_c008291,2,407.6394653320313,421.04827880859375,464.6533203125,471.7145080566406,0.6594780087471008
tile_r018531_c008291,2,481.9837951660156,175.10824584960938,513.4632568359375,211.4712371826172,0.6580551266670227
tile_r018531_c008291,2,355.58319091796875,155.5899658203125,406.58349609375,208.26461791992188,0.6519808173179626
tile_r018531_c008291,2,60.10516357421875,477.744140625,111.72979736328124,512.0120849609375,0.6338792443275452
tile_r018531_c008291,2,50.31303787231445,214.9611358642578,98.8739013671875,255.5240173339844,0.5628735423088074
tile_r018531_c008291,2,339.6366882324219,79.98776245117188,371.0944213867188,108.8899154663086,0.5541984438896179
tile_r018531_c008291,2,0.1165344268083572,438.8956909179688,36.80324172973633,482.1354370117188,0.5372922420501709
tile_r018531_c008291,2,278.702392578125,159.2626495361328,318.3235778808594,197.0102081298828,0.1803190410137176
tile_r018531_c008291,2,139.533935546875,362.5187072753906,172.1963348388672,393.7026977539063,0.1017674133181572
tile_r018531_c008291,2,412.20849609375,425.9976196289063,460.7498168945313,467.26409912109375,0.1007310822606086
tile_r018531_c008291,2,59.3838119506836,368.0997619628906,108.71565246582033,417.659423828125,0.0993992686271667
tile_r018531_c008291,2,335.3358459472656,76.80940246582031,375.27294921875,111.9438934326172,0.0964672565460205
tile_r018531_c008291,2,487.650390625,178.44052124023438,515.2566528320312,208.6005401611328,0.0787658020853996
tile_r018531_c008291,2,446.4026489257813,197.8809509277344,474.1399536132813,224.2067413330078,0.0729183852672576
tile_r018531_c008291,2,359.6995544433594,162.21127319335938,401.3814086914063,206.0727996826172,0.0726390928030014
tile_r018531_c008291,2,331.8939819335937,34.47936248779297,372.0504150390625,69.04655456542969,0.0697693303227424
tile_r018531_c008291,2,1.272558569908142,445.63372802734375,32.67051315307617,480.0239868164063,0.0633578076958656
tile_r018531_c008291,2,325.60992431640625,22.619821548461918,380.5534057617188,77.2868881225586,0.0615794584155082
tile_r018531_c008291,2,276.04669189453125,153.4816436767578,330.79351806640625,201.0486297607422,0.0546620264649391
tile_r018531_c008291,2,44.992942810058594,207.9529266357422,104.78929138183594,261.3043518066406,0.0435731373727321
tile_r018531_c008291,2,477.7205200195313,107.6957778930664,516.6116943359375,149.1260528564453,0.0365891046822071
tile_r018531_c008291,2,52.696388244628906,218.8489227294922,92.34063720703124,250.3336944580078,0.0330642573535442
tile_r018531_c008291,2,-6.358026027679443,428.8587951660156,39.96562576293945,485.7570190429688,0.0304202623665332
tile_r018531_c008291,2,46.5146713256836,352.1642150878906,118.4760971069336,427.16802978515625,0.0255047250539064
tile_r018531_c008291,2,484.1173706054688,116.1366195678711,511.1109313964844,143.0561065673828,0.0159429926425218
tile_r018531_c008291,2,274.526123046875,146.1570281982422,338.3741760253906,205.0502014160156,0.0144414035603404
tile_r018531_c008291,2,328.72442626953125,295.3182678222656,383.3865356445313,344.80828857421875,0.0134538309648633
tile_r018531_c008291,2,57.62441253662109,221.5670166015625,98.76725006103516,251.3068084716797,0.0110414652153849
tile_r018531_c008291,2,403.8425903320313,412.0923767089844,470.8165893554688,477.9853515625,0.0109060611575841
tile_r018531_c008291,2,136.18966674804688,358.9917907714844,174.88113403320312,397.1783142089844,0.0105211604386568
tile_r018531_c008291,2,324.61358642578125,68.74192810058594,382.1731567382813,121.98243713378906,0.0101303057745099
tile_r018531_c008291,2,0.259246826171875,442.1468811035156,21.2963924407959,480.1067504882813,0.0100762220099568
tile_r018531_c008291,2,475.4652404785156,169.313232421875,515.9361572265625,219.1667938232422,0.0096392454579472
tile_r018531_c008291,2,320.0354919433594,15.195785522460938,386.636962890625,81.15052795410156,0.0086852917447686
tile_r018531_c008291,2,54.39970779418945,472.2262573242188,118.77305603027344,513.4723510742188,0.008289948105812
tile_r018531_c008291,2,280.5685119628906,162.7247314453125,312.01446533203125,194.8750762939453,0.0072209644131362
tile_r018531_c008291,2,439.0735778808594,187.74444580078125,478.800537109375,231.8417053222656,0.0072054173797369
tile_r018531_c008291,2,345.5984802246094,144.33151245117188,418.434814453125,218.6659393310547,0.006982953287661
tile_r018531_c008291,2,-10.822549819946287,423.9717712402344,24.30613136291504,489.58642578125,0.0069308327510952
tile_r018531_c008291,2,484.2743225097656,180.5484313964844,510.1266479492188,207.7897491455078,0.0055988430976867
tile_r018531_c008291,2,280.8941345214844,160.2008514404297,330.82244873046875,196.0214080810547,0.0048104124143719
tile_r018531_c008291,2,333.22607421875,64.43946838378906,380.656494140625,115.38246154785156,0.004258768633008
tile_r018531_c008291,2,313.72808837890625,276.75360107421875,399.8019104003906,355.4378967285156,0.0039552119560539
tile_r018531_c008291,2,403.0928649902344,317.50714111328125,486.51611328125,402.2091674804688,0.0038392946589738
tile_r018531_c008291,2,269.97998046875,130.30252075195312,345.3797912597656,208.562744140625,0.0035807888489216
tile_r018531_c008291,2,-11.90475368499756,129.64572143554688,-0.9974365234375,195.52127075195312,0.0035500386729836
tile_r018531_c008291,2,420.4169006347656,332.4827575683594,470.9561462402344,382.44232177734375,0.0033507291227579
tile_r018531_c008291,2,76.38850402832031,515.9826049804688,166.3762969970703,524.7999877929688,0.0032625566236674
tile_r018531_c008291,2,281.696044921875,45.86411285400391,312.0467224121094,75.47100830078125,0.0030637576710432
tile_r018531_c008291,2,0.5770980715751648,373.3670349121094,29.583887100219727,430.89166259765625,0.003011597553268
tile_r018531_c008291,2,-12.002904891967772,43.2846908569336,-1.1023406982421875,110.42179870605467,0.0028703776188194
tile_r018531_c008291,2,-11.920783042907717,140.0043182373047,-1.045689344406128,209.19412231445312,0.0028677694499492
tile_r018531_c008291,2,-11.915159225463867,314.9512939453125,-1.0153090953826904,375.7643737792969,0.0028408125508576
tile_r018531_c008291,2,340.9133605957031,84.87598419189453,367.3842468261719,107.9358901977539,0.002814418869093
tile_r018531_c008291,2,-11.904918670654297,33.4776611328125,-1.309330701828003,98.2041244506836,0.0028005354106426
tile_r018531_c008291,2,-3.648260593414306,355.77911376953125,38.085060119628906,424.580810546875,0.0027855120133608
tile_r018531_c008291,2,11.436742782592772,515.24462890625,89.32745361328125,524.7999877929688,0.0026641555596143
tile_r018531_c008291,2,94.38948059082033,515.58251953125,179.6302490234375,524.7999877929688,0.0026371413841843
tile_r018531_c008291,2,-11.98915672302246,110.27291107177734,-0.7030975222587585,176.52894592285156,0.0025554576423019
tile_r018531_c008291,2,228.7619171142578,514.3466796875,307.67529296875,524.7999877929688,0.0024090320803225
tile_r018531_c008291,2,39.8078498840332,200.9558563232422,112.91838073730467,270.66705322265625,0.0023872070014476
tile_r018531_c008291,2,204.777587890625,514.2442016601562,286.12750244140625,524.739501953125,0.0023291616234928
tile_r018531_c008291,2,-11.900398254394531,152.9258270263672,-1.1912978887557983,223.5729217529297,0.0023000510409474
tile_r018531_c008291,2,-11.518976211547852,412.5652770996094,11.504687309265137,484.38189697265625,0.0022858516313135
tile_r018531_c008291,2,-3.032759189605713,373.189208984375,42.39971160888672,433.601318359375,0.0022591655142605
tile_r018531_c008291,2,0.85382080078125,332.29119873046875,38.86675262451172,394.1275024414063,0.002236672444269
tile_r018531_c008291,2,179.0204620361328,514.2879638671875,259.7549743652344,524.6626586914062,0.002198037225753
tile_r018531_c008291,2,468.1292114257813,99.828857421875,522.4718017578125,179.7639617919922,0.0021892003715038
tile_r018531_c008291,2,-11.792596817016602,22.831920623779297,-1.3582184314727783,86.63475036621094,0.0021503935568034
tile_r018531_c008291,2,464.2628784179688,166.29714965820312,518.4295654296875,226.8609313964844,0.0021326867863535
tile_r018531_c008291,2,239.3672332763672,515.2362060546875,322.44189453125,524.7999877929688,0.0020538598764687
tile_r018531_c008291,2,492.3828125,101.605712890625,523.8079833984375,152.8314971923828,0.0020315477158874
tile_r018531_c008291,2,167.60069274902344,514.0613403320312,245.5165100097656,524.4425659179688,0.002016253536567
tile_r018531_c008291,2,-12.075037956237791,64.309814453125,-0.7190109491348267,134.08102416992188,0.0019762790761888
tile_r018531_c008291,2,130.52474975585938,350.4068908691406,185.37548828125,407.943115234375,0.001973268110305
tile_r018531_c008291,2,502.7839965820313,167.0767059326172,523.8896484375,219.7147521972656,0.0018779204692691
tile_r018531_c008291,2,-11.858112335205078,167.38253784179688,-1.3294814825057983,236.1206970214844,0.0018560172757133
tile_r018531_c008291,2,2.9642975330352783,326.23046875,37.49433135986328,384.0523986816406,0.0018527692882344
tile_r018531_c008291,2,-12.025726318359377,98.5107879638672,-0.5688461065292358,164.526611328125,0.001824619830586
tile_r018531_c008291,2,317.8627319335937,15.374316215515137,395.7093200683594,96.2932586669922,0.0017636200645938
tile_r018531_c008291,2,138.89523315429688,514.2108154296875,219.97897338867188,524.71728515625,0.0017186366021633
tile_r018531_c008291,2,507.8693237304688,175.89602661132812,519.8136596679688,215.3188018798828,0.001704832771793
tile_r018531_c008291,2,470.0653381347656,97.65403747558594,521.2374267578125,157.30975341796875,0.0016991395968943
tile_r018531_c008291,2,74.79145812988281,511.5086975097656,149.29727172851562,518.6744995117188,0.0016848896630108
tile_r018531_c008291,2,110.1639404296875,515.0979614257812,193.1429901123047,524.7999877929688,0.0016580263618379
tile_r018531_c008291,2,425.4281311035156,330.9109802246094,472.1636657714844,367.3202209472656,0.0016478569013997
tile_r018531_c008291,2,-10.832605361938477,416.3472595214844,49.42022705078125,493.03125,0.001640525762923
tile_r018531_c008291,2,321.0966796875,52.52567672729492,400.0265502929688,127.5495147705078,0.0016356753185391
tile_r018531_c008291,2,-11.701685905456545,11.019012451171877,-1.202059984207153,72.83440399169922,0.0016305261524394
tile_r018531_c008291,2,144.2198944091797,63.8592529296875,166.9600067138672,83.46476745605469,0.001547725405544
tile_r018531_c008291,2,-12.081024169921877,292.77569580078125,-0.4372238218784332,357.5306396484375,0.0015422131400555
tile_r018531_c008291,2,522.1168212890625,168.80459594726562,524.2884521484375,224.8690490722656,0.0015380379045382
tile_r018531_c008291,2,336.17706298828125,515.18701171875,422.5904235839844,524.7999877929688,0.0015193991130217
tile_r018531_c008291,2,26.616308212280277,511.00732421875,112.35392761230467,524.7999877929688,0.0015189058613032
tile_r018531_c008291,2,-0.2209899872541427,150.5067596435547,39.09859085083008,215.1390838623047,0.0014899189118295
tile_r018531_c008291,2,350.2259216308594,514.8171997070312,436.0005798339844,524.7999877929688,0.0014744384679943
tile_r018531_c008291,2,-11.851845741271973,180.677490234375,-1.128817796707153,248.9323272705078,0.0014491989277303
tile_r018531_c008291,2,264.2530822753906,96.1732406616211,363.6421508789063,207.00503540039065,0.0014304488431662
tile_r018531_c008291,2,1.2787917852401731,314.60162353515625,36.40697479248047,377.0697937011719,0.0014252422843128
tile_r018531_c008291,2,-0.1385955810546875,50.90266036987305,34.20587921142578,112.4211654663086,0.0014164566528052
tile_r018531_c008291,2,0.2587448060512543,141.3500213623047,37.714630126953125,200.9002685546875,0.0014064259594306
tile_r018531_c008291,2,207.5710906982422,240.4341735839844,233.2873077392578,262.24542236328125,0.0014063160633668
tile_r018531_c008291,2,293.64910888671875,515.3854370117188,377.7717895507813,524.7999877929688,0.0014036414213478
tile_r018531_c008291,2,124.599853515625,514.59423828125,206.6848602294922,524.7999877929688,0.0014016985660418
tile_r018531_c008291,2,284.56689453125,52.213905334472656,309.6792907714844,73.70802307128906,0.0013829409144818
tile_r018531_c008291,2,63.765869140625,485.3333129882813,99.4043197631836,510.7694396972656,0.0013776269042864
tile_r018531_c008291,2,0.0520355217158794,44.72907638549805,33.55652618408203,99.1994400024414,0.0013690874911844
tile_r018531_c008291,2,459.7367248535156,197.2411651611328,515.3939208984375,246.7333526611328,0.0013649297179654
tile_r018531_c008291,2,-1.5649292469024658,-0.1522338837385177,33.22667694091797,49.96925735473633,0.0013548041461035
tile_r018531_c008291,2,-12.095677375793455,77.69709014892578,-0.49609375,151.5589599609375,0.0013347897911444
tile_r018531_c008291,2,16.27207374572754,496.0182495117188,72.8597640991211,513.2409057617188,0.0013231023913249
tile_r018531_c008291,2,-12.095647811889648,281.18560791015625,-0.405792236328125,342.6383361816406,0.0013143946416676
tile_r018531_c008291,2,-10.041967391967772,390.6658325195313,47.33899688720703,482.3875122070313,0.0013142162933945
tile_r018531_c008291,2,330.07183837890625,33.75885772705078,384.7952880859375,89.0488510131836,0.0012834044173359
tile_r018531_c008291,2,-1.923254370689392,109.1572494506836,38.04634475708008,180.6744842529297,0.0012795914663001
tile_r018531_c008291,2,-1.0464890003204346,97.65168762207033,37.48406219482422,163.8015899658203,0.0012742261169478
tile_r018531_c008291,2,0.652478039264679,61.79236602783203,33.9619026184082,122.6629638671875,0.001271775807254
tile_r018531_c008291,2,-0.2620498538017273,162.06039428710938,40.29921722412109,230.3202209472656,0.0012691057054325
tile_r018531_c008291,2,-1.3193283081054688,124.87394714355467,37.41770553588867,192.30078125,0.0012639806373044
tile_r018531_c008291,2,-11.847599983215332,225.711181640625,-0.7404220700263977,290.1100158691406,0.0012626533862203
tile_r018531_c008291,2,258.8998413085937,133.9529571533203,326.6319274902344,218.68002319335935,0.0012539320159703
tile_r018531_c008291,2,-11.971527099609377,239.54248046875,-0.7220001220703125,304.3553771972656,0.001253594062291
tile_r018531_c008291,2,320.1427307128906,52.34100341796875,386.8365783691406,108.21197509765624,0.0012526422506198
tile_r018531_c008291,2,-12.095230102539062,269.0169982910156,-0.526660144329071,330.15557861328125,0.001250265398994
tile_r018531_c008291,2,522.6759033203125,173.7638702392578,524.1224975585938,228.98306274414065,0.0012454753741621
tile_r018531_c008291,2,314.9683532714844,62.77991485595703,386.7140502929688,131.5714569091797,0.0012358333915472
tile_r018531_c008291,2,228.1574249267578,284.47613525390625,253.437255859375,307.6651611328125,0.0012319519883021
tile_r018531_c008291,2,352.6854858398437,311.61236572265625,427.5353088378906,404.440673828125,0.001228121924214
tile_r018531_c008291,2,-12.042159080505373,332.24725341796875,-0.8934539556503296,405.4523010253906,0.0012269673170521
tile_r018531_c008291,2,-11.876667976379396,373.0900573730469,-1.096646070480347,437.40234375,0.0012174282455816
tile_r018531_c008291,2,93.23219299316406,518.8690795898438,149.78282165527344,524.7999877929688,0.0012057246640324
tile_r018531_c008291,2,-11.140731811523438,441.4337768554688,8.490323066711426,511.2642517089844,0.0012032011291012
tile_r018531_c008291,2,-0.0865158066153526,85.2547836303711,36.15494918823242,148.76937866210938,0.0011986620957031
tile_r018531_c008291,2,473.5885620117188,155.8690948486328,520.9478759765625,226.2345733642578,0.0011891508474946
tile_r018531_c008291,2,278.5694885253906,29.52859115600586,322.7413635253906,77.7919921875,0.0011890731984749
tile_r018531_c008291,2,0.839642345905304,337.9205627441406,45.76953125,417.46575927734375,0.0011885727290064
tile_r018531_c008291,2,-1.4776718616485596,202.66079711914065,38.66230392456055,262.3382263183594,0.001187520334497
tile_r018531_c008291,2,-11.543207168579102,480.8707580566406,48.91215896606445,511.4757385253906,0.0011829856084659
tile_r018531_c008291,2,-11.543835639953612,0.4654708802700043,-1.7214233875274658,50.38029098510742,0.001176647725515
tile_r018531_c008291,2,-11.798646926879885,210.9683532714844,-0.8023025393486023,277.9046936035156,0.0011748418910428
tile_r018531_c008291,2,-12.148885726928713,499.8893432617188,4.810484409332275,524.7999877929688,0.0011727303499355
tile_r018531_c008291,2,242.46548461914065,511.77392578125,310.3119506835937,522.96435546875,0.0011688170488923
tile_r018531_c008291,2,0.211700439453125,176.52127075195312,39.80525588989258,240.3502960205078,0.0011683822376653
tile_r018531_c008291,2,0.422930896282196,72.55934143066406,34.339698791503906,136.10589599609375,0.001157943974249
tile_r018531_c008291,2,0.0038085938431322,191.15963745117188,38.7576789855957,249.6446533203125,0.001154180499725
tile_r018531_c008291,2,-11.835864067077637,194.553466796875,-0.7152679562568665,264.7679138183594,0.0011458090739324
tile_r018531_c008291,2,194.0907745361328,503.6349182128906,289.6214294433594,514.073486328125,0.0011408020509406
tile_r018531_c008291,2,45.958641052246094,473.66156005859375,124.3753433227539,523.8062744140625,0.0011372063308954
tile_r018531_c008291,2,-12.075788497924805,254.00747680664065,-0.6809356808662415,318.648681640625,0.0011314771836623
tile_r018531_c008291,2,339.6044311523437,85.49115753173828,359.7223205566406,107.0985870361328,0.0011242121690884
tile_r018531_c008291,2,365.579345703125,405.23681640625,456.95306396484375,509.97265625,0.0011182628804817
tile_r018531_c008291,2,361.65435791015625,503.0978393554688,445.61322021484375,513.6197509765625,0.0011101923882961
tile_r018531_c008291,2,514.9793701171875,94.2526626586914,524.7999877929688,174.73464965820312,0.0011079509276896
tile_r018531_c008291,2,364.2062377929688,514.4502563476562,448.5902404785156,524.6304321289062,0.0011054155183956
tile_r018531_c008291,2,0.1109069809317588,447.3929138183594,18.05094337463379,478.93792724609375,0.0010811723768711
tile_r018531_c008291,2,379.1150817871094,502.4766540527344,453.37786865234375,513.3219604492188,0.0010601826943457
tile_r018531_c008291,2,502.6153259277344,110.2116470336914,520.3292236328125,147.2626953125,0.0010346920462325
tile_r018531_c008291,2,32.577735900878906,193.40872192382807,122.5299072265625,279.8721923828125,0.0010273017687723
tile_r018531_c008291,2,283.58465576171875,510.791259765625,351.30487060546875,518.758544921875,0.0010248173493891
tile_r018531_c008291,2,-1.0994446277618408,491.5020446777344,60.17008209228516,512.7561645507812,0.0010235323570668
tile_r018531_c008291,2,512.7471923828125,-12.800000190734863,524.5517578125,3.255755662918091,0.0010072014993056
tile_r018531_c008291,2,378.6236267089844,514.2247314453125,459.95263671875,524.3408203125,0.001006553415209
tile_r018531_c008291,2,479.4655151367188,516.8780517578125,524.7999877929688,524.7999877929688,0.0010061617940664
tile_r018531_c008291,2,250.1609344482422,515.9902954101562,336.5924377441406,524.7999877929688,0.0010050820419564
tile_r018531_c008547,2,155.1241912841797,327.86297607421875,222.0469207763672,394.8347778320313,0.7656841278076172
tile_r018531_c008547,2,225.8294219970703,111.7940444946289,261.8914794921875,147.0717315673828,0.7417469620704651
tile_r018531_c008547,2,225.3413543701172,173.5457763671875,271.78955078125,215.78665161132807,0.7068096995353699
tile_r018531_c008547,2,276.98797607421875,468.7850646972656,328.42706298828125,512.9385986328125,0.7020323276519775
tile_r018531_c008547,2,66.2261734008789,289.1242370605469,133.7676239013672,349.06024169921875,0.6857433319091797
tile_r018531_c008547,2,186.6480407714844,193.59494018554688,219.5596160888672,226.6751708984375,0.6648703217506409
tile_r018531_c008547,2,73.22724914550781,28.92173194885254,120.2008819580078,71.16154479980469,0.663235604763031
tile_r018531_c008547,2,300.93511962890625,307.44195556640625,354.431396484375,354.6265563964844,0.660153329372406
tile_r018531_c008547,2,151.78768920898438,421.1566467285156,208.5144500732422,471.6338806152344,0.657733678817749
tile_r018531_c008547,2,371.646728515625,392.7824096679688,416.4503479003906,436.6236267089844,0.6526585221290588
tile_r018531_c008547,2,99.4840087890625,155.5088348388672,150.66116333007812,208.3164520263672,0.6511725783348083
tile_r018531_c008547,2,83.6845703125,80.01869201660156,115.0148468017578,108.844482421875,0.5456101894378662
tile_r018531_c008547,2,21.670766830444336,154.89755249023438,70.74778747558594,199.4931182861328,0.1795651316642761
tile_r018531_c008547,2,23.241748809814453,159.25180053710938,64.08773040771484,196.5979461669922,0.1584431082010269
tile_r018531_c008547,2,156.2523956298828,426.0594177246094,204.6676483154297,467.212646484375,0.1017082035541534
tile_r018531_c008547,2,79.3721694946289,76.8204574584961,119.2699737548828,111.93701171875,0.0980458334088325
tile_r018531_c008547,2,190.2436065673828,197.7064971923828,218.26742553710935,224.3247528076172,0.0764408186078071
tile_r018531_c008547,2,103.6372299194336,162.1649169921875,145.4031982421875,206.0999298095703,0.0747861787676811
tile_r018531_c008547,2,76.00190734863281,34.489315032958984,116.0679702758789,69.01210021972656,0.0688532665371894
tile_r018531_c008547,2,368.856201171875,386.7820739746094,420.8150024414063,441.37799072265625,0.0654593035578727
tile_r018531_c008547,2,69.87492370605469,22.792957305908203,124.56657409667967,77.02909851074219,0.064927838742733
tile_r018531_c008547,2,219.8063201904297,168.17645263671875,276.1085205078125,222.0202178955078,0.0509295724332332
tile_r018531_c008547,2,19.257055282592773,146.8918914794922,82.69712829589844,204.70388793945312,0.0399584658443927
tile_r018531_c008547,2,221.42056274414065,106.5555419921875,265.5660095214844,149.4414825439453,0.0274935532361269
tile_r018531_c008547,2,146.28488159179688,413.32269287109375,212.6007080078125,476.07366943359375,0.0270401779562234
tile_r018531_c008547,2,309.2918395996094,313.5111389160156,352.98394775390625,351.5130920410156,0.0231654178351163
tile_r018531_c008547,2,280.8387451171875,475.2488403320313,324.0876159667969,511.7791137695313,0.0178921073675155
tile_r018531_c008547,2,270.9466552734375,460.1734313964844,334.76971435546875,516.4339599609375,0.0151974111795425
tile_r018531_c008547,2,26.24262046813965,47.191184997558594,55.001251220703125,74.84222412109375,0.0147249046713113
tile_r018531_c008547,2,227.4198303222656,176.611328125,265.0165100097656,211.59701538085935,0.0120775327086448
tile_r018531_c008547,2,72.67207336425781,295.2430114746094,127.6258316040039,344.9174194335937,0.0117310043424367
tile_r018531_c008547,2,230.1134490966797,117.07164001464844,258.4866943359375,144.34153747558594,0.0108282146975398
tile_r018531_c008547,2,68.84801483154297,69.13771057128906,126.3533935546875,122.0310287475586,0.0087568834424018
tile_r018531_c008547,2,182.9353790283203,187.5816650390625,223.07077026367188,231.9437713623047,0.0078423796221613
tile_r018531_c008547,2,63.526954650878906,14.651514053344728,130.8623809814453,81.20404052734375,0.007667732425034
tile_r018531_c008547,2,89.2579574584961,144.0686492919922,162.7443389892578,218.74044799804688,0.0062970649451017
tile_r018531_c008547,2,232.9940948486328,179.6517333984375,269.8754272460937,212.2391815185547,0.0061838286928832
tile_r018531_c008547,2,24.810470581054688,161.01821899414062,56.44096755981445,193.621826171875,0.0056654307991266
tile_r018531_c008547,2,272.118896484375,16.703277587890625,299.5616760253906,40.21604537963867,0.0052129523828625
tile_r018531_c008547,2,29.191564559936523,51.99152755737305,54.2075080871582,73.23148345947266,0.004524300340563
tile_r018531_c008547,2,213.1144256591797,159.3310546875,283.99273681640625,227.1786193847656,0.0045177955180406
tile_r018531_c008547,2,146.52035522460938,316.6376953125,231.99185180664065,402.90423583984375,0.00443831179291
tile_r018531_c008547,2,77.26937866210938,64.32093048095703,124.7476043701172,115.39924621582033,0.0042683882638812
tile_r018531_c008547,2,466.54498291015625,391.4703063964844,498.6438903808594,417.4310607910156,0.0036425171419978
tile_r018531_c008547,2,164.49801635742188,332.4985656738281,214.9354705810547,382.1467895507813,0.0036300765350461
tile_r018531_c008547,2,376.57623291015625,398.6101684570313,410.5187072753906,432.9595642089844,0.0032594550866633
tile_r018531_c008547,2,57.364990234375,277.0039978027344,145.2338104248047,356.80792236328125,0.0032106540165841
tile_r018531_c008547,2,465.7958068847656,485.077392578125,497.1854553222656,512.5621337890625,0.003137273248285
tile_r018531_c008547,2,84.97823333740234,84.92332458496094,111.30271911621094,107.91241455078124,0.0029428070411086
tile_r018531_c008547,2,213.2439727783203,95.84796142578124,272.9250183105469,157.01156616210938,0.0028449175879359
tile_r018531_c008547,2,290.4764709472656,293.3297424316406,365.20892333984375,367.6067504882813,0.0025785765610635
tile_r018531_c008547,2,463.30712890625,492.720458984375,513.2159423828125,512.529052734375,0.0024179606698453
tile_r018531_c008547,2,137.7689971923828,405.6346740722656,217.4165496826172,483.4432678222656,0.0023029164876788
tile_r018531_c008547,2,232.3844451904297,515.5593872070312,304.97906494140625,524.7999877929688,0.0022052787244319
tile_r018531_c008547,2,22.531667709350582,36.40519332885742,58.73176193237305,76.49431610107422,0.0021780137903988
tile_r018531_c008547,2,27.11810874938965,162.1169891357422,77.67662048339844,195.46044921875,0.0020687722135335
tile_r018531_c008547,2,2.8280272483825684,247.4280242919922,24.02689743041992,272.712890625,0.0018898012349382
tile_r018531_c008547,2,315.2899475097656,515.8204345703125,397.5003051757813,524.7999877929688,0.0017999593401327
tile_r018531_c008547,2,10.684423446655272,109.39469909667967,97.87364196777344,205.4121551513672,0.0017329683760181
tile_r018531_c008547,2,382.5650634765625,514.8458862304688,462.4904174804688,524.7999877929688,0.0017282359767705
tile_r018531_c008547,2,303.587646484375,513.4581298828125,361.8364868164063,524.6389770507812,0.0016513671725988
tile_r018531_c008547,2,406.9344787597656,515.48583984375,486.2101440429688,524.7999877929688,0.0015921080484986
tile_r018531_c008547,2,61.75389862060547,14.956090927124023,139.9616241455078,96.4771957397461,0.0015835696831345
tile_r018531_c008547,2,169.4163360595703,330.880615234375,216.2171630859375,367.3553161621094,0.001583385746926
tile_r018531_c008547,2,65.60645294189453,54.2185173034668,143.93197631835938,127.62747955322266,0.0015006106114014
tile_r018531_c008547,2,368.6100463867188,515.0565185546875,450.0460815429688,524.7999877929688,0.0014840482035651
tile_r018531_c008547,2,462.8184509277344,478.4095764160156,513.4303588867188,513.1228637695312,0.0014639678411185
tile_r018531_c008547,2,243.441650390625,512.4325561523438,328.76885986328125,524.7999877929688,0.0014443403342738
tile_r018531_c008547,2,36.9067268371582,515.4032592773438,122.0536880493164,524.7999877929688,0.0014320776099339
tile_r018531_c008547,2,108.4104995727539,403.12396240234375,202.95199584960935,511.58050537109375,0.0014164895983412
tile_r018531_c008547,2,420.3793029785156,515.807373046875,497.5746154785156,524.7999877929688,0.0013849245151504
tile_r018531_c008547,2,217.3296813964844,514.8181762695312,292.4859924316406,524.6564331054688,0.0013591522583737
tile_r018531_c008547,2,236.8787078857422,501.8140258789063,292.77899169921875,513.6353149414062,0.0013537625782191
tile_r018531_c008547,2,359.79571533203125,378.70068359375,428.6363830566406,451.6494140625,0.0013476849999278
tile_r018531_c008547,2,285.37774658203125,97.3178939819336,316.84552001953125,123.0291748046875,0.0013452491257339
tile_r018531_c008547,2,330.165283203125,515.6434326171875,410.5558166503906,524.7999877929688,0.0013444217620417
tile_r018531_c008547,2,-11.961298942565918,498.99853515625,2.3358688354492188,524.7999877929688,0.0013354395050555
tile_r018531_c008547,2,299.44061279296875,516.2076416015625,382.0145568847656,524.7999877929688,0.0012833067448809
tile_r018531_c008547,2,107.8740692138672,312.0731506347656,171.89599609375,402.4510803222656,0.0012718751095235
tile_r018531_c008547,2,514.62158203125,452.8804626464844,524.7999877929688,517.3966674804688,0.0012629511766135
tile_r018531_c008547,2,73.40882873535156,31.426422119140625,128.97201538085938,89.52407836914062,0.0012314181076362
tile_r018531_c008547,2,80.5862808227539,515.4229125976562,166.77322387695312,524.7999877929688,0.0012249163119122
tile_r018531_c008547,2,451.41259765625,292.4686889648437,519.1075439453125,400.906494140625,0.0012057676212862
tile_r018531_c008547,2,448.6842651367188,499.6290893554688,514.2557373046875,513.2630004882812,0.0012053835671395
tile_r018531_c008547,2,28.770788192749023,511.1024475097656,95.33387756347656,518.98828125,0.001192950294353
tile_r018531_c008547,2,19.789037704467773,134.8594970703125,98.20021057128906,213.68045043945312,0.0011912947520613
tile_r018531_c008547,2,94.0737762451172,515.0045166015625,180.239013671875,524.7999877929688,0.001166300731711
tile_r018531_c008547,2,83.65617370605469,85.56626892089844,103.7036361694336,107.03592681884766,0.0011485749855637
tile_r018531_c008547,2,174.3898162841797,176.78684997558594,237.4190216064453,242.174072265625,0.0011459417873993
tile_r018531_c008547,2,-1.046240210533142,267.0594177246094,87.9707260131836,388.3763122558594,0.001135544036515
tile_r018531_c008547,2,176.0463409423828,514.9300537109375,257.22967529296875,524.7999877929688,0.0011349293636158
tile_r018531_c008547,2,448.03515625,320.1333923339844,518.8294677734375,426.3196411132813,0.0011079135583713
tile_r018531_c008547,2,356.7677307128906,515.3336181640625,435.6412048339844,524.7999877929688,0.0011033323826268
tile_r018531_c008547,2,467.388671875,448.1915893554688,517.7440185546875,513.0880737304688,0.0011002010433003
tile_r018531_c008547,2,189.3003845214844,514.5267333984375,270.2638244628906,524.7999877929688,0.0010925849201157
tile_r018531_c008547,2,161.84213256835938,515.3289794921875,243.7666015625,524.7999877929688,0.0010891726706176
tile_r018531_c008547,2,159.45419311523438,360.3541870117188,229.5126037597656,420.02001953125,0.0010869451798498
tile_r018531_c008547,2,471.48089599609375,421.4625854492188,521.689697265625,514.9239501953125,0.0010793174151331
tile_r018531_c008547,2,337.82489013671875,502.1720581054688,418.3258666992188,514.01708984375,0.0010503438534215
tile_r018531_c008547,2,291.8863830566406,512.4506225585938,358.1776733398437,519.5863037109375,0.0010500516509637
tile_r018531_c008547,2,58.26771926879883,63.563209533691406,131.05728149414062,132.0371856689453,0.0010436057345941
tile_r018531_c008547,2,41.25113677978516,518.5086669921875,99.70127868652344,524.7999877929688,0.001017291098833
tile_r018531_c008547,2,52.393333435058594,388.8242492675781,179.67996215820312,518.9984130859375,0.0010053775040432
tile_r018531_c008547,2,122.228515625,514.4562377929688,204.5470733642578,524.4580078125,0.0010012524435296
tile_r018531_c008803,2,21.17094993591309,468.3204040527344,72.32966613769531,513.3156127929688,0.709769606590271
tile_r018531_c008803,2,427.22552490234375,217.1203155517578,497.2954711914063,286.1619567871094,0.6847707629203796
tile_r018531_c008803,2,453.2223510742188,344.6254272460937,509.80908203125,403.5826721191406,0.6847431659698486
tile_r018531_c008803,2,357.35772705078125,83.38761901855469,429.2667846679688,158.1337127685547,0.667870044708252
tile_r018531_c008803,2,378.8338012695313,479.76025390625,428.2365112304688,513.34814453125,0.6655617356300354
tile_r018531_c008803,2,44.69858551025391,307.25811767578125,98.468017578125,354.76678466796875,0.6621383428573608
tile_r018531_c008803,2,115.6174545288086,392.640869140625,160.5344696044922,436.66412353515625,0.6558957099914551
tile_r018531_c008803,2,402.1494140625,29.16046524047852,440.6201171875,67.46492767333984,0.6240296959877014
tile_r018531_c008803,2,291.07989501953125,164.7474822998047,325.1988220214844,195.2818603515625,0.5984117984771729
tile_r018531_c008803,2,463.3855590820313,424.8894653320313,498.4009704589844,459.3746032714844,0.4887146353721618
tile_r018531_c008803,2,323.88238525390625,232.84262084960935,360.0296936035156,270.75543212890625,0.4749219417572021
tile_r018531_c008803,2,354.7235107421875,378.0758666992188,387.1744995117188,412.6460876464844,0.390417218208313
tile_r018531_c008803,2,365.2945861816406,172.1634063720703,406.4827270507813,213.3050537109375,0.3176802098751068
tile_r018531_c008803,2,465.97552490234375,428.6558532714844,494.8099060058594,457.2022399902344,0.1312321573495865
tile_r018531_c008803,2,369.17578125,178.49435424804688,404.3892517089844,211.8336639404297,0.1084935069084167
tile_r018531_c008803,2,459.966796875,420.2237243652344,502.7220764160156,462.123046875,0.1039479225873947
tile_r018531_c008803,2,363.13818359375,164.90737915039062,415.82470703125,216.02322387695312,0.0962369590997695
tile_r018531_c008803,2,112.8584442138672,386.7053527832031,164.75390625,441.3235473632813,0.068647876381874
tile_r018531_c008803,2,357.02178955078125,384.363037109375,383.1277770996094,411.23541259765625,0.0599908381700515
tile_r018531_c008803,2,292.4058837890625,167.35641479492188,321.51959228515625,191.99801635742188,0.0570820607244968
tile_r018531_c008803,2,404.3034057617188,33.97386932373047,436.6170959472656,64.57867431640625,0.0501111596822738
tile_r018531_c008803,2,382.0221557617188,484.0133666992188,421.3786010742188,512.5745239257812,0.0478546656668186
tile_r018531_c008803,2,327.5508728027344,237.9987335205078,353.97589111328125,266.45001220703125,0.0426995418965816
tile_r018531_c008803,2,397.1433715820313,23.08249282836914,445.0916137695313,71.7286605834961,0.0305192954838275
tile_r018531_c008803,2,435.3973693847656,226.66909790039065,491.61376953125,281.73345947265625,0.0281085725873708
tile_r018531_c008803,2,351.9339904785156,371.8626098632813,391.97265625,414.99853515625,0.0246347896754741
tile_r018531_c008803,2,52.983131408691406,313.42633056640625,97.02091979980467,351.5924072265625,0.0226181503385305
tile_r018531_c008803,2,25.21234130859375,475.0455017089844,67.81019592285156,511.99951171875,0.0201046504080295
tile_r018531_c008803,2,360.280517578125,157.2015380859375,423.7026977539063,220.2633056640625,0.0196763128042221
tile_r018531_c008803,2,-0.3148063719272613,181.1818084716797,19.2083797454834,215.9722900390625,0.0181472059339284
tile_r018531_c008803,2,14.7367582321167,460.0013732910156,78.60801696777344,516.7034912109375,0.0157797615975141
tile_r018531_c008803,2,348.65301513671875,75.59638977050781,436.3213806152344,164.10562133789062,0.0147321913391351
tile_r018531_c008803,2,373.3453369140625,474.1572265625,434.0826110839844,515.1480712890625,0.0122294854372739
tile_r018531_c008803,2,447.0218811035156,331.182373046875,516.2060546875,407.0247497558594,0.0106641156598925
tile_r018531_c008803,2,17.065746307373047,17.9216251373291,39.7158088684082,39.871826171875,0.0095186503604054
tile_r018531_c008803,2,460.1004028320313,350.8275756835937,503.9334106445313,400.137451171875,0.009355311281979
tile_r018531_c008803,2,366.43756103515625,98.11213684082033,423.1300354003906,153.3483428955078,0.0083189764991402
tile_r018531_c008803,2,418.3341674804688,207.94259643554688,504.2115173339844,296.8801574707031,0.0074401954188942
tile_r018531_c008803,2,285.93621826171875,158.507568359375,328.623046875,199.4521484375,0.0072476831264793
tile_r018531_c008803,2,316.5895080566406,225.1221466064453,364.8949279785156,276.66583251953125,0.0068413955159485
tile_r018531_c008803,2,210.1621551513672,483.2769165039063,243.1465301513672,512.296630859375,0.0064132548868656
tile_r018531_c008803,2,0.73785400390625,173.5662078857422,25.310710906982425,219.91830444335935,0.0051528476178646
tile_r018531_c008803,2,-11.127070426940918,164.68199157714844,-0.9416671991348268,224.33413696289065,0.0045884111896157
tile_r018531_c008803,2,31.89044189453125,97.6426010131836,61.300575256347656,123.7913818359375,0.0037999753840267
tile_r018531_c008803,2,359.1517944335937,141.23367309570312,432.7484436035156,220.4214782714844,0.0037986489478498
tile_r018531_c008803,2,451.59619140625,415.4593811035156,509.8516540527344,471.3160095214844,0.0034696648363023
tile_r018531_c008803,2,389.0289611816406,14.236608505249023,451.3714294433594,75.90763092041016,0.0033392594195902
tile_r018531_c008803,2,120.53043365478516,398.578857421875,154.58074951171875,432.9866638183594,0.003298575989902
tile_r018531_c008803,2,209.46694946289065,389.1694946289063,241.860107421875,417.6365356445313,0.0031328636687248
tile_r018531_c008803,2,34.51139068603516,294.2076721191406,108.8875961303711,367.2882385253906,0.0031200558878481
tile_r018531_c008803,2,-11.562484741210938,170.73834228515625,-0.3277359008789062,239.83773803710935,0.0027464122977107
tile_r018531_c008803,2,513.9536743164062,-11.267980575561523,524.7999877929688,69.1090316772461,0.0027048422489315
tile_r018531_c008803,2,-11.871721267700195,325.3369140625,-0.7461501955986023,391.7283325195313,0.0025244567077606
tile_r018531_c008803,2,513.7484130859375,11.778958320617676,524.7999877929688,92.5229263305664,0.0025108230765908
tile_r018531_c008803,2,327.3289489746094,239.7205810546875,348.590087890625,263.30816650390625,0.0024912497028708
tile_r018531_c008803,2,-3.694713592529297,167.5601806640625,15.130529403686523,219.3033447265625,0.0023919846862554
tile_r018531_c008803,2,-12.001025199890137,472.8591918945313,-0.6708221435546875,518.4347534179688,0.0022641280665993
tile_r018531_c008803,2,-11.874345779418944,346.8019104003906,-0.9870544672012328,414.8362426757813,0.0022252262569963
tile_r018531_c008803,2,-0.7945190668106079,176.02249145507812,30.74713706970215,243.0503387451172,0.0021809993777424
tile_r018531_c008803,2,-12.026331901550291,483.8709106445313,2.177769422531128,524.7999877929688,0.0019414047710597
tile_r018531_c008803,2,151.4218292236328,515.3804321289062,230.45040893554688,524.7999877929688,0.0019203594420105
tile_r018531_c008803,2,500.09661865234375,77.7652359008789,517.3526611328125,134.28799438476562,0.0019079453777521
tile_r018531_c008803,2,126.9100341796875,514.7164916992188,206.1077423095703,524.7018432617188,0.0018788538873195
tile_r018531_c008803,2,-2.4039459228515625,153.78140258789062,31.06444931030273,216.5986785888672,0.0018399879336357
tile_r018531_c008803,2,399.0511779785156,515.08837890625,487.2058715820313,524.7999877929688,0.0018376871012151
tile_r018531_c008803,2,419.28076171875,514.8006591796875,499.5272521972656,524.7492065429688,0.0017958482494577
tile_r018531_c008803,2,59.984153747558594,515.7943115234375,141.07034301757812,524.7999877929688,0.0017953431233763
tile_r018531_c008803,2,164.8935089111328,515.7655029296875,242.44448852539065,524.7999877929688,0.0017656224081292
tile_r018531_c008803,2,1.2434723377227783,343.541015625,33.107704162597656,400.52142333984375,0.0017350444104522
tile_r018531_c008803,2,521.3612060546875,91.7737045288086,524.5443115234375,158.39797973632812,0.0017303687054663
tile_r018531_c008803,2,-11.978322982788086,313.133544921875,-0.5079101324081421,381.3533630371094,0.0017081714468076
tile_r018531_c008803,2,343.57183837890625,356.2490234375,394.1220703125,421.9765625,0.001703065354377
tile_r018531_c008803,2,104.3481216430664,379.5723571777344,171.8486785888672,451.23876953125,0.0016927971737459
tile_r018531_c008803,2,-11.905550003051758,72.91444396972656,-1.4984924793243408,132.02232360839844,0.0016838047886267
tile_r018531_c008803,2,124.47941589355467,174.27944946289062,167.1268768310547,217.97671508789065,0.0016490009147673
tile_r018531_c008803,2,-12.06193733215332,444.0703125,-0.2980758547782898,514.4476318359375,0.0016484326915815
tile_r018531_c008803,2,-12.011507034301758,195.98599243164065,-0.7121856808662415,257.5721130371094,0.0016427797963842
tile_r018531_c008803,2,202.7201690673828,514.6394653320312,281.831298828125,524.7999877929688,0.0016119772335514
tile_r018531_c008803,2,113.1091766357422,514.9251708984375,193.59597778320312,524.7999877929688,0.0015949391527101
tile_r018531_c008803,2,-12.0169095993042,358.87384033203125,-0.320455938577652,425.7032775878906,0.0015460160793736
tile_r018531_c008803,2,-11.879819869995115,237.19482421875,-0.7397812008857727,302.2972717285156,0.0015245736576616
tile_r018531_c008803,2,47.82340240478516,513.5260009765625,105.74564361572266,524.5191650390625,0.0015135096618905
tile_r018531_c008803,2,514.30810546875,82.58653259277344,524.7393798828125,152.934326171875,0.0014580825809389
tile_r018531_c008803,2,-11.90822410583496,434.4952697753906,-0.7042388916015625,491.4859008789063,0.0014508580788969
tile_r018531_c008803,2,212.7247009277344,201.2950134277344,240.5433654785156,228.6021423339844,0.0014403982786461
tile_r018531_c008803,2,279.418701171875,152.48892211914062,334.7415466308594,204.14974975585935,0.0014073738129809
tile_r018531_c008803,2,-12.114237785339355,299.23260498046875,-0.5381210446357727,370.93951416015625,0.0013888921821489
tile_r018531_c008803,2,328.4591369628906,516.4562377929688,410.1922912597656,524.7999877929688,0.0013742075534537
tile_r018531_c008803,2,75.0683364868164,515.6033935546875,154.2516326904297,524.7999877929688,0.0013670816551893
tile_r018531_c008803,2,-11.484261512756348,0.978247046470642,-1.4127060174942017,52.38899993896485,0.0013641072437167
tile_r018531_c008803,2,114.86985778808594,106.40046691894533,271.580810546875,257.09735107421875,0.0013404058991
tile_r018531_c008803,2,-12.156384468078612,288.31646728515625,-0.7130264043807983,355.174072265625,0.001312238862738
tile_r018531_c008803,2,28.09456825256348,91.81925964355467,63.768348693847656,124.2175064086914,0.0013029935071244
tile_r018531_c008803,2,-0.3608413636684418,306.76953125,37.43792724609375,372.8274536132813,0.0013013111893087
tile_r018531_c008803,2,178.4544219970703,515.3634033203125,255.2809295654297,524.7999877929688,0.0012991614639759
tile_r018531_c008803,2,195.1196746826172,497.7249145507813,250.60238647460935,513.1407470703125,0.0012975927675142
tile_r018531_c008803,2,514.3353271484375,38.952598571777344,524.7999877929688,121.24981689453124,0.0012826815946027
tile_r018531_c008803,2,360.2774963378906,477.85833740234375,437.7937927246094,523.3363647460938,0.0012720784870907
tile_r018531_c008803,2,43.73702239990234,516.1151123046875,125.60784912109376,524.7999877929688,0.0012552411062642
tile_r018531_c008803,2,511.9095764160156,320.48712158203125,524.5172119140625,404.1039123535156,0.0012437517289072
tile_r018531_c008803,2,-12.151713371276855,278.042724609375,-0.8011490106582642,341.7933959960937,0.0012019788846373
tile_r018531_c008803,2,356.42681884765625,107.2780532836914,433.52490234375,206.73342895507807,0.0012004633899778
tile_r018531_c008803,2,83.4022445678711,502.20806884765625,161.5235137939453,513.8817749023438,0.001195300836116
tile_r018531_c008803,2,-12.007476806640623,248.1528778076172,-0.5829299688339233,317.4185485839844,0.0011905403807759
tile_r018531_c008803,2,-11.89894676208496,220.6798858642578,-0.7983642816543579,290.28643798828125,0.0011839928338304
tile_r018531_c008803,2,456.6326293945313,377.0294799804688,519.0882568359375,437.25537109375,0.0011806733673438
tile_r018531_c008803,2,101.52107238769533,515.2117309570312,179.26022338867188,524.7716674804688,0.0011767717078328
tile_r018531_c008803,2,-12.727999687194824,175.4600067138672,-4.56637716293335,236.0907287597656,0.0011722539784386
tile_r018531_c008803,2,-12.004834175109863,206.7331085205078,-0.8346465826034546,274.9984436035156,0.0011546353343874
tile_r018531_c008803,2,1.0677779912948608,321.2040405273437,36.25736618041992,383.120361328125,0.0011370092397555
tile_r018531_c008803,2,514.3438720703125,-11.255017280578612,524.7714233398438,43.16064453125,0.0011190721997991
tile_r018531_c008803,2,491.9814453125,-12.800000190734863,522.0220947265625,70.13446044921875,0.0011137457331642
tile_r018531_c008803,2,172.17774963378906,501.8707885742188,253.15234375,513.5596923828125,0.0011125586461275
tile_r018531_c008803,2,-12.03172492980957,81.51618957519531,-1.4141769409179688,148.7837371826172,0.0011089546605944
tile_r018531_c008803,2,495.24462890625,83.71220397949219,519.70556640625,145.12362670898438,0.0010994252515956
tile_r018531_c008803,2,324.5264587402344,347.92205810546875,397.6414184570313,421.74853515625,0.0010909411357715
tile_r018531_c008803,2,-12.12203311920166,262.84356689453125,-0.7750244140625,331.200927734375,0.001085496507585
tile_r018531_c008803,2,192.738525390625,513.4269409179688,266.3021850585937,524.7999877929688,0.0010848772944882
tile_r018531_c008803,2,-11.601820945739746,47.64348220825195,-1.4582122564315796,115.05191802978516,0.001079192967154
tile_r018531_c008803,2,211.8616485595703,516.9625244140625,304.41558837890625,524.7999877929688,0.0010763668688014
tile_r018531_c008803,2,-12.07457160949707,96.7804946899414,-1.4409393072128296,163.0931396484375,0.0010746410116553
tile_r018531_c008803,2,295.880859375,415.89111328125,429.8987426757813,516.1239013671875,0.0010664733126759
tile_r018531_c008803,2,2.8142457008361816,162.52914428710938,38.93854904174805,234.82437133789065,0.0010467151878401
tile_r018531_c008803,2,477.1172790527344,517.6347045898438,524.7999877929688,524.7999877929688,0.0010457509197294
tile_r018531_c008803,2,0.2387359589338302,247.4445343017578,31.16907119750977,295.4747009277344,0.00103438005317
tile_r018531_c008803,2,108.7867660522461,221.18685913085935,305.95513916015625,363.51654052734375,0.0010305047035217
tile_r018531_c008803,2,-12.079973220825195,111.27229309082033,-1.31475830078125,174.0150146484375,0.001027520513162
tile_r018531_c008803,2,325.5745544433594,235.6793212890625,351.5536499023437,262.52850341796875,0.0010212867055088
tile_r018531_c008803,2,446.0827026367188,514.8103637695312,519.4801025390625,524.2595825195312,0.0010097465710714
tile_r018531_c008803,2,-12.17939281463623,370.5657653808594,-0.1176239028573036,438.8528747558594,0.0010060170898213
tile_r018531_c008803,2,459.3373107910156,516.039306640625,521.1568603515625,524.489990234375,0.0010045890230685
tile_r018531_c009059,2,171.12649536132812,216.94189453125,241.1243438720703,286.37188720703125,0.682785153388977
tile_r018531_c009059,2,198.3116149902344,344.8124389648437,253.5349578857422,403.4468688964844,0.6818371415138245
tile_r018531_c009059,2,297.15679931640625,455.79296875,349.5592346191406,506.9544067382813,0.676861047744751
tile_r018531_c009059,2,101.228515625,83.36616516113281,173.45547485351562,158.19863891601562,0.6690717935562134
tile_r018531_c009059,2,122.5618133544922,479.83251953125,173.0911865234375,513.3743286132812,0.6545238494873047
tile_r018531_c009059,2,252.50778198242188,223.1324920654297,298.2733154296875,270.3482666015625,0.6449535489082336
tile_r018531_c009059,2,146.00637817382812,28.9277400970459,184.8376007080078,67.65023803710938,0.6268243789672852
tile_r018531_c009059,2,34.872459411621094,164.41256713867188,69.3718490600586,195.4105682373047,0.5898674726486206
tile_r018531_c009059,2,324.0721130371094,250.68032836914065,368.88519287109375,289.81158447265625,0.5879567265510559
tile_r018531_c009059,2,207.3621063232422,424.93408203125,242.40853881835935,459.6104431152344,0.5032228231430054
tile_r018531_c009059,2,403.4566345214844,368.2124938964844,441.6546936035156,397.8507690429688,0.4912481307983398
tile_r018531_c009059,2,67.99605560302734,233.02145385742188,104.30169677734376,270.8156433105469,0.4622638523578644
tile_r018531_c009059,2,98.76408386230467,377.9814453125,131.2459259033203,412.5498046875,0.3845584094524383
tile_r018531_c009059,2,109.1211166381836,172.1592254638672,150.6446075439453,213.429931640625,0.2911498546600342
tile_r018531_c009059,2,488.3029174804688,412.7596130371094,514.9400634765625,453.18170166015625,0.1813006103038787
tile_r018531_c009059,2,37.29331207275391,168.17660522460938,67.3040542602539,193.0478057861328,0.1592593342065811
tile_r018531_c009059,2,257.058349609375,227.99169921875,294.10797119140625,267.8890686035156,0.1566374599933624
tile_r018531_c009059,2,209.9453887939453,428.7953186035156,238.9204864501953,457.4201049804688,0.1478647887706756
tile_r018531_c009059,2,204.07553100585935,420.4947814941406,246.48599243164065,462.3885192871094,0.1101041659712791
tile_r018531_c009059,2,113.0758819580078,178.2464599609375,148.61825561523438,211.9695587158203,0.1014004796743393
tile_r018531_c009059,2,107.2176513671875,166.79043579101562,157.6632080078125,215.925048828125,0.0964574515819549
tile_r018531_c009059,2,101.19102478027344,384.3446350097656,127.07225036621094,411.1200256347656,0.0555684566497802
tile_r018531_c009059,2,148.13653564453125,33.735504150390625,180.8186187744141,64.76419067382812,0.054679736495018
tile_r018531_c009059,2,327.6495056152344,255.9325714111328,365.1017456054688,285.889404296875,0.0540668964385986
tile_r018531_c009059,2,484.4972534179688,405.45806884765625,518.0636596679688,459.87799072265625,0.044294998049736
tile_r018531_c009059,2,125.8361587524414,484.00238037109375,165.59317016601562,512.595947265625,0.0425424464046955
tile_r018531_c009059,2,141.0830535888672,22.90114974975586,189.52316284179688,72.07958984375,0.034965194761753
tile_r018531_c009059,2,71.51438903808594,237.9675750732422,98.14237213134766,266.46826171875,0.0342843644320964
tile_r018531_c009059,2,95.8681182861328,371.7293395996094,136.12448120117188,414.7429809570313,0.0292546786367893
tile_r018531_c009059,2,405.06982421875,371.5725708007813,436.0535278320313,395.755859375,0.028758330270648
tile_r018531_c009059,2,179.2925567626953,226.60140991210935,235.7129669189453,281.7933959960937,0.0269181374460458
tile_r018531_c009059,2,493.003173828125,417.6946411132813,512.7924194335938,452.9620056152344,0.0263495966792106
tile_r018531_c009059,2,397.3951110839844,362.7244262695313,445.5834045410156,403.18792724609375,0.0203637983649969
tile_r018531_c009059,2,104.2076187133789,156.52987670898438,168.5159149169922,220.33984375,0.018655577674508
tile_r018531_c009059,2,92.3188247680664,74.83550262451172,181.7726593017578,165.5095672607422,0.0156341791152954
tile_r018531_c009059,2,160.74351501464844,207.7076110839844,248.42984008789065,291.5370178222656,0.0137786036357283
tile_r018531_c009059,2,117.0598602294922,474.0641479492188,179.13833618164062,515.1643676757812,0.0116625819355249
tile_r018531_c009059,2,188.57797241210935,330.31915283203125,264.516357421875,411.6902770996094,0.0097513198852539
tile_r018531_c009059,2,29.5981559753418,157.87356567382812,72.916015625,199.7583923339844,0.0088385036215186
tile_r018531_c009059,2,110.4011459350586,98.08869934082033,167.1088104248047,153.3428955078125,0.0082630589604377
tile_r018531_c009059,2,456.7074279785156,336.7523803710937,485.4476623535156,361.73486328125,0.0079702893272042
tile_r018531_c009059,2,244.8675079345703,216.78366088867188,305.4109191894531,277.0835266113281,0.007909464649856
tile_r018531_c009059,2,318.42138671875,243.91763305664065,375.5011596679688,295.6185913085937,0.0076801902614533
tile_r018531_c009059,2,61.85258865356445,225.8810577392578,109.4965591430664,277.08807373046875,0.0073037287220358
tile_r018531_c009059,2,204.2345733642578,350.6636657714844,247.6828155517578,400.0266723632813,0.0069231991656124
tile_r018531_c009059,2,302.7579650878906,462.62506103515625,342.08990478515625,502.501220703125,0.0064121643081307
tile_r018531_c009059,2,194.9529266357422,416.7014770507813,252.9588928222656,471.3528442382813,0.0058195595629513
tile_r018531_c009059,2,477.0797729492188,399.3155212402344,521.2473754882812,478.6726684570313,0.0057487799786031
tile_r018531_c009059,2,287.28375244140625,444.0128784179688,358.5061950683594,512.9976806640625,0.0053956238552927
tile_r018531_c009059,2,522.1649169921875,395.5421447753906,524.4356689453125,465.5924377441406,0.005391648504883
tile_r018531_c009059,2,132.3528594970703,14.298846244812012,195.1739044189453,76.84053039550781,0.004541328176856
tile_r018531_c009059,2,522.486083984375,404.4505920410156,524.296630859375,471.7998046875,0.0042751161381602
tile_r018531_c009059,2,510.24267578125,393.48968505859375,524.14306640625,462.6929321289063,0.0040816506370902
tile_r018531_c009059,2,510.1672973632813,412.0659790039063,520.794921875,465.8719177246094,0.0040617613121867
tile_r018531_c009059,2,505.02154541015625,399.74163818359375,521.3193969726562,462.2073669433594,0.0039982572197914
tile_r018531_c009059,2,-11.873945236206056,7.439379692077637,-0.3861556947231293,66.9168701171875,0.0039926781319081
tile_r018531_c009059,2,103.1578140258789,140.8149871826172,177.7111053466797,220.68618774414065,0.0037621275987476
tile_r018531_c009059,2,514.2854614257812,392.3911743164063,524.6505126953125,469.6958618164063,0.0035868596751242
tile_r018531_c009059,2,214.1950225830078,514.59716796875,295.2130432128906,524.7999877929688,0.0031682071276009
tile_r018531_c009059,2,86.6422348022461,359.65631103515625,138.935546875,421.8269958496094,0.0029272355604916
tile_r018531_c009059,2,-11.594120979309082,-2.4200501441955566,-0.4675094485282898,46.89509201049805,0.0027219338808208
tile_r018531_c009059,2,522.08154296875,412.4083862304688,524.2369995117188,476.3257751464844,0.0024946776684373
tile_r018531_c009059,2,-12.03650188446045,14.438680648803713,-0.281118780374527,85.20867919921875,0.0024815376382321
tile_r018531_c009059,2,-11.999773025512695,40.1412239074707,-0.4940292239189148,109.62691497802734,0.0023957290686666
tile_r018531_c009059,2,71.26570892333984,239.53451538085935,92.6016845703125,263.4090270996094,0.0023676913697272
tile_r018531_c009059,2,142.5155792236328,515.0189208984375,232.5654754638672,524.7999877929688,0.0023434802424162
tile_r018531_c009059,2,162.011962890625,514.6116943359375,245.3284149169922,524.7999877929688,0.0023414876777678
tile_r018531_c009059,2,391.8812561035156,359.86492919921875,451.0003967285156,413.1958923339844,0.0022880972828716
tile_r018531_c009059,2,-12.022130012512209,25.617202758789062,-0.5528014898300171,97.94234466552734,0.0022598644718527
tile_r018531_c009059,2,311.0332946777344,240.7445068359375,378.8059692382813,305.03863525390625,0.0021592662669718
tile_r018531_c009059,2,327.1490173339844,515.8698120117188,411.7396545410156,524.7999877929688,0.0021418943069875
tile_r018531_c009059,2,-12.07646656036377,51.78229904174805,-0.1873733550310135,125.3652114868164,0.0020743911154568
tile_r018531_c009059,2,338.5133361816406,258.3451232910156,367.7000427246094,283.94854736328125,0.0020323928911238
tile_r018531_c009059,2,521.8218383789062,389.9788513183594,524.6065063476562,458.9788513183594,0.0020176328253
tile_r018531_c009059,2,300.9697265625,239.0314483642578,339.54644775390625,293.5966796875,0.001918081426993
tile_r018531_c009059,2,487.3849487304688,409.1670837402344,524.3982543945312,468.16650390625,0.0019164126133546
tile_r018531_c009059,2,188.95242309570312,514.349609375,271.82012939453125,524.5441284179688,0.001913177431561
tile_r018531_c009059,2,0.7447234988212585,-3.701231479644776,32.09473419189453,42.538551330566406,0.0019057139288634
tile_r018531_c009059,2,433.1177673339844,515.23974609375,509.2599487304688,524.7999877929688,0.0018665886018425
tile_r018531_c009059,2,515.8934936523438,395.55316162109375,524.7999877929688,485.3859252929688,0.00183289591223
tile_r018531_c009059,2,345.5829467773437,516.07275390625,423.1180114746094,524.7999877929688,0.0017975056543946
tile_r018531_c009059,2,238.1154327392578,515.3414306640625,317.0987854003906,524.7999877929688,0.0017961013363674
tile_r018531_c009059,2,-12.225152969360352,64.4707260131836,0.066436767578125,140.1367645263672,0.0017308193491771
tile_r018531_c009059,2,232.89810180664065,208.80880737304688,308.8558959960937,280.3309326171875,0.0016870390390977
tile_r018531_c009059,2,305.5184631347656,514.7884521484375,398.7555541992188,524.7999877929688,0.0016845720820128
tile_r018531_c009059,2,22.5694522857666,152.983154296875,78.69337463378906,203.3407287597656,0.0015995136927813
tile_r018531_c009059,2,471.4346618652344,516.0372314453125,524.64404296875,524.7999877929688,0.0015646881656721
tile_r018531_c009059,2,-0.4911331236362457,3.931842088699341,33.72499465942383,68.29849243164062,0.0014922055415809
tile_r018531_c009059,2,-12.328831672668455,78.73268127441406,0.5508331060409546,149.66067504882812,0.001484660198912
tile_r018531_c009059,2,515.735595703125,413.4494018554688,524.7999877929688,503.4478454589844,0.0014837987255305
tile_r018531_c009059,2,377.82415771484375,515.81201171875,462.1897888183594,524.7999877929688,0.0014740517362952
tile_r018531_c009059,2,-12.222887992858888,133.0232391357422,-0.0408004745841026,196.7352752685547,0.0014621927402913
tile_r018531_c009059,2,259.37451171875,501.15966796875,337.43878173828125,512.3985595703125,0.0014292743289843
tile_r018531_c009059,2,461.974609375,378.63958740234375,520.3380737304688,464.4456176757813,0.0014051072066649
tile_r018531_c009059,2,515.28759765625,440.8594665527344,524.7381591796875,511.1434631347656,0.0013637869851663
tile_r018531_c009059,2,71.21529388427734,350.750244140625,144.95140075683594,423.9752502441406,0.0013399196323007
tile_r018531_c009059,2,71.03556823730469,516.4031982421875,154.6314697265625,524.7999877929688,0.0013357601128518
tile_r018531_c009059,2,420.27734375,129.4403076171875,449.0765686035156,156.33395385742188,0.0013048184337094
tile_r018531_c009059,2,103.416748046875,478.3351135253906,182.31607055664065,523.4263305664062,0.0012901636073365
tile_r018531_c009059,2,0.4755203127861023,50.9656982421875,34.40778350830078,114.8862762451172,0.0012787173036485
tile_r018531_c009059,2,-0.9148467779159546,35.077186584472656,34.75591278076172,103.43865966796876,0.0012370881158858
tile_r018531_c009059,2,-1.2375320196151731,17.50893783569336,34.85984420776367,88.9260482788086,0.0012341922847554
tile_r018531_c009059,2,249.9789581298828,516.365234375,331.8740234375,524.7999877929688,0.0012296412605792
tile_r018531_c009059,2,327.4608764648437,175.57595825195312,358.375,217.9745178222656,0.001226078835316
tile_r018531_c009059,2,481.74267578125,-3.234257459640503,516.90087890625,42.43864059448242,0.0012200628407299
tile_r018531_c009059,2,283.1513671875,502.21435546875,370.8373107910156,524.7999877929688,0.0012155598960816
tile_r018531_c009059,2,100.0365982055664,107.6109848022461,178.3263397216797,208.1874237060547,0.0012049846118316
tile_r018531_c009059,2,296.8204650878906,238.36941528320312,359.4954528808594,304.6584777832031,0.0012016829568892
tile_r018531_c009059,2,430.6987915039063,503.8707885742188,498.95843505859375,512.7996215820312,0.0011868185829371
tile_r018531_c009059,2,-12.243743896484377,119.7137680053711,0.228005975484848,187.66989135742188,0.001180381514132
tile_r018531_c009059,2,74.87294006347656,238.69384765625,103.83366394042967,268.3345642089844,0.0011730247642844
tile_r018531_c009059,2,-12.331151008605955,142.074951171875,0.1417266875505447,211.4595489501953,0.0011710709659382
tile_r018531_c009059,2,477.4972534179688,411.8048706054688,521.7721557617188,502.0140686035156,0.001169059658423
tile_r018531_c009059,2,439.42138671875,518.3600463867188,494.1622009277344,524.7999877929688,0.0011683761840686
tile_r018531_c009059,2,436.89166259765625,512.6777954101562,501.677978515625,522.098876953125,0.0011548629263415
tile_r018531_c009059,2,263.4335021972656,514.9456176757812,347.6522521972656,524.7999877929688,0.0011405672412365
tile_r018531_c009059,2,514.3983154296875,463.4664001464844,524.7235107421875,515.3601684570312,0.0011387900449335
tile_r018531_c009059,2,306.4327087402344,512.1550903320312,382.2125854492188,517.6998291015625,0.0011372751323506
tile_r018531_c009059,2,478.0233459472656,9.91259765625,507.0364379882813,32.364471435546875,0.0011194357648491
tile_r018531_c009059,2,468.9051818847656,421.8042907714844,518.2155151367188,507.1803588867188,0.0010996662313118
tile_r018531_c009059,2,33.126712799072266,198.506103515625,114.4787368774414,298.3915405273437,0.0010941978543996
tile_r018531_c009059,2,515.2916870117188,26.336389541625977,524.6774291992188,101.7260971069336,0.0010813814587891
tile_r018531_c009059,2,387.7599487304688,355.16796875,451.8615112304688,425.6632690429688,0.0010650849435478
tile_r018531_c009059,2,0.9717025756835938,62.1596908569336,33.21013259887695,122.9959487915039,0.001064627431333
tile_r018531_c009059,2,171.59603881835938,503.2315368652344,252.0230407714844,513.4158935546875,0.0010642760898917
tile_r018531_c009059,2,477.7879943847656,511.5580139160156,524.7999877929688,518.6749877929688,0.0010267122415825
tile_r018531_c009059,2,512.6613159179688,505.0982360839844,524.7470703125,524.7999877929688,0.0010236065136268
tile_r018531_c009059,2,215.03872680664065,76.15693664550781,380.3745727539063,236.0423583984375,0.0010222606360912
tile_r018531_c009059,2,274.9208374023437,508.5668029785156,359.8138122558594,524.7999877929688,0.0010044154478237
tile_r018531_c009059,2,228.92367553710935,512.4461669921875,300.0126953125,524.0618896484375,0.0010013722348958
tile_r018531_c009315,2,260.407958984375,8.039837837219238,312.8842163085937,55.11636352539063,0.698017954826355
tile_r018531_c009315,2,362.1638793945313,427.3479614257813,415.2556762695313,476.0243225097656,0.6784764528274536
tile_r018531_c009315,2,41.518821716308594,456.1803588867188,93.0573501586914,506.7959899902344,0.673172652721405
tile_r018531_c009315,2,0.6093810796737671,222.4855194091797,40.4259147644043,270.17877197265625,0.6217083930969238
tile_r018531_c009315,2,466.8073120117188,459.3818359375,509.0106506347656,499.8001098632813,0.6161084771156311
tile_r018531_c009315,2,68.5283203125,251.1975555419922,112.158203125,289.27398681640625,0.5955891013145447
tile_r018531_c009315,2,382.83544921875,256.61785888671875,419.9728393554688,293.6787109375,0.5497086048126221
tile_r018531_c009315,2,147.57431030273438,368.2145385742188,185.48863220214844,397.6349487304688,0.5074934363365173
tile_r018531_c009315,2,231.92770385742188,413.5792541503906,280.3355712890625,461.12396240234375,0.4156693816184997
tile_r018531_c009315,2,401.2266540527344,141.2943878173828,446.4732360839844,180.586669921875,0.3574976325035095
tile_r018531_c009315,2,237.7935028076172,419.0109252929688,278.3489685058594,457.9837951660156,0.250894159078598
tile_r018531_c009315,2,403.78411865234375,143.9860382080078,437.8169555664063,176.64224243164062,0.2335071563720703
tile_r018531_c009315,2,318.1143493652344,78.75577545166016,340.7403869628906,100.11029052734376,0.2265957146883011
tile_r018531_c009315,2,378.4542846679688,253.2080535888672,423.3970642089844,297.97088623046875,0.159758523106575
tile_r018531_c009315,2,451.0455932617188,341.9348449707031,475.4631958007813,364.1584777832031,0.1007912680506706
tile_r018531_c009315,2,461.3989868164063,453.7865295410156,512.4019165039062,505.0245971679688,0.0902449116110801
tile_r018531_c009315,2,71.81645202636719,256.3446960449219,108.6749496459961,285.4698486328125,0.0724362134933471
tile_r018531_c009315,2,358.0463256835937,413.5348510742188,419.8902893066406,480.8977661132813,0.0535659678280353
tile_r018531_c009315,2,264.09967041015625,14.037389755249023,308.674560546875,51.88404083251953,0.0476028509438037
tile_r018531_c009315,2,306.62664794921875,172.7989044189453,341.9056701660156,209.7222442626953,0.044588629156351
tile_r018531_c009315,2,367.1888732910156,432.9801635742188,411.1942443847656,473.0187377929688,0.0388082228600978
tile_r018531_c009315,2,254.4910125732422,0.1444091796875,318.96502685546875,60.076698303222656,0.0321660563349723
tile_r018531_c009315,2,149.13796997070312,371.6929321289063,179.86727905273438,395.6664123535156,0.031241362914443
tile_r018531_c009315,2,375.381103515625,408.7080993652344,398.601318359375,429.2269592285156,0.0308315977454185
tile_r018531_c009315,2,225.9693603515625,408.7848510742188,286.24859619140625,465.2008666992188,0.0274141989648342
tile_r018531_c009315,2,383.9034118652344,263.7403259277344,414.7359313964844,292.39990234375,0.0251748338341712
tile_r018531_c009315,2,404.2759704589844,145.0057373046875,432.1394653320313,172.6966552734375,0.0224824361503124
tile_r018531_c009315,2,446.7850646972656,338.9699401855469,476.56103515625,367.0464477539063,0.0198712069541215
tile_r018531_c009315,2,312.85894775390625,363.4007263183594,355.063720703125,403.361572265625,0.0191996227949857
tile_r018531_c009315,2,300.146484375,168.35543823242188,344.1986694335937,211.5615997314453,0.0187936481088399
tile_r018531_c009315,2,397.2611389160156,134.37802124023438,452.7932739257813,184.6831970214844,0.0186467356979846
tile_r018531_c009315,2,141.6226043701172,362.7906799316406,189.46109008789065,402.97698974609375,0.0168995130807161
tile_r018531_c009315,2,315.8758239746094,76.77474212646484,342.96990966796875,102.53199768066406,0.0120337000116705
tile_r018531_c009315,2,407.1392517089844,148.8416748046875,447.7277221679688,178.1814727783203,0.0114534925669431
tile_r018531_c009315,2,234.25393676757807,416.32904052734375,275.5526733398437,451.84967041015625,0.011277456767857
tile_r018531_c009315,2,200.458740234375,334.87017822265625,229.902099609375,361.6036682128906,0.0102570364251732
tile_r018531_c009315,2,454.9212951660156,344.66510009765625,474.6290893554688,363.5474243164063,0.0099411290138959
tile_r018531_c009315,2,47.00443649291992,462.82373046875,85.83196258544922,502.3102416992188,0.0080013889819383
tile_r018531_c009315,2,306.4288024902344,359.9422912597656,360.3132934570313,409.9178771972656,0.0079888114705681
tile_r018531_c009315,2,364.139892578125,407.0699157714844,416.2921447753906,450.404296875,0.0077979266643524
tile_r018531_c009315,2,63.2772216796875,244.40835571289065,118.8811492919922,294.8793334960937,0.0069054667837917
tile_r018531_c009315,2,309.31353759765625,175.9575958251953,337.5914611816406,207.8961181640625,0.0059129353612661
tile_r018531_c009315,2,5.202685356140137,230.4401397705078,36.76903533935547,267.7799377441406,0.0049108737148344
tile_r018531_c009315,2,-2.3241820335388184,214.4029235839844,47.0709342956543,277.0038452148437,0.004539172630757
tile_r018531_c009315,2,31.44839096069336,443.88134765625,102.27018737792967,512.8572387695312,0.0045244870707392
tile_r018531_c009315,2,392.8917846679688,128.83273315429688,456.0541076660156,193.3099670410156,0.0043844901956617
tile_r018531_c009315,2,369.14263916015625,244.06430053710935,431.2601013183594,306.0091247558594,0.004267472308129
tile_r018531_c009315,2,-10.6566743850708,199.80307006835935,26.023162841796875,276.6287536621094,0.0040544150397181
tile_r018531_c009315,2,262.1126708984375,514.7424926757812,348.03912353515625,524.7999877929688,0.0031951426062732
tile_r018531_c009315,2,296.9805908203125,163.98178100585938,350.0863952636719,217.9983673095703,0.0031891434919089
tile_r018531_c009315,2,458.1214904785156,343.0176696777344,478.0994262695313,362.60498046875,0.0030327199492603
tile_r018531_c009315,2,318.7523498535156,366.7579040527344,352.08154296875,396.7771911621094,0.0027465873863548
tile_r018531_c009315,2,295.65875244140625,349.41326904296875,358.6318359375,422.0719299316406,0.0025276043452322
tile_r018531_c009315,2,227.25357055664065,514.6452026367188,312.60699462890625,524.7999877929688,0.0024671391583979
tile_r018531_c009315,2,347.75457763671875,410.2705078125,425.9295349121094,488.4248046875,0.002458096249029
tile_r018531_c009315,2,453.3167114257813,448.6237182617188,517.6663208007812,513.2691650390625,0.0023391840513795
tile_r018531_c009315,2,177.00555419921875,515.0147705078125,261.08514404296875,524.7999877929688,0.0023274680133908
tile_r018531_c009315,2,72.0086898803711,515.8189697265625,156.1879119873047,524.7999877929688,0.0023032091557979
tile_r018531_c009315,2,135.82009887695312,360.0111389160156,194.66775512695312,412.964599609375,0.0021755241323262
tile_r018531_c009315,2,289.0760803222656,401.4750061035156,321.84912109375,431.298828125,0.0021624537184834
tile_r018531_c009315,2,253.9693603515625,511.5859375,325.4314270019531,521.7760009765625,0.0021427914034575
tile_r018531_c009315,2,47.25958251953125,243.4163055419922,80.66139221191406,292.82830810546875,0.0020613169763237
tile_r018531_c009315,2,56.1133041381836,241.4840850830078,121.65025329589844,304.87432861328125,0.0020501902326941
tile_r018531_c009315,2,289.1290588378906,156.0380401611328,348.6190795898437,224.2146453857422,0.0020146355964243
tile_r018531_c009315,2,89.6663818359375,516.0021362304688,167.7583770751953,524.7999877929688,0.0020038129296153
tile_r018531_c009315,2,448.88189697265625,342.8753662109375,472.9064025878906,360.2349853515625,0.0019926773384213
tile_r018531_c009315,2,469.051025390625,465.2582092285156,504.45257568359375,497.6000061035156,0.0019078900804743
tile_r018531_c009315,2,427.6102600097656,503.1624450683594,504.7859497070313,512.4291381835938,0.0018665520474314
tile_r018531_c009315,2,-10.78472900390625,221.49484252929688,3.799154758453369,290.6300964355469,0.0018423155415803
tile_r018531_c009315,2,50.27135467529297,514.8200073242188,143.20535278320312,524.7999877929688,0.0018175200093537
tile_r018531_c009315,2,200.7169189453125,514.40771484375,286.6452941894531,524.7999877929688,0.0018039536662399
tile_r018531_c009315,2,138.3285675048828,353.92388916015625,196.574462890625,426.178955078125,0.0017974345246329
tile_r018531_c009315,2,445.3446350097656,333.77642822265625,480.9837036132813,368.25103759765625,0.0017691666726022
tile_r018531_c009315,2,301.85552978515625,351.6581420898437,381.28326416015625,418.894775390625,0.0017346224049106
tile_r018531_c009315,2,287.520263671875,514.8001708984375,370.658447265625,524.7999877929688,0.0017333554569631
tile_r018531_c009315,2,419.1663208007813,515.1953125,498.2950134277344,524.79638671875,0.0017165867611765
tile_r018531_c009315,2,374.941162109375,410.6257934570313,400.2332153320313,433.3850708007813,0.0017135050147771
tile_r018531_c009315,2,121.4667510986328,515.7175903320312,207.2632598876953,524.7999877929688,0.0017069344175979
tile_r018531_c009315,2,-11.527381896972656,235.25912475585935,0.2040634155273437,303.12762451171875,0.0016946549294516
tile_r018531_c009315,2,218.0067443847656,401.0725708007813,294.2875061035156,475.0458068847656,0.0016580768860876
tile_r018531_c009315,2,431.21978759765625,514.9676513671875,510.5230102539063,524.7999877929688,0.0016320561990141
tile_r018531_c009315,2,323.96502685546875,514.6376342773438,410.5186462402344,524.7999877929688,0.0016117678023874
tile_r018531_c009315,2,-8.710351943969727,208.7526397705078,54.35145950317383,285.0220642089844,0.0016092193545773
tile_r018531_c009315,2,83.31660461425781,258.8043518066406,111.2953643798828,283.5267028808594,0.0015538971638306
tile_r018531_c009315,2,245.5463409423828,421.45208740234375,275.460205078125,457.7212524414063,0.001532333320938
tile_r018531_c009315,2,250.3755340576172,428.9090881347656,276.9249572753906,456.7620239257813,0.0015320589300245
tile_r018531_c009315,2,270.02459716796875,517.69140625,329.16015625,524.7999877929688,0.0015211825957521
tile_r018531_c009315,2,509.8458862304688,434.0143432617188,524.1357421875,513.8004760742188,0.0015165572986006
tile_r018531_c009315,2,-12.274894714355469,443.4182739257813,0.0944427475333213,515.7294921875,0.001491405069828
tile_r018531_c009315,2,406.29345703125,514.6041259765625,484.7034301757813,524.5499877929688,0.0014769945992156
tile_r018531_c009315,2,200.92202758789065,319.04962158203125,357.78125,461.3211059570313,0.001456897240132
tile_r018531_c009315,2,244.8793487548828,-7.253021240234375,325.729248046875,70.93440246582031,0.0014559908304363
tile_r018531_c009315,2,441.5855407714844,510.5714721679688,520.6748046875,524.7999877929688,0.0014428027207031
tile_r018531_c009315,2,220.5913848876953,7.428753852844238,250.7989959716797,32.40491485595703,0.0014358555199578
tile_r018531_c009315,2,242.86001586914065,7.941506862640381,324.11328125,83.23966979980469,0.0014067942975088
tile_r018531_c009315,2,-11.963094711303713,252.33285522460935,-1.3544189929962158,314.843505859375,0.0013885562075302
tile_r018531_c009315,2,513.68359375,449.3470764160156,524.7999877929688,514.7009887695312,0.0013717956608161
tile_r018531_c009315,2,468.9090881347656,513.5712890625,524.7999877929688,524.7999877929688,0.0013506970135495
tile_r018531_c009315,2,179.62322998046875,512.5125732421875,245.85888671875,522.5123291015625,0.0013070399872958
tile_r018531_c009315,2,219.43179321289065,511.3497009277344,286.2049255371094,519.5067138671875,0.0013039171462878
tile_r018531_c009315,2,213.1114196777344,38.3693733215332,349.12652587890625,172.28236389160156,0.0013035236625
tile_r018531_c009315,2,37.3693962097168,242.8101043701172,97.38140869140624,306.8229064941406,0.0012952060205861
tile_r018531_c009315,2,-12.165430068969728,430.40472412109375,-0.163594052195549,492.5857849121094,0.0012915486004203
tile_r018531_c009315,2,182.62538146972656,518.177734375,238.3226623535156,524.7999877929688,0.001284098951146
tile_r018531_c009315,2,512.6392822265625,508.6957092285156,524.7999877929688,524.7999877929688,0.0012741702375933
tile_r018531_c009315,2,218.32180786132807,517.7400512695312,280.86346435546875,524.7999877929688,0.001269890461117
tile_r018531_c009315,2,256.7733154296875,517.2716064453125,319.6191711425781,524.7999877929688,0.0012589355465024
tile_r018531_c009315,2,198.35061645507807,331.55633544921875,234.00704956054688,363.4436645507813,0.0012565683573484
tile_r018531_c009315,2,340.1658630371094,514.9343872070312,422.5735473632813,524.7999877929688,0.0012308248551562
tile_r018531_c009315,2,50.94990158081055,512.136474609375,126.46651458740234,517.2484741210938,0.0012251770822331
tile_r018531_c009315,2,174.5280303955078,504.2698364257813,243.26577758789065,512.9147338867188,0.0012210650602355
tile_r018531_c009315,2,380.017333984375,515.2932739257812,460.9581604003906,524.7999877929688,0.0011991639621555
tile_r018531_c009315,2,283.73687744140625,350.94854736328125,366.5220336914063,453.95947265625,0.0011914258357137
tile_r018531_c009315,2,27.837121963500977,500.5130920410156,115.1468505859375,524.7999877929688,0.0011717225424945
tile_r018531_c009315,2,-12.284431457519531,338.7071838378906,-0.0380264297127723,402.28619384765625,0.0011561431456357
tile_r018531_c009315,2,11.386569023132324,492.668212890625,80.74497985839844,512.5258178710938,0.001151714939624
tile_r018531_c009315,2,266.5675048828125,511.9996948242188,336.8861999511719,522.8358154296875,0.0011376581387594
tile_r018531_c009315,2,416.4491271972656,154.1144561767578,448.4954223632813,178.2375946044922,0.0011315245646983
tile_r018531_c009315,2,238.33572387695312,420.70361328125,270.1225891113281,451.43408203125,0.001124475733377
tile_r018531_c009315,2,319.07012939453125,78.58673095703125,348.2410888671875,105.80252838134766,0.0011141448048874
tile_r018531_c009315,2,296.6649475097656,517.68798828125,353.0538635253906,524.7999877929688,0.0010904434602707
tile_r018531_c009315,2,453.69287109375,156.9365692138672,489.9143676757813,182.13491821289065,0.0010884834919124
tile_r018531_c009315,2,11.212507247924805,444.05755615234375,53.79549026489258,510.02435302734375,0.0010878837201744
tile_r018531_c009315,2,170.2141571044922,511.703125,241.8484344482422,520.19921875,0.0010808566585183
tile_r018531_c009315,2,0.0864013656973838,432.19091796875,38.32732391357422,495.5917053222656,0.0010799911106005
tile_r018531_c009315,2,270.99871826171875,9.838493347167969,310.2651672363281,36.085052490234375,0.0010738207492977
tile_r018531_c009315,2,-12.149169921875,421.134765625,-0.067840576171875,479.1787109375,0.0010654721409082
tile_r018531_c009315,2,75.83024597167969,292.11749267578125,209.9098663330078,412.4082946777344,0.001055501634255
tile_r018531_c009315,2,215.7279357910156,-2.0365936756134038,264.6861267089844,32.688255310058594,0.0010534191969782
tile_r018531_c009315,2,-12.071396827697754,264.662841796875,-1.0163085460662842,326.2953491210937,0.0010444720974192
tile_r018531_c009315,2,246.0531768798828,318.7032165527344,368.81744384765625,422.5404357910156,0.001037472509779
tile_r018531_c009315,2,-12.224698066711426,499.9583129882813,3.8387176990509033,524.7999877929688,0.0010374166304245
tile_r018531_c009315,2,427.0414123535156,327.19384765625,481.6100463867188,388.5531311035156,0.0010353294201195
tile_r018531_c009315,2,148.9517364501953,515.5169067382812,234.556640625,524.7999877929688,0.0010352855315431
tile_r018531_c009315,2,275.1388244628906,512.463134765625,342.228759765625,524.3648681640625,0.0010263239964842
tile_r018531_c009315,2,189.95738220214844,513.3096923828125,249.4193878173828,524.7218627929688,0.0010237254900857
tile_r018531_c009315,2,164.2344970703125,129.46676635742188,192.75357055664065,156.06979370117188,0.0010173541959375
tile_r018531_c009315,2,188.68258666992188,275.98455810546875,304.5567626953125,383.6258850097656,0.001016043126583
tile_r018531_c009315,2,297.0360412597656,512.1165161132812,365.6781311035156,524.1287231445312,0.0010135787306353
tile_r018531_c009315,2,277.489013671875,152.24415588378906,359.16290283203125,241.3981475830078,0.0010114011820405
tile_r018531_c009315,2,-11.38981819152832,185.1019287109375,6.752562046051025,261.8340148925781,0.0010063478257507
tile_r018531_c009315,2,467.1866149902344,511.3750915527344,524.7999877929688,519.8557739257812,0.0010037667816504
tile_r018787_c008035,2,289.3327331542969,360.9568481445313,343.53131103515625,418.03216552734375,0.7200952172279358
tile_r018787_c008035,2,124.30802154541016,268.0277709960937,175.86239624023438,319.9225158691406,0.7165966033935547
tile_r018787_c008035,2,229.175048828125,375.716796875,293.46099853515625,440.3987426757813,0.6821646094322205
tile_r018787_c008035,2,63.42954254150391,356.0218811035156,109.9535903930664,402.0514526367188,0.6641852855682373
tile_r018787_c008035,2,308.09832763671875,105.4097671508789,367.8405151367188,165.36767578125,0.6634787917137146
tile_r018787_c008035,2,245.5711212158203,185.2985076904297,291.2929077148437,226.28176879882807,0.6422079205513
tile_r018787_c008035,2,434.3279724121094,324.39776611328125,486.7760314941406,377.4036560058594,0.6358945965766907
tile_r018787_c008035,2,211.54800415039065,89.89826965332031,265.5353088378906,140.9755859375,0.6283374428749084
tile_r018787_c008035,2,317.42242431640625,220.6460876464844,365.6008605957031,259.78289794921875,0.624282717704773
tile_r018787_c008035,2,43.912635803222656,183.01919555664065,90.29925537109376,229.1972198486328,0.6242132186889648
tile_r018787_c008035,2,313.19927978515625,490.3876953125,361.2635803222656,512.8021240234375,0.3346865475177765
tile_r018787_c008035,2,2.655862331390381,84.8626480102539,27.091426849365234,119.70751953125,0.2344759553670883
tile_r018787_c008035,2,1.7519744634628296,77.21858978271484,29.29076194763184,121.51988220214844,0.210603192448616
tile_r018787_c008035,2,439.9009704589844,329.590576171875,482.3630981445313,373.94970703125,0.2024323642253875
tile_r018787_c008035,2,395.3346252441406,106.33830261230467,428.6261291503906,137.8580780029297,0.187975525856018
tile_r018787_c008035,2,319.8043518066406,225.23306274414065,361.8899841308594,256.01806640625,0.1426289975643158
tile_r018787_c008035,2,241.866943359375,180.25601196289065,295.9676818847656,229.73666381835935,0.1271295398473739
tile_r018787_c008035,2,313.15509033203125,418.6202087402344,350.29998779296875,454.708984375,0.1080827265977859
tile_r018787_c008035,2,315.6771850585937,112.4023666381836,364.32757568359375,161.1795654296875,0.1025035455822944
tile_r018787_c008035,2,89.17424011230469,28.70015525817871,150.8677978515625,84.23753356933594,0.0893389135599136
tile_r018787_c008035,2,313.5623474121094,216.56039428710935,370.494873046875,264.587158203125,0.0800408944487571
tile_r018787_c008035,2,281.6234436035156,355.18914794921875,347.8099060058594,422.5575256347656,0.0794663056731224
tile_r018787_c008035,2,305.53277587890625,415.5926818847656,351.2913818359375,458.0137634277344,0.0546860024333
tile_r018787_c008035,2,248.5169982910156,190.62527465820312,287.02197265625,223.60964965820312,0.0546654984354972
tile_r018787_c008035,2,216.2259826660156,96.36833190917967,260.0592346191406,138.5506134033203,0.0514755360782146
tile_r018787_c008035,2,39.99492263793945,178.1812744140625,95.81184387207033,233.7503662109375,0.0490964613854885
tile_r018787_c008035,2,176.38380432128906,368.5089721679688,215.5262756347656,400.3916015625,0.0431075431406497
tile_r018787_c008035,2,48.21663665771485,187.71829223632807,85.97755432128906,227.2603759765625,0.0409967489540576
tile_r018787_c008035,2,67.68741607666016,360.9076232910156,106.19596099853516,399.82171630859375,0.0395359098911285
tile_r018787_c008035,2,209.86605834960935,186.08181762695312,241.55825805664065,212.3990173339844,0.0368472747504711
tile_r018787_c008035,2,80.54170227050781,18.8083610534668,161.23342895507812,90.3509521484375,0.0356294550001621
tile_r018787_c008035,2,322.7674865722656,493.38818359375,358.54736328125,512.3665161132812,0.0330864526331424
tile_r018787_c008035,2,0.4867065548896789,81.03120422363281,22.8496208190918,121.8011245727539,0.0299405176192522
tile_r018787_c008035,2,236.4420928955078,382.58880615234375,290.2914123535156,434.59857177734375,0.0201468728482723
tile_r018787_c008035,2,302.61871337890625,96.0986328125,374.3950805664063,170.9954833984375,0.0201041623950004
tile_r018787_c008035,2,320.4933776855469,496.0087890625,369.6613159179688,512.6221923828125,0.0195275098085403
tile_r018787_c008035,2,-3.383995056152344,65.58494567871094,32.02363204956055,124.0148696899414,0.017631409689784
tile_r018787_c008035,2,57.882362365722656,348.8104858398437,115.38267517089844,408.6173400878906,0.017472518607974
tile_r018787_c008035,2,297.1868591308594,406.9208984375,352.5730895996094,456.2462768554688,0.0170840695500373
tile_r018787_c008035,2,316.2032165527344,422.1550903320313,346.2158203125,452.5193481445313,0.0139422323554754
tile_r018787_c008035,2,390.8321228027344,103.0632781982422,432.05419921875,141.08621215820312,0.0134889967739582
tile_r018787_c008035,2,295.2793884277344,276.93829345703125,317.37127685546875,295.2973937988281,0.0102336723357439
tile_r018787_c008035,2,221.7553253173828,362.7134399414063,310.222412109375,445.164306640625,0.0088078072294592
tile_r018787_c008035,2,-10.292933464050291,69.33865356445312,10.341710090637209,132.33151245117188,0.0072643458843231
tile_r018787_c008035,2,69.22987365722656,8.526941299438477,163.28823852539062,98.0895004272461,0.0071924766525626
tile_r018787_c008035,2,207.3778839111328,178.2269287109375,245.9585418701172,214.7093048095703,0.0065493560396134
tile_r018787_c008035,2,308.3096618652344,408.4469604492188,357.19061279296875,461.9513549804688,0.0055042002350091
tile_r018787_c008035,2,97.7521514892578,33.527793884277344,144.384521484375,80.76591491699219,0.0049374606460332
tile_r018787_c008035,2,302.1515197753906,486.4898071289063,367.5568237304688,514.7484741210938,0.0047550038434565
tile_r018787_c008035,2,421.2093811035156,311.4385681152344,496.4351501464844,388.1363830566406,0.0046713817864656
tile_r018787_c008035,2,128.94107055664062,272.7643127441406,170.12344360351562,316.4638061523437,0.0046302368864417
tile_r018787_c008035,2,436.6311645507813,489.0906372070313,464.5370178222656,512.1492919921875,0.004526465665549
tile_r018787_c008035,2,184.68539428710935,374.019775390625,212.7412109375,398.8971252441406,0.0045034051872789
tile_r018787_c008035,2,293.6471252441406,366.5167541503906,338.2245483398437,413.7866821289063,0.0039835451170802
tile_r018787_c008035,2,389.1609497070313,98.84889221191406,438.5777282714844,146.53610229492188,0.0038440499920397
tile_r018787_c008035,2,326.4949645996094,499.7418823242188,394.82171630859375,512.2738037109375,0.0036348674912005
tile_r018787_c008035,2,112.1933135986328,254.5703582763672,186.8606719970703,332.57672119140625,0.0034598573110997
tile_r018787_c008035,2,34.8547248840332,169.1964569091797,102.14969635009766,239.2728271484375,0.0034507953096181
tile_r018787_c008035,2,306.64031982421875,206.89175415039065,377.53704833984375,274.1246032714844,0.0034437791910022
tile_r018787_c008035,2,173.7567596435547,365.46783447265625,222.4154510498047,407.2095336914063,0.0034192251041531
tile_r018787_c008035,2,382.5686950683594,514.4896240234375,461.61029052734375,524.7999877929688,0.0033016265369951
tile_r018787_c008035,2,205.67041015625,176.39126586914062,258.103515625,218.4967803955078,0.0030952796805649
tile_r018787_c008035,2,237.5420379638672,173.95657348632812,299.6429138183594,235.84060668945312,0.0029474669136106
tile_r018787_c008035,2,-11.214136123657228,54.24446868896485,5.436163425445557,124.59205627441406,0.0027775389607995
tile_r018787_c008035,2,40.1101188659668,1.2438446283340454,157.65538024902344,92.3940200805664,0.0027568263467401
tile_r018787_c008035,2,179.5539093017578,371.794677734375,210.1994171142578,398.034912109375,0.0027212661225348
tile_r018787_c008035,2,196.5841522216797,72.83360290527344,274.9669189453125,153.44393920898438,0.0027137256693094
tile_r018787_c008035,2,267.5311889648437,514.6398315429688,354.03765869140625,524.7999877929688,0.0024546398781239
tile_r018787_c008035,2,-0.857281506061554,62.19571685791016,39.33007049560547,129.21768188476562,0.0023415812756866
tile_r018787_c008035,2,-0.473562628030777,73.54324340820312,24.69600296020508,117.58000183105467,0.0023322040215134
tile_r018787_c008035,2,134.15673828125,514.476806640625,220.00375366210935,524.7523193359375,0.0022916509769856
tile_r018787_c008035,2,60.186302185058594,515.0222778320312,143.75668334960938,524.7999877929688,0.0022563319653272
tile_r018787_c008035,2,286.8132629394531,405.7998962402344,361.9874267578125,463.0105590820313,0.0021919289138168
tile_r018787_c008035,2,97.40461730957033,47.33585357666016,133.6705322265625,82.37728118896484,0.00218359939754
tile_r018787_c008035,2,132.7374267578125,510.43658447265625,201.9974365234375,518.2061157226562,0.0021801278926432
tile_r018787_c008035,2,431.036376953125,516.0226440429688,509.0257263183594,524.7999877929688,0.002163476543501
tile_r018787_c008035,2,357.24835205078125,515.3482666015625,440.7186584472656,524.7999877929688,0.0020890883170068
tile_r018787_c008035,2,62.008033752441406,83.94430541992188,185.8159942626953,202.1884002685547,0.0020797520410269
tile_r018787_c008035,2,337.77783203125,515.019775390625,427.83734130859375,524.7999877929688,0.0019880041945725
tile_r018787_c008035,2,-11.244268417358398,74.1089859008789,1.058996558189392,145.3243408203125,0.0019800709560513
tile_r018787_c008035,2,419.1376037597656,514.1362915039062,496.1622009277344,524.546630859375,0.0019525812240317
tile_r018787_c008035,2,140.8181915283203,518.0081787109375,202.7237243652344,524.7999877929688,0.0018558211158961
tile_r018787_c008035,2,252.8650665283203,514.7839965820312,333.02203369140625,524.7999877929688,0.0018527605570852
tile_r018787_c008035,2,187.1267547607422,514.85791015625,269.6337280273437,524.7999877929688,0.0018077037530019
tile_r018787_c008035,2,105.8197021484375,514.9215087890625,193.654296875,524.7999877929688,0.0017922548577189
tile_r018787_c008035,2,36.02739334106445,514.9431762695312,120.43350982666016,524.7999877929688,0.0017906952416524
tile_r018787_c008035,2,85.28414154052734,514.9577026367188,167.36239624023438,524.7999877929688,0.0017408858984708
tile_r018787_c008035,2,396.43743896484375,110.82893371582033,424.2166442871094,135.6732635498047,0.0017289088573306
tile_r018787_c008035,2,238.62939453125,514.2297973632812,319.4966735839844,524.6727294921875,0.0017176322871819
tile_r018787_c008035,2,304.2611694335937,490.2618103027344,367.1450805664063,522.3787231445312,0.0016831636894494
tile_r018787_c008035,2,201.180419921875,169.33241271972656,274.5472106933594,234.6673889160156,0.0016689536860212
tile_r018787_c008035,2,82.59130859375,108.26301574707033,175.9500274658203,199.4803771972656,0.0016518137417733
tile_r018787_c008035,2,34.41218566894531,517.4337768554688,91.78044128417967,524.7999877929688,0.0016262989956885
tile_r018787_c008035,2,483.42041015625,288.0315856933594,520.8316650390625,360.4011840820313,0.0016154728364199
tile_r018787_c008035,2,100.4451904296875,59.990478515625,127.0355224609375,80.54319763183594,0.0015664666425436
tile_r018787_c008035,2,146.3068389892578,515.2394409179688,232.3694305419922,524.7999877929688,0.001517045428045
tile_r018787_c008035,2,64.9392318725586,517.2257690429688,126.7807846069336,524.7999877929688,0.0015030460199341
tile_r018787_c008035,2,431.595458984375,491.0624084472656,484.0374450683594,512.6008911132812,0.0014956104569137
tile_r018787_c008035,2,424.2406311035156,498.2747192382813,468.1984252929688,513.1575317382812,0.0014595398679375
tile_r018787_c008035,2,193.0654296875,354.4385986328125,249.2934112548828,443.7850646972656,0.0014202122110873
tile_r018787_c008035,2,53.85913848876953,511.5275268554688,127.408935546875,522.9349365234375,0.0013961130753159
tile_r018787_c008035,2,-5.706199645996094,78.92024230957031,1.0822021961212158,126.8060073852539,0.0013957407791167
tile_r018787_c008035,2,275.6224060058594,498.4269409179688,362.6188354492188,513.5128784179688,0.0013839553575962
tile_r018787_c008035,2,430.9693908691406,491.9002075195313,466.60296630859375,512.5230712890625,0.0013583338586613
tile_r018787_c008035,2,338.3765563964844,494.1378784179688,419.4505920410156,512.814453125,0.0013415637658908
tile_r018787_c008035,2,213.7060089111328,514.2921752929688,295.6007385253906,524.7999877929688,0.0013292484218254
tile_r018787_c008035,2,293.7750549316406,274.3510131835937,321.6481018066406,296.9834899902344,0.0013278780970722
tile_r018787_c008035,2,403.8444213867188,501.7609252929688,473.0360412597656,513.7513427734375,0.0013267492176964
tile_r018787_c008035,2,46.01815032958984,330.1028747558594,130.95025634765625,421.23236083984375,0.0013211834011599
tile_r018787_c008035,2,21.328845977783203,517.5061645507812,82.3262710571289,524.7999877929688,0.0013190421741455
tile_r018787_c008035,2,406.498046875,514.5559692382812,484.8015747070313,524.7820434570312,0.0013130970764905
tile_r018787_c008035,2,386.60931396484375,503.31060791015625,473.4822692871094,514.3339233398438,0.0013120388612151
tile_r018787_c008035,2,431.0886840820313,511.4911193847656,502.8912048339844,522.1231689453125,0.0013059972552582
tile_r018787_c008035,2,215.7496032714844,188.37326049804688,240.8943328857422,210.3978271484375,0.0012927207862958
tile_r018787_c008035,2,-12.517383575439451,74.16828918457031,-4.223074436187744,130.692138671875,0.0012910375371575
tile_r018787_c008035,2,-3.0952134132385254,75.34757995605469,35.07160568237305,148.3090362548828,0.0012898582499474
tile_r018787_c008035,2,101.1884765625,512.1653442382812,168.5884246826172,524.2706298828125,0.0012418908299878
tile_r018787_c008035,2,8.461034774780273,343.0047302246094,112.2739028930664,464.743408203125,0.0012365469010546
tile_r018787_c008035,2,179.6973876953125,356.1913452148437,245.4054412841797,426.7192993164063,0.0012288462603464
tile_r018787_c008035,2,171.86740112304688,357.5923767089844,237.26199340820312,414.9044494628906,0.0012220324715599
tile_r018787_c008035,2,337.18731689453125,505.62890625,401.3111267089844,511.7691345214844,0.0012043254682794
tile_r018787_c008035,2,79.6119384765625,517.4542236328125,136.79531860351562,524.7999877929688,0.0011870712041854
tile_r018787_c008035,2,486.2201232910156,316.0985107421875,522.0650634765625,389.4185180664063,0.0011814394965767
tile_r018787_c008035,2,92.0245361328125,39.1800651550293,138.8090057373047,82.68875885009766,0.0011683088960126
tile_r018787_c008035,2,281.7872619628906,496.3999938964844,370.6272583007813,524.7999877929688,0.001153606805019
tile_r018787_c008035,2,53.30633544921875,517.1194458007812,115.10579681396484,524.7999877929688,0.0011452635517343
tile_r018787_c008035,2,200.8240203857422,175.5684814453125,247.7658233642578,222.3514862060547,0.0011341631179675
tile_r018787_c008035,2,208.2016143798828,502.6842651367188,287.3873596191406,513.60107421875,0.0011315116425976
tile_r018787_c008035,2,164.36874389648438,357.6075744628906,228.4297790527344,424.0901794433594,0.0011270634131506
tile_r018787_c008035,2,100.36076354980467,119.46476745605467,173.04299926757812,196.7191162109375,0.0011243112385272
tile_r018787_c008035,2,9.404736518859863,515.1139526367188,95.7408676147461,524.7999877929688,0.0011219574371352
tile_r018787_c008035,2,156.34487915039062,332.1163024902344,226.79345703125,436.3268432617188,0.0011213142424821
tile_r018787_c008035,2,95.1547393798828,302.63116455078125,239.3252410888672,427.720947265625,0.0011073849163949
tile_r018787_c008035,2,115.446044921875,503.1627807617188,204.28921508789065,513.8585205078125,0.0010634626960381
tile_r018787_c008035,2,300.6162109375,388.6227111816406,363.21881103515625,462.708740234375,0.0010615254286676
tile_r018787_c008035,2,309.0414123535156,477.7789001464844,381.9273376464844,513.5119018554688,0.0010599489323794
tile_r018787_c008035,2,-8.96630859375,50.05253982543945,63.0029411315918,150.1770782470703,0.0010562731185927
tile_r018787_c008035,2,514.1981811523438,423.8438415527344,524.7999877929688,488.9827270507813,0.0010525109246373
tile_r018787_c008035,2,-7.402712821960449,72.65361022949219,1.2888031005859375,124.4649429321289,0.001047724392265
tile_r018787_c008035,2,78.8126220703125,26.076587677001957,182.4033966064453,135.52194213867188,0.0010441018966957
tile_r018787_c008035,2,514.5725708007812,24.715866088867188,524.73095703125,104.92536926269533,0.0010440537007525
tile_r018787_c008035,2,224.35177612304688,501.8073120117188,296.74285888671875,513.3739013671875,0.0010390521492809
tile_r018787_c008035,2,316.1978454589844,124.78228759765624,353.9742126464844,159.70179748535156,0.001035941648297
tile_r018787_c008035,2,-12.111248970031738,98.83659362792967,0.0539871230721473,166.5775146484375,0.001024842262268
tile_r018787_c008035,2,275.23956298828125,343.0152282714844,360.26641845703125,428.6720581054688,0.0010099962819367
tile_r018787_c008035,2,-10.343072891235352,68.2271728515625,36.42885208129883,131.7703399658203,0.0010084477253258
tile_r018787_c008291,2,411.0506896972656,71.6983642578125,478.2792053222656,138.9447784423828,0.7678379416465759
tile_r018787_c008291,2,31.278640747070312,358.831787109375,88.21638488769531,419.50677490234375,0.7227330207824707
tile_r018787_c008291,2,322.5672302246094,32.98190689086914,389.39495849609375,92.6454849243164,0.7049140334129333
tile_r018787_c008291,2,52.31093597412109,105.40787506103516,112.0859832763672,165.58364868164062,0.6587792634963989
tile_r018787_c008291,2,178.5115203857422,324.13458251953125,231.0917510986328,377.3651123046875,0.6379039287567139
tile_r018787_c008291,2,407.3089904785156,164.5770263671875,464.5941467285156,215.63601684570312,0.6343462467193604
tile_r018787_c008291,2,61.23834228515625,220.4789581298828,109.78472900390624,259.927490234375,0.6259864568710327
tile_r018787_c008291,2,0.0281463619321584,381.3528747558594,37.33073425292969,439.12396240234375,0.5726138353347778
tile_r018787_c008291,2,0.3296035826206207,183.10113525390625,36.60053634643555,226.35513305664065,0.5250110030174255
tile_r018787_c008291,2,57.772499084472656,490.5003051757813,104.98744201660156,512.7967529296875,0.3450783789157867
tile_r018787_c008291,2,183.1236267089844,329.381103515625,226.4773406982422,374.2129821777344,0.2283733189105987
tile_r018787_c008291,2,480.0524291992188,396.9650268554688,514.1817626953125,438.8728637695313,0.1496071070432663
tile_r018787_c008291,2,63.7220573425293,225.1088409423828,106.12137603759766,256.059326171875,0.1479147970676422
tile_r018787_c008291,2,59.54122161865234,112.27400207519533,108.56935119628906,161.49661254882812,0.107512429356575
tile_r018787_c008291,2,139.6538543701172,106.6128921508789,172.007568359375,137.5078887939453,0.0944972857832908
tile_r018787_c008291,2,412.1475524902344,169.89022827148438,460.7207946777344,211.2005920410156,0.087051622569561
tile_r018787_c008291,2,57.51652908325195,418.5436401367188,94.24810791015624,454.4972534179688,0.0864885002374649
tile_r018787_c008291,2,57.3870964050293,216.3249969482422,114.5299072265625,264.9769592285156,0.0801174715161323
tile_r018787_c008291,2,1.3565155267715454,189.72413635253903,32.607322692871094,224.1813507080078,0.0664739459753036
tile_r018787_c008291,2,37.04811477661133,366.190673828125,84.33271789550781,415.927734375,0.0565916672348976
tile_r018787_c008291,2,67.41365814208984,493.6023864746094,102.18104553222656,512.377197265625,0.0438990630209445
tile_r018787_c008291,2,383.58978271484375,249.28271484375,422.6663208007813,288.263671875,0.0319843590259552
tile_r018787_c008291,2,50.148658752441406,414.8885803222656,95.74098205566406,458.4991149902344,0.031016755849123
tile_r018787_c008291,2,-6.047447204589844,172.072021484375,39.86653900146485,230.0910186767578,0.0277188103646039
tile_r018787_c008291,2,46.62638092041016,96.2676773071289,118.43436431884766,171.2216339111328,0.0226403884589672
tile_r018787_c008291,2,-0.356393426656723,380.462158203125,30.223257064819336,423.43853759765625,0.0176048260182142
tile_r018787_c008291,2,402.0504760742188,155.5001678466797,470.7939453125,222.5164794921875,0.0167620629072189
tile_r018787_c008291,2,39.740821838378906,277.3060607910156,60.97274017333984,294.97711181640625,0.0159065257757902
tile_r018787_c008291,2,484.42529296875,401.2845764160156,512.5670776367188,436.1439514160156,0.0149282049387693
tile_r018787_c008291,2,60.2780647277832,422.0890502929688,90.30650329589844,452.5418090820313,0.0131073612719774
tile_r018787_c008291,2,328.96343994140625,39.433876037597656,383.3578186035156,88.657958984375,0.0120874475687742
tile_r018787_c008291,2,-10.490033149719238,368.7409973144531,31.039134979248047,443.2494201660156,0.0116562573239207
tile_r018787_c008291,2,0.1824615448713302,384.3428649902344,22.9240779876709,434.9661254882813,0.0107981786131858
tile_r018787_c008291,2,0.2897582948207855,185.9573211669922,20.83899307250977,224.2720642089844,0.0103165926411747
tile_r018787_c008291,2,40.973594665527344,404.517333984375,96.75521087646484,455.5108947753906,0.0102020408958196
tile_r018787_c008291,2,136.38088989257812,102.9363784790039,174.9074249267578,140.99057006835938,0.0087575912475585
tile_r018787_c008291,2,474.9476013183594,382.0474548339844,519.103271484375,446.0096740722656,0.0080988919362425
tile_r018787_c008291,2,0.5968521237373352,270.5664978027344,25.584716796875,320.42828369140625,0.0078744972124695
tile_r018787_c008291,2,-10.752264022827148,167.0919952392578,23.881786346435547,234.7929229736328,0.0071260221302509
tile_r018787_c008291,2,379.40472412109375,238.62826538085935,432.7755737304688,292.41461181640625,0.0061367722228169
tile_r018787_c008291,2,180.91915893554688,489.13470458984375,208.3346405029297,512.0020751953125,0.0054585961624979
tile_r018787_c008291,2,-11.011541366577148,359.1298217773437,14.719549179077148,431.99700927734375,0.0054176803678274
tile_r018787_c008291,2,0.751354992389679,390.7911682128906,32.56721878051758,434.73345947265625,0.0052124350331723
tile_r018787_c008291,2,47.610801696777344,485.7696228027344,110.6620864868164,514.8639526367188,0.0051136733964085
tile_r018787_c008291,2,52.7791748046875,408.5859375,101.08042907714844,461.7447204589844,0.0047415122389793
tile_r018787_c008291,2,25.351749420166016,348.5826110839844,96.53245544433594,424.24407958984375,0.0044469479471445
tile_r018787_c008291,2,57.71747970581055,496.7940368652344,106.91218566894533,512.7741088867188,0.0044258581474423
tile_r018787_c008291,2,-1.5017120838165283,267.21630859375,33.32889175415039,328.2306213378906,0.0044134436175227
tile_r018787_c008291,2,402.5810546875,61.26634979248047,486.1136779785156,145.8748016357422,0.0041003478690981
tile_r018787_c008291,2,70.95878601074219,499.1858520507813,137.0398406982422,512.2501220703125,0.0039255539886653
tile_r018787_c008291,2,-0.578906238079071,255.38064575195312,31.695262908935547,318.1475830078125,0.0037253969348967
tile_r018787_c008291,2,420.4149475097656,76.4437484741211,471.0237426757813,126.3348388671875,0.0036729434505105
tile_r018787_c008291,2,51.21811676025391,207.2647399902344,121.0355224609375,273.7793884277344,0.003556472947821
tile_r018787_c008291,2,314.36492919921875,18.593297958374023,398.5940551757813,104.572265625,0.003456526203081
tile_r018787_c008291,2,127.2047119140625,514.3884887695312,205.62527465820312,524.7999877929688,0.0034383456222712
tile_r018787_c008291,2,-0.2160186767578125,398.1986389160156,27.324092864990234,438.6867065429688,0.0034318014513701
tile_r018787_c008291,2,387.05657958984375,253.33303833007807,418.3228149414063,286.44244384765625,0.0032541737891733
tile_r018787_c008291,2,-0.4033912718296051,382.4053039550781,20.51324844360352,416.71875,0.0031207574065774
tile_r018787_c008291,2,-11.808019638061523,292.6149597167969,-1.5901641845703125,363.6558837890625,0.0030792595352977
tile_r018787_c008291,2,522.1004638671875,392.0561828613281,524.3621826171875,457.0383911132813,0.0030614354182034
tile_r018787_c008291,2,164.8833770751953,310.10919189453125,242.0511932373047,388.8014526367188,0.0029591671191155
tile_r018787_c008291,2,-11.745036125183104,268.09521484375,-0.6943160891532898,336.02606201171875,0.0029372284188866
tile_r018787_c008291,2,-11.86972999572754,56.45965576171875,-1.186885118484497,120.43620300292967,0.0028245702851563
tile_r018787_c008291,2,175.65176391601562,515.9396362304688,256.67218017578125,524.7999877929688,0.0026862728409469
tile_r018787_c008291,2,-11.778925895690918,278.67724609375,-0.7706863284111023,350.9073181152344,0.0026202916633337
tile_r018787_c008291,2,-3.1770262718200684,99.07731628417967,38.0614128112793,167.9752960205078,0.0025729327462613
tile_r018787_c008291,2,509.7823791503906,370.3521728515625,524.2167358398438,449.2822265625,0.0025307489559054
tile_r018787_c008291,2,0.7125335931777954,117.3354949951172,29.29006004333496,174.9741668701172,0.0024896622635424
tile_r018787_c008291,2,326.67022705078125,428.9544982910156,379.70166015625,476.5460815429688,0.0023290840908885
tile_r018787_c008291,2,375.5714416503906,217.9952087402344,447.4246520996094,295.87091064453125,0.0023246628697961
tile_r018787_c008291,2,0.9835265874862672,76.28868865966797,38.5529670715332,138.4589080810547,0.0022633203770965
tile_r018787_c008291,2,163.40577697753906,514.0008544921875,240.4197235107422,524.5050048828125,0.0022057571914047
tile_r018787_c008291,2,-3.6329283714294434,410.5933227539063,42.74444580078125,475.303466796875,0.0021718752104789
tile_r018787_c008291,2,-2.1961090564727783,235.1299285888672,35.82987976074219,313.07330322265625,0.0021600616164505
tile_r018787_c008291,2,-11.45003890991211,154.5801239013672,11.647006034851074,228.8538055419922,0.0021547176875174
tile_r018787_c008291,2,-3.034619092941284,117.23126220703124,42.58881759643555,178.92831420898438,0.0021405301522463
tile_r018787_c008291,2,-1.6140350103378296,221.8917999267578,37.10954284667969,267.93994140625,0.0020995722152292
tile_r018787_c008291,2,186.7587127685547,516.1036376953125,271.6649780273437,524.7999877929688,0.0020861777011305
tile_r018787_c008291,2,130.60336303710938,94.6783676147461,185.66128540039065,152.0837860107422,0.00206063920632
tile_r018787_c008291,2,11.407995223999023,514.435546875,97.7490463256836,524.7999877929688,0.0020364529918879
tile_r018787_c008291,2,102.4829330444336,515.2318725585938,184.3194122314453,524.7999877929688,0.0019685660954564
tile_r018787_c008291,2,82.76171112060547,514.9993286132812,171.5077667236328,524.7999877929688,0.0019613543990999
tile_r018787_c008291,2,-2.1941771507263184,226.30972290039065,37.14970779418945,289.8360290527344,0.0019551429431885
tile_r018787_c008291,2,-3.564929246902466,330.3094787597656,42.77307891845703,398.1841735839844,0.0018317681970074
tile_r018787_c008291,2,-11.866168022155762,246.2388153076172,-0.8185974359512329,322.4002380371094,0.0018096079584211
tile_r018787_c008291,2,-10.33286476135254,382.6550903320313,26.415599822998047,449.6136779785156,0.0018049241043627
tile_r018787_c008291,2,-11.833894729614258,317.15496826171875,-1.930203199386597,383.0711059570313,0.0017941377591341
tile_r018787_c008291,2,-11.839638710021973,471.6925354003906,-1.214563012123108,516.9120483398438,0.0017620775615796
tile_r018787_c008291,2,425.3414001464844,74.79688262939453,472.3631896972656,111.4603500366211,0.0016884094802662
tile_r018787_c008291,2,-12.00285816192627,35.15868377685547,-0.6406509280204773,102.13797760009766,0.0016517334152013
tile_r018787_c008291,2,30.09073829650879,401.3694458007813,105.53184509277344,462.6126098632813,0.0016148969298228
tile_r018787_c008291,2,-10.998921394348145,185.06130981445312,3.8910629749298096,250.68167114257807,0.0016109109856188
tile_r018787_c008291,2,-2.8948090076446533,273.764892578125,37.18254089355469,346.0069885253906,0.0016053757863119
tile_r018787_c008291,2,169.0506591796875,498.0889587402344,212.1455841064453,512.9564208984375,0.0015906579792499
tile_r018787_c008291,2,343.67144775390625,514.7971801757812,427.7378540039063,524.7424926757812,0.001586218830198
tile_r018787_c008291,2,49.06284332275391,489.7552185058594,110.37249755859376,522.2908935546875,0.0015844400040805
tile_r018787_c008291,2,175.19485473632812,492.28955078125,210.47622680664065,512.48095703125,0.001553417998366
tile_r018787_c008291,2,175.34521484375,511.5031127929688,246.8140106201172,521.8908081054688,0.0015447153709828
tile_r018787_c008291,2,391.500244140625,316.24560546875,415.58538818359375,339.250244140625,0.0015419209375977
tile_r018787_c008291,2,470.2232055664063,380.9573669433594,522.1143798828125,465.59185791015625,0.0015406896127387
tile_r018787_c008291,2,150.6875,514.4807739257812,228.9767608642578,524.7556762695312,0.001531902118586
tile_r018787_c008291,2,354.61883544921875,515.65576171875,441.5623168945313,524.7999877929688,0.00152307911776
tile_r018787_c008291,2,175.85409545898438,491.60931396484375,228.9439392089844,512.6048583984375,0.0015219216002151
tile_r018787_c008291,2,-4.430967807769775,181.88546752929688,41.83293533325195,250.4659881591797,0.0014919923851266
tile_r018787_c008291,2,0.011016845703125,397.1724548339844,19.4450740814209,439.2250061035156,0.0014764560619369
tile_r018787_c008291,2,1.627038598060608,58.36493682861328,36.215309143066406,121.2367172241211,0.0014723401982337
tile_r018787_c008291,2,-12.02861785888672,494.00146484375,5.77379322052002,524.7999877929688,0.0014682323671877
tile_r018787_c008291,2,38.409141540527344,274.885498046875,65.16947174072266,296.443603515625,0.0014354015002027
tile_r018787_c008291,2,-2.520977735519409,297.63726806640625,37.259063720703125,363.2511291503906,0.0014042598195374
tile_r018787_c008291,2,148.48318481445312,501.766357421875,217.1331787109375,513.585205078125,0.0014014127664268
tile_r018787_c008291,2,-9.542773246765137,135.63870239257812,46.92145538330078,226.34298706054688,0.0013989059953019
tile_r018787_c008291,2,-9.025518417358398,371.800048828125,47.56178665161133,446.8912658691406,0.0013874175492674
tile_r018787_c008291,2,132.0031280517578,503.3279418945313,216.8835906982422,514.1527099609375,0.0013417444424703
tile_r018787_c008291,2,366.2098388671875,186.51417541503903,469.38818359375,292.0166015625,0.0013343386817723
tile_r018787_c008291,2,-2.226086378097534,314.1483459472656,38.40854644775391,378.7195434570313,0.0013158024521544
tile_r018787_c008291,2,-12.588228225708008,390.3814392089844,-4.158721923828125,453.44775390625,0.0013144159456714
tile_r018787_c008291,2,372.9715270996094,191.9905242919922,489.3543395996094,301.104248046875,0.0013138320064172
tile_r018787_c008291,2,-10.454907417297363,160.89572143554688,49.0345458984375,237.2100372314453,0.0013106593396514
tile_r018787_c008291,2,83.66915130615234,495.2586975097656,165.51589965820312,512.72412109375,0.0012896739644929
tile_r018787_c008291,2,522.3643798828125,404.697265625,524.3629760742188,464.0798950195313,0.0012861142167821
tile_r018787_c008291,2,472.187744140625,516.8048095703125,524.4022216796875,524.7999877929688,0.0012858281843364
tile_r018787_c008291,2,-11.980746269226074,75.11670684814453,-1.0948883295059204,149.3678741455078,0.0012695773039013
tile_r018787_c008291,2,306.25958251953125,514.5994873046875,385.86859130859375,524.7999877929688,0.001238570199348
tile_r018787_c008291,2,475.7913208007813,365.797119140625,520.1912841796875,439.62701416015625,0.0012357631931081
tile_r018787_c008291,2,-12.0099515914917,23.568796157836918,-0.5231994390487671,87.83650207519531,0.0012350414181128
tile_r018787_c008291,2,-8.080102920532227,250.7224884033203,24.205984115600582,326.69549560546875,0.0012349660973995
tile_r018787_c008291,2,-11.818853378295898,115.1075439453125,-1.240840196609497,181.80844116210935,0.0012346579460427
tile_r018787_c008291,2,-0.5238037109375,514.5712890625,75.1343994140625,524.7999877929688,0.0012246561236679
tile_r018787_c008291,2,384.9761962890625,253.9763641357422,412.0660095214844,283.9893493652344,0.0012203959049656
tile_r018787_c008291,2,516.5228271484375,380.3526611328125,524.7999877929688,470.4909057617188,0.0012120029423385
tile_r018787_c008291,2,487.9172973632813,388.9953308105469,524.4024658203125,447.810546875,0.0012037451379001
tile_r018787_c008291,2,364.7802734375,146.89291381835938,458.3665161132813,266.66949462890625,0.0011970829218626
tile_r018787_c008291,2,82.04727935791016,505.85498046875,144.14682006835938,511.705078125,0.0011901854304596
tile_r018787_c008291,2,0.2364623993635177,106.1339874267578,45.69390106201172,174.419921875,0.0011899309465661
tile_r018787_c008291,2,1.1533310413360596,81.88639068603516,45.66544342041016,161.03826904296875,0.0011791937286034
tile_r018787_c008291,2,-11.859820365905762,1.4960219860076904,-0.90240478515625,47.1536750793457,0.0011622282909229
tile_r018787_c008291,2,-12.005807876586914,12.11484718322754,-0.7002899050712585,73.1069564819336,0.0011550263734534
tile_r018787_c008291,2,291.9590759277344,22.77911376953125,339.0918884277344,109.4923324584961,0.0011474994244053
tile_r018787_c008291,2,59.70197677612305,509.0641479492188,135.2468719482422,515.4625854492188,0.0011395816691219
tile_r018787_c008291,2,0.1394287049770355,191.38479614257807,17.586669921875,223.07504272460935,0.0011315213050693
tile_r018787_c008291,2,357.32733154296875,55.63982391357422,427.6648559570313,146.99215698242188,0.0011302991770207
tile_r018787_c008291,2,-11.973340034484863,222.8238220214844,-0.9339752197265624,292.86407470703125,0.0011097249807789
tile_r018787_c008291,2,-11.64909553527832,200.1864318847656,-0.455300897359848,266.7306213378906,0.0010965499095618
tile_r018787_c008291,2,512.321044921875,398.7353515625,520.579833984375,446.9415893554688,0.0010955543257296
tile_r018787_c008291,2,192.89096069335935,512.9714965820312,251.25796508789065,524.3195190429688,0.001088140765205
tile_r018787_c008291,2,443.8165893554688,352.1330871582031,520.4737548828125,444.4823303222656,0.0010726888431236
tile_r018787_c008291,2,515.1751098632812,447.921630859375,524.7145385742188,510.9500427246094,0.0010705471504479
tile_r018787_c008291,2,-11.855684280395508,214.46078491210935,-1.122064232826233,278.8417053222656,0.0010670602787286
tile_r018787_c008291,2,180.53439331054688,518.43603515625,240.9844665527344,524.7999877929688,0.0010643845889717
tile_r018787_c008291,2,73.3718032836914,495.3560485839844,111.3748550415039,511.8345642089844,0.0010588528821244
tile_r018787_c008291,2,16.845773696899414,440.1051330566406,112.2993392944336,516.8724365234375,0.0010569032747298
tile_r018787_c008291,2,515.7574462890625,370.8055114746094,524.6887817382812,456.538818359375,0.001054928638041
tile_r018787_c008291,2,332.71612548828125,514.703369140625,411.5189514160156,524.6024169921875,0.0010461858473718
tile_r018787_c008291,2,461.7140197753906,390.1084899902344,519.0106201171875,476.1758728027344,0.0010384796187281
tile_r018787_c008291,2,409.1513671875,352.34063720703125,517.2161865234375,460.8182678222656,0.0010247456375509
tile_r018787_c008291,2,5.433516025543213,66.34048461914062,43.02405548095703,129.7660675048828,0.0010227276943624
tile_r018787_c008291,2,-11.814663887023926,419.1776428222656,-0.6265029907226562,481.2952270507813,0.0010198365198448
tile_r018787_c008291,2,512.42333984375,503.1943359375,524.6885986328125,524.7999877929688,0.0010176004143431
tile_r018787_c008291,2,60.335411071777344,124.4912567138672,98.15889739990234,159.87948608398438,0.0010169636225327
tile_r018787_c008291,2,44.40021896362305,388.0769653320313,106.87837982177734,462.4451293945313,0.0010146704735234
tile_r018787_c008291,2,-1.832550048828125,438.2269592285156,38.16577911376953,498.9220581054688,0.0010083992965519
tile_r018787_c008291,2,66.71001434326172,510.7557678222656,138.9765625,515.5573120117188,0.0010048546828329
tile_r018787_c008291,2,27.331127166748047,495.40478515625,113.8856201171875,524.7999877929688,0.0010047771502286
tile_r018787_c008547,2,154.9363555908203,71.53409576416016,222.32925415039065,138.98289489746094,0.7664746046066284
tile_r018787_c008547,2,66.28459167480469,32.84526443481445,133.9602508544922,92.94400787353516,0.7003129720687866
tile_r018787_c008547,2,277.52264404296875,211.98422241210935,328.25274658203125,261.947021484375,0.6888445019721985
tile_r018787_c008547,2,300.75201416015625,51.21646881103516,354.69635009765625,98.8939437866211,0.6631289720535278
tile_r018787_c008547,2,263.1439819335937,292.5511169433594,316.075927734375,344.1705017089844,0.6627540588378906
tile_r018787_c008547,2,371.5613708496094,136.58737182617188,416.6676330566406,180.68783569335935,0.6549168825149536
tile_r018787_c008547,2,405.18505859375,283.2799377441406,456.8714904785156,335.933349609375,0.6542806625366211
tile_r018787_c008547,2,151.521728515625,164.45138549804688,208.7987365722656,215.76535034179688,0.6298575401306152
tile_r018787_c008547,2,310.6637878417969,355.88140869140625,364.98052978515625,410.5267028808594,0.6202658414840698
tile_r018787_c008547,2,266.65386962890625,477.2559509277344,315.97265625,512.6364135742188,0.4895039796829223
tile_r018787_c008547,2,222.9154357910156,398.4542846679688,266.5260314941406,439.1302795410156,0.1515870243310928
tile_r018787_c008547,2,411.1531372070313,289.1215209960937,452.7210998535156,334.91650390625,0.0971603095531463
tile_r018787_c008547,2,257.1893005371094,286.04443359375,319.934326171875,349.0414123535156,0.0837222263216972
tile_r018787_c008547,2,156.17764282226562,169.70071411132812,204.7777404785156,211.3201446533203,0.0814411863684654
tile_r018787_c008547,2,368.831298828125,130.9298858642578,421.1118774414063,185.38754272460935,0.0765272080898284
tile_r018787_c008547,2,316.82012939453125,362.2048950195313,361.4368286132813,407.2288208007813,0.0460381768643856
tile_r018787_c008547,2,272.3265075683594,204.5964813232422,333.4488220214844,265.4833068847656,0.0446147583425045
tile_r018787_c008547,2,262.2342834472656,472.1033325195313,323.900634765625,514.1868896484375,0.0357320457696914
tile_r018787_c008547,2,127.635986328125,249.0347900390625,166.9249267578125,288.4084777832031,0.0266555305570364
tile_r018787_c008547,2,302.77960205078125,345.8627319335937,370.4446411132813,416.3102111816406,0.025655934587121
tile_r018787_c008547,2,308.9908142089844,57.36993408203125,353.1578063964844,95.6769790649414,0.0220861136913299
tile_r018787_c008547,2,146.49526977539062,155.1566162109375,215.25796508789065,222.5367889404297,0.0216095652431249
tile_r018787_c008547,2,493.029052734375,470.5077209472656,514.9486694335938,509.51806640625,0.019755657762289
tile_r018787_c008547,2,226.873291015625,401.8505859375,261.909423828125,436.0427856445313,0.0182730015367269
tile_r018787_c008547,2,489.7376098632813,463.6697387695313,516.5231323242188,511.0189514160156,0.0164379049092531
tile_r018787_c008547,2,270.1876525878906,299.2158203125,313.576904296875,341.3501892089844,0.0136174149811267
tile_r018787_c008547,2,72.76828002929688,39.26348876953125,127.67854309082033,88.85942077636719,0.0109533611685037
tile_r018787_c008547,2,485.5741271972656,477.7547912597656,515.2942504882812,511.1778259277344,0.0072806323878467
tile_r018787_c008547,2,282.3753967285156,218.76333618164065,323.03680419921875,258.56414794921875,0.0060366890393197
tile_r018787_c008547,2,123.5167999267578,237.7548828125,177.1793975830078,292.86541748046875,0.005279648117721
tile_r018787_c008547,2,216.1711883544922,374.4981384277344,271.5172424316406,451.0262756347656,0.0052388813346624
tile_r018787_c008547,2,218.04837036132807,385.691162109375,277.24078369140625,445.3424377441406,0.0052103293128311
tile_r018787_c008547,2,146.1792755126953,60.5269889831543,232.40658569335935,146.96316528320312,0.0051652556285262
tile_r018787_c008547,2,479.64300537109375,486.8539123535156,516.8509521484375,511.6627807617188,0.0049107689410448
tile_r018787_c008547,2,522.1128540039062,459.4408264160156,524.568115234375,524.7999877929688,0.0042986124753952
tile_r018787_c008547,2,495.4488220214844,481.1038513183594,514.7013549804688,508.9812927246094,0.0040693162009119
tile_r018787_c008547,2,466.5698852539063,135.77859497070312,498.5506286621094,161.41905212402344,0.0039602760225534
tile_r018787_c008547,2,165.27197265625,75.3758773803711,217.90383911132807,126.1877212524414,0.0038832111749798
tile_r018787_c008547,2,290.4656677246094,37.3460693359375,365.5821838378906,112.16648864746094,0.0037585762329399
tile_r018787_c008547,2,58.4910888671875,19.61801528930664,144.62411499023438,102.1086654663086,0.0035667228512465
tile_r018787_c008547,2,394.542724609375,271.9049377441406,467.7410583496094,347.8041381835937,0.0034008517395704
tile_r018787_c008547,2,247.36050415039065,277.7574157714844,325.129638671875,355.431640625,0.0031704774592071
tile_r018787_c008547,2,266.78961181640625,198.85513305664065,340.28424072265625,272.475830078125,0.0030665479134768
tile_r018787_c008547,2,376.55023193359375,142.50332641601562,410.64105224609375,176.96932983398438,0.0029684826731681
tile_r018787_c008547,2,131.11134338378906,253.1589813232422,162.33193969726562,286.62713623046875,0.0026897063944488
tile_r018787_c008547,2,216.00180053710935,515.2724609375,296.1600036621094,524.7999877929688,0.0025093120057135
tile_r018787_c008547,2,501.2756958007813,466.6261596679688,522.18310546875,519.8072509765625,0.0024492584634572
tile_r018787_c008547,2,301.85205078125,515.7537841796875,387.7713928222656,524.7999877929688,0.0024369170423597
tile_r018787_c008547,2,465.1375122070313,226.2624053955078,499.3960876464844,260.2647399902344,0.002333283657208
tile_r018787_c008547,2,135.55795288085938,316.3511657714844,159.53958129882812,339.2744140625,0.0021446582395583
tile_r018787_c008547,2,513.6607055664062,449.9733276367188,524.4629516601562,514.404296875,0.0020911481697112
tile_r018787_c008547,2,119.6298599243164,215.54898071289065,195.5343780517578,296.147705078125,0.0020177364349365
tile_r018787_c008547,2,247.6997985839844,482.0572204589844,327.4007873535156,514.5011596679688,0.0018981067696586
tile_r018787_c008547,2,394.31201171875,515.5638427734375,475.8457946777344,524.7818603515625,0.0018709183204919
tile_r018787_c008547,2,321.7535705566406,370.9103393554688,361.285888671875,406.28466796875,0.0018445116002112
tile_r018787_c008547,2,176.8291015625,358.6805725097656,278.8788146972656,451.8335876464844,0.0017506409203633
tile_r018787_c008547,2,463.5247192382813,219.3434600830078,512.3370361328125,258.74041748046875,0.001734644640237
tile_r018787_c008547,2,365.1372680664063,514.319091796875,447.7833557128906,524.5728149414062,0.0017133230576291
tile_r018787_c008547,2,-11.967415809631348,351.7705078125,-1.7038666009902954,417.7350158691406,0.0016816724091768
tile_r018787_c008547,2,379.0455932617188,514.61474609375,461.3606567382813,524.53857421875,0.0016802496975287
tile_r018787_c008547,2,352.05523681640625,514.65283203125,434.8321838378906,524.7999877929688,0.00166829128284
tile_r018787_c008547,2,-11.87547492980957,339.50836181640625,-1.758551001548767,405.890625,0.0016534917522221
tile_r018787_c008547,2,162.4008331298828,81.85128021240234,213.101318359375,134.03387451171875,0.0016019273316487
tile_r018787_c008547,2,169.23117065429688,74.63890075683594,216.5706787109375,111.62791442871094,0.001568553270772
tile_r018787_c008547,2,200.0364990234375,515.4622802734375,280.7558898925781,524.7999877929688,0.0015316687058657
tile_r018787_c008547,2,-11.779044151306152,327.31512451171875,-1.7549941539764404,393.3544921875,0.0015265587717294
tile_r018787_c008547,2,89.21928405761719,514.8712158203125,171.7064666748047,524.6824951171875,0.0015157228335738
tile_r018787_c008547,2,265.29656982421875,218.95834350585935,335.7788391113281,289.6693420410156,0.00150125939399
tile_r018787_c008547,2,-12.052526473999023,363.8927307128906,-1.5680252313613892,429.9417419433594,0.0014987669419497
tile_r018787_c008547,2,-11.722055435180664,287.8812866210937,-1.6862624883651731,350.3656005859375,0.0014912055339664
tile_r018787_c008547,2,462.5,445.3861389160156,518.9697265625,513.1661987304688,0.0014725582441315
tile_r018787_c008547,2,71.5573501586914,426.430908203125,125.4576187133789,474.57757568359375,0.0014650647062808
tile_r018787_c008547,2,409.9188537597656,516.4879760742188,489.1006774902344,524.7999877929688,0.0014643727336078
tile_r018787_c008547,2,99.7122039794922,515.7508544921875,185.50082397460935,524.7999877929688,0.001454186043702
tile_r018787_c008547,2,364.9578247070313,-8.724145889282227,509.92626953125,114.17393493652344,0.0014244803460314
tile_r018787_c008547,2,279.5963439941406,515.6724853515625,376.0142211914063,524.7999877929688,0.0014146838802844
tile_r018787_c008547,2,339.32989501953125,515.0828247070312,421.6712951660156,524.7999877929688,0.0013979451032355
tile_r018787_c008547,2,-11.739803314208984,312.64239501953125,-1.843385338783264,381.3727416992188,0.0013962294906377
tile_r018787_c008547,2,-12.127286911010742,376.2322387695313,-1.4468551874160769,441.8023376464844,0.0013590493472293
tile_r018787_c008547,2,157.9381866455078,352.9789733886719,275.6067810058594,465.6153259277344,0.0013254730729386
tile_r018787_c008547,2,484.7136840820313,429.0779418945313,520.2998046875,511.5,0.0013172859326004
tile_r018787_c008547,2,-11.736178398132324,298.15936279296875,-1.6879775524139404,367.5325317382813,0.0012865945464
tile_r018787_c008547,2,105.48820495605467,184.99884033203125,214.17996215820312,292.01397705078125,0.0012832516804337
tile_r018787_c008547,2,-11.778746604919434,276.5392150878906,-1.53363037109375,338.7128295898437,0.0012826992897316
tile_r018787_c008547,2,230.060302734375,512.4861450195312,315.8851623535156,524.7999877929688,0.0012554916320368
tile_r018787_c008547,2,466.7061462402344,191.77842712402344,519.2811279296875,258.8028259277344,0.0012539970921352
tile_r018787_c008547,2,359.5963439941406,122.6329345703125,427.4031677246094,195.88015747070312,0.0012410400668159
tile_r018787_c008547,2,111.98388671875,55.778076171875,172.25332641601562,145.7266387939453,0.0012256667250767
tile_r018787_c008547,2,116.1788330078125,190.51156616210935,232.22964477539065,301.3350524902344,0.0012213482987135
tile_r018787_c008547,2,465.8126831054688,476.96490478515625,524.6179809570312,524.5780029296875,0.0012180871563032
tile_r018787_c008547,2,-12.244969367980955,494.7852478027344,3.407971143722534,524.7999877929688,0.0011795441387221
tile_r018787_c008547,2,161.46957397460938,329.7362365722656,290.0143127441406,449.4537658691406,0.0011768966214731
tile_r018787_c008547,2,393.5260620117188,293.93804931640625,467.9363403320313,361.790771484375,0.001160568324849
tile_r018787_c008547,2,6.787469387054443,15.333288192749023,85.53577423095703,121.4556884765625,0.0011352001456543
tile_r018787_c008547,2,159.20701599121094,103.4242172241211,229.6780242919922,164.58969116210938,0.0011323618236929
tile_r018787_c008547,2,193.2440490722656,382.4500427246094,282.46697998046875,508.7311096191406,0.0011174589162692
tile_r018787_c008547,2,406.298828125,305.3356018066406,469.4681701660156,360.9717712402344,0.0010996180353686
tile_r018787_c008547,2,329.9803771972656,-8.017431259155273,524.7999877929688,260.9566955566406,0.0010971940355375
tile_r018787_c008547,2,129.01869201660156,254.05160522460935,156.19908142089844,284.1107482910156,0.0010921317152678
tile_r018787_c008547,2,99.6047592163086,518.7015380859375,155.53854370117188,524.7999877929688,0.0010918930638581
tile_r018787_c008547,2,-11.882086753845217,263.1312561035156,-1.367610216140747,327.5643615722656,0.0010851040715351
tile_r018787_c008547,2,-11.9204683303833,248.7476501464844,-1.1602280139923096,314.8758850097656,0.0010805930942296
tile_r018787_c008547,2,-12.208114624023438,388.1636352539063,-1.3827896118164062,456.3670349121094,0.0010752640664577
tile_r018787_c008547,2,69.42802429199219,360.5588989257813,227.1328125,518.9307861328125,0.0010515787871554
tile_r018787_c008547,2,408.9152221679688,121.0639419555664,522.5308837890625,267.7214660644531,0.0010498865740373
tile_r018787_c008547,2,51.29996490478516,514.8297119140625,129.82431030273438,524.7999877929688,0.0010493511799722
tile_r018787_c008547,2,431.95745849609375,419.8316040039063,520.8524780273438,512.0101928710938,0.0010485906386747
tile_r018787_c008547,2,-11.93608570098877,234.3817901611328,-0.998992919921875,302.5416564941406,0.001036952715367
tile_r018787_c008547,2,262.9828491210937,486.5647583007813,315.4739685058594,512.6522216796875,0.0010289251804351
tile_r018787_c008547,2,100.3236846923828,149.216552734375,201.377685546875,266.0762634277344,0.0010257336543872
tile_r018787_c008547,2,495.3067321777344,459.7884826660156,524.63134765625,520.2750244140625,0.0010239313123747
tile_r018787_c008547,2,214.3447723388672,361.0190124511719,291.9645080566406,460.03662109375,0.0010206223232671
tile_r018787_c008547,2,274.1897888183594,480.505859375,321.81256103515625,511.5391540527344,0.0010160469682887
tile_r018787_c008547,2,94.92497253417967,502.7151489257813,123.46842956542967,512.6307373046875,0.0010109613649547
tile_r018787_c008547,2,293.7110290527344,-12.800000190734863,524.7999877929688,221.3115692138672,0.001008202903904
tile_r018787_c008547,2,66.2559585571289,514.8908081054688,142.4292755126953,524.59814453125,0.0010059624910354
tile_r018787_c008547,2,173.46310424804688,515.6746215820312,257.3435363769531,524.7999877929688,0.001002819975838
tile_r018787_c008547,2,514.630859375,34.5622444152832,524.7906494140625,117.3780288696289,0.0010007007513195
tile_r018787_c008803,2,21.00565719604492,210.5860290527344,72.38728332519531,263.53369140625,0.699680507183075
tile_r018787_c008803,2,7.018701076507568,291.0997009277344,60.5787467956543,345.20196533203125,0.6862565875053406
tile_r018787_c008803,2,453.0558471679688,88.47084045410156,509.9968872070313,147.76425170898438,0.6857810616493225
tile_r018787_c008803,2,44.704811096191406,51.23406982421875,98.6241455078125,98.93206787109376,0.6645317077636719
tile_r018787_c008803,2,115.5672378540039,136.47457885742188,160.66445922851562,180.6788330078125,0.6571807265281677
tile_r018787_c008803,2,390.57708740234375,376.4344482421875,451.2210083007813,440.5155334472656,0.6537724733352661
tile_r018787_c008803,2,149.07846069335938,283.1807556152344,201.0379638671875,336.009033203125,0.6536813378334045
tile_r018787_c008803,2,379.2451477050781,225.4848175048828,424.4375,273.1656799316406,0.6426180005073547
tile_r018787_c008803,2,54.3775520324707,355.62109375,108.96427154541016,410.6726684570313,0.6273015141487122
tile_r018787_c008803,2,463.187744140625,168.7401885986328,498.51751708984375,203.5172119140625,0.4875940382480621
tile_r018787_c008803,2,441.8718872070313,-1.5874481201171875,493.1983337402344,29.506290435791016,0.4719811677932739
tile_r018787_c008803,2,238.0774688720703,475.1414184570313,285.1991882324219,512.4124755859375,0.4691779911518097
tile_r018787_c008803,2,13.178064346313477,476.57421875,59.53391647338867,513.0501098632812,0.4660050868988037
tile_r018787_c008803,2,354.39727783203125,121.6460418701172,387.4778442382813,156.8768768310547,0.4037491083145141
tile_r018787_c008803,2,492.36474609375,302.1640014648437,515.8678588867188,349.3233947753906,0.3264199495315552
tile_r018787_c008803,2,465.8362426757813,172.4828643798828,494.8843688964844,201.29959106445312,0.1245018243789672
tile_r018787_c008803,2,486.0540161132813,299.5512084960937,516.0604248046875,354.2606506347656,0.1185249462723732
tile_r018787_c008803,2,459.7835083007813,164.14804077148438,502.6975708007813,206.28024291992188,0.1037993654608726
tile_r018787_c008803,2,155.12979125976562,289.0848693847656,196.6836853027344,334.89813232421875,0.094433344900608
tile_r018787_c008803,2,356.8091735839844,128.00564575195312,383.3396606445313,155.36032104492188,0.0533026605844497
tile_r018787_c008803,2,60.70542144775391,362.0960998535156,105.43775939941406,407.337158203125,0.0442640632390975
tile_r018787_c008803,2,398.0478515625,384.6109619140625,442.4632873535156,437.2234497070313,0.0404791943728923
tile_r018787_c008803,2,144.1172332763672,277.4830627441406,205.1232452392578,341.9498596191406,0.0391474328935146
tile_r018787_c008803,2,8.269305229187012,471.3872680664063,67.64283752441406,514.547607421875,0.0388122610747814
tile_r018787_c008803,2,241.2665252685547,477.540283203125,277.5814819335937,510.8092346191406,0.0353187322616577
tile_r018787_c008803,2,351.41754150390625,115.6909408569336,392.109130859375,159.20016479492188,0.0338392332196235
tile_r018787_c008803,2,484.695068359375,290.8055725097656,519.7547607421875,358.1881408691406,0.0264906100928783
tile_r018787_c008803,2,11.069330215454102,296.6256408691406,55.76898193359375,341.27008056640625,0.0246721226722002
tile_r018787_c008803,2,46.36653900146485,345.3853454589844,114.52751159667967,416.5866088867188,0.0242847725749015
tile_r018787_c008803,2,24.8795108795166,216.1106414794922,67.95372772216797,258.91375732421875,0.0239693466573953
tile_r018787_c008803,2,437.3516540527344,-3.5172362327575684,498.70361328125,34.09801483154297,0.0239324271678924
tile_r018787_c008803,2,383.03033447265625,231.58834838867188,419.7765197753906,271.4560241699219,0.0230198688805103
tile_r018787_c008803,2,53.0159912109375,57.36640548706055,97.1175765991211,95.71641540527344,0.0201132912188768
tile_r018787_c008803,2,494.6241149902344,307.31640625,513.0778198242188,350.057861328125,0.0177784003317356
tile_r018787_c008803,2,4.146582126617432,278.3705139160156,65.61124420166016,347.98992919921875,0.0139118870720267
tile_r018787_c008803,2,511.9866333007813,288.327392578125,524.3912353515625,358.4842224121094,0.013328056782484
tile_r018787_c008803,2,110.62931823730467,128.7095947265625,166.6614532470703,186.40280151367188,0.0126548893749713
tile_r018787_c008803,2,446.9554748535156,75.10065460205078,516.2750244140625,151.1797637939453,0.0106192082166671
tile_r018787_c008803,2,477.9518127441406,293.3160705566406,518.027099609375,365.7374572753906,0.0089495228603482
tile_r018787_c008803,2,13.700607299804688,203.956298828125,77.83683776855469,270.208740234375,0.008931397460401
tile_r018787_c008803,2,502.9613342285156,299.5742492675781,520.33935546875,358.59002685546875,0.0087882177904248
tile_r018787_c008803,2,227.6490173339844,471.9657287597656,292.8445739746094,515.6424560546875,0.0082390196621418
tile_r018787_c008803,2,460.0535278320313,94.70866394042967,503.9984436035156,144.2243194580078,0.008031953126192
tile_r018787_c008803,2,370.2355651855469,214.1969757080078,434.0751953125,281.83123779296875,0.0076890080235898
tile_r018787_c008803,2,522.2513427734375,297.0393981933594,524.19287109375,365.3551635742188,0.0070527833886444
tile_r018787_c008803,2,494.3995056152344,303.9735717773437,513.8084716796875,338.9242553710937,0.0053608645685017
tile_r018787_c008803,2,209.85757446289065,227.64926147460935,242.86996459960935,260.43475341796875,0.0051084700971841
tile_r018787_c008803,2,514.8872680664062,283.6131286621094,524.7669677734375,364.7920837402344,0.0044242260046303
tile_r018787_c008803,2,383.8464965820313,367.7594604492188,460.5912170410156,448.13623046875,0.0041604498401284
tile_r018787_c008803,2,210.8638610839844,135.8056182861328,242.90087890625,160.9451141357422,0.0041093109175562
tile_r018787_c008803,2,34.2937126159668,37.71246337890625,109.01856994628906,111.4562759399414,0.0039165271446108
tile_r018787_c008803,2,445.2713928222656,0.7699676752090454,483.6309509277344,26.19913673400879,0.0038390373811125
tile_r018787_c008803,2,521.9757080078125,308.01666259765625,524.1387939453125,376.8493041992188,0.0036385755520313
tile_r018787_c008803,2,451.2651977539063,159.06307983398438,509.71295166015625,215.77249145507807,0.0034609406720846
tile_r018787_c008803,2,431.0260620117188,-12.800000190734863,503.4229431152344,27.703170776367188,0.0030544127803295
tile_r018787_c008803,2,428.6822814941406,-12.153119087219238,504.7555236816406,47.70288848876953,0.0028972022701054
tile_r018787_c008803,2,123.1425552368164,142.084716796875,158.5216064453125,177.31497192382812,0.0027213348075747
tile_r018787_c008803,2,516.1644287109375,290.5477905273437,524.7999877929688,378.56146240234375,0.0027188211679458
tile_r018787_c008803,2,470.7523498535156,301.876953125,517.8583984375,386.10198974609375,0.0023639830760657
tile_r018787_c008803,2,502.108642578125,289.6531677246094,521.8233032226562,348.7283630371094,0.0023549485486
tile_r018787_c008803,2,260.7749328613281,513.5964965820312,325.1625366210937,524.7999877929688,0.0023522011470049
tile_r018787_c008803,2,522.1652221679688,285.678955078125,524.521484375,351.7052307128906,0.0023404620587825
tile_r018787_c008803,2,-12.136958122253418,193.9371032714844,-0.2178024351596832,263.75390625,0.0023374655283987
tile_r018787_c008803,2,-11.941266059875488,68.6831283569336,-0.6849304437637329,136.72665405273438,0.0023329430259764
tile_r018787_c008803,2,274.25750732421875,272.8434143066406,298.1419982910156,295.791259765625,0.0023209895007312
tile_r018787_c008803,2,469.7074279785156,282.9932861328125,516.0806884765625,365.2776489257813,0.0022690929472446
tile_r018787_c008803,2,46.40643310546875,515.7987060546875,132.11224365234375,524.7999877929688,0.0022654393687844
tile_r018787_c008803,2,304.3699645996094,316.0299377441406,331.5040588378906,343.59429931640625,0.0021474140230566
tile_r018787_c008803,2,260.6098937988281,516.6310424804688,352.2004699707031,524.7999877929688,0.0021079848520457
tile_r018787_c008803,2,342.8902282714844,101.3019790649414,394.7120971679688,165.8427276611328,0.0020747040398418
tile_r018787_c008803,2,-11.959012031555176,90.1357879638672,-0.8704162836074829,158.92031860351562,0.0020745864603668
tile_r018787_c008803,2,206.5631866455078,222.8711853027344,250.34033203125,263.70916748046875,0.0020437166094779
tile_r018787_c008803,2,190.86376953125,516.3497924804688,269.3133850097656,524.7999877929688,0.0020290918182581
tile_r018787_c008803,2,138.11624145507812,515.5200805664062,220.7082061767578,524.7999877929688,0.0019909930415451
tile_r018787_c008803,2,401.3041076660156,378.7866821289063,443.4408264160156,417.28131103515625,0.0019508018158376
tile_r018787_c008803,2,510.2275390625,306.5556030273437,520.5992431640625,369.1675415039063,0.0018945534247905
tile_r018787_c008803,2,3.6199676990509033,194.5938720703125,86.65653991699219,274.9805908203125,0.0018791945185512
tile_r018787_c008803,2,122.9307861328125,514.624755859375,206.29574584960935,524.6478271484375,0.0017343566287308
tile_r018787_c008803,2,109.02580261230467,514.326416015625,192.4891662597656,524.6908569335938,0.0017308068927377
tile_r018787_c008803,2,486.9693298339844,298.9958190917969,524.3263549804688,362.4868469238281,0.0016633271006867
tile_r018787_c008803,2,1.1818435192108154,87.31515502929688,33.37517547607422,145.2322998046875,0.0016530676512047
tile_r018787_c008803,2,96.06852722167967,514.6852416992188,179.3837127685547,524.7999877929688,0.001652444479987
tile_r018787_c008803,2,153.26962280273438,516.3323364257812,233.4281768798828,524.7999877929688,0.0016169809969142
tile_r018787_c008803,2,-12.037936210632324,56.46428298950195,-0.4438247680664062,126.19831848144533,0.0016108971321955
tile_r018787_c008803,2,-11.93225383758545,175.3666229248047,-0.5859695672988892,239.21115112304688,0.0016069310950115
tile_r018787_c008803,2,312.0189514160156,515.1124267578125,402.95416259765625,524.7999877929688,0.0015822818968445
tile_r018787_c008803,2,65.79386138916016,370.9426879882813,105.29405212402344,406.4000549316406,0.0015518367290496
tile_r018787_c008803,2,-11.925686836242676,279.5841064453125,3.4507980346679688,358.2319641113281,0.0014945191796869
tile_r018787_c008803,2,222.66748046875,463.3158264160156,300.00274658203125,517.1090087890625,0.0014500314136967
tile_r018787_c008803,2,-12.296971321105955,387.682373046875,0.3170425295829773,454.186279296875,0.0014150120550766
tile_r018787_c008803,2,-12.383885383605955,507.7109375,6.886163234710693,524.7999877929688,0.0013959256466478
tile_r018787_c008803,2,-12.10277271270752,101.7584228515625,-0.124073788523674,170.5025634765625,0.0013734526000916
tile_r018787_c008803,2,83.26799011230469,515.13232421875,166.2049102783203,524.7999877929688,0.001363928662613
tile_r018787_c008803,2,108.81668853759766,-12.234094619750977,288.68719482421875,115.59410095214844,0.0013595697237178
tile_r018787_c008803,2,0.0748382583260536,51.2651596069336,37.66092300415039,117.16120910644533,0.0013343697646632
tile_r018787_c008803,2,289.5810546875,515.3723754882812,376.1015625,524.7999877929688,0.0013244880829006
tile_r018787_c008803,2,381.8369140625,515.5361328125,467.8590698242188,524.7999877929688,0.0013043446233496
tile_r018787_c008803,2,9.8511962890625,221.0654296875,79.48858642578125,290.44366455078125,0.0012984921922907
tile_r018787_c008803,2,-12.182560920715332,214.2812042236328,-0.5601791143417358,288.213623046875,0.0012847564648836
tile_r018787_c008803,2,-12.201692581176758,31.60459327697754,-0.6143478155136108,100.1033706665039,0.0012789219617843
tile_r018787_c008803,2,-12.099952697753906,291.2828063964844,2.199446201324463,374.9088745117188,0.0012659607455134
tile_r018787_c008803,2,404.360595703125,515.5899658203125,491.71685791015625,524.7999877929688,0.0012650254648178
tile_r018787_c008803,2,269.1954345703125,267.849365234375,310.4132995605469,304.797607421875,0.0012560046743601
tile_r018787_c008803,2,511.6611328125,64.66401672363281,524.525390625,148.3855743408203,0.0012503988109529
tile_r018787_c008803,2,277.0458679199219,516.1824340820312,363.6513977050781,524.7999877929688,0.0012055770494043
tile_r018787_c008803,2,180.7707672119141,129.243408203125,359.7320861816406,282.55084228515625,0.0012016692198812
tile_r018787_c008803,2,-11.882596015930176,268.09423828125,3.071395874023437,343.790771484375,0.0011970589403063
tile_r018787_c008803,2,197.26596069335935,501.3361206054688,283.31011962890625,514.1066284179688,0.0011781578650698
tile_r018787_c008803,2,252.2620086669922,503.45361328125,306.03143310546875,512.57373046875,0.0011579804122447
tile_r018787_c008803,2,-0.91351318359375,-0.906146228313446,37.78746795654297,31.98308753967285,0.0011455280473455
tile_r018787_c008803,2,328.97088623046875,94.206787109375,398.1255798339844,165.60714721679688,0.001140168053098
tile_r018787_c008803,2,253.04818725585935,512.5333862304688,321.5800170898437,523.5677490234375,0.0011317962780594
tile_r018787_c008803,2,338.2523498535156,515.5115966796875,430.6961059570313,524.7999877929688,0.0011306318920105
tile_r018787_c008803,2,-12.41871452331543,397.0778198242188,0.7814376950263977,468.0941467285156,0.0011281601618975
tile_r018787_c008803,2,319.486083984375,211.2444305419922,389.68890380859375,296.00469970703125,0.0011269281385466
tile_r018787_c008803,2,1.1587600708007812,65.08612823486328,36.63856887817383,127.7275848388672,0.001120533212088
tile_r018787_c008803,2,516.2689819335938,307.2758178710937,524.7999877929688,394.066650390625,0.0011185813928022
tile_r018787_c008803,2,462.3349609375,269.8661499023437,518.8841552734375,348.0028686523437,0.0011155459797009
tile_r018787_c008803,2,-12.189106941223145,21.311742782592773,-0.5815780758857727,86.24700927734375,0.0011122163850814
tile_r018787_c008803,2,522.0186767578125,272.16455078125,524.6434326171875,346.1279296875,0.0011070210020989
tile_r018787_c008803,2,24.640697479248047,515.6159057617188,120.29280853271484,524.7999877929688,0.0010954969329759
tile_r018787_c008803,2,104.33189392089844,123.1951904296875,171.28903198242188,195.61227416992188,0.0010835831053555
tile_r018787_c008803,2,207.6186065673828,132.2756805419922,248.03256225585935,165.4816131591797,0.0010776241542771
tile_r018787_c008803,2,-12.152201652526855,9.603662490844728,-0.6065810918807983,73.9344482421875,0.0010619082022458
tile_r018787_c008803,2,456.35205078125,120.84385681152344,519.2068481445312,181.7746734619141,0.0010593921178951
tile_r018787_c008803,2,135.6484375,293.4820861816406,211.2812957763672,362.9430236816406,0.0010560865048319
tile_r018787_c008803,2,522.1101684570312,316.3271179199219,524.3624877929688,386.2702026367188,0.0010471475543454
tile_r018787_c008803,2,39.93525314331055,-12.800000190734863,277.6426086425781,220.41439819335935,0.0010427330853417
tile_r018787_c008803,2,-2.993853807449341,37.04295349121094,39.30965423583984,106.82679748535156,0.0010278162080794
tile_r018787_c008803,2,-11.9824857711792,254.9867706298828,1.526699781417847,329.450927734375,0.0010275288950651
tile_r018787_c008803,2,-11.894131660461426,0.7873474359512329,-0.8524688482284546,48.0506706237793,0.0010235733352601
tile_r018787_c008803,2,235.0304718017578,483.6024475097656,292.84747314453125,512.2662963867188,0.0010218019597232
tile_r018787_c008803,2,332.8115234375,512.2161865234375,400.4164123535156,523.8858642578125,0.0010024928487837
tile_r018787_c009059,2,297.8324279785156,200.3802795410156,349.54217529296875,250.8677215576172,0.6992690563201904
tile_r018787_c009059,2,196.7935485839844,87.58247375488281,254.3955993652344,149.54580688476562,0.6876787543296814
tile_r018787_c009059,2,234.0785217285156,302.1828918457031,287.5127868652344,355.92840576171875,0.6776797771453857
tile_r018787_c009059,2,322.657470703125,271.5411376953125,392.15179443359375,337.61187744140625,0.6644843816757202
tile_r018787_c009059,2,344.3199768066406,385.5553588867188,398.3084106445313,438.0958862304688,0.6642335653305054
tile_r018787_c009059,2,134.4020538330078,376.2630004882813,195.6129150390625,440.7341918945313,0.6563252806663513
tile_r018787_c009059,2,122.7632293701172,225.30404663085935,168.76303100585938,273.5157775878906,0.6462251543998718
tile_r018787_c009059,2,399.2373962402344,255.7859344482422,430.115234375,287.11651611328125,0.5663973689079285
tile_r018787_c009059,2,325.6546325683594,-0.662066638469696,370.3451232910156,32.39649200439453,0.5248839855194092
tile_r018787_c009059,2,206.9491424560547,168.3500518798828,242.9608154296875,203.9764709472656,0.4999748468399048
tile_r018787_c009059,2,403.0548400878906,111.5523452758789,442.2068786621094,142.46670532226562,0.4984784126281738
tile_r018787_c009059,2,184.5921630859375,-2.144174098968506,238.01858520507807,30.18276023864746,0.4774764478206634
tile_r018787_c009059,2,98.34587097167967,121.47833251953124,131.66207885742188,156.91000366210938,0.4045261144638061
tile_r018787_c009059,2,318.5194702148437,485.0103454589844,367.418701171875,512.9509887695312,0.3655879199504852
tile_r018787_c009059,2,487.71966552734375,156.142822265625,515.201904296875,198.1424865722656,0.2055076211690902
tile_r018787_c009059,2,209.69210815429688,172.28945922851562,239.2141876220703,201.5524444580078,0.1179239526391029
tile_r018787_c009059,2,203.606201171875,164.03939819335938,246.9841766357422,206.5625457763672,0.1143024712800979
tile_r018787_c009059,2,401.24810791015625,258.763671875,426.484619140625,284.54998779296875,0.1142371818423271
tile_r018787_c009059,2,317.53448486328125,491.8935546875,371.96820068359375,513.0978393554688,0.087625578045845
tile_r018787_c009059,2,483.9521484375,149.3884735107422,517.1771240234375,204.2547912597656,0.0746703520417213
tile_r018787_c009059,2,203.6450653076172,91.0785903930664,249.9905242919922,143.7257080078125,0.0653150603175163
tile_r018787_c009059,2,349.91241455078125,391.73919677734375,394.3536682128906,435.227783203125,0.0627606064081192
tile_r018787_c009059,2,-2.445477247238159,471.171875,31.858226776123047,514.2166137695312,0.0559684112668037
tile_r018787_c009059,2,330.82257080078125,2.3433837890625,367.93359375,29.1240234375,0.0526178255677223
tile_r018787_c009059,2,100.8028335571289,127.88340759277344,127.4256820678711,155.38143920898438,0.0497668646275997
tile_r018787_c009059,2,395.7145080566406,251.8548583984375,432.2804260253906,289.74053955078125,0.0471847988665103
tile_r018787_c009059,2,319.82470703125,-4.391478061676025,373.7091674804688,35.634971618652344,0.0434780791401863
tile_r018787_c009059,2,141.87954711914062,384.53021240234375,186.6683654785156,437.33013916015625,0.0389613844454288
tile_r018787_c009059,2,95.2544937133789,115.6251449584961,136.49423217773438,159.26431274414062,0.0353640466928482
tile_r018787_c009059,2,492.5374145507813,161.2079620361328,512.95849609375,197.8238525390625,0.0331010147929191
tile_r018787_c009059,2,404.78369140625,115.25236511230467,436.4261779785156,140.1415557861328,0.0313609689474105
tile_r018787_c009059,2,-0.124409481883049,478.5394592285156,29.84126663208008,512.8068237304688,0.0262023601680994
tile_r018787_c009059,2,397.0389709472656,106.23936462402344,446.185546875,147.82260131835938,0.0236067008227109
tile_r018787_c009059,2,126.7622528076172,231.3568420410156,163.9921417236328,271.6900939941406,0.021152252331376
tile_r018787_c009059,2,335.27471923828125,281.67633056640625,388.0314636230469,332.19000244140625,0.0207701120525598
tile_r018787_c009059,2,490.9347534179688,393.32470703125,516.8829956054688,452.8667907714844,0.0168457198888063
tile_r018787_c009059,2,312.2001037597656,475.2832946777344,372.3531799316406,513.90283203125,0.0168416127562522
tile_r018787_c009059,2,178.103515625,-4.971880912780762,248.1982421875,32.28081130981445,0.0110518736764788
tile_r018787_c009059,2,188.13519287109372,74.00843811035156,265.2711486816406,156.14834594726562,0.0101658515632152
tile_r018787_c009059,2,223.80679321289065,289.916015625,294.5081481933594,364.9861755371094,0.0094313081353902
tile_r018787_c009059,2,456.6370239257813,80.36436462402344,485.5973510742188,105.61527252197266,0.0084213586524128
tile_r018787_c009059,2,477.3374633789063,142.96951293945312,521.0477905273438,221.7710876464844,0.0080938413739204
tile_r018787_c009059,2,113.9222412109375,213.8628387451172,178.6509552001953,282.5476989746094,0.0079308403655886
tile_r018787_c009059,2,287.46612548828125,188.1533203125,357.7226257324219,259.96826171875,0.0074929678812623
tile_r018787_c009059,2,239.4541931152344,308.1586303710937,283.9224548339844,352.76092529296875,0.0074063083156943
tile_r018787_c009059,2,522.1429443359375,139.22531127929688,524.4417724609375,210.12155151367188,0.0057495515793561
tile_r018787_c009059,2,46.3974494934082,315.2808837890625,76.26542663574219,344.3214111328125,0.0057321214117109
tile_r018787_c009059,2,-6.1799421310424805,465.0349731445313,35.00962448120117,516.3984375,0.0055701970122754
tile_r018787_c009059,2,193.7722625732422,159.7237091064453,254.0003967285156,215.94308471679688,0.0052762539125978
tile_r018787_c009059,2,-10.989166259765623,471.2090759277344,15.747027397155762,517.4891357421875,0.0050707259215414
tile_r018787_c009059,2,324.1026306152344,482.0594787597656,363.4860229492188,510.36865234375,0.0047209518961608
tile_r018787_c009059,2,522.455078125,148.25186157226562,524.3068237304688,216.34194946289065,0.0046991100534796
tile_r018787_c009059,2,127.4706802368164,367.80615234375,204.64944458007807,448.4791870117188,0.0044946614652872
tile_r018787_c009059,2,504.0222778320313,143.41073608398438,521.3975830078125,206.7206115722656,0.0043597132898867
tile_r018787_c009059,2,509.05859375,155.7035369873047,520.9107666015625,210.54928588867188,0.0043073114939033
tile_r018787_c009059,2,336.179931640625,373.7407836914063,408.135498046875,449.5652770996094,0.004180681426078
tile_r018787_c009059,2,188.77919006347656,0.640625,228.4119110107422,26.392070770263672,0.0040183081291615
tile_r018787_c009059,2,483.00830078125,395.4525146484375,515.9602661132812,456.1189575195313,0.0039521567523479
tile_r018787_c009059,2,513.6265258789062,135.7490234375,524.6084594726562,214.4547882080078,0.0038980001118034
tile_r018787_c009059,2,331.783447265625,515.7160034179688,427.8787231445313,524.7999877929688,0.0038149505853652
tile_r018787_c009059,2,485.1353149414063,376.1761169433594,518.2787475585938,454.97747802734375,0.0037196883931756
tile_r018787_c009059,2,509.0458984375,137.61111450195312,524.1369018554688,207.435546875,0.0035927488934248
tile_r018787_c009059,2,487.7076110839844,394.2036437988281,520.3433837890625,463.3088989257813,0.003481708234176
tile_r018787_c009059,2,314.6065979003906,261.35064697265625,400.46429443359375,347.6083374023437,0.0034357144031673
tile_r018787_c009059,2,522.27783203125,405.7842712402344,524.3991088867188,477.7598571777344,0.0033308577258139
tile_r018787_c009059,2,174.46835327148438,-12.800000190734863,245.9980926513672,27.12250328063965,0.0032939843367785
tile_r018787_c009059,2,87.2419662475586,105.4427719116211,138.9725799560547,166.046630859375,0.003202783409506
tile_r018787_c009059,2,322.2829284667969,490.58251953125,359.67352294921875,512.1097412109375,0.0030758071225136
tile_r018787_c009059,2,172.13876342773438,-12.411450386047363,248.9813537597656,47.93350982666016,0.0030611865222454
tile_r018787_c009059,2,302.84698486328125,206.29409790039065,342.1529235839844,246.658447265625,0.002922200364992
tile_r018787_c009059,2,322.03680419921875,497.9070434570313,365.2098693847656,512.5750122070312,0.002780488692224
tile_r018787_c009059,2,-1.363003492355347,492.91259765625,37.03423690795898,512.4725341796875,0.0026561031118035
tile_r018787_c009059,2,522.0433349609375,156.1089324951172,524.2522583007812,220.81723022460935,0.0026047099381685
tile_r018787_c009059,2,300.9097595214844,483.8125915527344,381.45745849609375,514.5653076171875,0.0023762409109622
tile_r018787_c009059,2,313.01904296875,-12.13751220703125,382.7589721679688,44.914306640625,0.002278967294842
tile_r018787_c009059,2,391.2605895996094,102.57307434082033,451.510986328125,157.54348754882812,0.0022551589645445
tile_r018787_c009059,2,514.027587890625,256.45538330078125,524.7999877929688,335.22821044921875,0.002182905562222
tile_r018787_c009059,2,514.93505859375,390.9690551757813,524.7003784179688,469.5217895507813,0.0021471097134053
tile_r018787_c009059,2,513.95068359375,196.8874053955078,524.7999877929688,270.7787475585937,0.0021426333114504
tile_r018787_c009059,2,515.2655639648438,156.6763916015625,524.7999877929688,245.3575439453125,0.0021255789324641
tile_r018787_c009059,2,-1.308746337890625,457.2245178222656,44.58852005004883,516.64794921875,0.0020586270838975
tile_r018787_c009059,2,521.7952880859375,133.6872100830078,524.618896484375,203.37646484375,0.0020198624115437
tile_r018787_c009059,2,145.11862182617188,378.58892822265625,187.86892700195312,417.4227600097656,0.001951532321982
tile_r018787_c009059,2,514.3626708984375,180.9301300048828,524.7999877929688,260.0375061035156,0.0019491730490699
tile_r018787_c009059,2,485.2774353027344,152.584716796875,524.4234619140625,212.2559509277344,0.0019238365348428
tile_r018787_c009059,2,286.6986999511719,509.7667846679688,372.2692260742188,524.7999877929688,0.0018858164548873
tile_r018787_c009059,2,310.1795959472656,484.9469604492188,378.7352600097656,523.0411376953125,0.0018709911964833
tile_r018787_c009059,2,515.6060791015625,138.8341064453125,524.7999877929688,230.01126098632807,0.0018009756458923
tile_r018787_c009059,2,353.2145080566406,515.9931640625,439.560791015625,524.7999877929688,0.0017505042487755
tile_r018787_c009059,2,-11.561441421508787,453.6294860839844,17.173458099365234,519.2607421875,0.0017478873487561
tile_r018787_c009059,2,17.895549774169922,272.318359375,43.56273651123047,296.2777404785156,0.0017025790875777
tile_r018787_c009059,2,482.2816467285156,399.2327270507813,522.455078125,483.3196411132813,0.0016868815291672
tile_r018787_c009059,2,513.6910400390625,281.3900451660156,524.7999877929688,361.2843627929688,0.0016867097001522
tile_r018787_c009059,2,461.5272521972656,122.9153289794922,520.6321411132812,209.5492706298828,0.0016712457872927
tile_r018787_c009059,2,514.0347900390625,234.83822631835935,524.7999877929688,310.86102294921875,0.0016556910704821
tile_r018787_c009059,2,5.509869575500488,513.4500732421875,68.1434326171875,524.7999877929688,0.0016082084039226
tile_r018787_c009059,2,315.2564392089844,504.1925659179688,398.8893432617188,524.7999877929688,0.0015279236249625
tile_r018787_c009059,2,56.170387268066406,515.212646484375,147.43917846679688,524.7999877929688,0.0015261635417118
tile_r018787_c009059,2,7.865185737609863,517.0686645507812,95.1405029296875,524.7999877929688,0.0015228891279548
tile_r018787_c009059,2,513.8870239257812,221.134521484375,524.7999877929688,297.81793212890625,0.0015141050098463
tile_r018787_c009059,2,494.9800720214844,425.9181213378906,515.3660278320312,452.33013916015625,0.0015024229651317
tile_r018787_c009059,2,72.48811340332031,96.25943756103516,144.65292358398438,167.17893981933594,0.0014864178374409
tile_r018787_c009059,2,268.59405517578125,515.6762084960938,349.77764892578125,524.7999877929688,0.001467038760893
tile_r018787_c009059,2,480.4784240722656,154.00860595703125,521.6666870117188,240.2917938232422,0.0014120732666924
tile_r018787_c009059,2,34.41194152832031,515.4773559570312,120.0458984375,524.7999877929688,0.0014038038207218
tile_r018787_c009059,2,301.51348876953125,-5.784493923187256,364.4295959472656,35.61930084228516,0.0014008269645273
tile_r018787_c009059,2,313.9562072753906,202.595458984375,436.4689331054688,300.4508361816406,0.0013920026831328
tile_r018787_c009059,2,-7.590345859527588,439.0962524414063,43.3311653137207,513.5543212890625,0.0013902281643822
tile_r018787_c009059,2,334.5020446777344,512.0433959960938,404.66021728515625,521.6380615234375,0.0013769284123554
tile_r018787_c009059,2,126.7757797241211,515.5264892578125,211.9006805419922,524.7999877929688,0.0013575649354606
tile_r018787_c009059,2,148.95779418945312,515.484375,234.74105834960935,524.7999877929688,0.0013458026805892
tile_r018787_c009059,2,339.74005126953125,518.26123046875,398.9035034179688,524.7999877929688,0.00130196637474
tile_r018787_c009059,2,-11.442891120910645,479.6428833007813,9.121156692504885,524.7999877929688,0.0012873404193669
tile_r018787_c009059,2,279.73883056640625,-7.838043212890625,364.50592041015625,19.607013702392575,0.0012831704225391
tile_r018787_c009059,2,392.7713012695313,245.1655731201172,437.8521423339844,293.2357788085937,0.001274007721804
tile_r018787_c009059,2,521.8089599609375,393.9466552734375,524.5902099609375,466.1701049804688,0.0012696153717115
tile_r018787_c009059,2,198.1428680419922,515.52880859375,280.1971740722656,524.7999877929688,0.0012529626255854
tile_r018787_c009059,2,416.8626098632813,516.0267333984375,499.0411071777344,524.7999877929688,0.0012370923068374
tile_r018787_c009059,2,45.27718353271485,310.5977478027344,83.40899658203125,346.0918884277344,0.0012338656233623
tile_r018787_c009059,2,23.22884559631348,516.2572631835938,107.0532455444336,524.7999877929688,0.0012164708459749
tile_r018787_c009059,2,513.8054809570312,310.5638732910156,524.7999877929688,385.8115234375,0.0011945257429033
tile_r018787_c009059,2,248.3006134033203,-12.800000190734863,372.9257507324219,106.8544464111328,0.0011605335166677
tile_r018787_c009059,2,175.076171875,515.5018310546875,256.4569702148437,524.7999877929688,0.001152939395979
tile_r018787_c009059,2,468.9259643554688,159.29843139648438,518.041015625,247.2109375,0.0011480838293209
tile_r018787_c009059,2,335.0014038085937,501.7749938964844,389.3128051757813,512.7545166015625,0.0011440460802987
tile_r018787_c009059,2,73.72640228271484,0.3790740966796875,104.15675354003906,15.062954902648926,0.0011385183315724
tile_r018787_c009059,2,388.0126647949219,240.6397399902344,438.4117126464844,308.50750732421875,0.0011260139290243
tile_r018787_c009059,2,339.16070556640625,503.2970581054688,407.8846740722656,512.8150634765625,0.0011225561611354
tile_r018787_c009059,2,302.0380249023437,201.4198760986328,345.643798828125,239.8510284423828,0.0011131040519103
tile_r018787_c009059,2,60.95940017700195,212.74575805664065,134.1163330078125,309.3453674316406,0.0010983281536027
tile_r018787_c009059,2,346.6490783691406,295.8565979003906,386.260009765625,334.02081298828125,0.0010714903473854
tile_r018787_c009059,2,364.4220275878906,-12.800000190734863,524.7999877929688,132.3104705810547,0.0010514665627852
tile_r018787_c009059,2,515.6102905273438,438.8088989257813,524.7296142578125,510.0921020507813,0.0010512562002986
tile_r018787_c009059,2,514.5911254882812,-9.059033393859863,524.6819458007812,66.08876037597656,0.0010440570767968
tile_r018787_c009059,2,390.7206115722656,-11.49468994140625,523.70361328125,120.55116271972656,0.0010315988911315
tile_r018787_c009059,2,83.38804626464844,515.5022583007812,174.56881713867188,524.7999877929688,0.0010142617393285
tile_r018787_c009059,2,-0.5587402582168579,498.6432189941406,43.22966384887695,512.6226196289062,0.0010110499570146
tile_r018787_c009059,2,489.4126892089844,158.61141967773438,513.7239990234375,190.2979431152344,0.0010081898653879
tile_r018787_c009059,2,294.47100830078125,-10.220812797546388,366.16107177734375,47.90862274169922,0.0010039614280685
tile_r018787_c009315,2,42.06388092041016,200.6718292236328,93.13543701171876,250.74038696289065,0.7189152240753174
tile_r018787_c009315,2,362.0049743652344,170.85577392578125,415.3480529785156,220.2037048339844,0.6771575808525085
tile_r018787_c009315,2,464.7529296875,202.51498413085935,509.349609375,246.60498046875,0.6675118207931519
tile_r018787_c009315,2,88.65222930908203,385.75775146484375,141.92086791992188,437.7032775878906,0.6644701957702637
tile_r018787_c009315,2,66.77291107177734,271.50274658203125,135.89739990234375,337.3765563964844,0.6634925603866577
tile_r018787_c009315,2,240.5516662597656,426.8958129882813,304.8612365722656,488.6966857910156,0.6231939196586609
tile_r018787_c009315,2,433.7570190429688,269.8241577148437,484.1009826660156,317.9217224121094,0.6229043006896973
tile_r018787_c009315,2,143.4221649169922,255.90396118164065,174.02719116210938,286.9686889648437,0.5542721748352051
tile_r018787_c009315,2,69.94999694824219,-0.4101989865303039,113.85563659667967,32.0316276550293,0.5365805625915527
tile_r018787_c009315,2,147.22171020507812,111.7417449951172,185.93527221679688,142.1269073486328,0.4919330775737762
tile_r018787_c009315,2,380.83538818359375,1.1371886730194092,420.6280822753906,38.70335006713867,0.4646850526332855
tile_r018787_c009315,2,-1.3715698719024658,303.4436950683594,31.281970977783203,355.7958374023437,0.448369413614273
tile_r018787_c009315,2,62.80094146728516,486.5300903320313,111.09197998046876,512.7650146484375,0.3459343016147613
tile_r018787_c009315,2,231.9505920410156,157.15902709960938,280.963623046875,205.7261657714844,0.3369629085063934
tile_r018787_c009315,2,237.79248046875,162.55874633789062,278.6752014160156,202.2725524902344,0.2107672244310379
tile_r018787_c009315,2,468.4998168945313,206.56396484375,505.9488220214844,242.3765563964844,0.1596876382827758
tile_r018787_c009315,2,145.3754119873047,258.8661193847656,170.4051513671875,284.4378967285156,0.1142879426479339
tile_r018787_c009315,2,61.805458068847656,492.8713989257813,116.16021728515624,513.0467529296875,0.0976402088999748
tile_r018787_c009315,2,358.1675720214844,159.47036743164062,420.02838134765625,224.96841430664065,0.0813760682940483
tile_r018787_c009315,2,94.0474624633789,392.0475463867188,138.10488891601562,434.9849548339844,0.0740374475717544
tile_r018787_c009315,2,451.04107666015625,85.86991119384766,475.543212890625,108.26190185546876,0.068417802453041
tile_r018787_c009315,2,383.671630859375,8.641279220581055,415.6092224121094,36.46747589111328,0.0665396526455879
tile_r018787_c009315,2,440.5557556152344,278.2704467773437,480.5526428222656,314.94061279296875,0.0518093556165695
tile_r018787_c009315,2,75.21673583984375,2.5665862560272217,111.55953216552734,28.851009368896484,0.0483491122722625
tile_r018787_c009315,2,254.2289123535156,439.7911987304688,302.43145751953125,484.9412231445313,0.047420646995306
tile_r018787_c009315,2,430.5918884277344,263.664794921875,489.4884643554688,323.903564453125,0.0450274422764778
tile_r018787_c009315,2,-0.736499011516571,306.4516296386719,25.234554290771484,352.43511962890625,0.0399345606565475
tile_r018787_c009315,2,367.0455932617188,176.60519409179688,411.755126953125,217.21408081054688,0.0366556383669376
tile_r018787_c009315,2,63.971282958984375,-3.987115383148194,117.36669921875,35.0621337890625,0.0343126654624938
tile_r018787_c009315,2,148.8876495361328,115.3903579711914,180.2577667236328,139.9970245361328,0.0318998135626316
tile_r018787_c009315,2,375.3356323242188,-2.109612941741944,428.9378051757813,43.445404052734375,0.0240468885749578
tile_r018787_c009315,2,375.088623046875,152.58302307128906,398.8696899414063,173.52102661132812,0.0230740718543529
tile_r018787_c009315,2,79.47452545166016,281.7779846191406,131.87112426757812,332.01519775390625,0.0227589700371027
tile_r018787_c009315,2,234.57827758789065,419.816650390625,314.11212158203125,492.9557189941406,0.0223551765084266
tile_r018787_c009315,2,458.7061462402344,198.437744140625,512.56640625,251.7363739013672,0.0222779065370559
tile_r018787_c009315,2,141.8475341796875,106.30158996582033,190.1611328125,146.9534912109375,0.0201978329569101
tile_r018787_c009315,2,225.9972686767578,152.4353485107422,286.8511657714844,209.60232543945312,0.019533384591341
tile_r018787_c009315,2,-10.668664932250977,288.3827514648437,17.0753173828125,357.1605529785156,0.0145782083272933
tile_r018787_c009315,2,202.8862762451172,81.67628479003906,226.36880493164065,102.81260681152344,0.0144912349060177
tile_r018787_c009315,2,139.3988037109375,250.9191436767578,177.565185546875,290.2832946777344,0.0144255785271525
tile_r018787_c009315,2,-10.126971244812012,294.2581481933594,24.9951171875,361.3977661132813,0.013996030203998
tile_r018787_c009315,2,56.81967926025391,475.4320373535156,116.0700225830078,513.5908203125,0.0138004450127482
tile_r018787_c009315,2,446.6044006347656,82.84761047363281,476.78076171875,111.3114776611328,0.0121470615267753
tile_r018787_c009315,2,314.48895263671875,110.16487121582033,351.73565673828125,144.3052978515625,0.0098286215215921
tile_r018787_c009315,2,234.27880859375,159.64425659179688,275.9234924316406,195.8778076171875,0.0096142319962382
tile_r018787_c009315,2,-2.166369676589966,295.57965087890625,38.31284332275391,360.02154541015625,0.007793556433171
tile_r018787_c009315,2,437.2748107910156,272.71630859375,472.2824096679688,308.8330078125,0.0076788682490587
tile_r018787_c009315,2,31.434423446655277,188.12112426757807,101.48844146728516,260.0250549316406,0.0072722416371107
tile_r018787_c009315,2,0.4432373046875,304.40045166015625,26.788707733154297,338.1688842773437,0.0072333663702011
tile_r018787_c009315,2,454.8837890625,88.50643157958984,474.6878967285156,107.64198303222656,0.0067808502353727
tile_r018787_c009315,2,362.4683532714844,151.04959106445312,418.50823974609375,201.6820068359375,0.0062526739202439
tile_r018787_c009315,2,68.7972183227539,482.2373962402344,107.17472839355467,509.9290161132813,0.0045141917653381
tile_r018787_c009315,2,80.6105728149414,374.15325927734375,151.7188262939453,449.46337890625,0.0043122265487909
tile_r018787_c009315,2,46.88460540771485,206.4678649902344,86.06922912597656,246.5816345214844,0.0040072659030556
tile_r018787_c009315,2,370.0525207519531,-7.111083984375,431.9011840820313,51.14802169799805,0.0038831871934235
tile_r018787_c009315,2,75.84432220458984,515.6931762695312,171.21620178222656,524.7999877929688,0.0038393328431993
tile_r018787_c009315,2,421.335693359375,258.86627197265625,494.1421508789063,329.557373046875,0.0036582818720489
tile_r018787_c009315,2,388.2024536132813,4.2877607345581055,419.7367248535156,34.81403350830078,0.0036022816784679
tile_r018787_c009315,2,-0.1091323867440223,-1.962719678878784,41.71135330200195,24.719024658203125,0.003599438117817
tile_r018787_c009315,2,66.5043716430664,490.8118286132813,103.8435516357422,511.9960021972656,0.0035746423527598
tile_r018787_c009315,2,310.8475036621094,107.08146667480467,354.1675720214844,150.105224609375,0.0035388595424592
tile_r018787_c009315,2,66.16094970703125,498.0841674804688,109.44132232666016,512.5242309570312,0.0031272617634385
tile_r018787_c009315,2,59.00053787231445,264.12469482421875,142.06936645507812,347.7494201660156,0.0031245083082467
tile_r018787_c009315,2,347.145751953125,153.060302734375,425.75982666015625,232.4281768798828,0.002962835598737
tile_r018787_c009315,2,452.7201232910156,189.5417022705078,517.2898559570312,255.7414093017578,0.0029358924366533
tile_r018787_c009315,2,305.5451354980469,103.2828140258789,361.4067687988281,154.9611358642578,0.0028837521094828
tile_r018787_c009315,2,-10.872182846069336,304.6622619628906,7.218519687652588,369.51568603515625,0.0028781208675354
tile_r018787_c009315,2,-11.919183731079102,471.37835693359375,-0.8864486813545227,519.0370483398438,0.002877588616684
tile_r018787_c009315,2,-12.02595329284668,480.111083984375,1.4030929803848269,524.7999877929688,0.0025631166063249
tile_r018787_c009315,2,457.9458923339844,86.86006927490234,478.2332153320313,106.93955993652344,0.0025155078619718
tile_r018787_c009315,2,3.626751661300659,0.1626922637224197,35.14372634887695,15.0724515914917,0.0024086793418973
tile_r018787_c009315,2,46.269630432128906,484.3636779785156,125.5454559326172,514.4486083984375,0.0023132348433136
tile_r018787_c009315,2,276.8730163574219,515.8106689453125,361.3312377929688,524.7999877929688,0.0022228020243346
tile_r018787_c009315,2,1.6296157836914062,-3.437458038330078,40.7650032043457,13.307787895202637,0.0021669473499059
tile_r018787_c009315,2,479.1779174804688,238.43423461914065,519.5802612304688,304.3856506347656,0.0021029426716268
tile_r018787_c009315,2,57.89404296875,-12.085278511047363,125.8031997680664,45.046531677246094,0.0020617807749658
tile_r018787_c009315,2,342.7201538085937,515.09033203125,422.0646057128906,524.7999877929688,0.0020605137106031
tile_r018787_c009315,2,54.26446533203125,486.2815551757813,122.3201904296875,522.9732666015625,0.0019798222929239
tile_r018787_c009315,2,289.14874267578125,145.35708618164062,321.72723388671875,174.67044067382812,0.0018956944113597
tile_r018787_c009315,2,136.52188110351562,97.0002670288086,196.8214569091797,169.8370361328125,0.001864866586402
tile_r018787_c009315,2,445.155517578125,78.23869323730469,480.3538513183594,113.83259582519533,0.0018568530213087
tile_r018787_c009315,2,97.4358367919922,515.9099731445312,182.92855834960935,524.7999877929688,0.0018506083870306
tile_r018787_c009315,2,31.711410522460938,509.5725708007813,116.42613220214844,524.7999877929688,0.0018248779233545
tile_r018787_c009315,2,-5.6106276512146,308.2235107421875,1.8247191905975344,357.08282470703125,0.0018082457827404
tile_r018787_c009315,2,446.4151306152344,284.367919921875,480.2454223632813,314.3177795410156,0.0017691709799692
tile_r018787_c009315,2,0.0994720458984375,309.515625,18.525177001953125,351.9576721191406,0.0017667589709162
tile_r018787_c009315,2,372.2586364746094,153.25991821289062,401.6812438964844,176.9289093017578,0.0017392847221344
tile_r018787_c009315,2,263.95770263671875,515.1668701171875,347.1566772460937,524.7999877929688,0.0017110280459746
tile_r018787_c009315,2,-12.14360523223877,425.35784912109375,0.1821456849575042,489.898193359375,0.0017046395223587
tile_r018787_c009315,2,249.8524932861328,172.2061004638672,277.651611328125,201.34475708007807,0.0017042583785951
tile_r018787_c009315,2,-12.21946144104004,185.29368591308597,0.1855911314487457,254.6826629638672,0.0016473236028105
tile_r018787_c009315,2,59.20490646362305,504.5177307128906,142.9429168701172,524.7999877929688,0.0016393252881243
tile_r018787_c009315,2,198.0005340576172,76.41216278076172,239.59262084960935,110.0401382446289,0.0016369591467082
tile_r018787_c009315,2,161.4010009765625,515.8756713867188,243.61135864257807,524.7999877929688,0.0016268481267616
tile_r018787_c009315,2,433.6848754882813,514.5947265625,511.5031127929688,524.72314453125,0.0016261069104075
tile_r018787_c009315,2,187.85726928710935,516.11572265625,269.4925231933594,524.7999877929688,0.0015851266216486
tile_r018787_c009315,2,226.3632354736328,514.7951049804688,307.338134765625,524.7999877929688,0.0015357008669525
tile_r018787_c009315,2,78.7521743774414,512.1296997070312,148.82546997070312,521.4775390625,0.0015274464385583
tile_r018787_c009315,2,250.3064422607422,514.6408081054688,333.3232421875,524.7999877929688,0.0015147525118663
tile_r018787_c009315,2,354.011474609375,515.82958984375,433.9540100097656,524.7999877929688,0.0014842496020719
tile_r018787_c009315,2,-0.0989196747541427,-2.4902892112731934,51.6937141418457,28.66387939453125,0.0014742916682735
tile_r018787_c009315,2,-12.134079933166504,229.5811004638672,-0.8030868768692017,298.79443359375,0.001471052179113
tile_r018787_c009315,2,46.31319427490234,-5.490258693695068,105.44856262207033,36.46782684326172,0.0014644628390669
tile_r018787_c009315,2,512.4890747070312,177.08987426757812,524.1441650390625,258.2211608886719,0.0014435977209359
tile_r018787_c009315,2,196.361083984375,61.45862579345703,361.25775146484375,208.77420043945312,0.0014067239826545
tile_r018787_c009315,2,481.4034118652344,246.24002075195312,520.9315185546875,315.3464050292969,0.0014063226990401
tile_r018787_c009315,2,448.8533325195313,86.80765533447266,473.1730346679688,104.33973693847656,0.0013730792561545
tile_r018787_c009315,2,-12.112869262695312,434.7686462402344,0.7376998662948608,516.6666870117188,0.0013730282662436
tile_r018787_c009315,2,-1.8818954229354856,-1.322656273841858,43.56330490112305,46.21150970458984,0.0013695092638954
tile_r018787_c009315,2,-12.156747817993164,173.3736572265625,0.1345275938510894,242.3386993408203,0.0013519530184566
tile_r018787_c009315,2,293.2423400878906,91.7608642578125,358.5722045898437,166.7598419189453,0.0013375545386224
tile_r018787_c009315,2,217.3628387451172,144.58963012695312,297.1087951660156,218.9932098388672,0.0013286719331517
tile_r018787_c009315,2,26.85016250610352,-7.357812404632568,107.08558654785156,20.97066116333008,0.0013251864584162
tile_r018787_c009315,2,213.837890625,515.4028930664062,294.27813720703125,524.7999877929688,0.0013251827331259
tile_r018787_c009315,2,374.7943420410156,-6.154953002929688,447.2377014160156,37.04985809326172,0.0013230412732809
tile_r018787_c009315,2,-12.327674865722656,205.6573181152344,0.128672793507576,277.194091796875,0.0013215056387707
tile_r018787_c009315,2,-12.570837020874023,304.6512756347656,-3.930802822113037,361.12255859375,0.0013131708838045
tile_r018787_c009315,2,414.06744384765625,514.76953125,502.2918395996094,524.7999877929688,0.0013100198702886
tile_r018787_c009315,2,58.57188034057617,203.5701904296875,179.345947265625,300.0773620605469,0.0013096699258312
tile_r018787_c009315,2,-1.941650390625,409.9890747070313,36.5899543762207,475.7845764160156,0.0013023670762777
tile_r018787_c009315,2,283.02606201171875,481.8629760742188,324.20166015625,511.6754760742188,0.0012746674474328
tile_r018787_c009315,2,83.99376678466797,518.2930297851562,142.8721466064453,524.7999877929688,0.0012379073305055
tile_r018787_c009315,2,375.5975036621094,342.7567443847656,401.3934020996094,363.8341674804688,0.0012036998523399
tile_r018787_c009315,2,-12.317146301269531,81.80631256103516,-0.0432464592158794,146.53973388671875,0.0012011072831228
tile_r018787_c009315,2,13.036450386047363,515.5481567382812,94.0742645263672,524.7999877929688,0.0012008763151243
tile_r018787_c009315,2,301.24761962890625,94.62345886230467,394.1510314941406,168.8223114013672,0.0011853696778416
tile_r018787_c009315,2,-11.65821361541748,-1.9510619640350344,-0.5434921383857727,48.61811065673828,0.0011848267167806
tile_r018787_c009315,2,136.7711639404297,244.8521423339844,182.03121948242188,293.0008850097656,0.0011833051685243
tile_r018787_c009315,2,-12.254196166992188,403.8864135742188,0.3460693359375,472.3760681152344,0.0011790656717494
tile_r018787_c009315,2,1.4334824085235596,185.0960998535156,37.6348762512207,248.37939453125,0.0011573915835469
tile_r018787_c009315,2,83.33006286621094,503.8307495117188,152.2681427001953,512.6925048828125,0.0011555557139217
tile_r018787_c009315,2,515.8616333007812,182.20477294921875,524.7643432617188,263.27667236328125,0.0011459330562502
tile_r018787_c009315,2,388.8624877929688,1.0710372924804688,422.3174743652344,27.552715301513672,0.00114474107977
tile_r018787_c009315,2,79.0444107055664,502.1478576660156,135.0934295654297,512.6810302734375,0.0011354332091286
tile_r018787_c009315,2,335.6864318847656,-5.832681179046631,388.8648376464844,8.904772758483887,0.0011352109722793
tile_r018787_c009315,2,335.2324523925781,517.7872924804688,395.6448364257813,524.7999877929688,0.0011313834693282
tile_r018787_c009315,2,15.858716011047363,447.08782958984375,121.7284698486328,518.0116577148438,0.0011282750638201
tile_r018787_c009315,2,512.4447021484375,-12.800000190734863,524.45751953125,0.6694244146347046,0.0011238069273531
tile_r018787_c009315,2,226.3234405517578,502.1087951660156,297.84649658203125,512.5726318359375,0.0011206323979422
tile_r018787_c009315,2,-12.1625394821167,164.60433959960938,0.2069458067417144,227.1044006347656,0.0011174866231158
tile_r018787_c009315,2,71.51534271240234,2.3377044200897217,101.7034912109375,28.30353736877441,0.0011151953367516
tile_r018787_c009315,2,420.3972778320313,194.933349609375,508.2662048339844,303.8836364746094,0.0011117560788989
tile_r018787_c009315,2,474.55615234375,517.34814453125,524.6297607421875,524.7999877929688,0.0011114755179733
tile_r018787_c009315,2,269.0386657714844,472.7091674804688,357.36199951171875,514.8917236328125,0.0011102986754849
tile_r018787_c009315,2,353.060791015625,512.131591796875,417.2730102539063,523.6900024414062,0.0011098408140242
tile_r018787_c009315,2,2.467189073562622,177.95095825195312,35.8699951171875,236.9201202392578,0.0011078792158514
tile_r018787_c009315,2,314.034912109375,514.9859619140625,400.5610961914063,524.7999877929688,0.0010908507974818
tile_r018787_c009315,2,-11.999199867248535,12.885305404663086,-1.1246627569198608,69.21159362792969,0.0010802359320223
tile_r018787_c009315,2,300.127197265625,515.79443359375,388.5123596191406,524.7999877929688,0.0010731549700722
tile_r018787_c009315,2,-11.555063247680664,256.566162109375,7.635251045227051,342.6603088378906,0.001069332123734
tile_r018787_c009315,2,-1.375024437904358,264.68829345703125,39.42863845825195,330.32781982421875,0.0010683225700631
tile_r018787_c009315,2,433.6262817382813,187.8179473876953,504.0006713867188,270.3695983886719,0.0010644489666447
tile_r018787_c009315,2,90.78849792480467,295.9374084472656,130.0982208251953,333.8744506835937,0.0010628524469211
tile_r018787_c009315,2,260.63134765625,512.0440673828125,332.36981201171875,521.9493408203125,0.0010615683859214
tile_r018787_c009315,2,-11.84082317352295,313.00592041015625,1.3213012218475342,389.40576171875,0.0010594698833301
tile_r018787_c009315,2,458.5238342285156,515.8411865234375,520.6189575195312,524.6826171875,0.0010477693285793
tile_r018787_c009315,2,-1.1136566400527954,431.7062377929688,35.945579528808594,502.1404418945313,0.0010438353056088
tile_r018787_c009315,2,472.0895080566406,225.03451538085935,519.988525390625,296.861572265625,0.0010426199296489
tile_r018787_c009315,2,348.1571350097656,517.5772705078125,405.5928649902344,524.7999877929688,0.0010397597216069
tile_r018787_c009315,2,205.1877899169922,135.6754913330078,322.7215881347656,283.0401916503906,0.0010338017018511
tile_r018787_c009315,2,485.9470825195313,-7.99005126953125,521.0904541015625,61.564491271972656,0.001028879196383
tile_r018787_c009315,2,74.4214096069336,34.56370162963867,212.6775665283203,157.75753784179688,0.0010221665725111
tile_r018787_c009315,2,290.6319885253906,512.4736328125,354.3346252441406,524.1356201171875,0.0010217099916189
tile_r018787_c009315,2,8.658679008483887,192.9233856201172,51.9754753112793,261.41021728515625,0.0010111950105056
tile_r018787_c009315,2,46.14688873291016,201.67190551757807,89.36061096191406,239.43142700195312,0.0010076026665046
tile_r018787_c009315,2,461.9151306152344,190.2689514160156,522.0680541992188,276.8846130371094,0.0010012343991547
tile_r019043_c008035,2,289.05487060546875,104.7050323486328,343.79150390625,162.1549835205078,0.7203472256660461
tile_r019043_c008035,2,195.7541961669922,281.60028076171875,243.5281219482422,326.66180419921875,0.7100372910499573
tile_r019043_c008035,2,124.30216979980467,12.038660049438477,175.6663360595703,63.88419723510742,0.7099613547325134
tile_r019043_c008035,2,354.48883056640625,325.0721130371094,419.09130859375,384.4002075195313,0.7060446739196777
tile_r019043_c008035,2,438.28515625,350.1400756835937,504.3298950195313,405.48236083984375,0.6867184638977051
tile_r019043_c008035,2,229.02554321289065,119.5098114013672,293.6814880371094,184.6448211669922,0.6823065280914307
tile_r019043_c008035,2,63.12614822387695,99.7255401611328,110.3306121826172,146.492919921875,0.6607234477996826
tile_r019043_c008035,2,434.135986328125,68.05980682373047,487.259033203125,121.6839370727539,0.6495283246040344
tile_r019043_c008035,2,376.7734680175781,452.22894287109375,426.916015625,503.72503662109375,0.6359381079673767
tile_r019043_c008035,2,317.6876525878906,236.3594207763672,361.03717041015625,278.0531616210937,0.6119092106819153
tile_r019043_c008035,2,485.6574096679688,444.98046875,502.4566345214844,463.6092834472656,0.2858090400695801
tile_r019043_c008035,2,198.960693359375,286.0516052246094,239.6740264892578,322.847900390625,0.2821448743343353
tile_r019043_c008035,2,438.9654235839844,73.30410766601562,482.6719665527344,118.4727554321289,0.2292553186416626
tile_r019043_c008035,2,447.5047912597656,354.7483825683594,500.2306518554688,399.47650146484375,0.2160220444202423
tile_r019043_c008035,2,310.6723022460937,231.7123565673828,363.8258361816406,282.2735290527344,0.1857742518186569
tile_r019043_c008035,2,382.0198669433594,457.44873046875,422.9383239746094,500.8312377929688,0.1778026968240738
tile_r019043_c008035,2,361.920654296875,331.103759765625,416.663818359375,379.6642150878906,0.1304638981819152
tile_r019043_c008035,2,483.0039978027344,441.4297790527344,505.1448364257813,464.9209899902344,0.1160434931516647
tile_r019043_c008035,2,313.1778259277344,162.50955200195312,350.42218017578125,198.94900512695312,0.0961029231548309
tile_r019043_c008035,2,323.9042358398437,489.0372009277344,347.5380554199219,509.4989318847656,0.0903701707720756
tile_r019043_c008035,2,281.41949462890625,99.0322265625,347.99041748046875,166.7349395751953,0.0897442623972892
tile_r019043_c008035,2,433.0572204589844,342.4984436035156,510.21875,412.5931701660156,0.0751062482595443
tile_r019043_c008035,2,371.4129943847656,446.2999572753906,431.8490295410156,508.461669921875,0.0750738605856895
tile_r019043_c008035,2,305.6234741210937,159.4567413330078,351.302001953125,202.63119506835935,0.053039439022541
tile_r019043_c008035,2,323.0035400390625,239.2695770263672,358.5703430175781,274.7889099121094,0.0423265993595123
tile_r019043_c008035,2,67.5578384399414,104.6827163696289,106.35182189941406,144.1069793701172,0.0401958860456943
tile_r019043_c008035,2,191.4371032714844,276.4806213378906,250.190185546875,331.89019775390625,0.0379644781351089
tile_r019043_c008035,2,176.42459106445312,112.4221420288086,215.5174102783203,144.3573455810547,0.0327458381652832
tile_r019043_c008035,2,57.70197677612305,92.7603988647461,115.7704086303711,152.8754425048828,0.0211991555988788
tile_r019043_c008035,2,348.3287658691406,314.99371337890625,423.126708984375,388.3942260742188,0.020690644159913
tile_r019043_c008035,2,236.339111328125,126.41682434082033,290.3878479003906,178.8336181640625,0.0189248211681842
tile_r019043_c008035,2,316.26275634765625,166.03768920898438,346.30865478515625,196.7251892089844,0.0145229008048772
tile_r019043_c008035,2,296.5489196777344,150.20895385742188,352.6426696777344,200.5847625732422,0.0125017501413822
tile_r019043_c008035,2,175.54421997070312,109.15721130371094,221.44577026367188,148.09231567382812,0.0122750271111726
tile_r019043_c008035,2,480.7623901367188,439.36376953125,508.78369140625,468.29541015625,0.0112982271239161
tile_r019043_c008035,2,221.56185913085935,106.75398254394533,310.1976013183594,189.3234100341797,0.0099882511422038
tile_r019043_c008035,2,319.44384765625,492.1390686035156,347.80810546875,510.6882934570313,0.0084909135475754
tile_r019043_c008035,2,128.96865844726562,16.9832763671875,169.95303344726562,60.3343505859375,0.0057522617280483
tile_r019043_c008035,2,295.0155639648437,21.170812606811523,317.3465576171875,39.16842651367188,0.0057451860047876
tile_r019043_c008035,2,308.39764404296875,152.75509643554688,357.3753356933594,206.1068115234375,0.0053867157548666
tile_r019043_c008035,2,421.178955078125,55.24285125732422,496.7444763183594,132.37301635742188,0.0049697640351951
tile_r019043_c008035,2,187.06480407714844,269.84478759765625,256.8836364746094,339.4021911621094,0.0048273294232785
tile_r019043_c008035,2,112.4669952392578,-1.952752709388733,187.5654754638672,77.27806091308594,0.0045130993239581
tile_r019043_c008035,2,322.8305053710937,491.7647399902344,343.4585876464844,509.6991271972656,0.0044513479806482
tile_r019043_c008035,2,293.4472045898437,110.2699203491211,338.3888244628906,157.91146850585938,0.0038778712041676
tile_r019043_c008035,2,316.9923400878906,491.4798889160156,382.6080627441406,511.4722595214844,0.0038501569069921
tile_r019043_c008035,2,304.291259765625,222.90267944335935,370.736572265625,289.83697509765625,0.0035925013944506
tile_r019043_c008035,2,423.6634826660156,294.35943603515625,442.2022399902344,310.8236083984375,0.0034165419638156
tile_r019043_c008035,2,-11.907224655151367,470.93505859375,-1.241886854171753,518.0946044921875,0.0032983752898871
tile_r019043_c008035,2,184.8248291015625,117.89100646972656,212.6839141845703,142.91786193847656,0.0032741196919232
tile_r019043_c008035,2,117.71794128417967,502.3741149902344,169.7101287841797,512.8815307617188,0.0025200729724019
tile_r019043_c008035,2,-11.8478422164917,481.5560607910156,2.4010651111602783,524.7999877929688,0.0024223779328167
tile_r019043_c008035,2,337.50634765625,497.8135681152344,403.9710998535156,512.1804809570312,0.0023778262548148
tile_r019043_c008035,2,15.112414360046388,515.1151733398438,90.9269561767578,524.7999877929688,0.0023241152521222
tile_r019043_c008035,2,179.5739288330078,115.8414535522461,210.148681640625,142.00912475585938,0.002247370313853
tile_r019043_c008035,2,236.3573760986328,514.91845703125,317.094482421875,524.7999877929688,0.0021954190451651
tile_r019043_c008035,2,116.6953125,515.0316162109375,196.95187377929688,524.6697387695312,0.0021834226790815
tile_r019043_c008035,2,296.9129943847656,498.820556640625,353.85601806640625,512.5074462890625,0.0020736795850098
tile_r019043_c008035,2,240.67056274414065,511.3963928222656,308.4217224121094,520.9157104492188,0.0020115871448069
tile_r019043_c008035,2,27.45052528381348,515.5194091796875,102.0059051513672,524.7999877929688,0.0019570961594581
tile_r019043_c008035,2,285.292724609375,145.9690399169922,362.7378540039063,206.19363403320312,0.0019051743438467
tile_r019043_c008035,2,177.88906860351562,515.1920776367188,259.404541015625,524.7999877929688,0.0018716386985033
tile_r019043_c008035,2,211.05355834960935,514.6953125,294.8492736816406,524.7999877929688,0.0018473204690963
tile_r019043_c008035,2,275.2562866210937,515.0824584960938,359.3388061523437,524.7999877929688,0.0018318552756682
tile_r019043_c008035,2,38.57170486450195,515.9071655273438,113.20661926269533,524.7999877929688,0.0018210504204034
tile_r019043_c008035,2,-12.14541721343994,427.2972106933594,-0.9902175664901732,492.2931213378906,0.0017750052502378
tile_r019043_c008035,2,436.2687072753906,232.00375366210935,467.081298828125,264.864501953125,0.0017727889353409
tile_r019043_c008035,2,-12.065855026245115,404.8070373535156,-1.257624864578247,469.6507873535156,0.0017453831387683
tile_r019043_c008035,2,117.7835922241211,505.435302734375,184.0682830810547,512.8114624023438,0.0017367448890581
tile_r019043_c008035,2,117.7616729736328,518.0689697265625,175.376220703125,524.7999877929688,0.0016952075529843
tile_r019043_c008035,2,243.420166015625,517.7859497070312,303.5995178222656,524.7999877929688,0.0016918812179937
tile_r019043_c008035,2,-11.917440414428713,393.9305114746094,-1.3349822759628296,456.6844177246094,0.0016251659253612
tile_r019043_c008035,2,170.37161254882812,100.503662109375,224.8631591796875,149.7552032470703,0.0015820271801203
tile_r019043_c008035,2,387.9377136230469,514.4773559570312,469.9478454589844,524.7999877929688,0.0015512590762227
tile_r019043_c008035,2,309.4345092773437,498.91455078125,378.5235900878906,523.5540161132812,0.0014704570639878
tile_r019043_c008035,2,49.5072135925293,516.3320922851562,124.9252700805664,524.7999877929688,0.0014603997115045
tile_r019043_c008035,2,-12.136762619018556,439.7183227539063,-0.9656723141670228,515.5282592773438,0.001450058305636
tile_r019043_c008035,2,262.04791259765625,516.1539306640625,342.92681884765625,524.7999877929688,0.0014233867404982
tile_r019043_c008035,2,514.16845703125,196.1435546875,524.7967529296875,270.3135681152344,0.0014093581121414
tile_r019043_c008035,2,345.4750061035156,515.6111450195312,420.9267578125,524.7999877929688,0.0014033380430191
tile_r019043_c008035,2,194.1011657714844,99.36604309082033,249.3800811767578,187.5362091064453,0.0013881584163755
tile_r019043_c008035,2,482.7816467285156,31.989709854125977,520.7822265625,103.67081451416016,0.0013874241849407
tile_r019043_c008035,2,362.3462829589844,507.5643615722656,447.3025512695313,524.7999877929688,0.001379179302603
tile_r019043_c008035,2,123.2256088256836,515.8045654296875,210.79959106445312,524.7999877929688,0.001363611780107
tile_r019043_c008035,2,353.07867431640625,511.4410095214844,435.3840942382813,524.7999877929688,0.0013462346978485
tile_r019043_c008035,2,483.2144470214844,446.1744995117188,499.8976440429688,463.5419006347656,0.0013425855431705
tile_r019043_c008035,2,45.61982345581055,74.39851379394531,131.48974609375,165.46841430664062,0.0013172556646168
tile_r019043_c008035,2,403.3500061035156,514.6696166992188,484.1626892089844,524.7293701171875,0.0013108940329402
tile_r019043_c008035,2,231.5897521972656,517.417724609375,294.34014892578125,524.7999877929688,0.0012964352499693
tile_r019043_c008035,2,-11.679959297180176,383.2790222167969,-0.9194656610488892,445.0995178222656,0.0012960432795807
tile_r019043_c008035,2,118.66573333740234,511.4059143066406,173.99383544921875,518.602783203125,0.0012799187097698
tile_r019043_c008035,2,514.0321044921875,177.18063354492188,524.7999877929688,248.8238067626953,0.0012567394878715
tile_r019043_c008035,2,372.7282104492188,510.5713806152344,458.3983459472656,524.7999877929688,0.0012514037080109
tile_r019043_c008035,2,385.6271667480469,511.9803161621094,459.2923889160156,518.965087890625,0.0012361406115815
tile_r019043_c008035,2,183.19857788085935,101.0207748413086,245.64126586914065,170.8135528564453,0.0012157381279394
tile_r019043_c008035,2,149.89877319335938,515.41064453125,236.1007843017578,524.7999877929688,0.001213364303112
tile_r019043_c008035,2,173.70535278320312,279.98193359375,218.52273559570312,350.4638671875,0.0012054961407557
tile_r019043_c008035,2,111.6356201171875,511.99847412109375,172.4561309814453,521.844970703125,0.0011873438488692
tile_r019043_c008035,2,-11.473474502563477,372.8068237304688,-0.902203381061554,433.3255920410156,0.0011751810088753
tile_r019043_c008035,2,249.42739868164065,515.7845458984375,328.71746826171875,524.7999877929688,0.0011691026156768
tile_r019043_c008035,2,124.95783996582033,512.88916015625,185.8470458984375,523.9381713867188,0.0011459575034677
tile_r019043_c008035,2,172.4439697265625,101.7438507080078,238.10031127929688,158.74722290039062,0.0011442548129707
tile_r019043_c008035,2,293.01763916015625,502.7029418945313,367.672119140625,523.9622802734375,0.0011429154546931
tile_r019043_c008035,2,513.9909057617188,166.78622436523438,524.7999877929688,235.0427703857422,0.0011410035658627
tile_r019043_c008035,2,3.656274318695069,83.9867172241211,112.8488998413086,212.4574279785156,0.001136431004852
tile_r019043_c008035,2,510.4430541992188,-12.800000190734863,524.4918823242188,0.5450592041015625,0.0011364276288077
tile_r019043_c008035,2,452.6332092285156,334.8273010253906,514.7047729492188,406.4602966308594,0.0011328496038913
tile_r019043_c008035,2,89.58097839355469,515.09765625,167.4186248779297,524.7999877929688,0.0011295952135697
tile_r019043_c008035,2,182.15579223632807,517.5999145507812,239.2842254638672,524.7999877929688,0.0011277421144768
tile_r019043_c008035,2,11.905468940734863,505.2776489257813,82.0639419555664,512.36083984375,0.0011185990879312
tile_r019043_c008035,2,411.234619140625,339.71392822265625,450.925537109375,406.4652404785156,0.0011120627168565
tile_r019043_c008035,2,291.5079650878906,5.589219570159912,325.5569763183594,40.83095550537109,0.0010994755430147
tile_r019043_c008035,2,458.3353576660156,354.94610595703125,494.6622924804688,383.177734375,0.0010849020909518
tile_r019043_c008035,2,486.7345581054688,60.95075607299805,521.8766479492188,133.06051635742188,0.0010764345061033
tile_r019043_c008035,2,341.28790283203125,213.17593383789065,387.1692504882813,268.54217529296875,0.0010724175954237
tile_r019043_c008035,2,294.53564453125,15.734106063842772,318.95428466796875,38.17792892456055,0.0010681103449314
tile_r019043_c008035,2,322.95318603515625,213.2862243652344,393.393798828125,279.4017028808594,0.0010659274412319
tile_r019043_c008035,2,481.5245056152344,432.3003845214844,511.8658142089844,469.5042114257813,0.0010644545545801
tile_r019043_c008035,2,163.52835083007812,101.4445571899414,229.07211303710935,168.26687622070312,0.0010547854471951
tile_r019043_c008035,2,242.7950897216797,506.38916015625,301.7998352050781,512.8963623046875,0.001047111232765
tile_r019043_c008035,2,-0.7336807250976562,381.7521362304688,32.09868240356445,437.0439453125,0.0010465227533131
tile_r019043_c008035,2,515.471923828125,343.6039123535156,524.6285400390625,418.4422912597656,0.0010428592795506
tile_r019043_c008035,2,274.74005126953125,87.0495376586914,359.8432006835937,172.7168731689453,0.001037229434587
tile_r019043_c008035,2,477.0528259277344,512.0103759765625,524.7999877929688,522.1522216796875,0.0010303392773494
tile_r019043_c008035,2,121.94319152832033,502.94091796875,151.50613403320312,512.63720703125,0.0010285435710102
tile_r019043_c008035,2,156.44088745117188,78.06790161132812,226.4154815673828,178.9954376220703,0.0010208407184109
tile_r019043_c008035,2,299.9375,132.1379852294922,363.2701110839844,206.6573486328125,0.0010166972642764
tile_r019043_c008035,2,468.5574340820313,430.8258666992188,512.1712646484375,472.7936401367188,0.0010165185667574
tile_r019043_c008035,2,317.0927124023437,511.1943359375,392.548095703125,518.7467041015625,0.0010115192271769
tile_r019043_c008035,2,313.8644714355469,510.0863342285156,382.5902099609375,516.0823974609375,0.0010000326437875
tile_r019043_c008291,2,31.178930282592773,102.71266174316406,88.21763610839844,163.48733520507812,0.7263274788856506
tile_r019043_c008291,2,98.5813217163086,325.2149658203125,162.90380859375,384.2384643554688,0.7037480473518372
tile_r019043_c008291,2,182.62139892578125,350.4291076660156,246.6906280517578,404.6688537597656,0.6723803877830505
tile_r019043_c008291,2,178.47056579589844,68.00114440917969,231.27261352539065,121.4870834350586,0.6406987905502319
tile_r019043_c008291,2,120.9336929321289,452.38958740234375,170.7274169921875,503.56451416015625,0.6320858001708984
tile_r019043_c008291,2,58.07291412353516,234.80419921875,104.88307189941406,278.57000732421875,0.6130772829055786
tile_r019043_c008291,2,-0.0644592270255088,125.3788604736328,37.21761322021485,183.00784301757807,0.57149738073349
tile_r019043_c008291,2,229.7353057861328,445.7869262695313,246.23193359375,462.8990173339844,0.2477059066295623
tile_r019043_c008291,2,183.17091369628903,73.38053131103516,226.4911193847656,118.23619079589844,0.2250764667987823
tile_r019043_c008291,2,191.9208984375,354.6831970214844,243.9763641357422,399.0198364257813,0.2101667374372482
tile_r019043_c008291,2,479.9913635253906,140.86282348632812,514.1978149414062,182.9191131591797,0.2009487301111221
tile_r019043_c008291,2,246.4981384277344,434.5525512695313,275.06719970703125,465.5693359375,0.1975527852773666
tile_r019043_c008291,2,126.11617279052734,457.5179748535156,166.79959106445312,500.7199096679688,0.1728215962648391
tile_r019043_c008291,2,382.73046875,-0.5944732427597046,425.3151245117188,31.87399673461914,0.1550832241773605
tile_r019043_c008291,2,57.397216796875,162.4132843017578,94.17228698730467,198.74951171875,0.1367972046136856
tile_r019043_c008291,2,106.0130615234375,331.246337890625,160.5633087158203,379.504150390625,0.1258609592914581
tile_r019043_c008291,2,68.28462219238281,489.63916015625,91.11702728271484,509.0965881347656,0.0859279409050941
tile_r019043_c008291,2,227.6223602294922,441.14697265625,248.8746032714844,465.2879943847656,0.075333297252655
tile_r019043_c008291,2,115.88435363769533,446.3548889160156,175.43161010742188,508.3060607910156,0.0736239403486251
tile_r019043_c008291,2,177.3191680908203,343.2110290527344,251.5962677001953,411.314697265625,0.0723040997982025
tile_r019043_c008291,2,37.02278900146485,110.1119613647461,84.2956314086914,159.89486694335938,0.0552717000246048
tile_r019043_c008291,2,50.8349838256836,159.0582275390625,95.60880279541016,202.3192443847656,0.0536066554486751
tile_r019043_c008291,2,53.260719299316406,230.1981506347656,109.2264175415039,284.0785217285156,0.0523175038397312
tile_r019043_c008291,2,67.89762115478516,241.4863739013672,101.7001953125,274.939697265625,0.0389974750578403
tile_r019043_c008291,2,386.9812316894531,1.735815405845642,419.6099548339844,30.206762313842773,0.0364073738455772
tile_r019043_c008291,2,484.3878784179688,145.23440551757812,512.6156005859375,180.22560119628903,0.0205863546580076
tile_r019043_c008291,2,250.9681701660156,440.060546875,275.834228515625,465.5332946777344,0.0204003136605024
tile_r019043_c008291,2,60.498313903808594,166.1389617919922,90.27452087402344,196.5883331298828,0.0203612856566905
tile_r019043_c008291,2,-0.389453113079071,124.5082778930664,30.1610107421875,167.2688446044922,0.0179078001528978
tile_r019043_c008291,2,92.2219696044922,314.8586730957031,166.76919555664062,388.1530456542969,0.0164689552038908
tile_r019043_c008291,2,42.134033203125,150.28903198242188,96.70794677734376,199.89926147460935,0.0120441755279898
tile_r019043_c008291,2,0.1083282455801963,128.40614318847656,22.95727157592773,179.01393127441406,0.0117639200761914
tile_r019043_c008291,2,39.5345344543457,21.578283309936523,60.92839431762695,38.919464111328125,0.0116965100169181
tile_r019043_c008291,2,-10.427783012390137,112.3707504272461,31.089330673217773,187.27279663085935,0.0107904085889458
tile_r019043_c008291,2,231.2489013671875,443.555908203125,251.5266876220703,463.85491943359375,0.0105792498216032
tile_r019043_c008291,2,378.3613586425781,-2.9659087657928467,433.0062561035156,38.38424301147461,0.0096152946352958
tile_r019043_c008291,2,-0.9481750726699828,4.752429008483887,30.123083114624023,63.70467376708984,0.0092241400852799
tile_r019043_c008291,2,64.24591064453125,492.330322265625,89.27230072021484,510.4923400878906,0.0085715474560856
tile_r019043_c008291,2,474.45556640625,126.3375015258789,518.88525390625,189.5920867919922,0.0082607930526137
tile_r019043_c008291,2,64.52896881103516,487.8580932617188,91.86370849609376,511.3583068847656,0.0081068323925137
tile_r019043_c008291,2,224.6943359375,438.7335815429688,253.2769470214844,468.1863403320313,0.0079547520726919
tile_r019043_c008291,2,228.6271209716797,433.587890625,265.6010131835937,466.9341735839844,0.0056938626803457
tile_r019043_c008291,2,0.8048843145370483,134.91720581054688,32.38421630859375,178.5269775390625,0.0051227882504463
tile_r019043_c008291,2,-10.968304634094238,103.0699234008789,15.307073593139648,175.32046508789062,0.0050912513397634
tile_r019043_c008291,2,234.3093719482422,432.6334533691406,272.3802185058594,467.856689453125,0.0049920445308089
tile_r019043_c008291,2,250.75796508789065,367.361572265625,272.8516540527344,388.6634216308594,0.0046823690645396
tile_r019043_c008291,2,25.39984130859375,92.5595474243164,96.62255859375,167.6818389892578,0.0046267812140285
tile_r019043_c008291,2,61.52910232543945,491.56744384765625,125.1864013671875,511.276123046875,0.0038153438363224
tile_r019043_c008291,2,391.8010864257813,60.00479888916016,418.6803588867188,85.24681091308594,0.0036941410508006
tile_r019043_c008291,2,-0.4790100157260895,126.4488296508789,20.603160858154297,160.75698852539062,0.0036656220909208
tile_r019043_c008291,2,47.8828010559082,224.1426239013672,115.0189437866211,290.102783203125,0.0036454810760915
tile_r019043_c008291,2,-0.259002685546875,142.9302520751953,27.216289520263672,182.49093627929688,0.0036169136874377
tile_r019043_c008291,2,241.91714477539065,430.0103454589844,277.989501953125,469.1614379882813,0.0035638529807329
tile_r019043_c008291,2,327.21173095703125,173.4535675048828,377.06390380859375,219.3544464111328,0.0035457634367048
tile_r019043_c008291,2,222.00473022460935,435.5093688964844,247.9590301513672,467.8837890625,0.0034153729211539
tile_r019043_c008291,2,-2.931807041168213,0.238372802734375,31.377422332763672,52.4548454284668,0.0032299489248543
tile_r019043_c008291,2,-11.95545482635498,285.9483947753906,-0.7807540893554688,350.7675170898437,0.0031742546707391
tile_r019043_c008291,2,-11.761241912841797,37.64512634277344,-1.873681664466858,107.87650299072266,0.00313679757528
tile_r019043_c008291,2,165.07264709472656,54.19416046142578,242.1587829589844,132.7102813720703,0.0030673234723508
tile_r019043_c008291,2,522.1656494140625,136.3902587890625,524.33984375,200.7896728515625,0.0029554849024862
tile_r019043_c008291,2,167.97549438476562,294.5609436035156,185.82687377929688,310.4779357910156,0.0029489344451576
tile_r019043_c008291,2,41.65338134765625,498.3204956054688,96.80010986328124,512.2937622070312,0.0026728967204689
tile_r019043_c008291,2,-11.70310401916504,24.87896728515625,-1.1494262218475342,95.8994598388672,0.0026656636036932
tile_r019043_c008291,2,0.8648834228515625,14.206253051757812,23.820850372314453,65.61763000488281,0.0025629873853176
tile_r019043_c008291,2,60.6538314819336,238.5945281982422,99.07893371582033,275.3623046875,0.0024343682453036
tile_r019043_c008291,2,384.0402526855469,0.3961105346679687,413.521484375,28.724395751953125,0.0024206328671425
tile_r019043_c008291,2,507.9827575683594,114.7262954711914,524.1910400390625,192.81283569335935,0.002350109629333
tile_r019043_c008291,2,-11.681360244750977,212.7733459472656,-0.789904773235321,276.69500732421875,0.0023016601335257
tile_r019043_c008291,2,1.0974289178848269,209.6344757080078,29.280925750732425,254.0142517089844,0.0023015749175101
tile_r019043_c008291,2,-0.4597534239292145,211.9389190673828,31.444616317749023,264.1837463378906,0.0022476450540125
tile_r019043_c008291,2,229.26315307617188,513.8507080078125,308.2705383300781,524.5330810546875,0.0021844275761395
tile_r019043_c008291,2,82.77945709228516,496.97845458984375,147.69602966308594,512.0164794921875,0.0021404842846095
tile_r019043_c008291,2,377.0714721679688,-5.079907417297363,445.4560546875,28.756872177124023,0.002066179877147
tile_r019043_c008291,2,323.51104736328125,515.08935546875,402.3757934570313,524.6463623046875,0.0020177825354039
tile_r019043_c008291,2,242.1271514892578,514.4025268554688,319.81689453125,524.7575073242188,0.0020102092530578
tile_r019043_c008291,2,392.7548828125,61.373291015625,412.63818359375,81.7467041015625,0.0019512519938871
tile_r019043_c008291,2,401.2355346679688,365.16015625,429.8796997070313,393.8146057128906,0.0018975430866703
tile_r019043_c008291,2,-12.035001754760742,247.5211944580078,-0.6595428586006165,313.93475341796875,0.0018706198316067
tile_r019043_c008291,2,-12.010622024536133,258.66552734375,-0.4293746948242187,330.6465759277344,0.0018499020952731
tile_r019043_c008291,2,226.0429229736328,442.6351623535156,245.3573760986328,461.2500915527344,0.0018239964265376
tile_r019043_c008291,2,493.25238037109375,253.1218719482422,518.8827514648438,332.08404541015625,0.0017918572993949
tile_r019043_c008291,2,-4.204278469085693,158.06163024902344,42.05780029296875,226.3635711669922,0.0017641253070905
tile_r019043_c008291,2,-3.614575147628784,74.4239501953125,42.42352294921875,141.3721466064453,0.0017567947506904
tile_r019043_c008291,2,-11.812861442565918,60.935325622558594,-2.150346279144287,126.8896255493164,0.0017506409203633
tile_r019043_c008291,2,-12.014975547790527,234.02865600585935,-0.7955322265625,301.8603515625,0.0017142433207482
tile_r019043_c008291,2,521.8583374023438,287.1448974609375,524.2642211914062,353.7939758300781,0.0017070627072826
tile_r019043_c008291,2,343.56890869140625,515.1033935546875,424.9695434570313,524.7999877929688,0.0017047702567651
tile_r019043_c008291,2,-10.24988079071045,126.4621124267578,26.36398696899414,193.13961791992188,0.0016989511204883
tile_r019043_c008291,2,-11.592684745788574,10.395474433898926,-0.8470824956893921,71.69454193115234,0.0016690912889316
tile_r019043_c008291,2,470.1233825683594,124.9614486694336,521.7924194335938,209.0073699951172,0.0016549691790714
tile_r019043_c008291,2,-7.286523342132568,0.4947631955146789,25.138507843017575,69.8777847290039,0.0016493408475071
tile_r019043_c008291,2,239.2212677001953,365.1520080566406,274.8628234863281,399.8907775878906,0.0016270106425508
tile_r019043_c008291,2,250.0799865722656,437.1871948242188,269.9715881347656,462.8318481445313,0.001614878536202
tile_r019043_c008291,2,252.8013610839844,514.9894409179688,333.4331970214844,524.7999877929688,0.0015972089022397
tile_r019043_c008291,2,-0.0755302459001541,141.95069885253906,19.32637405395508,182.88314819335935,0.0015878621488809
tile_r019043_c008291,2,-2.778643846511841,18.882701873779297,36.71038055419922,89.66520690917969,0.00157169054728
tile_r019043_c008291,2,132.56961059570312,514.6165771484375,214.5351104736328,524.7999877929688,0.0015437809051945
tile_r019043_c008291,2,365.11376953125,515.3394775390625,449.32275390625,524.7999877929688,0.0015387557214125
tile_r019043_c008291,2,343.3702087402344,517.7024536132812,398.1593322753906,524.7999877929688,0.0015191416023299
tile_r019043_c008291,2,19.720712661743164,514.8741455078125,102.40049743652344,524.7999877929688,0.0014987769536674
tile_r019043_c008291,2,-12.565020561218262,134.733642578125,-4.501548767089844,197.0182647705078,0.0014410595176741
tile_r019043_c008291,2,147.8507080078125,514.75537109375,228.39254760742188,524.6405029296875,0.0014061607653275
tile_r019043_c008291,2,309.2557067871094,515.3328857421875,389.98583984375,524.7364501953125,0.0013955754693597
tile_r019043_c008291,2,-2.021170139312744,217.14938354492188,35.10353088378906,278.60699462890625,0.0013621982652693
tile_r019043_c008291,2,-2.407537937164306,44.20512771606445,36.409942626953125,106.07325744628906,0.0013525814283639
tile_r019043_c008291,2,240.67404174804688,353.45037841796875,276.44256591796875,394.3595581054688,0.001329917111434
tile_r019043_c008291,2,106.6911392211914,507.3464965820313,191.1608123779297,524.7999877929688,0.0013264295412227
tile_r019043_c008291,2,331.0495300292969,517.9945068359375,388.0902099609375,524.7999877929688,0.0013053779257461
tile_r019043_c008291,2,511.7208862304688,143.11767578125,520.3785400390625,189.6650848388672,0.001302131335251
tile_r019043_c008291,2,522.25927734375,295.4823303222656,524.2835083007812,356.956787109375,0.0012847534380853
tile_r019043_c008291,2,514.6780395507812,270.3468322753906,524.6339721679688,339.6863708496094,0.0012822174467146
tile_r019043_c008291,2,97.7294464111328,511.0499877929688,178.85604858398438,524.7999877929688,0.0012721385573968
tile_r019043_c008291,2,403.14892578125,515.8866577148438,489.4790954589844,524.7999877929688,0.001261944649741
tile_r019043_c008291,2,90.4438018798828,515.5781860351562,164.3983917236328,524.7999877929688,0.0012513191904872
tile_r019043_c008291,2,484.43267822265625,237.4097137451172,520.4483032226562,333.9500427246094,0.001244887127541
tile_r019043_c008291,2,514.0934448242188,197.0373077392578,524.7999877929688,269.156494140625,0.001241939375177
tile_r019043_c008291,2,-2.3193633556365967,58.15029144287109,37.76205062866211,121.653076171875,0.0012414320372045
tile_r019043_c008291,2,522.4473266601562,148.9026641845703,524.3490600585938,207.66796875,0.0012409578775987
tile_r019043_c008291,2,364.276611328125,-5.266308784484863,432.3038635253906,44.45615768432617,0.0012355020735412
tile_r019043_c008291,2,130.5611572265625,511.9918518066406,203.0970916748047,518.8702392578125,0.001233851420693
tile_r019043_c008291,2,54.48847579956055,497.51763916015625,121.1111297607422,523.3096923828125,0.00123380147852
tile_r019043_c008291,2,328.14654541015625,511.9960021972656,394.5191040039063,522.7194213867188,0.0012324072886258
tile_r019043_c008291,2,1.70977783203125,223.1137237548828,23.93731689453125,258.8263244628906,0.0012240584474056
tile_r019043_c008291,2,184.60678100585935,341.4960021972656,267.59844970703125,408.1432189941406,0.0012071063974872
tile_r019043_c008291,2,117.11286926269533,510.5534057617188,202.5252685546875,524.7999877929688,0.0011972875799983
tile_r019043_c008291,2,351.1483764648437,-6.264117240905762,430.8226623535156,24.04252243041992,0.0011963978176936
tile_r019043_c008291,2,-8.987378120422363,116.1079330444336,47.48909378051758,190.2994384765625,0.0011912720510736
tile_r019043_c008291,2,485.7577209472656,132.74789428710938,524.4239501953125,191.1273498535156,0.0011856711935251
tile_r019043_c008291,2,202.3734893798828,354.8975524902344,238.77133178710935,382.8903198242188,0.0011788915144279
tile_r019043_c008291,2,386.8232116699219,3.848602294921875,411.6693420410156,27.053442001342773,0.0011613672832027
tile_r019043_c008291,2,36.27684020996094,8.309423446655273,67.06976318359375,40.4041748046875,0.001158021739684
tile_r019043_c008291,2,418.25537109375,518.2479248046875,473.9722595214844,524.7999877929688,0.001149661373347
tile_r019043_c008291,2,516.5571899414062,123.7556610107422,524.7999877929688,214.9753875732422,0.0011341085191816
tile_r019043_c008291,2,-0.8197982907295227,269.0443420410156,31.458471298217773,327.36279296875,0.0011309286346659
tile_r019043_c008291,2,-11.48747730255127,191.21463012695312,-1.138336181640625,261.0697631835937,0.0011097081005573
tile_r019043_c008291,2,-0.6057403683662415,277.1485900878906,31.304378509521484,340.302978515625,0.0010830619139596
tile_r019043_c008291,2,440.9867248535156,100.9752197265625,520.052734375,187.8455352783203,0.0010781597811728
tile_r019043_c008291,2,154.34896850585938,339.905029296875,194.4224090576172,405.837158203125,0.0010687592439353
tile_r019043_c008291,2,262.7470397949219,515.4439697265625,347.7537841796875,524.7999877929688,0.0010659944964572
tile_r019043_c008291,2,-0.6665481328964233,-1.748998999595642,41.69425582885742,70.98628997802734,0.0010591914178803
tile_r019043_c008291,2,514.1961669921875,182.5799865722656,524.7999877929688,257.89569091796875,0.001057683955878
tile_r019043_c008291,2,161.726806640625,514.7515869140625,244.6682586669922,524.7999877929688,0.0010537765920162
tile_r019043_c008291,2,-12.572195053100586,126.4496612548828,-4.618531703948975,179.94161987304688,0.0010515202302485
tile_r019043_c008291,2,85.7108383178711,212.5971221923828,131.05892944335938,268.31591796875,0.001019288203679
tile_r019043_c008291,2,514.52978515625,216.5215759277344,524.7999877929688,295.001708984375,0.0010107239941135
tile_r019043_c008291,2,58.608863830566406,510.16705322265625,125.3817138671875,515.6797485351562,0.0010083406232297
tile_r019043_c008291,2,512.037841796875,-12.800000190734863,524.5049438476562,-0.5538116693496704,0.001001356402412
tile_r019043_c008291,2,328.85064697265625,506.3289184570313,390.03118896484375,512.7442626953125,0.0010002608178183
tile_r019043_c008547,2,297.42584228515625,338.58935546875,343.7027893066406,381.0243225097656,0.7147661447525024
tile_r019043_c008547,2,263.227294921875,36.54808807373047,315.90350341796875,88.06398010253906,0.6670098304748535
tile_r019043_c008547,2,405.3011169433594,27.2158317565918,456.578857421875,79.8158187866211,0.6652637720108032
tile_r019043_c008547,2,239.12252807617188,216.5647430419922,328.6120300292969,318.2456970214844,0.630826473236084
tile_r019043_c008547,2,310.81610107421875,99.9257354736328,364.8336486816406,154.30972290039062,0.6230520009994507
tile_r019043_c008547,2,378.2737426757813,269.61138916015625,451.3182678222656,353.04888916015625,0.5800164341926575
tile_r019043_c008547,2,431.57708740234375,418.7503051757813,467.973876953125,451.0625915527344,0.371925801038742
tile_r019043_c008547,2,223.31106567382807,142.78543090820312,266.1496276855469,182.60910034179688,0.1639621406793594
tile_r019043_c008547,2,394.7368774414063,298.32012939453125,443.2630310058594,350.3664855957031,0.1423884034156799
tile_r019043_c008547,2,0.269274890422821,435.7583923339844,20.864063262939453,466.4136657714844,0.11708515137434
tile_r019043_c008547,2,292.9980163574219,333.4130859375,348.2961730957031,385.7303161621094,0.111728511750698
tile_r019043_c008547,2,126.54280853271484,-0.6176360845565796,170.60916137695312,31.503591537475582,0.1107562333345413
tile_r019043_c008547,2,411.1924743652344,33.220436096191406,452.5526428222656,78.80619049072266,0.1019405797123909
tile_r019043_c008547,2,257.14892578125,30.68423080444336,319.5865173339844,92.8995361328125,0.0952877625823021
tile_r019043_c008547,2,494.764404296875,213.9359893798828,515.1778564453125,257.96563720703125,0.0780456289649009
tile_r019043_c008547,2,316.8709411621094,106.20262145996094,361.351806640625,151.10574340820312,0.0522783212363719
tile_r019043_c008547,2,399.9916076660156,22.19894790649414,460.6961059570313,85.8612289428711,0.0394541099667549
tile_r019043_c008547,2,244.3493194580078,218.07748413085935,325.8609313964844,285.1353454589844,0.0314739271998405
tile_r019043_c008547,2,0.0716155990958213,362.8765563964844,18.844188690185547,388.8280334472656,0.0263567231595516
tile_r019043_c008547,2,246.1556701660156,233.47933959960935,318.84149169921875,314.510009765625,0.0239006020128726
tile_r019043_c008547,2,302.78619384765625,89.8161392211914,370.32135009765625,160.22412109375,0.0236275531351566
tile_r019043_c008547,2,130.88247680664062,1.716241478919983,164.1690673828125,30.11820602416992,0.0217005871236324
tile_r019043_c008547,2,487.6454162597656,209.84524536132807,515.4065551757812,264.5408935546875,0.0187113638967275
tile_r019043_c008547,2,2.854779005050659,440.8926696777344,21.8215274810791,467.1754760742188,0.0184974446892738
tile_r019043_c008547,2,227.1934509277344,146.0718231201172,261.80865478515625,179.7639617919922,0.0178575590252876
tile_r019043_c008547,2,434.4239807128906,423.5519409179688,463.4019165039063,448.6994018554688,0.0168118420988321
tile_r019043_c008547,2,270.2992248535156,43.4006462097168,313.42694091796875,85.2410888671875,0.0154335694387555
tile_r019043_c008547,2,407.8384704589844,378.7805786132813,456.0578002929688,414.6587829589844,0.015100841410458
tile_r019043_c008547,2,367.4102783203125,258.89276123046875,460.5042114257813,360.6681518554688,0.013828657567501
tile_r019043_c008547,2,1.1858642101287842,359.5453491210937,22.15213966369629,389.9566040039063,0.0129757905378937
tile_r019043_c008547,2,265.8593139648437,226.3661193847656,311.8753356933594,273.4228515625,0.0108313402161002
tile_r019043_c008547,2,376.0809020996094,267.3599548339844,445.54010009765625,330.37139892578125,0.0081342021003365
tile_r019043_c008547,2,122.0705108642578,-2.861651659011841,178.79443359375,38.98719024658203,0.0080847349017858
tile_r019043_c008547,2,497.67578125,222.537841796875,514.26171875,249.0112762451172,0.0055380552075803
tile_r019043_c008547,2,247.9630584716797,264.156982421875,295.71417236328125,313.3700561523437,0.0054323426447808
tile_r019043_c008547,2,-10.121663093566896,424.8809509277344,-0.6864181756973267,473.5450134277344,0.0053881593048572
tile_r019043_c008547,2,394.8228454589844,15.49755859375,467.8399353027344,92.0513916015625,0.0053448677062988
tile_r019043_c008547,2,246.97006225585935,247.6388702392578,307.093994140625,313.67840576171875,0.0051227156072855
tile_r019043_c008547,2,512.2744140625,196.9586944580078,524.4156494140625,269.26123046875,0.0050658443942666
tile_r019043_c008547,2,218.019287109375,129.1554412841797,277.0472106933594,188.5357208251953,0.0050648213364183
tile_r019043_c008547,2,1.237823486328125,431.7417907714844,26.481170654296875,470.21630859375,0.0048425616696476
tile_r019043_c008547,2,426.5662231445313,410.0868225097656,474.0547790527344,454.8594665527344,0.0047931740991771
tile_r019043_c008547,2,441.13323974609375,421.9841918945313,467.56439208984375,447.3820190429688,0.0047809430398046
tile_r019043_c008547,2,522.4296875,202.5894012451172,524.4508056640625,273.59478759765625,0.0046600243076682
tile_r019043_c008547,2,135.7655792236328,60.09283447265625,162.4990692138672,85.1352310180664,0.0046109505929052
tile_r019043_c008547,2,397.732666015625,314.8934631347656,520.784912109375,425.3987426757813,0.0045763053931295
tile_r019043_c008547,2,70.9482650756836,173.50338745117188,121.02131652832033,219.5914306640625,0.0044092903845012
tile_r019043_c008547,2,497.2928771972656,222.7545928955078,513.3714599609375,261.32940673828125,0.0041867783293128
tile_r019043_c008547,2,414.7671813964844,386.8673706054688,453.416015625,413.7527465820313,0.0039745988324284
tile_r019043_c008547,2,229.2384796142578,207.0574188232422,338.16961669921875,327.55255126953125,0.0039727734401822
tile_r019043_c008547,2,246.034423828125,306.5838928222656,274.9021911621094,330.8443298339844,0.0039002541452646
tile_r019043_c008547,2,482.8196411132813,206.6670379638672,519.0021362304688,277.687744140625,0.0038744672201573
tile_r019043_c008547,2,386.018798828125,301.7191467285156,503.8494567871094,415.32464599609375,0.0038015332538634
tile_r019043_c008547,2,521.87060546875,199.10107421875,524.7181396484375,266.49200439453125,0.0037433018442243
tile_r019043_c008547,2,145.2947998046875,365.0833435058594,173.789306640625,393.78216552734375,0.0036467353347688
tile_r019043_c008547,2,-10.788289070129396,429.0709838867188,0.897479236125946,480.0465698242188,0.0028433327097445
tile_r019043_c008547,2,247.7947540283203,19.03969383239746,325.2672119140625,99.615966796875,0.0028003130573779
tile_r019043_c008547,2,0.6580886840820312,350.8919372558594,26.44000816345215,393.98089599609375,0.0027309770230203
tile_r019043_c008547,2,136.63441467285156,61.435020446777344,156.60853576660156,81.64598083496094,0.0026338538154959
tile_r019043_c008547,2,403.3212890625,342.69061279296875,482.0152282714844,418.714599609375,0.0026171444915235
tile_r019043_c008547,2,287.12274169921875,325.06109619140625,353.46246337890625,393.99652099609375,0.0025138466153293
tile_r019043_c008547,2,-10.911857604980469,351.30548095703125,-0.5901718139648438,404.6405334472656,0.002474830718711
tile_r019043_c008547,2,270.3595275878906,222.8628845214844,312.0433959960937,264.36004638671875,0.0023729209788143
tile_r019043_c008547,2,-1.452233910560608,355.2438049316406,16.47323226928711,391.08245849609375,0.0023462534882128
tile_r019043_c008547,2,-1.459680199623108,433.5563354492188,18.18550109863281,470.44970703125,0.0022594267502427
tile_r019043_c008547,2,0.2706542909145355,354.49853515625,28.32157516479492,409.2180786132813,0.002242476446554
tile_r019043_c008547,2,121.2600326538086,-5.100732326507568,191.40408325195312,27.15954971313477,0.002232099417597
tile_r019043_c008547,2,241.42312622070312,514.71142578125,323.58721923828125,524.7999877929688,0.0021775993518531
tile_r019043_c008547,2,-11.562418937683104,497.52734375,2.0087006092071533,524.7999877929688,0.0021111229434609
tile_r019043_c008547,2,476.5866088867188,205.73257446289065,523.04541015625,287.8729553222656,0.0021055289544165
tile_r019043_c008547,2,0.9180877804756165,437.0474548339844,14.325897216796877,465.9390563964844,0.0020561423152685
tile_r019043_c008547,2,214.403076171875,124.4236297607422,271.960205078125,198.8199157714844,0.0020337696187198
tile_r019043_c008547,2,387.5817260742188,272.53863525390625,432.7256774902344,313.0978088378906,0.0020336862653493
tile_r019043_c008547,2,79.10810852050781,515.1277465820312,157.5535125732422,524.74853515625,0.002019788371399
tile_r019043_c008547,2,392.8059997558594,513.9039306640625,475.15814208984375,524.6588134765625,0.001985115930438
tile_r019043_c008547,2,495.18505859375,208.984619140625,524.5481567382812,270.9358825683594,0.0019719172269105
tile_r019043_c008547,2,469.4818420410156,290.01141357421875,492.4064331054688,315.3453063964844,0.001958159962669
tile_r019043_c008547,2,506.0655212402344,209.7929229736328,521.39697265625,270.2886657714844,0.001901073846966
tile_r019043_c008547,2,-6.254110813140869,428.4655151367188,1.6129913330078125,473.3783264160156,0.0018995571881532
tile_r019043_c008547,2,344.8707580566406,514.3560180664062,422.71478271484375,524.7999877929688,0.0018903787713497
tile_r019043_c008547,2,321.8934020996094,114.9370574951172,361.1941833496094,150.1227569580078,0.0018415405647829
tile_r019043_c008547,2,127.9218978881836,0.3454101681709289,157.68716430664062,28.400732040405277,0.0018252383451908
tile_r019043_c008547,2,81.78153991699219,517.84423828125,137.5867156982422,524.7999877929688,0.0017832223093137
tile_r019043_c008547,2,146.50650024414062,515.7819213867188,233.1182556152344,524.7999877929688,0.0017809396376833
tile_r019043_c008547,2,99.133056640625,515.1640625,182.01449584960935,524.7999877929688,0.0017358927289023
tile_r019043_c008547,2,179.2825164794922,103.3295440673828,278.2109375,194.2763214111328,0.0017044441774487
tile_r019043_c008547,2,-4.98232889175415,435.0221557617188,0.7644912600517273,473.45654296875,0.0016664188588038
tile_r019043_c008547,2,254.5251922607422,515.3365478515625,336.3160705566406,524.7999877929688,0.0016349584329873
tile_r019043_c008547,2,108.82560729980467,-4.792096138000488,177.2137908935547,44.51665115356445,0.0016326810000464
tile_r019043_c008547,2,-11.824928283691406,85.33670806884766,-1.8845993280410769,149.51205444335938,0.0015853212680667
tile_r019043_c008547,2,-11.625452041625977,478.4362182617188,-1.3336060047149658,518.1340942382812,0.0015813254285603
tile_r019043_c008547,2,-11.927024841308594,97.6725082397461,-1.7975966930389404,161.37167358398438,0.0015642645303159
tile_r019043_c008547,2,369.2016906738281,514.58740234375,449.0106506347656,524.7483520507812,0.0015501604648306
tile_r019043_c008547,2,-4.954461574554443,430.7908630371094,22.28499794006348,472.46624755859375,0.0015459756832569
tile_r019043_c008547,2,414.44329833984375,502.2976684570313,493.3780822753906,513.4026489257812,0.0015288739232346
tile_r019043_c008547,2,515.1305541992188,203.4821319580078,524.7999877929688,291.7289428710937,0.0015240779612213
tile_r019043_c008547,2,-11.580625534057615,366.9592895507813,-1.8358932733535769,424.2702026367188,0.0014874237822368
tile_r019043_c008547,2,-11.71810245513916,73.46442413330078,-1.9242172241210935,137.15750122070312,0.0014694456476718
tile_r019043_c008547,2,0.7049224972724915,359.19061279296875,31.07065773010254,419.61126708984375,0.0014624476898461
tile_r019043_c008547,2,72.19906616210938,512.0282592773438,138.62515258789062,522.2911376953125,0.0014502260601148
tile_r019043_c008547,2,121.6855010986328,515.5894775390625,206.2162170410156,524.7999877929688,0.00143920595292
tile_r019043_c008547,2,242.357177734375,504.7145385742188,300.9742736816406,512.41259765625,0.0014145673485472
tile_r019043_c008547,2,96.04460144042967,-5.908166408538818,175.41226196289062,24.21991539001465,0.0014094723155722
tile_r019043_c008547,2,229.8921356201172,514.2154541015625,309.861572265625,524.4730224609375,0.0013935201568529
tile_r019043_c008547,2,-11.637784957885742,31.99393653869629,-1.8683960437774656,94.01177978515624,0.0013830983079969
tile_r019043_c008547,2,161.9852294921875,518.0587158203125,217.8338623046875,524.7999877929688,0.0013722798321396
tile_r019043_c008547,2,-12.022088050842283,110.3089370727539,-1.6187775135040283,174.0416717529297,0.0013554636389017
tile_r019043_c008547,2,431.555419921875,514.55908203125,509.581787109375,524.3487548828125,0.0013440657639876
tile_r019043_c008547,2,399.4285278320313,375.1758117675781,459.7277221679688,422.9173889160156,0.0013250571209937
tile_r019043_c008547,2,384.29827880859375,498.2251892089844,442.892822265625,512.9328002929688,0.0013195398496463
tile_r019043_c008547,2,193.0660095214844,127.112548828125,280.0110778808594,251.95767211914065,0.0013140242081135
tile_r019043_c008547,2,-11.676023483276367,58.72441482543945,-2.038201808929444,125.4903335571289,0.0012953892583027
tile_r019043_c008547,2,-11.332473754882812,355.2743225097656,-0.5587005615234375,419.2066955566406,0.0012903902679681
tile_r019043_c008547,2,305.35797119140625,515.3298950195312,385.16497802734375,524.7999877929688,0.0012879885034635
tile_r019043_c008547,2,2.610391139984131,515.8942260742188,76.72691345214844,524.7999877929688,0.0012770248576998
tile_r019043_c008547,2,67.91075134277344,518.2384033203125,127.6829605102539,524.7999877929688,0.0012683420209214
tile_r019043_c008547,2,265.1514587402344,315.59149169921875,347.2591857910156,423.31451416015625,0.0012627189280465
tile_r019043_c008547,2,406.3648071289063,511.765869140625,482.9212341308594,520.2723999023438,0.0012393749784678
tile_r019043_c008547,2,-11.754865646362305,11.234942436218262,-1.6728225946426392,68.18112182617188,0.0012311713071539
tile_r019043_c008547,2,-12.093069076538086,123.31996154785156,-1.4872055053710938,185.9244537353516,0.0012300031958147
tile_r019043_c008547,2,487.6739196777344,190.822998046875,519.4739379882812,262.13641357421875,0.0012294081971049
tile_r019043_c008547,2,470.3047790527344,193.0965881347656,515.9942626953125,275.11505126953125,0.0012276740744709
tile_r019043_c008547,2,494.4381408691406,223.6950225830078,512.5567016601562,256.11248779296875,0.0012168091489002
tile_r019043_c008547,2,93.21549987792967,517.7077026367188,149.3367919921875,524.7999877929688,0.0012166353408247
tile_r019043_c008547,2,-11.703913688659668,0.2359497100114822,-1.8421417474746704,43.23738479614258,0.0012104904744774
tile_r019043_c008547,2,399.1382751464844,500.7456970214844,479.8991088867188,513.4456787109375,0.0012016640976071
tile_r019043_c008547,2,-0.2881591916084289,424.8961791992188,39.0598030090332,480.4436645507813,0.0011927703162655
tile_r019043_c008547,2,-11.664875984191896,43.2401123046875,-1.870111107826233,111.5382843017578,0.0011873189359903
tile_r019043_c008547,2,405.04248046875,502.9990234375,479.6968688964844,512.388671875,0.0011791886063292
tile_r019043_c008547,2,-11.683832168579102,20.83624839782715,-1.629055738449097,81.64755249023438,0.0011755073210224
tile_r019043_c008547,2,415.8365173339844,408.0690307617188,480.6668090820313,464.9385681152344,0.0011728443205356
tile_r019043_c008547,2,504.06390380859375,200.32272338867188,522.3438720703125,264.3747863769531,0.0011557627003639
tile_r019043_c008547,2,158.2701873779297,95.56201171875,273.76922607421875,204.20071411132807,0.0011522015556693
tile_r019043_c008547,2,235.1669464111328,202.5098571777344,399.3179321289063,339.8534240722656,0.0011475519277155
tile_r019043_c008547,2,54.2402229309082,515.2467041015625,133.52821350097656,524.5372924804688,0.0011434893822297
tile_r019043_c008547,2,395.0426330566406,40.70551681518555,467.1995544433594,104.61773681640624,0.0011361959623172
tile_r019043_c008547,2,432.25732421875,502.7463989257813,504.8800659179688,513.1149291992188,0.0011254599085077
tile_r019043_c008547,2,72.64466094970703,177.95083618164062,115.5219497680664,212.5168914794922,0.0011074761860072
tile_r019043_c008547,2,129.2543182373047,-10.33784294128418,192.1560821533203,1.8716354370117188,0.0011042930418625
tile_r019043_c008547,2,406.8582153320313,51.017333984375,469.1498107910156,104.5098648071289,0.0011025045532733
tile_r019043_c008547,2,154.1926727294922,512.2838134765625,219.173095703125,523.740234375,0.0011024073464795
tile_r019043_c008547,2,252.5259704589844,518.5941162109375,311.6122131347656,524.7999877929688,0.0010928056435659
tile_r019043_c008547,2,161.41297912597656,73.5521240234375,288.4478454589844,192.212890625,0.0010910767596215
tile_r019043_c008547,2,392.7561645507813,500.1040649414063,456.1007690429688,513.2167358398438,0.0010832548141479
tile_r019043_c008547,2,73.20298767089844,506.5823364257813,134.01675415039062,512.75927734375,0.0010679211700335
tile_r019043_c008547,2,105.0845184326172,517.5553588867188,162.16098022460938,524.7999877929688,0.00105904659722
tile_r019043_c008547,2,72.3389663696289,109.99992370605467,215.4829864501953,262.6304016113281,0.0010565941920503
tile_r019043_c008547,2,514.4243774414062,452.5349731445313,524.7396850585938,511.2543029785156,0.0010410377290099
tile_r019043_c008547,2,241.3965759277344,511.5051879882813,313.0684509277344,519.4957885742188,0.0010409266687929
tile_r019043_c008547,2,-12.384285926818848,433.4685974121094,-2.8126213550567627,482.636474609375,0.001040551927872
tile_r019043_c008547,2,456.3180541992188,516.8016357421875,521.0196533203125,524.77978515625,0.0010283852461725
tile_r019043_c008547,2,215.15036010742188,109.0084228515625,288.3295593261719,198.7098388671875,0.0010144525440409
tile_r019043_c008547,2,225.6649475097656,25.720199584960938,275.10333251953125,96.78334045410156,0.0010108511196449
tile_r019043_c008803,2,41.28156661987305,338.4335327148437,87.85585021972656,381.2008056640625,0.700355589389801
tile_r019043_c008803,2,7.056597709655762,35.34955596923828,60.61698532104492,89.23497772216797,0.6996536254882812
tile_r019043_c008803,2,148.84671020507812,26.97945022583008,201.0404510498047,80.19198608398438,0.6629400849342346
tile_r019043_c008803,2,390.5169067382813,120.4255599975586,451.3869018554688,184.457763671875,0.6488657593727112
tile_r019043_c008803,2,54.3292121887207,99.6911163330078,109.03792572021484,154.65853881835938,0.626757800579071
tile_r019043_c008803,2,-8.122583389282227,216.9745178222656,73.43852233886719,320.66949462890625,0.6221618056297302
tile_r019043_c008803,2,121.8008804321289,269.01251220703125,195.5288543701172,353.287109375,0.5777712464332581
tile_r019043_c008803,2,233.5578155517578,219.9562225341797,308.01611328125,304.6800537109375,0.5467349290847778
tile_r019043_c008803,2,277.27032470703125,400.7933654785156,344.8586730957031,476.3580017089844,0.543087363243103
tile_r019043_c008803,2,175.407958984375,418.5824279785156,212.0792999267578,451.3518676757813,0.325613260269165
tile_r019043_c008803,2,287.6170959472656,425.901611328125,341.35382080078125,475.03070068359375,0.308892548084259
tile_r019043_c008803,2,492.8446350097656,46.21502685546875,515.8079223632812,93.57078552246094,0.3041715025901794
tile_r019043_c008803,2,382.0446166992188,-2.088970899581909,423.4259643554688,20.3571834564209,0.2444314509630203
tile_r019043_c008803,2,256.2250061035156,249.4562530517578,302.0013732910156,300.50274658203125,0.1757620424032211
tile_r019043_c008803,2,138.58010864257812,298.125,187.3771209716797,350.50164794921875,0.1310109049081802
tile_r019043_c008803,2,36.41034698486328,332.9779663085937,92.4658660888672,385.6536254882813,0.1188647001981735
tile_r019043_c008803,2,485.883544921875,43.236610412597656,516.2005615234375,98.9108657836914,0.1067010760307312
tile_r019043_c008803,2,154.9104766845703,33.116661071777344,196.7298583984375,78.98458099365234,0.0950723364949226
tile_r019043_c008803,2,222.1402282714844,211.4359893798828,317.4920959472656,313.09039306640625,0.0837013721466064
tile_r019043_c008803,2,-2.682635545730591,218.0280303955078,70.28689575195312,296.3013610839844,0.0750564858317375
tile_r019043_c008803,2,-0.2432922422885894,267.8384704589844,35.8188362121582,312.7709045410156,0.0664467886090278
tile_r019043_c008803,2,385.6033630371094,-0.3259529173374176,419.8465270996094,17.965892791748047,0.0646505355834961
tile_r019043_c008803,2,178.2234649658203,422.0787963867188,209.3487091064453,449.0332946777344,0.0643538236618042
tile_r019043_c008803,2,233.2752990722656,217.7885284423828,291.8765563964844,290.144287109375,0.0634954869747161
tile_r019043_c008803,2,143.66836547851562,21.589374542236328,205.4673309326172,86.36354064941406,0.0498889423906803
tile_r019043_c008803,2,60.68217849731445,106.19157409667967,105.46622467041016,151.3282470703125,0.0473505556583404
tile_r019043_c008803,2,397.9872131347656,128.5186767578125,442.5909118652344,181.3965606689453,0.0371583774685859
tile_r019043_c008803,2,11.146247863769531,40.85897064208984,55.71120071411133,85.24754333496094,0.0311465933918952
tile_r019043_c008803,2,46.349708557128906,89.5080795288086,114.6591339111328,160.706298828125,0.0243955310434103
tile_r019043_c008803,2,266.24761962890625,391.1690979003906,350.9454650878906,481.7791442871094,0.0241338070482015
tile_r019043_c008803,2,240.77001953125,233.6477813720703,304.93756103515625,301.81134033203125,0.0218032598495483
tile_r019043_c008803,2,172.75537109375,413.9176330566406,216.2436981201172,454.157958984375,0.020083962008357
tile_r019043_c008803,2,0.4897003173828125,301.2071228027344,23.7669677734375,330.94207763671875,0.019271558150649
tile_r019043_c008803,2,10.257379531860352,225.86068725585935,56.2605094909668,274.5128479003906,0.0185228530317544
tile_r019043_c008803,2,151.76242065429688,378.7300720214844,200.0953369140625,414.9341735839844,0.0157143995165824
tile_r019043_c008803,2,110.6472625732422,258.18096923828125,204.6819305419922,361.0149536132813,0.0154739366844296
tile_r019043_c008803,2,0.3859985470771789,232.35482788085935,63.54893112182617,317.9008178710937,0.0145668201148509
tile_r019043_c008803,2,512.3323364257812,32.389488220214844,524.41259765625,102.81266021728516,0.0137195317074656
tile_r019043_c008803,2,242.6119842529297,220.8830108642578,277.2957763671875,255.3441467285156,0.0136086232960224
tile_r019043_c008803,2,493.7762145996094,49.824462890625,514.4210205078125,85.74412536621094,0.0104595860466361
tile_r019043_c008803,2,119.3950653076172,266.9389343261719,189.761474609375,330.92095947265625,0.0091120097786188
tile_r019043_c008803,2,477.86138916015625,36.94536209106445,518.1531982421875,111.1072006225586,0.0090956725180149
tile_r019043_c008803,2,0.1015991196036338,304.95440673828125,19.52191734313965,330.21014404296875,0.0084631023928523
tile_r019043_c008803,2,489.092529296875,387.6044921875,516.623291015625,438.5772399902344,0.0082488637417554
tile_r019043_c008803,2,503.1123046875,43.3264045715332,520.3951416015625,103.0410614013672,0.0081888316199183
tile_r019043_c008803,2,483.3269653320313,398.62060546875,512.7734375,432.3211975097656,0.0073282192461192
tile_r019043_c008803,2,522.1839599609375,40.776145935058594,524.1982421875,109.59733581542967,0.006982444319874
tile_r019043_c008803,2,295.1625366210937,432.0751953125,339.6201171875,473.0759887695313,0.0067881699651479
tile_r019043_c008803,2,-11.856853485107422,468.3895568847656,-1.2194626331329346,517.8219604492188,0.0058792596682906
tile_r019043_c008803,2,-12.800000190734863,209.2539978027344,88.3155746459961,345.0650329589844,0.0057853404432535
tile_r019043_c008803,2,0.72406005859375,263.9810485839844,47.52620697021485,319.61395263671875,0.0057033621706068
tile_r019043_c008803,2,-1.5974853038787842,327.2486572265625,31.92122840881348,379.2541198730469,0.0055698747746646
tile_r019043_c008803,2,0.142181396484375,282.4427185058594,28.7285213470459,331.180419921875,0.0054402062669396
tile_r019043_c008803,2,514.8895263671875,27.541996002197266,524.7723388671875,109.382568359375,0.0049005015753209
tile_r019043_c008803,2,487.42431640625,28.35187149047852,518.5813598632812,96.93807220458984,0.0048242630437016
tile_r019043_c008803,2,-11.720453262329102,324.6407165527344,-0.4042343199253082,387.82275390625,0.004725816193968
tile_r019043_c008803,2,2.867962598800659,22.48372840881348,66.99542999267578,93.36026763916016,0.0045214165002107
tile_r019043_c008803,2,158.73428344726562,386.7868041992188,197.46499633789065,414.0296936035156,0.0044952975586056
tile_r019043_c008803,2,383.3221740722656,111.8268051147461,460.494140625,191.3261260986328,0.004194192122668
tile_r019043_c008803,2,286.6702575683594,400.101806640625,319.8305053710937,432.317626953125,0.0040713883936405
tile_r019043_c008803,2,140.7404327392578,315.4505920410156,262.864990234375,424.7864685058594,0.0040251016616821
tile_r019043_c008803,2,138.16665649414062,14.655957221984863,212.0700225830078,92.77516174316406,0.0038545962888747
tile_r019043_c008803,2,185.2653961181641,422.7559509277344,210.9541473388672,447.4159240722656,0.0038117931690067
tile_r019043_c008803,2,129.5894317626953,301.9432983398437,246.2140655517578,415.18157958984375,0.003643810050562
tile_r019043_c008803,2,521.9029541015625,51.808372497558594,524.142578125,121.2288589477539,0.0035778791643679
tile_r019043_c008803,2,0.428680419921875,273.83087158203125,31.110301971435547,318.1488647460937,0.0035604410804808
tile_r019043_c008803,2,29.882726669311523,325.5096740722656,97.1774673461914,393.6725463867188,0.0033119015861302
tile_r019043_c008803,2,469.0542907714844,25.124217987060547,516.3724365234375,110.99124908447266,0.0032469620928168
tile_r019043_c008803,2,0.376208484172821,273.24285888671875,42.61835861206055,328.7802124023437,0.0031159117352217
tile_r019043_c008803,2,147.15219116210938,347.34625244140625,213.22537231445312,418.725830078125,0.002953139366582
tile_r019043_c008803,2,-11.967768669128418,474.422607421875,2.9302964210510254,524.7999877929688,0.0029423411469906
tile_r019043_c008803,2,516.1368408203125,34.46196365356445,524.7999877929688,123.44544982910156,0.0029044293332844
tile_r019043_c008803,2,-12.138218879699709,340.2274475097656,-0.4566787779331207,417.4268493652344,0.0027628422249108
tile_r019043_c008803,2,-2.1423232555389404,260.52886962890625,41.4804801940918,311.45172119140625,0.0027123438194394
tile_r019043_c008803,2,244.275146484375,221.8415985107422,272.8131408691406,249.4586944580078,0.0026915529742836
tile_r019043_c008803,2,14.242467880249023,222.33578491210935,56.56806564331055,265.4095153808594,0.0026413311716169
tile_r019043_c008803,2,200.45101928710935,515.392578125,286.49957275390625,524.7999877929688,0.0025415979325771
tile_r019043_c008803,2,-10.846776962280272,204.9008331298828,126.24421691894533,336.9139099121094,0.0025072311982512
tile_r019043_c008803,2,187.2675628662109,514.9232177734375,273.5904235839844,524.7423706054688,0.002492070896551
tile_r019043_c008803,2,470.6392517089844,45.44328689575195,517.9913940429688,131.01205444335938,0.0024511523079127
tile_r019043_c008803,2,522.1326904296875,29.30087661743164,524.5311279296875,95.8241195678711,0.0022532041184604
tile_r019043_c008803,2,149.1530303955078,514.2847900390625,233.9720001220703,524.6807861328125,0.0022011422552168
tile_r019043_c008803,2,502.4000854492188,32.95944595336914,521.9205932617188,93.0274429321289,0.0021086612250655
tile_r019043_c008803,2,-12.180484771728516,355.0084533691406,-0.6201766729354858,429.9425354003906,0.0020967617165297
tile_r019043_c008803,2,488.4049377441406,43.26372146606445,524.350830078125,107.5529556274414,0.0020811813883483
tile_r019043_c008803,2,-0.2082641571760177,293.8504333496094,34.723472595214844,336.0350952148437,0.0020742795895785
tile_r019043_c008803,2,-3.771984815597534,332.20831298828125,34.700828552246094,395.9239196777344,0.0020691275130957
tile_r019043_c008803,2,204.5365753173828,197.6096649169922,331.4329528808594,327.2998962402344,0.0020450523588806
tile_r019043_c008803,2,0.7964233160018921,331.68963623046875,23.093582153320312,378.1446838378906,0.0020417647901922
tile_r019043_c008803,2,514.2451171875,375.5267639160156,524.5419921875,447.4691467285156,0.0019961597863584
tile_r019043_c008803,2,379.4312438964844,-8.072977066040039,429.5699157714844,2.5772979259490967,0.0019607795402407
tile_r019043_c008803,2,401.302978515625,122.74192810058594,443.593017578125,161.39944458007812,0.0019271739292889
tile_r019043_c008803,2,-11.159124374389648,251.54953002929688,7.210940361022949,330.45526123046875,0.0018459414131939
tile_r019043_c008803,2,1.241122484207153,342.6626892089844,21.15855026245117,376.1971740722656,0.0018425120506435
tile_r019043_c008803,2,371.1070251464844,515.0411376953125,453.4951171875,524.7999877929688,0.0018262515077367
tile_r019043_c008803,2,87.46330261230469,514.3519287109375,167.4493865966797,524.7999877929688,0.0018200280610471
tile_r019043_c008803,2,384.2496643066406,-1.2871795892715454,421.26116943359375,13.224679946899414,0.0018200107151642
tile_r019043_c008803,2,-12.0081148147583,443.6532287597656,-0.402182012796402,517.5147705078125,0.0017990317428484
tile_r019043_c008803,2,-12.196699142456056,369.9162902832031,-0.4268386960029602,442.2645568847656,0.0017968306783586
tile_r019043_c008803,2,-12.047622680664062,430.1022033691406,-0.2738586366176605,495.781494140625,0.0017949645407497
tile_r019043_c008803,2,131.49105834960938,272.22906494140625,176.9474639892578,313.26788330078125,0.0017589183989912
tile_r019043_c008803,2,-11.403131484985352,287.0398864746094,-0.4129165709018707,351.555908203125,0.0017584320157766
tile_r019043_c008803,2,495.6782836914063,51.37445068359375,512.6883544921875,94.40592193603516,0.0017534939106553
tile_r019043_c008803,2,125.5828094482422,514.3937377929688,207.12258911132807,524.7991943359375,0.0017486095894128
tile_r019043_c008803,2,-2.09942626953125,299.303955078125,35.78831100463867,367.94769287109375,0.001720531610772
tile_r019043_c008803,2,417.38330078125,514.8646240234375,500.6883850097656,524.7999877929688,0.0017062763217836
tile_r019043_c008803,2,-11.067912101745604,262.736083984375,1.6404800415039062,338.207275390625,0.0016996808117255
tile_r019043_c008803,2,510.4222106933594,50.243309020996094,520.6553955078125,113.8619384765625,0.0016964297974482
tile_r019043_c008803,2,373.8786010742188,-2.4715576171875,427.9522399902344,37.177696228027344,0.0016910913400352
tile_r019043_c008803,2,-2.13873291015625,252.3088836669922,41.58551025390625,325.07293701171875,0.0016794995171949
tile_r019043_c008803,2,213.0119171142578,289.70770263671875,239.13442993164065,319.0005798339844,0.0016440846957266
tile_r019043_c008803,2,112.04695129394533,514.7575073242188,194.5660858154297,524.7999877929688,0.0015963612822815
tile_r019043_c008803,2,-11.837801933288574,25.165660858154297,3.048690795898437,102.13250732421876,0.0015875032404437
tile_r019043_c008803,2,358.233154296875,-6.00150203704834,430.26605224609375,18.402807235717773,0.0015869229100644
tile_r019043_c008803,2,392.1813354492188,514.9396362304688,478.0177612304688,524.7999877929688,0.0015723416581749
tile_r019043_c008803,2,65.74131774902344,114.8224105834961,105.32447814941406,150.38870239257812,0.0015611032722517
tile_r019043_c008803,2,513.89794921875,257.5884704589844,524.7999877929688,336.54638671875,0.0015373989008367
tile_r019043_c008803,2,372.7503662109375,102.9331512451172,466.8351440429688,196.71337890625,0.0015183672076091
tile_r019043_c008803,2,163.3852081298828,410.2588806152344,224.99365234375,462.8644409179688,0.0015064269537106
tile_r019043_c008803,2,-12.337918281555176,131.79464721679688,0.4140289425849914,198.7083740234375,0.0014997127000242
tile_r019043_c008803,2,317.3282165527344,515.7570190429688,398.75146484375,524.7999877929688,0.0014891983009874
tile_r019043_c008803,2,-11.507318496704102,238.5376434326172,9.39971923828125,321.8440856933594,0.0014782504877075
tile_r019043_c008803,2,157.6328582763672,502.4429626464844,239.453369140625,513.552734375,0.0014623703900724
tile_r019043_c008803,2,-12.145978927612305,398.8814392089844,0.0009918212890625,470.4203186035156,0.0014338829787448
tile_r019043_c008803,2,-12.038409233093262,37.17822265625,1.7431182861328125,118.9649429321289,0.0014051507459953
tile_r019043_c008803,2,4.220089912414551,516.4309692382812,77.4762191772461,524.7999877929688,0.0013391255633905
tile_r019043_c008803,2,342.443359375,515.1110229492188,427.5278930664063,524.7999877929688,0.0013363220496103
tile_r019043_c008803,2,-12.107658386230469,414.5816345214844,0.0235198978334665,482.9258728027344,0.0013259465340524
tile_r019043_c008803,2,-12.191766738891602,383.37005615234375,-0.1155334487557411,457.2774353027344,0.0013195887440815
tile_r019043_c008803,2,143.61178588867188,374.9043273925781,203.82907104492188,423.3449096679688,0.0013177043292671
tile_r019043_c008803,2,1.3031189441680908,418.5145568847656,33.795509338378906,480.81982421875,0.0013168525183573
tile_r019043_c008803,2,114.25634765625,212.43197631835935,323.8587951660156,457.8821716308594,0.0013028378598392
tile_r019043_c008803,2,376.9568786621094,-11.616052627563477,439.4578552246094,24.25845718383789,0.0012950431555509
tile_r019043_c008803,2,461.1486206054688,1.50604248046875,519.9347534179688,95.62196350097656,0.0012805783189833
tile_r019043_c008803,2,274.383544921875,16.43731689453125,299.0414428710937,39.6400032043457,0.0012672377051785
tile_r019043_c008803,2,246.98861694335935,267.91259765625,305.5013122558594,304.5120544433594,0.0012598508037626
tile_r019043_c008803,2,514.249267578125,226.9081115722656,524.7999877929688,312.6190795898437,0.0012559832539409
tile_r019043_c008803,2,-3.7918763160705566,343.23565673828125,37.04957962036133,416.9771423339844,0.0012526052305474
tile_r019043_c008803,2,143.44705200195312,501.2200317382813,227.2160186767578,513.5684814453125,0.001242728671059
tile_r019043_c008803,2,225.9131317138672,515.2728271484375,308.240478515625,524.7999877929688,0.0012333021732047
tile_r019043_c008803,2,-9.505456924438477,204.47509765625,82.38301086425781,299.6718139648437,0.0012246929109096
tile_r019043_c008803,2,516.2176513671875,50.832130432128906,524.7999877929688,139.1968231201172,0.0012193606235086
tile_r019043_c008803,2,-11.753705978393556,15.302233695983888,2.6573379039764404,87.32142639160156,0.001205240143463
tile_r019043_c008803,2,270.58087158203125,393.7359008789063,339.06219482421875,468.329345703125,0.0011900301324203
tile_r019043_c008803,2,-11.823144912719728,7.395092964172363,0.7890411615371704,71.90968322753906,0.0011816842015832
tile_r019043_c008803,2,47.742897033691406,515.2945556640625,130.09445190429688,524.7999877929688,0.0011682776967063
tile_r019043_c008803,2,149.9612579345703,511.8040466308594,227.34780883789065,520.5864868164062,0.0011629908112809
tile_r019043_c008803,2,373.9236755371094,-5.189898490905762,443.3810119628906,34.757606506347656,0.0011597046395763
tile_r019043_c008803,2,304.75274658203125,515.5636596679688,385.0881958007813,524.7999877929688,0.0011520237894728
tile_r019043_c008803,2,-12.450822830200195,140.863525390625,0.9274963140487672,211.67257690429688,0.0011412296444177
tile_r019043_c008803,2,-1.0444809198379517,430.1443481445313,35.406761169433594,501.3673706054688,0.0011069398606196
tile_r019043_c008803,2,1.7625732421875,329.0892944335937,53.34708404541016,402.1585388183594,0.0011040678946301
tile_r019043_c008803,2,174.74624633789062,502.9251403808594,249.28872680664065,513.264892578125,0.0011018215445801
tile_r019043_c008803,2,126.22297668457033,499.31396484375,191.55807495117188,513.14892578125,0.0011001513339579
tile_r019043_c008803,2,521.9793090820312,15.595739364624023,524.6580810546875,90.2334442138672,0.0010964793618768
tile_r019043_c008803,2,135.28030395507812,36.9693717956543,211.5536193847656,107.94474792480467,0.0010878226021304
tile_r019043_c008803,2,-0.949133276939392,265.4786071777344,70.4373779296875,346.13458251953125,0.0010858554160222
tile_r019043_c008803,2,-11.755048751831056,297.421142578125,0.6845504641532898,374.13330078125,0.0010852565756067
tile_r019043_c008803,2,148.7923583984375,503.3971557617188,224.45993041992188,512.4411010742188,0.0010797873837873
tile_r019043_c008803,2,522.0391845703125,60.259422302246094,524.3644409179688,130.63284301757812,0.0010619643144309
tile_r019043_c008803,2,376.78997802734375,-12.366403579711914,429.380615234375,6.453640937805176,0.0010465268278494
tile_r019043_c008803,2,248.06283569335935,253.73025512695312,322.8232421875,322.3105773925781,0.0010459152981638
tile_r019043_c008803,2,1.02374267578125,398.0374450683594,35.48816680908203,461.0172424316406,0.0010405231732875
tile_r019043_c008803,2,170.19796752929688,197.0999755859375,338.4970397949219,392.1703796386719,0.0010405003558844
tile_r019043_c008803,2,2.240718126296997,319.71697998046875,26.926250457763672,373.4623107910156,0.00102956360206
tile_r019043_c008803,2,-0.4686218202114105,96.4890365600586,32.8786506652832,158.8956298828125,0.0010283857118338
tile_r019043_c008803,2,-12.248682975769045,95.4073257446289,0.5516738891601562,165.47769165039062,0.0010143143590539
tile_r019043_c008803,2,188.80422973632807,511.5755004882813,264.906494140625,522.3567504882812,0.0010129377478733
tile_r019043_c008803,2,514.6705322265625,387.0550231933594,524.7999877929688,471.781005859375,0.0010105323744937
tile_r019043_c009059,2,439.1266479492188,416.5928649902344,500.62841796875,481.0772399902344,0.6922857165336609
tile_r019043_c009059,2,234.115966796875,46.37761306762695,287.30633544921875,99.7812042236328,0.6802652478218079
tile_r019043_c009059,2,454.0043029785156,256.8590393066406,509.3843688964844,308.18218994140625,0.6694161295890808
tile_r019043_c009059,2,322.25274658203125,16.015819549560547,390.9777221679688,80.4898452758789,0.6644007563591003
tile_r019043_c009059,2,344.74005126953125,129.82119750976562,397.8540954589844,181.585205078125,0.6538856625556946
tile_r019043_c009059,2,134.76467895507812,120.5733642578125,195.0170135498047,185.05252075195312,0.6484872698783875
tile_r019043_c009059,2,409.7611389160156,471.8706970214844,456.3536987304688,513.4937744140625,0.6235938668251038
tile_r019043_c009059,2,312.63116455078125,290.4892578125,352.2250061035156,327.5789489746094,0.6014464497566223
tile_r019043_c009059,2,315.47222900390625,228.1048889160156,369.44085693359375,282.89569091796875,0.5887149572372437
tile_r019043_c009059,2,316.08758544921875,367.8279418945313,358.04510498046875,408.1256713867188,0.5705291032791138
tile_r019043_c009059,2,308.01275634765625,451.7517700195313,348.3482666015625,491.5618286132813,0.5694732666015625
tile_r019043_c009059,2,0.3546203672885895,244.29605102539065,47.11655426025391,301.97174072265625,0.5563799738883972
tile_r019043_c009059,2,19.681198120117188,400.18505859375,89.0340805053711,476.88330078125,0.5527782440185547
tile_r019043_c009059,2,399.2473754882813,1.839550733566284,428.9286193847656,30.31612014770508,0.5251159071922302
tile_r019043_c009059,2,31.372726440429688,425.6012573242188,85.3873291015625,475.2959899902344,0.3196267485618591
tile_r019043_c009059,2,320.1503295898437,236.31802368164065,366.0106201171875,280.936279296875,0.2938697040081024
tile_r019043_c009059,2,447.2443237304688,250.35971069335935,512.8443603515625,313.1847229003906,0.2475780546665191
tile_r019043_c009059,2,126.02015686035156,-2.0533599853515625,167.85223388671875,20.319477081298828,0.1975129246711731
tile_r019043_c009059,2,310.2895202636719,455.5758361816406,342.4117431640625,488.60162353515625,0.1722397953271865
tile_r019043_c009059,2,-1.1504089832305908,220.9486389160156,51.9249382019043,303.3919982910156,0.1490991860628128
tile_r019043_c009059,2,315.8623046875,294.2314453125,349.0868225097656,324.49249267578125,0.0954462438821792
tile_r019043_c009059,2,304.0339050292969,447.0119018554688,351.81744384765625,495.1669921875,0.0760927572846412
tile_r019043_c009059,2,311.6164855957031,362.3277282714844,362.0740051269531,412.0271606445313,0.0738709345459938
tile_r019043_c009059,2,350.13702392578125,136.0353240966797,394.0462036132813,178.89505004882812,0.0735827609896659
tile_r019043_c009059,2,7.405081272125244,391.0992736816406,94.9164047241211,481.967041015625,0.0681603327393531
tile_r019043_c009059,2,129.7130584716797,-0.313497930765152,163.9866943359375,17.8466739654541,0.0535309165716171
tile_r019043_c009059,2,395.3629760742188,-1.1074111461639404,432.9344787597656,33.536109924316406,0.051712080836296
tile_r019043_c009059,2,443.8121948242188,423.1949157714844,493.7757873535156,475.6566467285156,0.0479868724942207
tile_r019043_c009059,2,142.0646209716797,128.60000610351562,186.44772338867188,181.19314575195312,0.0396205112338066
tile_r019043_c009059,2,406.2001037597656,465.9679565429688,465.2409057617188,515.5933837890625,0.0389757119119167
tile_r019043_c009059,2,309.03631591796875,284.91619873046875,356.60723876953125,331.0829162597656,0.0267760716378688
tile_r019043_c009059,2,335.8350524902344,26.22348403930664,387.7947387695313,75.7267837524414,0.0245144832879304
tile_r019043_c009059,2,316.435546875,6.952649116516113,396.9359436035156,90.8258056640625,0.0206276252865791
tile_r019043_c009059,2,5.400909423828125,253.5321350097656,43.42902755737305,299.3070678710937,0.0175051521509885
tile_r019043_c009059,2,320.648681640625,371.0943298339844,354.87664794921875,404.9892578125,0.0125119965523481
tile_r019043_c009059,2,-9.901806831359863,230.29116821289065,57.8293342590332,311.27008056640625,0.0113888699561357
tile_r019043_c009059,2,490.7614135742188,135.1725311279297,517.58642578125,196.5836181640625,0.0113834161311388
tile_r019043_c009059,2,414.73187255859375,476.947265625,451.22601318359375,511.890625,0.0106394626200199
tile_r019043_c009059,2,299.6483764648437,280.29986572265625,365.9288635253906,337.86773681640625,0.0105280727148056
tile_r019043_c009059,2,223.895751953125,33.97913360595703,294.0354919433594,108.64505767822266,0.0096359448507428
tile_r019043_c009059,2,308.3677673339844,219.0072784423828,375.2511596679688,290.6015625,0.0089709823951125
tile_r019043_c009059,2,239.5033264160156,52.252174377441406,283.72479248046875,96.62747955322266,0.0073661324568092
tile_r019043_c009059,2,38.85517501831055,431.7540893554688,83.73104095458984,473.2818298339844,0.0063531016930937
tile_r019043_c009059,2,302.51495361328125,434.6605529785156,357.9891357421875,499.3949279785156,0.0054330052807927
tile_r019043_c009059,2,304.744384765625,353.235595703125,371.1971130371094,419.8323669433594,0.0048861475661396
tile_r019043_c009059,2,458.089599609375,263.20819091796875,504.6832580566406,303.9878234863281,0.0045969239436089
tile_r019043_c009059,2,126.844970703125,111.47990417480467,204.51712036132807,191.7007293701172,0.0045588286593556
tile_r019043_c009059,2,336.1713256835937,117.72900390625,407.7762756347656,193.2928771972656,0.0042258431203663
tile_r019043_c009059,2,431.7081909179688,408.7333984375,505.0310668945313,486.2816467285156,0.0038283334579318
tile_r019043_c009059,2,47.939552307128906,59.7013053894043,75.89823913574219,88.02347564697266,0.0036388330627232
tile_r019043_c009059,2,397.1427612304688,462.0044860839844,469.5201110839844,523.9195556640625,0.0035907216370105
tile_r019043_c009059,2,322.4008178710937,243.4942169189453,359.1381225585937,278.6247863769531,0.0033763283863663
tile_r019043_c009059,2,30.34100341796875,399.8296813964844,63.84624099731445,432.5205078125,0.0033524318132549
tile_r019043_c009059,2,-11.1098051071167,228.09555053710935,16.51790428161621,313.5411071777344,0.0032266024500131
tile_r019043_c009059,2,482.8046875,139.63052368164062,515.8367309570312,199.5072784423828,0.0031342471484094
tile_r019043_c009059,2,-11.565836906433104,212.74526977539065,-0.9861465692520142,278.3240661621094,0.0030099069699645
tile_r019043_c009059,2,487.7164001464844,137.57992553710938,520.5042724609375,207.9071807861328,0.0028876401484012
tile_r019043_c009059,2,484.8580627441406,110.5502700805664,519.1265869140625,197.9868927001953,0.0027955900877714
tile_r019043_c009059,2,-11.622097969055176,205.29623413085935,-1.5537109375,265.1849670410156,0.0027034340891987
tile_r019043_c009059,2,226.745361328125,397.31097412109375,262.5868225097656,432.8487854003906,0.0026907224673777
tile_r019043_c009059,2,522.2274169921875,149.60043334960938,524.3997192382812,222.0579376220703,0.0026722243055701
tile_r019043_c009059,2,-11.379722595214844,218.76577758789065,3.794673204421997,303.627685546875,0.0026670608203858
tile_r019043_c009059,2,417.8450317382813,484.2940368652344,454.64697265625,512.1897583007812,0.0025586332194507
tile_r019043_c009059,2,193.5779266357422,367.4727478027344,225.01870727539065,397.4468688964844,0.0025507898535579
tile_r019043_c009059,2,-11.071263313293455,243.5283660888672,2.434983730316162,320.3680114746094,0.0025164280086755
tile_r019043_c009059,2,370.0677795410156,514.4845581054688,453.8596801757813,524.7999877929688,0.0024259525816887
tile_r019043_c009059,2,514.1590576171875,-1.351525902748108,524.7999877929688,79.1801528930664,0.0023316792212426
tile_r019043_c009059,2,-6.230865478515625,209.3501892089844,43.87278366088867,280.8055725097656,0.0019782758317887
tile_r019043_c009059,2,398.3048400878906,4.600461006164551,421.56683349609375,27.593521118164062,0.0019069913541898
tile_r019043_c009059,2,145.3160858154297,122.76773834228516,187.44357299804688,161.16134643554688,0.0018497813725844
tile_r019043_c009059,2,127.2374038696289,-7.231637477874756,172.98410034179688,1.842034935951233,0.0018195135053247
tile_r019043_c009059,2,514.6949462890625,127.0271453857422,524.4513549804688,206.6893615722656,0.0017887675203382
tile_r019043_c009059,2,513.7593994140625,24.089635848999023,524.7999877929688,105.73974609375,0.0017617363482713
tile_r019043_c009059,2,107.4347152709961,-5.954672336578369,176.67111206054688,38.10085678100586,0.0017296638106927
tile_r019043_c009059,2,223.2624053955078,393.3251037597656,270.48858642578125,436.9352416992188,0.0017204880714416
tile_r019043_c009059,2,483.4230041503906,143.72335815429688,522.3499755859375,226.291259765625,0.0017027873545885
tile_r019043_c009059,2,356.7220764160156,515.2552490234375,432.4147338867188,524.7999877929688,0.0016987069975584
tile_r019043_c009059,2,114.6402816772461,515.1216430664062,199.180908203125,524.7999877929688,0.0016434430144727
tile_r019043_c009059,2,161.86077880859375,514.970703125,250.2685089111328,524.7999877929688,0.0016321066068485
tile_r019043_c009059,2,128.2818145751953,-1.3455932140350342,165.6040802001953,12.1742525100708,0.0015936800045892
tile_r019043_c009059,2,101.7232666015625,-6.141873359680176,174.7632598876953,18.09625816345215,0.001575962989591
tile_r019043_c009059,2,514.1458740234375,-3.824737548828125,524.7999877929688,53.5429916381836,0.0015476068947464
tile_r019043_c009059,2,-11.517117500305176,257.8427734375,0.5887802243232727,329.8126525878906,0.0014997156104072
tile_r019043_c009059,2,341.8241271972656,514.731201171875,420.4948120117188,524.611572265625,0.0014765812084078
tile_r019043_c009059,2,325.4126892089844,514.8529663085938,410.49456787109375,524.7999877929688,0.0014649090589955
tile_r019043_c009059,2,515.5821533203125,252.9952850341797,524.6068115234375,328.6856689453125,0.0014406163245439
tile_r019043_c009059,2,136.3201141357422,515.0061645507812,223.94509887695312,524.7999877929688,0.0014319404726848
tile_r019043_c009059,2,61.15178298950195,515.7698364257812,143.5227508544922,524.7999877929688,0.0014150019269436
tile_r019043_c009059,2,390.8405151367188,-5.518652439117432,451.5123901367188,47.1533088684082,0.0014050382887944
tile_r019043_c009059,2,311.3417358398437,458.6392517089844,336.4217224121094,486.3118286132813,0.0013401615433394
tile_r019043_c009059,2,249.5567321777344,515.3897705078125,331.8676147460937,524.7999877929688,0.0013335337862372
tile_r019043_c009059,2,175.14837646484375,515.5557861328125,262.375244140625,524.7999877929688,0.0012907203054055
tile_r019043_c009059,2,120.8301239013672,-11.660186767578123,184.7336883544922,24.322284698486328,0.0012788317399099
tile_r019043_c009059,2,86.17235565185547,515.1934814453125,172.2310028076172,524.7999877929688,0.0012656775070354
tile_r019043_c009059,2,0.1869445741176605,219.48953247070312,26.60443687438965,261.5842590332031,0.001256288960576
tile_r019043_c009059,2,513.8609619140625,53.82758331298828,524.7999877929688,130.20370483398438,0.0012217719340696
tile_r019043_c009059,2,385.55963134765625,-12.527148246765137,438.7262268066406,52.22507858276367,0.001218075514771
tile_r019043_c009059,2,515.46826171875,144.348876953125,524.7999877929688,227.8362274169922,0.0012172079877927
tile_r019043_c009059,2,374.94281005859375,-4.673199653625488,437.995361328125,39.80695724487305,0.0012103635817766
tile_r019043_c009059,2,289.6095886230469,267.0323181152344,369.06146240234375,350.5528259277344,0.0011686059879139
tile_r019043_c009059,2,186.27078247070312,283.87432861328125,222.9578094482422,321.52490234375,0.0011685002828016
tile_r019043_c009059,2,117.921875,-4.761847019195557,189.2803955078125,34.5135612487793,0.0011461229296401
tile_r019043_c009059,2,290.8914489746094,324.9771423339844,375.1087341308594,423.8566284179688,0.0011356772156432
tile_r019043_c009059,2,485.6107482910156,-10.7091064453125,522.0963134765625,64.58385467529297,0.0011346309911459
tile_r019043_c009059,2,251.980712890625,289.5418395996094,372.7784729003906,421.6724243164063,0.0011267918162047
tile_r019043_c009059,2,297.0189514160156,251.08090209960935,381.0474548339844,343.9476013183594,0.0011086615268141
tile_r019043_c009059,2,495.5026245117188,170.1910400390625,515.50439453125,196.0607147216797,0.0011030959431082
tile_r019043_c009059,2,360.1493530273437,502.71484375,423.03424072265625,513.1090698242188,0.0010916563915088
tile_r019043_c009059,2,386.8489379882813,-11.360288619995115,461.2394409179688,38.0593147277832,0.0010896589374169
tile_r019043_c009059,2,470.0862426757813,514.158203125,524.7999877929688,524.7999877929688,0.0010866874363273
tile_r019043_c009059,2,446.2400512695313,516.0183715820312,518.4693603515625,524.7999877929688,0.0010837349109351
tile_r019043_c009059,2,521.839599609375,137.59451293945312,524.575439453125,210.37503051757807,0.0010831258259713
tile_r019043_c009059,2,45.36980056762695,54.9027214050293,82.85113525390625,89.88487243652344,0.0010808494407683
tile_r019043_c009059,2,48.25362396240234,515.61083984375,129.72793579101562,524.7999877929688,0.0010647886665537
tile_r019043_c009059,2,476.06103515625,154.50369262695312,518.4425048828125,233.41995239257807,0.0010474374284967
tile_r019043_c009059,2,263.2833557128906,515.798828125,343.4154663085937,524.7999877929688,0.0010373613331466
tile_r019043_c009059,2,324.1665954589844,511.97406005859375,398.6758728027344,522.8677368164062,0.001031711930409
tile_r019043_c009059,2,178.99346923828125,276.09637451171875,223.4869079589844,322.599609375,0.0010030980920419
tile_r019043_c009315,2,183.42210388183597,416.921875,243.639404296875,480.5796813964844,0.6977377533912659
tile_r019043_c009315,2,198.0142059326172,256.958984375,252.7810516357422,307.88055419921875,0.6765350699424744
tile_r019043_c009315,2,66.26509857177734,16.091907501220703,135.00257873535156,80.47723388671875,0.6623021960258484
tile_r019043_c009315,2,88.82804870605469,129.8320770263672,141.7997283935547,181.4747009277344,0.660279393196106
tile_r019043_c009315,2,153.7797088623047,472.10296630859375,200.5655975341797,513.2759399414062,0.6194890737533569
tile_r019043_c009315,2,240.28683471679688,170.61441040039062,305.1488647460937,232.946533203125,0.619351327419281
tile_r019043_c009315,2,433.7786254882813,13.899383544921877,483.0846557617188,61.1490478515625,0.6146080493927002
tile_r019043_c009315,2,56.497337341308594,290.5897216796875,96.18614196777344,327.5136108398437,0.5998579859733582
tile_r019043_c009315,2,59.5955810546875,227.9289093017578,113.39925384521484,282.8146057128906,0.5937827825546265
tile_r019043_c009315,2,60.209251403808594,367.9361267089844,102.0310287475586,407.8865356445313,0.5694209337234497
tile_r019043_c009315,2,51.93986892700195,451.947265625,92.33602142333984,491.3443298339844,0.5684953331947327
tile_r019043_c009315,2,143.1603546142578,1.808711290359497,173.05288696289062,30.370014190673828,0.527126133441925
tile_r019043_c009315,2,293.42547607421875,434.7025451660156,350.758544921875,491.3015747070313,0.4509952366352081
tile_r019043_c009315,2,-1.4205353260040283,47.37092208862305,31.24479103088379,99.8343734741211,0.449909508228302
tile_r019043_c009315,2,64.31056213378906,236.3592071533203,109.87791442871094,280.8051147460937,0.2921473383903503
tile_r019043_c009315,2,286.26513671875,416.7710876464844,353.6551818847656,492.3385620117188,0.2792189717292785
tile_r019043_c009315,2,256.2326354980469,259.6593322753906,294.1850891113281,301.3119506835937,0.1632397174835205
tile_r019043_c009315,2,54.1688346862793,455.7918090820313,86.45085144042969,488.4627075195313,0.1495099663734436
tile_r019043_c009315,2,438.4015502929688,19.7269229888916,480.1390686035156,58.26026153564453,0.1291462630033493
tile_r019043_c009315,2,59.89361572265625,294.36163330078125,93.08335876464844,324.4327697753906,0.0921306535601615
tile_r019043_c009315,2,47.788352966308594,447.27044677734375,95.82069396972656,494.8517150878906,0.0780641064047813
tile_r019043_c009315,2,94.1356430053711,136.12600708007812,137.9724578857422,178.8272247314453,0.0769706070423126
tile_r019043_c009315,2,55.582664489746094,362.27923583984375,106.0419464111328,411.6705627441406,0.0679531171917915
tile_r019043_c009315,2,139.17373657226562,-1.0690734386444092,177.0585479736328,33.631736755371094,0.0532297641038894
tile_r019043_c009315,2,188.0486297607422,423.4987182617188,237.63198852539065,474.9605407714844,0.0526506714522838
tile_r019043_c009315,2,305.29052734375,445.9305725097656,347.70947265625,489.83447265625,0.0463299565017223
tile_r019043_c009315,2,254.210693359375,183.35647583007807,302.6653747558594,229.0478973388672,0.0402322560548782
tile_r019043_c009315,2,150.27261352539062,466.4718627929688,209.6315460205078,515.2999877929688,0.0365081131458282
tile_r019043_c009315,2,428.9502868652344,5.648760795593262,490.4149475097656,67.78564453125,0.0339163318276405
tile_r019043_c009315,2,-0.6967918276786804,52.0916862487793,23.849056243896484,97.2911605834961,0.0319138504564762
tile_r019043_c009315,2,52.9531478881836,285.0311889648437,100.5248794555664,330.9925231933594,0.0276497453451156
tile_r019043_c009315,2,79.8106460571289,26.261816024780277,131.75717163085938,75.75142669677734,0.0256622452288866
tile_r019043_c009315,2,234.6104278564453,163.32765197753906,314.0092163085937,237.4691467285156,0.0239426717162132
tile_r019043_c009315,2,190.69558715820312,250.9651336669922,269.77276611328125,314.25909423828125,0.0234855078160762
tile_r019043_c009315,2,298.3597106933594,437.697265625,343.7687072753906,483.4539184570313,0.0209467969834804
tile_r019043_c009315,2,359.58184814453125,392.9781494140625,396.6647338867188,427.0548706054688,0.0184668265283107
tile_r019043_c009315,2,259.6275939941406,262.88330078125,289.1395874023437,299.5570678710937,0.0175534728914499
tile_r019043_c009315,2,60.29059982299805,6.855490207672119,140.83578491210938,91.09992980957033,0.0162257589399814
tile_r019043_c009315,2,-10.602386474609377,33.607078552246094,18.756616592407227,101.7305908203125,0.0140528474003076
tile_r019043_c009315,2,64.7325668334961,371.2053833007813,98.8503875732422,404.7001953125,0.0114434482529759
tile_r019043_c009315,2,158.8096160888672,477.1517028808594,195.3836975097656,511.7935180664063,0.0103291030973196
tile_r019043_c009315,2,43.987571716308594,280.9163513183594,109.16439056396484,338.0712280273437,0.0095900623127818
tile_r019043_c009315,2,52.616355895996094,218.9704132080078,119.20323181152344,290.3685607910156,0.00913642719388
tile_r019043_c009315,2,437.1769409179688,17.124431610107422,470.6775512695313,51.61980438232422,0.0085202250629663
tile_r019043_c009315,2,-2.279341220855713,39.47819900512695,38.100433349609375,104.02922058105467,0.008406969718635
tile_r019043_c009315,2,0.513824462890625,48.48206329345703,26.838043212890625,82.40650177001953,0.0077546308748424
tile_r019043_c009315,2,174.92791748046875,409.1498107910156,247.7103576660156,486.4703063964844,0.0075162565335631
tile_r019043_c009315,2,239.7186584472656,247.86154174804688,298.35400390625,310.2475891113281,0.0066408230923116
tile_r019043_c009315,2,202.09619140625,263.21002197265625,248.2962951660156,303.8714294433594,0.0059654638171195
tile_r019043_c009315,2,46.26187896728516,435.1484375,101.5208511352539,498.5322265625,0.0057769259437918
tile_r019043_c009315,2,-10.170397758483888,43.98884201049805,24.425296783447266,108.8975601196289,0.0048282733187079
tile_r019043_c009315,2,49.48088455200195,353.0166931152344,115.189697265625,419.8282165527344,0.0043734055943787
tile_r019043_c009315,2,80.72547149658203,117.8206024169922,152.0364532470703,193.7467803955078,0.0041568456217646
tile_r019043_c009315,2,444.7767639160156,25.813457489013672,480.8836975097656,57.78856658935547,0.0040511162951588
tile_r019043_c009315,2,251.2036590576172,252.3892517089844,303.0259704589844,307.60693359375,0.0038959239609539
tile_r019043_c009315,2,442.1617126464844,330.0201110839844,484.3341674804688,364.2775268554688,0.0037549161352217
tile_r019043_c009315,2,66.5016098022461,243.6400146484375,103.0553970336914,278.5392761230469,0.0036545903421938
tile_r019043_c009315,2,482.8456115722656,-4.060339450836182,517.3264770507812,47.06952667236328,0.003478301456198
tile_r019043_c009315,2,421.4938354492188,-0.1551757752895355,495.1686401367188,74.3364028930664,0.0031835488043725
tile_r019043_c009315,2,1.965728759765625,54.53647613525391,28.273670196533203,94.9086456298828,0.0031412439420819
tile_r019043_c009315,2,-10.8634614944458,48.03678131103516,7.857046604156494,113.3309555053711,0.0031250149477273
tile_r019043_c009315,2,379.8778991699219,514.2645263671875,463.9535217285156,524.4581298828125,0.0031216300558298
tile_r019043_c009315,2,375.8410034179688,86.6826400756836,401.1276245117188,107.3791046142578,0.0029498026706278
tile_r019043_c009315,2,378.692138671875,502.0988159179688,449.17095947265625,512.83642578125,0.0029014700558036
tile_r019043_c009315,2,141.187255859375,462.366455078125,214.51156616210935,523.900146484375,0.0027709312271326
tile_r019043_c009315,2,113.9792709350586,514.3649291992188,198.01315307617188,524.7999877929688,0.002632237272337
tile_r019043_c009315,2,378.671875,500.39788818359375,433.1689453125,512.927978515625,0.002568858442828
tile_r019043_c009315,2,251.3375244140625,514.8604736328125,333.85821533203125,524.6292114257812,0.0025449076201766
tile_r019043_c009315,2,358.2838439941406,388.7510986328125,403.7308654785156,430.1995239257813,0.0024285169783979
tile_r019043_c009315,2,390.8295593261719,514.8540649414062,476.2805786132813,524.7999877929688,0.0023437130730599
tile_r019043_c009315,2,161.695556640625,484.86041259765625,198.99539184570312,512.1216430664062,0.0023080199025571
tile_r019043_c009315,2,278.9849853515625,413.3528442382813,361.5802001953125,503.0381774902344,0.0022030293475836
tile_r019043_c009315,2,311.6884155273437,455.4353942871094,346.7566833496094,488.1311950683594,0.0021493572276085
tile_r019043_c009315,2,438.2451171875,310.2533874511719,491.0525512695313,365.9354248046875,0.0021229095291346
tile_r019043_c009315,2,142.2285919189453,4.543759346008301,165.5873260498047,27.59133529663086,0.0020268412772566
tile_r019043_c009315,2,-12.015790939331056,208.41845703125,-0.6570999026298523,279.2377319335937,0.0019962596707046
tile_r019043_c009315,2,100.73942565917967,515.138671875,176.55221557617188,524.7999877929688,0.0019114373717457
tile_r019043_c009315,2,288.202392578125,515.5177001953125,371.751708984375,524.7999877929688,0.0018613887950778
tile_r019043_c009315,2,-5.581243991851807,52.233665466308594,1.8502731323242188,101.5593490600586,0.0018356258515268
tile_r019043_c009315,2,188.9709930419922,515.93017578125,270.0248413085937,524.7999877929688,0.0017813863232731
tile_r019043_c009315,2,85.86868286132812,514.6300048828125,164.5120849609375,524.5296630859375,0.0016145586268976
tile_r019043_c009315,2,0.0139129636809229,56.024147033691406,17.808673858642578,95.11448669433594,0.0015736215282231
tile_r019043_c009315,2,-12.133099555969238,169.69467163085938,0.1469177305698394,238.0358428955078,0.0015711892629042
tile_r019043_c009315,2,360.05731201171875,501.8856506347656,430.5140686035156,512.98388671875,0.0015674558235332
tile_r019043_c009315,2,69.1285171508789,514.7508544921875,154.42001342773438,524.7999877929688,0.0015627071261405
tile_r019043_c009315,2,366.3487243652344,398.2429809570313,396.767822265625,426.029296875,0.0015623583458364
tile_r019043_c009315,2,416.7723083496094,515.2570190429688,501.1639099121094,524.7999877929688,0.0014832632150501
tile_r019043_c009315,2,358.8423767089844,514.7928466796875,438.5625,524.3299560546875,0.0014724537031725
tile_r019043_c009315,2,-11.995363235473633,192.88345336914065,0.0271804817020893,268.1666564941406,0.0014566822210326
tile_r019043_c009315,2,-12.066850662231444,178.9046630859375,0.4973892271518707,254.0665740966797,0.001455286052078
tile_r019043_c009315,2,211.6557159423828,514.1163330078125,276.95416259765625,524.7999877929688,0.001442878274247
tile_r019043_c009315,2,0.4039688110351562,201.7505798339844,33.10858154296875,261.1329040527344,0.0014143566368147
tile_r019043_c009315,2,119.20654296875,-4.279411315917969,182.2397918701172,39.26624298095703,0.0013928236439824
tile_r019043_c009315,2,376.0746154785156,510.7620239257813,442.9196166992188,516.7181396484375,0.0013641072437167
tile_r019043_c009315,2,380.3792114257813,512.0035400390625,454.72021484375,519.7398681640625,0.0013410475803539
tile_r019043_c009315,2,1.360321044921875,193.8794403076172,32.161590576171875,249.0585479736328,0.0013212224002927
tile_r019043_c009315,2,134.53182983398438,-5.296850681304932,199.2321014404297,49.02045440673828,0.0013094223104417
tile_r019043_c009315,2,-12.60105323791504,48.68868255615234,-4.040898323059082,105.57682037353516,0.0013051379937678
tile_r019043_c009315,2,278.65362548828125,514.94775390625,357.5096435546875,524.7999877929688,0.0012701535597443
tile_r019043_c009315,2,-0.1154602020978927,211.5700225830078,34.210044860839844,276.63995361328125,0.0012666602851822
tile_r019043_c009315,2,379.0195617675781,503.4285278320313,476.3761596679688,514.490234375,0.0012563978089019
tile_r019043_c009315,2,311.75518798828125,516.6956787109375,396.7098693847656,524.7999877929688,0.0012464474420994
tile_r019043_c009315,2,201.4375457763672,516.7388916015625,283.241943359375,524.7999877929688,0.0012304503470659
tile_r019043_c009315,2,386.1384887695313,517.7120361328125,447.0847778320313,524.7999877929688,0.0012181637575849
tile_r019043_c009315,2,441.0802307128906,515.155029296875,519.5938720703125,524.6957397460938,0.001214675605297
tile_r019043_c009315,2,222.5397491455078,515.5890502929688,308.6532287597656,524.7999877929688,0.0012125300709158
tile_r019043_c009315,2,-1.860107421875,153.9187469482422,36.81563568115234,222.1488342285156,0.001209920970723
tile_r019043_c009315,2,68.02030181884766,511.80810546875,142.90762329101562,522.7860107421875,0.0012025417527183
tile_r019043_c009315,2,104.41096496582033,502.74658203125,167.08761596679688,513.05908203125,0.0011927703162655
tile_r019043_c009315,2,356.3593139648437,145.11819458007812,452.378662109375,265.67706298828125,0.0011880660895258
tile_r019043_c009315,2,-12.347618103027344,228.6963806152344,0.0687774643301963,303.53521728515625,0.0011326149106025
tile_r019043_c009315,2,129.22909545898438,-12.741266250610352,183.9317321777344,53.44563674926758,0.0011286255903542
tile_r019043_c009315,2,181.87026977539065,240.5254821777344,267.12274169921875,325.271484375,0.0011136390967294
tile_r019043_c009315,2,55.218788146972656,458.6473083496094,80.32169342041016,486.2720336914063,0.0011039869859814
tile_r019043_c009315,2,439.1799926757813,322.3421325683594,486.9378967285156,367.1551208496094,0.001093914383091
tile_r019043_c009315,2,340.802490234375,516.3171997070312,426.1650390625,524.7999877929688,0.0010895649902522
tile_r019043_c009315,2,41.18011474609375,251.9780731201172,123.80755615234376,342.92633056640625,0.0010880184127017
tile_r019043_c009315,2,165.25271606445312,514.60595703125,257.95831298828125,524.7999877929688,0.0010824131313711
tile_r019043_c009315,2,-11.841543197631836,53.663047790527344,1.238897681236267,133.39443969726562,0.0010785249760374
tile_r019043_c009315,2,247.8853454589844,235.0293884277344,316.8960876464844,317.8349609375,0.0010772501118481
tile_r019043_c009315,2,102.31062316894533,-5.850049018859863,182.1338653564453,21.2630615234375,0.0010552272433415
tile_r019043_c009315,2,15.446072578430176,404.4219665527344,107.690673828125,499.2020568847656,0.0010460612829774
tile_r019043_c009315,2,-12.276476860046388,147.58840942382812,0.3036163449287414,217.30496215820312,0.001038075541146
tile_r019043_c009315,2,293.3163452148437,421.20611572265625,327.6085510253906,458.61724853515625,0.0010352239478379
tile_r019043_c009315,2,0.4095443785190582,179.3919219970703,33.12480545043945,241.2515411376953,0.0010352149838581
tile_r019043_c009315,2,341.65435791015625,501.89202880859375,418.6279296875,512.7196655273438,0.001029138918966
tile_r019043_c009315,2,257.84100341796875,511.8290100097656,327.3020935058594,521.4739379882812,0.001027341466397
tile_r019043_c009315,2,124.9359130859375,487.3451232910156,205.40090942382807,514.5470581054688,0.0010207589948549
tile_r019043_c009315,2,389.15728759765625,506.17236328125,457.84515380859375,512.6585083007812,0.001008886960335
tile_r019043_c009315,2,451.2959899902344,512.3123779296875,522.0945434570312,521.58056640625,0.0010064071975648
tile_r019043_c009315,2,20.71419715881348,515.6782836914062,99.0424575805664,524.7999877929688,0.001005713827908
tile_r019043_c009315,2,514.8339233398438,384.15533447265625,524.7471313476562,462.4695739746094,0.0010047407122328
tile_r019299_c008035,2,195.9780731201172,25.793737411499023,243.0142059326172,70.116943359375,0.7201486229896545
tile_r019299_c008035,2,354.4511108398437,69.09819793701172,418.9859313964844,128.3688507080078,0.7078145146369934
tile_r019299_c008035,2,373.5579223632813,264.1210021972656,428.91845703125,311.5470275878906,0.702671468257904
tile_r019299_c008035,2,438.5540466308594,94.37028503417967,504.197021484375,149.2324676513672,0.6847670078277588
tile_r019299_c008035,2,375.87701416015625,196.33804321289065,426.6090393066406,247.0105438232422,0.6808907985687256
tile_r019299_c008035,2,0.6048965454101562,256.63848876953125,42.1741828918457,300.1771545410156,0.6556548476219177
tile_r019299_c008035,2,321.9510803222656,414.9970703125,375.54638671875,465.5912170410156,0.6423432230949402
tile_r019299_c008035,2,416.5995178222656,381.5216674804688,477.3268432617188,432.8556518554688,0.6088029146194458
tile_r019299_c008035,2,-0.2349395751953125,479.5401306152344,24.19203186035156,513.3909301757812,0.4817989468574524
tile_r019299_c008035,2,314.3583374023437,-2.1945221424102783,363.6375732421875,24.30531883239746,0.3317305147647857
tile_r019299_c008035,2,199.2331085205078,30.343822479248047,239.2752990722656,66.47847747802734,0.308434247970581
tile_r019299_c008035,2,485.6701049804688,189.03097534179688,502.4146423339844,207.5189208984375,0.275843858718872
tile_r019299_c008035,2,318.69354248046875,0.0002380371151957,357.6744079589844,21.6324462890625,0.2125843614339828
tile_r019299_c008035,2,447.6921997070313,98.9766616821289,500.0400390625,143.3263702392578,0.205895185470581
tile_r019299_c008035,2,317.4287109375,407.9284057617188,380.4574279785156,469.4729614257813,0.1743257194757461
tile_r019299_c008035,2,325.1541442871094,235.2430419921875,343.562255859375,252.8685760498047,0.1613861173391342
tile_r019299_c008035,2,378.3273315429688,269.955810546875,426.5671997070313,307.82989501953125,0.1318054497241974
tile_r019299_c008035,2,361.9089965820313,75.1018295288086,416.599609375,123.6745834350586,0.1264120787382125
tile_r019299_c008035,2,413.410400390625,372.9156494140625,481.3733825683594,438.6759643554688,0.1250310689210891
tile_r019299_c008035,2,483.08404541015625,185.4058532714844,505.1051330566406,208.8712921142578,0.1074350103735923
tile_r019299_c008035,2,419.6283264160156,388.1203002929688,471.3951110839844,427.9647521972656,0.1071245148777961
tile_r019299_c008035,2,370.9223327636719,190.1703948974609,431.5174865722656,251.5484313964844,0.0788343474268913
tile_r019299_c008035,2,0.5810577273368835,474.81732177734375,29.713083267211918,515.3409423828125,0.0760259553790092
tile_r019299_c008035,2,433.6513671875,86.91560363769531,509.9900512695313,156.33413696289062,0.0716488882899284
tile_r019299_c008035,2,368.4320068359375,257.033935546875,433.9627075195313,314.7957458496094,0.0520088374614715
tile_r019299_c008035,2,325.01141357421875,423.9636840820313,368.1170349121094,462.5398559570313,0.0385472066700458
tile_r019299_c008035,2,322.2027282714844,231.3119201660156,347.171875,255.8679656982422,0.0352119132876396
tile_r019299_c008035,2,191.16653442382807,20.425949096679688,249.6251220703125,76.20027160644531,0.0302612669765949
tile_r019299_c008035,2,3.4083619117736816,262.42974853515625,37.87287521362305,297.5917358398437,0.0245431829243898
tile_r019299_c008035,2,-2.2870116233825684,249.30667114257807,45.49077224731445,303.8556823730469,0.0222833584994077
tile_r019299_c008035,2,420.4494018554688,395.02825927734375,457.8484497070313,427.47607421875,0.0130939213559031
tile_r019299_c008035,2,423.3275451660156,37.6372184753418,443.6458129882813,55.14128494262695,0.0105489417910575
tile_r019299_c008035,2,347.4930114746094,61.76952362060547,425.5076599121094,134.86264038085938,0.0081315478309988
tile_r019299_c008035,2,480.83001708984375,183.4569549560547,508.897705078125,212.78640747070312,0.0078599452972412
tile_r019299_c008035,2,-9.859506607055664,474.3131713867188,11.877639770507812,517.1846923828125,0.0072832037694752
tile_r019299_c008035,2,-8.982861518859863,245.0904541015625,52.5179443359375,311.3074035644531,0.0069352150894701
tile_r019299_c008035,2,187.38682556152344,13.074350357055664,256.34405517578125,83.52830505371094,0.0066848578862845
tile_r019299_c008035,2,-9.316485404968262,470.6277770996094,17.683757781982422,517.8829345703125,0.0055692014284431
tile_r019299_c008035,2,-0.65997314453125,482.0834045410156,19.14418029785156,511.4099731445313,0.0054812473244965
tile_r019299_c008035,2,-4.577522277832031,480.7948303222656,2.512255907058716,514.7733154296875,0.0045060138218104
tile_r019299_c008035,2,448.29150390625,81.7917709350586,513.3860473632812,152.6403045654297,0.0045009623281657
tile_r019299_c008035,2,320.4205627441406,-1.6343635320663452,374.901123046875,23.5664119720459,0.0044297468848526
tile_r019299_c008035,2,301.3656616210937,-4.981832981109619,367.8230590820313,21.11428451538086,0.0042328755371272
tile_r019299_c008035,2,432.296142578125,388.02154541015625,478.0904846191406,424.76507568359375,0.0038626701571047
tile_r019299_c008035,2,322.8800354003906,236.1363525390625,340.4032592773437,253.17434692382807,0.003626465331763
tile_r019299_c008035,2,-11.963048934936523,351.5887756347656,-0.421957403421402,407.7483520507813,0.0034777775872498
tile_r019299_c008035,2,385.8788146972656,204.33474731445312,422.9533081054688,241.1403045654297,0.0033443847205489
tile_r019299_c008035,2,310.10479736328125,-3.263159275054932,373.57330322265625,31.29097366333008,0.0031900105532258
tile_r019299_c008035,2,-11.72865104675293,318.0258178710937,-0.596752941608429,376.4143981933594,0.0030273802112787
tile_r019299_c008035,2,-11.865107536315918,327.14410400390625,-0.4725753664970398,393.92181396484375,0.0029864644166082
tile_r019299_c008035,2,188.9861297607422,335.5979919433594,224.1551818847656,370.632080078125,0.0026786956004798
tile_r019299_c008035,2,362.5379638671875,252.76937866210935,439.7444458007813,326.2643127441406,0.0026238879654556
tile_r019299_c008035,2,-10.618319511413574,249.73709106445312,20.740182876586918,321.8114013671875,0.0024794482160359
tile_r019299_c008035,2,2.812603712081909,478.0213317871094,23.761798858642575,506.038330078125,0.0024476326070725
tile_r019299_c008035,2,380.0564270019531,202.1664276123047,418.3578186035156,243.3363037109375,0.0022991015575826
tile_r019299_c008035,2,429.83740234375,514.4906005859375,510.21337890625,524.7659912109375,0.0022903201170265
tile_r019299_c008035,2,102.7948989868164,514.3342895507812,180.2411346435547,524.5206298828125,0.0021512317471206
tile_r019299_c008035,2,395.4803161621094,513.9822387695312,474.3628540039063,524.4049682617188,0.0020857974886894
tile_r019299_c008035,2,422.0282287597656,420.118896484375,458.2005004882813,454.79339599609375,0.0020744276698678
tile_r019299_c008035,2,474.1014099121094,517.5371704101562,524.2471923828125,524.7999877929688,0.0020687002688646
tile_r019299_c008035,2,-11.182063102722168,268.0045471191406,2.1497116088867188,330.3270874023437,0.0020547837484627
tile_r019299_c008035,2,75.34391784667969,514.06298828125,155.14773559570312,524.38427734375,0.0020433345343917
tile_r019299_c008035,2,103.459228515625,352.3641662597656,137.270263671875,379.6536254882813,0.0020420863293111
tile_r019299_c008035,2,481.9039001464844,186.3705139160156,502.5806579589844,205.5365753173828,0.0020370511338114
tile_r019299_c008035,2,-10.592229843139648,235.5621337890625,34.04608154296875,312.0446472167969,0.0020318804308772
tile_r019299_c008035,2,-10.475621223449709,481.6792602539063,9.330438613891602,524.7999877929688,0.0019980538636446
tile_r019299_c008035,2,-11.120213508605955,222.12826538085935,12.030308723449709,299.0316467285156,0.0019259911496192
tile_r019299_c008035,2,421.1392517089844,397.5699157714844,447.9808654785156,426.1423950195313,0.0019132703309878
tile_r019299_c008035,2,51.479774475097656,514.278564453125,129.01425170898438,524.5346069335938,0.0019021797925233
tile_r019299_c008035,2,318.62554931640625,1.2434508800506592,349.9117126464844,19.84029197692871,0.0018376486841589
tile_r019299_c008035,2,-12.038938522338867,162.45034790039062,-1.0821441411972046,223.8220672607422,0.0018319739028811
tile_r019299_c008035,2,-12.013798713684082,173.00048828125,-1.1027129888534546,237.311279296875,0.0018015527166426
tile_r019299_c008035,2,-12.043169021606444,359.62750244140625,-0.3821685910224914,422.626953125,0.0017773141153156
tile_r019299_c008035,2,-11.96496868133545,184.5824279785156,-1.3864014148712158,248.7935485839844,0.0017661199672147
tile_r019299_c008035,2,-12.000293731689451,152.0125274658203,-1.165557861328125,212.3379669189453,0.0017485197167843
tile_r019299_c008035,2,440.6036987304688,386.07757568359375,478.7160034179688,417.7386169433594,0.0017075999639928
tile_r019299_c008035,2,-11.861167907714844,140.4074249267578,-1.237605333328247,199.7449188232422,0.0016681221313774
tile_r019299_c008035,2,28.78259658813477,515.3132934570312,103.7163314819336,524.7890625,0.0016568263527005
tile_r019299_c008035,2,40.7633171081543,514.728515625,116.6892318725586,524.7355346679688,0.0016455905279144
tile_r019299_c008035,2,119.01954650878906,318.7276306152344,147.70555114746094,340.2523498535156,0.0016452255658805
tile_r019299_c008035,2,-10.348126411437988,454.3322143554688,21.640161514282227,518.1638793945312,0.0016388156218454
tile_r019299_c008035,2,114.42134857177734,380.7595825195313,146.06040954589844,408.4724731445313,0.0015504541806876
tile_r019299_c008035,2,184.79476928710935,330.56304931640625,230.913330078125,374.270263671875,0.0014992600772529
tile_r019299_c008035,2,329.33026123046875,0.2290069609880447,366.8152465820313,21.19247055053711,0.0014913112390786
tile_r019299_c008035,2,116.53424072265624,317.8289489746094,142.19435119628906,342.6886291503906,0.001481786603108
tile_r019299_c008035,2,368.5281372070313,514.2192993164062,449.8763732910156,524.5230712890625,0.0014724277425557
tile_r019299_c008035,2,189.14122009277344,514.8363037109375,269.56378173828125,524.7999877929688,0.0014692700933665
tile_r019299_c008035,2,127.2786865234375,514.9928588867188,208.2476501464844,524.7999877929688,0.0014645240735262
tile_r019299_c008035,2,-12.33305549621582,476.5990295410156,-5.163322448730469,523.8615112304688,0.0014602328883484
tile_r019299_c008035,2,253.0151824951172,515.3114013671875,335.9933166503906,524.7999877929688,0.0014442756073549
tile_r019299_c008035,2,511.4183044433594,505.9986877441406,524.6043701171875,524.7999877929688,0.0014251506654545
tile_r019299_c008035,2,416.8990783691406,385.8283081054688,480.289794921875,450.4928588867188,0.001423264038749
tile_r019299_c008035,2,211.5196228027344,515.0363159179688,296.3497619628906,524.7999877929688,0.0013886819360777
tile_r019299_c008035,2,460.1996154785156,515.3055419921875,520.9683837890625,524.3963623046875,0.0013858685269951
tile_r019299_c008035,2,481.3887634277344,176.3941192626953,511.6424865722656,213.9678497314453,0.0013818547595292
tile_r019299_c008035,2,-11.817570686340332,281.2603454589844,-0.8516647219657898,345.3433532714844,0.0013796265702694
tile_r019299_c008035,2,465.28173828125,174.3302001953125,516.7066650390625,231.3294677734375,0.0013645048020407
tile_r019299_c008035,2,175.171630859375,28.907787322998047,216.2073211669922,92.3816146850586,0.0013602640246972
tile_r019299_c008035,2,494.06744384765625,369.5161743164063,519.8814086914062,433.0335388183594,0.0013518210034817
tile_r019299_c008035,2,-11.612503051757812,128.5369415283203,-0.8261779546737671,188.13552856445312,0.0013466251548379
tile_r019299_c008035,2,-11.690875053405762,206.9304656982422,-0.327047735452652,269.81787109375,0.0013246634043753
tile_r019299_c008035,2,483.2623901367188,190.37472534179688,499.79150390625,207.45968627929688,0.0013208870077505
tile_r019299_c008035,2,141.35946655273438,515.4862670898438,222.98757934570312,524.7999877929688,0.0013157699722796
tile_r019299_c008035,2,219.9795379638672,517.8794555664062,277.3014221191406,524.7999877929688,0.0012790168402716
tile_r019299_c008035,2,193.8949737548828,517.58447265625,252.9939422607422,524.7999877929688,0.0012706491397693
tile_r019299_c008035,2,279.97857666015625,515.319091796875,359.85015869140625,524.7999877929688,0.0012166376691311
tile_r019299_c008035,2,-11.389841079711914,118.05955505371094,-0.8716980218887329,176.41212463378906,0.0012088530929759
tile_r019299_c008035,2,-7.939007759094238,258.886474609375,45.37701416015625,327.4149780273437,0.0011909520253539
tile_r019299_c008035,2,-12.081140518188477,371.4479370117188,-0.5924026370048523,440.81201171875,0.0011827698908746
tile_r019299_c008035,2,156.0713348388672,515.9454345703125,234.9368133544922,524.7999877929688,0.0011820778017863
tile_r019299_c008035,2,-11.871665954589844,297.3583374023437,-0.9084151983261108,359.6674194335937,0.0011758512118831
tile_r019299_c008035,2,361.10882568359375,177.22207641601562,438.5314025878906,258.0772399902344,0.0011461972026154
tile_r019299_c008035,2,411.77734375,83.83628845214844,450.6123962402344,150.00167846679688,0.0011445998679846
tile_r019299_c008035,2,306.54931640625,-12.753005981445312,370.5032348632813,15.985870361328123,0.0011395594337955
tile_r019299_c008035,2,13.640591621398926,515.4215087890625,89.86808013916016,524.7999877929688,0.0011341214412823
tile_r019299_c008035,2,310.26226806640625,-11.322924613952637,386.32861328125,58.714820861816406,0.0011218126164749
tile_r019299_c008035,2,423.5445861816406,362.4435119628906,483.50335693359375,435.8009338378906,0.0011047769803553
tile_r019299_c008035,2,-9.974115371704102,468.8997192382813,42.510841369628906,521.6461791992188,0.0010951994918286
tile_r019299_c008035,2,68.50422668457031,228.4764709472656,210.5153045654297,366.5368041992188,0.0010931731667369
tile_r019299_c008035,2,155.1214599609375,273.41387939453125,180.7320556640625,296.3746643066406,0.0010901354253292
tile_r019299_c008035,2,250.50033569335935,518.465087890625,309.9232788085937,524.7999877929688,0.0010836228029802
tile_r019299_c008035,2,516.8887939453125,159.9137725830078,524.7786865234375,236.4859313964844,0.0010777325369417
tile_r019299_c008035,2,470.78515625,387.3153076171875,517.1739501953125,457.09326171875,0.0010769760701805
tile_r019299_c008035,2,-12.031280517578123,389.7615356445313,-0.8391769528388977,454.8875122070313,0.0010745417093858
tile_r019299_c008035,2,458.4976501464844,99.1265106201172,494.3216857910156,126.8263168334961,0.001073949621059
tile_r019299_c008035,2,0.6145874261856079,329.7012634277344,30.018474578857425,389.8797912597656,0.0010691991774365
tile_r019299_c008035,2,337.9539489746094,60.02248001098633,412.44140625,129.8050994873047,0.0010609733872115
tile_r019299_c008035,2,473.3604431152344,376.53558349609375,515.9176635742188,442.62982177734375,0.0010600029490888
tile_r019299_c008035,2,218.76806640625,512.1751708984375,283.898681640625,522.8731079101562,0.0010546457488089
tile_r019299_c008035,2,352.7500915527344,514.830078125,437.1426696777344,524.7999877929688,0.001051002414897
tile_r019299_c008035,2,515.2775268554688,384.18597412109375,524.7607421875,461.52484130859375,0.0010267128236591
tile_r019299_c008035,2,366.3462829589844,76.88314056396484,434.7438354492188,146.03692626953125,0.0010205149883404
tile_r019299_c008035,2,515.4933471679688,87.72269439697266,524.6207275390625,162.14511108398438,0.0010176284704357
tile_r019299_c008035,2,-4.073071479797363,471.628662109375,38.96857452392578,514.2955322265625,0.001013797475025
tile_r019299_c008291,2,98.32185363769533,69.19731140136719,163.0037841796875,128.3114471435547,0.7111152410507202
tile_r019299_c008291,2,117.5286865234375,264.1036071777344,173.0562744140625,311.56591796875,0.7035664916038513
tile_r019299_c008291,2,119.8694839477539,196.2914123535156,170.67471313476562,247.01416015625,0.6838592290878296
tile_r019299_c008291,2,182.2535095214844,94.2487335205078,246.9014587402344,149.07290649414062,0.6827617883682251
tile_r019299_c008291,2,65.9978256225586,415.2618103027344,119.47917175292967,465.4984436035156,0.6429489850997925
tile_r019299_c008291,2,160.4882049560547,381.5159301757813,221.42550659179688,432.9152221679688,0.6075095534324646
tile_r019299_c008291,2,335.79010009765625,335.5195617675781,381.3654174804688,379.0220336914063,0.563525378704071
tile_r019299_c008291,2,58.3115119934082,-2.205303907394409,107.67620849609376,24.357336044311523,0.3334213197231293
tile_r019299_c008291,2,298.1455383300781,494.7818298339844,333.3843078613281,513.1829833984375,0.2653602063655853
tile_r019299_c008291,2,62.5675163269043,0.0121276853606104,101.738525390625,21.623760223388672,0.2204908281564712
tile_r019299_c008291,2,191.3795166015625,98.4529800415039,244.20578002929688,143.30810546875,0.2140887528657913
tile_r019299_c008291,2,229.4398956298828,189.2332763671875,246.9658203125,207.1412811279297,0.204308420419693
tile_r019299_c008291,2,293.0679626464844,492.8597717285156,338.8851623535156,513.74755859375,0.1758769750595092
tile_r019299_c008291,2,340.09820556640625,340.3675231933594,378.7757263183594,376.1681213378906,0.167498305439949
tile_r019299_c008291,2,61.44890213012695,408.10107421875,124.4566650390625,469.2697143554688,0.1624659597873687
tile_r019299_c008291,2,69.27102661132812,235.24722290039065,87.65621948242188,252.75259399414065,0.1536239981651306
tile_r019299_c008291,2,296.06658935546875,495.7072143554688,347.11004638671875,513.1226806640625,0.1467040330171585
tile_r019299_c008291,2,122.2339859008789,269.944580078125,170.67236328125,307.85504150390625,0.1292605847120285
tile_r019299_c008291,2,105.8489761352539,75.19771575927734,160.6292724609375,123.60350036621094,0.1165718957781791
tile_r019299_c008291,2,163.52896118164062,388.1060180664063,215.4861602783203,427.9977111816406,0.1122770607471466
tile_r019299_c008291,2,245.47708129882807,177.0709228515625,277.61102294921875,211.72122192382807,0.0948809087276458
tile_r019299_c008291,2,114.91682434082033,190.1346740722656,175.73416137695312,251.5596160888672,0.0787102654576301
tile_r019299_c008291,2,176.70896911621094,87.07328796386719,251.9112243652344,155.5280303955078,0.0742111504077911
tile_r019299_c008291,2,112.2710952758789,256.96661376953125,178.2587432861328,315.04083251953125,0.056863747537136
tile_r019299_c008291,2,226.9228515625,184.08590698242188,249.6138610839844,209.7256622314453,0.0535742379724979
tile_r019299_c008291,2,66.23929595947266,231.4689483642578,91.10015869140624,255.9076232910156,0.0395735166966915
tile_r019299_c008291,2,68.99797058105469,424.01165771484375,112.1094741821289,462.4571838378906,0.0369239151477813
tile_r019299_c008291,2,249.9467315673828,182.7978973388672,278.44781494140625,212.00845336914065,0.02088238671422
tile_r019299_c008291,2,92.24064636230467,59.130126953125,167.1805877685547,132.24765014648438,0.0200076196342706
tile_r019299_c008291,2,151.7995147705078,364.0415954589844,229.3473663330078,439.1698303222656,0.0169763714075088
tile_r019299_c008291,2,164.425048828125,395.0573120117188,201.97134399414065,427.4903259277344,0.012795029208064
tile_r019299_c008291,2,230.1182556152344,186.5688934326172,252.58724975585935,208.73486328125,0.0090687004849314
tile_r019299_c008291,2,400.9837036132813,109.0195770263672,430.1431579589844,138.25650024414062,0.0079913130030035
tile_r019299_c008291,2,289.31317138671875,487.7255859375,341.79833984375,514.2365112304688,0.0068785827606916
tile_r019299_c008291,2,287.4953308105469,497.1214294433594,357.27545166015625,515.630126953125,0.0068547567352652
tile_r019299_c008291,2,166.9954833984375,37.47243118286133,187.7742462158203,55.34102249145508,0.0059689315967261
tile_r019299_c008291,2,325.929931640625,325.74176025390625,391.8985900878906,387.31353759765625,0.0051596700213849
tile_r019299_c008291,2,297.38238525390625,497.7388610839844,367.5703430175781,512.7330322265625,0.0050236755050718
tile_r019299_c008291,2,64.3730239868164,-1.6305084228515625,118.82365417480467,23.53229331970215,0.0042616087011992
tile_r019299_c008291,2,45.81842041015625,-4.978472709655762,112.24952697753906,21.299291610717773,0.0039473506622016
tile_r019299_c008291,2,66.77986145019531,236.06527709960935,84.39811706542969,252.76889038085935,0.0039367685094475
tile_r019299_c008291,2,250.4330139160156,110.8705596923828,273.4518127441406,133.13363647460938,0.0038421005010604
tile_r019299_c008291,2,226.87289428710935,175.8530731201172,270.539794921875,212.1393585205078,0.0037493265699595
tile_r019299_c008291,2,285.5018920898437,499.7083129882813,350.43768310546875,518.0430908203125,0.0035442290827631
tile_r019299_c008291,2,176.06468200683594,388.2503051757813,222.2030792236328,424.8746948242188,0.0034340838901698
tile_r019299_c008291,2,-12.016586303710938,30.445255279541016,-0.7246551513671875,97.04888916015624,0.0034108266700059
tile_r019299_c008291,2,275.5401916503906,493.6063537597656,346.9682006835937,513.43017578125,0.003360656555742
tile_r019299_c008291,2,54.016395568847656,-3.343426465988159,118.3554458618164,31.302295684814453,0.0033335448242723
tile_r019299_c008291,2,242.2476043701172,173.2838134765625,280.975341796875,215.2958221435547,0.0033297212794423
tile_r019299_c008291,2,129.81405639648438,204.2613220214844,166.9799041748047,241.14273071289065,0.0032170682679861
tile_r019299_c008291,2,223.7893524169922,181.903076171875,254.3352508544922,213.0395965576172,0.0029080123640596
tile_r019299_c008291,2,106.0525360107422,247.38330078125,190.65463256835935,327.0538024902344,0.0028381757438182
tile_r019299_c008291,2,221.2025909423828,177.75723266601562,248.55776977539065,213.0151824951172,0.0027428076136857
tile_r019299_c008291,2,422.162109375,514.787841796875,498.8610229492188,524.7793579101562,0.0027426171582192
tile_r019299_c008291,2,486.91693115234375,-6.478326320648193,520.4696044921875,78.08978271484375,0.0026589154731482
tile_r019299_c008291,2,494.3584899902344,1.5833861827850342,518.7659301757812,76.17851257324219,0.0026458851061761
tile_r019299_c008291,2,425.0846557617188,517.35693359375,482.5973510742188,524.7999877929688,0.0025611631572246
tile_r019299_c008291,2,173.4510040283203,514.1845703125,256.68682861328125,524.7228393554688,0.0024481299333274
tile_r019299_c008291,2,227.5456085205078,515.4205932617188,305.1309509277344,524.7999877929688,0.002433892339468
tile_r019299_c008291,2,415.748046875,511.4920959472656,481.8367309570313,520.6573486328125,0.002420102013275
tile_r019299_c008291,2,139.3921661376953,513.9185791015625,219.2822265625,524.4111328125,0.0023055265191942
tile_r019299_c008291,2,240.9704132080078,515.7994995117188,322.94903564453125,524.7999877929688,0.0022722787689417
tile_r019299_c008291,2,124.06135559082033,202.11508178710935,162.44851684570312,243.32162475585935,0.0022579149808734
tile_r019299_c008291,2,247.53030395507807,107.3185043334961,274.3034362792969,135.96426391601562,0.0022452895063906
tile_r019299_c008291,2,514.5086669921875,442.9744262695313,524.6883544921875,510.5128784179688,0.002184250857681
tile_r019299_c008291,2,215.8930206298828,514.6253662109375,291.5110778808594,524.6305541992188,0.0021730433218181
tile_r019299_c008291,2,394.8149108886719,514.3193359375,477.57568359375,524.3812255859375,0.0021603968925774
tile_r019299_c008291,2,225.55615234375,185.9908905029297,246.8310546875,205.70706176757807,0.002040829276666
tile_r019299_c008291,2,348.461181640625,514.999267578125,421.000732421875,524.7592163085938,0.0020166200120002
tile_r019299_c008291,2,-11.97154712677002,7.286639213562012,-0.4299697875976562,73.62122344970703,0.0019910507835447
tile_r019299_c008291,2,244.427490234375,175.80459594726562,273.746826171875,205.88168334960935,0.0019873846322298
tile_r019299_c008291,2,521.7259521484375,32.24217987060547,524.29296875,98.18275451660156,0.0019725346937775
tile_r019299_c008291,2,165.1182098388672,397.5460815429688,192.1737365722656,426.1463928222656,0.001921726274304
tile_r019299_c008291,2,289.1661071777344,492.7255859375,350.2438049316406,522.61572265625,0.0018673349404707
tile_r019299_c008291,2,296.3770446777344,508.5360412597656,369.3045959472656,516.02587890625,0.0018229600973427
tile_r019299_c008291,2,62.53471755981445,1.1854369640350342,94.19769287109376,19.88054847717285,0.00181139272172
tile_r019299_c008291,2,413.1561584472656,517.0216064453125,474.1182556152344,524.7999877929688,0.0018072752282023
tile_r019299_c008291,2,257.62188720703125,507.9388122558594,343.7191772460937,524.7999877929688,0.0017690066015347
tile_r019299_c008291,2,351.9817810058594,454.9850158691406,368.8170471191406,473.10491943359375,0.001758441212587
tile_r019299_c008291,2,489.66497802734375,429.6755981445313,520.2786865234375,509.07470703125,0.0017436732305213
tile_r019299_c008291,2,166.107666015625,420.0421447753906,202.2523956298828,454.8645935058594,0.0017180166905745
tile_r019299_c008291,2,465.38763427734375,511.6846618652344,524.7999877929688,521.0037841796875,0.0017155526438727
tile_r019299_c008291,2,474.2294006347656,328.6485595703125,503.5236206054688,357.2089538574219,0.0017029972514137
tile_r019299_c008291,2,513.8203125,373.89007568359375,524.7999877929688,447.310791015625,0.001670086174272
tile_r019299_c008291,2,238.8457489013672,108.8725814819336,275.629150390625,145.04354858398438,0.0016696284292265
tile_r019299_c008291,2,310.3548278808594,513.2620849609375,398.74359130859375,524.7999877929688,0.00165234610904
tile_r019299_c008291,2,441.8143615722656,514.814453125,516.2218017578125,524.626953125,0.0016183047555387
tile_r019299_c008291,2,111.8000030517578,514.1669921875,194.2579803466797,524.5105590820312,0.0015505104092881
tile_r019299_c008291,2,397.6286010742188,517.9570922851562,467.0936584472656,524.7999877929688,0.001542758080177
tile_r019299_c008291,2,462.37646484375,517.306640625,521.2960205078125,524.7999877929688,0.0015381382545456
tile_r019299_c008291,2,366.3043212890625,514.98291015625,449.4818420410156,524.7999877929688,0.0015305074630305
tile_r019299_c008291,2,522.1666259765625,40.5537338256836,524.3072509765625,101.4976043701172,0.0015128137310966
tile_r019299_c008291,2,184.50778198242188,385.9928588867188,222.9014892578125,417.4088745117188,0.0015123196644708
tile_r019299_c008291,2,242.075927734375,97.0430145263672,277.3941955566406,138.73324584960938,0.0014500265242531
tile_r019299_c008291,2,73.27536010742188,0.2261199951171875,110.7124252319336,21.315074920654297,0.0014173863455653
tile_r019299_c008291,2,-0.029736328870058,23.02045249938965,32.99570846557617,86.26697540283203,0.0013840410392731
tile_r019299_c008291,2,469.7013549804688,514.74853515625,524.5822143554688,524.7999877929688,0.0013770189834758
tile_r019299_c008291,2,513.7418823242188,355.42193603515625,524.7999877929688,425.65625,0.001369108329527
tile_r019299_c008291,2,514.5614013671875,15.804275512695312,524.6251220703125,84.1366195678711,0.0013652639463543
tile_r019299_c008291,2,-0.6273239254951477,8.572097778320312,33.17981719970703,73.501708984375,0.0013585446868091
tile_r019299_c008291,2,421.7218322753906,512.0724487304688,488.36810302734375,522.6339111328125,0.0013479000190272
tile_r019299_c008291,2,-11.987478256225586,1.349156141281128,-0.4890685975551605,48.01115798950195,0.0013384248595684
tile_r019299_c008291,2,394.97552490234375,104.0398178100586,433.4679260253906,143.6827392578125,0.0013279926497489
tile_r019299_c008291,2,160.8206024169922,384.6152648925781,224.8109436035156,450.8441467285156,0.0013245379086583
tile_r019299_c008291,2,-7.571642875671387,511.0342712402344,60.79736328125,522.8341064453125,0.0013182233087718
tile_r019299_c008291,2,23.391651153564453,402.3327026367188,108.2079620361328,506.3571166992188,0.0012903313618153
tile_r019299_c008291,2,439.1198120117188,517.3812866210938,493.0510864257813,524.7999877929688,0.0012891134247183
tile_r019299_c008291,2,513.8487548828125,424.0181274414063,524.7999877929688,493.464599609375,0.0012815563241019
tile_r019299_c008291,2,183.5828094482422,85.30305480957031,269.1114807128906,152.852783203125,0.0012744385749101
tile_r019299_c008291,2,453.112060546875,516.2581787109375,520.2479858398438,524.7999877929688,0.0012179746991023
tile_r019299_c008291,2,201.9074249267578,98.65095520019533,239.3146514892578,127.5013656616211,0.0012162571074441
tile_r019299_c008291,2,465.2610473632813,444.46002197265625,515.9739990234375,510.5852966308594,0.0012143470812588
tile_r019299_c008291,2,50.48247146606445,-12.76088523864746,114.66160583496094,15.620000839233398,0.0012102932669222
tile_r019299_c008291,2,51.16826248168945,-11.753552436828612,130.81338500976562,58.7374382019043,0.0012062122114002
tile_r019299_c008291,2,362.6070861816406,517.6477661132812,416.8684997558594,524.7999877929688,0.0012015833053737
tile_r019299_c008291,2,301.2276916503906,511.73052978515625,376.28363037109375,518.4310913085938,0.0011993101797997
tile_r019299_c008291,2,314.41766357421875,322.5129089355469,377.6339721679688,390.83245849609375,0.0011865010019391
tile_r019299_c008291,2,154.99392700195312,83.71400451660156,195.00125122070312,150.857666015625,0.0011488255113363
tile_r019299_c008291,2,416.68695068359375,506.6082458496094,479.34185791015625,512.9834594726562,0.00114236632362
tile_r019299_c008291,2,345.45916748046875,518.58154296875,400.1703186035156,524.7999877929688,0.0011417396599426
tile_r019299_c008291,2,314.62359619140625,314.3822326660156,403.77044677734375,399.9972534179688,0.0011183331953361
tile_r019299_c008291,2,-12.33953857421875,49.311744689941406,-0.2045837342739105,119.67033386230467,0.0011100708507001
tile_r019299_c008291,2,515.3134765625,25.999866485595703,524.7999877929688,97.99992370605467,0.0011073057539761
tile_r019299_c008291,2,362.80279541015625,512.3186645507812,430.3336486816406,523.3020629882812,0.001104938564822
tile_r019299_c008291,2,96.1288833618164,514.7906494140625,181.1352996826172,524.7999877929688,0.0011007094290107
tile_r019299_c008291,2,-4.340979099273682,-2.002943515777588,34.004615783691406,43.018775939941406,0.0010970472358167
tile_r019299_c008291,2,385.5936279296875,502.4376831054688,477.9004821777344,513.4900512695312,0.0010924688540399
tile_r019299_c008291,2,513.7393798828125,401.6822204589844,524.7999877929688,478.0029296875,0.0010912644211202
tile_r019299_c008291,2,278.130615234375,510.49658203125,343.465576171875,522.2139892578125,0.0010910518467426
tile_r019299_c008291,2,449.0115356445313,517.6641845703125,509.5265502929688,524.7999877929688,0.0010826549259945
tile_r019299_c008291,2,-2.071460008621216,515.8180541992188,78.9063720703125,524.7999877929688,0.0010669769253581
tile_r019299_c008291,2,513.1007080078125,502.6845703125,524.7339477539062,524.7999877929688,0.0010510955471545
tile_r019299_c008291,2,23.492650985717773,515.5845947265625,103.93888854980467,524.7999877929688,0.0010459003970026
tile_r019299_c008291,2,104.9374008178711,176.9425506591797,183.0868225097656,258.4212646484375,0.001041988376528
tile_r019299_c008291,2,499.7407836914063,54.7827377319336,514.1279907226562,73.09895324707031,0.0010410958202555
tile_r019299_c008291,2,394.4645385742188,100.9842300415039,453.6865234375,144.4603271484375,0.001026919693686
tile_r019299_c008291,2,513.6946411132812,340.6651916503906,524.7999877929688,412.6559143066406,0.0010231784544885
tile_r019299_c008291,2,382.18939208984375,44.41472244262695,477.58538818359375,153.32943725585938,0.001020212075673
tile_r019299_c008291,2,280.63104248046875,471.1270446777344,354.99200439453125,514.7755126953125,0.0010183195117861
tile_r019299_c008291,2,109.5275421142578,76.55482482910156,178.89419555664062,146.71206665039062,0.0010039069456979
tile_r019299_c008547,2,297.5357971191406,82.63871002197266,343.57574462890625,124.94085693359376,0.7116456627845764
tile_r019299_c008547,2,334.8991394042969,414.8704223632813,388.5085754394531,462.4588928222656,0.6831448078155518
tile_r019299_c008547,2,320.83758544921875,279.0642395019531,351.8955078125,308.0005187988281,0.6556037068367004
tile_r019299_c008547,2,378.1167602539063,16.028430938720703,450.6792907714844,96.82144927978516,0.6130611300468445
tile_r019299_c008547,2,243.40853881835935,-3.398590087890625,316.40838623046875,60.90595245361328,0.5918650031089783
tile_r019299_c008547,2,79.96600341796875,335.5287475585937,125.26670837402344,378.836669921875,0.5620737075805664
tile_r019299_c008547,2,443.6372985839844,251.6514587402344,503.0626831054688,307.1234436035156,0.5596712231636047
tile_r019299_c008547,2,431.7313537597656,162.9091033935547,467.8135681152344,194.9374084472656,0.4157219529151916
tile_r019299_c008547,2,430.669921875,245.8413543701172,504.4031372070313,310.4894104003906,0.3222692906856537
tile_r019299_c008547,2,42.92182540893555,494.9673767089844,76.864013671875,513.2978515625,0.3191637396812439
tile_r019299_c008547,2,38.71021270751953,491.9017639160156,81.27304077148438,513.8068237304688,0.1966386437416076
tile_r019299_c008547,2,84.276611328125,340.3790283203125,122.62443542480467,376.0070190429688,0.1663072258234024
tile_r019299_c008547,2,394.91796875,42.6221809387207,443.1500854492188,94.2476806640625,0.139230340719223
tile_r019299_c008547,2,0.3344177305698395,179.96347045898438,20.730762481689453,210.28451538085935,0.1229127123951911
tile_r019299_c008547,2,338.1315612792969,420.8460388183594,384.8349914550781,459.0218200683594,0.1061685234308242
tile_r019299_c008547,2,293.1474609375,77.57683563232422,348.1578063964844,129.53610229492188,0.1024636700749397
tile_r019299_c008547,2,354.7728881835937,488.2872009277344,377.7091064453125,509.5789184570313,0.0893655270338058
tile_r019299_c008547,2,451.21282958984375,257.93853759765625,499.9798278808594,303.4900207519531,0.069065436720848
tile_r019299_c008547,2,330.1311950683594,408.5130920410156,394.35003662109375,468.3837890625,0.0517086721956729
tile_r019299_c008547,2,387.120361328125,32.23910903930664,445.2384338378906,94.7446746826172,0.0468861833214759
tile_r019299_c008547,2,323.1841735839844,283.2998962402344,347.7828063964844,306.4493103027344,0.0378111638128757
tile_r019299_c008547,2,0.1321441680192947,107.1757354736328,18.62152099609375,132.588134765625,0.0348302200436592
tile_r019299_c008547,2,317.4189453125,274.5810852050781,354.75274658203125,311.2987976074219,0.0301056131720542
tile_r019299_c008547,2,408.0455627441406,123.17967224121094,455.93695068359375,158.38079833984375,0.0267159156501293
tile_r019299_c008547,2,247.0640106201172,0.7050720453262329,298.1551208496094,57.212135314941406,0.021857613697648
tile_r019299_c008547,2,352.7765197753906,488.3150939941406,382.7403869628906,511.7765197753906,0.0183661747723817
tile_r019299_c008547,2,434.43939208984375,167.7173614501953,463.225341796875,192.5924072265625,0.017531095072627
tile_r019299_c008547,2,2.95977783203125,185.2090301513672,21.744861602783203,210.974365234375,0.0175183452665805
tile_r019299_c008547,2,368.2611083984375,7.908361911773682,456.9156188964844,102.5077896118164,0.0166354272514581
tile_r019299_c008547,2,1.296167016029358,104.385009765625,21.875431060791016,133.51504516601562,0.0164291635155677
tile_r019299_c008547,2,376.6480407714844,12.672918319702148,444.5911254882813,73.34291076660156,0.0085880188271403
tile_r019299_c008547,2,246.390380859375,51.179969787597656,274.6805114746094,75.3004379272461,0.0077022849582135
tile_r019299_c008547,2,422.5292053222656,236.99722290039065,509.9398498535156,319.8028869628906,0.0076944236643612
tile_r019299_c008547,2,350.2305603027344,490.5695190429688,401.8197326660156,511.4478454589844,0.0070493048988282
tile_r019299_c008547,2,34.026344299316406,496.8241271972656,97.9411849975586,515.4718017578125,0.0069257239811122
tile_r019299_c008547,2,414.79010009765625,130.93795776367188,453.2400817871094,157.5211639404297,0.00644197082147
tile_r019299_c008547,2,398.8207092285156,62.3592414855957,516.1197509765625,167.89877319335938,0.0063648731447756
tile_r019299_c008547,2,145.21286010742188,109.4647445678711,173.9222869873047,138.01406860351562,0.0062777744606137
tile_r019299_c008547,2,42.15375900268555,497.4637756347656,109.0849380493164,512.7349853515625,0.0062334151007235
tile_r019299_c008547,2,-10.059534072875977,168.51426696777344,-0.781811535358429,216.86083984375,0.0060636373236775
tile_r019299_c008547,2,322.0282592773437,283.630859375,340.596923828125,305.27764892578125,0.0056800465099513
tile_r019299_c008547,2,403.4501953125,96.1726303100586,466.8949279785156,161.91500854492188,0.00554657028988
tile_r019299_c008547,2,469.8509216308594,34.37197494506836,491.51959228515625,58.57221603393555,0.0053379037417471
tile_r019299_c008547,2,426.7282104492188,154.4733123779297,473.33544921875,198.75314331054688,0.0050695929676294
tile_r019299_c008547,2,441.29931640625,166.3379364013672,467.3389587402344,191.1077117919922,0.0047166137956082
tile_r019299_c008547,2,387.7096557617188,48.23602294921875,500.9972534179688,158.44183349609375,0.0045721973292529
tile_r019299_c008547,2,266.68096923828125,-0.7139129638671875,317.71240234375,29.16599464416504,0.0045310547575354
tile_r019299_c008547,2,73.34852600097656,327.0982971191406,132.99404907226562,387.8248596191406,0.0044524003751575
tile_r019299_c008547,2,1.3189254999160769,176.14926147460938,26.194561004638672,214.3080596923828,0.0042746574617922
tile_r019299_c008547,2,258.8421325683594,-1.1471130847930908,310.8961486816406,34.3510627746582,0.0041879494674503
tile_r019299_c008547,2,238.36404418945312,-12.024365425109863,324.26275634765625,70.28673553466797,0.0040415921248495
tile_r019299_c008547,2,45.0856819152832,495.2456665039063,88.93414306640625,512.337158203125,0.0039819427765905
tile_r019299_c008547,2,251.30343627929688,-4.123992919921875,322.36407470703125,48.331031799316406,0.0039568012580275
tile_r019299_c008547,2,489.9833068847656,254.71017456054688,518.1795654296875,325.8443603515625,0.0039562620222568
tile_r019299_c008547,2,-11.710458755493164,470.8353576660156,-1.8055191040039065,518.0597534179688,0.0035611619241535
tile_r019299_c008547,2,-11.53985595703125,390.0529174804688,-1.012176513671875,452.6776428222656,0.003439656458795
tile_r019299_c008547,2,1.0255095958709717,95.35807037353516,25.81869888305664,136.83944702148438,0.0032579977996647
tile_r019299_c008547,2,37.93145751953125,487.5362243652344,94.35445404052734,514.2821044921875,0.0032531826291233
tile_r019299_c008547,2,286.758056640625,69.310546875,353.37554931640625,137.8321533203125,0.0031360622961074
tile_r019299_c008547,2,343.3832092285156,490.8407287597656,386.8968811035156,513.0001220703125,0.0029608376789838
tile_r019299_c008547,2,-0.8107963800430298,99.79656982421876,16.0318603515625,134.32290649414062,0.0029566893354058
tile_r019299_c008547,2,-10.689804077148438,94.7836456298828,-0.802471935749054,148.72531127929688,0.002810881473124
tile_r019299_c008547,2,-11.700775146484377,480.8269653320313,0.7304931879043579,524.7999877929688,0.0027702488005161
tile_r019299_c008547,2,-10.730120658874512,173.03909301757812,0.4144241213798523,225.28195190429688,0.0027544992044568
tile_r019299_c008547,2,-11.686826705932615,399.9169921875,-1.2220351696014404,463.9085083007813,0.0026564898435026
tile_r019299_c008547,2,166.1451416015625,514.8698120117188,247.2654571533203,524.7999877929688,0.0026408738922327
tile_r019299_c008547,2,323.3768615722656,399.8688354492188,399.6676635742188,476.1848754882813,0.0025613056495785
tile_r019299_c008547,2,250.6305694580078,8.652122497558594,294.54022216796875,54.16633224487305,0.0025522157084196
tile_r019299_c008547,2,455.3547973632813,268.29461669921875,497.1780395507813,304.0714416503906,0.0024670406710356
tile_r019299_c008547,2,3.833343505859375,390.8556823730469,29.085124969482425,435.2572326660156,0.0022833254188299
tile_r019299_c008547,2,0.9244232177734376,181.15933227539065,14.093234062194824,209.7878875732422,0.0022755924146622
tile_r019299_c008547,2,-11.737942695617676,410.8135681152344,-1.5363174676895142,475.34619140625,0.0021945878397673
tile_r019299_c008547,2,259.9102478027344,-5.465411186218262,329.55908203125,20.4663143157959,0.0021837269887328
tile_r019299_c008547,2,-11.741605758666992,424.38525390625,-1.3614013195037842,490.9688415527344,0.0021805136930197
tile_r019299_c008547,2,169.20004272460938,517.4660034179688,226.4941864013672,524.7999877929688,0.0021136356517672
tile_r019299_c008547,2,188.03765869140625,514.7745361328125,270.9168395996094,524.7999877929688,0.0021057953126728
tile_r019299_c008547,2,-6.3390212059021,172.6194610595703,1.468115210533142,217.0025177001953,0.0020974003709852
tile_r019299_c008547,2,399.6746215820313,91.0624008178711,481.6223754882813,164.5179443359375,0.0020678371656686
tile_r019299_c008547,2,-11.626255989074709,363.7330932617188,-1.1285903453826904,435.3106384277344,0.002040104009211
tile_r019299_c008547,2,-11.948198318481444,329.76922607421875,-1.1546462774276731,390.4122619628906,0.0020297069568187
tile_r019299_c008547,2,-1.4194984436035156,177.46470642089844,17.480459213256836,214.11978149414065,0.0020050834864377
tile_r019299_c008547,2,-11.73801612854004,439.3584899902344,-1.2756866216659546,515.0955810546875,0.0019896167796105
tile_r019299_c008547,2,138.57211303710938,514.3566284179688,222.26284790039065,524.43115234375,0.0019703956786543
tile_r019299_c008547,2,0.1541824340820312,98.48381042480467,27.76996421813965,151.2006072998047,0.0019666894804686
tile_r019299_c008547,2,33.24707794189453,491.9207153320313,87.20787048339844,522.0277099609375,0.0019635313656181
tile_r019299_c008547,2,387.4772033691406,19.58404541015625,431.9698791503906,56.79712677001953,0.0019448513630777
tile_r019299_c008547,2,160.0079345703125,511.5989379882813,225.82962036132807,520.6321411132812,0.001924529671669
tile_r019299_c008547,2,416.5650024414063,152.5050506591797,479.0120544433594,206.5882110595703,0.0018550854874774
tile_r019299_c008547,2,93.1439437866211,515.0601806640625,164.9860076904297,524.7359619140625,0.0018253633752465
tile_r019299_c008547,2,-4.964478969573975,179.0944061279297,0.6659637689590454,216.7845458984375,0.0017953388160094
tile_r019299_c008547,2,488.2247924804688,270.20928955078125,519.5890502929688,338.3648376464844,0.0017914727795869
tile_r019299_c008547,2,425.4036560058594,267.1133728027344,457.9440002441406,297.5172424316406,0.0017913014162331
tile_r019299_c008547,2,385.9605407714844,500.6524353027344,435.4168090820313,513.3069458007812,0.0017713617999106
tile_r019299_c008547,2,40.67963790893555,505.535888671875,111.9637680053711,515.9117431640625,0.0017601563595235
tile_r019299_c008547,2,353.8309936523437,482.5582885742188,402.83978271484375,512.8516845703125,0.0017594929086044
tile_r019299_c008547,2,383.4660034179688,499.5178833007813,445.9986267089844,512.6759033203125,0.0017425888217985
tile_r019299_c008547,2,-11.82554054260254,348.84149169921875,-1.2388336658477783,418.9859313964844,0.0017190196085721
tile_r019299_c008547,2,94.9620590209961,455.16259765625,114.08447265625,473.9381713867188,0.0016766325570642
tile_r019299_c008547,2,0.9088226556777954,362.5848083496094,34.04887390136719,428.7330627441406,0.0016742430161684
tile_r019299_c008547,2,0.0429840087890625,271.64630126953125,30.95334815979004,319.6625671386719,0.0016609824961051
tile_r019299_c008547,2,2.489999294281006,377.908935546875,31.27237319946289,434.40423583984375,0.0016319659771397
tile_r019299_c008547,2,10.379321098327637,505.0184631347656,86.99642181396484,524.7999877929688,0.0016264887526631
tile_r019299_c008547,2,392.4925842285156,515.498046875,473.3265686035156,524.7999877929688,0.0016020515467971
tile_r019299_c008547,2,157.3646697998047,517.1412353515625,217.788330078125,524.7999877929688,0.0015676133334636
tile_r019299_c008547,2,400.1680603027344,119.5634994506836,458.1559448242188,165.6907501220703,0.0015484042232856
tile_r019299_c008547,2,474.08203125,235.742919921875,515.8937377929688,315.3014221191406,0.0015350225148722
tile_r019299_c008547,2,-11.556437492370604,109.3380889892578,-1.839359998703003,168.1671905517578,0.0014814013848081
tile_r019299_c008547,2,308.2351989746094,264.076416015625,368.482177734375,323.00018310546875,0.0014794757589697
tile_r019299_c008547,2,27.167821884155277,444.6101684570313,43.15447998046875,461.5300903320313,0.0014636096311733
tile_r019299_c008547,2,23.557559967041016,484.8778381347656,89.26505279541016,513.48095703125,0.0014512062771245
tile_r019299_c008547,2,139.09286499023438,104.65506744384766,177.2587890625,143.45896911621094,0.0014433276373893
tile_r019299_c008547,2,210.94692993164065,515.3155517578125,298.0756225585937,524.7999877929688,0.0014332617865875
tile_r019299_c008547,2,96.6484603881836,456.5269470214844,112.203125,472.4288940429688,0.0014280301984399
tile_r019299_c008547,2,300.4217224121094,87.38969421386719,339.5848999023437,122.17634582519533,0.0014233522815629
tile_r019299_c008547,2,110.5488052368164,515.0450439453125,193.7758026123047,524.7999877929688,0.0014174740063026
tile_r019299_c008547,2,-11.191595077514648,98.58952331542967,-0.6292327642440796,162.4239959716797,0.0014064117567613
tile_r019299_c008547,2,384.5866088867188,514.6450805664062,461.9132690429688,524.5991821289062,0.0013867465313524
tile_r019299_c008547,2,56.46112060546875,513.4481201171875,142.00318908691406,524.7999877929688,0.001379320397973
tile_r019299_c008547,2,384.1235961914063,511.1961059570313,453.1468200683594,520.7293090820312,0.0013792633544653
tile_r019299_c008547,2,354.2940979003906,491.9835815429688,391.0340270996094,511.0921936035156,0.0013699220726266
tile_r019299_c008547,2,487.6719665527344,320.030517578125,520.2311401367188,391.1490783691406,0.0013658589450642
tile_r019299_c008547,2,253.05825805664065,515.5806884765625,333.66754150390625,524.7999877929688,0.0013597205979749
tile_r019299_c008547,2,141.86624145507812,518.08837890625,210.80001831054688,524.7999877929688,0.0013425146462395
tile_r019299_c008547,2,238.7445831298828,515.3106689453125,322.5428161621094,524.7999877929688,0.0013275588862597
tile_r019299_c008547,2,264.3113708496094,62.40614700317383,343.7972106933594,160.58163452148438,0.0012978826416656
tile_r019299_c008547,2,206.6355438232422,517.3638916015625,266.51202392578125,524.7999877929688,0.0012541613541543
tile_r019299_c008547,2,1.4513671398162842,269.2650756835937,29.364294052124023,309.18804931640625,0.0012509265216067
tile_r019299_c008547,2,419.8211975097656,135.11373901367188,450.85693359375,156.62435913085938,0.0012468356871977
tile_r019299_c008547,2,418.0407104492188,515.8404541015625,496.3330078125,524.7999877929688,0.0012453502276912
tile_r019299_c008547,2,-1.9064972400665283,273.8150939941406,34.111209869384766,339.118896484375,0.0012308165896683
tile_r019299_c008547,2,243.0145568847656,49.159812927246094,278.6212463378906,76.85567474365234,0.0012185582891106
tile_r019299_c008547,2,0.513397216796875,102.80574035644533,30.791240692138672,162.58761596679688,0.0012183627113699
tile_r019299_c008547,2,280.4209289550781,0.5661773681640625,315.4718017578125,26.25500869750977,0.0011896074283868
tile_r019299_c008547,2,-12.36676788330078,178.05569458007812,-2.6688263416290283,226.029541015625,0.0011650993255898
tile_r019299_c008547,2,-11.543220520019531,265.67584228515625,-0.7520828247070312,328.88641357421875,0.0011534458026289
tile_r019299_c008547,2,-2.434701442718506,98.23136901855467,19.855548858642575,137.60867309570312,0.0011531057534739
tile_r019299_c008547,2,265.1858825683594,-3.897631883621216,316.8922424316406,14.775304794311523,0.001139527419582
tile_r019299_c008547,2,351.4139099121094,493.767578125,427.1805114746094,513.2693481445312,0.0011381459189578
tile_r019299_c008547,2,-0.8638137578964233,316.0157165527344,34.72111129760742,375.4500427246094,0.0011217634892091
tile_r019299_c008547,2,132.86480712890625,108.2047348022461,259.5824584960937,250.244140625,0.0011158500565215
tile_r019299_c008547,2,58.54668045043945,323.07373046875,120.7133560180664,391.1970825195313,0.0011121977586299
tile_r019299_c008547,2,264.7820739746094,-10.978121757507324,325.19549560546875,2.52435302734375,0.0011052971240133
tile_r019299_c008547,2,-3.2960128784179688,78.990966796875,30.301055908203125,137.55178833007812,0.0010950774885714
tile_r019299_c008547,2,-11.775227546691896,275.72821044921875,-0.9421798586845398,341.59356689453125,0.0010948464041575
tile_r019299_c008547,2,296.11883544921875,264.89013671875,366.7210388183594,339.2505798339844,0.0010911063291132
tile_r019299_c008547,2,44.974586486816406,511.8284606933594,119.5983428955078,518.5640869140625,0.0010879650944843
tile_r019299_c008547,2,227.704345703125,167.9006805419922,402.5984497070313,329.0331115722656,0.0010854903375729
tile_r019299_c008547,2,487.5496520996094,291.109375,520.289306640625,369.1732482910156,0.0010804906487464
tile_r019299_c008547,2,391.0813903808594,512.2772216796875,457.5896911621094,522.3411254882812,0.0010803018230944
tile_r019299_c008547,2,-11.86645221710205,287.99676513671875,-1.0300827026367188,355.2749938964844,0.0010611027246341
tile_r019299_c008547,2,-11.89641284942627,303.58453369140625,-0.8162735104560852,369.84027099609375,0.0010553025640547
tile_r019299_c008547,2,160.73037719726562,506.7255859375,223.4236297607422,512.9605712890625,0.0010538578499108
tile_r019299_c008547,2,187.4459686279297,517.5670166015625,245.27127075195312,524.7999877929688,0.0010502837831154
tile_r019299_c008547,2,0.1693344116210937,310.6410217285156,33.489158630371094,362.5406188964844,0.0010471940040588
tile_r019299_c008547,2,244.6752014160156,25.89676856994629,315.96173095703125,85.91712951660156,0.0010441616177558
tile_r019299_c008547,2,-1.6476424932479858,324.98779296875,36.18122482299805,393.31494140625,0.0010428969981148
tile_r019299_c008547,2,515.1243286132812,251.29605102539065,524.4674682617188,323.187744140625,0.0010426978114992
tile_r019299_c008547,2,106.9214859008789,517.7655029296875,160.68679809570312,524.7999877929688,0.0010305630275979
tile_r019299_c008547,2,28.320735931396484,510.53070068359375,85.30723571777344,521.8494873046875,0.0010251547209918
tile_r019299_c008547,2,-1.6409118175506592,341.52655029296875,36.61991500854492,417.458740234375,0.0010233758948743
tile_r019299_c008547,2,139.14242553710938,101.57826232910156,196.1244201660156,143.93312072753906,0.0010198714444413
tile_r019299_c008547,2,90.02606201171875,518.7073974609375,144.10104370117188,524.7999877929688,0.0010162052931264
tile_r019299_c008547,2,254.0933837890625,3.129901170730591,309.1855163574219,50.80527877807617,0.0010128924623131
tile_r019299_c008547,2,165.89019775390625,512.1648559570312,232.4096221923828,522.5999755859375,0.001011126092635
tile_r019299_c008547,2,60.2844123840332,315.4803161621094,145.58885192871094,398.875244140625,0.0010100838262587
tile_r019299_c008547,2,260.4306030273437,-0.9923645257949828,309.39166259765625,25.34531784057617,0.0010061368811875
tile_r019299_c008547,2,129.4271697998047,502.3558044433594,222.1044006347656,513.4666748046875,0.0010041756322607
tile_r019299_c008547,2,515.4164428710938,211.33547973632807,524.6041259765625,288.0845031738281,0.0010038366308435
tile_r019299_c008803,2,41.365516662597656,82.50285339355469,87.75372314453125,125.1048583984375,0.7037952542304993
tile_r019299_c008803,2,248.30322265625,357.2173767089844,314.41583251953125,429.00390625,0.6961054801940918
tile_r019299_c008803,2,78.59356689453125,414.79833984375,132.67044067382812,462.7469787597656,0.6770482063293457
tile_r019299_c008803,2,64.69930267333984,278.9587707519531,96.0352020263672,308.16412353515625,0.6447162628173828
tile_r019299_c008803,2,351.74920654296875,398.0687561035156,414.7162170410156,453.3388671875,0.6199570298194885
tile_r019299_c008803,2,121.62199401855467,16.014867782592773,195.04275512695312,97.2837371826172,0.6149164438247681
tile_r019299_c008803,2,247.2752685546875,-2.542217969894409,304.1955261230469,48.531982421875,0.5742372274398804
tile_r019299_c008803,2,-3.86865234375,-3.538305759429932,61.39530563354492,63.12458419799805,0.5730828642845154
tile_r019299_c008803,2,186.8830108642578,251.1313934326172,247.19760131835935,307.64166259765625,0.556159496307373
tile_r019299_c008803,2,277.501953125,145.0074005126953,344.85748291015625,220.6001739501953,0.5282893776893616
tile_r019299_c008803,2,287.6388244628906,169.8574676513672,341.3075561523437,219.078125,0.3176226019859314
tile_r019299_c008803,2,175.31263732910156,162.6162567138672,211.96517944335935,195.3861846923828,0.2310931086540222
tile_r019299_c008803,2,138.69058227539062,42.3227653503418,187.282470703125,94.37721252441406,0.1219785287976265
tile_r019299_c008803,2,36.58780670166016,77.08075714111328,92.4789581298828,129.67123413085938,0.1068350225687027
tile_r019299_c008803,2,81.88851928710938,420.7403259277344,128.99917602539062,459.2210083007813,0.10628292709589
tile_r019299_c008803,2,259.00299072265625,0.050994873046875,300.7027282714844,43.87300491333008,0.0946037098765373
tile_r019299_c008803,2,258.5512084960937,360.920654296875,307.5892944335937,403.4754333496094,0.0933074206113815
tile_r019299_c008803,2,194.6575927734375,257.4805603027344,244.4749298095703,303.97735595703125,0.0682320371270179
tile_r019299_c008803,2,98.4001693725586,488.062744140625,122.7030029296875,509.89788818359375,0.0518659465014934
tile_r019299_c008803,2,73.82051086425781,408.4496154785156,138.74862670898438,468.701171875,0.0515437312424182
tile_r019299_c008803,2,130.63278198242188,31.72450256347656,189.5364990234375,94.93487548828124,0.0426259264349937
tile_r019299_c008803,2,67.1830062866211,283.2066345214844,91.9235610961914,306.53338623046875,0.0388506650924682
tile_r019299_c008803,2,61.32050704956055,274.25018310546875,99.06585693359376,311.5972595214844,0.0335839092731475
tile_r019299_c008803,2,97.3231201171875,487.59124755859375,131.60690307617188,510.484130859375,0.0327021516859531
tile_r019299_c008803,2,-0.3017776608467102,7.463496208190918,35.62091827392578,56.43837356567383,0.0274604558944702
tile_r019299_c008803,2,0.599255383014679,45.604957580566406,23.337512969970703,74.8836898803711,0.0204106736928224
tile_r019299_c008803,2,266.1932983398437,135.2808837890625,351.1100769042969,226.7169189453125,0.0175244268029928
tile_r019299_c008803,2,259.33905029296875,396.0680541992188,294.99639892578125,425.6395568847656,0.0157522652298212
tile_r019299_c008803,2,-10.773633003234863,-12.800000190734863,70.65523529052734,75.5420150756836,0.0135995568707585
tile_r019299_c008803,2,487.4378356933594,137.18731689453125,515.037353515625,180.36334228515625,0.0133770564571022
tile_r019299_c008803,2,111.04875183105467,7.49951171875,201.3112335205078,103.5402374267578,0.0127143012359738
tile_r019299_c008803,2,357.55810546875,406.8137817382813,410.0919799804688,449.65478515625,0.0117512829601764
tile_r019299_c008803,2,151.6910858154297,122.5233383178711,200.0936584472656,158.7762451171875,0.0115195997059345
tile_r019299_c008803,2,119.97550964355467,12.8026123046875,189.04263305664065,75.8125228881836,0.0103033687919378
tile_r019299_c008803,2,172.41867065429688,157.2801513671875,216.8265380859375,198.7768096923828,0.0094259148463606
tile_r019299_c008803,2,0.1632232666015625,49.26690673828125,19.19968605041504,74.23228454589844,0.0090688467025756
tile_r019299_c008803,2,166.454345703125,239.5836944580078,256.627197265625,313.8755798339844,0.0090391943231225
tile_r019299_c008803,2,2.952484130859375,234.0276336669922,29.116130828857425,276.858154296875,0.0083121182397007
tile_r019299_c008803,2,481.17236328125,140.99136352539062,514.02490234375,178.4923858642578,0.0075161135755479
tile_r019299_c008803,2,236.33187866210935,346.2725524902344,322.977783203125,440.2073364257813,0.0071375835686922
tile_r019299_c008803,2,345.3063049316406,391.0592651367188,424.5050354003906,460.0409240722656,0.0070611871778965
tile_r019299_c008803,2,238.5508575439453,-10.850512504577637,314.8507080078125,60.29824066162109,0.0064578149467706
tile_r019299_c008803,2,295.19580078125,176.06350708007812,339.61309814453125,217.06655883789065,0.0061698607169091
tile_r019299_c008803,2,11.246612548828123,-0.912927269935608,61.602027893066406,30.468914031982425,0.0059612640179693
tile_r019299_c008803,2,-1.546565294265747,71.52024841308594,31.685577392578125,123.34837341308594,0.0051355822943151
tile_r019299_c008803,2,65.9229507446289,283.72515869140625,84.752685546875,305.25030517578125,0.0051111220382153
tile_r019299_c008803,2,0.3206787109375,27.231739044189453,28.0130615234375,75.01021575927734,0.0049214526079595
tile_r019299_c008803,2,178.1530303955078,167.57339477539062,207.4568328857422,192.92263793945312,0.0045418818481266
tile_r019299_c008803,2,140.9160614013672,59.3613395690918,263.3998107910156,168.86912536621094,0.0043929331004619
tile_r019299_c008803,2,-11.695449829101562,68.83906555175781,-0.5357421636581421,132.3712921142578,0.0043719923123717
tile_r019299_c008803,2,-11.519970893859863,221.26919555664065,-0.470693975687027,285.95904541015625,0.0043492363765835
tile_r019299_c008803,2,93.6288604736328,490.8107299804688,149.3408203125,511.6970825195313,0.0039267363026738
tile_r019299_c008803,2,286.748291015625,144.12506103515625,319.76763916015625,176.35037231445312,0.0038008040282875
tile_r019299_c008803,2,29.600658416748047,69.41586303710938,97.27156829833984,137.79989624023438,0.0037966771051287
tile_r019299_c008803,2,129.0281219482422,44.948692321777344,247.2019500732422,159.51202392578125,0.0037600744981318
tile_r019299_c008803,2,158.8421630859375,130.7655792236328,197.4197540283203,157.8644561767578,0.0036973995156586
tile_r019299_c008803,2,0.241159051656723,221.2172393798828,34.057395935058594,277.71197509765625,0.003404377028346
tile_r019299_c008803,2,0.5711441040039062,15.907015800476074,31.2906494140625,63.00704193115234,0.0031693035271018
tile_r019299_c008803,2,185.2366485595703,166.57931518554688,211.1224365234375,191.781982421875,0.0029036796186119
tile_r019299_c008803,2,199.0258331298828,267.0663757324219,241.47622680664065,304.5242919921875,0.0028464181814342
tile_r019299_c008803,2,261.6918640136719,399.8324279785156,290.9305419921875,424.52001953125,0.0026284281630069
tile_r019299_c008803,2,259.34185791015625,390.2425231933594,301.6246643066406,426.0382385253906,0.0026256842538714
tile_r019299_c008803,2,267.7249755859375,514.5281982421875,347.9923095703125,524.6954345703125,0.0026123046409338
tile_r019299_c008803,2,66.54560852050781,399.3197326660156,144.09848022460938,476.6476440429688,0.0025939913466572
tile_r019299_c008803,2,-12.146632194519045,84.17644500732422,-0.4990127682685852,161.91506958007812,0.0025035000871866
tile_r019299_c008803,2,-0.272387683391571,11.192822456359863,53.18315505981445,74.2320556640625,0.002451182808727
tile_r019299_c008803,2,-11.16528606414795,9.03403663635254,0.426196277141571,81.1272201538086,0.0023236058186739
tile_r019299_c008803,2,-11.581329345703123,-4.984631538391113,6.636273384094238,64.51339721679688,0.002322509419173
tile_r019299_c008803,2,292.11138916015625,515.1512451171875,371.1204528808594,524.7999877929688,0.0022939380723983
tile_r019299_c008803,2,382.3003845214844,514.2333374023438,465.7005920410156,524.5560913085938,0.002285499125719
tile_r019299_c008803,2,-11.743351936340332,227.78396606445312,0.6700973510742188,302.1176452636719,0.0022107225377112
tile_r019299_c008803,2,395.2679443359375,514.8128662109375,478.68359375,524.7999877929688,0.002190209692344
tile_r019299_c008803,2,-0.171456903219223,41.17110443115234,35.705543518066406,80.97623443603516,0.0021793469786643
tile_r019299_c008803,2,356.5397033691406,403.1139526367188,401.841796875,443.8746948242188,0.0020924271084368
tile_r019299_c008803,2,147.0377960205078,84.0693359375,229.1160125732422,163.08154296875,0.002065745415166
tile_r019299_c008803,2,-1.94942319393158,44.97734451293945,35.888790130615234,112.1238021850586,0.0020529336761683
tile_r019299_c008803,2,85.255615234375,492.376953125,134.08309936523438,513.2017822265625,0.0020312296692281
tile_r019299_c008803,2,-11.352874755859377,31.849401473999023,-0.6067550778388977,96.42570495605467,0.0019872984848916
tile_r019299_c008803,2,227.1645050048828,-6.755804538726807,309.76666259765625,44.61973190307617,0.0019862130284309
tile_r019299_c008803,2,406.7188415527344,515.2891845703125,491.3478393554688,524.7999877929688,0.0019633173942565
tile_r019299_c008803,2,4.2618255615234375,-6.270281791687012,72.86427307128906,21.80538558959961,0.0019615178462117
tile_r019299_c008803,2,-3.776370286941528,76.64302825927734,34.46900177001953,139.83438110351562,0.0019510085694491
tile_r019299_c008803,2,213.2213897705078,33.77964401245117,238.86474609375,62.21520233154297,0.0019348391797393
tile_r019299_c008803,2,-11.255346298217772,1.2589232921600342,3.931439161300659,72.41605377197266,0.0019256328232586
tile_r019299_c008803,2,0.835675060749054,75.87541961669922,22.8477783203125,122.15812683105467,0.0019109660061076
tile_r019299_c008803,2,-12.19328498840332,98.9733428955078,-0.6471282839775085,174.3931884765625,0.0019100905628874
tile_r019299_c008803,2,514.2338256835938,119.77702331542967,524.5147094726562,192.2369842529297,0.0018766588764265
tile_r019299_c008803,2,241.933837890625,514.5404052734375,324.2923278808594,524.7999877929688,0.001872224966064
tile_r019299_c008803,2,337.021240234375,382.7342529296875,427.5831909179688,470.18896484375,0.0018604721408337
tile_r019299_c008803,2,-11.96229362487793,187.46530151367188,-0.5408981442451477,254.0403594970703,0.0018240485806018
tile_r019299_c008803,2,462.07513427734375,129.33377075195312,519.8280029296875,212.5707092285156,0.0018027982441708
tile_r019299_c008803,2,131.35830688476562,19.78521156311035,176.3953094482422,57.18225860595703,0.0017987901810556
tile_r019299_c008803,2,-12.0692720413208,273.3609313964844,-0.5482177734375,340.1058654785156,0.0017905529821291
tile_r019299_c008803,2,-11.72276496887207,199.01394653320312,-0.7225173711776733,271.1112670898437,0.0017868289723992
tile_r019299_c008803,2,2.197247266769409,224.7543029785156,38.8774299621582,284.7911071777344,0.0017695060232654
tile_r019299_c008803,2,1.267645239830017,86.83350372314453,21.03228759765625,120.2433624267578,0.0016735163517296
tile_r019299_c008803,2,-12.208314895629885,113.8755111694336,-0.4429367184638977,186.1719512939453,0.0016444785287603
tile_r019299_c008803,2,136.3439178466797,515.4866943359375,218.9823455810547,524.7999877929688,0.0016310643404722
tile_r019299_c008803,2,97.5334014892578,482.1256713867188,149.13845825195312,512.9871215820312,0.0016251327469944
tile_r019299_c008803,2,-1.8437026739120483,2.7318663597106934,45.159629821777344,54.42348098754883,0.0015962177421897
tile_r019299_c008803,2,210.1682586669922,27.6904296875,247.2945251464844,66.78633880615234,0.0015775250503793
tile_r019299_c008803,2,-12.025609970092772,175.43429565429688,-0.4411590695381164,240.0379943847656,0.0015335315838456
tile_r019299_c008803,2,52.3082389831543,264.74761962890625,112.08837890625,322.72235107421875,0.0015209878329187
tile_r019299_c008803,2,-2.1000046730041504,239.3797912597656,37.27208709716797,308.4252014160156,0.0014922048430889
tile_r019299_c008803,2,352.6498413085937,514.9314575195312,441.6075744628906,524.7999877929688,0.0014608274213969
tile_r019299_c008803,2,22.665843963623047,0.4074447751045227,59.7091178894043,27.353734970092773,0.0014390539145097
tile_r019299_c008803,2,514.3956909179688,241.75784301757807,524.7855224609375,322.6205444335937,0.0014256407739594
tile_r019299_c008803,2,127.8429946899414,514.76708984375,208.51589965820312,524.798828125,0.0014254533452913
tile_r019299_c008803,2,0.1541992127895355,31.594783782958984,58.41036224365234,92.29715728759766,0.0014113151701167
tile_r019299_c008803,2,161.4838409423828,515.59375,242.7928771972656,524.7999877929688,0.0013919655466452
tile_r019299_c008803,2,430.55316162109375,515.3585205078125,510.979248046875,524.7999877929688,0.0013832043623551
tile_r019299_c008803,2,324.9535522460937,393.08795166015625,371.2769165039063,457.39984130859375,0.0013660195982083
tile_r019299_c008803,2,-11.88392448425293,241.15689086914065,-0.2717788815498352,320.3807067871094,0.0013560040388256
tile_r019299_c008803,2,126.7311553955078,499.608154296875,192.5059051513672,512.8082275390625,0.0013505315873771
tile_r019299_c008803,2,3.659114122390747,244.7123107910156,27.707172393798828,276.618408203125,0.0013440580805763
tile_r019299_c008803,2,476.92431640625,135.3550567626953,515.8419189453125,191.71798706054688,0.0013359426520764
tile_r019299_c008803,2,324.5292053222656,515.37646484375,412.5634765625,524.7999877929688,0.0013236734084784
tile_r019299_c008803,2,256.5345764160156,366.5016174316406,306.99957275390625,426.080322265625,0.0013025810476392
tile_r019299_c008803,2,6.7588653564453125,256.02716064453125,26.77746963500977,276.74365234375,0.0012810449115931
tile_r019299_c008803,2,471.5830993652344,123.6362533569336,521.4359130859375,199.7023468017578,0.0012556853471323
tile_r019299_c008803,2,199.5245361328125,-6.910490989685059,282.9617919921875,14.063385009765623,0.0012527060462161
tile_r019299_c008803,2,228.4460906982422,514.9005126953125,310.2197265625,524.7999877929688,0.0012515652924776
tile_r019299_c008803,2,-12.160058975219728,142.5234375,0.0539916977286338,215.34347534179688,0.0012257437920197
tile_r019299_c008803,2,-12.115382194519045,159.1596221923828,0.0154937747865915,230.5147399902344,0.0012217595940455
tile_r019299_c008803,2,243.95065307617188,-5.56024169921875,334.8685302734375,64.94024658203125,0.0012069557560607
tile_r019299_c008803,2,513.6360473632812,1.591525316238403,524.7999877929688,80.21247863769531,0.0012000546557828
tile_r019299_c008803,2,9.371752738952637,-4.242701053619385,61.1382064819336,17.17596435546875,0.0011981147108599
tile_r019299_c008803,2,127.4619369506836,511.2717895507813,197.77099609375,521.4183349609375,0.0011881396640092
tile_r019299_c008803,2,-12.206130981445312,127.13102722167967,-0.0935394316911697,200.939208984375,0.001179875107482
tile_r019299_c008803,2,313.49517822265625,380.3843383789063,372.23626708984375,450.12799072265625,0.0011752274585887
tile_r019299_c008803,2,418.4659729003906,518.2401123046875,476.0315856933594,524.7999877929688,0.0011726119555532
tile_r019299_c008803,2,244.97933959960935,387.27294921875,316.31890869140625,452.4979553222656,0.0011614741524681
tile_r019299_c008803,2,-3.930011034011841,87.4883041381836,36.9589729309082,160.9213104248047,0.0011612931266427
tile_r019299_c008803,2,339.68310546875,401.9235229492188,424.2903747558594,505.9215698242188,0.001158804167062
tile_r019299_c008803,2,-4.177536010742188,219.6023406982422,24.19087219238281,283.23712158203125,0.0011586887994781
tile_r019299_c008803,2,142.9673309326172,118.67633056640624,203.41293334960935,168.08302307128906,0.0011415330227464
tile_r019299_c008803,2,399.0431518554688,517.71630859375,459.1486206054688,524.7999877929688,0.0011372800217941
tile_r019299_c008803,2,95.191650390625,494.9519958496094,173.10708618164062,513.4000244140625,0.0011341770878061
tile_r019299_c008803,2,1.5601882934570312,154.9130096435547,34.33839797973633,213.69992065429688,0.001112665166147
tile_r019299_c008803,2,1.287786841392517,163.10678100585938,33.60761260986328,227.4313507080078,0.0011067583691328
tile_r019299_c008803,2,513.64697265625,203.45883178710935,524.7989501953125,270.9672241210937,0.0011058906093239
tile_r019299_c008803,2,-11.691408157348633,43.0252799987793,0.4004882872104645,118.86582946777344,0.0011018803343176
tile_r019299_c008803,2,513.8182983398438,213.2849578857422,524.7999877929688,285.2063903808594,0.0011015806812793
tile_r019299_c008803,2,1.7663757801055908,73.41268157958984,52.91132736206055,145.98037719726562,0.0010975777404382
tile_r019299_c008803,2,-0.2150787413120269,175.68222045898438,34.447242736816406,241.1105499267578,0.0010785362683236
tile_r019299_c008803,2,43.53408050537109,265.1700134277344,108.6578369140625,335.60723876953125,0.0010659416439011
tile_r019299_c008803,2,215.261474609375,34.424072265625,236.69790649414065,58.214393615722656,0.0010656152153387
tile_r019299_c008803,2,513.7276611328125,-7.2645263671875,524.7999877929688,52.654579162597656,0.0010652336059138
tile_r019299_c008803,2,134.4938507080078,512.3046264648438,201.9156188964844,522.8927001953125,0.0010616756044328
tile_r019299_c008803,2,164.7209930419922,149.6495819091797,216.6800842285156,201.05642700195312,0.0010612508049234
tile_r019299_c008803,2,515.1737060546875,436.4205627441406,524.7946166992188,510.61138916015625,0.0010484972735866
tile_r019299_c008803,2,370.1885681152344,223.5786590576172,508.6715698242188,365.195556640625,0.0010365991620346
tile_r019299_c008803,2,-6.241937160491943,-12.800000190734863,74.43437957763672,32.895721435546875,0.001029082108289
tile_r019299_c008803,2,0.0604919418692588,36.76559829711914,87.54344940185547,128.3210906982422,0.0010103210806846
tile_r019299_c009059,2,-1.028540015220642,356.0316467285156,59.54898834228516,427.01507568359375,0.7785996794700623
tile_r019299_c009059,2,438.9306640625,160.3244171142578,501.0965881347656,225.8896942138672,0.6960937976837158
tile_r019299_c009059,2,453.7239379882813,1.129241943359375,509.6221618652344,52.15304565429688,0.6659358143806458
tile_r019299_c009059,2,409.868896484375,215.3356170654297,456.4253540039063,264.7716064453125,0.6422886848449707
tile_r019299_c009059,2,96.0642547607422,398.3338012695313,158.66543579101562,452.9989318847656,0.6239647269248962
tile_r019299_c009059,2,312.5859680175781,34.71875762939453,352.1693115234375,71.52883911132812,0.6032347679138184
tile_r019299_c009059,2,-0.277618408203125,-2.9622879028320312,48.168487548828125,47.85477828979492,0.5885329246520996
tile_r019299_c009059,2,307.536865234375,195.3974609375,348.701904296875,236.29150390625,0.580154299736023
tile_r019299_c009059,2,315.8656921386719,111.7378921508789,358.1684875488281,152.38363647460938,0.5800971388816833
tile_r019299_c009059,2,429.0415954589844,398.1695251464844,484.4052734375,460.9820251464844,0.5787768363952637
tile_r019299_c009059,2,19.40362548828125,143.8763427734375,89.18438720703125,220.96969604492188,0.5565281510353088
tile_r019299_c009059,2,321.0375061035156,-0.9439407587051392,360.9454956054688,26.93828773498535,0.4517648220062256
tile_r019299_c009059,2,31.3899040222168,169.6050567626953,85.4430160522461,219.34030151367188,0.3029349148273468
tile_r019299_c009059,2,362.4881896972656,296.29412841796875,390.9356384277344,321.73590087890625,0.2842817604541778
tile_r019299_c009059,2,353.80596923828125,323.3844909667969,396.7453918457031,365.4595031738281,0.276037186384201
tile_r019299_c009059,2,406.0003051757813,208.74447631835935,460.1163024902344,270.12872314453125,0.1495356559753418
tile_r019299_c009059,2,436.8595581054688,405.2259826660156,479.11669921875,458.9232482910156,0.1450856775045395
tile_r019299_c009059,2,309.8275451660156,199.2818145751953,342.8070373535156,233.1582794189453,0.1429926604032516
tile_r019299_c009059,2,3.438066005706787,360.14697265625,51.12699508666992,402.8562622070313,0.1139538660645484
tile_r019299_c009059,2,315.9134826660156,38.36595916748047,349.1172790527344,68.47389221191406,0.0958801135420799
tile_r019299_c009059,2,311.3963928222656,106.3219985961914,362.2413024902344,156.1585693359375,0.0890808403491973
tile_r019299_c009059,2,7.245825290679932,134.8148651123047,94.85218811035156,226.8697204589844,0.088316909968853
tile_r019299_c009059,2,452.4923706054688,474.2857360839844,488.9378967285156,511.0607299804688,0.0806726738810539
tile_r019299_c009059,2,456.708984375,487.2774353027344,481.7859497070313,510.7964782714844,0.0494849979877471
tile_r019299_c009059,2,358.2660522460937,293.33233642578125,397.6634216308594,329.4701232910156,0.0469876118004322
tile_r019299_c009059,2,443.6607055664063,166.9717559814453,493.8468322753906,220.3057403564453,0.0441543757915496
tile_r019299_c009059,2,445.05865478515625,-2.551989793777466,513.7787475585938,58.2859992980957,0.0421695075929164
tile_r019299_c009059,2,2.493328809738159,1.410620093345642,41.72771072387695,43.1362419128418,0.041384257376194
tile_r019299_c009059,2,-5.285736083984375,-3.947088718414306,55.62369918823242,53.94506072998047,0.0358698591589927
tile_r019299_c009059,2,363.9319763183594,298.39361572265625,388.1704711914063,319.2864685058594,0.0346677713096141
tile_r019299_c009059,2,457.4190368652344,478.2130737304688,483.6231384277344,510.5261840820313,0.0304933991283178
tile_r019299_c009059,2,419.9969787597656,389.5549621582031,493.6539916992188,468.6784057617188,0.0297700520604848
tile_r019299_c009059,2,303.33282470703125,189.85134887695312,354.1182556152344,240.2667236328125,0.0278853643685579
tile_r019299_c009059,2,308.7635192871094,27.614749908447266,356.6000366210937,75.070556640625,0.0236082561314106
tile_r019299_c009059,2,352.64068603515625,292.1517639160156,405.7467346191406,371.4522399902344,0.0188392736017704
tile_r019299_c009059,2,4.807731628417969,396.4680480957031,35.67382049560547,425.36083984375,0.0158671326935291
tile_r019299_c009059,2,324.595703125,-0.3099029660224914,358.0037536621094,22.801977157592773,0.0153431370854377
tile_r019299_c009059,2,357.33154296875,326.8846740722656,390.2638549804688,362.6936645507813,0.0147339152172207
tile_r019299_c009059,2,438.2356567382813,420.45947265625,472.8952026367188,457.4112243652344,0.0146616632118821
tile_r019299_c009059,2,101.74772644042967,407.0372924804688,154.0390167236328,449.4611206054688,0.0128053510561585
tile_r019299_c009059,2,320.5270080566406,115.0499267578125,354.9415588378906,149.1172332763672,0.012364006601274
tile_r019299_c009059,2,315.5184936523437,-2.678752183914185,371.944580078125,36.90418243408203,0.0100414650514721
tile_r019299_c009059,2,300.25115966796875,17.710174560546875,366.3533325195313,81.97433471679688,0.0087496060878038
tile_r019299_c009059,2,-10.811426162719728,346.48388671875,66.85298156738281,438.8199157714844,0.0084993159398436
tile_r019299_c009059,2,457.9488220214844,7.430625915527344,505.0203247070313,47.939598083496094,0.0083037391304969
tile_r019299_c009059,2,89.60783386230469,391.1321716308594,168.3623504638672,459.717041015625,0.0069484985433518
tile_r019299_c009059,2,452.8329162597656,482.8562622070313,499.3674926757813,511.5966796875,0.0068617891520261
tile_r019299_c009059,2,416.6822204589844,221.6479949951172,453.2218627929688,260.984619140625,0.0068451226688921
tile_r019299_c009059,2,38.99592971801758,175.82876586914062,83.75302124023438,217.29263305664065,0.0064534996636211
tile_r019299_c009059,2,394.59674072265625,203.8202667236328,466.9133911132813,277.2474670410156,0.0057557835243642
tile_r019299_c009059,2,342.14111328125,283.4710998535156,415.9039611816406,372.07470703125,0.0047170529142022
tile_r019299_c009059,2,303.915771484375,96.9904556274414,371.02581787109375,164.18600463867188,0.0046564447693526
tile_r019299_c009059,2,431.16497802734375,149.5484619140625,510.852783203125,233.7528533935547,0.0042193569242954
tile_r019299_c009059,2,456.6891479492188,493.11859130859375,485.1311645507813,510.867431640625,0.0041423784568905
tile_r019299_c009059,2,30.29141616821289,143.73477172851562,63.8568229675293,176.58578491210938,0.0038114297203719
tile_r019299_c009059,2,-10.805981636047363,379.1926879882813,0.7856414914131165,449.6498107910156,0.002478958806023
tile_r019299_c009059,2,11.2296781539917,514.8284301757812,91.43509674072266,524.7819213867188,0.0023988718166947
tile_r019299_c009059,2,125.92927551269533,514.2239379882812,210.52243041992188,524.5887451171875,0.0023743042256683
tile_r019299_c009059,2,100.6980972290039,403.3425903320313,145.74472045898438,443.8124084472656,0.0023107016459107
tile_r019299_c009059,2,348.8848571777344,318.96588134765625,402.14544677734375,370.60931396484375,0.0022713199723511
tile_r019299_c009059,2,138.7692108154297,514.7884521484375,223.64254760742188,524.7999877929688,0.0022623643744736
tile_r019299_c009059,2,36.04819488525391,515.1433715820312,114.771728515625,524.7999877929688,0.0022091486025601
tile_r019299_c009059,2,-7.871411323547363,-12.65362548828125,64.07844543457031,59.18979644775391,0.0022078487090766
tile_r019299_c009059,2,150.3650665283203,515.2369995117188,237.1141815185547,524.7999877929688,0.0020865779370069
tile_r019299_c009059,2,446.16107177734375,454.02294921875,510.3128356933594,514.0588989257812,0.0020374495070427
tile_r019299_c009059,2,440.02197265625,462.90869140625,492.4385681152344,512.5582885742188,0.0020240701269358
tile_r019299_c009059,2,2.85047459602356,389.31341552734375,32.758140563964844,425.1324768066406,0.0019392403773963
tile_r019299_c009059,2,303.6923828125,-2.760638475418091,373.2413940429688,75.26947784423828,0.001904496224597
tile_r019299_c009059,2,227.0220489501953,141.71273803710938,262.6710205078125,177.78076171875,0.0018759469967335
tile_r019299_c009059,2,-11.82563018798828,495.9337768554688,3.0706162452697754,524.7999877929688,0.0018381769768893
tile_r019299_c009059,2,-11.281761169433594,339.40936279296875,6.713302612304688,415.277587890625,0.001822322490625
tile_r019299_c009059,2,311.959228515625,-3.124316453933716,365.4773864746094,52.430458068847656,0.0017718399176374
tile_r019299_c009059,2,394.0377197265625,515.0939331054688,471.6792907714844,524.7999877929688,0.0017407416598871
tile_r019299_c009059,2,296.7353515625,-12.800000190734863,379.971435546875,84.32323455810547,0.0017103601712733
tile_r019299_c009059,2,-10.537561416625977,365.3030700683594,14.645025253295898,443.0682067871094,0.0016882239142432
tile_r019299_c009059,2,-10.992156982421877,-5.9927978515625,41.159934997558594,59.541595458984375,0.0016517617041245
tile_r019299_c009059,2,408.1997985839844,515.6828002929688,486.5276489257813,524.7999877929688,0.0016340315341949
tile_r019299_c009059,2,379.57220458984375,514.7503662109375,459.0641479492188,524.6353759765625,0.0016291768988594
tile_r019299_c009059,2,1.904502868652344,376.6528930664063,33.59917068481445,427.785888671875,0.0016286837635561
tile_r019299_c009059,2,306.05450439453125,-5.075280666351318,377.7073059082031,57.387474060058594,0.0016088890843093
tile_r019299_c009059,2,69.19877624511719,392.8865356445313,114.5575180053711,456.638671875,0.0015560656320303
tile_r019299_c009059,2,443.0108337402344,477.25146484375,492.7051696777344,512.6534423828125,0.0015177902532741
tile_r019299_c009059,2,456.1637573242188,471.556640625,481.4866333007813,505.6129760742188,0.0014970259508118
tile_r019299_c009059,2,96.7309799194336,514.9150390625,186.0615692138672,524.7999877929688,0.0014914674684405
tile_r019299_c009059,2,174.74057006835938,515.46923828125,263.8646850585937,524.7999877929688,0.001482258667238
tile_r019299_c009059,2,-11.91058349609375,475.8289184570313,-0.6921631097793579,518.2254028320312,0.0014760800404474
tile_r019299_c009059,2,328.61163330078125,1.522515892982483,362.50439453125,25.32135009765625,0.0014650339726358
tile_r019299_c009059,2,-11.46400260925293,10.954809188842772,1.6286437511444092,74.75572204589844,0.0014448362635448
tile_r019299_c009059,2,-11.304242134094238,390.783447265625,-1.3665008544921875,455.47271728515625,0.001430653152056
tile_r019299_c009059,2,515.2785034179688,-1.5504639148712158,524.6242065429688,72.56163024902344,0.0014084960566833
tile_r019299_c009059,2,439.1668090820313,422.2625427246094,517.6580810546875,512.6373291015625,0.0013743508607149
tile_r019299_c009059,2,452.9614868164063,496.7167053222656,489.529052734375,511.3264770507813,0.0013531375443562
tile_r019299_c009059,2,0.477386474609375,386.3977661132813,56.88257598876953,437.9299926757813,0.0012895346153527
tile_r019299_c009059,2,0.4513183534145355,394.4060974121094,56.7609748840332,457.83001708984375,0.0012832669308409
tile_r019299_c009059,2,58.689552307128906,381.6175537109375,116.40074157714844,449.7306518554688,0.0012821343261748
tile_r019299_c009059,2,68.69353485107422,515.4309692382812,156.75558471679688,524.7999877929688,0.001256090356037
tile_r019299_c009059,2,277.2427062988281,515.2160034179688,367.7189636230469,524.7999877929688,0.0012493951944634
tile_r019299_c009059,2,-11.705085754394531,329.98541259765625,0.8833236694335938,387.57232666015625,0.0012404373846948
tile_r019299_c009059,2,268.3287658691406,42.68141555786133,369.69622802734375,161.73434448242188,0.0012165798107162
tile_r019299_c009059,2,329.20416259765625,515.755859375,414.175048828125,524.7999877929688,0.0012157422024756
tile_r019299_c009059,2,8.17706298828125,357.8294372558594,50.19500732421875,393.185791015625,0.0012080714805051
tile_r019299_c009059,2,162.4788818359375,518.2557373046875,219.99365234375,524.7999877929688,0.0011891722679138
tile_r019299_c009059,2,11.241862297058104,3.131500244140625,42.871002197265625,41.05756378173828,0.0011773917358368
tile_r019299_c009059,2,443.1973571777344,400.4388732910156,476.4239196777344,434.5130920410156,0.0011695571010932
tile_r019299_c009059,2,311.0054626464844,202.5306701660156,336.39727783203125,230.775634765625,0.0011568943737074
tile_r019299_c009059,2,-12.057029724121094,21.01273727416992,-0.0294723510742187,87.83415985107422,0.0011354683665558
tile_r019299_c009059,2,84.09182739257812,403.08343505859375,167.73580932617188,505.1739807128906,0.001123392721638
tile_r019299_c009059,2,-4.528112888336182,400.3114318847656,43.99788665771485,454.0739135742188,0.0010839506285265
tile_r019299_c009059,2,259.01123046875,142.46482849121094,365.3596801757813,245.3259735107422,0.0010828219819813
tile_r019299_c009059,2,309.88653564453125,245.4928741455078,403.3483276367188,334.33905029296875,0.0010778758442029
tile_r019299_c009059,2,149.8656768798828,517.9295654296875,208.2954559326172,524.7999877929688,0.0010692913783714
tile_r019299_c009059,2,482.57666015625,380.7855224609375,522.4944458007812,460.7876892089844,0.0010686483001336
tile_r019299_c009059,2,483.3395080566406,360.1462097167969,521.8870849609375,436.6924743652344,0.0010569632286205
tile_r019299_c009059,2,452.68115234375,192.1156311035156,515.47509765625,250.2017517089844,0.0010504808742552
tile_r019299_c009059,2,419.0741271972656,-8.368847846984863,484.2305603027344,70.15973663330078,0.001048598671332
tile_r019299_c009059,2,438.5814514160156,401.2728576660156,477.9482421875,442.8370971679688,0.0010454292641952
tile_r019299_c009059,2,365.75433349609375,331.0697631835937,392.996826171875,362.1431274414063,0.0010328143835067
tile_r019299_c009059,2,84.9407958984375,-2.838977098464966,257.17138671875,151.86236572265625,0.0010320034343749
tile_r019299_c009059,2,445.82623291015625,28.921855926513672,513.172607421875,79.83662414550781,0.001020643278025
tile_r019299_c009059,2,287.12530517578125,23.733911514282227,373.2044677734375,101.4330825805664,0.0010151714086532
tile_r019299_c009059,2,313.6556701660156,-12.637826919555664,372.4053649902344,22.420181274414062,0.0010095498291775
tile_r019299_c009315,2,183.46847534179688,160.8212432861328,243.8460998535156,224.9853973388672,0.6952874660491943
tile_r019299_c009315,2,198.45346069335935,2.3613343238830566,251.67025756835935,51.285980224609375,0.6785284876823425
tile_r019299_c009315,2,307.96466064453125,279.75701904296875,366.3028869628906,335.12799072265625,0.6557356119155884
tile_r019299_c009315,2,154.11203002929688,215.81021118164065,199.978759765625,264.4633178710937,0.6259626150131226
tile_r019299_c009315,2,334.2044677734375,408.6630859375,396.6899108886719,471.07421875,0.5922548174858093
tile_r019299_c009315,2,56.630027770996094,34.9639892578125,96.01708984375,71.29486083984375,0.5825605392456055
tile_r019299_c009315,2,173.790283203125,398.7763671875,229.376953125,461.53759765625,0.564858078956604
tile_r019299_c009315,2,60.1451301574707,111.8449478149414,102.19962310791016,151.94003295898438,0.5605637431144714
tile_r019299_c009315,2,51.8866081237793,195.6580047607422,92.67877197265624,235.7256774902344,0.5542151927947998
tile_r019299_c009315,2,339.24053955078125,336.73876953125,377.8998107910156,377.3388671875,0.5309683680534363
tile_r019299_c009315,2,421.8243103027344,411.0322265625,470.6650390625,463.0660095214844,0.4847985506057739
tile_r019299_c009315,2,65.06568908691406,-0.9524765014648438,104.92872619628906,26.717737197875977,0.46139657497406
tile_r019299_c009315,2,293.1973571777344,178.25265502929688,351.49005126953125,236.1139373779297,0.4217782616615295
tile_r019299_c009315,2,260.88580322265625,480.40765380859375,297.270751953125,512.410400390625,0.3048534095287323
tile_r019299_c009315,2,98.5498046875,323.6747436523437,140.82992553710938,365.15472412109375,0.2543859779834747
tile_r019299_c009315,2,285.6898803710937,160.44593811035156,354.06793212890625,236.57192993164065,0.2449619621038437
tile_r019299_c009315,2,254.1304626464844,2.1196212768554688,296.9302673339844,46.00014114379883,0.2416084259748459
tile_r019299_c009315,2,106.5643081665039,296.5552673339844,134.9364776611328,321.7103881835937,0.2340347319841385
tile_r019299_c009315,2,181.14208984375,405.3855590820313,222.9499969482422,458.7225646972656,0.1380763202905655
tile_r019299_c009315,2,149.91500854492188,208.9720764160156,203.82778930664065,270.00946044921875,0.136407732963562
tile_r019299_c009315,2,54.251258850097656,199.5850067138672,86.59053802490234,232.735107421875,0.129984974861145
tile_r019299_c009315,2,306.1728820800781,491.35589599609375,358.9515991210937,513.5853881835938,0.1272892206907272
tile_r019299_c009315,2,343.585693359375,420.0262756347656,394.5511169433594,468.8524475097656,0.0929189920425415
tile_r019299_c009315,2,59.9820556640625,38.5563850402832,92.9909896850586,68.31343841552734,0.0870728865265846
tile_r019299_c009315,2,96.7332992553711,315.21649169921875,145.833251953125,367.3460998535156,0.0859380513429641
tile_r019299_c009315,2,47.5851936340332,191.05123901367188,96.57334899902344,239.36788940429688,0.0765486657619476
tile_r019299_c009315,2,55.48845291137695,106.23127746582033,106.36631774902344,155.75674438476562,0.0750079303979873
tile_r019299_c009315,2,191.20095825195312,-3.129406690597534,266.6524658203125,56.827369689941406,0.0680845826864242
tile_r019299_c009315,2,334.305419921875,332.1044311523437,382.478271484375,381.1980590820313,0.0563548877835273
tile_r019299_c009315,2,343.6405944824219,342.662109375,375.34283447265625,375.2803649902344,0.0550755374133586
tile_r019299_c009315,2,196.17703247070312,478.4483337402344,234.05960083007807,511.1885681152344,0.0519658103585243
tile_r019299_c009315,2,188.0035400390625,167.4240264892578,237.6824951171875,219.0279235839844,0.0468014664947986
tile_r019299_c009315,2,305.15289306640625,189.2560577392578,348.0027770996094,234.38330078125,0.0464740768074989
tile_r019299_c009315,2,101.5762176513672,293.3531188964844,143.61660766601562,335.53839111328125,0.0397966429591178
tile_r019299_c009315,2,200.3312530517578,487.4913940429688,226.2058563232422,510.9730529785156,0.0389540903270244
tile_r019299_c009315,2,416.8631896972656,401.3951110839844,478.6106567382813,469.2306518554688,0.0354354046285152
tile_r019299_c009315,2,228.34005737304688,-4.096710205078125,302.23406982421875,51.7454948425293,0.0313942022621631
tile_r019299_c009315,2,299.46221923828125,270.2715759277344,372.8893432617188,342.51177978515625,0.0270776432007551
tile_r019299_c009315,2,359.07635498046875,136.63418579101562,397.5155334472656,172.38458251953125,0.0269997306168079
tile_r019299_c009315,2,310.88006591796875,492.36920166015625,350.2718811035156,512.6503295898438,0.0268925931304693
tile_r019299_c009315,2,97.15045166015624,292.5827331542969,151.19688415527344,370.66448974609375,0.0260801333934068
tile_r019299_c009315,2,194.49057006835935,469.9113159179688,237.78515625,511.9109497070313,0.0254279989749193
tile_r019299_c009315,2,52.831504821777344,27.51987648010254,100.77754974365234,75.0376205444336,0.0203873869031667
tile_r019299_c009315,2,164.29605102539062,389.3292846679688,239.868408203125,469.7023315429688,0.0198493879288434
tile_r019299_c009315,2,308.3817749023437,495.0223693847656,372.3648376464844,512.9909057617188,0.0196691080927848
tile_r019299_c009315,2,324.30303955078125,326.74249267578125,389.7753601074219,386.60650634765625,0.0172271411865949
tile_r019299_c009315,2,108.00343322753906,298.6214904785156,131.91619873046875,319.1722717285156,0.0172207653522491
tile_r019299_c009315,2,259.3629150390625,3.6694397926330566,290.98980712890625,43.82462692260742,0.0170651096850633
tile_r019299_c009315,2,68.68797302246094,-0.269457995891571,102.21272277832033,22.683019638061523,0.0164947025477886
tile_r019299_c009315,2,249.4688415527344,-3.527093410491944,305.02520751953125,51.68074798583984,0.0164277534931898
tile_r019299_c009315,2,428.9401245117188,415.6893615722656,465.8926696777344,460.1725463867188,0.0163413006812334
tile_r019299_c009315,2,313.05548095703125,285.45233154296875,361.80517578125,331.67510986328125,0.0158807802945375
tile_r019299_c009315,2,298.2231750488281,181.3817138671875,343.9690246582031,227.39572143554688,0.0151197332888841
tile_r019299_c009315,2,328.49664306640625,399.65771484375,402.2874450683594,475.2615356445313,0.0143828289583325
tile_r019299_c009315,2,182.53997802734372,420.5758666992188,216.86996459960935,457.34814453125,0.0140346577391028
tile_r019299_c009315,2,255.3451385498047,475.7413024902344,301.1682434082031,513.18310546875,0.0137351416051387
tile_r019299_c009315,2,259.7415771484375,488.1272583007813,293.19952392578125,512.4284057617188,0.0128960665315389
tile_r019299_c009315,2,64.6360855102539,115.07078552246094,99.0245361328125,148.81668090820312,0.0118981748819351
tile_r019299_c009315,2,101.75788879394533,327.15411376953125,133.92434692382812,362.365234375,0.011558155529201
tile_r019299_c009315,2,198.7549285888672,470.6600646972656,230.4209442138672,508.6455078125,0.0108024375513196
tile_r019299_c009315,2,59.63164138793945,-2.615222215652466,116.24610900878906,36.7261962890625,0.0105338264256715
tile_r019299_c009315,2,44.18717193603516,18.05613136291504,110.275634765625,81.7901611328125,0.0086685698479413
tile_r019299_c009315,2,261.5482177734375,498.8449096679688,293.5536804199219,512.1658325195312,0.007901701144874
tile_r019299_c009315,2,87.89381408691406,284.794921875,160.74180603027344,371.3453063964844,0.0073233367875218
tile_r019299_c009315,2,174.8426055908203,152.9081573486328,248.74172973632807,231.1810607910156,0.0070311613380908
tile_r019299_c009315,2,197.0746154785156,490.8486328125,232.9927673339844,511.3788146972656,0.0069046844728291
tile_r019299_c009315,2,160.7944793701172,221.9135284423828,197.1338348388672,260.8253479003906,0.0063863839022815
tile_r019299_c009315,2,265.19879150390625,480.63189697265625,295.1107788085937,507.2183227539063,0.0061149024404585
tile_r019299_c009315,2,138.0888214111328,204.1883850097656,211.60134887695312,277.5157165527344,0.0056653963401913
tile_r019299_c009315,2,195.6918487548828,484.6721801757813,259.8124389648437,512.0128173828125,0.0056358557194471
tile_r019299_c009315,2,356.68994140625,133.14456176757812,404.6228942871094,176.97586059570312,0.0047461818903684
tile_r019299_c009315,2,49.01715087890625,97.3548355102539,114.93009948730467,164.06796264648438,0.004700125195086
tile_r019299_c009315,2,190.77078247070312,457.3767700195313,250.6487579345703,513.6201171875,0.0041520660743117
tile_r019299_c009315,2,264.7223205566406,481.9571228027344,309.88623046875,511.4186401367188,0.0038428467232733
tile_r019299_c009315,2,271.0711975097656,151.0549774169922,362.9451293945313,249.0160217285156,0.0027237506583333
tile_r019299_c009315,2,312.8968811035156,497.1389770507813,386.9736328125,512.8948364257812,0.0024667084217071
tile_r019299_c009315,2,307.7086181640625,496.38580322265625,356.7724304199219,512.626708984375,0.002378333127126
tile_r019299_c009315,2,248.58609008789065,470.90179443359375,306.4430236816406,515.0557250976562,0.0023031497839838
tile_r019299_c009315,2,-11.5610933303833,429.63623046875,-0.8520660400390625,486.23681640625,0.0022489265538752
tile_r019299_c009315,2,311.3663024902344,198.94711303710935,347.13543701171875,232.6361846923828,0.0022199905943125
tile_r019299_c009315,2,426.2081909179688,411.8575134277344,467.34375,452.7151489257813,0.002186190104112
tile_r019299_c009315,2,258.5536193847656,7.519751071929932,286.2685546875,40.993751525878906,0.0021687143016606
tile_r019299_c009315,2,138.29605102539062,514.9990844726562,216.81723022460935,524.7999877929688,0.0020885136909782
tile_r019299_c009315,2,441.4373474121094,72.28267669677734,485.14202880859375,109.00282287597656,0.002054066164419
tile_r019299_c009315,2,152.4213409423828,515.4332885742188,230.9242706298828,524.7999877929688,0.0019862602930516
tile_r019299_c009315,2,212.1700134277344,513.9029541015625,300.6177673339844,524.7999877929688,0.0019678850658237
tile_r019299_c009315,2,56.15742111206055,-3.1593871116638184,109.6226806640625,50.72597503662109,0.0019102769438177
tile_r019299_c009315,2,366.6472778320313,514.7942504882812,450.4412231445313,524.7999877929688,0.0019065402448177
tile_r019299_c009315,2,400.4024963378906,391.39849853515625,476.0162658691406,471.3973693847656,0.001863329205662
tile_r019299_c009315,2,181.99758911132807,463.8848571777344,237.16891479492188,512.0733642578125,0.0018461417639628
tile_r019299_c009315,2,47.48503494262695,-6.142035007476807,115.7808837890625,54.66591644287109,0.0018246686086058
tile_r019299_c009315,2,123.8510284423828,514.70654296875,203.9314422607422,524.6260986328125,0.0018078164430335
tile_r019299_c009315,2,40.89374923706055,-12.800000190734863,125.38818359375,84.89559936523438,0.0017924058483913
tile_r019299_c009315,2,262.8743896484375,492.6268615722656,290.13836669921875,511.7383728027344,0.0017692601541057
tile_r019299_c009315,2,-11.834917068481444,437.2819213867188,-0.6779190301895142,509.52587890625,0.0017399836797267
tile_r019299_c009315,2,185.8674774169922,482.9940490722656,238.24331665039065,512.6354370117188,0.0017010625451803
tile_r019299_c009315,2,261.8660583496094,454.56591796875,366.1192932128906,516.9364013671875,0.001677902881056
tile_r019299_c009315,2,437.6163024902344,52.5987434387207,492.7962036132813,110.2175521850586,0.0016774062532931
tile_r019299_c009315,2,338.6654663085937,514.4269409179688,425.52630615234375,524.7999877929688,0.0016684406436979
tile_r019299_c009315,2,43.17279052734375,185.8401336669922,102.73836517333984,243.4684600830078,0.0016207040753215
tile_r019299_c009315,2,417.1143493652344,515.3740234375,500.5006713867188,524.7999877929688,0.0016192203620448
tile_r019299_c009315,2,288.7418518066406,264.85943603515625,327.340087890625,321.59014892578125,0.0015915222465991
tile_r019299_c009315,2,513.8070068359375,311.7621459960937,524.7999877929688,386.7378845214844,0.0015221374342218
tile_r019299_c009315,2,202.1839904785156,478.326904296875,244.1705017089844,510.69635009765625,0.0015168243553489
tile_r019299_c009315,2,279.2367553710937,501.4855041503906,365.2726135253906,524.487060546875,0.0015036372933536
tile_r019299_c009315,2,23.094934463500977,515.2478637695312,109.60685729980467,524.7999877929688,0.0015016711549833
tile_r019299_c009315,2,514.00732421875,363.97943115234375,524.7999877929688,439.397705078125,0.001491380855441
tile_r019299_c009315,2,0.8967925906181335,456.818359375,19.86672592163086,482.490234375,0.0014511365443468
tile_r019299_c009315,2,513.8699340820312,324.70977783203125,524.7999877929688,400.6734313964844,0.0014499208191409
tile_r019299_c009315,2,131.9120635986328,196.1670837402344,222.8104553222656,284.2267150878906,0.0014364682137966
tile_r019299_c009315,2,72.53517150878906,1.580480933189392,106.60194396972656,25.305639266967773,0.0014218043070286
tile_r019299_c009315,2,365.70458984375,142.07972717285156,397.4895935058594,171.67601013183594,0.0013889663387089
tile_r019299_c009315,2,392.4334106445313,514.6878662109375,476.2743225097656,524.7999877929688,0.0013830529060214
tile_r019299_c009315,2,73.45757293701172,515.6248168945312,157.42910766601562,524.7999877929688,0.0013801476452499
tile_r019299_c009315,2,513.9332885742188,336.6957397460937,524.7999877929688,415.9827575683594,0.0013799761654809
tile_r019299_c009315,2,343.1841735839844,346.0753479003906,368.4036254882813,374.005126953125,0.0013472794089466
tile_r019299_c009315,2,513.8758544921875,284.74688720703125,524.7999877929688,362.36614990234375,0.0013019546167925
tile_r019299_c009315,2,195.3805694580078,498.0760803222656,235.5480499267578,511.5055541992188,0.0012720997910946
tile_r019299_c009315,2,469.7405395507813,517.3900146484375,524.2442626953125,524.7999877929688,0.0012622644426301
tile_r019299_c009315,2,178.48435974121094,426.8088989257813,259.5601501464844,514.2037963867188,0.0012525240890681
tile_r019299_c009315,2,182.6945953369141,401.435546875,221.77719116210935,442.2628784179688,0.0012353266356512
tile_r019299_c009315,2,199.55270385742188,493.00439453125,224.5150146484375,510.4274291992188,0.0012114980490878
tile_r019299_c009315,2,195.14181518554688,511.1685485839844,272.4809265136719,517.7029418945312,0.0011966326273977
tile_r019299_c009315,2,406.2803649902344,392.4293823242188,520.3748779296875,511.8704223632813,0.0011923799756914
tile_r019299_c009315,2,513.9327392578125,385.166259765625,524.7999877929688,461.9427185058594,0.001177328871563
tile_r019299_c009315,2,512.3616943359375,-12.800000190734863,524.4829711914062,0.7533966302871704,0.0011768500553444
tile_r019299_c009315,2,58.0378532409668,-12.645663261413574,116.7563247680664,21.52632141113281,0.001166004105471
tile_r019299_c009315,2,443.5799865722656,515.865234375,518.3961791992188,524.7999877929688,0.0011652124812826
tile_r019299_c009315,2,50.99155426025391,-12.560449600219728,123.4094696044922,47.42072677612305,0.0011621657758951
tile_r019299_c009315,2,49.3144416809082,-4.267462253570557,119.23726654052734,75.07242584228516,0.0011584443273022
tile_r019299_c009315,2,109.93882751464844,331.0907592773437,137.09066772460938,362.1832580566406,0.0011417663190513
tile_r019299_c009315,2,14.446426391601562,147.5121307373047,108.06954193115234,243.24752807617188,0.0011342111974954
tile_r019299_c009315,2,378.6571960449219,357.70196533203125,488.0447387695313,469.31884765625,0.0011334810405969
tile_r019299_c009315,2,287.495849609375,265.270751953125,327.53912353515625,343.2720642089844,0.0011238030856475
tile_r019299_c009315,2,320.1318359375,514.229736328125,413.9842224121094,524.7999877929688,0.0011210333323106
tile_r019299_c009315,2,48.70720291137695,515.5487060546875,134.0240020751953,524.7999877929688,0.0011065750150009
tile_r019299_c009315,2,188.36428833007807,401.6690368652344,216.01901245117188,429.0155334472656,0.0011063852580264
tile_r019299_c009315,2,160.60556030273438,-9.93292236328125,231.976318359375,73.55873107910156,0.0010998279321938
tile_r019299_c009315,2,514.1746215820312,256.5087890625,524.7999877929688,338.00830078125,0.0010830432875081
tile_r019299_c009315,2,187.27713012695312,400.5213928222656,220.3191680908203,434.11083984375,0.0010762376477941
tile_r019299_c009315,2,162.33396911621094,500.0801696777344,238.5775451660156,513.04541015625,0.001068492536433
tile_r019299_c009315,2,97.0825424194336,514.9480590820312,180.38693237304688,524.7999877929688,0.0010667609749361
tile_r019299_c009315,2,164.02767944335938,512.0053100585938,244.4387664794922,524.7999877929688,0.0010650940239429
tile_r019299_c009315,2,0.1130767837166786,441.51513671875,31.25575256347656,485.2811584472656,0.0010225401492789
tile_r019299_c009315,2,293.2744140625,165.36587524414062,328.2085876464844,203.1712951660156,0.0010168178705498
tile_r019299_c009315,2,349.9476013183594,118.32795715332033,414.353271484375,178.2517547607422,0.001012040185742
tile_r019555_c008035,2,46.7474250793457,462.5240173339844,82.62715911865234,494.5431518554688,0.6785390973091125
tile_r019555_c008035,2,127.78727722167967,473.0541076660156,169.61215209960938,511.3507690429688,0.67265784740448
tile_r019555_c008035,2,374.0462036132813,9.30150318145752,428.7880859375,54.33686447143555,0.6589272618293762
tile_r019555_c008035,2,0.3112609982490539,1.559320092201233,41.74861907958984,43.790435791015625,0.6524571776390076
tile_r019555_c008035,2,69.16629791259766,281.4793395996094,107.57965087890624,315.80181884765625,0.6388638615608215
tile_r019555_c008035,2,321.73907470703125,158.69515991210938,375.5084838867188,209.4967803955078,0.6246657967567444
tile_r019555_c008035,2,416.8525390625,125.7647476196289,477.0587768554688,176.4897003173828,0.6038565039634705
tile_r019555_c008035,2,405.0270080566406,402.8440551757813,461.4741821289063,453.3102416992188,0.6011200547218323
tile_r019555_c008035,2,106.9773406982422,387.5242309570313,133.34732055664062,409.4771423339844,0.5793975591659546
tile_r019555_c008035,2,374.9549865722656,281.3197631835937,408.78607177734375,315.69488525390625,0.562288761138916
tile_r019555_c008035,2,-0.1086639389395713,223.6486053466797,23.879379272460938,259.1910400390625,0.4979110360145569
tile_r019555_c008035,2,0.4823562502861023,486.2413940429688,25.998943328857425,512.8623046875,0.3982956111431122
tile_r019555_c008035,2,325.2264709472656,165.5814208984375,370.6868591308594,207.1456756591797,0.1861772090196609
tile_r019555_c008035,2,409.84423828125,410.2407836914063,459.2977600097656,449.2449645996094,0.1835952401161193
tile_r019555_c008035,2,56.44012451171875,261.06524658203125,72.85523986816406,278.4471740722656,0.1824424266815185
tile_r019555_c008035,2,103.9966812133789,385.3097229003906,134.75839233398438,413.40240478515625,0.1772205084562301
tile_r019555_c008035,2,54.724571228027344,260.1712951660156,77.36158752441406,279.16912841796875,0.1191206127405166
tile_r019555_c008035,2,413.76123046875,116.4246597290039,480.9469604492188,182.0998077392578,0.1156278774142265
tile_r019555_c008035,2,419.8025512695313,132.25393676757812,471.2033081054688,171.74209594726562,0.1095559298992157
tile_r019555_c008035,2,1.109674096107483,218.7164306640625,28.732213973999023,262.6024780273437,0.0807644948363304
tile_r019555_c008035,2,377.9969177246094,15.071551322937012,423.60357666015625,51.05670928955078,0.0760930925607681
tile_r019555_c008035,2,317.0089416503906,150.0810546875,382.2710571289063,214.90408325195312,0.0700511634349823
tile_r019555_c008035,2,371.069580078125,277.39532470703125,412.8194885253906,319.3158264160156,0.0665669813752174
tile_r019555_c008035,2,70.6727523803711,285.6690979003906,101.6299285888672,313.175048828125,0.0612867586314678
tile_r019555_c008035,2,368.6303405761719,2.033367872238159,433.45361328125,58.15892791748047,0.0591205619275569
tile_r019555_c008035,2,22.309703826904297,453.8287048339844,37.8304328918457,467.7254943847656,0.0433022156357765
tile_r019555_c008035,2,3.31707763671875,6.435327053070068,37.82975006103516,41.32681274414063,0.038274236023426
tile_r019555_c008035,2,400.9845581054688,395.31292724609375,466.3489379882813,457.8132934570313,0.0344302058219909
tile_r019555_c008035,2,-2.2775893211364746,-1.4193741083145142,46.55598068237305,49.77382659912109,0.0273799560964107
tile_r019555_c008035,2,42.5047721862793,457.8085021972656,84.77825927734375,498.8333129882813,0.0216162968426942
tile_r019555_c008035,2,0.269122302532196,227.0961456298828,17.911731719970703,256.5834045410156,0.0192579887807369
tile_r019555_c008035,2,376.65338134765625,285.2909545898437,403.39556884765625,311.14947509765625,0.0177490040659904
tile_r019555_c008035,2,48.513816833496094,468.160400390625,79.5981216430664,493.356689453125,0.0157610066235065
tile_r019555_c008035,2,64.19583892822266,273.9398803710937,110.40787506103516,321.9649353027344,0.013886084780097
tile_r019555_c008035,2,57.5103874206543,263.11590576171875,78.06461334228516,280.8765563964844,0.013792716898024
tile_r019555_c008035,2,420.5584106445313,139.0603485107422,457.5269470214844,171.3158721923828,0.0135872736573219
tile_r019555_c008035,2,52.85722732543945,256.81768798828125,77.6316909790039,282.18701171875,0.0113609703257679
tile_r019555_c008035,2,173.744873046875,312.3829650878906,198.47378540039065,333.06109619140625,0.0083471219986677
tile_r019555_c008035,2,-1.888757348060608,487.59222412109375,46.33837890625,511.76470947265625,0.0082613751292228
tile_r019555_c008035,2,21.36361122131348,448.2605590820313,40.011329650878906,471.2978515625,0.0082073872908949
tile_r019555_c008035,2,-1.786346435546875,216.5703582763672,34.46514129638672,265.49688720703125,0.0070519521832466
tile_r019555_c008035,2,-4.546658515930176,225.7491149902344,1.531286597251892,261.8959350585937,0.0063297557644546
tile_r019555_c008035,2,-9.086398124694824,211.54541015625,16.697933197021484,264.0479431152344,0.0061130770482122
tile_r019555_c008035,2,59.13640213012695,260.24224853515625,108.4284896850586,317.1756896972656,0.0054032085463404
tile_r019555_c008035,2,-0.8387603759765625,489.0980529785156,21.667022705078125,511.7642517089844,0.0053940042853355
tile_r019555_c008035,2,50.54365158081055,416.3156127929688,70.91519927978516,436.4103393554688,0.0051692952401936
tile_r019555_c008035,2,-9.9828519821167,476.9426879882813,25.636117935180664,516.98095703125,0.0049569271504879
tile_r019555_c008035,2,119.25830078125,464.1591796875,182.3586883544922,520.8121337890625,0.0045602982863783
tile_r019555_c008035,2,-8.136126518249512,-8.259167671203613,51.21671676635742,56.13399505615234,0.0043072174303233
tile_r019555_c008035,2,122.79109191894533,466.3551635742188,175.0377197265625,513.8768310546875,0.0043062726035714
tile_r019555_c008035,2,432.03955078125,132.0933837890625,477.8457946777344,168.6668701171875,0.0042764316312968
tile_r019555_c008035,2,12.373736381530762,439.2709045410156,37.121490478515625,474.9751892089844,0.0042586331255733
tile_r019555_c008035,2,51.7335205078125,417.4237365722656,66.1097183227539,434.7662963867188,0.0042477864772081
tile_r019555_c008035,2,-11.852043151855469,95.1894760131836,-0.7859405279159546,151.2648162841797,0.0038542340043932
tile_r019555_c008035,2,3.2484130859375,222.5673828125,27.007434844970703,254.572265625,0.0036942919250577
tile_r019555_c008035,2,103.39847564697266,95.9736328125,137.66664123535156,123.56982421875,0.0036020523402839
tile_r019555_c008035,2,48.6828727722168,469.7235412597656,72.47657775878906,491.9137573242188,0.0033795293420553
tile_r019555_c008035,2,-11.5925874710083,61.5128059387207,-1.0020233392715454,120.09051513671876,0.0033621180336922
tile_r019555_c008035,2,-11.732147216796877,70.2559814453125,-0.8798278570175171,137.349609375,0.003241418628022
tile_r019555_c008035,2,-11.44349765777588,339.0648803710937,-1.615698218345642,401.7581481933594,0.0032338444143533
tile_r019555_c008035,2,421.8490295410156,164.48751831054688,458.2328186035156,199.8871612548828,0.0032090642489492
tile_r019555_c008035,2,99.56437683105467,382.23724365234375,139.7734832763672,418.2874145507813,0.0030793079640716
tile_r019555_c008035,2,368.474609375,267.4371643066406,418.8571166992188,325.412841796875,0.002913219621405
tile_r019555_c008035,2,75.93653869628906,287.5877990722656,106.01998138427734,313.36572265625,0.0029075504280626
tile_r019555_c008035,2,33.52971267700195,459.6613159179688,96.860107421875,508.04345703125,0.002755205379799
tile_r019555_c008035,2,233.7501983642578,208.945556640625,263.39044189453125,234.776123046875,0.0025958290789276
tile_r019555_c008035,2,114.509521484375,124.7641143798828,146.1396484375,152.45376586914062,0.002585764741525
tile_r019555_c008035,2,1.3464874029159546,348.38818359375,27.26937484741211,390.8845825195313,0.0025773567613214
tile_r019555_c008035,2,-6.891448974609375,212.66146850585935,38.9570541381836,268.04644775390625,0.0025564180687069
tile_r019555_c008035,2,105.19987487792967,391.0802307128906,126.0235595703125,408.5843200683594,0.0023815813474357
tile_r019555_c008035,2,57.3243522644043,269.83154296875,116.34649658203124,333.10382080078125,0.0023727561347186
tile_r019555_c008035,2,416.8125,132.47195434570312,479.1480407714844,195.92990112304688,0.0022640279494225
tile_r019555_c008035,2,-11.527523040771484,293.2923278808594,-1.4572784900665283,345.4518127441406,0.0022080263588577
tile_r019555_c008035,2,-11.6618070602417,349.9034118652344,-1.5878493785858154,412.25732421875,0.0022042286582291
tile_r019555_c008035,2,92.8572998046875,375.3773498535156,143.92550659179688,427.4649353027344,0.0021905619651079
tile_r019555_c008035,2,366.541015625,-2.7925047874450684,440.4862365722656,69.50262451171875,0.0021876175887882
tile_r019555_c008035,2,358.75146484375,514.7202758789062,437.7023315429688,524.642333984375,0.0021777453366667
tile_r019555_c008035,2,188.20834350585935,81.51565551757812,222.6714782714844,114.42131042480467,0.0020980900153517
tile_r019555_c008035,2,421.1731872558594,141.6209716796875,447.7102966308594,170.02194213867188,0.0019568782299757
tile_r019555_c008035,2,-11.942619323730469,103.3786392211914,-0.7201156616210938,166.0008087158203,0.0018882567528635
tile_r019555_c008035,2,440.6818237304688,130.2171173095703,478.4734497070313,161.63400268554688,0.0018796935910359
tile_r019555_c008035,2,-11.60212230682373,414.1395568847656,-2.4549636840820312,470.13037109375,0.0018512222450226
tile_r019555_c008035,2,151.9566192626953,515.4358520507812,227.9082489013672,524.7999877929688,0.0017649284563958
tile_r019555_c008035,2,304.68145751953125,514.9669189453125,388.0496215820313,524.7999877929688,0.0017524033319205
tile_r019555_c008035,2,379.8594665527344,515.0023803710938,462.41650390625,524.7999877929688,0.0017410441068932
tile_r019555_c008035,2,-11.100741386413574,12.602392196655272,1.2988739013671875,73.43855285644531,0.0017340520862489
tile_r019555_c008035,2,2.2369017601013184,4.036988735198975,33.70440673828125,33.5965461730957,0.0016743896994739
tile_r019555_c008035,2,48.61821365356445,412.3369140625,76.17806243896484,437.9786987304688,0.001659729052335
tile_r019555_c008035,2,486.32861328125,258.72381591796875,518.79833984375,325.0948181152344,0.0016575930640101
tile_r019555_c008035,2,284.41278076171875,444.5759887695313,310.08135986328125,466.3377075195313,0.0016472426941618
tile_r019555_c008035,2,404.6844787597656,515.0611572265625,487.5618286132813,524.7999877929688,0.0016440034378319
tile_r019555_c008035,2,-12.177942276000977,220.5840301513672,-5.218592166900635,269.230712890625,0.0016236084047704
tile_r019555_c008035,2,218.4118194580078,515.5205078125,299.81866455078125,524.7999877929688,0.0016142681706696
tile_r019555_c008035,2,-10.558761596679688,1.226141333580017,25.184558868408203,65.84443664550781,0.0016072875587269
tile_r019555_c008035,2,117.7739715576172,62.510536193847656,147.4872283935547,86.75811767578125,0.0016039701877161
tile_r019555_c008035,2,-0.2443389892578125,350.94775390625,31.60988426208496,402.64501953125,0.0015753139741718
tile_r019555_c008035,2,483.3128967285156,270.9786682128906,519.6396484375,336.287109375,0.0015671156579628
tile_r019555_c008035,2,328.91143798828125,514.9002685546875,414.2298889160156,524.7874755859375,0.0015617493772879
tile_r019555_c008035,2,129.9305419921875,479.3273315429688,165.63912963867188,509.4026489257813,0.0015179623151198
tile_r019555_c008035,2,396.57806396484375,387.0797729492188,474.01611328125,463.03076171875,0.0015072074020281
tile_r019555_c008035,2,493.842041015625,115.0001220703125,519.4876708984375,176.27908325195312,0.0015028922352939
tile_r019555_c008035,2,338.1323547363281,389.4545593261719,463.6600646972656,522.4465942382812,0.0014933589845895
tile_r019555_c008035,2,302.1305236816406,517.6539306640625,362.8909301757813,524.7999877929688,0.0014921188121661
tile_r019555_c008035,2,205.87387084960935,515.0587768554688,285.0101013183594,524.7999877929688,0.0014729383401572
tile_r019555_c008035,2,486.9567260742188,245.60708618164065,518.3922729492188,312.99908447265625,0.0014638666762039
tile_r019555_c008035,2,27.190479278564453,514.2076416015625,97.19915771484376,524.7999877929688,0.001452736207284
tile_r019555_c008035,2,-11.55685806274414,311.69500732421875,-1.9953796863555908,382.7605590820313,0.0014300878392532
tile_r019555_c008035,2,468.2327575683594,107.7579574584961,488.7906799316406,124.7219009399414,0.0013777628773823
tile_r019555_c008035,2,419.5499877929688,164.005615234375,469.2453002929688,194.8139190673828,0.0013675425434485
tile_r019555_c008035,2,375.6366271972656,517.739990234375,430.6961059570313,524.7999877929688,0.0013589651789516
tile_r019555_c008035,2,-11.586284637451172,300.097412109375,-1.587010145187378,361.5979919433594,0.0013468624092638
tile_r019555_c008035,2,-11.847805976867676,362.3663635253906,-1.5475966930389404,425.7667541503906,0.0013331610243767
tile_r019555_c008035,2,193.7586669921875,514.7208251953125,272.07525634765625,524.64501953125,0.0013279363047331
tile_r019555_c008035,2,-0.550769031047821,331.05438232421875,30.93353271484375,386.3609313964844,0.0013168957084417
tile_r019555_c008035,2,361.3059692382813,518.0477294921875,421.9783325195313,524.7999877929688,0.0013079015770927
tile_r019555_c008035,2,-11.727161407470703,25.168994903564453,-1.3956130743026731,89.9122085571289,0.0013019657926633
tile_r019555_c008035,2,-11.729105949401855,421.7693481445313,-0.7813308835029602,480.7766723632813,0.0012945794733241
tile_r019555_c008035,2,-11.755656242370604,41.5015754699707,-1.3976943492889404,103.86189270019533,0.0012708536814898
tile_r019555_c008035,2,352.36865234375,257.9591369628906,418.27490234375,337.5150756835937,0.0012705794069916
tile_r019555_c008035,2,274.31280517578125,515.097412109375,361.3491821289063,524.7999877929688,0.001256487565115
tile_r019555_c008035,2,-7.475054740905762,4.560601711273193,44.965797424316406,70.77030944824219,0.0012284442782402
tile_r019555_c008035,2,430.1763610839844,515.4176025390625,509.7405395507813,524.7999877929688,0.001226024585776
tile_r019555_c008035,2,19.6953182220459,450.2510681152344,38.19032669067383,468.7286071777344,0.0012076838174834
tile_r019555_c008035,2,-11.984182357788086,115.047119140625,-1.0043182373046875,184.1007843017578,0.001202869345434
tile_r019555_c008035,2,474.819091796875,122.5584716796875,515.6376342773438,185.8116912841797,0.0011915711220353
tile_r019555_c008035,2,231.6880340576172,515.8898315429688,311.97705078125,524.7999877929688,0.0011673788540065
tile_r019555_c008035,2,381.0877075195313,282.49468994140625,410.6729431152344,311.48834228515625,0.001167009701021
tile_r019555_c008035,2,-10.629388809204102,485.14306640625,17.71014404296875,524.7999877929688,0.0011580503778532
tile_r019555_c008035,2,408.5772399902344,414.096435546875,449.0187377929688,448.2034606933594,0.0011524793226271
tile_r019555_c008035,2,80.14533233642578,515.6939086914062,149.7980194091797,524.7999877929688,0.0011458937078714
tile_r019555_c008035,2,172.38589477539062,516.0208129882812,241.5260772705078,524.6094970703125,0.0011343354126438
tile_r019555_c008035,2,182.73501586914065,515.3818359375,257.3487243652344,524.7238159179688,0.0011333174770697
tile_r019555_c008035,2,92.9349365234375,508.302490234375,173.33804321289062,524.7999877929688,0.0011219922453165
tile_r019555_c008035,2,85.00031280517578,497.29583740234375,139.38040161132812,512.6448974609375,0.0011187770869582
tile_r019555_c008035,2,267.7544860839844,511.9385681152344,336.275390625,524.0172729492188,0.0011145221069455
tile_r019555_c008035,2,472.0595703125,133.04647827148438,517.0052490234375,202.70211791992188,0.0011142747243866
tile_r019555_c008035,2,309.0443725585937,139.91616821289062,392.0650939941406,223.81417846679688,0.0011068054009228
tile_r019555_c008035,2,317.9732971191406,517.5806884765625,372.63720703125,524.7999877929688,0.0011021606624126
tile_r019555_c008035,2,521.9412231445312,263.9503479003906,524.5613403320312,329.3954467773437,0.0010976963676512
tile_r019555_c008035,2,-10.785334587097168,220.9283447265625,1.956719994544983,279.5146789550781,0.0010966412955895
tile_r019555_c008035,2,221.6483459472656,518.5128173828125,279.8768615722656,524.7999877929688,0.0010934923775494
tile_r019555_c008035,2,-11.697867393493652,389.1107482910156,-1.8955291509628296,454.4048767089844,0.0010806419886648
tile_r019555_c008035,2,476.2220764160156,517.3436279296875,524.7034912109375,524.7999877929688,0.001079081906937
tile_r019555_c008035,2,-11.920202255249023,133.55380249023438,-1.294132947921753,198.16226196289065,0.0010596116771921
tile_r019555_c008035,2,404.6100463867188,518.012939453125,463.9270629882813,524.7999877929688,0.0010558697395026
tile_r019555_c008035,2,47.4288330078125,513.8654174804688,122.77799987792967,524.7999877929688,0.0010371849639341
tile_r019555_c008035,2,229.0592803955078,203.0927734375,271.6172790527344,239.3813934326172,0.0010270356433466
tile_r019555_c008035,2,290.10845947265625,517.8426513671875,350.20635986328125,524.7999877929688,0.001016802387312
tile_r019555_c008035,2,89.66719818115234,453.9017639160156,129.56411743164062,506.7615356445313,0.0010117534548044
tile_r019555_c008035,2,0.54180908203125,74.52352142333984,29.21651077270508,132.60513305664062,0.0010096095502376
tile_r019555_c008035,2,-1.9392242431640625,292.04638671875,33.187503814697266,343.7901306152344,0.001005835016258
tile_r019555_c008035,2,-5.403729438781738,217.6744079589844,3.622604370117188,260.30548095703125,0.0010047752875834
tile_r019555_c008035,2,161.4571075439453,520.360107421875,211.1048583984375,524.7999877929688,0.0010021701455116
tile_r019555_c008291,2,117.7395477294922,9.12946605682373,173.1250457763672,54.534461975097656,0.6621301174163818
tile_r019555_c008291,2,290.90216064453125,238.83950805664065,335.64501953125,282.3688049316406,0.6540191769599915
tile_r019555_c008291,2,65.74348449707031,158.74899291992188,119.6147232055664,209.6065216064453,0.635786235332489
tile_r019555_c008291,2,160.5520782470703,125.6059341430664,221.40011596679688,176.8369903564453,0.608528733253479
tile_r019555_c008291,2,148.5807647705078,402.53955078125,205.81253051757807,453.6893615722656,0.6031765341758728
tile_r019555_c008291,2,335.735107421875,79.40393829345703,381.3136291503906,123.0953369140625,0.5846413969993591
tile_r019555_c008291,2,118.77360534667967,281.0947570800781,153.0223846435547,315.8905639648437,0.5564805865287781
tile_r019555_c008291,2,272.5008850097656,435.17962646484375,325.76513671875,476.327392578125,0.5392342209815979
tile_r019555_c008291,2,254.11624145507807,383.7506713867188,305.2634582519531,433.06640625,0.5013496279716492
tile_r019555_c008291,2,346.17333984375,253.4586944580078,377.1934509277344,284.9131774902344,0.4497653245925903
tile_r019555_c008291,2,260.6261291503906,390.2360229492188,303.7359924316406,429.8182678222656,0.3254189491271972
tile_r019555_c008291,2,153.5994415283203,410.3141479492188,203.5213623046875,449.4197387695313,0.1877840459346771
tile_r019555_c008291,2,69.10301208496094,165.58023071289062,114.84690856933594,207.3142852783203,0.1877722144126892
tile_r019555_c008291,2,340.11083984375,84.37026977539062,378.7630310058594,120.2188949584961,0.1651586592197418
tile_r019555_c008291,2,157.2518768310547,117.22481536865234,225.6449279785156,182.5951232910156,0.1214423775672912
tile_r019555_c008291,2,163.5784454345703,132.08251953125,215.45065307617188,171.9810028076172,0.105272501707077
tile_r019555_c008291,2,274.4964599609375,438.7659301757813,318.7073059082031,473.1002807617188,0.0955352708697319
tile_r019555_c008291,2,121.80467224121094,14.9173583984375,167.83761596679688,51.1817512512207,0.0722244977951049
tile_r019555_c008291,2,112.34284973144533,2.0364012718200684,177.8387908935547,58.49867630004883,0.0696605592966079
tile_r019555_c008291,2,61.176536560058594,150.15673828125,126.8623504638672,215.18505859375,0.0666209086775779
tile_r019555_c008291,2,114.94865417480467,277.1630554199219,157.2319793701172,319.5506591796875,0.0636635422706604
tile_r019555_c008291,2,144.31405639648438,395.4309387207031,210.8363494873047,458.3131713867188,0.0341851487755775
tile_r019555_c008291,2,349.1316833496094,257.24835205078125,375.3579711914063,282.89813232421875,0.025856951251626
tile_r019555_c008291,2,262.31463623046875,425.33013916015625,333.4403686523437,488.705810546875,0.0206715781241655
tile_r019555_c008291,2,120.5086441040039,285.0785522460937,147.6493682861328,311.29608154296875,0.0180849861353635
tile_r019555_c008291,2,339.4987487792969,247.0275421142578,380.4215087890625,290.80975341796875,0.0136874560266733
tile_r019555_c008291,2,164.42068481445312,138.9945526123047,201.8307647705078,171.48410034179688,0.0125183733180165
tile_r019555_c008291,2,284.67742919921875,442.9441833496094,326.6817321777344,470.735107421875,0.0122507568448781
tile_r019555_c008291,2,244.12319946289065,370.8817443847656,316.2384338378906,440.9279174804688,0.0118147786706686
tile_r019555_c008291,2,285.46435546875,231.85073852539065,340.82208251953125,288.51953125,0.0117276608943939
tile_r019555_c008291,2,297.0863342285156,243.98556518554688,332.35400390625,278.5748291015625,0.01164479739964
tile_r019555_c008291,2,275.44219970703125,444.4202270507813,310.68975830078125,472.6715698242188,0.0098519958555698
tile_r019555_c008291,2,345.4922790527344,257.2528991699219,370.0182189941406,282.77423095703125,0.0079842014238238
tile_r019555_c008291,2,258.16180419921875,387.2494201660156,298.14288330078125,425.48779296875,0.0063118967227637
tile_r019555_c008291,2,325.8549194335937,69.37123107910156,390.42962646484375,130.92831420898438,0.0049540088512003
tile_r019555_c008291,2,175.48960876464844,132.11465454101562,222.15493774414065,168.94459533691406,0.0037556868046522
tile_r019555_c008291,2,260.0030822753906,395.7798156738281,295.4363708496094,428.0508728027344,0.0036610674578696
tile_r019555_c008291,2,112.45140075683594,266.9818725585937,163.45437622070312,326.2606811523437,0.002885484136641
tile_r019555_c008291,2,513.586181640625,183.6371154785156,524.7999877929688,255.8643493652344,0.0026640766300261
tile_r019555_c008291,2,513.5740966796875,345.531982421875,524.7999877929688,423.93646240234375,0.0024441343266516
tile_r019555_c008291,2,106.67919921875,-5.108716011047363,184.721435546875,72.15386962890625,0.0023245664779096
tile_r019555_c008291,2,514.2467041015625,449.94873046875,524.6681518554688,512.2985229492188,0.0022488774266093
tile_r019555_c008291,2,407.0940551757813,515.9048461914062,487.2633666992188,524.7999877929688,0.002179192379117
tile_r019555_c008291,2,103.4647979736328,514.7469482421875,181.63961791992188,524.6002807617188,0.0021753397304564
tile_r019555_c008291,2,513.5670166015625,250.6923370361328,524.7999877929688,322.4520874023437,0.0021683294326066
tile_r019555_c008291,2,165.89926147460938,164.2216339111328,202.4588928222656,200.0288543701172,0.0021666814573109
tile_r019555_c008291,2,513.5521240234375,322.7411193847656,524.7999877929688,401.5056762695313,0.0021200589835643
tile_r019555_c008291,2,396.0485534667969,515.03662109375,473.1688537597656,524.7999877929688,0.002105648163706
tile_r019555_c008291,2,115.3736572265625,514.9608154296875,194.30355834960935,524.7999877929688,0.0020361933857202
tile_r019555_c008291,2,288.38836669921875,514.69921875,368.9830627441406,524.7130737304688,0.0019620331004261
tile_r019555_c008291,2,48.93146514892578,514.94287109375,131.1129150390625,524.7999877929688,0.0019396049901843
tile_r019555_c008291,2,513.4119262695312,370.7385559082031,524.7999877929688,448.1532287597656,0.0019096479518339
tile_r019555_c008291,2,513.5496826171875,269.5328674316406,524.7999877929688,348.50640869140625,0.0019095515599474
tile_r019555_c008291,2,266.4590759277344,514.5231323242188,344.34783935546875,524.7999877929688,0.0018798457458615
tile_r019555_c008291,2,165.09231567382812,141.52005004882812,192.05825805664065,170.1544189453125,0.0018791917245835
tile_r019555_c008291,2,151.7983856201172,107.3955307006836,233.949462890625,187.7531280517578,0.0018534113187342
tile_r019555_c008291,2,513.5164794921875,297.365234375,524.7999877929688,376.5489196777344,0.0018175943987444
tile_r019555_c008291,2,149.1112823486328,514.9973754882812,231.5728454589844,524.7999877929688,0.0017905512358993
tile_r019555_c008291,2,86.88568115234375,514.6454467773438,170.40017700195312,524.5511474609375,0.0017899420345202
tile_r019555_c008291,2,513.8135986328125,117.7821044921875,524.7999877929688,191.1366424560547,0.0017876302590593
tile_r019555_c008291,2,513.5025024414062,203.3571319580078,524.7999877929688,281.7230529785156,0.0017831458244472
tile_r019555_c008291,2,514.4945068359375,465.64837646484375,524.6802978515625,515.1260986328125,0.0017282835906371
tile_r019555_c008291,2,513.4977416992188,220.52587890625,524.7999877929688,298.3926696777344,0.0016847654478624
tile_r019555_c008291,2,471.1190490722656,515.3139038085938,524.6139526367188,524.7999877929688,0.0016614088090136
tile_r019555_c008291,2,513.6680908203125,167.6868133544922,524.7628173828125,235.423095703125,0.0016530526336282
tile_r019555_c008291,2,403.5607299804688,511.4044494628906,472.1185607910156,521.5292358398438,0.0016388008370995
tile_r019555_c008291,2,370.8289184570313,514.1594848632812,450.1836853027344,524.7825317382812,0.0016325822798535
tile_r019555_c008291,2,278.0341186523437,224.1811065673828,348.588623046875,296.7538452148437,0.0016059193294495
tile_r019555_c008291,2,160.7231903076172,130.22265625,224.2626037597656,195.6786193847656,0.0016056838212534
tile_r019555_c008291,2,513.4083862304688,385.1203002929688,524.7999877929688,461.9890747070313,0.001605424680747
tile_r019555_c008291,2,72.88458251953125,514.9393310546875,157.74880981445312,524.7575073242188,0.0015731938183307
tile_r019555_c008291,2,53.01694488525391,517.5321044921875,112.4182586669922,524.7999877929688,0.0015645020175725
tile_r019555_c008291,2,113.93327331542967,517.6572875976562,169.9210662841797,524.7999877929688,0.0015610675327479
tile_r019555_c008291,2,162.03109741210938,515.2264404296875,245.7361297607422,524.7999877929688,0.0015608125831931
tile_r019555_c008291,2,282.41973876953125,231.0503845214844,376.2727966308594,292.38787841796875,0.0015562589978799
tile_r019555_c008291,2,513.6550903320312,100.85002136230467,524.7980346679688,170.15823364257812,0.0015504010953009
tile_r019555_c008291,2,414.08685302734375,29.8314208984375,442.7798461914063,58.1696662902832,0.0015261779772117
tile_r019555_c008291,2,184.11862182617188,129.98484802246094,222.91458129882807,161.66102600097656,0.0014901423128321
tile_r019555_c008291,2,200.5104522705078,514.5891723632812,283.81005859375,524.7999877929688,0.0014889643061906
tile_r019555_c008291,2,302.50439453125,514.2786865234375,382.0496215820313,524.5720825195312,0.0014853423926979
tile_r019555_c008291,2,243.4418029785156,514.254150390625,320.7254943847656,524.6192626953125,0.0014766487292945
tile_r019555_c008291,2,513.56884765625,417.2893981933594,524.7999877929688,494.2449645996094,0.0014633941464126
tile_r019555_c008291,2,412.1893615722656,517.6036376953125,471.45263671875,524.7999877929688,0.001452179509215
tile_r019555_c008291,2,418.995361328125,516.4124755859375,498.73541259765625,524.7999877929688,0.0014350728597491
tile_r019555_c008291,2,255.50949096679688,387.7750854492188,327.7660522460937,477.89013671875,0.0014071399345993
tile_r019555_c008291,2,330.4961853027344,513.25732421875,411.727783203125,524.5870361328125,0.0013880657497793
tile_r019555_c008291,2,82.6391830444336,388.0450134277344,208.7311553955078,522.58837890625,0.0013815974816679
tile_r019555_c008291,2,97.9812469482422,518.1213989257812,160.4553680419922,524.7999877929688,0.0013658315874636
tile_r019555_c008291,2,513.4530029296875,400.49749755859375,524.7999877929688,477.2843322753906,0.0013602995313704
tile_r019555_c008291,2,343.77154541015625,513.92822265625,426.5838317871094,524.7400512695312,0.0013492029393091
tile_r019555_c008291,2,512.2298583984375,503.21490478515625,524.7377319335938,524.7999877929688,0.0013249163748696
tile_r019555_c008291,2,187.1562957763672,515.0570068359375,270.640869140625,524.7999877929688,0.0013131340965628
tile_r019555_c008291,2,314.94793701171875,67.43978118896484,373.0074157714844,133.24053955078125,0.0012917601270601
tile_r019555_c008291,2,228.7793884277344,514.6787109375,309.64569091796875,524.7999877929688,0.0012897871201857
tile_r019555_c008291,2,20.805212020874023,515.1778564453125,105.19786071777344,524.7999877929688,0.0012795779621228
tile_r019555_c008291,2,124.9992218017578,282.303466796875,154.718994140625,311.71832275390625,0.0012458491837605
tile_r019555_c008291,2,148.5122833251953,517.7439575195312,208.2023468017578,524.7999877929688,0.0012432471849024
tile_r019555_c008291,2,513.6834106445312,145.60049438476562,524.7999877929688,221.9745635986328,0.0012276184279471
tile_r019555_c008291,2,308.2284545898437,393.6452026367188,344.6653747558594,436.0237426757813,0.0012147062225267
tile_r019555_c008291,2,94.65592956542967,256.10028076171875,164.35498046875,339.94970703125,0.0011955389054492
tile_r019555_c008291,2,310.69024658203125,501.0467834472656,371.88580322265625,513.1095581054688,0.0011954841902479
tile_r019555_c008291,2,315.4715270996094,54.7431869506836,432.830078125,147.0542449951172,0.001189507660456
tile_r019555_c008291,2,40.47591400146485,517.5388793945312,100.91224670410156,524.7999877929688,0.001187399844639
tile_r019555_c008291,2,125.56364440917967,517.5562744140625,179.42916870117188,524.7999877929688,0.0011818227358162
tile_r019555_c008291,2,353.4576721191406,73.02769470214844,465.438720703125,180.77133178710935,0.0011689477832987
tile_r019555_c008291,2,294.645751953125,511.7247009277344,367.3111877441406,520.5977783203125,0.0011423554969951
tile_r019555_c008291,2,473.60198974609375,511.9714965820313,524.7999877929688,521.0894775390625,0.0011404787655919
tile_r019555_c008291,2,513.5289306640625,86.86930847167969,524.7999877929688,157.4590606689453,0.0011366935214027
tile_r019555_c008291,2,66.9898681640625,517.6224365234375,121.32966613769533,524.7999877929688,0.0011352217989042
tile_r019555_c008291,2,317.21502685546875,61.11369705200195,400.1388549804688,142.8272705078125,0.0010932449949905
tile_r019555_c008291,2,356.5468139648437,43.34558868408203,466.0047302246094,153.07174682617188,0.0010886669624596
tile_r019555_c008291,2,302.235107421875,49.085105895996094,445.80364990234375,231.1230926513672,0.0010881749913096
tile_r019555_c008291,2,342.4505920410156,502.3595581054688,439.8736267089844,514.0896606445312,0.0010671883355826
tile_r019555_c008291,2,22.30149269104004,140.97634887695312,111.2101058959961,250.42208862304688,0.0010642582783475
tile_r019555_c008291,2,301.1386413574219,382.6640625,347.4164428710937,436.2750854492188,0.0010425603250041
tile_r019555_c008291,2,519.8690795898438,468.9078063964844,524.5482788085938,524.7999877929688,0.0010412738192826
tile_r019555_c008291,2,189.44741821289065,104.2657470703125,233.02963256835935,147.9936065673828,0.0010278323898091
tile_r019555_c008291,2,318.0501403808594,513.4954833984375,396.8780822753906,524.5115356445312,0.0010105294641107
tile_r019555_c008547,2,334.9894104003906,158.48095703125,388.4165649414063,206.406982421875,0.6790177822113037
tile_r019555_c008547,2,35.021114349365234,238.9456787109375,79.43486022949219,282.4536437988281,0.6616132855415344
tile_r019555_c008547,2,393.69915771484375,473.6994018554688,444.6809692382813,512.06689453125,0.6471309065818787
tile_r019555_c008547,2,320.93927001953125,23.125476837158203,352.0004272460937,51.88349533081055,0.6426988244056702
tile_r019555_c008547,2,80.25048828125,79.68148803710938,124.89485168457033,122.6330108642578,0.5899453163146973
tile_r019555_c008547,2,445.2984313964844,-0.6032043695449829,502.7951049804688,50.74275588989258,0.5464814901351929
tile_r019555_c008547,2,16.947681427001953,435.0369262695313,69.6575927734375,476.3611450195313,0.5384577512741089
tile_r019555_c008547,2,3.4357542991638184,383.86419677734375,47.26533126831055,431.4514770507813,0.4617624878883362
tile_r019555_c008547,2,90.355712890625,253.62808227539065,120.9849624633789,284.7659606933594,0.4419785439968109
tile_r019555_c008547,2,424.2447204589844,-5.783398628234863,506.4288940429688,55.5263671875,0.2789154946804046
tile_r019555_c008547,2,6.148193359375,392.1023559570313,45.173805236816406,429.0623168945313,0.2266257405281067
tile_r019555_c008547,2,84.45623779296875,84.58084869384766,122.44258880615234,119.89957427978516,0.1694732904434204
tile_r019555_c008547,2,453.064697265625,3.423374891281128,499.9728088378906,47.38629150390625,0.1245026811957359
tile_r019555_c008547,2,338.26519775390625,164.5294952392578,384.6060485839844,202.9787139892578,0.0882727280259132
tile_r019555_c008547,2,18.70270347595215,439.1158142089844,62.62288284301758,473.0796813964844,0.0735654532909393
tile_r019555_c008547,2,330.47100830078125,152.34375,393.583984375,212.0202178955078,0.0628331676125526
tile_r019555_c008547,2,395.9296875,479.05908203125,434.5082092285156,506.7991333007813,0.0490154027938842
tile_r019555_c008547,2,323.3268127441406,27.59646987915039,347.4886169433594,50.30596923828125,0.0443218238651752
tile_r019555_c008547,2,317.50128173828125,18.611841201782227,354.3490600585937,54.40694427490234,0.0257222615182399
tile_r019555_c008547,2,93.37538146972656,257.4542541503906,119.24139404296876,282.7252502441406,0.0242949221283197
tile_r019555_c008547,2,1.2504394054412842,378.04486083984375,58.212196350097656,436.8727416992188,0.0237079076468944
tile_r019555_c008547,2,281.9950561523437,450.3084106445313,309.2738647460937,473.1214904785156,0.0186318475753068
tile_r019555_c008547,2,29.5737419128418,442.8267517089844,70.43739318847656,470.5550842285156,0.0150975948199629
tile_r019555_c008547,2,388.0513305664063,465.6228637695313,449.717041015625,515.9107666015625,0.0148241259157657
tile_r019555_c008547,2,30.8797550201416,232.203369140625,84.05741882324219,287.6271057128906,0.0147984651848673
tile_r019555_c008547,2,325.7674255371094,25.55977249145508,351.326904296875,49.4135856628418,0.0134673183783888
tile_r019555_c008547,2,4.044030666351318,424.6919860839844,76.23809814453125,486.9837951660156,0.0115510476753115
tile_r019555_c008547,2,355.5566711425781,231.32650756835935,379.9400634765625,253.22280883789065,0.0112657016143202
tile_r019555_c008547,2,41.2037353515625,244.0034637451172,76.22724914550781,278.48199462890625,0.0107449712231755
tile_r019555_c008547,2,83.36351013183594,247.0545959472656,124.3174057006836,290.56951904296875,0.009899259544909
tile_r019555_c008547,2,399.3609924316406,480.2610473632813,445.8582458496094,510.4202270507813,0.0081662107259035
tile_r019555_c008547,2,89.62004089355469,257.445068359375,113.705322265625,282.47076416015625,0.0077896490693092
tile_r019555_c008547,2,322.078857421875,27.848974227905277,340.65826416015625,49.2412109375,0.0056136022321879
tile_r019555_c008547,2,19.438007354736328,444.5963745117188,53.56646728515625,472.6360473632813,0.0053766062483191
tile_r019555_c008547,2,490.9302673339844,1.7438843250274658,517.8529052734375,69.27945709228516,0.004631663672626
tile_r019555_c008547,2,356.1871032714844,233.02212524414065,375.9297790527344,251.568115234375,0.0045151370577514
tile_r019555_c008547,2,-3.7260804176330566,367.1021118164063,49.411407470703125,434.68695068359375,0.0041308519430458
tile_r019555_c008547,2,0.7152740359306335,317.9521484375,17.26822853088379,345.8885803222656,0.0039797211065888
tile_r019555_c008547,2,-11.451210021972656,135.89773559570312,-1.206823706626892,195.74575805664065,0.00384576106444
tile_r019555_c008547,2,491.5506286621094,339.8919372558594,514.929443359375,377.1033630371094,0.0038142947014421
tile_r019555_c008547,2,73.58626556396484,71.32908630371094,132.15621948242188,131.85508728027344,0.0036861361004412
tile_r019555_c008547,2,424.9383850097656,11.193872451782228,458.29052734375,42.04683303833008,0.0036168312653899
tile_r019555_c008547,2,-0.2743606567382812,222.87319946289065,35.34263229370117,290.1234741210937,0.0034667165018618
tile_r019555_c008547,2,-11.670631408691406,233.0147705078125,-1.7010895013809204,297.7681884765625,0.0034043381456285
tile_r019555_c008547,2,1.24835205078125,322.13092041015625,15.031207084655762,345.00634765625,0.0032921796664595
tile_r019555_c008547,2,-11.609272956848145,473.55706787109375,-1.972134351730347,517.6680908203125,0.0031244058627635
tile_r019555_c008547,2,490.635009765625,338.05181884765625,517.702392578125,388.224853515625,0.003118734806776
tile_r019555_c008547,2,278.917236328125,446.3439331054688,311.3924865722656,475.255859375,0.0029359536711126
tile_r019555_c008547,2,-11.6028470993042,485.5726623535156,1.5660797357559204,524.7999877929688,0.0028913621790707
tile_r019555_c008547,2,-11.606472969055176,209.17349243164065,-1.7333953380584717,277.4100646972656,0.002803478622809
tile_r019555_c008547,2,-11.617398262023926,144.8326873779297,-1.4128525257110596,207.1978759765625,0.0027484020683914
tile_r019555_c008547,2,-11.54685115814209,197.8122100830078,-1.6743285655975342,263.4151306152344,0.0026531792245805
tile_r019555_c008547,2,433.1925659179688,515.6536254882812,509.4295959472656,524.7999877929688,0.0026457554195076
tile_r019555_c008547,2,323.42462158203125,143.6382598876953,399.9896545410156,220.43478393554688,0.0025446570944041
tile_r019555_c008547,2,455.4405212402344,0.4974945187568664,499.1766662597656,26.36669540405273,0.0025347687769681
tile_r019555_c008547,2,-11.559040069580078,183.788818359375,-1.565821886062622,251.1409149169922,0.0025069257244467
tile_r019555_c008547,2,-11.665029525756836,155.4084014892578,-1.788232445716858,220.22543334960935,0.002450534608215
tile_r019555_c008547,2,3.7307982444763184,135.83322143554688,28.515575408935547,178.31134033203125,0.0024457462131977
tile_r019555_c008547,2,27.2131404876709,188.6366271972656,43.30232620239258,205.3054656982422,0.002423217985779
tile_r019555_c008547,2,312.3052062988281,13.580591201782228,358.3232116699219,58.291053771972656,0.0023617765400558
tile_r019555_c008547,2,217.64352416992188,515.0167236328125,297.97882080078125,524.7999877929688,0.0022866826038807
tile_r019555_c008547,2,-11.377808570861816,301.8311462402344,-1.894989013671875,357.40118408203125,0.0022681711707264
tile_r019555_c008547,2,-11.741617202758787,243.8480529785156,-1.8716415166854856,309.24774169921875,0.0022504518274217
tile_r019555_c008547,2,-11.636614799499512,168.94247436523438,-1.6482512950897217,237.50732421875,0.0021493816748261
tile_r019555_c008547,2,-1.0880752801895142,242.544921875,33.0394287109375,307.5286560058594,0.0021188962273299
tile_r019555_c008547,2,0.0871734619140625,17.4483585357666,29.61894798278809,61.37670135498047,0.0021024635061621
tile_r019555_c008547,2,-11.526086807250977,109.90901184082033,-1.401251196861267,179.4598846435547,0.002096441341564
tile_r019555_c008547,2,290.3921813964844,515.2003784179688,372.0694274902344,524.7999877929688,0.002054568612948
tile_r019555_c008547,2,-11.852994918823242,74.58345031738281,-1.5577179193496704,133.802001953125,0.0020540750119835
tile_r019555_c008547,2,487.9909057617188,338.32110595703125,520.2883911132812,400.2102661132813,0.0020109277684241
tile_r019555_c008547,2,150.8800506591797,516.0035400390625,232.56674194335935,524.7999877929688,0.0019988471176475
tile_r019555_c008547,2,140.2124481201172,515.1038208007812,216.9774627685547,524.7999877929688,0.0019608635921031
tile_r019555_c008547,2,-11.371411323547363,436.9412231445313,-1.134332299232483,490.5379943847656,0.0019198678201064
tile_r019555_c008547,2,488.8370971679688,16.41200828552246,519.1234130859375,81.2515869140625,0.0019128769636154
tile_r019555_c008547,2,-11.02342700958252,391.6021423339844,-0.378588855266571,456.7923889160156,0.0018428119365125
tile_r019555_c008547,2,411.7599487304688,514.85400390625,497.3208923339844,524.7999877929688,0.0018180254846811
tile_r019555_c008547,2,-11.73188304901123,94.45100402832033,-1.58245849609375,162.4763946533203,0.0017611577641218
tile_r019555_c008547,2,0.6662231683731079,107.3510971069336,33.708580017089844,172.05953979492188,0.0017570515628904
tile_r019555_c008547,2,-11.500822067260742,446.037109375,-1.355808973312378,513.2222900390625,0.0017474930500611
tile_r019555_c008547,2,448.6487426757813,515.6156005859375,518.9879760742188,524.6226196289062,0.0017294292338192
tile_r019555_c008547,2,-0.023205567151308,207.5254364013672,33.811485290527344,261.8956604003906,0.0017050089081749
tile_r019555_c008547,2,359.0165405273437,513.982177734375,439.8815002441406,524.7999877929688,0.0017047945875674
tile_r019555_c008547,2,488.3820190429688,458.9888610839844,516.85498046875,509.31640625,0.001698640640825
tile_r019555_c008547,2,2.294290065765381,122.62931823730467,30.877986907958984,177.7620391845703,0.0016901770140975
tile_r019555_c008547,2,34.380916595458984,514.8779296875,112.41607666015624,524.6048583984375,0.0016758249839767
tile_r019555_c008547,2,-10.74567699432373,378.6203002929688,0.4983840882778168,445.5763549804688,0.0016668789321556
tile_r019555_c008547,2,488.7587890625,68.0665054321289,519.62109375,134.0540771484375,0.001656504580751
tile_r019555_c008547,2,-11.50901222229004,280.7158203125,-2.331857204437256,344.801513671875,0.0016304292948916
tile_r019555_c008547,2,227.9849090576172,517.5897216796875,282.7923278808594,524.7999877929688,0.0016231532208621
tile_r019555_c008547,2,262.1757507324219,515.0587768554688,348.54266357421875,524.7999877929688,0.0015854865778237
tile_r019555_c008547,2,490.1612243652344,327.764404296875,516.1973876953125,376.5633239746094,0.0015547371003776
tile_r019555_c008547,2,159.14816284179688,30.98376846313477,186.1871337890625,57.4135971069336,0.0015545202186331
tile_r019555_c008547,2,-1.4952408075332642,18.926366806030277,33.96234130859375,80.81257629394531,0.0015466751065105
tile_r019555_c008547,2,22.5922966003418,225.7183532714844,92.0801010131836,295.6669921875,0.0015397509559988
tile_r019555_c008547,2,5.364923000335693,515.1837768554688,75.42918395996094,524.7999877929688,0.0015391735360026
tile_r019555_c008547,2,-10.913615226745604,366.8904113769531,4.023859977722168,439.0050659179688,0.0015286257257685
tile_r019555_c008547,2,474.7356872558594,-12.800000190734863,515.7442626953125,59.5411491394043,0.0015201508067548
tile_r019555_c008547,2,344.1376953125,515.7268676757812,419.6255798339844,524.7999877929688,0.0015095982234925
tile_r019555_c008547,2,239.26724243164065,515.2169189453125,321.8490295410156,524.7999877929688,0.0015025121392682
tile_r019555_c008547,2,0.396728515625,307.3119201660156,19.358318328857425,347.18560791015625,0.001478572958149
tile_r019555_c008547,2,115.12336730957033,514.170166015625,193.9429473876953,524.751708984375,0.0014765417436137
tile_r019555_c008547,2,321.1647644042969,25.634521484375,343.7974853515625,47.34218597412109,0.0014588423073291
tile_r019555_c008547,2,26.91237449645996,230.819580078125,119.8919448852539,292.2703552246094,0.0014047888107597
tile_r019555_c008547,2,-11.497151374816896,12.486242294311523,-1.0990279912948608,70.63896179199219,0.001403794507496
tile_r019555_c008547,2,477.7110290527344,472.7852478027344,514.0538330078125,511.00341796875,0.0014001169474795
tile_r019555_c008547,2,472.8527221679688,515.6212768554688,524.6154174804688,524.7789306640625,0.0013757428387179
tile_r019555_c008547,2,75.38774108886719,513.164794921875,154.9391326904297,524.5679931640625,0.0013753400417044
tile_r019555_c008547,2,213.7815399169922,517.4762573242188,273.8404235839844,524.7999877929688,0.001366201788187
tile_r019555_c008547,2,410.0361328125,511.2245178222656,481.0656127929688,515.5680541992188,0.0013661263510584
tile_r019555_c008547,2,95.5998306274414,198.7528533935547,114.03263854980467,217.3341522216797,0.0013562570093199
tile_r019555_c008547,2,148.1305389404297,511.5581970214844,215.72555541992188,521.140625,0.0013504987582564
tile_r019555_c008547,2,87.89422607421875,513.890869140625,169.88320922851562,524.7017211914062,0.0013420032337307
tile_r019555_c008547,2,522.0797729492188,326.4253845214844,524.6887817382812,394.4454040527344,0.0013372011017054
tile_r019555_c008547,2,396.3043823242188,480.04925537109375,420.6521606445313,503.5045471191406,0.0013287662295624
tile_r019555_c008547,2,313.79071044921875,514.9927978515625,393.5690307617188,524.7999877929688,0.0013286889297887
tile_r019555_c008547,2,-11.430025100708008,405.9774475097656,-0.8941116333007812,472.7862243652344,0.0012780901743099
tile_r019555_c008547,2,48.837684631347656,514.1077880859375,125.40135192871094,524.4017333984375,0.0012639384949579
tile_r019555_c008547,2,162.41909790039062,516.5695190429688,247.1549835205078,524.7999877929688,0.0012540575116872
tile_r019555_c008547,2,482.2957458496094,341.4698181152344,517.2178344726562,408.43408203125,0.0012494720285758
tile_r019555_c008547,2,-11.677763938903809,20.452770233154297,-1.2328109741210938,83.84505462646484,0.0012357791420072
tile_r019555_c008547,2,310.643798828125,6.415551662445068,368.7627868652344,67.65937805175781,0.0012165512889623
tile_r019555_c008547,2,156.5933380126953,517.9254150390625,214.9264373779297,524.7999877929688,0.0012112574186176
tile_r019555_c008547,2,1.4770324230194092,316.2528381347656,23.071857452392575,350.46240234375,0.0012109505478292
tile_r019555_c008547,2,465.72265625,502.9142456054688,516.05078125,512.8689575195312,0.0012017487315461
tile_r019555_c008547,2,53.59992599487305,394.4939575195313,87.23123931884766,434.7677612304688,0.0011995313689112
tile_r019555_c008547,2,60.608619689941406,500.9288024902344,114.48307800292967,512.9830932617188,0.0011868316214531
tile_r019555_c008547,2,60.818504333496094,54.98661422729492,180.7488555908203,147.22982788085938,0.0011846635024994
tile_r019555_c008547,2,1.009680151939392,13.856921195983888,28.754674911499023,52.22826385498047,0.0011827861890196
tile_r019555_c008547,2,396.4342346191406,477.568115234375,427.1177368164063,501.9107971191406,0.0011753897415474
tile_r019555_c008547,2,-11.438448905944824,424.0784301757813,-1.195336937904358,482.23779296875,0.0011671531246975
tile_r019555_c008547,2,58.70051193237305,68.3303451538086,108.850830078125,131.8138427734375,0.0011578331468626
tile_r019555_c008547,2,348.135009765625,500.9147338867188,408.4332580566406,512.9620361328125,0.0011556916870176
tile_r019555_c008547,2,-11.770007133483888,47.2490234375,-1.295587182044983,113.2505340576172,0.0011536523234099
tile_r019555_c008547,2,0.8547302484512329,311.9642333984375,13.397262573242188,348.1092529296875,0.0011518597602844
tile_r019555_c008547,2,87.46672058105469,502.2137145996094,182.98831176757807,513.9605102539062,0.0011518015526235
tile_r019555_c008547,2,-11.659743309020996,309.7472229003906,-1.3227981328964231,371.353271484375,0.0011375264730304
tile_r019555_c008547,2,515.3414916992188,446.3263549804688,524.54443359375,511.6648559570313,0.0011362798977643
tile_r019555_c008547,2,327.33721923828125,515.2330322265625,406.0464782714844,524.7999877929688,0.0011311775306239
tile_r019555_c008547,2,-11.745969772338867,30.04256248474121,-1.500239610671997,98.36732482910156,0.0011150626232847
tile_r019555_c008547,2,488.6472778320313,37.63319396972656,519.7698974609375,112.81209564208984,0.001104058464989
tile_r019555_c008547,2,472.3176879882813,499.6095581054688,515.5235595703125,512.1394653320312,0.0011021632235497
tile_r019555_c008547,2,41.06240081787109,511.9012756347656,109.8559799194336,520.5296020507812,0.0011010220041498
tile_r019555_c008547,2,427.2073364257813,17.613231658935547,454.93603515625,40.0251350402832,0.0010964109096676
tile_r019555_c008547,2,293.7523803710937,512.2642822265625,362.8381958007813,522.9783325195312,0.0010962813394144
tile_r019555_c008547,2,0.1975128203630447,55.72393798828125,32.55670547485352,103.73885345458984,0.001095340354368
tile_r019555_c008547,2,-1.3350708484649658,60.08991622924805,33.89777374267578,116.7965316772461,0.0010866728844121
tile_r019555_c008547,2,477.2671813964844,511.6956176757813,524.7999877929688,521.64599609375,0.0010805889032781
tile_r019555_c008547,2,110.3122100830078,49.47700119018555,202.27944946289065,147.842529296875,0.0010791374370455
tile_r019555_c008547,2,46.72760009765625,518.4541015625,107.1543960571289,524.7999877929688,0.0010743947932496
tile_r019555_c008547,2,0.685791015625,398.8744201660156,69.3128662109375,478.8743286132813,0.0010644737631082
tile_r019555_c008547,2,-11.781800270080566,256.2288818359375,-1.937536597251892,330.5087280273437,0.0010608920129016
tile_r019555_c008547,2,512.2152099609375,495.599853515625,524.7781372070312,524.7999877929688,0.0010527315316721
tile_r019555_c008547,2,193.326171875,515.7042236328125,272.8667907714844,524.7999877929688,0.0010501636425033
tile_r019555_c008547,2,515.6438598632812,328.4405822753906,524.6944580078125,406.8781127929688,0.0010399295715615
tile_r019555_c008547,2,-11.338556289672852,355.27789306640625,1.245886206626892,428.67193603515625,0.0010298284469172
tile_r019555_c008547,2,427.9982299804688,519.4359741210938,483.7984313964844,524.7999877929688,0.0010281060822308
tile_r019555_c008547,2,48.0801010131836,387.2192993164063,89.42879486083984,435.0493774414063,0.0010272376239299
tile_r019555_c008547,2,303.79559326171875,518.6085815429688,359.97735595703125,524.7999877929688,0.0010198443196713
tile_r019555_c008547,2,50.53596115112305,449.2434692382813,69.3488540649414,466.7686462402344,0.0010155467316508
tile_r019555_c008547,2,1.5956741571426392,199.5482940673828,32.333038330078125,247.90902709960935,0.0010146560380235
tile_r019555_c008547,2,1.046534776687622,321.63153076171875,33.683494567871094,367.1089782714844,0.0010137762874364
tile_r019555_c008547,2,111.5066909790039,80.25285339355469,198.8411407470703,171.76992797851562,0.0010082066291943
tile_r019555_c008547,2,487.6964721679688,26.037267684936523,519.6964721679688,97.98591613769533,0.0010069414274767
tile_r019555_c008547,2,514.78125,6.720562934875488,524.5772705078125,76.64939880371094,0.0010019676992669
tile_r019555_c008803,2,248.2363739013672,101.1136703491211,314.44097900390625,173.08035278320312,0.6984109282493591
tile_r019555_c008803,2,78.52069091796875,158.5134735107422,132.85255432128906,206.9162139892578,0.6758853793144226
tile_r019555_c008803,2,137.2936553955078,473.7040100097656,189.21896362304688,512.1985473632812,0.6441238522529602
tile_r019555_c008803,2,64.7554702758789,23.006555557250977,96.2855224609375,52.10003662109375,0.6381479501724243
tile_r019555_c008803,2,351.65380859375,141.9441375732422,414.7176818847656,197.69613647460935,0.6243190765380859
tile_r019555_c008803,2,274.6568298339844,372.9630432128906,321.66436767578125,409.841064453125,0.531347930431366
tile_r019555_c008803,2,178.62179565429688,-3.092578172683716,247.2603454589844,52.16426849365234,0.5285532474517822
tile_r019555_c008803,2,197.97378540039065,2.014331102371216,246.10171508789065,49.53433990478516,0.3168976902961731
tile_r019555_c008803,2,279.218017578125,378.6188354492188,320.0611877441406,406.58935546875,0.1511343419551849
tile_r019555_c008803,2,258.5718688964844,104.7351303100586,307.60382080078125,147.56570434570312,0.0924134105443954
tile_r019555_c008803,2,81.9244155883789,164.5977020263672,129.01272583007812,203.3265686035156,0.0866659581661224
tile_r019555_c008803,2,73.61477661132812,152.10134887695312,138.8482666015625,212.8231964111328,0.0584190152585506
tile_r019555_c008803,2,269.85205078125,368.6993103027344,326.0384826660156,413.5542907714844,0.0461595803499221
tile_r019555_c008803,2,67.28792572021484,27.482669830322266,91.75398254394533,50.413330078125,0.0437084101140499
tile_r019555_c008803,2,139.7128448486328,479.0171813964844,179.68600463867188,507.3876953125,0.0398553758859634
tile_r019555_c008803,2,61.35341644287109,18.53741455078125,98.8194580078125,54.757286071777344,0.0323114544153213
tile_r019555_c008803,2,131.6724395751953,465.9713439941406,194.78439331054688,515.7915649414062,0.0191849637776613
tile_r019555_c008803,2,259.29083251953125,140.0824737548828,295.1993103027344,169.71841430664062,0.0138723338022828
tile_r019555_c008803,2,26.087432861328125,450.5067443847656,52.96685028076172,473.1669006347656,0.0118125369772315
tile_r019555_c008803,2,357.5069274902344,150.76327514648438,410.2493286132813,193.80419921875,0.0112548405304551
tile_r019555_c008803,2,345.27362060546875,134.8232421875,423.5462951660156,204.2997131347656,0.0087600462138652
tile_r019555_c008803,2,142.85195922851562,480.4215698242188,190.68716430664065,510.35791015625,0.0078302230685949
tile_r019555_c008803,2,235.99295043945312,89.69779968261719,323.65594482421875,184.6030731201172,0.0061110784299671
tile_r019555_c008803,2,167.51438903808594,-12.291778564453123,256.3146057128906,65.11848449707031,0.0059198094531893
tile_r019555_c008803,2,65.94834899902344,27.809619903564453,84.86294555664062,49.2003059387207,0.0052024265751242
tile_r019555_c008803,2,199.0172119140625,0.1543090790510177,243.89309692382807,26.212921142578125,0.0034290351904928
tile_r019555_c008803,2,23.011463165283203,446.6776428222656,55.28889083862305,475.5230407714844,0.0029587128665298
tile_r019555_c008803,2,262.20123291015625,359.61968994140625,331.20709228515625,425.233154296875,0.0029401443898677
tile_r019555_c008803,2,0.9068390130996704,-1.6383880376815796,29.549819946289062,27.443546295166016,0.0028767939656972
tile_r019555_c008803,2,174.82293701171875,515.35791015625,257.14501953125,524.7999877929688,0.0028552711009979
tile_r019555_c008803,2,55.98397064208984,13.655120849609377,102.92752838134766,58.4742431640625,0.0025907070375978
tile_r019555_c008803,2,66.1039047241211,142.7490234375,144.37796020507812,221.44937133789065,0.0025628947187215
tile_r019555_c008803,2,513.3971557617188,357.4090881347656,524.7999877929688,438.3444213867188,0.0023065621498972
tile_r019555_c008803,2,190.59359741210935,514.9939575195312,269.3031311035156,524.7999877929688,0.0022532232105731
tile_r019555_c008803,2,261.54864501953125,143.974365234375,291.0563659667969,168.6865997314453,0.0022230898030102
tile_r019555_c008803,2,356.48199462890625,147.07601928710938,402.12396240234375,188.16537475585935,0.0022157253697514
tile_r019555_c008803,2,259.2684631347656,133.9070281982422,301.7574157714844,170.114013671875,0.0022014952264726
tile_r019555_c008803,2,154.89102172851562,515.4044189453125,244.0630340576172,524.7999877929688,0.0021018122788518
tile_r019555_c008803,2,513.5071411132812,331.7809143066406,524.7999877929688,413.3440551757813,0.0020993615034967
tile_r019555_c008803,2,513.4898071289062,308.16070556640625,524.7999877929688,387.8538513183594,0.0019980671349912
tile_r019555_c008803,2,-1.4593689441680908,-1.193359375,36.1401596069336,49.348777770996094,0.0019476050511002
tile_r019555_c008803,2,247.6449432373047,354.254638671875,271.7781982421875,374.4649963378906,0.001947077573277
tile_r019555_c008803,2,34.10020446777344,515.2447509765625,116.92701721191406,524.7999877929688,0.0019231947371736
tile_r019555_c008803,2,-12.00652313232422,20.253002166748047,-0.7010269165039062,84.372802734375,0.0018555640708655
tile_r019555_c008803,2,202.17379760742188,514.5980224609375,280.55206298828125,524.5646362304688,0.0018347637960687
tile_r019555_c008803,2,52.2149658203125,7.982330322265625,112.12409973144533,67.52436828613281,0.0018192866118624
tile_r019555_c008803,2,167.7221221923828,11.327489852905272,202.922119140625,42.868614196777344,0.0018155230209231
tile_r019555_c008803,2,98.9877700805664,229.735107421875,126.0039520263672,254.5465850830078,0.0017967236926779
tile_r019555_c008803,2,513.3787231445312,383.1836242675781,524.7999877929688,460.7062377929688,0.0017912621842697
tile_r019555_c008803,2,337.2635192871094,126.21662902832033,427.3802185058594,213.7437286376953,0.0017698674928396
tile_r019555_c008803,2,295.8463439941406,382.5847778320313,319.992431640625,404.7100524902344,0.0017463171388953
tile_r019555_c008803,2,513.5689697265625,285.2418518066406,524.7999877929688,364.16790771484375,0.0017027063295245
tile_r019555_c008803,2,396.47607421875,515.702392578125,474.2352600097656,524.7999877929688,0.0016214409843087
tile_r019555_c008803,2,101.7328109741211,514.1510009765625,184.5830535888672,524.7999877929688,0.0016148799331858
tile_r019555_c008803,2,279.28692626953125,514.673828125,359.3702697753906,524.7999877929688,0.0016078883782029
tile_r019555_c008803,2,255.101318359375,514.8327026367188,334.15850830078125,524.7999877929688,0.0015830050688236
tile_r019555_c008803,2,514.4779052734375,-9.048437118530272,524.7788696289062,65.49766540527344,0.0015618035104125
tile_r019555_c008803,2,513.3956909179688,261.091064453125,524.7999877929688,337.2859802246094,0.001485930988565
tile_r019555_c008803,2,87.18727111816406,515.7120971679688,164.15574645996094,524.7999877929688,0.0014859139919281
tile_r019555_c008803,2,4.078240871429443,1.4755065441131592,25.9998779296875,20.38094520568848,0.0014715167926624
tile_r019555_c008803,2,238.3345947265625,514.6922607421875,321.3754577636719,524.7999877929688,0.0014685888309031
tile_r019555_c008803,2,224.951904296875,514.579833984375,306.8064880371094,524.6289672851562,0.0014242239994928
tile_r019555_c008803,2,65.07096099853516,25.54219436645508,88.01448822021484,47.42774200439453,0.0014207777567207
tile_r019555_c008803,2,475.1559448242188,512.3311157226562,524.7999877929688,524.690673828125,0.0013757376000285
tile_r019555_c008803,2,514.4133911132812,445.9820251464844,524.7042236328125,512.6687622070312,0.0013615451753139
tile_r019555_c008803,2,513.529052734375,396.1817932128906,524.7999877929688,474.5110778808594,0.0013574821641668
tile_r019555_c008803,2,419.5982360839844,515.4967041015625,497.7677612304688,524.7999877929688,0.0013334600953385
tile_r019555_c008803,2,203.28579711914065,-0.8376930356025696,241.4661102294922,9.4769926071167,0.0013278673868626
tile_r019555_c008803,2,8.738449096679688,515.4571533203125,93.1520538330078,524.7999877929688,0.0013066609390079
tile_r019555_c008803,2,57.267860412597656,515.0242309570312,138.26919555664062,524.7999877929688,0.0013054929440841
tile_r019555_c008803,2,320.0859375,132.795654296875,369.1305541992188,199.1682586669922,0.0012921140296384
tile_r019555_c008803,2,313.6703491210937,124.0824966430664,371.8080139160156,194.2569122314453,0.0012184962397441
tile_r019555_c008803,2,298.31512451171875,500.5633850097656,377.06494140625,513.6286010742188,0.0012149411486461
tile_r019555_c008803,2,369.48773193359375,515.4481201171875,449.6863403320313,524.7999877929688,0.0012040454894304
tile_r019555_c008803,2,513.28076171875,238.38168334960935,524.7999877929688,309.1415405273437,0.0011878737714141
tile_r019555_c008803,2,256.5480041503906,110.4900131225586,306.98748779296875,170.08377075195312,0.001182640902698
tile_r019555_c008803,2,514.3098754882812,177.66989135742188,524.7893676757812,258.5737609863281,0.0011520067928358
tile_r019555_c008803,2,316.53643798828125,514.9322509765625,395.75823974609375,524.7333984375,0.0011501054977998
tile_r019555_c008803,2,354.5137634277344,515.8200073242188,436.7948303222656,524.7999877929688,0.0011189229553565
tile_r019555_c008803,2,37.89924240112305,512.3370971679688,106.9626922607422,523.32421875,0.0010794623522087
tile_r019555_c008803,2,513.6412963867188,412.1536560058594,524.7999877929688,491.95892333984375,0.0010696693789213
tile_r019555_c008803,2,248.2913818359375,351.1292419433594,289.98736572265625,410.2595825195313,0.0010644930880516
tile_r019555_c008803,2,317.40460205078125,501.4212036132813,390.0947265625,513.1966552734375,0.0010642628185451
tile_r019555_c008803,2,-11.584245681762695,-1.8717819452285769,-0.5355240106582642,48.503814697265625,0.0010627136798575
tile_r019555_c008803,2,259.9690856933594,366.7764587402344,332.9662475585937,439.0711975097656,0.0010626200819388
tile_r019555_c008803,2,267.09295654296875,501.2916870117188,337.4599609375,513.6964111328125,0.0010357871651649
tile_r019555_c008803,2,140.14767456054688,479.9884643554688,165.466552734375,503.9888610839844,0.00103429867886
tile_r019555_c008803,2,249.2677764892578,355.2314453125,267.3519592285156,372.50299072265625,0.0010303142480552
tile_r019555_c008803,2,244.9313507080078,131.5819549560547,316.3671875,195.88986206054688,0.0010278905974701
tile_r019555_c008803,2,44.70344924926758,-12.800000190734863,221.49435424804688,190.9857635498047,0.0010210444452241
tile_r019555_c008803,2,91.6677474975586,501.2333068847656,153.74710083007812,513.1326904296875,0.0010195854119956
tile_r019555_c008803,2,45.7977409362793,12.2050142288208,107.25360107421876,77.30535888671875,0.0010160325327888
tile_r019555_c008803,2,153.1221923828125,511.2587890625,227.2476806640625,515.8492431640625,0.0010072216391563
tile_r019555_c008803,2,-2.4136505126953125,4.776629447937012,35.93887710571289,66.32353973388672,0.0010070099961012
tile_r019555_c008803,2,229.4094696044922,504.6276245117188,293.6239318847656,512.7073364257812,0.0010039743501693
tile_r019555_c009059,2,-1.07098388671875,100.0023193359375,59.37564849853516,170.9100341796875,0.7850514054298401
tile_r019555_c009059,2,405.89306640625,334.84576416015625,457.7237243652344,388.6246643066406,0.6698723435401917
tile_r019555_c009059,2,446.3065490722656,289.570068359375,485.27685546875,325.661376953125,0.6446038484573364
tile_r019555_c009059,2,95.9376449584961,142.1956329345703,158.5417022705078,197.4939422607422,0.6326757669448853
tile_r019555_c009059,2,429.1878967285156,142.22183227539062,484.2614135742188,204.93148803710935,0.5920400023460388
tile_r019555_c009059,2,18.83314514160156,372.8958129882813,66.00247955322266,410.48974609375,0.5343365669250488
tile_r019555_c009059,2,362.7620544433594,40.75811767578125,390.27349853515625,65.18537902832031,0.3514517843723297
tile_r019555_c009059,2,353.3370666503906,66.0235366821289,396.880615234375,110.2138214111328,0.34845170378685
tile_r019555_c009059,2,452.4189453125,215.73709106445312,488.3984375,256.1112060546875,0.2101358920335769
tile_r019555_c009059,2,436.9305725097656,149.26150512695312,479.0055541992188,202.8454132080078,0.1465796381235122
tile_r019555_c009059,2,24.90521812438965,378.87603759765625,64.76201629638672,407.3694763183594,0.1447535306215286
tile_r019555_c009059,2,411.6716918945313,341.8827514648437,453.8253784179688,386.39691162109375,0.1354835480451584
tile_r019555_c009059,2,3.324519395828247,104.1064453125,51.05881881713867,146.831787109375,0.1200806722044944
tile_r019555_c009059,2,456.5316467285156,221.15444946289065,484.1298828125,254.196044921875,0.1139151901006698
tile_r019555_c009059,2,441.9275512695313,284.11199951171875,488.3035278320313,331.4429626464844,0.0638097301125526
tile_r019555_c009059,2,358.56890869140625,37.44132995605469,396.0158081054688,71.4770736694336,0.0585680939257144
tile_r019555_c009059,2,420.71728515625,133.505859375,492.7971801757813,211.6225128173828,0.0283885076642036
tile_r019555_c009059,2,352.7242736816406,36.22246170043945,405.51019287109375,115.6873550415039,0.0222728084772825
tile_r019555_c009059,2,399.95611572265625,328.426025390625,462.1153869628906,394.0291442871094,0.0207388363778591
tile_r019555_c009059,2,4.795123100280762,140.63185119628906,35.76103973388672,169.29295349121094,0.0165468528866767
tile_r019555_c009059,2,458.2570190429688,230.5529327392578,480.3234252929688,252.9167938232422,0.0158924628049135
tile_r019555_c009059,2,357.38934326171875,70.95096588134766,390.1232299804688,106.74330139160156,0.0149615136906504
tile_r019555_c009059,2,447.8538208007813,294.7694702148437,480.4456176757813,324.4183044433594,0.0148476054891943
tile_r019555_c009059,2,438.2689514160156,164.56503295898438,472.7603454589844,201.3861541748047,0.0144632942974567
tile_r019555_c009059,2,101.7470474243164,150.9535675048828,153.71463012695312,193.7034149169922,0.0130901196971535
tile_r019555_c009059,2,363.94775390625,43.506080627441406,387.517578125,62.88630294799805,0.010625172406435
tile_r019555_c009059,2,89.64261627197266,134.99630737304688,167.19219970703125,204.1149444580078,0.0085244877263903
tile_r019555_c009059,2,342.76922607421875,28.41185569763184,415.0528259277344,115.48670959472656,0.006759803276509
tile_r019555_c009059,2,-10.49957275390625,92.32857513427734,66.52108001708984,179.63555908203125,0.0060723600909113
tile_r019555_c009059,2,240.6150360107422,199.266357421875,279.2830505371094,234.560302734375,0.0057204044423997
tile_r019555_c009059,2,3.077020168304444,136.70640563964844,40.700592041015625,170.42520141601562,0.0052359523251652
tile_r019555_c009059,2,459.8224487304688,225.4048767089844,481.876953125,254.3935546875,0.0050493390299379
tile_r019555_c009059,2,443.5033264160156,206.2728576660156,492.4019470214844,260.02410888671875,0.00497274287045
tile_r019555_c009059,2,302.65240478515625,1.1358215808868408,333.94122314453125,28.795276641845703,0.0046886666677892
tile_r019555_c009059,2,-11.834253311157228,415.1222229003906,-1.0189590454101562,479.095458984375,0.0037571252323687
tile_r019555_c009059,2,-11.887024879455566,425.377197265625,-1.349888563156128,489.9436950683594,0.0037131858989596
tile_r019555_c009059,2,438.2943420410156,278.1751708984375,498.3878784179688,334.2174072265625,0.0035304687917232
tile_r019555_c009059,2,-11.592187881469728,356.6162109375,-0.9471389651298524,413.9939575195313,0.003345082513988
tile_r019555_c009059,2,-11.922504425048828,464.7570190429688,-1.090388536453247,517.1818237304688,0.0032075715716928
tile_r019555_c009059,2,4.476147651672363,361.3551330566406,73.7860336303711,425.0623474121094,0.0026695290580391
tile_r019555_c009059,2,-11.70703125,363.6940002441406,-0.5488647222518921,429.7506408691406,0.0026270833332091
tile_r019555_c009059,2,-10.772662162780762,123.9393081665039,0.7147461175918579,193.30014038085935,0.0025450494140386
tile_r019555_c009059,2,-11.905022621154783,435.9853515625,-1.5687439441680908,514.0615234375,0.0024375859647989
tile_r019555_c009059,2,100.66455078125,147.34852600097656,145.6814422607422,188.26785278320312,0.0023217019625008
tile_r019555_c009059,2,456.3214721679688,215.569580078125,481.4397583007813,250.3511199951172,0.0023106709122657
tile_r019555_c009059,2,338.25811767578125,45.4850959777832,417.9447326660156,121.21327209472656,0.0022926563397049
tile_r019555_c009059,2,392.23150634765625,323.3270568847656,471.4788513183594,401.4292907714844,0.0022876248694956
tile_r019555_c009059,2,11.995208740234377,366.7080993652344,71.93669891357422,417.82861328125,0.002268380485475
tile_r019555_c009059,2,-11.751803398132324,392.6403198242188,-0.9687713384628296,458.7962036132813,0.0021871658973395
tile_r019555_c009059,2,-11.792776107788086,374.97021484375,-0.8402603268623352,446.5255737304688,0.0021691538859158
tile_r019555_c009059,2,-11.222973823547363,82.43328857421875,6.530337333679199,158.18341064453125,0.001932360115461
tile_r019555_c009059,2,-0.0768173187971115,420.9443359375,32.765380859375,480.0642700195313,0.0018872971413657
tile_r019555_c009059,2,64.63407897949219,135.29116821289062,108.0218505859375,197.1372528076172,0.0017485946882516
tile_r019555_c009059,2,39.9765853881836,382.6345825195313,64.03515625,404.9634704589844,0.0017394727328792
tile_r019555_c009059,2,436.1057739257813,182.8337860107422,503.0340881347656,262.546142578125,0.0017265519127249
tile_r019555_c009059,2,-11.823244094848633,202.040771484375,-0.7449844479560852,257.6712341308594,0.0017183094751089
tile_r019555_c009059,2,238.0723571777344,194.8129119873047,284.5933532714844,238.17581176757807,0.0017155003733932
tile_r019555_c009059,2,333.89874267578125,453.87060546875,376.1939392089844,494.7237243652344,0.0016907878452911
tile_r019555_c009059,2,-10.488977432250977,109.5517807006836,14.49066162109375,186.8687286376953,0.0016136765480041
tile_r019555_c009059,2,1.9181029796600344,121.40388488769533,33.76494598388672,171.5171661376953,0.0015914365649223
tile_r019555_c009059,2,216.6245574951172,515.5767822265625,300.68731689453125,524.7999877929688,0.0015612927963957
tile_r019555_c009059,2,129.722412109375,515.4852905273438,205.7581787109375,524.7999877929688,0.0015328403096646
tile_r019555_c009059,2,-12.15117645263672,474.509765625,4.287498474121094,524.7999877929688,0.0015315419295802
tile_r019555_c009059,2,366.5049133300781,514.9591674804688,451.2140502929688,524.7999877929688,0.0015167183009907
tile_r019555_c009059,2,243.81460571289065,203.5260772705078,275.531982421875,231.5227508544922,0.0014974009245634
tile_r019555_c009059,2,0.1337799131870269,449.119873046875,34.53433609008789,511.883056640625,0.001490700058639
tile_r019555_c009059,2,-11.283994674682615,135.9247283935547,-1.3653671741485596,198.8809509277344,0.0014690280659124
tile_r019555_c009059,2,151.7194366455078,515.8430786132812,232.0656280517578,524.7999877929688,0.0014657812425866
tile_r019555_c009059,2,59.71004486083984,126.8662567138672,111.0792999267578,192.8612365722656,0.0014002883108332
tile_r019555_c009059,2,24.10212135314941,514.9994506835938,102.55322265625,524.7999877929688,0.0013933052541688
tile_r019555_c009059,2,447.9951171875,201.4681701660156,503.4371032714844,262.2786560058594,0.0013849106617271
tile_r019555_c009059,2,0.746002197265625,132.3190460205078,56.64629364013672,181.71517944335935,0.0013746361946687
tile_r019555_c009059,2,119.5032958984375,-12.522802352905272,288.0403137207031,128.8639678955078,0.0013427371159195
tile_r019555_c009059,2,-0.7411605715751648,398.9537048339844,33.439109802246094,457.7322387695313,0.0013178479857742
tile_r019555_c009059,2,188.44322204589844,515.25927734375,272.7738647460937,524.7999877929688,0.0013091941364109
tile_r019555_c009059,2,-0.8877197504043579,430.3833923339844,35.935508728027344,504.0899353027344,0.0013036302989348
tile_r019555_c009059,2,460.8225708007813,287.4764709472656,514.63720703125,355.3409118652344,0.0013017246965318
tile_r019555_c009059,2,-11.643925666809082,71.68879699707031,0.5749038457870483,130.9097900390625,0.0012870241189375
tile_r019555_c009059,2,317.4725646972656,-2.511962890625,396.8525390625,69.7441177368164,0.0012519831070676
tile_r019555_c009059,2,0.2494079619646072,412.7965393066406,31.93135452270508,468.484130859375,0.0012462622253224
tile_r019555_c009059,2,476.3954162597656,514.6394653320312,524.7999877929688,524.7999877929688,0.0012447710614651
tile_r019555_c009059,2,443.3116149902344,144.5154266357422,476.2803649902344,178.33407592773438,0.001239038654603
tile_r019555_c009059,2,8.293767929077148,101.8838882446289,49.99995040893555,137.075927734375,0.001237447024323
tile_r019555_c009059,2,19.07011032104492,375.66448974609375,60.083587646484375,404.9684448242188,0.0012297284556552
tile_r019555_c009059,2,-11.65147876739502,332.58953857421875,-0.8767410516738892,395.3357543945313,0.0012107072398066
tile_r019555_c009059,2,-11.765769004821776,266.758056640625,-1.0770950317382812,328.67901611328125,0.0012087489012628
tile_r019555_c009059,2,230.1374053955078,515.9778442382812,312.9349060058594,524.7999877929688,0.0012068104697391
tile_r019555_c009059,2,333.9053649902344,446.5900268554688,382.09765625,500.9046936035156,0.0011871651513502
tile_r019555_c009059,2,0.633135974407196,139.95166015625,56.009803771972656,201.68801879882807,0.0011676067952066
tile_r019555_c009059,2,27.94699478149414,499.9835815429688,84.8443603515625,512.9298706054688,0.001159037114121
tile_r019555_c009059,2,114.4340591430664,515.4983520507812,193.34597778320312,524.7999877929688,0.0011481051333248
tile_r019555_c009059,2,-4.388636589050293,145.30276489257812,43.24495697021485,198.2214813232422,0.0011158430716022
tile_r019555_c009059,2,338.27069091796875,515.0067138671875,424.6900329589844,524.7999877929688,0.0011015497148036
tile_r019555_c009059,2,228.8212890625,518.4273681640625,283.82257080078125,524.7999877929688,0.0010985987028107
tile_r019555_c009059,2,0.1861602813005447,467.0354614257813,31.881601333618164,511.8963928222656,0.001087573939003
tile_r019555_c009059,2,484.43017578125,104.9990234375,521.6189575195312,179.4470672607422,0.0010846230434253
tile_r019555_c009059,2,398.10205078125,515.52294921875,473.9054565429688,524.7999877929688,0.0010837302543222
tile_r019555_c009059,2,42.30827713012695,500.3941345214844,119.158935546875,513.4736328125,0.0010573816252872
tile_r019555_c009059,2,348.0337829589844,58.3671989440918,405.2927856445313,114.75921630859376,0.0010556736961007
tile_r019555_c009059,2,512.5133666992188,501.7523498535156,524.7498779296875,524.7999877929688,0.0010526628466323
tile_r019555_c009059,2,356.83740234375,65.840087890625,392.4846801757813,101.33536529541016,0.0010499660857021
tile_r019555_c009059,2,99.3398666381836,515.8966064453125,180.17138671875,524.7999877929688,0.0010430560214444
tile_r019555_c009059,2,444.32904052734375,145.76675415039062,471.758544921875,173.19232177734375,0.001037313370034
tile_r019555_c009059,2,-3.488726854324341,473.6207580566406,42.37417602539063,512.2977294921875,0.0010372254764661
tile_r019555_c009059,2,116.4913101196289,-7.4964599609375,240.9006805419922,112.3386688232422,0.0010279640555381
tile_r019555_c009059,2,482.1752014160156,116.17097473144533,522.0558471679688,193.0039825439453,0.0010237878886982
tile_r019555_c009059,2,60.952125549316406,515.0358276367188,139.146728515625,524.7457885742188,0.0010229606414213
tile_r019555_c009059,2,45.4957275390625,134.23239135742188,97.46041107177734,196.3975830078125,0.0010163011029362
tile_r019555_c009059,2,-11.73434066772461,148.1995849609375,-1.3093658685684204,206.70925903320312,0.0010073781013488
tile_r019555_c009059,2,475.2341918945313,179.33157348632812,521.6617431640625,260.1650085449219,0.001004887279123
tile_r019555_c009059,2,514.0133666992188,-5.564135551452637,524.7999877929688,50.75288009643555,0.0010029566474258
tile_r019555_c009315,2,149.8684844970703,334.92852783203125,201.802734375,388.5503234863281,0.6695250868797302
tile_r019555_c009315,2,307.370361328125,23.59193992614746,366.10491943359375,79.24812316894531,0.6653025150299072
tile_r019555_c009315,2,190.14596557617188,289.41619873046875,229.6484832763672,325.81512451171875,0.6472196578979492
tile_r019555_c009315,2,311.8069763183594,421.7444458007813,366.9270935058594,473.8937377929688,0.6055868864059448
tile_r019555_c009315,2,334.0850524902344,152.52224731445312,396.7274475097656,215.2229766845703,0.6026429533958435
tile_r019555_c009315,2,173.48587036132812,142.5389862060547,229.6802215576172,205.79196166992188,0.5829321146011353
tile_r019555_c009315,2,419.0446166992188,412.1527404785156,493.6980590820313,487.0806579589844,0.5611693263053894
tile_r019555_c009315,2,339.029296875,80.64175415039062,378.0499877929688,121.44775390625,0.5374268293380737
tile_r019555_c009315,2,421.6717224121094,154.79550170898438,470.67523193359375,207.138916015625,0.50875324010849
tile_r019555_c009315,2,262.1117553710937,224.27523803710935,296.73309326171875,261.3461303710937,0.4836917519569397
tile_r019555_c009315,2,330.9977111816406,300.4507751464844,380.6861877441406,342.4818420410156,0.4516048431396484
tile_r019555_c009315,2,304.1394958496094,234.8564453125,353.0203552246094,283.1771545410156,0.4219516515731811
tile_r019555_c009315,2,280.4538269042969,438.2389221191406,324.86053466796875,487.095947265625,0.3992702066898346
tile_r019555_c009315,2,98.38389587402344,67.06822204589844,141.17721557617188,109.24055480957033,0.3226934671401977
tile_r019555_c009315,2,106.73780822753906,40.7744140625,134.50836181640625,65.29487609863281,0.3183913826942444
tile_r019555_c009315,2,490.0545959472656,381.1909790039063,513.1569213867188,412.8580627441406,0.2669170796871185
tile_r019555_c009315,2,419.2129821777344,309.40252685546875,461.9009704589844,347.477783203125,0.1863394826650619
tile_r019555_c009315,2,315.02545166015625,425.9805603027344,361.8120422363281,466.1875,0.1853949129581451
tile_r019555_c009315,2,196.39651489257807,216.0741729736328,233.3954315185547,256.2613830566406,0.1846648305654525
tile_r019555_c009315,2,329.1416931152344,297.44879150390625,392.7259826660156,345.5066833496094,0.1658723205327987
tile_r019555_c009315,2,286.7298583984375,451.18499755859375,322.1855163574219,485.15472412109375,0.1635040193796157
tile_r019555_c009315,2,263.95916748046875,229.3421630859375,292.3441772460937,259.8779602050781,0.1477979719638824
tile_r019555_c009315,2,155.5879364013672,341.9872131347656,197.8502960205078,386.3546447753906,0.1394146829843521
tile_r019555_c009315,2,181.0088348388672,149.1686248779297,223.169677734375,202.8460693359375,0.1265692263841629
tile_r019555_c009315,2,310.271240234375,237.52590942382807,351.1561889648437,276.20391845703125,0.1250678300857544
tile_r019555_c009315,2,309.3056640625,415.1878051757813,373.7176818847656,481.1397399902344,0.1017233729362487
tile_r019555_c009315,2,201.2076110839844,217.7886199951172,229.7796936035156,253.9317321777344,0.0966018140316009
tile_r019555_c009315,2,416.4857482910156,307.493408203125,466.1212768554688,354.5677185058594,0.0908077582716941
tile_r019555_c009315,2,333.5184936523437,304.7207946777344,375.5398864746094,339.0110778808594,0.088370181620121
tile_r019555_c009315,2,343.5289306640625,163.84536743164062,394.5361022949219,212.944091796875,0.0798050537705421
tile_r019555_c009315,2,423.8228454589844,421.5211791992188,482.2042846679688,482.32177734375,0.0709600746631622
tile_r019555_c009315,2,185.47164916992188,283.9347229003906,233.47964477539065,331.44049072265625,0.0699745714664459
tile_r019555_c009315,2,334.0243530273437,76.13468170166016,382.4536437988281,125.12252044677734,0.0636275634169578
tile_r019555_c009315,2,201.4013214111328,225.2525634765625,226.4379425048828,254.1292266845703,0.0629912093281745
tile_r019555_c009315,2,258.8563842773437,219.7471618652344,299.3114624023437,265.259765625,0.0537221767008304
tile_r019555_c009315,2,102.18489074707033,37.31073760986328,141.4993133544922,72.64195251464844,0.0517108254134655
tile_r019555_c009315,2,343.5022888183594,86.65860748291016,375.3989868164063,119.31185150146484,0.0516639575362205
tile_r019555_c009315,2,423.4710998535156,313.71630859375,460.5904235839844,343.1044006347656,0.0383730567991733
tile_r019555_c009315,2,320.54541015625,429.7377014160156,366.6419067382813,469.0044860839844,0.0366270318627357
tile_r019555_c009315,2,448.60986328125,429.336181640625,492.47265625,466.8209533691406,0.0358921252191066
tile_r019555_c009315,2,273.3536376953125,429.6329650878906,327.19549560546875,490.9090270996094,0.0355880185961723
tile_r019555_c009315,2,491.8528442382813,385.1698303222656,512.5106201171875,409.6123962402344,0.0329428538680076
tile_r019555_c009315,2,416.6344604492188,145.7824249267578,478.0232543945313,213.02456665039065,0.0322509631514549
tile_r019555_c009315,2,97.2972640991211,36.1561393737793,151.3994140625,115.16064453125,0.0302075166255235
tile_r019555_c009315,2,295.3607482910156,227.5295867919922,360.9651794433594,291.48651123046875,0.0269925277680158
tile_r019555_c009315,2,413.7710876464844,303.07867431640625,473.4904174804688,359.5522155761719,0.0243394896388053
tile_r019555_c009315,2,428.3667602539063,427.8528442382813,466.8509216308594,479.3557739257813,0.0234231352806091
tile_r019555_c009315,2,298.4922790527344,14.479818344116213,373.0458068847656,86.35970306396484,0.02311322838068
tile_r019555_c009315,2,143.60458374023438,328.3445739746094,206.4923858642578,394.0718688964844,0.0219992715865373
tile_r019555_c009315,2,500.2020568847656,374.7025451660156,519.8209838867188,424.560546875,0.020511457696557
tile_r019555_c009315,2,164.566650390625,132.4451446533203,239.3765563964844,212.7110595703125,0.0201250035315752
tile_r019555_c009315,2,324.3116760253906,70.68680572509766,389.7691040039063,130.78646850585938,0.0178643763065338
tile_r019555_c009315,2,191.7714385986328,294.5414123535156,224.7758331298828,324.46923828125,0.0167703237384557
tile_r019555_c009315,2,321.78533935546875,290.8714599609375,396.1183471679688,357.4032897949219,0.0140271838754415
tile_r019555_c009315,2,428.9122924804688,159.4674530029297,465.9421997070313,203.903564453125,0.0135415978729724
tile_r019555_c009315,2,312.8815002441406,29.45284080505371,361.6526489257813,75.83094787597656,0.0123957283794879
tile_r019555_c009315,2,88.5073013305664,29.3424072265625,160.28414916992188,114.81661224365234,0.011558573693037
tile_r019555_c009315,2,101.7554931640625,71.0595703125,133.90603637695312,106.3424072265625,0.0114125274121761
tile_r019555_c009315,2,202.3252410888672,229.9049835205078,224.3354034423828,252.8537139892578,0.0111554535105824
tile_r019555_c009315,2,454.2335815429688,434.5064392089844,489.2622985839844,465.1140747070313,0.0110283680260181
tile_r019555_c009315,2,182.4002227783203,164.4016876220703,217.02737426757807,201.4898681640625,0.0107716750353574
tile_r019555_c009315,2,326.7915954589844,141.4426727294922,403.79888916015625,223.3217010498047,0.010005603544414
tile_r019555_c009315,2,192.95706176757807,207.16146850585935,242.3712158203125,261.9144592285156,0.0090377079322934
tile_r019555_c009315,2,413.5382690429688,405.781005859375,502.0322265625,497.30218505859375,0.0089605972170829
tile_r019555_c009315,2,521.7702026367188,370.6963806152344,524.2800903320312,433.244140625,0.0075112599879503
tile_r019555_c009315,2,107.955322265625,43.481727600097656,131.6373748779297,62.881629943847656,0.0072708860971033
tile_r019555_c009315,2,47.444374084472656,1.213322401046753,77.95064544677734,28.398578643798828,0.0061222184449434
tile_r019555_c009315,2,489.3082885742188,371.5841674804688,518.7254028320312,417.9996643066406,0.0053017139434814
tile_r019555_c009315,2,289.49169921875,460.17236328125,316.8597717285156,483.7682495117188,0.0048071034252643
tile_r019555_c009315,2,522.310546875,372.5579223632813,524.1365356445312,438.3671875,0.0042838328517973
tile_r019555_c009315,2,512.7843017578125,360.3709411621094,523.9278564453125,419.3450622558594,0.0040920358151197
tile_r019555_c009315,2,180.57308959960935,278.34185791015625,241.3272399902344,335.32598876953125,0.0038007444236427
tile_r019555_c009315,2,132.9923858642578,322.51727294921875,216.6709899902344,403.7853393554688,0.0037005855701863
tile_r019555_c009315,2,508.5174255371094,360.46282958984375,523.0755615234375,417.4153747558594,0.0032265151385217
tile_r019555_c009315,2,433.6412048339844,441.8961791992188,464.7247924804688,480.5567321777344,0.0027785457205027
tile_r019555_c009315,2,522.11865234375,363.5957946777344,524.5065307617188,427.3172912597656,0.0026251662056893
tile_r019555_c009315,2,269.0077514648437,418.97991943359375,343.75506591796875,498.4552307128906,0.0025573251768946
tile_r019555_c009315,2,340.43609619140625,307.3780212402344,379.71527099609375,338.57684326171875,0.0024363165721297
tile_r019555_c009315,2,473.6592712402344,374.1407165527344,516.4754638671875,424.1056518554688,0.0023461952805519
tile_r019555_c009315,2,-11.6161527633667,172.7481689453125,-0.5963775515556335,233.9388885498047,0.0022843752522021
tile_r019555_c009315,2,473.0084533691406,357.34100341796875,516.774658203125,421.2362365722656,0.0022174254991114
tile_r019555_c009315,2,80.79784393310547,40.585548400878906,165.748291015625,121.88919830322266,0.0021419483236968
tile_r019555_c009315,2,514.0045166015625,207.041259765625,524.7999877929688,286.08074951171875,0.0019951902795583
tile_r019555_c009315,2,178.33523559570312,185.7089385986328,243.2491455078125,262.114013671875,0.0019397193100303
tile_r019555_c009315,2,462.32171630859375,436.4099731445313,489.80999755859375,463.9014587402344,0.0018442861037328
tile_r019555_c009315,2,521.5476684570312,352.53778076171875,524.7199096679688,421.3323364257813,0.0018208840629085
tile_r019555_c009315,2,397.50341796875,132.91043090820312,479.96240234375,212.38528442382807,0.0018162247724831
tile_r019555_c009315,2,476.5135803222656,359.143798828125,521.9132080078125,445.3443908691406,0.0018144964706152
tile_r019555_c009315,2,355.7328186035156,516.1150512695312,436.1918029785156,524.7999877929688,0.0017738795140758
tile_r019555_c009315,2,410.1881713867188,294.9302673339844,481.24658203125,363.77142333984375,0.0017533737700432
tile_r019555_c009315,2,77.7630615234375,453.831787109375,120.2251205444336,494.6277770996094,0.001713907928206
tile_r019555_c009315,2,287.7964782714844,225.7187957763672,374.4356384277344,301.6214294433594,0.0016954133752733
tile_r019555_c009315,2,465.9954223632813,333.25848388671875,518.9264526367188,419.8963317871094,0.0016935798339545
tile_r019555_c009315,2,486.06103515625,405.0541076660156,521.7791748046875,481.03125,0.001681501045823
tile_r019555_c009315,2,287.5917053222656,8.871325492858887,326.87774658203125,54.90291213989258,0.0016534335445612
tile_r019555_c009315,2,93.7064208984375,61.05655670166016,147.62820434570312,113.7310028076172,0.0016442373162135
tile_r019555_c009315,2,368.7835083007813,516.142578125,450.2060546875,524.7999877929688,0.0016369902295991
tile_r019555_c009315,2,215.8998107910156,515.4851684570312,296.0875549316406,524.7999877929688,0.0016296773683279
tile_r019555_c009315,2,513.6871337890625,56.05225372314453,524.7999877929688,130.6763153076172,0.0016073221340775
tile_r019555_c009315,2,299.734619140625,409.0423889160156,379.6863708496094,488.9712829589844,0.0015863820444792
tile_r019555_c009315,2,342.1029357910156,515.8314208984375,421.9898376464844,524.7999877929688,0.0015819978434592
tile_r019555_c009315,2,513.9850463867188,107.5996551513672,524.7999877929688,183.48129272460935,0.001570897642523
tile_r019555_c009315,2,110.3267822265625,514.9513549804688,196.8645782470703,524.7999877929688,0.0015521987807005
tile_r019555_c009315,2,0.7864319086074829,200.5565643310547,20.451074600219727,227.02487182617188,0.0015493975952267
tile_r019555_c009315,2,513.7516479492188,68.84413146972656,524.7999877929688,144.85655212402344,0.0015264765825122
tile_r019555_c009315,2,479.0088806152344,383.3618774414063,521.4788208007812,462.739013671875,0.0014706600923091
tile_r019555_c009315,2,513.8345947265625,80.64961242675781,524.7999877929688,160.12167358398438,0.0014595558168366
tile_r019555_c009315,2,250.0521545410156,211.791748046875,305.36932373046875,268.5055236816406,0.0014451624592766
tile_r019555_c009315,2,293.4800720214844,4.82659912109375,382.2022399902344,91.2283706665039,0.0014379682252183
tile_r019555_c009315,2,481.5396423339844,302.2145080566406,521.2509765625,401.7383728027344,0.0014257770963013
tile_r019555_c009315,2,513.791259765625,28.642627716064453,524.7999877929688,105.76419830322266,0.0014172155642881
tile_r019555_c009315,2,514.5855712890625,228.7649383544922,524.7999877929688,308.8267517089844,0.0013753761304542
tile_r019555_c009315,2,484.62353515625,344.065673828125,518.7093505859375,418.301513671875,0.0013712077634409
tile_r019555_c009315,2,314.92999267578125,427.5381774902344,351.9529724121094,462.7933654785156,0.0013586545828729
tile_r019555_c009315,2,515.6937866210938,358.7401733398437,524.7999877929688,442.6783752441406,0.0013508074916899
tile_r019555_c009315,2,240.0205535888672,515.571044921875,319.2378845214844,524.7999877929688,0.0013499851338565
tile_r019555_c009315,2,513.9522705078125,14.366003036499023,524.7999877929688,93.15242004394533,0.0013331128284335
tile_r019555_c009315,2,317.77618408203125,515.400146484375,396.6773376464844,524.7999877929688,0.0012810060288757
tile_r019555_c009315,2,290.0576171875,514.912353515625,371.1853637695313,524.7999877929688,0.001265455619432
tile_r019555_c009315,2,514.0733642578125,186.9585876464844,524.7999877929688,260.92291259765625,0.0012597265886142
tile_r019555_c009315,2,288.81103515625,8.675134658813477,337.489501953125,76.9014892578125,0.0012501552700996
tile_r019555_c009315,2,384.7766723632813,106.455322265625,485.8873901367188,212.3710479736328,0.0012465008767321
tile_r019555_c009315,2,142.12265014648438,515.4440307617188,219.3235321044922,524.7999877929688,0.0012446921318769
tile_r019555_c009315,2,514.0501708984375,128.72964477539062,524.7999877929688,207.0650329589844,0.0012258954811841
tile_r019555_c009315,2,521.9896850585938,342.78302001953125,524.7562255859375,415.0505981445313,0.001223532599397
tile_r019555_c009315,2,182.4947509765625,145.30441284179688,222.0206298828125,186.84152221679688,0.0012197549222037
tile_r019555_c009315,2,304.4960327148437,515.095947265625,382.89202880859375,524.7999877929688,0.0012170966947451
tile_r019555_c009315,2,77.38297271728516,446.4883728027344,125.84519958496094,500.8453979492188,0.0012063840404152
tile_r019555_c009315,2,274.8080444335937,514.69482421875,358.256103515625,524.7999877929688,0.0012042055604979
tile_r019555_c009315,2,335.9200744628906,160.75869750976562,414.6741638183594,235.4237365722656,0.0011888105655089
tile_r019555_c009315,2,515.81591796875,307.19775390625,524.7999877929688,389.2708129882813,0.0011779912747442
tile_r019555_c009315,2,343.0316772460937,90.57267761230467,368.506103515625,118.1347427368164,0.0011433995096012
tile_r019555_c009315,2,81.78730773925781,514.9803466796875,169.53622436523438,524.7999877929688,0.0011387239210307
tile_r019555_c009315,2,439.7174682617188,422.0657348632813,490.1832885742188,464.85693359375,0.0011323613580316
tile_r019555_c009315,2,186.94554138183597,144.38523864746094,220.51303100585935,178.51828002929688,0.0011305381776764
tile_r019555_c009315,2,513.5848388671875,-3.058123826980591,524.7999877929688,49.37431716918945,0.0011304391082376
tile_r019555_c009315,2,433.5523376464844,420.20263671875,482.3949279785156,462.1978454589844,0.0011026867432519
tile_r019555_c009315,2,181.41976928710935,273.8328552246094,253.4585418701172,361.61663818359375,0.0010917738545686
tile_r019555_c009315,2,152.77584838867188,516.0582885742188,230.66897583007807,524.7999877929688,0.0010886032832786
tile_r019555_c009315,2,514.0525512695312,159.8960723876953,524.7999877929688,233.2186737060547,0.0010798511793836
tile_r019555_c009315,2,55.66958618164063,-2.966742038726806,141.2282257080078,67.4969253540039,0.0010699424892663
tile_r019555_c009315,2,513.9931030273438,142.7529296875,524.7999877929688,220.59390258789065,0.0010694676311686
tile_r019555_c009315,2,203.7082061767578,514.9363403320312,284.0889587402344,524.7999877929688,0.0010607772273942
tile_r019555_c009315,2,157.76797485351562,122.2921142578125,251.7080078125,217.4134979248047,0.0010522938100621
tile_r019555_c009315,2,311.23760986328125,500.8824157714844,386.4501037597656,512.6654052734375,0.0010486131068319
tile_r019555_c009315,2,101.0495376586914,65.81819915771484,136.7213592529297,101.35306549072266,0.0010479445336386
tile_r019555_c009315,2,514.0828247070312,174.969482421875,524.7999877929688,247.1738739013672,0.0010352076496928
tile_r019555_c009315,2,266.3882751464844,234.3034210205078,289.96221923828125,260.8987731933594,0.0010350173106417
tile_r019555_c009315,2,188.0760040283203,145.61614990234375,216.1380157470703,173.20950317382812,0.001029584207572
tile_r019555_c009315,2,514.5791015625,412.7202758789063,524.7978515625,484.991455078125,0.0010292903752997
tile_r019555_c009315,2,303.4598999023437,20.911096572875977,381.4356994628906,111.9867935180664,0.0010125171393156
tile_r019555_c009315,2,254.6143493652344,215.2207946777344,326.19549560546875,279.041015625,0.0010104442480951
tile_r019555_c009315,2,358.7647399902344,512.6529541015625,430.363037109375,522.1607666015625,0.0010080626234412
tile_r019555_c009315,2,149.88827514648438,16.735326766967773,371.8506774902344,264.4765014648437,0.001001278636977
tile_r019811_c008035,2,46.50935745239258,206.28677368164065,82.89739227294922,238.66812133789065,0.6877204775810242
tile_r019811_c008035,2,129.4394073486328,216.50833129882807,170.46322631835938,254.8047637939453,0.652863085269928
tile_r019811_c008035,2,69.06868743896484,25.44211769104004,107.61822509765624,59.80842208862305,0.6335105895996094
tile_r019811_c008035,2,404.5147399902344,146.55960083007812,461.5130920410156,198.0926513671875,0.6125096678733826
tile_r019811_c008035,2,106.9058074951172,131.41757202148438,133.4346160888672,153.55984497070312,0.5857470035552979
tile_r019811_c008035,2,152.4691162109375,475.4309997558594,189.31204223632807,512.3726806640625,0.5810860991477966
tile_r019811_c008035,2,37.45867156982422,438.3388671875,72.4158935546875,473.9443359375,0.5727493762969971
tile_r019811_c008035,2,80.54541015625,378.22503662109375,125.6646499633789,422.1583557128906,0.5701407194137573
tile_r019811_c008035,2,374.8541870117188,25.546422958374023,408.8562927246094,59.69272613525391,0.557031512260437
tile_r019811_c008035,2,243.2759704589844,371.8954162597656,271.98455810546875,399.5689392089844,0.5477326512336731
tile_r019811_c008035,2,208.305419921875,463.11279296875,234.14208984375,491.8028259277344,0.541395366191864
tile_r019811_c008035,2,219.13784790039065,252.8870086669922,240.89730834960935,274.6268615722656,0.5087363123893738
tile_r019811_c008035,2,-0.4987426698207855,346.33935546875,32.48663330078125,386.0262756347656,0.4274814128875732
tile_r019811_c008035,2,-0.2549377381801605,229.6826171875,25.491130828857425,259.22821044921875,0.3699302673339844
tile_r019811_c008035,2,205.4602508544922,458.9767150878906,236.9777374267578,493.385009765625,0.2631186544895172
tile_r019811_c008035,2,155.9646453857422,480.7449645996094,186.140869140625,511.2923278808594,0.2577880918979645
tile_r019811_c008035,2,103.93083190917967,129.23867797851562,134.8173065185547,157.45166015625,0.1814399808645248
tile_r019811_c008035,2,39.9737548828125,443.6298828125,66.82720947265625,471.0476684570313,0.1758613437414169
tile_r019811_c008035,2,409.6366271972656,153.9781951904297,459.2705993652344,193.6096649169922,0.1673504114151001
tile_r019811_c008035,2,172.7884063720703,352.66278076171875,192.65090942382807,370.81201171875,0.1044986993074417
tile_r019811_c008035,2,370.7925415039063,21.394739151000977,411.855224609375,63.27734375,0.0956810414791107
tile_r019811_c008035,2,21.988750457763672,197.6807098388672,37.77640914916992,211.9397430419922,0.081501118838787
tile_r019811_c008035,2,-0.679046630859375,349.72857666015625,22.063629150390625,383.62933349609375,0.0784304663538932
tile_r019811_c008035,2,55.28205490112305,4.393206596374512,78.4471435546875,23.585399627685547,0.0728465393185615
tile_r019811_c008035,2,2.095593214035034,352.0736389160156,31.163799285888672,382.8799743652344,0.0705919712781906
tile_r019811_c008035,2,3.336285352706909,231.1041717529297,25.0754508972168,255.35964965820312,0.0691387951374054
tile_r019811_c008035,2,70.57364654541016,29.657567977905277,101.67913818359376,57.21246337890625,0.0645568817853927
tile_r019811_c008035,2,76.40275573730469,371.3382873535156,130.77798461914062,426.5126953125,0.0639928877353668
tile_r019811_c008035,2,83.35626983642578,384.78851318359375,121.6624755859375,420.00970458984375,0.0612821243703365
tile_r019811_c008035,2,53.04868316650391,1.6341674327850342,82.8386001586914,22.658466339111328,0.0602671168744564
tile_r019811_c008035,2,33.90946960449219,432.5843200683594,75.9251937866211,478.671142578125,0.0502569079399108
tile_r019811_c008035,2,123.1888427734375,478.337890625,139.43582153320312,496.7208862304688,0.0493335872888565
tile_r019811_c008035,2,42.194969177246094,202.2437438964844,85.03913879394531,242.3724670410156,0.0391357317566871
tile_r019811_c008035,2,56.5423698425293,5.429232597351074,73.56075286865234,22.21573829650879,0.0352665223181247
tile_r019811_c008035,2,123.4698715209961,210.70285034179688,175.28573608398438,260.4848327636719,0.0268758963793516
tile_r019811_c008035,2,215.0335998535156,249.6455841064453,243.0381774902344,278.64373779296875,0.0220642779022455
tile_r019811_c008035,2,238.21273803710935,367.08203125,275.909423828125,406.609619140625,0.0190647579729557
tile_r019811_c008035,2,64.24658203125,18.465038299560547,110.29974365234376,65.64698791503906,0.0159958712756633
tile_r019811_c008035,2,-1.914117455482483,225.5276336669922,29.879119873046875,265.83514404296875,0.015777613967657
tile_r019811_c008035,2,-2.900151014328003,341.6993713378906,36.79347610473633,389.8475036621094,0.0143381422385573
tile_r019811_c008035,2,170.9974365234375,349.4678649902344,194.12448120117188,372.2267456054688,0.0140086896717548
tile_r019811_c008035,2,376.367431640625,29.168603897094727,403.3565979003906,55.34676361083984,0.0133790513500571
tile_r019811_c008035,2,21.128192901611328,192.7538299560547,39.55232620239258,215.36599731445312,0.0127922045066952
tile_r019811_c008035,2,243.3812713623047,374.8714294433594,267.9594421386719,397.2850646972656,0.0126239983364939
tile_r019811_c008035,2,48.35706329345703,211.9037628173828,79.75420379638672,237.490966796875,0.0117761502042412
tile_r019811_c008035,2,57.5149040222168,7.508959770202637,79.81134033203125,24.916528701782227,0.0109032476320862
tile_r019811_c008035,2,50.34759521484375,159.6366729736328,69.87642669677734,179.9072723388672,0.0101712942123413
tile_r019811_c008035,2,0.2323730438947677,233.4685516357422,19.33201026916504,257.435302734375,0.0094719240441918
tile_r019811_c008035,2,154.14266967773438,476.0022583007813,184.65365600585935,506.2901306152344,0.0092777777463197
tile_r019811_c008035,2,51.54044723510742,161.29052734375,66.22758483886719,178.8616180419922,0.0088881496340036
tile_r019811_c008035,2,398.8689575195313,139.1697998046875,466.4083862304688,202.7574462890625,0.0076483199372887
tile_r019811_c008035,2,121.6551742553711,474.9988708496094,142.7795867919922,503.396728515625,0.0065651289187371
tile_r019811_c008035,2,173.83056640625,56.36899566650391,198.6240234375,76.27130126953125,0.0059098447673022
tile_r019811_c008035,2,-5.148972988128662,219.28250122070312,36.087867736816406,266.02899169921875,0.0054911412298679
tile_r019811_c008035,2,13.547760009765623,185.04112243652344,37.61037063598633,219.6823272705078,0.005162653978914
tile_r019811_c008035,2,54.19194412231445,2.002920627593994,75.37198638916016,18.419910430908203,0.0051005100831389
tile_r019811_c008035,2,-9.818737983703612,335.89898681640625,28.03184127807617,392.9844665527344,0.0045343320816755
tile_r019811_c008035,2,59.012657165527344,4.824139595031738,108.71868896484376,61.069969177246094,0.0042492169886827
tile_r019811_c008035,2,39.22624588012695,445.5601501464844,60.4751205444336,469.6550903320313,0.0041099176742136
tile_r019811_c008035,2,214.1864318847656,255.2457275390625,238.9730529785156,272.5753173828125,0.0038873706944286
tile_r019811_c008035,2,368.2013549804688,11.875894546508787,418.4273986816406,68.75547790527344,0.0037771607749164
tile_r019811_c008035,2,-10.087671279907228,219.430419921875,23.91400718688965,267.17120361328125,0.0035308662336319
tile_r019811_c008035,2,48.52945709228516,213.46554565429688,72.61602783203125,236.00875854492188,0.003167851595208
tile_r019811_c008035,2,99.482177734375,126.1713638305664,139.67453002929688,162.2894287109375,0.0031377070117741
tile_r019811_c008035,2,-11.438913345336914,86.48934936523438,-1.8357162475585935,146.8835906982422,0.0030870435293763
tile_r019811_c008035,2,75.92159271240234,31.6225528717041,106.04679107666016,57.38638305664063,0.0030858654063194
tile_r019811_c008035,2,27.91518211364746,428.5010681152344,83.7046127319336,483.10888671875,0.0030809300951659
tile_r019811_c008035,2,207.66567993164065,245.3470001220703,245.845947265625,281.3830871582031,0.002837389241904
tile_r019811_c008035,2,284.20465087890625,188.6870574951172,309.962646484375,210.629638671875,0.0028308948967605
tile_r019811_c008035,2,1.05609130859375,93.2596206665039,26.64457321166992,134.45980834960938,0.0027929139323532
tile_r019811_c008035,2,54.497520446777344,10.785778999328612,116.82307434082033,76.2234115600586,0.0027162781916558
tile_r019811_c008035,2,49.054176330566406,-1.437303900718689,84.2145004272461,20.172149658203125,0.0026404308155179
tile_r019811_c008035,2,306.51434326171875,514.3927001953125,385.19378662109375,524.7999877929688,0.0025544466916471
tile_r019811_c008035,2,458.2625122070313,518.0552978515625,516.58984375,524.7999877929688,0.0024134297855198
tile_r019811_c008035,2,105.14730072021484,135.0377960205078,126.09246826171876,152.61227416992188,0.0023882850073277
tile_r019811_c008035,2,202.61685180664065,450.9458923339844,242.50863647460935,499.3478393554688,0.002382960403338
tile_r019811_c008035,2,488.7570190429688,0.7334960699081421,516.5939331054688,56.191856384277344,0.0023707230575382
tile_r019811_c008035,2,48.5689697265625,156.1723175048828,75.53255462646484,181.7975616455078,0.0023478767834603
tile_r019811_c008035,2,109.0667495727539,475.0846252441406,151.91220092773438,509.946533203125,0.002336100442335
tile_r019811_c008035,2,487.7168884277344,8.30389404296875,518.0183715820312,68.1766586303711,0.0022616423666477
tile_r019811_c008035,2,-11.68113136291504,96.82200622558594,-1.709478735923767,156.39263916015625,0.0022373632527887
tile_r019811_c008035,2,318.517822265625,515.0291748046875,399.5152893066406,524.7999877929688,0.0021691033616662
tile_r019811_c008035,2,117.6541748046875,204.52572631835935,183.27639770507807,270.04315185546875,0.0021429974585771
tile_r019811_c008035,2,117.2461166381836,477.7648315429688,140.7508544921875,505.7124938964844,0.0020725934300571
tile_r019811_c008035,2,-11.464552879333496,39.19157791137695,-1.9301116466522217,90.14691162109376,0.0020565071608871
tile_r019811_c008035,2,-11.64923095703125,159.2289581298828,-2.2940902709960938,214.7910614013672,0.0020386832766234
tile_r019811_c008035,2,458.0091857910156,511.4403381347656,516.0516357421875,518.1063232421875,0.0020274394191801
tile_r019811_c008035,2,280.20294189453125,514.4774169921875,361.9655151367188,524.7999877929688,0.0019720401614904
tile_r019811_c008035,2,175.1840057373047,352.0234069824219,196.1661376953125,370.0548095703125,0.0019444403005763
tile_r019811_c008035,2,-4.416592597961426,346.47137451171875,2.1547837257385254,387.2243041992188,0.0019402363104745
tile_r019811_c008035,2,92.9693374633789,119.3020477294922,143.5803985595703,171.3582305908203,0.0019389865919947
tile_r019811_c008035,2,52.05165863037109,0.7895721197128296,99.8293228149414,18.52485656738281,0.0019263393478468
tile_r019811_c008035,2,54.67032623291016,1.016452074050903,89.95695495605469,16.125385284423828,0.0019153093453496
tile_r019811_c008035,2,206.9573516845703,465.0553283691406,226.71994018554688,488.26861572265625,0.0018962583271786
tile_r019811_c008035,2,236.27621459960935,362.3740234375,281.7699584960937,414.51513671875,0.00186931155622
tile_r019811_c008035,2,230.8330078125,515.0965576171875,307.0137634277344,524.7259521484375,0.0018147712107747
tile_r019811_c008035,2,70.95207214355469,362.7932739257813,139.4089813232422,430.9855346679688,0.0017761092167347
tile_r019811_c008035,2,168.95462036132812,345.6864013671875,197.744384765625,375.6720886230469,0.0016990740550681
tile_r019811_c008035,2,179.73817443847656,514.625,251.0188446044922,524.7999877929688,0.001697828178294
tile_r019811_c008035,2,484.4087829589844,17.891067504882812,519.26953125,79.7358627319336,0.0016655203653499
tile_r019811_c008035,2,363.7252502441406,8.706881523132324,425.6382446289063,74.7248764038086,0.0016633691266179
tile_r019811_c008035,2,-0.615936279296875,95.46839904785156,30.981597900390625,145.74758911132812,0.0016280907439067
tile_r019811_c008035,2,255.7480926513672,514.5708618164062,335.71490478515625,524.6762084960938,0.0015661682700738
tile_r019811_c008035,2,216.6226501464844,515.31640625,293.7442932128906,524.7999877929688,0.0015487589407712
tile_r019811_c008035,2,-7.851788520812988,337.93536376953125,40.8914909362793,394.3189392089844,0.0015122606419026
tile_r019811_c008035,2,-0.9462738037109376,76.30335235595703,30.50877952575684,130.7061767578125,0.0015049981884658
tile_r019811_c008035,2,-12.452043533325195,345.9657287597656,-5.258517265319824,397.3638610839844,0.0014851465821266
tile_r019811_c008035,2,180.9501190185547,221.7593688964844,226.7059783935547,268.498046875,0.00145950098522
tile_r019811_c008035,2,245.2354431152344,373.490234375,274.4111328125,405.4002380371094,0.0014554233057424
tile_r019811_c008035,2,489.0040588378906,276.4759826660156,518.345458984375,346.47576904296875,0.0014417382190003
tile_r019811_c008035,2,461.5853576660156,516.4974365234375,519.9935302734375,524.5230102539062,0.001421476015821
tile_r019811_c008035,2,116.0867919921875,468.0038146972656,142.91653442382812,507.22998046875,0.0013891118578612
tile_r019811_c008035,2,122.03694152832033,475.0813598632813,140.7692108154297,495.2926635742188,0.0013881814666092
tile_r019811_c008035,2,487.2748107910156,317.74957275390625,518.4769287109375,379.4247131347656,0.0013805321650579
tile_r019811_c008035,2,380.7101135253906,26.190673828125,411.0015258789063,55.71965408325195,0.0013747069751843
tile_r019811_c008035,2,200.2231903076172,514.9818725585938,280.2335510253906,524.7999877929688,0.0013346455525606
tile_r019811_c008035,2,460.0354919433594,505.4639587402344,520.494873046875,512.9034423828125,0.0013013918651267
tile_r019811_c008035,2,330.3968811035156,515.5462646484375,413.1039123535156,524.7999877929688,0.0012712737079709
tile_r019811_c008035,2,97.1351089477539,511.1388549804688,174.7456512451172,524.7999877929688,0.0012698887148872
tile_r019811_c008035,2,-11.89039134979248,107.9405746459961,-1.528407335281372,170.24755859375,0.0012673620367422
tile_r019811_c008035,2,35.037132263183594,192.68862915039065,92.9835205078125,248.6542510986328,0.0012602012138813
tile_r019811_c008035,2,60.90502166748047,515.4255981445312,134.1719207763672,524.7999877929688,0.0012330907629802
tile_r019811_c008035,2,450.3717651367188,514.9619140625,519.2596435546875,524.1839599609375,0.0012122252956032
tile_r019811_c008035,2,233.6265106201172,358.42822265625,277.07635498046875,407.9955139160156,0.0011909452732652
tile_r019811_c008035,2,-11.551931381225586,45.58869552612305,-2.052120923995972,105.91062927246094,0.001172017888166
tile_r019811_c008035,2,467.5643615722656,512.8624877929688,524.7999877929688,524.4103393554688,0.0011586064938455
tile_r019811_c008035,2,1.430548071861267,95.5924835205078,21.56691551208496,142.4310760498047,0.001154032186605
tile_r019811_c008035,2,-1.9237807989120483,38.09657669067383,31.991968154907227,86.34471893310547,0.0011453988263383
tile_r019811_c008035,2,489.3116149902344,314.09136962890625,518.31201171875,364.3267211914063,0.0011345153907313
tile_r019811_c008035,2,-11.778020858764648,166.4368896484375,-0.9019134640693665,225.8784942626953,0.0011211229721084
tile_r019811_c008035,2,192.4590759277344,461.9935607910156,250.0934600830078,508.39697265625,0.0011163565795868
tile_r019811_c008035,2,472.3689575195313,518.3619995117188,524.7999877929688,524.7999877929688,0.0011094998335465
tile_r019811_c008035,2,-11.548830032348633,57.8544921875,-2.3241424560546875,128.64010620117188,0.0011094856308773
tile_r019811_c008035,2,124.6192398071289,71.38944244384766,149.6787109375,94.27381896972656,0.0011042387923225
tile_r019811_c008035,2,23.692174911499023,196.29244995117188,43.12302780151367,212.63937377929688,0.0011042146943509
tile_r019811_c008035,2,180.3701934814453,223.88101196289065,238.6212615966797,281.56646728515625,0.0010999359656125
tile_r019811_c008035,2,272.181884765625,503.0061645507813,362.1629333496094,513.87255859375,0.0010970445582643
tile_r019811_c008035,2,286.3310241699219,189.27862548828125,307.6858215332031,207.6884765625,0.0010891353012993
tile_r019811_c008035,2,-11.73709487915039,135.724853515625,-1.754791259765625,199.1910858154297,0.0010807093931362
tile_r019811_c008035,2,459.3142700195313,512.1101684570312,524.7999877929688,521.3902587890625,0.0010655771475285
tile_r019811_c008035,2,142.69479370117188,464.6073303222656,202.02462768554688,521.1004638671875,0.0010565172415226
tile_r019811_c008035,2,130.930419921875,223.2274932861328,165.5089569091797,251.9682159423828,0.0010374082485213
tile_r019811_c008035,2,491.4962463378906,304.64990234375,517.361572265625,347.82000732421875,0.0010339120635762
tile_r019811_c008035,2,165.86526489257812,519.6883544921875,216.2412109375,524.7999877929688,0.0010335609549656
tile_r019811_c008035,2,71.4000015258789,516.2249145507812,144.9144744873047,524.7999877929688,0.0010278421686962
tile_r019811_c008035,2,-5.371394157409668,341.15399169921875,3.3898849487304688,386.0804748535156,0.0010254385415464
tile_r019811_c008035,2,169.66415405273438,352.8486328125,189.2206115722656,369.1637573242188,0.0010074005695059
tile_r019811_c008035,2,512.3786010742188,-12.800000190734863,524.6102294921875,0.154672235250473,0.0010047057876363
tile_r019811_c008291,2,306.9549865722656,314.412109375,348.12078857421875,350.967529296875,0.6661948561668396
tile_r019811_c008291,2,432.5320434570313,355.291748046875,465.9874877929688,384.17767333984375,0.6537924408912659
tile_r019811_c008291,2,308.60693359375,452.7492065429688,339.6430053710937,480.91943359375,0.6468037962913513
tile_r019811_c008291,2,387.515380859375,486.0013122558594,433.2505493164063,511.97698974609375,0.6385766267776489
tile_r019811_c008291,2,358.2021484375,377.7212829589844,401.8035278320313,419.2310485839844,0.6367552876472473
tile_r019811_c008291,2,148.33255004882812,146.4329071044922,205.85366821289065,198.467529296875,0.6131690740585327
tile_r019811_c008291,2,377.188720703125,281.6493835449219,409.6918029785156,310.4493408203125,0.5555984973907471
tile_r019811_c008291,2,118.7039031982422,25.464513778686523,152.99917602539062,59.84440994262695,0.5528808236122131
tile_r019811_c008291,2,272.3451232910156,178.92654418945312,325.8638610839844,220.85791015625,0.5192632675170898
tile_r019811_c008291,2,253.9408264160156,127.44901275634766,305.3511657714844,177.18800354003906,0.5116080641746521
tile_r019811_c008291,2,345.7238464355469,0.612823486328125,377.02545166015625,28.24359130859375,0.5094652771949768
tile_r019811_c008291,2,291.4637145996094,-1.3264786005020142,335.222412109375,27.141735076904297,0.4420547485351562
tile_r019811_c008291,2,260.5121459960937,134.11495971679688,303.84527587890625,173.9427032470703,0.3307282328605652
tile_r019811_c008291,2,378.9155883789063,285.7244567871094,406.999755859375,308.6495666503906,0.2124051004648208
tile_r019811_c008291,2,153.4415740966797,154.07473754882812,203.5133056640625,193.82174682617188,0.1779774129390716
tile_r019811_c008291,2,0.3411377072334289,370.2439880371094,22.40425491333008,416.9503784179688,0.1076501309871673
tile_r019811_c008291,2,114.96965026855467,21.357860565185547,156.11911010742188,63.398475646972656,0.0991901978850364
tile_r019811_c008291,2,274.3631896972656,182.5487823486328,318.692138671875,217.2481384277344,0.0941389203071594
tile_r019811_c008291,2,305.05963134765625,449.1184692382813,341.24859619140625,483.7012634277344,0.0749091655015945
tile_r019811_c008291,2,361.7029724121094,382.845458984375,398.5030822753906,416.3851013183594,0.0709756836295127
tile_r019811_c008291,2,348.91522216796875,3.664337158203125,375.10833740234375,26.39410400390625,0.0635952726006507
tile_r019811_c008291,2,0.6668975949287415,370.9547729492188,18.104907989501957,400.2372131347656,0.0525284148752689
tile_r019811_c008291,2,309.7041015625,319.046142578125,342.8890686035156,347.98687744140625,0.0479468628764152
tile_r019811_c008291,2,373.7700805664063,278.73468017578125,412.676025390625,313.52764892578125,0.0474963001906871
tile_r019811_c008291,2,0.4283782839775085,370.42584228515625,14.5361967086792,397.0310668945313,0.0308819767087698
tile_r019811_c008291,2,293.5946350097656,0.3559021055698395,329.2950134277344,24.68197631835937,0.030233446508646
tile_r019811_c008291,2,261.7403259277344,169.8645782470703,333.40350341796875,233.27810668945312,0.0287707652896642
tile_r019811_c008291,2,384.0120544433594,480.2716674804688,434.7814025878906,514.2476806640625,0.0241242758929729
tile_r019811_c008291,2,0.9302597045898438,367.0803833007813,28.415111541748047,418.6202087402344,0.0224935058504343
tile_r019811_c008291,2,433.7931518554688,358.3895568847656,461.54833984375,380.7564392089844,0.0210901517421007
tile_r019811_c008291,2,390.6702270507813,490.34613037109375,426.4180603027344,512.0341186523438,0.0195045471191406
tile_r019811_c008291,2,0.7684539556503296,385.6984252929688,20.825267791748047,416.9343872070313,0.01869348436594
tile_r019811_c008291,2,353.259765625,371.812255859375,406.67474365234375,424.2857055664063,0.0186868943274021
tile_r019811_c008291,2,341.6295471191406,-2.074078321456909,380.7843322753906,32.84901809692383,0.0172026008367538
tile_r019811_c008291,2,419.65576171875,216.65673828125,446.9694213867188,241.8268585205078,0.0171964336186647
tile_r019811_c008291,2,1.1577117443084717,371.3167419433594,23.014278411865234,405.4346618652344,0.0162786748260259
tile_r019811_c008291,2,437.1474609375,361.393798828125,464.1913146972656,382.89947509765625,0.0157667323946952
tile_r019811_c008291,2,309.80877685546875,457.0674743652344,334.7901306152344,479.4766540527344,0.0149912042543292
tile_r019811_c008291,2,120.19831848144533,29.004077911376957,147.5997314453125,55.53070068359375,0.0128393983468413
tile_r019811_c008291,2,284.4384155273437,186.53976440429688,326.71832275390625,214.9144592285156,0.0127189289778471
tile_r019811_c008291,2,427.7141723632813,348.1007385253906,468.36474609375,387.192138671875,0.0121104102581739
tile_r019811_c008291,2,243.9121551513672,114.572265625,315.79071044921875,184.2958221435547,0.0107204867526888
tile_r019811_c008291,2,142.6370391845703,139.2121124267578,210.9684295654297,203.2097625732422,0.0076150274835526
tile_r019811_c008291,2,286.87091064453125,-4.442162990570068,340.673828125,33.44014358520508,0.0075793322175741
tile_r019811_c008291,2,275.3204040527344,188.1024475097656,310.511962890625,216.7945251464844,0.0072357775643467
tile_r019811_c008291,2,299.71514892578125,306.3435974121094,353.8705749511719,357.090087890625,0.0069844252429902
tile_r019811_c008291,2,258.1337585449219,131.0172576904297,298.1702880859375,169.56008911132812,0.00650469167158
tile_r019811_c008291,2,345.1381225585937,0.1854797303676605,378.3346557617188,20.94794273376465,0.0057406965643167
tile_r019811_c008291,2,2.7662901878356934,390.4324645996094,22.956451416015625,418.45416259765625,0.0053297500126063
tile_r019811_c008291,2,0.7677627801895142,418.267578125,30.008678436279297,467.8143615722656,0.0048126867040991
tile_r019811_c008291,2,112.2055435180664,11.749438285827637,162.8477325439453,69.1750717163086,0.0045383456163108
tile_r019811_c008291,2,1.9246978759765625,369.6734313964844,20.6022891998291,392.8098754882813,0.0043384069576859
tile_r019811_c008291,2,0.7945526242256165,376.4136657714844,18.09189796447754,418.9365234375,0.0043120440095663
tile_r019811_c008291,2,-4.0858330726623535,364.9537963867188,5.963079929351807,411.9940490722656,0.0037336284294724
tile_r019811_c008291,2,378.23822021484375,287.70977783203125,401.3585815429688,307.848876953125,0.0035624275915324
tile_r019811_c008291,2,345.65093994140625,366.8108215332031,411.0220336914063,430.2828979492188,0.0035379398614168
tile_r019811_c008291,2,308.54571533203125,457.5333862304688,327.4456787109375,478.4304809570313,0.0034116567112505
tile_r019811_c008291,2,259.93121337890625,139.42562866210938,295.52984619140625,172.1181640625,0.0031366543844342
tile_r019811_c008291,2,-0.030407715588808,423.0298767089844,33.67041015625,478.5831909179688,0.0029942675027996
tile_r019811_c008291,2,416.2490234375,213.431396484375,448.3294067382813,244.4379425048828,0.0026628319174051
tile_r019811_c008291,2,-11.370083808898926,424.0186462402344,-2.402360439300537,485.7883911132813,0.0026221217121928
tile_r019811_c008291,2,-11.531346321105955,475.232666015625,-2.183276414871216,517.9736938476562,0.0025797188282012
tile_r019811_c008291,2,-11.496172904968262,493.4518127441406,1.6623566150665283,524.7999877929688,0.00254094065167
tile_r019811_c008291,2,378.6369323730469,480.1250915527344,440.8929748535156,522.3665161132812,0.002503192750737
tile_r019811_c008291,2,513.9837646484375,-6.98370361328125,524.7999877929688,65.9359130859375,0.0024735594633966
tile_r019811_c008291,2,513.6669311523438,89.64314270019531,524.7999877929688,167.6271209716797,0.0024697233457118
tile_r019811_c008291,2,-3.06707763671875,369.0526428222656,24.05710220336914,424.3683166503906,0.0024668551050126
tile_r019811_c008291,2,-9.535511016845703,358.3453674316406,14.870160102844238,424.6383666992188,0.0024620618205517
tile_r019811_c008291,2,286.39715576171875,-12.800000190734863,346.310546875,22.636499404907227,0.0024084213655442
tile_r019811_c008291,2,-12.54887866973877,366.1803588867188,-5.935011863708496,417.4403381347656,0.0023943446576595
tile_r019811_c008291,2,202.0139617919922,517.8406982421875,259.57470703125,524.7999877929688,0.0023854996543377
tile_r019811_c008291,2,1.434454321861267,423.8372192382813,26.75311279296875,475.2598571777344,0.0023460111115127
tile_r019811_c008291,2,432.4612426757813,260.5621032714844,456.4649353027344,282.2616271972656,0.002315554767847
tile_r019811_c008291,2,513.45556640625,221.50033569335935,524.7999877929688,296.4838256835937,0.0023017730563879
tile_r019811_c008291,2,280.6360778808594,-10.73101806640625,350.967041015625,44.0002326965332,0.0022813167888671
tile_r019811_c008291,2,513.6070556640625,66.66667175292969,524.7999877929688,145.2680206298828,0.0022448461968451
tile_r019811_c008291,2,404.0037231445313,498.2761840820313,433.8330078125,511.6677856445313,0.0021850762423127
tile_r019811_c008291,2,201.66293334960935,511.26373291015625,260.4408264160156,518.547607421875,0.002158707473427
tile_r019811_c008291,2,513.7683715820312,11.153589248657228,524.7999877929688,92.58323669433594,0.002139035379514
tile_r019811_c008291,2,513.3048095703125,199.59423828125,524.7999877929688,273.28680419921875,0.0020877169445157
tile_r019811_c008291,2,50.54316329956055,514.6184692382812,128.966552734375,524.7515869140625,0.0020764877554029
tile_r019811_c008291,2,444.9165649414063,362.0962829589844,465.3268127441406,380.4580993652344,0.0020396090112626
tile_r019811_c008291,2,203.962646484375,515.3187255859375,277.8480834960937,524.7999877929688,0.0019982268568128
tile_r019811_c008291,2,513.6138916015625,40.54838943481445,524.7999877929688,120.3478775024414,0.001962685957551
tile_r019811_c008291,2,193.66213989257807,514.6503295898438,267.44049072265625,524.4056396484375,0.0019119367934763
tile_r019811_c008291,2,513.6368408203125,25.511178970336918,524.7999877929688,106.9001235961914,0.0019076648168265
tile_r019811_c008291,2,513.5068969726562,115.4315948486328,524.7999877929688,191.9052276611328,0.0018911230145022
tile_r019811_c008291,2,364.75982666015625,270.0018005371094,420.8765258789063,324.0039978027344,0.00183854799252
tile_r019811_c008291,2,25.70197486877441,514.6434326171875,105.0447998046875,524.7449951171875,0.001826754072681
tile_r019811_c008291,2,-0.4933120608329773,377.971435546875,32.049400329589844,455.90521240234375,0.0017960757249966
tile_r019811_c008291,2,513.650634765625,244.9501495361328,524.7999877929688,319.29547119140625,0.001765020773746
tile_r019811_c008291,2,203.8451232910156,505.6080627441406,265.158203125,512.9985961914062,0.0017566435271874
tile_r019811_c008291,2,63.0628662109375,515.2562255859375,143.34109497070312,524.7999877929688,0.0017552333883941
tile_r019811_c008291,2,-3.8903167247772217,412.5721130371094,23.25568199157715,477.33538818359375,0.0017538428073748
tile_r019811_c008291,2,-2.644018650054932,359.07843017578125,40.7629280090332,431.2386779785156,0.001747153699398
tile_r019811_c008291,2,-10.64276885986328,372.2012023925781,-0.1624588072299957,434.3670043945313,0.0017275004647672
tile_r019811_c008291,2,351.87310791015625,514.4822998046875,427.48248291015625,524.7999877929688,0.0016978185158222
tile_r019811_c008291,2,-12.657626152038574,377.2081909179688,-4.6562180519104,430.7999877929688,0.0016973367892205
tile_r019811_c008291,2,513.3167724609375,174.6811065673828,524.7999877929688,247.99789428710935,0.0016893518622964
tile_r019811_c008291,2,294.5654296875,1.3413879871368408,320.39031982421875,22.53695106506348,0.0016833784757182
tile_r019811_c008291,2,-12.457887649536133,357.7147521972656,-5.985350131988525,405.0787048339844,0.0016526553081348
tile_r019811_c008291,2,-9.984148979187012,366.1697082519531,5.427578926086426,428.6974487304688,0.0016512719448655
tile_r019811_c008291,2,282.1575927734375,-5.762399196624756,379.2516479492188,33.34459686279297,0.0016208922024816
tile_r019811_c008291,2,513.4014892578125,161.07901000976562,524.7999877929688,234.38052368164065,0.0016108663985505
tile_r019811_c008291,2,513.5646362304688,130.1715850830078,524.7999877929688,206.2561492919922,0.0015768905868753
tile_r019811_c008291,2,-11.143817901611328,402.5732421875,-2.737832546234131,473.4371032714844,0.0015606165397912
tile_r019811_c008291,2,-4.238552093505859,360.10760498046875,4.310922145843506,406.7181701660156,0.0015220518689602
tile_r019811_c008291,2,254.8466796875,131.3866424560547,327.89459228515625,222.4662322998047,0.0014956481754779
tile_r019811_c008291,2,0.0008941650157794,354.6226501464844,32.18985748291016,414.85595703125,0.0014445872511714
tile_r019811_c008291,2,-4.96478271484375,369.99267578125,2.3307998180389404,423.460205078125,0.001440554508008
tile_r019811_c008291,2,124.57389831542967,26.063207626342773,155.0664825439453,55.970985412597656,0.001439735176973
tile_r019811_c008291,2,367.2756958007813,482.3368225097656,438.0145568847656,512.2794189453125,0.0014133951626718
tile_r019811_c008291,2,513.9021606445312,258.46173095703125,524.7999877929688,333.3353576660156,0.0013821456814184
tile_r019811_c008291,2,513.5311279296875,145.3076934814453,524.7999877929688,221.5350341796875,0.0013771823141723
tile_r019811_c008291,2,309.71533203125,138.64248657226562,344.0283203125,179.2905731201172,0.0013554610777646
tile_r019811_c008291,2,203.12612915039065,511.9296875,269.3678283691406,521.6376953125,0.0013439980102702
tile_r019811_c008291,2,299.74127197265625,502.4396362304688,361.60546875,511.9029235839844,0.0013426840305328
tile_r019811_c008291,2,321.0159606933594,503.3643493652344,365.82623291015625,512.0477294921875,0.0012878278503194
tile_r019811_c008291,2,297.4773864746094,300.7679138183594,358.953857421875,370.276611328125,0.0012712209718301
tile_r019811_c008291,2,481.2054748535156,500.6001892089844,516.0813598632812,513.0968627929688,0.0012704185210168
tile_r019811_c008291,2,280.9803771972656,514.5592651367188,355.59393310546875,524.7848510742188,0.0012415184173732
tile_r019811_c008291,2,252.2499542236328,516.0263671875,331.61053466796875,524.7999877929688,0.0012406051391735
tile_r019811_c008291,2,424.41107177734375,515.4107666015625,496.2395935058594,524.7999877929688,0.0012271590530872
tile_r019811_c008291,2,179.0138702392578,514.8720703125,257.2592163085937,524.5970458984375,0.0012271356536075
tile_r019811_c008291,2,19.603967666625977,500.87109375,102.35017395019533,513.7839965820312,0.0011750438716262
tile_r019811_c008291,2,298.70880126953125,443.4962768554688,349.3089904785156,493.6996154785156,0.0011668452061712
tile_r019811_c008291,2,415.9205017089844,208.4082946777344,467.1454162597656,247.7945251464844,0.001160645741038
tile_r019811_c008291,2,480.9485473632813,516.7025146484375,524.4923095703125,524.1124877929688,0.0011597505072131
tile_r019811_c008291,2,-12.536343574523926,410.0642700195313,-3.565616607666016,465.8064575195313,0.0011593109229579
tile_r019811_c008291,2,210.74609375,516.1568603515625,290.94110107421875,524.7999877929688,0.0011362350778654
tile_r019811_c008291,2,512.6311645507812,510.15045166015625,524.6182861328125,524.7999877929688,0.0011234997073188
tile_r019811_c008291,2,-12.541522026062012,423.23345947265625,-3.620849609375,477.2996520996094,0.0011231262469664
tile_r019811_c008291,2,-12.5453462600708,393.1500854492188,-3.767494201660156,443.08837890625,0.0011225010966882
tile_r019811_c008291,2,3.353320360183716,514.5428466796875,79.12215423583984,524.7999877929688,0.0011153595987707
tile_r019811_c008291,2,29.336498260498047,502.5322265625,118.5076904296875,513.9368896484375,0.0011146590113639
tile_r019811_c008291,2,514.302490234375,271.87042236328125,524.7999877929688,345.10809326171875,0.0011137208202853
tile_r019811_c008291,2,429.9834899902344,257.0754089355469,460.62841796875,285.00946044921875,0.0010959478095173
tile_r019811_c008291,2,336.7587890625,517.4759521484375,402.12109375,524.7999877929688,0.0010930965654551
tile_r019811_c008291,2,-9.7904052734375,367.562255859375,38.81647872924805,436.3526916503906,0.0010925828246399
tile_r019811_c008291,2,303.658935546875,129.7567138671875,346.766845703125,179.44094848632812,0.0010859644971787
tile_r019811_c008291,2,404.7056579589844,513.7850952148438,480.98828125,524.7999877929688,0.0010810209205374
tile_r019811_c008291,2,-11.286661148071287,277.7355041503906,-1.6746933460235596,333.800537109375,0.0010771706001833
tile_r019811_c008291,2,-12.511570930480955,441.8722534179688,-3.484265089035034,495.7357482910156,0.0010688549373298
tile_r019811_c008291,2,211.8940887451172,512.8744506835938,274.473876953125,524.4027099609375,0.0010595243657007
tile_r019811_c008291,2,60.2353630065918,517.7689208984375,118.53641510009766,524.7999877929688,0.0010588997974991
tile_r019811_c008291,2,266.7649841308594,515.3995361328125,344.7620544433594,524.7999877929688,0.0010588640579953
tile_r019811_c008291,2,-11.142455101013184,382.07611083984375,-2.159419298171997,456.54339599609375,0.0010551557643339
tile_r019811_c008291,2,460.6736450195313,499.7510681152344,518.4254150390625,513.38037109375,0.0010440073674544
tile_r019811_c008291,2,75.3887710571289,515.7077026367188,156.83670043945312,524.7999877929688,0.0010424694046378
tile_r019811_c008291,2,331.21368408203125,270.5487670898437,411.5000915527344,339.8881225585937,0.0010368811199441
tile_r019811_c008291,2,286.3600158691406,-12.243125915527344,361.9889221191406,37.977577209472656,0.0010342809837311
tile_r019811_c008291,2,302.71014404296875,312.1710510253906,381.3087768554688,380.8421325683594,0.0010282882722094
tile_r019811_c008291,2,216.6762237548828,518.3839721679688,265.499755859375,524.7999877929688,0.0010231813648715
tile_r019811_c008291,2,-0.3700454831123352,404.332275390625,45.9078369140625,488.2827758789063,0.0010185699211433
tile_r019811_c008291,2,276.94647216796875,500.5420837402344,350.8529663085937,513.0662231445312,0.0010150982998311
tile_r019811_c008291,2,412.8321838378906,495.4376831054688,434.240478515625,511.2298889160156,0.0010133117903023
tile_r019811_c008547,2,469.6485290527344,352.93560791015625,515.7662963867188,403.4754943847656,0.6993923187255859
tile_r019811_c008547,2,51.29970550537109,314.75347900390625,91.69660949707033,350.507568359375,0.6589872241020203
tile_r019811_c008547,2,176.5438690185547,355.1702880859375,209.96121215820312,384.2772216796875,0.6559727191925049
tile_r019811_c008547,2,131.65298461914062,486.0100708007813,177.0107421875,512.0076904296875,0.6401631236076355
tile_r019811_c008547,2,52.88739013671875,453.1642456054688,83.23563385009766,480.5958862304688,0.630906879901886
tile_r019811_c008547,2,104.23893737792967,379.5677490234375,146.48849487304688,419.51953125,0.6305029988288879
tile_r019811_c008547,2,393.0691223144531,216.68734741210935,444.9763793945313,259.2626342773437,0.6226446628570557
tile_r019811_c008547,2,121.48756408691406,281.916015625,153.46046447753906,310.28179931640625,0.549383819103241
tile_r019811_c008547,2,16.608169555664062,178.8780975341797,69.68997955322266,220.7198944091797,0.5311832427978516
tile_r019811_c008547,2,89.86958312988281,0.6322906613349915,120.8937530517578,28.13303565979004,0.4992830455303192
tile_r019811_c008547,2,3.098907470703125,127.7827377319336,47.40004348754883,175.54293823242188,0.4843102991580963
tile_r019811_c008547,2,408.6917114257813,337.56646728515625,448.7173767089844,370.058837890625,0.4682517945766449
tile_r019811_c008547,2,35.230674743652344,-1.6684036254882812,79.58062744140625,27.629802703857425,0.4469146728515625
tile_r019811_c008547,2,5.95916748046875,135.98580932617188,45.26985931396485,173.09400939941406,0.2446770519018173
tile_r019811_c008547,2,404.5924377441406,333.822265625,450.34381103515625,375.3440551757813,0.2144821137189865
tile_r019811_c008547,2,123.19083404541016,285.8741149902344,150.82864379882812,308.45294189453125,0.2040255665779113
tile_r019811_c008547,2,474.1053771972656,359.7872009277344,513.2781982421875,399.92236328125,0.1100882589817047
tile_r019811_c008547,2,18.577465057373047,182.9049224853516,62.514892578125,217.1020965576172,0.0790930315852165
tile_r019811_c008547,2,93.19586181640624,3.776535034179688,119.08702087402344,26.264841079711918,0.0613218136131763
tile_r019811_c008547,2,49.4638786315918,449.4024353027344,84.78617095947266,483.4110412597656,0.0584260076284408
tile_r019811_c008547,2,99.78419494628906,373.7232971191406,149.40155029296875,423.28948974609375,0.0547467395663261
tile_r019811_c008547,2,53.906700134277344,319.2618713378906,86.5906753540039,347.65435791015625,0.0542814917862415
tile_r019811_c008547,2,118.1219482421875,278.84136962890625,156.50906372070312,313.19732666015625,0.0379879102110862
tile_r019811_c008547,2,278.8511657714844,190.3339385986328,313.42449951171875,221.6343688964844,0.0280810222029685
tile_r019811_c008547,2,1.000817894935608,122.1031265258789,56.31989669799805,180.2837371826172,0.0271849259734153
tile_r019811_c008547,2,37.68257522583008,0.394732654094696,72.79344940185547,24.787921905517575,0.0264432150870561
tile_r019811_c008547,2,395.9518127441406,222.82107543945312,436.51263427734375,253.6578826904297,0.0257380157709121
tile_r019811_c008547,2,128.17465209960938,480.0372619628906,178.60287475585938,514.2757568359375,0.0234846491366624
tile_r019811_c008547,2,177.8037567138672,358.3499450683594,205.40414428710935,380.7691955566406,0.0210978854447603
tile_r019811_c008547,2,134.7903594970703,490.35003662109375,170.2030487060547,512.025146484375,0.0203927643597126
tile_r019811_c008547,2,54.05024337768555,457.39788818359375,78.4367446899414,479.218017578125,0.0182684864848852
tile_r019811_c008547,2,387.3739013671875,208.6603546142578,449.9993286132813,266.3909606933594,0.0163324270397424
tile_r019811_c008547,2,5.212018013000488,169.856201171875,75.51460266113281,230.8844757080078,0.015776339918375
tile_r019811_c008547,2,29.27276611328125,186.74575805664065,70.54119873046875,214.65444946289065,0.0153333796188235
tile_r019811_c008547,2,85.81497955322266,-1.985501050949097,124.54813385009766,32.47610855102539,0.0152462944388389
tile_r019811_c008547,2,181.41085815429688,361.497802734375,208.322265625,382.83392333984375,0.014698370359838
tile_r019811_c008547,2,163.51943969726562,216.3153839111328,190.94171142578125,242.14584350585935,0.0145878558978438
tile_r019811_c008547,2,89.9277114868164,2.8902587890625,115.0283432006836,25.249988555908203,0.0144131779670715
tile_r019811_c008547,2,108.87210845947266,383.30181884765625,143.28102111816406,416.65130615234375,0.013983461074531
tile_r019811_c008547,2,464.95751953125,345.59039306640625,518.1135864257812,409.45404052734375,0.0133462417870759
tile_r019811_c008547,2,171.8020782470703,347.977783203125,212.4341583251953,387.26177978515625,0.0130706178024411
tile_r019811_c008547,2,31.784814834594727,-4.409052848815918,83.73052978515625,33.40394973754883,0.0088644186034798
tile_r019811_c008547,2,44.51337814331055,306.52349853515625,96.6378173828125,355.8622436523437,0.0066175460815429
tile_r019811_c008547,2,-3.692126512527466,112.26078033447266,49.73763275146485,178.74246215820312,0.0051652970723807
tile_r019811_c008547,2,399.9305725097656,328.9759826660156,454.8270568847656,380.6002502441406,0.00495021417737
tile_r019811_c008547,2,89.2547607421875,0.1954345703125,122.3070297241211,20.433246612548828,0.0047863870859146
tile_r019811_c008547,2,19.331188201904297,188.4068145751953,53.37789916992188,216.7098846435547,0.00474847946316
tile_r019811_c008547,2,122.6180419921875,287.04150390625,145.0660858154297,307.2657775878906,0.0046809557825326
tile_r019811_c008547,2,0.6982208490371704,61.710411071777344,17.326274871826172,89.98046875,0.0045426758006215
tile_r019811_c008547,2,492.0949096679688,85.26222229003906,514.6383056640625,121.26922607421876,0.0044435462914407
tile_r019811_c008547,2,477.3161010742188,-3.3893065452575684,516.6041870117188,44.127708435058594,0.0041559040546417
tile_r019811_c008547,2,-11.65689468383789,289.89959716796875,-1.1571273803710938,352.6380920410156,0.004077652003616
tile_r019811_c008547,2,-11.566137313842772,239.443603515625,-1.2463607788085938,297.932373046875,0.0039846538566052
tile_r019811_c008547,2,1.22991943359375,65.98146057128906,15.091937065124512,89.07657623291016,0.0037239317316561
tile_r019811_c008547,2,409.3695373535156,341.0928039550781,439.3259887695313,366.5413818359375,0.0037217121571302
tile_r019811_c008547,2,52.657859802246094,457.8697204589844,70.9752197265625,477.9244079589844,0.0036122477613389
tile_r019811_c008547,2,490.86083984375,83.34251403808594,517.1725463867188,132.10536193847656,0.003590346314013
tile_r019811_c008547,2,90.043701171875,367.41448974609375,154.4035186767578,429.876220703125,0.003531297435984
tile_r019811_c008547,2,-11.599772453308104,249.2165985107422,-1.3575652837753296,310.2127990722656,0.0032667475752532
tile_r019811_c008547,2,-11.63417911529541,275.6390991210937,-1.1911818981170654,341.9766540527344,0.0032547756563872
tile_r019811_c008547,2,300.2392578125,289.1437072753906,327.71795654296875,314.0284729003906,0.003224819432944
tile_r019811_c008547,2,486.37548828125,337.6810913085937,524.3394775390625,410.71435546875,0.0031433783005923
tile_r019811_c008547,2,128.68966674804688,285.55078125,153.2281951904297,307.2015686035156,0.0031069181859493
tile_r019811_c008547,2,488.7945861816406,198.6476593017578,517.580322265625,267.52593994140625,0.0030097565613687
tile_r019811_c008547,2,415.0493774414063,342.1318054199219,447.760986328125,367.8017883300781,0.0028582527302205
tile_r019811_c008547,2,-11.762189865112305,310.94403076171875,-1.504583716392517,374.3528442382813,0.0027959011495113
tile_r019811_c008547,2,-11.644357681274414,260.1781616210937,-1.1912994384765625,328.3899841308594,0.002653527772054
tile_r019811_c008547,2,1.866055250167847,283.0419921875,29.47623634338379,333.6454162597656,0.0026297022122889
tile_r019811_c008547,2,476.34228515625,355.5499267578125,512.9557495117188,391.80560302734375,0.0025463108904659
tile_r019811_c008547,2,-11.442082405090332,190.36831665039065,-0.9841659665107728,248.12890625,0.0025340300053358
tile_r019811_c008547,2,-11.362741470336914,45.72002029418945,-1.91932225227356,101.8849639892578,0.0024969724472612
tile_r019811_c008547,2,-2.237098693847656,365.9808654785156,32.4820442199707,430.4110412597656,0.0024450307246297
tile_r019811_c008547,2,-0.560137927532196,-1.9995238780975344,32.83904266357422,50.3588752746582,0.0024193963035941
tile_r019811_c008547,2,122.7903289794922,480.0494079589844,184.7967987060547,522.35546875,0.00238878140226
tile_r019811_c008547,2,1.133636474609375,288.2265625,31.3568058013916,343.35321044921875,0.0023735666181892
tile_r019811_c008547,2,-11.592031478881836,214.9022521972656,-1.2438949346542358,277.35186767578125,0.0022663385607302
tile_r019811_c008547,2,488.2559509277344,83.02964782714844,520.1409301757812,144.05601501464844,0.0022214613854885
tile_r019811_c008547,2,-11.549046516418455,201.1827087402344,-1.230983018875122,262.32110595703125,0.0022002302575856
tile_r019811_c008547,2,148.12954711914062,498.4948120117188,177.9512939453125,511.69189453125,0.0021723362151533
tile_r019811_c008547,2,-11.3631010055542,181.26919555664065,-0.8764556646347046,236.283447265625,0.0021530268713831
tile_r019811_c008547,2,226.1312561035156,500.9892578125,277.6905212402344,514.0455932617188,0.0020024126861244
tile_r019811_c008547,2,31.38633155822754,-12.771270751953123,89.61100769042969,23.412487030029297,0.0019945767708122
tile_r019811_c008547,2,-11.822229385375977,322.2755432128906,-1.6265747547149658,388.884033203125,0.0019865599460899
tile_r019811_c008547,2,-0.3276016116142273,296.7486877441406,33.830787658691406,358.0686950683594,0.0019834954291582
tile_r019811_c008547,2,473.0211486816406,-10.806256294250488,520.7750244140625,55.07413864135742,0.0019608410075306
tile_r019811_c008547,2,-11.043012619018556,136.712890625,-0.227397158741951,202.16470336914065,0.0019380185985937
tile_r019811_c008547,2,457.8636169433594,349.1739807128906,518.2276611328125,422.7498474121094,0.0019370901864022
tile_r019811_c008547,2,24.50525283813477,-10.36224365234375,93.1484146118164,43.81067657470703,0.0018909133505076
tile_r019811_c008547,2,189.40725708007807,362.37054443359375,209.1708221435547,380.288330078125,0.0018777569057419
tile_r019811_c008547,2,227.58724975585935,503.3199157714844,293.696533203125,512.2904052734375,0.0018031990621238
tile_r019811_c008547,2,-11.628588676452637,1.0737793445587158,-1.320886254310608,42.332252502441406,0.0018002720316872
tile_r019811_c008547,2,4.507891654968262,444.8777465820313,22.62652587890625,462.9212951660156,0.0017481943359598
tile_r019811_c008547,2,-11.62513256072998,413.83636474609375,-1.1588637828826904,475.00872802734375,0.0017478630179539
tile_r019811_c008547,2,60.682350158691406,155.4322509765625,85.75935363769531,177.07302856445312,0.0017222850583493
tile_r019811_c008547,2,202.4190673828125,159.6121826171875,231.08474731445312,184.02438354492188,0.0016699837287887
tile_r019811_c008547,2,0.3898681700229645,51.2278938293457,19.437841415405277,91.31168365478516,0.0016696292441338
tile_r019811_c008547,2,405.4921875,225.1849670410156,444.4299926757813,253.67919921875,0.0016572308959439
tile_r019811_c008547,2,176.3386688232422,260.4894104003906,201.5240478515625,282.8338317871094,0.0016508160624653
tile_r019811_c008547,2,-10.756769180297852,122.6277084350586,0.8199234008789062,190.6638946533203,0.0016503956867381
tile_r019811_c008547,2,96.78546142578124,515.0432739257812,170.20632934570312,524.7999877929688,0.0016452544368803
tile_r019811_c008547,2,-1.1168060302734375,311.3543395996094,34.879764556884766,374.57904052734375,0.0016344089526683
tile_r019811_c008547,2,109.2667236328125,270.7594909667969,164.3843536376953,324.0632019042969,0.0016198694938793
tile_r019811_c008547,2,159.95370483398438,212.446533203125,192.1731414794922,244.2318878173828,0.0016162666724994
tile_r019811_c008547,2,2.8061585426330566,438.50140380859375,21.836658477783203,463.85552978515625,0.0015715948538854
tile_r019811_c008547,2,-1.579705834388733,444.23236083984375,34.9168701171875,508.40631103515625,0.0015682531520724
tile_r019811_c008547,2,-11.484280586242676,26.376056671142575,-2.104977369308472,89.43289184570312,0.0015437705442309
tile_r019811_c008547,2,-10.93178367614746,110.26628112792967,5.586142063140869,183.6119384765625,0.0015378278912976
tile_r019811_c008547,2,230.54751586914065,501.60302734375,288.8377380371094,513.5802001953125,0.0015334002673625
tile_r019811_c008547,2,-3.004721164703369,344.1102600097656,35.00438690185547,403.6096801757813,0.0015157192246988
tile_r019811_c008547,2,55.19853591918945,139.8104248046875,86.7652359008789,178.67807006835938,0.0015140855684876
tile_r019811_c008547,2,382.0905151367188,200.57699584960935,456.7694396972656,275.2767028808594,0.0014943717978894
tile_r019811_c008547,2,38.56021881103516,1.4307037591934204,63.79302978515625,22.55185317993164,0.0014670966193079
tile_r019811_c008547,2,483.0906372070313,210.0296936035156,515.5152587890625,269.8062438964844,0.0014585090102627
tile_r019811_c008547,2,-11.450419425964355,150.9943389892578,-0.744659423828125,217.97314453125,0.0014363881200551
tile_r019811_c008547,2,522.0604248046875,71.1651840209961,524.688232421875,138.45913696289062,0.0014292675768956
tile_r019811_c008547,2,-11.44947338104248,168.73764038085938,-0.9722335934638976,228.253662109375,0.0013836246216669
tile_r019811_c008547,2,111.62126159667967,482.1043090820313,181.5517120361328,512.2744140625,0.0013596176868304
tile_r019811_c008547,2,1.475061058998108,60.41594314575195,23.09580612182617,94.25154876708984,0.0013409185921773
tile_r019811_c008547,2,-11.956328392028809,334.46240234375,-1.2766205072402954,403.72216796875,0.001339818816632
tile_r019811_c008547,2,1.6207275390625,428.6459045410156,28.72562789916992,464.4072265625,0.0013329363428056
tile_r019811_c008547,2,-11.852566719055176,422.0677795410156,-0.812268078327179,489.3499145507813,0.0013103411765769
tile_r019811_c008547,2,0.8412414789199829,55.80556488037109,13.474316596984863,92.33583068847656,0.0013038103934377
tile_r019811_c008547,2,168.14639282226562,515.502197265625,240.75863647460935,524.7999877929688,0.0013011011760681
tile_r019811_c008547,2,451.8741149902344,-4.518469333648682,516.2379760742188,27.75897216796875,0.0012999293394386
tile_r019811_c008547,2,192.6997985839844,514.3709106445312,269.64630126953125,524.7999877929688,0.0012991786934435
tile_r019811_c008547,2,521.5186767578125,224.09848022460935,524.5924072265625,293.34832763671875,0.0012648398987948
tile_r019811_c008547,2,467.5999145507813,-2.632611036300659,515.5211791992188,24.25286293029785,0.0012629048433154
tile_r019811_c008547,2,-11.655794143676758,52.799415588378906,-1.387110948562622,115.5595474243164,0.0012481884332373
tile_r019811_c008547,2,483.0547790527344,85.7456283569336,517.1710815429688,151.4660186767578,0.0012471011141315
tile_r019811_c008547,2,468.3460083007813,301.6715393066406,516.197265625,357.0502319335937,0.0012299288064241
tile_r019811_c008547,2,389.1912536621094,315.5884704589844,482.27630615234375,438.9195251464844,0.0012179519981145
tile_r019811_c008547,2,-1.706243872642517,327.0541381835937,34.8320198059082,388.18255615234375,0.0012175315059721
tile_r019811_c008547,2,-12.017011642456056,499.1629028320313,5.492383003234863,524.7999877929688,0.0011921431869268
tile_r019811_c008547,2,0.664996325969696,144.73245239257812,69.27049255371094,223.2079315185547,0.0011887793662026
tile_r019811_c008547,2,335.01568603515625,515.9866943359375,412.7513122558594,524.7999877929688,0.0011881793616339
tile_r019811_c008547,2,-0.2942321896553039,436.3818359375,35.065162658691406,485.955078125,0.0011855768971145
tile_r019811_c008547,2,149.3563995361328,514.7487182617188,225.5916748046875,524.7999877929688,0.0011825805995613
tile_r019811_c008547,2,50.51827239990234,193.2662048339844,69.39398193359375,210.8153381347656,0.0011787703260779
tile_r019811_c008547,2,66.5631332397461,503.8659057617188,109.4703369140625,512.0079345703125,0.0011742723872885
tile_r019811_c008547,2,45.08098220825195,502.2819213867188,104.3622589111328,511.7283325195313,0.0011614741524681
tile_r019811_c008547,2,364.3711853027344,362.7439880371094,405.75238037109375,401.0130310058594,0.0011463965056464
tile_r019811_c008547,2,1.4375518560409546,420.4945373535156,23.107091903686523,468.3738403320313,0.0011311840498819
tile_r019811_c008547,2,476.4139709472656,273.8667907714844,520.4212036132812,346.7247619628906,0.0011178331915289
tile_r019811_c008547,2,-11.358418464660645,98.4961929321289,1.652551293373108,172.88174438476562,0.0011087872553616
tile_r019811_c008547,2,44.11859130859375,444.1851196289063,92.58438873291016,493.0698852539063,0.0011025129351764
tile_r019811_c008547,2,26.346752166748047,-5.827629089355469,122.85726165771484,33.45160675048828,0.0010797816794365
tile_r019811_c008547,2,55.17928314208984,133.22215270996094,93.76749420166016,185.20201110839844,0.0010774430120363
tile_r019811_c008547,2,478.1486206054688,356.12335205078125,510.0269470214844,384.4376525878906,0.0010770212393254
tile_r019811_c008547,2,516.3212890625,281.4471435546875,524.7999877929688,361.97662353515625,0.0010731713846325
tile_r019811_c008547,2,228.85546875,513.6234130859375,307.05828857421875,524.5387573242188,0.0010728902416303
tile_r019811_c008547,2,515.57958984375,73.00921630859375,524.6876220703125,151.27772521972656,0.001067514764145
tile_r019811_c008547,2,203.501708984375,500.18408203125,272.613525390625,513.7418823242188,0.001059437636286
tile_r019811_c008547,2,392.7706604003906,313.57244873046875,465.332763671875,380.2736206054688,0.001058651600033
tile_r019811_c008547,2,181.1410369873047,515.20751953125,254.5618896484375,524.7999877929688,0.0010585574200376
tile_r019811_c008547,2,516.24462890625,342.48992919921875,524.7999877929688,428.37103271484375,0.0010561307426542
tile_r019811_c008547,2,268.4288024902344,515.8550415039062,344.99981689453125,524.7999877929688,0.0010527780978009
tile_r019811_c008547,2,405.4398498535156,516.0191040039062,492.6277465820313,524.7999877929688,0.0010496421018615
tile_r019811_c008547,2,174.00967407226562,257.08648681640625,209.367919921875,288.67657470703125,0.0010474020382389
tile_r019811_c008547,2,-12.54686450958252,51.4840087890625,-3.6583480834960938,104.61767578125,0.0010448293760418
tile_r019811_c008547,2,159.56735229492188,207.70068359375,215.7543182373047,246.8166046142578,0.0010431574191898
tile_r019811_c008547,2,34.626686096191406,500.764404296875,101.9374542236328,512.303955078125,0.0010411309776827
tile_r019811_c008547,2,273.32257080078125,183.7136993408203,323.419677734375,229.27835083007807,0.0010372234974056
tile_r019811_c008547,2,1.212774634361267,65.82440185546875,33.68104934692383,110.71604919433594,0.0010362426983192
tile_r019811_c008547,2,209.8046875,513.8107299804688,280.31890869140625,524.0377197265625,0.0010318373097106
tile_r019811_c008547,2,-11.744464874267578,6.695501804351807,-1.6591873168945312,72.78412628173828,0.0010286527685821
tile_r019811_c008547,2,514.8707275390625,-10.919073104858398,524.5484619140625,50.90238571166992,0.001026258454658
tile_r019811_c008547,2,26.811782836914062,514.6988525390625,98.53497314453124,524.6868896484375,0.0010156753705814
tile_r019811_c008547,2,3.030984401702881,482.6648559570313,26.56461524963379,512.5928955078125,0.0010152352042496
tile_r019811_c008547,2,280.8009948730469,194.06558227539065,309.0673217773437,218.76351928710935,0.0010110090952366
tile_r019811_c008547,2,203.8406219482422,162.1221923828125,228.1397399902344,181.4654541015625,0.0010057186009362
tile_r019811_c008803,2,211.50326538085935,350.22216796875,270.7438049316406,406.8043823242188,0.6601288318634033
tile_r019811_c008803,2,354.3858947753906,473.91162109375,403.1292419433594,512.3231201171875,0.6381130218505859
tile_r019811_c008803,2,135.5174560546875,214.9443817138672,189.6105194091797,261.6698608398437,0.6138715744018555
tile_r019811_c008803,2,434.9226684570313,464.9042053222656,491.9590759277344,512.5637817382812,0.6014683246612549
tile_r019811_c008803,2,274.48291015625,116.614501953125,322.029296875,154.20108032226562,0.5436608195304871
tile_r019811_c008803,2,403.33447265625,321.4628295898437,478.2659301757813,382.31976318359375,0.526536762714386
tile_r019811_c008803,2,149.22213745117188,334.7567443847656,194.0904541015625,373.5628051757813,0.3521576523780823
tile_r019811_c008803,2,217.8892059326172,357.2986755371094,268.03173828125,402.4751586914063,0.275027185678482
tile_r019811_c008803,2,279.02056884765625,122.3733139038086,320.1907653808594,150.8863983154297,0.1280761212110519
tile_r019811_c008803,2,153.55764770507812,339.5570983886719,192.0606384277344,369.4104614257813,0.0720711201429367
tile_r019811_c008803,2,357.9476928710937,475.74365234375,398.04193115234375,507.5039978027344,0.0592248775064945
tile_r019811_c008803,2,443.345703125,470.7586059570313,491.9423828125,509.7482299804688,0.0580752417445182
tile_r019811_c008803,2,145.3944091796875,329.68768310546875,199.5435791015625,378.0588989257813,0.0468787588179111
tile_r019811_c008803,2,357.9615783691406,481.2599487304688,398.89398193359375,512.666015625,0.0393879078328609
tile_r019811_c008803,2,394.8138732910156,308.34429931640625,483.1701049804688,394.3970336914063,0.0272012762725353
tile_r019811_c008803,2,416.537353515625,332.8714294433594,461.96881103515625,370.6763305664063,0.0261654108762741
tile_r019811_c008803,2,141.60400390625,223.8798370361328,189.4435272216797,256.40338134765625,0.022113187238574
tile_r019811_c008803,2,130.4102325439453,207.7210998535156,195.3720245361328,267.4886779785156,0.0189681537449359
tile_r019811_c008803,2,420.1768493652344,334.6952819824219,472.9552612304688,374.4356689453125,0.0154390931129455
tile_r019811_c008803,2,348.87628173828125,468.0060424804688,407.7652282714844,514.6461181640625,0.0133496010676026
tile_r019811_c008803,2,138.91439819335938,219.93179321289065,181.51333618164065,253.788818359375,0.0089867711067199
tile_r019811_c008803,2,425.8648376464844,454.48291015625,501.0755920410156,521.0870361328125,0.0081218043342232
tile_r019811_c008803,2,203.6527404785156,338.1151428222656,281.993408203125,417.583740234375,0.0066115581430494
tile_r019811_c008803,2,25.16544532775879,192.84521484375,55.69781494140625,219.04623413085935,0.0061126654036343
tile_r019811_c008803,2,247.34243774414065,97.79158020019533,272.0310974121094,118.83390808105467,0.0050820689648389
tile_r019811_c008803,2,141.53854370117188,324.28192138671875,204.1697998046875,386.7073364257813,0.0043541509658098
tile_r019811_c008803,2,357.2108459472656,495.7237854003906,397.9581604003906,512.4002685546875,0.0031877371948212
tile_r019811_c008803,2,306.7501220703125,516.3341064453125,381.8725280761719,524.7999877929688,0.0028270117472857
tile_r019811_c008803,2,123.0840072631836,198.6025848388672,202.81625366210935,277.6395874023437,0.0026759733445942
tile_r019811_c008803,2,258.4493103027344,102.07568359375,332.27215576171875,172.6864776611328,0.0026708978693932
tile_r019811_c008803,2,281.853271484375,514.9332275390625,359.228515625,524.7999877929688,0.0024194263387471
tile_r019811_c008803,2,344.89117431640625,464.5846557617188,413.928466796875,521.7102661132812,0.0022252749186009
tile_r019811_c008803,2,513.4474487304688,101.438720703125,524.7999877929688,182.5679168701172,0.00218963669613
tile_r019811_c008803,2,513.5782470703125,75.15516662597656,524.7999877929688,157.59515380859375,0.0020807953551411
tile_r019811_c008803,2,490.6060485839844,390.0591430664063,517.1151123046875,427.7179565429688,0.0020270072855055
tile_r019811_c008803,2,513.56005859375,52.097686767578125,524.7999877929688,131.9693145751953,0.0019822914618998
tile_r019811_c008803,2,396.4052734375,515.6929931640625,472.8558654785156,524.7999877929688,0.0019031858537346
tile_r019811_c008803,2,249.0363311767578,98.81298828125,267.82720947265625,116.820068359375,0.0018072554375976
tile_r019811_c008803,2,266.61724853515625,109.7638931274414,328.7156677246094,162.0989990234375,0.0017536300001665
tile_r019811_c008803,2,220.27145385742188,355.50640869140625,263.2858581542969,390.3481750488281,0.0017143591539934
tile_r019811_c008803,2,295.6795349121094,126.4053726196289,320.31158447265625,149.04611206054688,0.0017089287284761
tile_r019811_c008803,2,488.3600158691406,386.50830078125,519.6253662109375,440.4939575195313,0.0017009790753945
tile_r019811_c008803,2,409.6277465820313,495.3697814941406,462.7417907714844,513.5211181640625,0.0016884192591533
tile_r019811_c008803,2,513.42578125,128.0784149169922,524.7999877929688,205.7246551513672,0.0016697309911251
tile_r019811_c008803,2,513.589111328125,30.260717391967773,524.7999877929688,108.3870849609375,0.0016364596085622
tile_r019811_c008803,2,375.9521789550781,516.111328125,460.0101623535156,524.7999877929688,0.0016107606934383
tile_r019811_c008803,2,-11.846409797668455,497.8706665039063,2.4117934703826904,524.7999877929688,0.0015966980718076
tile_r019811_c008803,2,469.8156127929688,416.04248046875,521.5382690429688,511.3180541992188,0.0015959161100909
tile_r019811_c008803,2,514.3484497070312,231.4703063964844,524.7999877929688,309.9156188964844,0.0015442395815625
tile_r019811_c008803,2,479.8015747070313,200.2186584472656,521.1966552734375,280.41925048828125,0.0014939649263396
tile_r019811_c008803,2,452.4351196289063,475.3862915039063,488.68548583984375,508.7423400878906,0.0014806475955992
tile_r019811_c008803,2,514.4136352539062,246.017333984375,524.7999877929688,322.2830505371094,0.0014031601604074
tile_r019811_c008803,2,513.5177612304688,141.6827392578125,524.7999877929688,219.8555450439453,0.0013453868450596
tile_r019811_c008803,2,513.4832763671875,3.5639891624450684,524.7999877929688,81.71644592285156,0.0013428945094347
tile_r019811_c008803,2,484.41021728515625,384.7017211914063,521.3712158203125,455.2015075683594,0.0013422927586361
tile_r019811_c008803,2,256.226806640625,514.4346923828125,338.1893920898437,524.7999877929688,0.0013205003924667
tile_r019811_c008803,2,514.2496337890625,205.637451171875,524.7999877929688,284.261962890625,0.0012816124362871
tile_r019811_c008803,2,129.1671600341797,206.3018035888672,210.4756622314453,293.2201538085937,0.0012607017997652
tile_r019811_c008803,2,492.1158752441406,295.8116760253906,520.4950561523438,364.2964477539063,0.0012575692962855
tile_r019811_c008803,2,21.60665512084961,189.03643798828125,57.5005989074707,222.7059631347656,0.0012417477555572
tile_r019811_c008803,2,470.2393493652344,303.2398986816406,514.5940551757812,365.5550231933594,0.0012149098329246
tile_r019811_c008803,2,514.0750732421875,185.1025390625,524.7999877929688,260.5978088378906,0.0012021134607493
tile_r019811_c008803,2,359.67095947265625,487.1605529785156,394.3626098632813,512.2984619140625,0.0011784003581851
tile_r019811_c008803,2,285.47900390625,518.20654296875,344.4125366210937,524.7999877929688,0.0011484398273751
tile_r019811_c008803,2,513.5623168945312,157.7620086669922,524.7999877929688,235.1073303222656,0.0011402338277548
tile_r019811_c008803,2,409.32562255859375,509.6112365722656,491.796630859375,524.7999877929688,0.0011357783805578
tile_r019811_c008803,2,247.5933380126953,94.5686492919922,287.93341064453125,154.7154541015625,0.0011236136779189
tile_r019811_c008803,2,513.5446166992188,-8.456384658813477,524.7999877929688,51.5854377746582,0.0011066704755648
tile_r019811_c008803,2,245.5546875,95.92292785644533,277.80584716796875,122.43782043457033,0.0010892474092543
tile_r019811_c008803,2,132.27676391601562,310.3377380371094,212.236572265625,381.198486328125,0.0010848897509276
tile_r019811_c008803,2,262.1744079589844,109.4553680419922,343.6202087402344,189.14175415039065,0.001078468398191
tile_r019811_c008803,2,477.5147399902344,391.9277038574219,518.2848510742188,463.2351684570313,0.0010741220321506
tile_r019811_c008803,2,471.35693359375,398.7408142089844,522.05908203125,496.1634826660156,0.0010673601645976
tile_r019811_c008803,2,208.08804321289065,514.94384765625,298.355224609375,524.7999877929688,0.0010505013633519
tile_r019811_c008803,2,77.56776428222656,516.0110473632812,159.2760772705078,524.7999877929688,0.0010470438282936
tile_r019811_c008803,2,418.2490234375,172.2818145751953,448.1668090820313,199.9253692626953,0.0010358681902289
tile_r019811_c008803,2,245.7328643798828,95.94270324707033,283.4480895996094,137.8190155029297,0.0010266535682603
tile_r019811_c008803,2,514.2196044921875,295.7674865722656,524.68994140625,369.88372802734375,0.0010139637161046
tile_r019811_c008803,2,224.95199584960935,514.3853759765625,310.98663330078125,524.7999877929688,0.001013103290461
tile_r019811_c008803,2,154.40252685546875,341.87762451171875,184.41531372070312,366.3860473632813,0.0010104225948452
tile_r019811_c008803,2,134.8859405517578,-7.78961181640625,249.9094696044922,80.77735900878906,0.0010065094102174
tile_r019811_c008803,2,514.7044677734375,376.24456787109375,524.66845703125,446.672607421875,0.0010038251057267
tile_r019811_c008803,2,149.57955932617188,515.942626953125,238.2715301513672,524.7999877929688,0.0010027202079072
tile_r019811_c009059,2,405.5536193847656,78.6380615234375,457.9484252929688,132.943115234375,0.6687152981758118
tile_r019811_c009059,2,98.7201919555664,473.84124755859375,146.9981231689453,512.4075927734375,0.6369124054908752
tile_r019811_c009059,2,248.7644805908203,417.8487854003906,307.4603881835937,469.015380859375,0.6318548321723938
tile_r019811_c009059,2,446.4325256347656,33.8010139465332,485.2593688964844,69.50894927978516,0.630192756652832
tile_r019811_c009059,2,465.9474487304688,364.865966796875,516.7181396484375,422.8192443847656,0.6223365664482117
tile_r019811_c009059,2,178.32949829101562,464.32855224609375,237.83642578125,512.9364624023438,0.6063575148582458
tile_r019811_c009059,2,18.70293617248535,116.50666809082033,66.30004119873047,154.8145751953125,0.5345339775085449
tile_r019811_c009059,2,147.1708526611328,321.1836853027344,222.1512908935547,382.6604614257813,0.5197645425796509
tile_r019811_c009059,2,471.8758850097656,376.5165710449219,515.9957885742188,422.0298767089844,0.3571568727493286
tile_r019811_c009059,2,24.703414916992188,122.59261322021484,64.93913269042969,151.58619689941406,0.1441856473684311
tile_r019811_c009059,2,411.45458984375,85.76274108886719,453.9645385742188,130.5934600830078,0.1282037943601608
tile_r019811_c009059,2,252.1312561035156,421.92877197265625,300.1590881347656,462.6997680664063,0.0844781696796417
tile_r019811_c009059,2,181.66351318359372,468.6491088867188,230.6547393798828,508.916015625,0.0631310194730758
tile_r019811_c009059,2,441.8125,27.55248641967773,488.3960876464844,75.95344543457031,0.0599552877247333
tile_r019811_c009059,2,160.26150512695312,332.52557373046875,205.84207153320312,370.8543395996094,0.0565459057688713
tile_r019811_c009059,2,102.19850158691406,475.8015747070313,141.73001098632812,507.1997985839844,0.0555428266525268
tile_r019811_c009059,2,476.7366333007813,382.2037658691406,513.32421875,419.9957580566406,0.0447904206812381
tile_r019811_c009059,2,102.3043441772461,481.3464965820313,142.6555633544922,512.6868896484375,0.0423590764403343
tile_r019811_c009059,2,140.59005737304688,309.30181884765625,230.0924835205078,394.3448791503906,0.0324028469622135
tile_r019811_c009059,2,399.60546875,72.24870300292969,462.2877807617188,138.3045196533203,0.022273264825344
tile_r019811_c009059,2,447.9070739746094,39.0214958190918,480.35296630859375,68.3766860961914,0.014831063337624
tile_r019811_c009059,2,257.36102294921875,424.4751892089844,309.54541015625,465.3514709472656,0.0146978599950671
tile_r019811_c009059,2,172.6642303466797,452.6002807617188,245.3849334716797,515.1878051757812,0.0135092083364725
tile_r019811_c009059,2,93.2155303955078,467.77783203125,151.4918975830078,514.7274169921875,0.0130300596356391
tile_r019811_c009059,2,164.181640625,334.4088439941406,216.2086944580078,374.4995727539063,0.0104717686772346
tile_r019811_c009059,2,242.25845336914065,407.2689514160156,317.688232421875,475.7102661132813,0.0085440604016184
tile_r019811_c009059,2,189.69680786132807,473.7322387695313,233.0677947998047,509.5078125,0.0080270832404494
tile_r019811_c009059,2,330.0780639648437,192.49917602539065,380.261962890625,242.44418334960935,0.004370012320578
tile_r019811_c009059,2,101.6506576538086,495.3627014160156,141.4959259033203,512.4054565429688,0.0039431457407772
tile_r019811_c009059,2,-11.97265625,321.120849609375,-1.045964002609253,393.8833618164063,0.0037966642994433
tile_r019811_c009059,2,-12.00739574432373,159.08229064941406,-0.3975387513637543,226.3319854736328,0.0036469744518399
tile_r019811_c009059,2,-12.068147659301758,170.18716430664062,-0.5586868524551392,239.2853546142578,0.0035484486725181
tile_r019811_c009059,2,-11.755434036254885,100.3434600830078,-0.5584670901298523,158.8523712158203,0.0033230956178158
tile_r019811_c009059,2,488.4699096679688,353.08502197265625,524.4287109375,430.43646240234375,0.0030876202508807
tile_r019811_c009059,2,-0.981201171875,368.2539367675781,35.98311233520508,437.5802612304688,0.003030824707821
tile_r019811_c009059,2,11.886914253234863,103.3127670288086,74.5218505859375,165.5910186767578,0.0029663916211575
tile_r019811_c009059,2,-12.09802532196045,297.06121826171875,-0.554644763469696,368.3828430175781,0.0029041406232863
tile_r019811_c009059,2,50.6891975402832,516.4473876953125,125.35455322265624,524.7999877929688,0.0027979051228612
tile_r019811_c009059,2,-11.883578300476074,107.37297058105467,-0.16204833984375,174.40945434570312,0.0026475803460925
tile_r019811_c009059,2,-12.096786499023438,194.4434051513672,-0.6695968508720398,261.12603759765625,0.0026378000620752
tile_r019811_c009059,2,-12.073663711547852,287.0440979003906,-0.3186477720737457,354.580810546875,0.0025675380602478
tile_r019811_c009059,2,438.1454162597656,19.896499633789062,499.0475463867188,79.24752044677734,0.0025580746587365
tile_r019811_c009059,2,391.83502197265625,67.29576110839844,471.112060546875,145.45230102539062,0.0023733105044811
tile_r019811_c009059,2,26.018213272094727,515.2046508789062,103.11083984375,524.7999877929688,0.002369710477069
tile_r019811_c009059,2,-11.999429702758787,345.0474548339844,-0.8154571652412415,411.470703125,0.002354027936235
tile_r019811_c009059,2,-11.939882278442385,426.5411987304688,-0.4318588376045227,490.0562438964844,0.002323864493519
tile_r019811_c009059,2,-11.988523483276367,468.18157958984375,-0.4879440367221832,517.9420166015625,0.0023157033137977
tile_r019811_c009059,2,0.9100891351699828,394.1683654785156,29.659692764282227,445.6197204589844,0.002183761447668
tile_r019811_c009059,2,140.8208465576172,515.8900756835938,217.0238342285156,524.7999877929688,0.0021628097165375
tile_r019811_c009059,2,-11.98044776916504,118.4430923461914,-0.419390857219696,191.34207153320312,0.0021485567558556
tile_r019811_c009059,2,-11.939447402954102,136.31796264648438,-0.552502453327179,203.6136474609375,0.0021364204585552
tile_r019811_c009059,2,-12.035696029663086,435.7001037597656,-0.3319061398506164,510.8011779785156,0.0020966159645467
tile_r019811_c009059,2,449.6139526367188,352.156494140625,521.6829223632812,434.41217041015625,0.0020866245031356
tile_r019811_c009059,2,206.0166778564453,516.0308227539062,301.6413269042969,524.7999877929688,0.0020652892999351
tile_r019811_c009059,2,-0.5547515749931335,386.7567443847656,36.77721786499024,446.7424926757813,0.0019276849925518
tile_r019811_c009059,2,-11.931013107299805,486.6483459472656,3.261112928390503,524.7999877929688,0.001909990562126
tile_r019811_c009059,2,322.5558166503906,182.99447631835935,382.1531677246094,248.00131225585935,0.0019038482569158
tile_r019811_c009059,2,104.5481948852539,498.7704162597656,139.57351684570312,512.1446533203125,0.0018105808412656
tile_r019811_c009059,2,121.0354461669922,516.0776977539062,204.52294921875,524.7999877929688,0.0017921568360179
tile_r019811_c009059,2,419.99658203125,514.8833618164062,501.6395568847656,524.7999877929688,0.0017642362508922
tile_r019811_c009059,2,39.87568283081055,126.58097839355467,64.2760009765625,149.2289276123047,0.0017273055855184
tile_r019811_c009059,2,153.2855224609375,496.2119140625,207.7366943359375,513.6419677734375,0.0016998961800709
tile_r019811_c009059,2,1.1514098644256592,307.23406982421875,34.01700973510742,370.8767700195313,0.0016073648585006
tile_r019811_c009059,2,2.198773145675659,363.06060791015625,42.74345779418945,443.6009216308594,0.0015842656139284
tile_r019811_c009059,2,0.2186416685581207,165.4125518798828,32.5119743347168,225.7860412597656,0.0015436499379575
tile_r019811_c009059,2,276.6575927734375,515.662841796875,365.6859130859375,524.7999877929688,0.0015396615490317
tile_r019811_c009059,2,-0.966534435749054,402.9925842285156,37.834075927734375,464.6218872070313,0.0015335221542045
tile_r019811_c009059,2,-0.6630538702011108,434.4916076660156,37.45283889770508,490.5198364257813,0.0014828077983111
tile_r019811_c009059,2,205.27001953125,511.4996032714844,275.0575256347656,519.5341796875,0.0014622909948229
tile_r019811_c009059,2,1.417201280593872,298.7125549316406,33.10991287231445,358.7388610839844,0.0014511924237012
tile_r019811_c009059,2,-12.102888107299805,206.3199157714844,-0.1141525283455848,276.5360412597656,0.0014201494632288
tile_r019811_c009059,2,1.0383193492889404,349.8282775878906,34.94915771484375,408.38385009765625,0.0013455431908369
tile_r019811_c009059,2,153.0986785888672,511.0670776367188,234.4813995361328,524.7999877929688,0.0013178719673305
tile_r019811_c009059,2,0.259359747171402,317.70086669921875,34.35150909423828,388.1405029296875,0.0012979876482859
tile_r019811_c009059,2,0.9782989621162416,335.9226989746094,33.534202575683594,398.48736572265625,0.0012447086628526
tile_r019811_c009059,2,-1.1903183460235596,143.0150146484375,33.596717834472656,202.6519470214844,0.0012406087480485
tile_r019811_c009059,2,446.646484375,515.192626953125,518.9142456054688,524.711181640625,0.0012248065322637
tile_r019811_c009059,2,104.0124282836914,487.7979431152344,137.9159393310547,512.2756958007812,0.0012184103252366
tile_r019811_c009059,2,223.1076202392578,515.71630859375,311.92596435546875,524.7999877929688,0.0012146888766437
tile_r019811_c009059,2,-11.792930603027344,77.2082290649414,-0.5145111083984375,140.36276245117188,0.0011995106469839
tile_r019811_c009059,2,0.1036834716796875,157.1687774658203,32.22867202758789,213.7779998779297,0.0011952330823987
tile_r019811_c009059,2,-12.083650588989258,356.017578125,-0.235148623585701,431.764892578125,0.0011894572526216
tile_r019811_c009059,2,19.033321380615234,119.50596618652344,60.1033935546875,149.17837524414062,0.0011814422905445
tile_r019811_c009059,2,388.31494140625,515.2067260742188,477.4821166992188,524.7999877929688,0.0011764074442908
tile_r019811_c009059,2,459.2754821777344,29.40203857421875,514.9557495117188,99.52403259277344,0.0011763552902266
tile_r019811_c009059,2,-0.0360885635018348,174.6783905029297,33.53290557861328,239.7188720703125,0.0011699977330863
tile_r019811_c009059,2,476.3373107910156,389.5709838867188,520.458984375,452.1459045410156,0.0011643514735624
tile_r019811_c009059,2,22.679800033569336,518.60498046875,82.39564514160156,524.7999877929688,0.0011635166592895
tile_r019811_c009059,2,-1.4462096691131592,416.6856384277344,37.03512573242188,481.1483459472656,0.001160308602266
tile_r019811_c009059,2,233.9068298339844,401.27642822265625,322.2583923339844,487.3909606933594,0.0011586364125832
tile_r019811_c009059,2,-12.058527946472168,220.17138671875,0.2433456480503082,285.26837158203125,0.0011520765256136
tile_r019811_c009059,2,-12.208645820617676,270.39892578125,0.566973865032196,329.650390625,0.001147530041635
tile_r019811_c009059,2,-11.971117973327637,13.806353569030762,-0.673248291015625,72.27638244628906,0.0011097197420895
tile_r019811_c009059,2,1.0860474109649658,235.7144470214844,38.22303009033203,277.18701171875,0.0011054639471694
tile_r019811_c009059,2,215.4453125,512.1892700195312,278.7973022460937,523.4439697265625,0.0011019663652405
tile_r019811_c009059,2,468.2952270507813,512.8699340820312,524.7999877929688,524.7999877929688,0.0010845848591998
tile_r019811_c009059,2,0.2974075376987457,188.98275756835935,35.23564910888672,251.5854034423828,0.0010712398216128
tile_r019811_c009059,2,-12.005569458007812,401.3180541992188,-0.0523620620369911,474.6914978027344,0.0010669017210602
tile_r019811_c009059,2,2.3686859607696533,515.2855224609375,80.19319915771484,524.7999877929688,0.0010631597833707
tile_r019811_c009059,2,302.23760986328125,515.7720947265625,390.65185546875,524.7999877929688,0.001049488550052
tile_r019811_c009059,2,129.1578369140625,42.530540466308594,282.72808837890625,183.7706298828125,0.0010302464943379
tile_r019811_c009059,2,162.1454620361328,172.1370391845703,192.684814453125,200.14505004882807,0.0010296886321157
tile_r019811_c009059,2,59.99121856689453,514.9320068359375,148.70468139648438,524.7999877929688,0.0010196543298661
tile_r019811_c009059,2,5.2322998046875,342.5326232910156,42.84507369995117,415.60198974609375,0.0010112051386386
tile_r019811_c009059,2,402.8519592285156,88.62149810791016,475.1310424804688,161.10975646972656,0.0010101670632138
tile_r019811_c009059,2,516.1419677734375,384.1404724121094,524.7362060546875,456.9938049316406,0.0010035698069259
tile_r019811_c009059,2,-11.983304023742676,387.0178833007813,-0.1550170928239822,460.3342895507813,0.0010014084400609
tile_r020067_c008035,2,148.64511108398438,298.3963317871094,193.9587860107422,342.3401794433594,0.6798211336135864
tile_r020067_c008035,2,316.0882873535156,439.2483520507813,366.57861328125,484.5072326660156,0.6463592648506165
tile_r020067_c008035,2,280.7784118652344,364.7550659179688,318.92706298828125,402.0730895996094,0.6447230577468872
tile_r020067_c008035,2,111.4375,328.5174255371094,160.4010467529297,373.4451599121094,0.6437184810638428
tile_r020067_c008035,2,152.1516876220703,219.15426635742188,189.86508178710935,257.5862121582031,0.5800392031669617
tile_r020067_c008035,2,80.37823486328125,122.03605651855467,125.96636962890624,166.3517303466797,0.5688562393188477
tile_r020067_c008035,2,37.16509246826172,182.0449676513672,72.6281509399414,217.9765625,0.5630327463150024
tile_r020067_c008035,2,208.075927734375,206.787353515625,234.42153930664065,236.1841278076172,0.5542018413543701
tile_r020067_c008035,2,200.231201171875,450.0188903808594,246.56704711914065,498.444091796875,0.5354139804840088
tile_r020067_c008035,2,243.08056640625,115.7026138305664,272.2669982910156,143.6890869140625,0.5314215421676636
tile_r020067_c008035,2,341.4753112792969,296.01043701171875,361.9997253417969,317.1309509277344,0.5283604264259338
tile_r020067_c008035,2,216.5243225097656,0.3622070252895355,242.5693359375,20.335662841796875,0.490062803030014
tile_r020067_c008035,2,-0.6184234619140625,90.0534439086914,32.84177017211914,130.4102783203125,0.4345867037773132
tile_r020067_c008035,2,205.2326202392578,202.8125457763672,237.3392639160156,237.6976623535156,0.2721438109874725
tile_r020067_c008035,2,155.3551788330078,224.1311798095703,186.39675903320312,255.8849334716797,0.1987709105014801
tile_r020067_c008035,2,39.7928581237793,187.3138732910156,66.84083557128906,215.0420837402344,0.1581777781248092
tile_r020067_c008035,2,319.9698181152344,381.1862182617188,353.2367248535156,409.95556640625,0.1349632292985916
tile_r020067_c008035,2,195.3711853027344,443.0613403320313,252.0334014892578,502.6564331054688,0.1332546472549438
tile_r020067_c008035,2,118.92765808105467,332.8807067871094,159.8731689453125,369.21685791015625,0.1323266327381134
tile_r020067_c008035,2,339.50299072265625,293.30816650390625,365.372314453125,319.3514099121094,0.1227837279438972
tile_r020067_c008035,2,144.2388916015625,293.981689453125,198.95016479492188,346.8167419433594,0.103993184864521
tile_r020067_c008035,2,206.0245056152344,458.0577087402344,243.6558532714844,495.8628845214844,0.1020688414573669
tile_r020067_c008035,2,277.039306640625,359.97467041015625,321.99566650390625,405.8561096191406,0.0987933278083801
tile_r020067_c008035,2,1.972264051437378,95.5882797241211,31.327953338623047,127.15983581542967,0.0694378092885017
tile_r020067_c008035,2,172.56900024414062,96.32463073730467,192.8088836669922,115.0368881225586,0.0694112852215766
tile_r020067_c008035,2,-0.7516235113143921,93.5265884399414,22.598175048828125,127.9590072631836,0.0674870088696479
tile_r020067_c008035,2,76.51432800292969,116.46331787109376,130.38906860351562,170.14698791503906,0.0635493695735931
tile_r020067_c008035,2,247.0830535888672,323.2362670898437,264.2333374023437,342.15875244140625,0.0632819458842277
tile_r020067_c008035,2,83.23906707763672,128.6048583984375,121.9183578491211,164.14144897460938,0.0596244297921657
tile_r020067_c008035,2,33.68092346191406,176.50469970703125,76.43192291259766,223.2953186035156,0.04732371494174
tile_r020067_c008035,2,285.41375732421875,369.0851135253906,316.6324768066406,399.76458740234375,0.0425886586308479
tile_r020067_c008035,2,213.04470825195312,-1.650793433189392,245.45388793945312,23.46770668029785,0.0267416797578334
tile_r020067_c008035,2,147.02706909179688,214.5299835205078,192.3029327392578,261.16143798828125,0.0264827329665422
tile_r020067_c008035,2,319.60516357421875,445.5969848632813,363.3702087402344,481.9156188964844,0.0225701835006475
tile_r020067_c008035,2,238.0179748535156,110.8973388671875,276.40460205078125,150.8378448486328,0.0190709605813026
tile_r020067_c008035,2,-2.85870361328125,85.31529235839844,37.095252990722656,134.2868194580078,0.0170253384858369
tile_r020067_c008035,2,152.67190551757812,304.6024475097656,188.2496337890625,339.6973571777344,0.0164951048791408
tile_r020067_c008035,2,310.5298767089844,430.3619079589844,372.58984375,492.2334899902344,0.015262397006154
tile_r020067_c008035,2,325.5204467773437,385.1704711914063,352.9808044433594,406.9501037597656,0.0119452849030494
tile_r020067_c008035,2,243.3236541748047,118.71002197265624,268.14080810546875,141.50054931640625,0.0107151372358202
tile_r020067_c008035,2,335.2979736328125,291.014404296875,367.2458801269531,321.78582763671875,0.0103954840451478
tile_r020067_c008035,2,106.7742156982422,315.3379821777344,169.2125701904297,377.0104370117188,0.0102191111072897
tile_r020067_c008035,2,318.0830993652344,376.6409606933594,357.0430603027344,412.9240112304688,0.0099547207355499
tile_r020067_c008035,2,244.1058654785156,320.4676513671875,265.4340209960937,343.1212158203125,0.0092459199950099
tile_r020067_c008035,2,170.71286010742188,92.92610168457033,194.29586791992188,116.41935729980467,0.0077341473661363
tile_r020067_c008035,2,2.7728271484375,430.1691284179688,30.981616973876957,479.15087890625,0.0076630315743386
tile_r020067_c008035,2,11.522893905639648,349.7418518066406,28.08724975585937,367.7122497558594,0.0073050600476562
tile_r020067_c008035,2,123.67185974121094,222.188720703125,139.54937744140625,241.2064971923828,0.0067852609790861
tile_r020067_c008035,2,210.3554229736328,463.8158264160156,244.4315948486328,493.2789001464844,0.0050843963399529
tile_r020067_c008035,2,269.0476989746094,352.2168884277344,327.3811950683594,413.0068359375,0.0049682003445923
tile_r020067_c008035,2,-9.909317016601562,80.01148986816406,28.54651260375977,137.6480255126953,0.0047350679524242
tile_r020067_c008035,2,-11.823335647583008,469.8619079589844,-1.5062347650527954,517.6717529296875,0.0045426581054925
tile_r020067_c008035,2,139.93338012695312,286.74658203125,203.6197204589844,352.48419189453125,0.0044055893085896
tile_r020067_c008035,2,-11.36695384979248,431.0957946777344,-1.5956283807754517,495.9198303222656,0.0034676555078476
tile_r020067_c008035,2,121.2953872680664,217.0538024902344,145.63595581054688,246.8821258544922,0.0033952051308006
tile_r020067_c008035,2,203.61312866210935,451.4424743652344,242.2406768798828,490.5294799804688,0.0032485828269273
tile_r020067_c008035,2,39.113243103027344,189.30392456054688,60.51534271240234,213.58273315429688,0.0031883248593658
tile_r020067_c008035,2,9.010815620422363,344.5984191894531,30.861225128173828,372.4524536132813,0.002979954238981
tile_r020067_c008035,2,69.2211685180664,109.464111328125,137.0802459716797,174.5775909423828,0.0028766419272869
tile_r020067_c008035,2,0.746899425983429,439.0546875,32.30791473388672,503.8357543945313,0.0028526766691356
tile_r020067_c008035,2,-11.57408332824707,440.6837768554688,-1.636651635169983,515.1716918945312,0.0028237267397344
tile_r020067_c008035,2,201.5298309326172,198.18569946289065,242.655029296875,242.38980102539065,0.0024040250573307
tile_r020067_c008035,2,91.5544204711914,310.92822265625,166.4210968017578,383.6570739746094,0.0024037400726228
tile_r020067_c008035,2,-11.8906888961792,481.3230590820313,3.3185410499572754,524.7999877929688,0.0022989211138337
tile_r020067_c008035,2,28.06105613708496,173.0261688232422,84.7317886352539,225.9282684326172,0.0022935180459171
tile_r020067_c008035,2,190.2365264892578,432.7326049804688,256.84832763671875,506.2587890625,0.0022240839898586
tile_r020067_c008035,2,212.4403533935547,-0.4274978637695312,246.65188598632807,10.19622039794922,0.002131646964699
tile_r020067_c008035,2,267.34619140625,514.771484375,346.3062438964844,524.7999877929688,0.0020391060970723
tile_r020067_c008035,2,117.5733413696289,214.4571533203125,152.67123413085938,258.8825378417969,0.0019224124262109
tile_r020067_c008035,2,185.5186004638672,514.7303466796875,266.6468811035156,524.7999877929688,0.001863608486019
tile_r020067_c008035,2,236.2499084472656,106.7778778076172,282.57208251953125,159.09469604492188,0.0018033544765785
tile_r020067_c008035,2,203.2811584472656,-3.705035448074341,249.5347595214844,25.59554481506348,0.0017756468150764
tile_r020067_c008035,2,302.2900695800781,495.9202270507813,371.9885864257813,511.6034240722656,0.0017635764088481
tile_r020067_c008035,2,434.8155212402344,515.2401733398438,508.8477478027344,524.7999877929688,0.0017281996551901
tile_r020067_c008035,2,191.20098876953125,192.4114227294922,247.78759765625,250.0211944580078,0.0017096283845603
tile_r020067_c008035,2,-4.562472343444824,90.57624816894533,2.2190399169921875,131.7552032470703,0.0016814515693113
tile_r020067_c008035,2,198.5161590576172,-4.361474514007568,248.4998016357422,17.076885223388672,0.0016813187394291
tile_r020067_c008035,2,13.167263984680176,515.5228271484375,91.7667999267578,524.7999877929688,0.0016504876548424
tile_r020067_c008035,2,412.2268676757813,515.4443359375,488.8409118652344,524.7999877929688,0.0016296386020258
tile_r020067_c008035,2,495.7664184570313,410.5692443847656,513.4222412109375,436.01123046875,0.0015997482696548
tile_r020067_c008035,2,241.1168975830078,515.4359130859375,320.895263671875,524.7999877929688,0.0015838893596082
tile_r020067_c008035,2,2.6440062522888184,424.16845703125,38.6679916381836,487.5928649902344,0.001564820180647
tile_r020067_c008035,2,29.96427345275879,162.8446044921875,90.20880126953124,230.7220001220703,0.0015466189943253
tile_r020067_c008035,2,313.62469482421875,479.1298828125,366.0422973632813,509.0323181152344,0.0015409243060275
tile_r020067_c008035,2,-3.2681961059570312,413.8019409179688,35.00275421142578,473.0419921875,0.0015362040139734
tile_r020067_c008035,2,-0.4637817442417145,452.2711486816406,33.93564987182617,509.425048828125,0.001531126210466
tile_r020067_c008035,2,210.504638671875,515.9180908203125,293.76806640625,524.7999877929688,0.0014890189049765
tile_r020067_c008035,2,61.685768127441406,516.1033935546875,144.1194610595703,524.7999877929688,0.0014860264491289
tile_r020067_c008035,2,346.220458984375,294.8019104003906,372.82562255859375,319.5359802246094,0.0014596552355214
tile_r020067_c008035,2,195.8022918701172,515.3267822265625,279.0526733398437,524.7999877929688,0.0014218578580766
tile_r020067_c008035,2,147.569091796875,515.2354736328125,228.4231414794922,524.736328125,0.0014207250205799
tile_r020067_c008035,2,-8.060480117797852,81.28275299072266,41.4058723449707,138.68844604492188,0.0013992631575092
tile_r020067_c008035,2,227.06283569335935,515.9044799804688,307.470458984375,524.7999877929688,0.0013912625145167
tile_r020067_c008035,2,134.16836547851562,514.5758666992188,215.5151824951172,524.3585205078125,0.0013805774506181
tile_r020067_c008035,2,-12.495890617370604,90.0347671508789,-5.178845405578613,142.0966796875,0.001380204106681
tile_r020067_c008035,2,245.0331268310547,117.25732421875,274.73736572265625,150.0844268798828,0.0013653595233336
tile_r020067_c008035,2,343.5215759277344,515.1861572265625,422.3851623535156,524.7999877929688,0.0013576204655691
tile_r020067_c008035,2,136.5904998779297,205.125,199.7869873046875,272.16552734375,0.0013563599204644
tile_r020067_c008035,2,-11.496877670288086,411.0868225097656,-1.124273657798767,475.6458129882813,0.0013311012880876
tile_r020067_c008035,2,-0.04840087890625,342.5106811523437,37.26006317138672,391.5203857421875,0.0013270816998556
tile_r020067_c008035,2,393.3173828125,515.48779296875,478.0869140625,524.7999877929688,0.0013091504806652
tile_r020067_c008035,2,369.40228271484375,515.4446411132812,448.7967224121094,524.7999877929688,0.0012878671986982
tile_r020067_c008035,2,127.5204086303711,510.99603271484375,194.21484375,517.2015380859375,0.0012724318075925
tile_r020067_c008035,2,290.4745178222656,514.5177001953125,369.1349487304688,524.7999877929688,0.001268992666155
tile_r020067_c008035,2,165.1412353515625,515.6871948242188,240.8977813720703,524.7999877929688,0.001253365422599
tile_r020067_c008035,2,233.33529663085935,102.34953308105467,277.5885314941406,152.75546264648438,0.0012301983078941
tile_r020067_c008035,2,269.44219970703125,346.71588134765625,357.2855834960937,419.0,0.0012254092143848
tile_r020067_c008035,2,514.9619140625,365.68115234375,524.5911865234375,447.8349609375,0.0012113174889236
tile_r020067_c008035,2,4.601202487945557,338.6176147460937,31.02861976623535,373.6012268066406,0.0012056131381541
tile_r020067_c008035,2,38.78946685791016,515.66455078125,118.10916900634766,524.7999877929688,0.0012041867012158
tile_r020067_c008035,2,327.4027709960937,514.7927856445312,410.1890258789063,524.7999877929688,0.0012008710764348
tile_r020067_c008035,2,1.387792944908142,448.4150390625,25.068511962890625,495.4671936035156,0.0011958093382418
tile_r020067_c008035,2,336.10992431640625,297.8328552246094,360.5530700683594,313.6920471191406,0.0011956031667068
tile_r020067_c008035,2,168.5407257080078,88.83504486083984,198.5845642089844,120.21551513671876,0.0011786816176027
tile_r020067_c008035,2,130.5127410888672,503.447265625,190.1453094482422,513.7316284179688,0.0011748552788048
tile_r020067_c008035,2,211.0256805419922,-3.613778591156006,258.0008850097656,2.369973659515381,0.0011592688970267
tile_r020067_c008035,2,206.9209442138672,208.7377166748047,226.58187866210935,232.49533081054688,0.0011561227729544
tile_r020067_c008035,2,121.93497467041016,222.7111053466797,138.55242919921875,245.5491943359375,0.0011470523895695
tile_r020067_c008035,2,514.1744995117188,258.116455078125,524.7999877929688,334.7415466308594,0.0011469988385215
tile_r020067_c008035,2,475.4144592285156,511.8054809570313,524.7999877929688,520.4888916015625,0.0011413025204092
tile_r020067_c008035,2,210.4913024902344,-5.537827968597412,255.4082946777344,1.684722900390625,0.001117258798331
tile_r020067_c008035,2,514.2077026367188,451.98583984375,524.7672729492188,511.7686462402344,0.0011129004415124
tile_r020067_c008035,2,123.1881103515625,514.294677734375,201.24087524414065,523.9863891601562,0.0011117111425846
tile_r020067_c008035,2,297.2518615722656,499.8150329589844,369.9671325683594,511.9697265625,0.0011031043250113
tile_r020067_c008035,2,357.27166748046875,515.5256958007812,434.3497619628906,524.7108154296875,0.0010971068404614
tile_r020067_c008035,2,-12.54397201538086,448.0016479492188,-2.3091514110565186,505.8446350097656,0.001095836632885
tile_r020067_c008035,2,45.68513107299805,399.8303833007813,216.6204071044922,524.7999877929688,0.0010915981838479
tile_r020067_c008035,2,-12.5872220993042,466.1616821289063,-2.7005889415740967,523.7319946289062,0.0010778079740703
tile_r020067_c008035,2,490.2657165527344,16.74337387084961,518.8313598632812,89.91603088378906,0.0010759208817034
tile_r020067_c008035,2,-11.88616180419922,326.8978576660156,-0.0774383544921875,389.8013305664063,0.0010707729961723
tile_r020067_c008035,2,133.394775390625,504.6339721679688,180.4151153564453,512.9568481445312,0.0010666669113561
tile_r020067_c008035,2,207.1342010498047,-11.799657821655272,265.9563293457031,23.8112907409668,0.0010647877352312
tile_r020067_c008035,2,351.3624572753906,501.5833435058594,422.4031677246094,513.0712280273438,0.001056971726939
tile_r020067_c008035,2,287.9942932128906,501.9515686035156,362.8953552246094,513.0355224609375,0.0010540536604821
tile_r020067_c008035,2,99.02922058105467,515.7218017578125,179.2725372314453,524.7999877929688,0.0010535221081227
tile_r020067_c008035,2,514.0633544921875,274.04425048828125,524.7999877929688,347.3017272949219,0.0010518111521378
tile_r020067_c008035,2,514.706787109375,-6.760846138000488,524.6778564453125,50.33152389526367,0.001050378778018
tile_r020067_c008035,2,202.6912078857422,189.5840759277344,252.5921936035156,249.1548309326172,0.0010394288692623
tile_r020067_c008035,2,6.763940334320068,341.01971435546875,37.85031127929688,380.4182739257813,0.0010256398236379
tile_r020067_c008035,2,512.6980590820312,-12.800000190734863,524.5509643554688,0.7679107785224915,0.0010117389028891
tile_r020067_c008035,2,153.3466033935547,298.7886657714844,191.4495849609375,326.50787353515625,0.0010083108209073
tile_r020067_c008291,2,341.46783447265625,418.8824768066406,371.6680908203125,448.1051330566406,0.7017344832420349
tile_r020067_c008291,2,306.93878173828125,58.375953674316406,348.10791015625,95.0092544555664,0.662121593952179
tile_r020067_c008291,2,437.7804565429688,476.7738342285156,481.5107421875,512.7008056640625,0.6558800339698792
tile_r020067_c008291,2,432.4850463867188,99.28125,465.98193359375,128.22036743164062,0.6504737734794617
tile_r020067_c008291,2,24.394287109375,364.4071350097656,63.2525520324707,402.53564453125,0.6496966481208801
tile_r020067_c008291,2,308.4165954589844,196.7872772216797,339.41094970703125,224.85494995117188,0.6461431384086609
tile_r020067_c008291,2,59.8031005859375,438.8158264160156,110.9313507080078,484.7650451660156,0.6444364786148071
tile_r020067_c008291,2,358.1507263183594,121.6570816040039,401.8203125,163.258544921875,0.6332365274429321
tile_r020067_c008291,2,405.3313598632813,367.63970947265625,453.5811462402344,412.204833984375,0.6064544916152954
tile_r020067_c008291,2,383.14361572265625,456.7854614257813,406.5052185058594,477.8641662597656,0.5984659194946289
tile_r020067_c008291,2,387.3251647949219,228.3999938964844,430.251953125,264.47332763671875,0.5831232070922852
tile_r020067_c008291,2,477.58349609375,281.1444702148437,512.39990234375,314.5650939941406,0.5572105050086975
tile_r020067_c008291,2,377.0866088867188,25.74103736877441,409.6127014160156,54.33203125,0.5418714284896851
tile_r020067_c008291,2,85.52452087402344,296.066162109375,105.94091796875,317.1302185058594,0.5334150195121765
tile_r020067_c008291,2,299.681884765625,298.55975341796875,338.8207397460937,338.939208984375,0.4884036481380462
tile_r020067_c008291,2,288.4813537597656,294.1084899902344,338.76055908203125,340.83154296875,0.4189058542251587
tile_r020067_c008291,2,378.9925842285156,29.89535903930664,406.8601684570313,52.5595703125,0.2125367969274521
tile_r020067_c008291,2,341.54107666015625,422.8277893066406,367.0223083496094,446.980712890625,0.1574834287166595
tile_r020067_c008291,2,83.5419692993164,293.5907592773437,109.2357940673828,319.3680114746094,0.131630927324295
tile_r020067_c008291,2,63.81583404541016,380.9187622070313,97.3908920288086,410.1990661621094,0.1210977286100387
tile_r020067_c008291,2,0.3462280333042145,114.08366394042967,22.353002548217773,160.83303833007812,0.1025522425770759
tile_r020067_c008291,2,304.7752380371094,193.1955108642578,341.158935546875,227.7756805419922,0.0682500451803207
tile_r020067_c008291,2,361.6653747558594,126.8218002319336,398.49114990234375,160.39114379882812,0.0659554675221443
tile_r020067_c008291,2,383.2802429199219,222.4536895751953,435.0089721679688,267.9950866699219,0.0606777593493461
tile_r020067_c008291,2,373.9750061035156,22.648853302001957,412.60888671875,57.10391998291016,0.0553598441183567
tile_r020067_c008291,2,0.688067615032196,114.9266128540039,18.027667999267575,143.49130249023438,0.0509376861155033
tile_r020067_c008291,2,309.6723022460937,63.0195426940918,342.8939819335937,92.03662109375,0.0475298352539539
tile_r020067_c008291,2,433.7200622558594,5.797650337219238,456.7237854003906,25.291112899780277,0.0455755293369293
tile_r020067_c008291,2,29.245702743530277,368.8361206054688,60.8497314453125,400.0941467285156,0.0432620532810688
tile_r020067_c008291,2,17.8137149810791,357.91748046875,67.11780548095703,407.8805541992188,0.0410314835608005
tile_r020067_c008291,2,380.915771484375,451.8873596191406,409.6924743652344,480.13970947265625,0.0389552675187587
tile_r020067_c008291,2,399.7046813964844,354.5341186523437,459.3410034179688,415.9680786132813,0.0293627381324768
tile_r020067_c008291,2,443.9548950195313,483.330322265625,479.6253967285156,511.934814453125,0.0245128236711025
tile_r020067_c008291,2,0.9586578607559204,111.1456069946289,28.71553039550781,162.6641387939453,0.0228296294808387
tile_r020067_c008291,2,63.414039611816406,445.3533630371094,107.5572280883789,482.06549072265625,0.0213067233562469
tile_r020067_c008291,2,389.97015380859375,232.0016632080078,423.5650939941406,260.3804626464844,0.0202853437513113
tile_r020067_c008291,2,309.7377014160156,200.9048767089844,334.74334716796875,223.4413146972656,0.0200009271502494
tile_r020067_c008291,2,433.7880859375,102.3765106201172,461.5083923339844,124.7660140991211,0.0196238979697227
tile_r020067_c008291,2,337.6048889160156,412.0974731445313,375.9044799804688,451.1083984375,0.0190887637436389
tile_r020067_c008291,2,54.48980712890625,430.4470825195313,116.6923828125,492.0902404785156,0.0186980068683624
tile_r020067_c008291,2,353.2103576660156,115.7900161743164,406.6290893554688,168.3383026123047,0.0185542907565832
tile_r020067_c008291,2,0.7603057622909546,129.87326049804688,20.766305923461918,160.8294219970703,0.0177666377276182
tile_r020067_c008291,2,1.152227759361267,115.2495346069336,22.893482208251957,148.85836791992188,0.0161494556814432
tile_r020067_c008291,2,437.2084045410156,105.3938217163086,464.2111206054688,126.8807373046875,0.0149435056373476
tile_r020067_c008291,2,432.3119201660156,467.49072265625,489.1048889160156,515.46142578125,0.0147165572270751
tile_r020067_c008291,2,303.14813232421875,301.7716369628906,334.46063232421875,336.838134765625,0.0134409964084625
tile_r020067_c008291,2,480.4815368652344,284.2581481933594,509.2434692382813,309.83697509765625,0.0130111426115036
tile_r020067_c008291,2,427.7608947753906,92.1682357788086,468.268798828125,131.27059936523438,0.0123093640431761
tile_r020067_c008291,2,409.1773376464844,373.1629333496094,450.3738403320313,409.36431884765625,0.0119011644273996
tile_r020067_c008291,2,69.38029479980469,384.9896545410156,97.0522232055664,407.1206665039063,0.0118996389210224
tile_r020067_c008291,2,393.47021484375,232.619384765625,431.3966674804688,261.5848083496094,0.0100006880238652
tile_r020067_c008291,2,61.90349197387695,376.2972717285156,101.22731018066406,413.13720703125,0.0095358435064554
tile_r020067_c008291,2,299.54266357421875,49.70512771606445,353.57745361328125,101.2394027709961,0.0085356058552861
tile_r020067_c008291,2,486.5199279785156,285.36639404296875,513.8567504882812,311.40155029296875,0.0069450517185032
tile_r020067_c008291,2,430.4893493652344,2.857962131500244,458.8601684570313,28.57602310180664,0.0060332082211971
tile_r020067_c008291,2,277.76629638671875,288.01812744140625,340.6778869628906,345.8021850585937,0.0054744072258472
tile_r020067_c008291,2,0.5884750485420227,164.90658569335938,30.559778213500977,215.3497772216797,0.0049473922699689
tile_r020067_c008291,2,2.771157741546631,134.4492645263672,22.97773742675781,162.33975219726562,0.0048938719555735
tile_r020067_c008291,2,380.2005004882813,458.15185546875,399.8744201660156,476.1544799804688,0.0047270744107663
tile_r020067_c008291,2,1.8988068103790283,113.61604309082033,20.564769744873047,136.8775177001953,0.0045621255412697
tile_r020067_c008291,2,0.8000030517578125,120.4894561767578,18.056884765625,162.793701171875,0.0040845242328941
tile_r020067_c008291,2,308.4889221191406,201.431396484375,327.3847045898437,222.31704711914065,0.0039179972372949
tile_r020067_c008291,2,-11.87189483642578,364.7703247070313,-0.8935775756835938,428.91943359375,0.0037906491197645
tile_r020067_c008291,2,-11.787038803100586,354.1283569335937,-0.8062804937362671,417.675537109375,0.0037463156040757
tile_r020067_c008291,2,345.78863525390625,110.6187744140625,410.86529541015625,174.2105255126953,0.0036286334507167
tile_r020067_c008291,2,378.292236328125,31.896154403686523,401.203857421875,51.73918533325195,0.0036236476153135
tile_r020067_c008291,2,-4.12885046005249,108.8836669921875,5.974713325500488,155.8762969970703,0.0034547070972621
tile_r020067_c008291,2,384.0672912597656,29.204456329345703,409.3888549804688,51.3497200012207,0.0033214916475117
tile_r020067_c008291,2,281.5387878417969,296.86688232421875,313.41021728515625,329.01953125,0.003015355207026
tile_r020067_c008291,2,472.89404296875,271.037353515625,515.53466796875,320.8916931152344,0.0029064489062875
tile_r020067_c008291,2,373.903564453125,216.7016143798828,442.0177307128906,278.27740478515625,0.0027933043893426
tile_r020067_c008291,2,-11.42344570159912,168.46688842773438,-2.056475877761841,235.6234436035156,0.0026667464990168
tile_r020067_c008291,2,-11.963817596435549,374.3693237304688,-0.8978058099746704,444.0740356445313,0.0026637779083102
tile_r020067_c008291,2,-11.935385704040527,460.1876831054688,-1.2404876947402954,516.9840087890625,0.0025192520115524
tile_r020067_c008291,2,376.43603515625,448.20159912109375,411.3193359375,481.6739807128906,0.0025115113239735
tile_r020067_c008291,2,-9.604516983032228,102.34065246582033,14.493047714233398,168.83273315429688,0.0024800403043627
tile_r020067_c008291,2,513.94287109375,-12.800000190734863,524.78564453125,50.94857025146485,0.0023384320084005
tile_r020067_c008291,2,-12.559494018554688,110.134765625,-5.75421142578125,161.4163818359375,0.002333904383704
tile_r020067_c008291,2,-11.853581428527832,339.7543029785156,-0.4751693606376648,406.2522888183594,0.0023060434032231
tile_r020067_c008291,2,-11.8833589553833,402.3986206054688,-0.6243133544921875,467.5816345214844,0.0023000761866569
tile_r020067_c008291,2,-11.92430305480957,427.7460021972656,-0.5311782956123352,491.2351684570313,0.0022777533158659
tile_r020067_c008291,2,-3.289303541183472,112.940673828125,23.757030487060547,168.10336303710938,0.0022185007110238
tile_r020067_c008291,2,522.147216796875,276.1923217773437,524.206787109375,332.20233154296875,0.0021926204208284
tile_r020067_c008291,2,400.9295959472656,513.4949340820312,479.2179565429688,524.7999877929688,0.0021634651347994
tile_r020067_c008291,2,439.2771606445313,489.3743286132813,475.4775390625,512.13134765625,0.0021279682405292
tile_r020067_c008291,2,-11.953712463378906,387.4009094238281,-0.833508312702179,458.4592895507813,0.0021140770986676
tile_r020067_c008291,2,10.855737686157228,515.1566162109375,90.64090728759766,524.7999877929688,0.0021089259535074
tile_r020067_c008291,2,428.3469848632813,0.5467742681503296,460.0936584472656,23.824050903320312,0.0020890694577246
tile_r020067_c008291,2,-11.901063919067385,413.9966735839844,-0.4085800051689148,478.9183654785156,0.0020740455947816
tile_r020067_c008291,2,179.83970642089844,515.2320556640625,258.01617431640625,524.7999877929688,0.0020480002276599
tile_r020067_c008291,2,431.0157165527344,3.013598680496216,457.7643432617188,21.575946807861328,0.0020437350030988
tile_r020067_c008291,2,510.1173706054688,281.7130126953125,519.8951416015625,319.69879150390625,0.0019688273314386
tile_r020067_c008291,2,-11.912101745605469,330.79119873046875,-0.5111221075057983,388.82855224609375,0.0019620284438133
tile_r020067_c008291,2,0.819293200969696,379.3783264160156,34.150779724121094,441.4075317382813,0.0019594521727412
tile_r020067_c008291,2,-11.621195793151855,198.063720703125,-1.7649719715118408,261.17291259765625,0.0019452596316114
tile_r020067_c008291,2,509.8228454589844,265.32830810546875,523.8233642578125,323.69122314453125,0.0019259306136518
tile_r020067_c008291,2,-2.57422947883606,104.0340576171875,40.2106819152832,174.1427001953125,0.0018828158499673
tile_r020067_c008291,2,402.5070190429688,345.02117919921875,462.8172912597656,399.8910217285156,0.0018806904554367
tile_r020067_c008291,2,365.1041564941406,12.474194526672363,420.9963989257813,69.3170394897461,0.001872950582765
tile_r020067_c008291,2,265.24737548828125,511.3384704589844,336.4278869628906,520.5501098632812,0.0018681715009734
tile_r020067_c008291,2,264.23974609375,515.5873413085938,348.4649353027344,524.7999877929688,0.0018633990548551
tile_r020067_c008291,2,340.2823181152344,424.7567443847656,358.3356018066406,446.4137573242188,0.0018587807426229
tile_r020067_c008291,2,270.7997436523437,278.350341796875,348.6261291503906,353.7533264160156,0.0018562123877927
tile_r020067_c008291,2,260.3779296875,510.98095703125,331.41571044921875,518.8460083007812,0.0018429575720801
tile_r020067_c008291,2,-10.712003707885742,116.5051727294922,-0.4630493223667145,178.584716796875,0.0018307012505829
tile_r020067_c008291,2,-12.10199737548828,488.6206970214844,3.648581027984619,524.7999877929688,0.0018279361538589
tile_r020067_c008291,2,2.2273802757263184,409.4505004882813,30.916667938232425,460.3838806152344,0.0018149473471567
tile_r020067_c008291,2,297.7516784667969,187.51705932617188,348.2746276855469,237.184326171875,0.001788574270904
tile_r020067_c008291,2,46.1627197265625,496.0862426757813,116.2607879638672,511.58935546875,0.0017854236066341
tile_r020067_c008291,2,445.0332946777344,106.123291015625,465.2868041992188,124.388427734375,0.0017682819161564
tile_r020067_c008291,2,-11.52657985687256,180.05758666992188,-1.9228515625,249.00808715820312,0.0017407136037945
tile_r020067_c008291,2,-11.897929191589355,310.91070556640625,-0.8793746829032898,371.17431640625,0.0017406571423634
tile_r020067_c008291,2,227.1405334472656,515.5904541015625,308.62957763671875,524.7999877929688,0.0017378323245793
tile_r020067_c008291,2,1.0170166492462158,417.4754943847656,32.1640510559082,471.0819396972656,0.001706019625999
tile_r020067_c008291,2,-11.807388305664062,212.05615234375,-1.5563033819198608,274.2213439941406,0.0017009282018989
tile_r020067_c008291,2,-12.664306640625,120.9296875,-4.465092658996582,174.98605346679688,0.0017002746462821
tile_r020067_c008291,2,-10.043853759765623,110.2944107055664,4.283349514007568,172.8389892578125,0.0016932324506342
tile_r020067_c008291,2,-0.6522156000137329,425.48876953125,35.305076599121094,484.5713806152344,0.0016748058842495
tile_r020067_c008291,2,156.23094177246094,515.4501953125,233.8402404785156,524.7999877929688,0.0016722788568586
tile_r020067_c008291,2,-11.251249313354492,146.6746368408203,-2.5872802734375,217.3007049560547,0.0016632123151794
tile_r020067_c008291,2,90.3305435180664,294.9933166503906,116.95124816894533,319.571044921875,0.0016298029804602
tile_r020067_c008291,2,276.4022827148437,516.2681274414062,360.69378662109375,524.7999877929688,0.0016243003774434
tile_r020067_c008291,2,-12.46948528289795,101.7156219482422,-5.833448886871338,149.08450317382812,0.0015801513800397
tile_r020067_c008291,2,57.2130012512207,479.0746154785156,110.4674301147461,509.3154296875,0.0015570793766528
tile_r020067_c008291,2,451.7536010742188,512.8182373046875,520.5739135742188,524.7999877929688,0.0015272595919668
tile_r020067_c008291,2,213.383544921875,515.56640625,295.1771850585937,524.7999877929688,0.0015019529964774
tile_r020067_c008291,2,-0.867584228515625,121.1302490234375,32.63222122192383,199.22604370117188,0.0014937302330508
tile_r020067_c008291,2,504.91839599609375,276.3471069335937,520.497802734375,319.7742614746094,0.0014911259058862
tile_r020067_c008291,2,466.7644653320313,269.8058166503906,519.513671875,327.3851928710937,0.0014753156574442
tile_r020067_c008291,2,-4.339953422546387,155.37698364257812,24.093652725219727,222.9637451171875,0.0014580693095922
tile_r020067_c008291,2,87.31607818603516,515.1473388671875,166.46165466308594,524.7999877929688,0.0014499513199552
tile_r020067_c008291,2,431.1853637695313,5.456655979156494,452.1085815429688,23.689584732055664,0.001440699910745
tile_r020067_c008291,2,-4.347158908843994,104.031005859375,4.331259250640869,150.61312866210938,0.0014322377974167
tile_r020067_c008291,2,-0.1104461699724197,99.00422668457033,32.52121353149414,158.72653198242188,0.0014299291651695
tile_r020067_c008291,2,521.7479858398438,270.38970947265625,524.4215087890625,327.7427978515625,0.00142963451799
tile_r020067_c008291,2,2.013336181640625,515.9764404296875,77.54228973388672,524.7999877929688,0.0014289538376033
tile_r020067_c008291,2,391.3543395996094,349.78106689453125,468.2815856933594,426.165283203125,0.001425301306881
tile_r020067_c008291,2,34.43523025512695,514.5807495117188,113.2510986328125,524.7999877929688,0.0013831015676259
tile_r020067_c008291,2,-5.116247653961182,113.9234619140625,2.2086730003356934,167.29348754882812,0.0013780849985778
tile_r020067_c008291,2,198.3053741455078,515.5877075195312,282.8766174316406,524.7999877929688,0.0013595127966254
tile_r020067_c008291,2,0.3175857663154602,392.8139343261719,32.46095657348633,456.2686462402344,0.0013520077336579
tile_r020067_c008291,2,80.1270751953125,298.4371643066406,104.02742004394533,314.06207275390625,0.0013441240880638
tile_r020067_c008291,2,137.35787963867188,515.5335693359375,222.95364379882807,524.7999877929688,0.001341676688753
tile_r020067_c008291,2,113.233154296875,515.3907470703125,193.027587890625,524.7999877929688,0.0013284188462421
tile_r020067_c008291,2,218.7021026611328,356.6517028808594,249.71517944335935,386.40570068359375,0.0013279799604788
tile_r020067_c008291,2,454.4701232910156,478.8909301757813,480.1769409179688,504.21337890625,0.0013174772029742
tile_r020067_c008291,2,-1.0022475719451904,176.54095458984375,35.3278923034668,243.09799194335935,0.0013157411012798
tile_r020067_c008291,2,514.1217651367188,-3.494128465652466,524.7999877929688,76.96712493896484,0.001308849430643
tile_r020067_c008291,2,71.13236999511719,514.7713012695312,154.276123046875,524.7999877929688,0.0013044072547927
tile_r020067_c008291,2,278.413818359375,518.6115112304688,334.7814025878906,524.7999877929688,0.0013020545011386
tile_r020067_c008291,2,-11.949941635131836,225.2969207763672,-1.6756393909454346,288.72589111328125,0.0012959691230207
tile_r020067_c008291,2,286.9452514648437,413.8263549804688,378.81781005859375,516.1697998046875,0.001242775353603
tile_r020067_c008291,2,32.337379455566406,502.0467834472656,107.49015808105467,513.0291748046875,0.0012405709130689
tile_r020067_c008291,2,-11.307809829711914,21.400075912475582,-1.3713500499725342,77.32270812988281,0.0012309877201914
tile_r020067_c008291,2,-11.968232154846191,255.1064910888672,-1.480564832687378,314.12603759765625,0.0012260420480743
tile_r020067_c008291,2,419.8998107910156,0.350668340921402,459.0078125,28.678237915039062,0.0012206604005768
tile_r020067_c008291,2,-11.991665840148926,266.2345886230469,-1.2930786609649658,325.6264343261719,0.0012156199663877
tile_r020067_c008291,2,240.10281372070312,515.3473510742188,320.7150573730469,524.7999877929688,0.0012085899943485
tile_r020067_c008291,2,-11.94070816040039,295.76123046875,-1.1252883672714231,360.3410034179688,0.0012070932425558
tile_r020067_c008291,2,14.820520401000977,355.5838317871094,96.3116683959961,413.77825927734375,0.00118490064051
tile_r020067_c008291,2,-11.974138259887695,241.4740753173828,-1.589929223060608,303.1082458496094,0.0011808082927018
tile_r020067_c008291,2,481.6155395507813,517.2547607421875,524.7999877929688,524.716552734375,0.0011792172444984
tile_r020067_c008291,2,415.7595825195313,486.1280212402344,486.7800903320313,513.6012573242188,0.0011636867420747
tile_r020067_c008291,2,364.2732543945313,218.7089080810547,428.5951232910156,290.7378234863281,0.0011635903501883
tile_r020067_c008291,2,101.0309829711914,515.4779052734375,178.4471893310547,524.7296752929688,0.0011591446818783
tile_r020067_c008291,2,297.0708312988281,44.227272033691406,358.9376220703125,114.37100982666016,0.0011581365251913
tile_r020067_c008291,2,41.685585021972656,499.88134765625,114.19010925292967,511.9299926757813,0.0011530366027727
tile_r020067_c008291,2,-12.54624080657959,153.9926300048828,-3.2859787940979004,210.6166076660156,0.0011488611344248
tile_r020067_c008291,2,-11.235511779785156,126.5212860107422,-2.1044585704803467,200.34957885742188,0.0011390559375286
tile_r020067_c008291,2,8.903379440307617,48.84584426879883,30.340221405029297,70.21145629882812,0.0011324303923174
tile_r020067_c008291,2,-12.548184394836426,137.1658935546875,-3.592463731765747,187.4400634765625,0.0011301521444693
tile_r020067_c008291,2,8.552700996398926,348.7542419433594,77.01883697509766,414.03656005859375,0.0011263431515544
tile_r020067_c008291,2,426.8360290527344,471.27490234375,494.8885803222656,522.5838623046875,0.0011245238129049
tile_r020067_c008291,2,252.64566040039065,515.0172119140625,333.141357421875,524.5428466796875,0.0011197061976417
tile_r020067_c008291,2,514.3983764648438,12.456995010375977,524.7999877929688,88.5606918334961,0.0011191458906978
tile_r020067_c008291,2,-12.55152988433838,167.0483856201172,-3.22158432006836,222.501220703125,0.0010902833892032
tile_r020067_c008291,2,95.0818328857422,501.57073974609375,166.66610717773438,513.069091796875,0.0010843301424756
tile_r020067_c008291,2,-12.51895236968994,185.75277709960935,-2.9002556800842285,241.9063415527344,0.001077665365301
tile_r020067_c008291,2,384.2223205566406,515.8004760742188,456.4602966308594,524.7999877929688,0.0010740329744294
tile_r020067_c008291,2,10.955004692077637,-7.078210353851318,132.2061004638672,112.08203125,0.0010731652146205
tile_r020067_c008291,2,513.5848388671875,-12.800000190734863,524.3883666992188,8.915804862976074,0.0010727297049015
tile_r020067_c008291,2,2.775750637054444,359.9729919433594,52.28403472900391,428.19281005859375,0.0010395660065114
tile_r020067_c008291,2,171.7132110595703,343.3282165527344,282.5614013671875,472.5994262695313,0.0010274172527715
tile_r020067_c008291,2,395.14984130859375,499.7796020507813,445.0201110839844,512.1580810546875,0.0010249795159325
tile_r020067_c008291,2,262.1346130371094,403.2901916503906,381.4903259277344,519.7232666015625,0.0010247378377243
tile_r020067_c008291,2,-0.1082290634512901,141.61355590820312,42.5489616394043,223.7533416748047,0.0010204901918768
tile_r020067_c008291,2,5.803063869476318,45.611061096191406,30.716588973999023,84.4957275390625,0.0010180284734815
tile_r020067_c008291,2,-8.795969009399414,351.447509765625,21.39731979370117,434.63714599609375,0.0010155094787478
tile_r020067_c008291,2,1.6014633178710938,46.3958625793457,32.121376037597656,94.87247467041016,0.0010153768816962
tile_r020067_c008291,2,412.0928649902344,368.2601623535156,451.5227661132813,396.1128845214844,0.0010138370562344
tile_r020067_c008291,2,478.3036193847656,282.5033569335937,502.2122192382813,303.1260681152344,0.0010134049225598
tile_r020067_c008291,2,52.75748443603516,492.9943237304688,125.33135986328124,511.9945373535156,0.0010098760249093
tile_r020067_c008291,2,56.28608322143555,513.5115356445312,139.11453247070312,524.7999877929688,0.0010079737985506
tile_r020067_c008291,2,515.9664306640625,257.2784118652344,524.7999877929688,337.0360412597656,0.0010064676171168
tile_r020067_c008291,2,-11.996641159057615,277.6675720214844,-1.1865097284317017,341.90106201171875,0.0010011900449171
tile_r020067_c008291,2,59.78115081787109,366.892578125,106.6443328857422,416.0196228027344,0.0010001003975048
tile_r020067_c008547,2,469.6863403320313,97.0036849975586,515.6796875,147.4977264404297,0.6963818669319153
tile_r020067_c008547,2,85.75418853759766,419.28076171875,115.35298919677734,447.9153442382813,0.6856273412704468
tile_r020067_c008547,2,51.38019943237305,58.784812927246094,91.7795639038086,94.5641860961914,0.6606673002243042
tile_r020067_c008547,2,176.4576873779297,99.10997009277344,210.0514373779297,128.26632690429688,0.6569018959999084
tile_r020067_c008547,2,181.56808471679688,476.8084106445313,225.7341766357422,512.5719604492188,0.6489639282226562
tile_r020067_c008547,2,104.1072235107422,123.52779388427734,146.60507202148438,163.57492065429688,0.6396142244338989
tile_r020067_c008547,2,52.73894119262695,197.046875,83.2445068359375,224.6115264892578,0.6265817880630493
tile_r020067_c008547,2,149.3712158203125,368.2476501464844,197.1354522705078,411.6368713378906,0.6048704385757446
tile_r020067_c008547,2,127.3209457397461,456.9541015625,150.3355712890625,477.7564392089844,0.5930014848709106
tile_r020067_c008547,2,131.4748992919922,228.4690704345703,174.166015625,264.3319091796875,0.5812070369720459
tile_r020067_c008547,2,121.09016418457033,25.8067684173584,153.55807495117188,54.29611206054688,0.5411157608032227
tile_r020067_c008547,2,44.14225006103516,299.123046875,82.28410339355469,338.2826232910156,0.4916609525680542
tile_r020067_c008547,2,284.627197265625,438.0231323242188,316.27105712890625,467.8516540527344,0.4815995097160339
tile_r020067_c008547,2,221.0467834472656,280.072265625,266.07666015625,315.7875061035156,0.4615892767906189
tile_r020067_c008547,2,408.62890625,81.31795501708984,448.9529418945313,114.03816986083984,0.4534615576267242
tile_r020067_c008547,2,29.19449806213379,293.5770874023437,82.07472229003906,341.098876953125,0.4148063063621521
tile_r020067_c008547,2,122.97914123535156,29.957372665405277,150.84432983398438,52.565391540527344,0.2207842618227005
tile_r020067_c008547,2,404.447265625,77.73643493652344,450.5726623535156,119.39388275146484,0.2172505557537078
tile_r020067_c008547,2,86.10382080078125,423.2562561035156,110.71529388427734,446.6650390625,0.1664036512374878
tile_r020067_c008547,2,474.09967041015625,103.7965850830078,513.3335571289062,143.9993896484375,0.1165139824151992
tile_r020067_c008547,2,280.4696044921875,432.35595703125,317.9496765136719,471.1649475097656,0.1035513952374458
tile_r020067_c008547,2,229.5981903076172,285.377685546875,265.8473205566406,313.2513122558594,0.0799606516957283
tile_r020067_c008547,2,288.62335205078125,442.3984375,315.4600524902344,466.0849609375,0.0771357715129852
tile_r020067_c008547,2,217.1138610839844,275.21563720703125,270.79180908203125,321.560546875,0.0706610605120658
tile_r020067_c008547,2,49.43315505981445,193.5767059326172,85.735107421875,228.06332397460935,0.0698311403393745
tile_r020067_c008547,2,127.46109771728516,222.4475555419922,179.09095764160156,267.9034729003906,0.0620149299502372
tile_r020067_c008547,2,53.98271560668945,63.323875427246094,86.6644287109375,91.67967224121094,0.0564175657927989
tile_r020067_c008547,2,99.4321746826172,117.5931396484375,149.7008056640625,167.4059295654297,0.0559151619672775
tile_r020067_c008547,2,125.2060089111328,452.0501098632813,153.55770874023438,480.06005859375,0.0331478603184223
tile_r020067_c008547,2,177.39193725585938,5.554435729980469,201.303466796875,25.4664363861084,0.0271393209695816
tile_r020067_c008547,2,144.12255859375,355.2123107910156,202.8800048828125,415.8536987304688,0.0247182287275791
tile_r020067_c008547,2,134.0587158203125,232.0443420410156,167.45352172851562,260.2445678710937,0.0243239365518093
tile_r020067_c008547,2,187.7540740966797,483.38916015625,223.70339965820312,511.8916931152344,0.0220993068069219
tile_r020067_c008547,2,177.7358856201172,102.2567901611328,205.6093292236328,124.86865234375,0.0216998681426048
tile_r020067_c008547,2,53.9531364440918,201.1772918701172,78.52547454833984,223.2688446044922,0.0206453558057546
tile_r020067_c008547,2,82.05513000488281,412.3794860839844,119.4671630859375,450.9790954589844,0.0178255327045917
tile_r020067_c008547,2,116.75993347167967,22.907825469970703,156.8910369873047,59.4774055480957,0.0170431770384311
tile_r020067_c008547,2,176.1223602294922,467.6728515625,233.5927734375,515.3624877929688,0.0169410519301891
tile_r020067_c008547,2,181.20297241210935,105.3672103881836,208.33724975585935,126.8835220336914,0.0157231725752353
tile_r020067_c008547,2,108.7426300048828,127.28752136230467,143.3515625,160.6839599609375,0.0134432725608348
tile_r020067_c008547,2,47.66961669921875,302.1996154785156,78.08726501464844,336.2933654785156,0.0130898728966712
tile_r020067_c008547,2,171.47340393066406,91.8905258178711,212.8227081298828,131.35848999023438,0.0126093439757823
tile_r020067_c008547,2,464.8839721679688,89.09394836425781,518.171875,153.62515258789062,0.0119409076869487
tile_r020067_c008547,2,137.61077880859375,232.6519012451172,175.38650512695312,261.45074462890625,0.01008518692106
tile_r020067_c008547,2,399.5901489257813,73.19378662109375,455.1405334472656,124.96773529052734,0.0066366693936288
tile_r020067_c008547,2,44.43205642700195,49.7005615234375,96.9404754638672,100.0192642211914,0.0063692717812955
tile_r020067_c008547,2,155.8260955810547,373.44732666015625,195.95114135742188,408.2213439941406,0.005553784314543
tile_r020067_c008547,2,124.1977081298828,458.3534240722656,143.8056182861328,475.9999084472656,0.00496845273301
tile_r020067_c008547,2,-11.674882888793944,29.79382705688477,-1.1436691284179688,97.5966567993164,0.0040260921232402
tile_r020067_c008547,2,122.28874206542967,31.96146583557129,145.2481689453125,51.7181510925293,0.0037974959705024
tile_r020067_c008547,2,52.60337066650391,201.6504669189453,71.1959457397461,222.03665161132807,0.0036972784437239
tile_r020067_c008547,2,237.2931365966797,287.61749267578125,268.7122802734375,312.73443603515625,0.00369408656843
tile_r020067_c008547,2,409.3792114257813,84.97917175292969,439.54931640625,110.6216812133789,0.0036555994302034
tile_r020067_c008547,2,89.9853744506836,111.07427978515624,154.7506103515625,174.20367431640625,0.0034490446560084
tile_r020067_c008547,2,27.34465980529785,299.0709533691406,55.27085494995117,327.75518798828125,0.0033250784035772
tile_r020067_c008547,2,-11.643940925598145,6.589447021484375,-0.9825790524482728,70.82688903808594,0.0032449765130877
tile_r020067_c008547,2,-11.648404121398926,15.9244384765625,-0.9958953857421876,86.42569732666016,0.0031425536144524
tile_r020067_c008547,2,128.0865478515625,29.22895812988281,153.4152069091797,51.35004806518555,0.0030134576372802
tile_r020067_c008547,2,486.6048889160156,81.18966674804688,524.33984375,155.0218963623047,0.0029871559236198
tile_r020067_c008547,2,476.3607482910156,99.5605926513672,513.0267333984375,135.94692993164062,0.0029644772876054
tile_r020067_c008547,2,415.0262756347656,86.1685791015625,447.7518615722656,111.795166015625,0.0029567442834377
tile_r020067_c008547,2,-11.803123474121094,52.908241271972656,-1.503330945968628,119.52610778808594,0.0027736548800021
tile_r020067_c008547,2,174.038818359375,2.0612196922302246,203.9873962402344,28.667150497436523,0.002618444385007
tile_r020067_c008547,2,1.3538070917129517,32.96308517456055,31.940771102905277,88.5352783203125,0.0026152718346565
tile_r020067_c008547,2,-11.634016036987305,3.16204833984375,-0.9325057864189148,53.84332275390625,0.0026096696965396
tile_r020067_c008547,2,2.041989088058472,27.2917423248291,29.98038101196289,78.18671417236328,0.0025698191020637
tile_r020067_c008547,2,118.1140594482422,216.79409790039065,186.1787109375,278.2968139648437,0.0024764980189502
tile_r020067_c008547,2,-0.041088867932558,41.876747131347656,34.188865661621094,103.03851318359376,0.0023486642166972
tile_r020067_c008547,2,-2.814034938812256,109.473876953125,32.981937408447266,174.61959838867188,0.0023381460923701
tile_r020067_c008547,2,189.0218963623047,106.1346664428711,209.16500854492188,124.41658020019533,0.0022734606172889
tile_r020067_c008547,2,215.9445343017578,514.9674682617188,294.14996337890625,524.3971557617188,0.0021894169040024
tile_r020067_c008547,2,84.6519546508789,425.0936584472656,102.28092956542967,446.0450134277344,0.0020453394390642
tile_r020067_c008547,2,183.0829315185547,489.5179748535156,219.9745330810547,512.1357421875,0.002020989311859
tile_r020067_c008547,2,305.80694580078125,514.4298095703125,386.5061645507813,524.46923828125,0.0020080006215721
tile_r020067_c008547,2,458.4300842285156,94.59765625,518.2197265625,167.72225952148438,0.0020040704403072
tile_r020067_c008547,2,145.43856811523438,513.3521118164062,223.6795959472656,524.7999877929688,0.0020010017324239
tile_r020067_c008547,2,344.63775634765625,515.443603515625,425.1844177246094,524.7999877929688,0.001993830082938
tile_r020067_c008547,2,-11.878399848937988,64.4377670288086,-1.5810165405273438,134.27474975585938,0.00198262068443
tile_r020067_c008547,2,-0.9951461553573608,55.40421295166016,35.34037399291992,119.17689514160156,0.0019461356569081
tile_r020067_c008547,2,320.4710998535156,514.76318359375,399.10150146484375,524.6329345703125,0.0019188264850527
tile_r020067_c008547,2,240.4757843017578,514.5191650390625,320.30938720703125,524.6339721679688,0.0019001114415004
tile_r020067_c008547,2,291.346435546875,514.0687255859375,372.515869140625,524.5144653320312,0.0018782233819365
tile_r020067_c008547,2,-11.735003471374512,156.75723266601562,-0.49822998046875,222.2190399169922,0.0017635427648201
tile_r020067_c008547,2,109.0230484008789,12.768463134765623,164.9287109375,69.51051330566406,0.0016987076960504
tile_r020067_c008547,2,-3.430680751800537,87.16199493408203,35.70923614501953,149.5310821533203,0.0016691382043063
tile_r020067_c008547,2,301.9151306152344,35.09654998779297,326.4210510253906,55.48030853271485,0.0016285295132547
tile_r020067_c008547,2,235.7466278076172,501.6124877929688,294.3844299316406,512.58203125,0.0016212990740314
tile_r020067_c008547,2,191.76097106933597,513.9098510742188,280.9225158691406,524.7999877929688,0.0016077528707683
tile_r020067_c008547,2,277.6739501953125,424.2440490722656,321.3199462890625,475.4129028320313,0.0016058289911597
tile_r020067_c008547,2,146.2224884033203,344.95806884765625,206.6907501220703,399.5846252441406,0.0015907123452052
tile_r020067_c008547,2,267.03778076171875,513.9681396484375,345.26873779296875,524.426025390625,0.0015718693612143
tile_r020067_c008547,2,42.51743316650391,188.41998291015625,91.5141830444336,237.0180206298828,0.0015677185729146
tile_r020067_c008547,2,18.318456649780277,278.4861755371094,89.72172546386719,344.58746337890625,0.0015573588898405
tile_r020067_c008547,2,119.62239837646484,444.5381774902344,160.42669677734375,485.3291015625,0.0014855454210191
tile_r020067_c008547,2,174.705322265625,2.657745361328125,202.40512084960935,21.21637535095215,0.0014374295715242
tile_r020067_c008547,2,170.67361450195312,-0.0642570480704307,205.4283447265625,22.211109161376957,0.0014246575301513
tile_r020067_c008547,2,-1.780126929283142,70.42020416259766,35.36865234375,132.69192504882812,0.0014116867678239
tile_r020067_c008547,2,198.1197967529297,478.8643493652344,224.3705291748047,504.2703247070313,0.0014106089947745
tile_r020067_c008547,2,1.600489854812622,170.3621063232422,29.442249298095703,208.9517059326172,0.0013828737428411
tile_r020067_c008547,2,23.9157829284668,516.2171630859375,103.1076431274414,524.7999877929688,0.0013789461227133
tile_r020067_c008547,2,468.7830200195313,46.77313232421875,516.4080200195312,102.5445785522461,0.0013491965364664
tile_r020067_c008547,2,211.7205352783203,267.0322265625,275.53826904296875,333.2400817871094,0.0013394890120252
tile_r020067_c008547,2,-11.976694107055664,165.4952392578125,-0.06036376953125,238.5337677001953,0.0013363118050619
tile_r020067_c008547,2,-12.03195571899414,77.72821044921875,-1.1143798828125,150.16607666015625,0.0013185937423259
tile_r020067_c008547,2,137.7325897216797,348.0204467773437,215.4359130859375,424.62396240234375,0.0013087316183373
tile_r020067_c008547,2,11.2999849319458,515.7555541992188,91.36769104003906,524.76123046875,0.0012635454768314
tile_r020067_c008547,2,152.81869506835938,372.5818786621094,185.0985412597656,407.16650390625,0.0012509974185377
tile_r020067_c008547,2,221.6670837402344,282.4393005371094,251.7429656982422,307.7015991210937,0.001246488885954
tile_r020067_c008547,2,4.295453071594238,187.8636932373047,23.15555953979492,207.28933715820312,0.0012210992863401
tile_r020067_c008547,2,-0.548779308795929,184.0966033935547,37.54410934448242,242.23709106445312,0.0012161342892795
tile_r020067_c008547,2,0.339996337890625,177.8751983642578,34.37705612182617,225.33334350585935,0.0012151645496487
tile_r020067_c008547,2,267.0553894042969,422.6018676757813,325.0705871582031,483.17919921875,0.0011984982993453
tile_r020067_c008547,2,513.6754150390625,393.8649291992188,524.7999877929688,460.2623901367188,0.001190667389892
tile_r020067_c008547,2,476.398681640625,16.732349395751953,520.6199951171875,92.83316802978516,0.0011894562048837
tile_r020067_c008547,2,365.1431274414063,106.96116638183594,406.73236083984375,144.89678955078125,0.0011742969509214
tile_r020067_c008547,2,-12.098623275756836,179.5376434326172,-0.433013916015625,248.70864868164065,0.0011681981850415
tile_r020067_c008547,2,7.208920478820801,511.297607421875,74.81492614746094,518.3348388671875,0.0011625040788203
tile_r020067_c008547,2,516.2052612304688,26.52364158630371,524.7999877929688,107.00331115722656,0.0011606987100094
tile_r020067_c008547,2,368.8818054199219,515.5623168945312,449.8388671875,524.7999877929688,0.0011545671150088
tile_r020067_c008547,2,2.5610077381134038,180.43218994140625,22.43548583984375,208.4907684326172,0.0011195857077836
tile_r020067_c008547,2,160.23348999023438,485.54095458984375,231.5049285888672,513.6055297851562,0.0011157436529174
tile_r020067_c008547,2,478.1678771972656,100.1809310913086,510.06396484375,128.5482177734375,0.001107630203478
tile_r020067_c008547,2,397.7844848632813,512.1378173828125,464.2770385742188,523.48583984375,0.0011040632380172
tile_r020067_c008547,2,10.393035888671877,511.7705993652344,80.40459442138672,520.16455078125,0.0011004159459844
tile_r020067_c008547,2,107.9517593383789,219.05941772460935,171.8988800048828,289.5865173339844,0.0010998725192621
tile_r020067_c008547,2,391.8512573242188,61.4246711730957,479.4110412597656,169.01260375976562,0.0010997829958796
tile_r020067_c008547,2,23.4764404296875,518.7879028320312,78.6761703491211,524.7999877929688,0.0010995744960382
tile_r020067_c008547,2,160.10263061523438,0.3711532652378082,203.37515258789065,28.859094619750977,0.001099485438317
tile_r020067_c008547,2,239.1111297607422,505.43408203125,304.5611267089844,512.3026123046875,0.0010934934252873
tile_r020067_c008547,2,242.566650390625,511.8063049316406,315.30517578125,521.708251953125,0.0010830082464963
tile_r020067_c008547,2,260.37908935546875,117.3786163330078,418.7115783691406,237.63113403320312,0.0010810085805132
tile_r020067_c008547,2,196.4641571044922,512.629150390625,264.36651611328125,521.4779663085938,0.0010665693553164
tile_r020067_c008547,2,170.27249145507812,471.4952697753906,239.11880493164065,522.5995483398438,0.0010599767556414
tile_r020067_c008547,2,32.48174285888672,41.9117317199707,100.0611801147461,110.8911590576172,0.0010456851450726
tile_r020067_c008547,2,337.907470703125,512.3243408203125,406.2655334472656,522.1373291015625,0.0010432731360197
tile_r020067_c008547,2,0.1162322983145713,153.47311401367188,31.484487533569336,207.02316284179688,0.001040821080096
tile_r020067_c008547,2,222.218994140625,282.4967041015625,244.55142211914065,301.9361572265625,0.0010195621289312
tile_r020067_c008547,2,391.2407836914063,56.38950347900391,467.2781677246094,124.6231918334961,0.0010154499905183
tile_r020067_c008547,2,2.463427782058716,171.56979370117188,43.43473434448242,233.41323852539065,0.0010151229798793
tile_r020067_c008547,2,1.8879547119140625,228.9924774169922,38.287376403808594,282.591796875,0.0010133851319551
tile_r020067_c008547,2,284.3523864746094,434.2889709472656,307.998291015625,461.4256896972656,0.0010058662155643
tile_r020067_c008547,2,516.1156616210938,85.96931457519531,524.7999877929688,173.0709228515625,0.0010053081205114
tile_r020067_c008803,2,441.3102111816406,313.84490966796875,504.2389221191406,370.8464965820313,0.6670663952827454
tile_r020067_c008803,2,213.05532836914065,96.4563980102539,269.5492553710937,149.6093292236328,0.6542141437530518
tile_r020067_c008803,2,469.3001403808594,425.3343811035156,516.3652954101562,475.9805603027344,0.6521593332290649
tile_r020067_c008803,2,353.6966247558594,216.6236267089844,402.93072509765625,263.92626953125,0.6300046443939209
tile_r020067_c008803,2,436.0558471679688,208.64419555664065,493.6964721679688,257.833740234375,0.6103878021240234
tile_r020067_c008803,2,403.4253845214844,64.6248779296875,477.7453002929688,126.0908203125,0.5141151547431946
tile_r020067_c008803,2,28.202611923217773,437.4693298339844,60.66913986206055,468.3034057617188,0.4871834814548492
tile_r020067_c008803,2,402.9176330566406,428.7385864257813,439.7835388183594,466.4584045410156,0.4835253655910492
tile_r020067_c008803,2,149.7562713623047,79.3999252319336,193.7061767578125,117.13468933105467,0.3400031626224518
tile_r020067_c008803,2,30.766149520874023,441.0501098632813,57.94905853271485,466.6364135742188,0.1396564692258834
tile_r020067_c008803,2,398.9430541992188,423.67584228515625,444.1325073242188,469.82330322265625,0.1087606698274612
tile_r020067_c008803,2,443.37152099609375,214.5196990966797,492.5435180664063,254.4169158935547,0.1073037832975387
tile_r020067_c008803,2,24.23833656311035,431.6153869628906,62.43994903564453,471.98284912109375,0.1051133424043655
tile_r020067_c008803,2,476.4754028320313,434.9479370117188,513.3621215820312,473.2899475097656,0.0984896123409271
tile_r020067_c008803,2,219.3555145263672,100.94743347167967,266.38232421875,144.8835906982422,0.0897574871778488
tile_r020067_c008803,2,446.7499084472656,320.826171875,499.45556640625,366.8192443847656,0.07121392339468
tile_r020067_c008803,2,153.91519165039062,83.956298828125,191.8216094970703,112.92414855957033,0.0699865221977233
tile_r020067_c008803,2,464.3643493652344,419.3187561035156,520.2471923828125,480.7570190429688,0.041503120213747
tile_r020067_c008803,2,145.5676727294922,74.29042053222656,199.8984832763672,121.70411682128906,0.0387376621365547
tile_r020067_c008803,2,347.3885803222656,209.01235961914065,407.9640502929688,270.0438842773437,0.0330622941255569
tile_r020067_c008803,2,360.9893493652344,223.0500946044922,400.257080078125,260.079345703125,0.03145083039999
tile_r020067_c008803,2,416.786865234375,76.84492492675781,461.806396484375,114.4942398071289,0.0272320471704006
tile_r020067_c008803,2,207.8481903076172,88.50926208496094,276.7950744628906,155.52859497070312,0.0265732426196336
tile_r020067_c008803,2,476.0335998535156,497.5960388183594,512.4757690429688,512.1004638671875,0.0233794245868921
tile_r020067_c008803,2,394.5413208007813,51.65271759033203,482.5700073242188,137.89962768554688,0.0222446788102388
tile_r020067_c008803,2,435.6737365722656,305.58917236328125,510.88525390625,376.15966796875,0.0183345582336187
tile_r020067_c008803,2,407.0427856445313,433.8268432617188,438.0685424804688,464.1546936035156,0.0159382801502943
tile_r020067_c008803,2,420.2824096679688,78.62403106689453,472.7267456054688,118.2537078857422,0.0155610758811235
tile_r020067_c008803,2,430.46478271484375,194.212646484375,502.4215393066406,263.5038452148437,0.012042342685163
tile_r020067_c008803,2,1.1080169677734375,295.6348571777344,22.62154769897461,339.9717712402344,0.0116466423496603
tile_r020067_c008803,2,0.8841522336006165,294.89727783203125,20.81785011291504,327.09149169921875,0.009864036925137
tile_r020067_c008803,2,479.2706909179688,495.7801818847656,505.9546813964844,512.5234375,0.0080071482807397
tile_r020067_c008803,2,480.31640625,496.96820068359375,500.3298950195313,511.7439880371094,0.0064733116887509
tile_r020067_c008803,2,0.8836380243301392,289.2815856933594,28.47324752807617,339.84185791015625,0.006305550225079
tile_r020067_c008803,2,481.1670837402344,414.75494384765625,524.4178466796875,483.4175415039063,0.0046090623363852
tile_r020067_c008803,2,142.12655639648438,69.33834838867188,204.1641082763672,130.0787811279297,0.0044992510229349
tile_r020067_c008803,2,451.5992126464844,218.7322540283203,489.6144409179688,253.4434814453125,0.0042291772551834
tile_r020067_c008803,2,0.435403436422348,287.36785888671875,16.53680419921875,324.37628173828125,0.0036318362690508
tile_r020067_c008803,2,0.4391754269599914,279.5504455566406,22.95745849609375,324.5175170898437,0.0035592960193753
tile_r020067_c008803,2,481.4818420410156,315.704345703125,517.8943481445312,383.9196166992188,0.0032274262048304
tile_r020067_c008803,2,471.29931640625,509.9953002929688,524.7999877929688,515.7213134765625,0.0029574187938123
tile_r020067_c008803,2,-11.822404861450195,411.8710021972656,-1.8324905633926392,474.3753051757813,0.0026001499500125
tile_r020067_c008803,2,-2.0812721252441406,283.543701171875,22.72188949584961,342.106689453125,0.0025618930812925
tile_r020067_c008803,2,490.8504943847656,134.67208862304688,516.3860473632812,171.3661346435547,0.0025343263987451
tile_r020067_c008803,2,-11.463031768798828,366.7769165039063,-1.4993133544921875,426.79888916015625,0.0024116532877087
tile_r020067_c008803,2,20.421703338623047,422.7190856933594,65.83837890625,474.83636474609375,0.0024096982087939
tile_r020067_c008803,2,220.5974578857422,99.8284149169922,263.1954040527344,133.74911499023438,0.0023985523730516
tile_r020067_c008803,2,-11.644545555114746,389.6316528320313,-1.4177840948104858,455.66162109375,0.0022529596462845
tile_r020067_c008803,2,393.1267395019531,415.1632690429688,449.1384887695313,475.9065551757813,0.0022443879861384
tile_r020067_c008803,2,9.478564262390137,423.74560546875,68.9880142211914,483.3807678222656,0.002108788350597
tile_r020067_c008803,2,470.7448120117188,511.3142700195313,524.7999877929688,516.5654296875,0.0020468709990382
tile_r020067_c008803,2,-11.548067092895508,356.21209716796875,-1.619317650794983,416.859375,0.0020128453616052
tile_r020067_c008803,2,469.9097595214844,175.83462524414062,520.0693359375,260.33013916015625,0.002001476008445
tile_r020067_c008803,2,301.2950134277344,515.4927978515625,381.8570251464844,524.7999877929688,0.0019966177642345
tile_r020067_c008803,2,488.5066528320313,131.23263549804688,519.2237548828125,184.02145385742188,0.0019330069189891
tile_r020067_c008803,2,64.26555633544922,514.7979736328125,143.6339569091797,524.7110595703125,0.0019124009413644
tile_r020067_c008803,2,49.908912658691406,514.4695434570312,131.0483856201172,524.5247802734375,0.0018550342647358
tile_r020067_c008803,2,0.0298034660518169,293.45635986328125,36.16178512573242,345.1655578613281,0.0018340904498472
tile_r020067_c008803,2,87.54442596435547,515.4931640625,170.1892547607422,524.7999877929688,0.001827455824241
tile_r020067_c008803,2,-11.513803482055664,376.43408203125,-1.432409644126892,442.0548706054688,0.0017812872538343
tile_r020067_c008803,2,473.6421813964844,143.59756469726562,521.2091674804688,230.0430450439453,0.0016988452989608
tile_r020067_c008803,2,35.528160095214844,514.1182861328125,116.9831314086914,524.5689086914062,0.0016978693893179
tile_r020067_c008803,2,-10.855433464050291,277.53729248046875,0.6918533444404602,346.08447265625,0.00161599740386
tile_r020067_c008803,2,456.2882690429688,326.719482421875,501.0076293945313,366.8091430664063,0.0015495008556172
tile_r020067_c008803,2,476.85986328125,492.8778381347656,514.9122924804688,512.85302734375,0.0015456510009244
tile_r020067_c008803,2,-11.653558731079102,320.09295654296875,-1.4661223888397217,373.2767028808594,0.0015026668552309
tile_r020067_c008803,2,1.986627221107483,289.4364013671875,24.91244506835937,323.0913391113281,0.0014723072526976
tile_r020067_c008803,2,484.4099731445313,129.27108764648438,521.1463012695312,198.9514617919922,0.0014689791714772
tile_r020067_c008803,2,313.1883239746094,514.9805908203125,394.2538146972656,524.7999877929688,0.0014527321327477
tile_r020067_c008803,2,-11.719144821166992,329.1723327636719,-1.4998611211776731,386.1331787109375,0.0014484738931059
tile_r020067_c008803,2,-11.039705276489258,287.67462158203125,-0.4902755618095398,355.68701171875,0.0014469237066805
tile_r020067_c008803,2,514.302734375,-8.197484970092773,524.7999877929688,63.82371139526367,0.0014365037204697
tile_r020067_c008803,2,12.775357246398926,514.32421875,89.31058502197266,524.5208740234375,0.0014107963070273
tile_r020067_c008803,2,-11.404780387878418,305.56561279296875,-0.7416518926620483,366.2454223632813,0.0013639571843668
tile_r020067_c008803,2,339.1224975585937,200.6080017089844,413.3502502441406,277.61572265625,0.0013475443702191
tile_r020067_c008803,2,90.4678192138672,398.6106872558594,123.7946548461914,426.26995849609375,0.0013280634302645
tile_r020067_c008803,2,492.99713134765625,40.15192794799805,520.225341796875,107.4457778930664,0.001307138823904
tile_r020067_c008803,2,472.6350708007813,47.8509407043457,513.9197998046875,107.80625915527344,0.0013023848878219
tile_r020067_c008803,2,1.947912573814392,514.6517333984375,76.66618347167969,524.7252197265625,0.0012663303641602
tile_r020067_c008803,2,279.27154541015625,515.3955078125,358.78985595703125,524.7999877929688,0.0012536568101495
tile_r020067_c008803,2,472.6111755371094,510.4178771972656,524.7999877929688,518.0391845703125,0.0012523302575573
tile_r020067_c008803,2,514.783935546875,456.3363342285156,524.4964599609375,511.0302734375,0.001230644294992
tile_r020067_c008803,2,-0.764849841594696,275.3996887207031,46.27916717529297,349.16168212890625,0.0012219690252095
tile_r020067_c008803,2,-11.708246231079102,337.820068359375,-1.4434601068496704,405.73968505859375,0.0012023303424939
tile_r020067_c008803,2,27.533740997314453,433.9466247558594,53.4233627319336,463.05560302734375,0.0012018311535939
tile_r020067_c008803,2,469.6134643554688,486.7794494628906,511.0474548339844,511.4461364746094,0.0011866026325151
tile_r020067_c008803,2,2.158679246902466,367.125,32.151573181152344,417.0029296875,0.0011748223332688
tile_r020067_c008803,2,-12.022649765014648,505.4833984375,3.833019971847534,524.7999877929688,0.0011640504235401
tile_r020067_c008803,2,406.6572265625,203.775146484375,454.2296752929688,269.4076232910156,0.0011627266649156
tile_r020067_c008803,2,512.8159790039062,479.1539001464844,524.1040649414062,515.6015625,0.0011613087262958
tile_r020067_c008803,2,491.2618103027344,122.1278305053711,517.5020751953125,168.9616241455078,0.0011459962697699
tile_r020067_c008803,2,245.83999633789065,-2.177511692047119,316.0563049316406,25.04486083984375,0.0011323812650516
tile_r020067_c008803,2,198.294677734375,77.96620178222656,282.112060546875,161.57696533203125,0.0011316447053104
tile_r020067_c008803,2,326.0210876464844,514.1594848632812,408.046142578125,524.5770263671875,0.0011169896461069
tile_r020067_c008803,2,494.6768493652344,28.174755096435547,519.3839111328125,100.3062744140625,0.0011139170965179
tile_r020067_c008803,2,154.69468688964844,86.31825256347656,184.2583923339844,110.11820220947266,0.0011094639776274
tile_r020067_c008803,2,450.9757690429688,496.0855407714844,514.0416870117188,512.3961181640625,0.001097684376873
tile_r020067_c008803,2,479.6329040527344,133.5017852783203,521.62548828125,214.6924285888672,0.0010951400035992
tile_r020067_c008803,2,-6.637866020202637,511.0891723632813,65.15743255615234,521.7938232421875,0.0010865450603887
tile_r020067_c008803,2,112.1626434326172,515.6233520507812,195.4418029785156,524.7999877929688,0.0010693484218791
tile_r020067_c008803,2,81.64547729492188,512.3812255859375,150.5149688720703,522.1708984375,0.0010614005150273
tile_r020067_c008803,2,472.6021423339844,29.913253784179688,515.6180419921875,103.41169738769533,0.0010609617456793
tile_r020067_c008803,2,19.939477920532227,416.8297729492188,76.00349426269531,483.0086059570313,0.0010577478678897
tile_r020067_c008803,2,426.638916015625,297.09832763671875,513.7318115234375,385.5910034179688,0.0010448506800457
tile_r020067_c008803,2,407.1858520507813,515.735107421875,483.6135864257813,524.7999877929688,0.0010440745390951
tile_r020067_c008803,2,-0.127227783203125,384.6754760742188,33.042137145996094,434.6838989257813,0.0010419958271086
tile_r020067_c008803,2,514.2863159179688,40.083152770996094,524.6871337890625,113.13814544677734,0.0010397279402241
tile_r020067_c008803,2,-3.627288818359375,272.7476501464844,27.475372314453125,340.32733154296875,0.0010339337168261
tile_r020067_c008803,2,515.5540771484375,319.7023010253906,524.5309448242188,392.94482421875,0.0010272318031638
tile_r020067_c008803,2,481.1339721679688,333.9195861816406,520.2443237304688,397.8726196289063,0.0010185843566432
tile_r020067_c008803,2,514.7794189453125,120.55583190917967,524.6544189453125,190.53927612304688,0.0010177948279306
tile_r020067_c008803,2,324.8531799316406,501.8946228027344,398.836669921875,513.3023681640625,0.0010155065683647
tile_r020067_c008803,2,228.9021453857422,516.056396484375,311.8827209472656,524.7999877929688,0.0010078743798658
tile_r020067_c008803,2,-11.438611030578612,227.927978515625,-1.6930633783340454,286.16357421875,0.0010048603871837
tile_r020067_c009059,2,184.7680511474609,313.01861572265625,247.97900390625,371.0545349121094,0.6760643720626831
tile_r020067_c009059,2,214.8182373046875,430.4448852539063,264.0454406738281,476.3016052246094,0.6303925514221191
tile_r020067_c009059,2,248.4004821777344,161.44357299804688,308.0497131347656,213.4176025390625,0.6253678798675537
tile_r020067_c009059,2,97.2668914794922,216.38720703125,147.3920135498047,264.24920654296875,0.6191601753234863
tile_r020067_c009059,2,179.36279296875,207.7506866455078,237.6634826660156,258.51275634765625,0.618084192276001
tile_r020067_c009059,2,465.9071350097656,109.0195541381836,516.6651611328125,166.8773651123047,0.6175828576087952
tile_r020067_c009059,2,147.1665496826172,65.11920166015625,222.31494140625,126.79620361328124,0.5047464966773987
tile_r020067_c009059,2,146.5408477783203,428.32861328125,184.3185272216797,466.8518676757813,0.4642683267593384
tile_r020067_c009059,2,282.1978454589844,461.66357421875,365.04974365234375,514.2696533203125,0.4304867684841156
tile_r020067_c009059,2,471.8404235839844,120.57127380371094,516.1087646484375,166.05694580078125,0.3731625378131866
tile_r020067_c009059,2,245.6156768798828,341.0276794433594,288.06207275390625,383.7774963378906,0.2999142110347748
tile_r020067_c009059,2,209.62728881835935,423.2662658691406,267.9544982910156,479.7837524414063,0.1798184216022491
tile_r020067_c009059,2,142.6329803466797,423.4108276367188,188.8727569580078,470.0608520507813,0.120140753686428
tile_r020067_c009059,2,186.57423400878903,213.856689453125,236.7496032714844,255.05355834960935,0.1125357449054718
tile_r020067_c009059,2,251.96438598632807,165.5524444580078,300.7346496582031,207.0045166015625,0.0742885246872901
tile_r020067_c009059,2,190.4883728027344,320.5240173339844,243.8651885986328,367.18597412109375,0.0634057894349098
tile_r020067_c009059,2,160.2406005859375,76.49528503417969,206.3089141845703,114.97184753417967,0.0466786585748195
tile_r020067_c009059,2,476.6387634277344,126.1868133544922,513.3204345703125,163.99984741210938,0.0438538305461406
tile_r020067_c009059,2,91.2411880493164,208.937744140625,152.5796661376953,270.39361572265625,0.0387373082339763
tile_r020067_c009059,2,248.1195831298828,347.0271911621094,284.68115234375,380.1853637695313,0.0348875559866428
tile_r020067_c009059,2,104.8633041381836,222.7815704345703,144.48904418945312,260.2690734863281,0.0297669377177953
tile_r020067_c009059,2,297.4917907714844,475.5172729492188,360.9320373535156,511.9674682617188,0.0273949354887008
tile_r020067_c009059,2,320.50311279296875,485.0529174804688,365.0103149414063,512.37109375,0.0232370644807815
tile_r020067_c009059,2,139.78738403320312,52.61613845825195,231.11038208007807,138.9504852294922,0.0220975801348686
tile_r020067_c009059,2,173.5998077392578,196.3131561279297,244.009033203125,266.0550537109375,0.0201823823153972
tile_r020067_c009059,2,150.70797729492188,433.34619140625,182.4188690185547,464.5450134277344,0.0166796818375587
tile_r020067_c009059,2,317.4684143066406,490.3052673339844,369.8587341308594,512.7566528320312,0.016351344063878
tile_r020067_c009059,2,219.7266540527344,437.0764770507813,261.2002868652344,473.9889526367188,0.0149373849853873
tile_r020067_c009059,2,230.86978149414065,323.7078857421875,293.28466796875,385.7568664550781,0.013092903420329
tile_r020067_c009059,2,242.83560180664065,152.093994140625,316.0989685058594,220.0850524902344,0.0126353967934846
tile_r020067_c009059,2,256.85809326171875,167.960693359375,310.55029296875,209.7649383544922,0.0116258794441819
tile_r020067_c009059,2,164.0071563720703,78.39453887939453,216.5167236328125,118.6704559326172,0.0108992112800478
tile_r020067_c009059,2,217.80026245117188,497.3974609375,275.9472961425781,512.48193359375,0.0101542230695486
tile_r020067_c009059,2,274.70751953125,453.3365173339844,366.9805603027344,522.92822265625,0.0094487415626645
tile_r020067_c009059,2,326.84185791015625,489.2088928222656,362.926513671875,512.3297729492188,0.0089072277769446
tile_r020067_c009059,2,214.3456115722656,497.1419067382813,261.4827575683594,512.98779296875,0.006768811494112
tile_r020067_c009059,2,284.528564453125,468.95257568359375,329.46783447265625,500.9601135253906,0.006618479732424
tile_r020067_c009059,2,340.10064697265625,515.6336669921875,424.81549072265625,524.7999877929688,0.0041177496314048
tile_r020067_c009059,2,330.2641296386719,496.3927307128906,370.1660461425781,512.1729736328125,0.004008263349533
tile_r020067_c009059,2,308.5074157714844,478.4722595214844,366.69525146484375,511.6179809570313,0.0039566191844642
tile_r020067_c009059,2,-11.977946281433104,64.30498504638672,-1.1071075201034546,137.924560546875,0.0039147939532995
tile_r020067_c009059,2,177.59869384765625,304.4684143066406,253.43667602539065,375.9646911621094,0.0036079303827136
tile_r020067_c009059,2,-0.1994995176792144,111.87458801269533,36.8795280456543,182.9903564453125,0.0034017006400972
tile_r020067_c009059,2,195.2027282714844,218.4224548339844,233.6787109375,253.81591796875,0.0033470829948782
tile_r020067_c009059,2,221.9486846923828,494.88525390625,254.6381378173828,512.4423828125,0.0033071073703467
tile_r020067_c009059,2,-12.07557201385498,40.1963119506836,-0.7686797976493835,112.8239974975586,0.0032489532604813
tile_r020067_c009059,2,486.1823120117188,97.19871520996094,524.4270629882812,175.03701782226562,0.003047113539651
tile_r020067_c009059,2,0.7759765386581421,-1.870941162109375,42.7456283569336,25.25750732421875,0.0027977016288787
tile_r020067_c009059,2,-12.0455322265625,28.81951904296875,-0.5729827880859375,99.29679870605467,0.0027907621115446
tile_r020067_c009059,2,-11.863194465637209,236.33175659179688,-0.9160537719726562,303.9047241210937,0.002726457780227
tile_r020067_c009059,2,-11.953608512878418,170.44369506835938,-0.1404159516096115,237.303466796875,0.0026759784668684
tile_r020067_c009059,2,223.6721954345703,496.4826049804688,245.27175903320312,511.9527282714844,0.0025391320232301
tile_r020067_c009059,2,-12.03611183166504,89.0107650756836,-0.7717727422714233,157.00448608398438,0.0025335082318633
tile_r020067_c009059,2,-11.8330659866333,260.88336181640625,-0.403735339641571,332.7206420898437,0.0024118539877235
tile_r020067_c009059,2,136.47640991210938,415.4100646972656,194.462158203125,476.3333129882813,0.0023858731146901
tile_r020067_c009059,2,-0.2760467529296875,130.7174835205078,37.73863220214844,194.104248046875,0.0023003213573247
tile_r020067_c009059,2,204.8045959472656,415.5940551757813,273.9026794433594,484.4647521972656,0.0022104491945356
tile_r020067_c009059,2,-11.922891616821287,223.791015625,-0.6611297726631165,292.29119873046875,0.0021896054968237
tile_r020067_c009059,2,44.74223709106445,515.451171875,126.46336364746094,524.7999877929688,0.0021242180373519
tile_r020067_c009059,2,-11.826217651367188,247.1920928955078,-0.6945770382881165,320.23614501953125,0.0020723242778331
tile_r020067_c009059,2,0.8290557861328125,137.70680236816406,30.05177879333496,191.4623870849609,0.0020053801126778
tile_r020067_c009059,2,-12.054585456848145,191.3788299560547,-0.0477584823966026,263.0755615234375,0.0020042371470481
tile_r020067_c009059,2,354.3990173339844,515.225830078125,436.1665649414063,524.7999877929688,0.0019985730759799
tile_r020067_c009059,2,449.42724609375,95.9753875732422,521.7156372070312,178.7670440673828,0.0019861694891005
tile_r020067_c009059,2,-0.698931872844696,145.9214324951172,38.87042999267578,212.35629272460935,0.0019765065517276
tile_r020067_c009059,2,1.202569603919983,51.60042572021485,34.450462341308594,116.44358825683594,0.0019285996677353
tile_r020067_c009059,2,-12.01698112487793,207.0764617919922,-0.1402359008789062,279.2953186035156,0.0018535631243139
tile_r020067_c009059,2,259.85137939453125,515.5364990234375,328.2398376464844,524.7999877929688,0.0018243497470393
tile_r020067_c009059,2,211.9357452392578,510.0379943847656,280.61962890625,516.5618286132812,0.0018061978043988
tile_r020067_c009059,2,-12.0828857421875,18.45514297485352,-0.137582391500473,87.27403259277344,0.0017634873511269
tile_r020067_c009059,2,377.12994384765625,514.4150390625,462.38470458984375,524.7471923828125,0.0017492073820903
tile_r020067_c009059,2,2.4772324562072754,106.9094467163086,43.64448165893555,189.1746368408203,0.001745301648043
tile_r020067_c009059,2,0.0043426514603197,178.01632690429688,36.37055969238281,235.13742065429688,0.0017245477065443
tile_r020067_c009059,2,370.8063354492188,502.411376953125,439.8388671875,514.001220703125,0.0016642957925796
tile_r020067_c009059,2,1.261651635169983,42.692604064941406,33.65052032470703,103.9601058959961,0.0016526206163689
tile_r020067_c009059,2,0.3005615174770355,277.451171875,30.572093963623047,330.9287109375,0.0016461859922856
tile_r020067_c009059,2,330.4020080566406,511.92877197265625,400.6961364746094,518.4867553710938,0.0016128808492794
tile_r020067_c009059,2,1.2288650274276731,93.2970199584961,36.04950714111328,155.8550262451172,0.0016117034247145
tile_r020067_c009059,2,0.457537829875946,61.4900016784668,34.875953674316406,133.24058532714844,0.001598582835868
tile_r020067_c009059,2,-12.139902114868164,282.3255310058594,0.1012817397713661,349.3522033691406,0.0015875357203185
tile_r020067_c009059,2,56.44398880004883,514.9356079101562,139.35116577148438,524.7999877929688,0.0015835425583645
tile_r020067_c009059,2,333.9896850585937,494.0332946777344,362.42376708984375,512.0255126953125,0.0015803078422322
tile_r020067_c009059,2,343.7420349121094,518.5885009765625,399.395263671875,524.7999877929688,0.0015228478005155
tile_r020067_c009059,2,285.3353881835937,469.7487182617188,316.71856689453125,496.38623046875,0.0015216397587209
tile_r020067_c009059,2,-0.9617950320243835,159.888916015625,37.74285125732422,227.9457550048828,0.0015045495238155
tile_r020067_c009059,2,390.1979370117188,515.3157348632812,477.7247009277344,524.7999877929688,0.0014927859883755
tile_r020067_c009059,2,150.73367309570312,515.4017333984375,230.0375061035156,524.7999877929688,0.0014769510598853
tile_r020067_c009059,2,1.1347777843475342,79.19575500488281,34.544776916503906,144.5686798095703,0.0014705423964187
tile_r020067_c009059,2,-12.128564834594728,10.087939262390137,0.2067779600620269,72.13687896728516,0.0014340877532958
tile_r020067_c009059,2,210.57308959960935,511.377197265625,276.6859436035156,518.0624389648438,0.0014275867724791
tile_r020067_c009059,2,287.69793701171875,469.8138732910156,339.6708984375,502.9304809570313,0.0014187773922458
tile_r020067_c009059,2,164.53382873535156,515.8751831054688,242.5409698486328,524.7999877929688,0.0014184672618284
tile_r020067_c009059,2,-1.013586401939392,194.2954559326172,38.07147216796875,258.7391052246094,0.0014137781690806
tile_r020067_c009059,2,326.4161071777344,515.4492797851562,408.884765625,524.7999877929688,0.0013998869108036
tile_r020067_c009059,2,244.57131958007807,515.9779052734375,318.5039367675781,524.7999877929688,0.0013831042451784
tile_r020067_c009059,2,1.1780532598495483,260.6264038085937,31.423803329467773,320.8095092773437,0.0013455413281917
tile_r020067_c009059,2,0.9089401364326476,249.41714477539065,34.165740966796875,312.4197692871094,0.0013226803857833
tile_r020067_c009059,2,-12.127555847167969,100.5326156616211,-0.1521850526332855,176.6109619140625,0.0013071165885776
tile_r020067_c009059,2,193.13314819335935,498.64495849609375,261.7362670898437,512.7843017578125,0.0012969428207725
tile_r020067_c009059,2,-12.036596298217772,146.4144287109375,0.1502899229526519,219.1245880126953,0.0012959488667547
tile_r020067_c009059,2,23.624526977539062,515.50244140625,103.45906829833984,524.7999877929688,0.001291518448852
tile_r020067_c009059,2,475.6234436035156,131.50082397460938,520.6627197265625,197.2663116455078,0.0012777396477758
tile_r020067_c009059,2,138.39932250976562,515.0811767578125,216.2006378173828,524.7999877929688,0.00127201131545
tile_r020067_c009059,2,83.14375305175781,200.66244506835935,158.0307159423828,277.7444763183594,0.0012439312413334
tile_r020067_c009059,2,69.59369659423828,514.1448364257812,153.3122100830078,524.6541748046875,0.0012428008485585
tile_r020067_c009059,2,337.7351989746094,513.0142211914062,406.6160278320313,523.9781494140625,0.001218810211867
tile_r020067_c009059,2,405.2118225097656,516.30810546875,492.2750854492188,524.7999877929688,0.0011920063989236
tile_r020067_c009059,2,-12.031400680541992,132.81640625,0.0130477901548147,204.9691925048828,0.001186350127682
tile_r020067_c009059,2,324.5882263183594,510.84423828125,396.2879333496094,516.0340576171875,0.0011709572281688
tile_r020067_c009059,2,192.2816925048828,288.75787353515625,299.3731994628906,382.29339599609375,0.0011647169012576
tile_r020067_c009059,2,114.0828857421875,515.1675415039062,193.3079376220703,524.7999877929688,0.0011570773785933
tile_r020067_c009059,2,-12.055456161499023,116.81103515625,-0.052532959729433,191.346923828125,0.0011431772727519
tile_r020067_c009059,2,-12.266766548156738,291.5127868652344,-0.0372650139033794,364.0382690429688,0.0011220211163163
tile_r020067_c009059,2,160.61471557617188,191.2018585205078,247.46969604492188,275.084228515625,0.0011201238958165
tile_r020067_c009059,2,0.6697006225585938,120.07853698730467,44.84527587890625,204.0992431640625,0.0011190067743882
tile_r020067_c009059,2,5.215807914733887,86.620361328125,43.55409622192383,162.35116577148438,0.0010973680764436
tile_r020067_c009059,2,100.03173828125,514.8079833984375,181.64926147460935,524.7786865234375,0.0010967676062136
tile_r020067_c009059,2,-2.881761074066162,279.27410888671875,38.1558723449707,343.20635986328125,0.00109606271144
tile_r020067_c009059,2,176.0660858154297,515.37841796875,258.6907958984375,524.7999877929688,0.0010946743423119
tile_r020067_c009059,2,150.2184295654297,202.31494140625,200.2630615234375,271.85662841796875,0.0010863272473216
tile_r020067_c009059,2,67.80257415771484,501.8655700683594,144.42791748046875,513.4027709960938,0.0010795081034302
tile_r020067_c009059,2,-11.91887664794922,-0.818157970905304,0.2312606871128082,51.500579833984375,0.0010778993600979
tile_r020067_c009059,2,516.1085205078125,126.9629364013672,524.7512817382812,202.35665893554688,0.0010773373069241
tile_r020067_c009059,2,-1.3271057605743408,230.594970703125,37.92595291137695,302.34234619140625,0.0010716496035456
tile_r020067_c009059,2,84.8927993774414,501.3370971679688,154.4015655517578,513.1150512695312,0.0010567074641585
tile_r020067_c009059,2,232.99966430664065,144.14437866210938,322.56280517578125,231.3446807861328,0.0010482264915481
tile_r020067_c009059,2,224.9059295654297,514.0804443359375,306.3642883300781,524.7999877929688,0.0010392541298642
tile_r020067_c009059,2,338.255615234375,499.47607421875,433.96197509765625,514.1437377929688,0.0010337061248719
tile_r020067_c009059,2,266.78564453125,508.82525634765625,338.92626953125,524.7999877929688,0.0010214253561571
tile_r020067_c009059,2,-2.3247923851013184,208.2741241455078,39.227088928222656,280.0819702148437,0.0010031353449448
tile_r020067_c009059,2,214.3813934326172,510.0929565429688,292.1620178222656,524.0974731445312,0.0010014404542744
tile_r020323_c008035,2,148.55960083007812,42.04166793823242,194.0917510986328,86.25367736816406,0.6760759353637695
tile_r020323_c008035,2,280.82574462890625,108.8283920288086,318.829833984375,145.91989135742188,0.656970739364624
tile_r020323_c008035,2,315.38739013671875,183.1311798095703,366.66357421875,229.7908477783203,0.6495538353919983
tile_r020323_c008035,2,111.492431640625,72.47685241699219,160.43093872070312,117.5183334350586,0.6272231340408325
tile_r020323_c008035,2,245.88650512695312,328.0541076660156,309.8009033203125,383.9703063964844,0.6260671615600586
tile_r020323_c008035,2,200.15933227539065,194.2662811279297,246.813720703125,241.89089965820312,0.5648482441902161
tile_r020323_c008035,2,4.376451015472412,448.9853515625,41.83172607421875,494.2474670410156,0.5422260761260986
tile_r020323_c008035,2,341.3658752441406,39.96452713012695,362.0979919433594,61.123512268066406,0.5214197635650635
tile_r020323_c008035,2,387.2661743164063,323.2644958496094,425.92327880859375,364.8597106933594,0.4933516979217529
tile_r020323_c008035,2,169.47946166992188,296.0113220214844,203.70779418945312,328.17889404296875,0.453461617231369
tile_r020323_c008035,2,401.4043884277344,445.2067260742188,444.3204956054688,489.1784057617188,0.3382269144058227
tile_r020323_c008035,2,443.1376037597656,358.4958801269531,473.6735229492188,391.6842041015625,0.2349220067262649
tile_r020323_c008035,2,437.4952087402344,352.25360107421875,475.3440551757813,393.106689453125,0.2300914227962494
tile_r020323_c008035,2,382.477783203125,313.5376892089844,427.66156005859375,367.2263793945313,0.2143539637327194
tile_r020323_c008035,2,409.9286193847656,450.6810607910156,441.5586853027344,485.9007873535156,0.1445880979299545
tile_r020323_c008035,2,119.2177505493164,76.93707275390625,159.8799591064453,113.11006927490234,0.1398174613714218
tile_r020323_c008035,2,377.904296875,300.432861328125,430.8230590820313,362.3719177246094,0.1258336007595062
tile_r020323_c008035,2,456.1675720214844,405.7240295410156,479.5501098632813,426.4927673339844,0.1252917796373367
tile_r020323_c008035,2,388.1904296875,438.2257690429688,446.1073303222656,494.4435424804688,0.1132513731718063
tile_r020323_c008035,2,339.38037109375,37.50780487060547,365.4251098632813,63.32513427734375,0.110178492963314
tile_r020323_c008035,2,195.4735412597656,187.7349090576172,252.098388671875,245.58529663085935,0.1071652770042419
tile_r020323_c008035,2,205.96743774414065,202.01953125,243.841552734375,239.77880859375,0.1048090010881424
tile_r020323_c008035,2,292.3653564453125,460.8663940429688,345.30938720703125,511.833984375,0.1021180376410484
tile_r020323_c008035,2,319.9537048339844,125.1263198852539,353.33221435546875,153.94345092773438,0.1009776219725608
tile_r020323_c008035,2,144.03848266601562,37.38785552978516,199.3728485107422,90.74473571777344,0.0952142104506492
tile_r020323_c008035,2,7.472808837890625,454.4586791992188,37.69502639770508,493.1666870117188,0.0892457664012909
tile_r020323_c008035,2,277.0057678222656,103.8734359741211,322.00762939453125,149.80319213867188,0.0866608992218971
tile_r020323_c008035,2,296.65045166015625,471.2515258789063,337.6259155273437,506.0638122558594,0.0745054706931114
tile_r020323_c008035,2,157.30410766601562,340.2027282714844,195.7718048095703,375.9807739257813,0.0671641156077385
tile_r020323_c008035,2,270.1312866210937,455.5496215820313,347.3204650878906,513.7716674804688,0.0619785338640213
tile_r020323_c008035,2,444.6915893554688,361.4122009277344,469.6497192382813,389.3912963867188,0.0517313815653324
tile_r020323_c008035,2,285.42059326171875,113.17657470703124,316.5782165527344,143.64500427246094,0.0473519004881382
tile_r020323_c008035,2,258.14501953125,333.42950439453125,306.7789001464844,379.6068420410156,0.0471490435302257
tile_r020323_c008035,2,251.1537628173828,340.32745361328125,302.9879455566406,379.9152221679688,0.0414465963840484
tile_r020323_c008035,2,319.5498962402344,189.4776306152344,363.2881774902344,226.7445373535156,0.0318411588668823
tile_r020323_c008035,2,246.32827758789065,67.23907470703125,264.55078125,86.23597717285156,0.0316248834133148
tile_r020323_c008035,2,166.4938201904297,292.09820556640625,208.6256103515625,330.81207275390625,0.0276127830147743
tile_r020323_c008035,2,299.98406982421875,464.8080139160156,340.64239501953125,504.4662170410156,0.0265581738203763
tile_r020323_c008035,2,171.2327423095703,298.650146484375,198.8756866455078,324.0870666503906,0.0222823116928339
tile_r020323_c008035,2,-0.3377891480922699,295.828125,13.427682876586914,328.53045654296875,0.0220823362469673
tile_r020323_c008035,2,195.2897491455078,405.8818359375,255.3081970214844,470.1341857910156,0.0203696638345718
tile_r020323_c008035,2,0.47711181640625,443.0738220214844,45.03691864013672,499.5210876464844,0.0190875940024852
tile_r020323_c008035,2,455.7696228027344,406.8802185058594,475.5631713867188,424.2554321289063,0.0190584473311901
tile_r020323_c008035,2,151.16403198242188,46.91777420043945,186.8685302734375,82.7347412109375,0.0188058298081159
tile_r020323_c008035,2,267.55206298828125,482.4183654785156,319.17791748046875,511.5611267089844,0.0176866147667169
tile_r020323_c008035,2,407.15277099609375,464.0181579589844,436.16998291015625,486.8673706054688,0.0169536042958498
tile_r020323_c008035,2,368.7686462402344,296.3451538085937,435.9163208007813,371.2925109863281,0.0148495584726333
tile_r020323_c008035,2,431.3148498535156,342.44512939453125,479.0634765625,396.4906311035156,0.013122197240591
tile_r020323_c008035,2,453.64453125,401.9996948242188,480.90234375,427.685546875,0.0128934141248464
tile_r020323_c008035,2,0.2678985595703125,292.30596923828125,18.829349517822266,329.6521911621094,0.0122156338766217
tile_r020323_c008035,2,7.830413818359375,462.4366149902344,34.79328155517578,492.2174682617188,0.0120808333158493
tile_r020323_c008035,2,106.93009948730467,59.38154220581055,169.1389923095703,121.1182098388672,0.0117207271978259
tile_r020323_c008035,2,308.94110107421875,174.1186981201172,372.640869140625,237.96469116210935,0.0115158604457974
tile_r020323_c008035,2,325.5960388183594,128.96987915039062,353.05718994140625,150.98228454589844,0.0097437845543026
tile_r020323_c008035,2,151.67184448242188,335.4309387207031,196.9839630126953,385.1759643554688,0.0096196271479129
tile_r020323_c008035,2,262.1903381347656,488.2001037597656,321.1611328125,513.1920776367188,0.0090451976284384
tile_r020323_c008035,2,90.924560546875,291.5292358398437,122.20751953125,324.0542907714844,0.0081813875585794
tile_r020323_c008035,2,318.021728515625,120.27970123291016,357.2342224121094,157.04177856445312,0.0073998156003654
tile_r020323_c008035,2,217.0877990722656,407.0537109375,250.29296875,438.0615234375,0.0073003899306058
tile_r020323_c008035,2,264.36895751953125,479.1062622070313,337.21392822265625,513.22412109375,0.006998514290899
tile_r020323_c008035,2,-0.8217979669570923,286.2331237792969,15.796780586242676,328.1501770019531,0.0067513436079025
tile_r020323_c008035,2,190.449951171875,395.5968322753906,268.81304931640625,490.361083984375,0.0066318330354988
tile_r020323_c008035,2,3.327383518218994,174.0514678955078,31.495418548583984,226.7069396972656,0.0066092410124838
tile_r020323_c008035,2,-11.02460479736328,272.35455322265625,-0.2378097474575042,332.48809814453125,0.0065808626823127
tile_r020323_c008035,2,35.15445709228516,443.66845703125,84.28240966796875,504.8448181152344,0.0065636523067951
tile_r020323_c008035,2,391.53656005859375,328.7574768066406,419.02642822265625,362.6653442382813,0.0059341485612094
tile_r020323_c008035,2,392.3739318847656,460.54010009765625,428.0241088867188,487.3530883789063,0.005892788991332
tile_r020323_c008035,2,294.7662048339844,477.6975708007813,332.29132080078125,504.3379821777344,0.0058846683241426
tile_r020323_c008035,2,260.1103820800781,443.77838134765625,352.64373779296875,514.1508178710938,0.0058392216451466
tile_r020323_c008035,2,210.1210479736328,207.6546630859375,244.5321350097656,237.2730712890625,0.0057078879326581
tile_r020323_c008035,2,159.3126983642578,343.2301330566406,190.0760803222656,374.0357055664063,0.0057007726281881
tile_r020323_c008035,2,202.56173706054688,439.3864135742188,229.8555908203125,467.33544921875,0.0051445164717733
tile_r020323_c008035,2,239.18032836914065,317.1058654785156,318.400634765625,395.947509765625,0.0050361854955554
tile_r020323_c008035,2,268.6453857421875,95.2030792236328,327.8703308105469,157.3461456298828,0.0049468027427792
tile_r020323_c008035,2,139.79434204101562,30.633968353271484,203.8101348876953,96.94154357910156,0.0047965189442038
tile_r020323_c008035,2,253.490966796875,496.8723754882813,318.7903747558594,512.4910888671875,0.0045638256706297
tile_r020323_c008035,2,-1.412805199623108,437.7844848632813,67.20582580566406,507.3055725097656,0.0041284887120127
tile_r020323_c008035,2,11.460920333862305,93.54820251464844,28.2082576751709,111.89129638671876,0.003914535511285
tile_r020323_c008035,2,484.1915893554688,466.5323181152344,516.1624755859375,510.0143432617188,0.0038198246620595
tile_r020323_c008035,2,1.859564185142517,296.8727722167969,22.21034812927246,333.9642944335937,0.0035931007005274
tile_r020323_c008035,2,-11.28655242919922,282.1321716308594,-0.0412002578377723,345.1836853027344,0.0035845171660184
tile_r020323_c008035,2,1.028680443763733,182.4551544189453,32.37302780151367,242.5105743408203,0.003561832010746
tile_r020323_c008035,2,-11.386194229125977,173.5264129638672,-1.3384902477264404,240.935791015625,0.0034604773391038
tile_r020323_c008035,2,-10.86266803741455,437.2005310058594,2.7948944568634038,511.28460693359375,0.0034406878985464
tile_r020323_c008035,2,248.904296875,344.6025390625,283.05877685546875,377.7368774414063,0.0033672812860459
tile_r020323_c008035,2,163.7248077392578,286.3521423339844,217.804931640625,342.9273376464844,0.0032949754968285
tile_r020323_c008035,2,378.387939453125,433.94775390625,453.82122802734375,509.1983337402344,0.0032520818058401
tile_r020323_c008035,2,188.2478485107422,179.19215393066406,258.67449951171875,253.01986694335935,0.0031638909131288
tile_r020323_c008035,2,-11.626928329467772,463.97796630859375,52.30491256713867,509.47845458984375,0.0030866342131048
tile_r020323_c008035,2,0.1878692656755447,275.2953491210937,22.55868530273437,327.9330444335937,0.003076063003391
tile_r020323_c008035,2,10.603253364562988,451.9176635742188,39.81401824951172,488.4178771972656,0.0030419565737247
tile_r020323_c008035,2,475.8333129882813,497.88134765625,514.8280029296875,511.5103454589844,0.0030223370995372
tile_r020323_c008035,2,-11.457115173339844,245.28451538085935,-0.9868972897529602,318.2401733398437,0.0029032074380666
tile_r020323_c008035,2,0.2672668397426605,287.824462890625,28.41732788085937,340.5556030273437,0.0028350802604109
tile_r020323_c008035,2,-0.2110931426286697,302.4129943847656,11.613492012023926,327.1728515625,0.0028095652814954
tile_r020323_c008035,2,40.3819465637207,438.097900390625,134.49510192871094,512.3545532226562,0.0027514831162989
tile_r020323_c008035,2,-10.951967239379885,424.6815490722656,2.1637954711914062,498.8219604492188,0.0027510381769388
tile_r020323_c008035,2,114.9546890258789,514.2545166015625,193.59054565429688,524.5154418945312,0.0027431012131273
tile_r020323_c008035,2,190.07894897460935,393.6482543945313,309.268798828125,509.2584838867188,0.0027277101762592
tile_r020323_c008035,2,93.0706024169922,55.9152717590332,166.52767944335938,127.99046325683594,0.0027095398399978
tile_r020323_c008035,2,38.8671989440918,460.8121032714844,83.39080810546875,509.5550842285156,0.0024684127420186
tile_r020323_c008035,2,425.7628479003906,345.7867126464844,483.7708435058594,406.870849609375,0.0024149361997842
tile_r020323_c008035,2,389.9146423339844,304.408935546875,413.06298828125,327.0473022460937,0.0024059114512056
tile_r020323_c008035,2,8.745061874389648,87.66017150878906,31.594989776611328,117.67237854003906,0.0024035149253904
tile_r020323_c008035,2,-12.695900917053224,291.8666076660156,-3.904640197753906,350.1473693847656,0.0023996890522539
tile_r020323_c008035,2,-11.771126747131348,192.2252960205078,-1.214564561843872,264.28155517578125,0.0023914193734526
tile_r020323_c008035,2,410.1676635742188,446.7964782714844,441.9679565429688,477.94775390625,0.0023259504232555
tile_r020323_c008035,2,392.2667846679688,461.3954162597656,418.00390625,486.2061462402344,0.0023226386401802
tile_r020323_c008035,2,242.0035400390625,61.84054565429688,267.3378295898437,88.74591827392578,0.002321149688214
tile_r020323_c008035,2,-11.250447273254396,449.9060668945313,1.4469406604766846,516.9306640625,0.0023185131140053
tile_r020323_c008035,2,-6.0199785232543945,286.70379638671875,6.113157749176025,338.6197509765625,0.0023111426271498
tile_r020323_c008035,2,173.09310913085938,514.3046264648438,254.4201202392578,524.6259155273438,0.0022447160445153
tile_r020323_c008035,2,441.2058715820313,356.1822814941406,471.2658081054688,385.00823974609375,0.0021994840353727
tile_r020323_c008035,2,350.0318298339844,487.6163024902344,393.1241149902344,512.02197265625,0.0021903607994318
tile_r020323_c008035,2,-9.005157470703125,275.85186767578125,4.283572196960449,335.979736328125,0.0021862513385713
tile_r020323_c008035,2,-11.76128387451172,327.6512145996094,-1.6733977794647217,390.03521728515625,0.002185559598729
tile_r020323_c008035,2,-0.0394195541739463,191.7958068847656,34.84311294555664,261.97418212890625,0.0021682500373572
tile_r020323_c008035,2,34.8558349609375,482.9940490722656,90.24507904052734,512.25634765625,0.0021668607369065
tile_r020323_c008035,2,475.9564514160156,481.1144409179688,517.7335205078125,511.9060668945313,0.0021111869718879
tile_r020323_c008035,2,200.3518524169922,431.6395568847656,239.74853515625,467.2364196777344,0.00211066682823
tile_r020323_c008035,2,-11.60190773010254,233.3440399169922,-1.1908996105194092,302.56915283203125,0.0020589649211615
tile_r020323_c008035,2,0.8532043695449829,258.11041259765625,30.8065128326416,322.13433837890625,0.0020354611333459
tile_r020323_c008035,2,-5.022100925445557,425.8379821777344,47.54523849487305,497.0846557617188,0.002019576029852
tile_r020323_c008035,2,481.421875,340.0538635253906,521.2269287109375,423.6040649414063,0.001961096888408
tile_r020323_c008035,2,489.72216796875,367.3585815429688,519.8333129882812,444.5203247070313,0.0019403129117563
tile_r020323_c008035,2,301.4600524902344,165.13226318359375,381.29498291015625,243.6513214111328,0.0019374507246538
tile_r020323_c008035,2,433.57568359375,515.1087646484375,507.4268493652344,524.7999877929688,0.0019231342012062
tile_r020323_c008035,2,136.4179229736328,514.2064819335938,219.14425659179688,524.7384033203125,0.0018761586397886
tile_r020323_c008035,2,483.0060424804688,421.2744140625,519.5242309570312,510.42431640625,0.0018754256889224
tile_r020323_c008035,2,514.3129272460938,220.36557006835935,524.7999877929688,296.35272216796875,0.0018635926535353
tile_r020323_c008035,2,490.7689514160156,382.6432189941406,519.8060302734375,455.30364990234375,0.0018416879465803
tile_r020323_c008035,2,353.4564819335937,477.11865234375,386.7364807128906,510.2195434570313,0.0018384132999926
tile_r020323_c008035,2,294.450927734375,476.6971740722656,339.421630859375,511.3619995117188,0.0018279934301972
tile_r020323_c008035,2,414.33392333984375,447.0573120117188,439.36663818359375,471.2715759277344,0.0018255580216646
tile_r020323_c008035,2,433.6949157714844,341.0157165527344,501.5529174804688,406.6438598632813,0.0017963509308174
tile_r020323_c008035,2,-11.81933307647705,205.052001953125,-1.069525122642517,279.7001342773437,0.0017764904769137
tile_r020323_c008035,2,458.5596618652344,339.96661376953125,515.0384521484375,399.512451171875,0.0017759746406227
tile_r020323_c008035,2,-11.715237617492676,316.1459045410156,-1.5532379150390625,379.1044006347656,0.0017722363118082
tile_r020323_c008035,2,150.55551147460938,513.9718627929688,230.727294921875,524.4928588867188,0.0017338696634396
tile_r020323_c008035,2,-11.697103500366213,220.4005889892578,-1.102868676185608,290.875244140625,0.0017275926657021
tile_r020323_c008035,2,381.84814453125,427.5992736816406,451.498046875,494.9478149414063,0.0017210606019943
tile_r020323_c008035,2,514.0426025390625,449.8353576660156,524.383544921875,515.1383666992188,0.0017045900458469
tile_r020323_c008035,2,151.97512817382812,322.1090393066406,214.8240509033203,384.0740661621094,0.0017021405510604
tile_r020323_c008035,2,-1.2700576782226562,291.9470520019531,33.2974739074707,358.17803955078125,0.0016902398783713
tile_r020323_c008035,2,483.04144287109375,328.7108764648437,520.7904663085938,408.7566833496094,0.0016863219207152
tile_r020323_c008035,2,-4.212433815002441,271.7688903808594,13.316699028015137,333.1163024902344,0.0016798969591036
tile_r020323_c008035,2,1.039361596107483,272.1583251953125,28.3470401763916,331.40240478515625,0.0016403868794441
tile_r020323_c008035,2,311.2055053710937,514.2676391601562,398.0872192382813,524.7999877929688,0.0016104117967188
tile_r020323_c008035,2,420.42724609375,514.4775390625,497.6569213867188,524.5797119140625,0.0015961409080773
tile_r020323_c008035,2,0.363546758890152,301.4247436523437,16.257604598999023,331.5859680175781,0.0015922944294288
tile_r020323_c008035,2,-11.356287956237791,413.274169921875,-0.5334151983261108,479.6167602539063,0.0015916054835543
tile_r020323_c008035,2,-0.6096252202987671,510.4153747558594,63.62565994262695,517.4476318359375,0.0015823993599042
tile_r020323_c008035,2,445.4515686035156,515.9429931640625,516.8594970703125,524.7579956054688,0.0015779569512233
tile_r020323_c008035,2,521.8665161132812,458.2863159179688,524.36669921875,520.4049072265625,0.0015722392126917
tile_r020323_c008035,2,2.698193311691284,503.0007934570313,68.40380096435547,512.2091674804688,0.0015650928253307
tile_r020323_c008035,2,-0.5993270874023438,207.9071807861328,34.61163330078125,276.5718688964844,0.0015602427301928
tile_r020323_c008035,2,124.2364730834961,237.32357788085935,210.08938598632807,326.543212890625,0.0015485775656998
tile_r020323_c008035,2,387.0178833007813,479.3082885742188,457.9115295410156,512.0743408203125,0.0015440470306202
tile_r020323_c008035,2,2.6533737182617188,273.148193359375,25.25519371032715,322.3280639648437,0.0015433686785399
tile_r020323_c008035,2,469.34564208984375,500.7463989257813,524.0043334960938,524.5667114257812,0.0015412750653922
tile_r020323_c008035,2,151.4368896484375,294.1993713378906,214.20852661132807,376.56939697265625,0.0015274639008566
tile_r020323_c008035,2,164.3352508544922,305.72283935546875,219.16580200195312,353.49493408203125,0.0015231581637635
tile_r020323_c008035,2,-11.787020683288574,347.35626220703125,-1.5794280767440796,416.1661987304688,0.0015122859040275
tile_r020323_c008035,2,485.2325134277344,404.1734313964844,520.2477416992188,494.4595642089844,0.0015025222674012
tile_r020323_c008035,2,249.15591430664065,347.16680908203125,276.048583984375,375.6915283203125,0.0015021588187664
tile_r020323_c008035,2,214.4629364013672,514.9917602539062,299.44140625,524.7999877929688,0.0014637481654062
tile_r020323_c008035,2,0.63232421875,249.1422576904297,33.038116455078125,309.2706298828125,0.0014606590848416
tile_r020323_c008035,2,70.91484069824219,499.8377380371094,137.752197265625,513.2167358398438,0.0014493211638182
tile_r020323_c008035,2,303.4716796875,502.1666870117188,338.0322265625,511.8552856445313,0.0014468692243099
tile_r020323_c008035,2,396.5499877929688,328.3741149902344,423.1119079589844,359.2986755371094,0.0014431386953219
tile_r020323_c008035,2,-11.638265609741213,292.9135131835937,-0.8195556402206421,365.4090270996094,0.0014415646437555
tile_r020323_c008035,2,485.64892578125,352.30731201171875,520.5665283203125,433.8246154785156,0.0014287735102698
tile_r020323_c008035,2,463.56878662109375,329.5332336425781,514.8422241210938,387.3085632324219,0.0014108481118455
tile_r020323_c008035,2,310.43048095703125,462.4362182617188,340.154296875,485.3517456054688,0.0014075500657781
tile_r020323_c008035,2,342.1861877441406,459.61376953125,389.6979064941406,511.73486328125,0.0013996282359585
tile_r020323_c008035,2,-3.031384229660034,156.67160034179688,36.071754455566406,218.26882934570312,0.0013903281651437
tile_r020323_c008035,2,207.628662109375,315.4877014160156,266.15203857421875,404.4102478027344,0.0013875688891857
tile_r020323_c008035,2,287.3294372558594,455.7611389160156,362.982421875,513.9196166992188,0.0013860546750947
tile_r020323_c008035,2,2.9792723655700684,168.6786651611328,39.589317321777344,233.73324584960935,0.0013753564562648
tile_r020323_c008035,2,36.14728927612305,477.9117126464844,105.72975158691406,512.6494140625,0.0013727523619309
tile_r020323_c008035,2,201.62179565429688,391.712158203125,267.1041259765625,449.3997497558594,0.0013718381524085
tile_r020323_c008035,2,-11.550641059875488,153.43441772460938,-0.9508621096611024,220.85641479492188,0.0013675861991941
tile_r020323_c008035,2,514.9405517578125,384.6482543945313,524.7014770507812,464.2627868652344,0.0013362009776756
tile_r020323_c008035,2,487.1281127929688,316.35699462890625,520.0460815429688,391.8328247070313,0.0013261896092444
tile_r020323_c008035,2,-11.735966682434082,390.0934753417969,-1.920459032058716,454.3184509277344,0.0013214998180046
tile_r020323_c008035,2,296.27703857421875,501.4755859375,342.72491455078125,511.9307556152344,0.0013075119350105
tile_r020323_c008035,2,-12.594831466674805,278.7560729980469,-3.524824619293213,336.80389404296875,0.0013045923551544
tile_r020323_c008035,2,346.19024658203125,39.94987106323242,373.3169250488281,64.21479797363281,0.001297534094192
tile_r020323_c008035,2,481.9786682128906,484.6683044433594,514.6099243164062,510.5855102539063,0.0012935010017827
tile_r020323_c008035,2,513.8311767578125,186.48252868652344,524.7999877929688,260.1161193847656,0.0012872546212747
tile_r020323_c008035,2,199.77587890625,515.1349487304688,282.95050048828125,524.7999877929688,0.0012793855275958
tile_r020323_c008035,2,514.0325927734375,198.9173583984375,524.7999877929688,274.1142272949219,0.0012784821446985
tile_r020323_c008035,2,457.2373962402344,518.3056030273438,512.5090942382812,524.7999877929688,0.0012746279826387
tile_r020323_c008035,2,41.682106018066406,439.8316955566406,89.53227233886719,493.36236572265625,0.0012636719038709
tile_r020323_c008035,2,-1.6931915283203125,310.0180358886719,36.27193832397461,373.3055419921875,0.0012605481315404
tile_r020323_c008035,2,271.44927978515625,99.59375,351.9880065917969,157.5009307861328,0.0012575644068419
tile_r020323_c008035,2,522.017578125,440.7329711914063,524.3992309570312,510.529541015625,0.0012559634633362
tile_r020323_c008035,2,231.9380798339844,513.6573486328125,312.4532165527344,524.7227172851562,0.0012506077764555
tile_r020323_c008035,2,-11.724328994750977,361.2730407714844,-1.5362625122070312,431.747802734375,0.0012471557129174
tile_r020323_c008035,2,488.4099731445313,393.5470581054688,520.4011840820312,473.5306701660156,0.0012327700387686
tile_r020323_c008035,2,153.5159149169922,42.72083282470703,191.7650909423828,70.75861358642578,0.0011996860848739
tile_r020323_c008035,2,510.91357421875,468.7394104003906,524.7999877929688,524.7999877929688,0.0011980623239651
tile_r020323_c008035,2,0.1852050721645355,85.98731994628906,38.31792068481445,137.5035858154297,0.0011726052034646
tile_r020323_c008035,2,514.3360595703125,-10.552978515625,524.7999877929688,66.35193634033203,0.0011711401166394
tile_r020323_c008035,2,41.382102966308594,435.5099487304688,115.59793853759766,503.4908142089844,0.0011519234394654
tile_r020323_c008035,2,515.0853271484375,107.7684326171875,524.6468505859375,193.84341430664065,0.0011474507628008
tile_r020323_c008035,2,514.5586547851562,241.75277709960935,524.7999877929688,325.3822631835937,0.0011449460871517
tile_r020323_c008035,2,322.1488647460937,462.8685607910156,339.6985778808594,479.7599487304688,0.0011429126607254
tile_r020323_c008035,2,513.8762817382812,170.06716918945312,524.7999877929688,246.8094787597656,0.0011348514817655
tile_r020323_c008035,2,522.3453369140625,427.0213012695313,524.287841796875,495.6281127929688,0.0011290884576737
tile_r020323_c008035,2,466.27587890625,313.8261108398437,515.6312255859375,375.8087463378906,0.0011255574645474
tile_r020323_c008035,2,-11.670900344848633,376.7110900878906,-1.7258102893829346,444.9430236816406,0.0011195408878847
tile_r020323_c008035,2,188.18507385253903,391.6934814453125,358.09149169921875,513.7052001953125,0.0011170847574248
tile_r020323_c008035,2,6.718102931976318,463.4808654785156,26.185810089111328,490.8412170410156,0.0011132651707157
tile_r020323_c008035,2,399.282470703125,497.4220581054688,474.23870849609375,512.4913330078125,0.0011041531106457
tile_r020323_c008035,2,-1.115759253501892,347.2847595214844,38.49129104614258,403.2515258789063,0.0011002303799614
tile_r020323_c008035,2,-11.757429122924805,482.2186584472656,1.308679223060608,518.1741333007812,0.0010959347710013
tile_r020323_c008035,2,-1.4730193614959717,329.8279113769531,37.76847839355469,388.2804565429688,0.0010943266097456
tile_r020323_c008035,2,514.0496826171875,16.51363754272461,524.7999877929688,92.14884185791016,0.0010934637393802
tile_r020323_c008035,2,40.69256591796875,463.21490478515625,78.32427978515625,499.65142822265625,0.0010912508005276
tile_r020323_c008035,2,336.08660888671875,41.904029846191406,360.538330078125,58.199974060058594,0.001090963021852
tile_r020323_c008035,2,4.8458251953125,499.1920471191406,50.245750427246094,512.1734619140625,0.0010800764430314
tile_r020323_c008035,2,461.0777282714844,501.8543395996094,515.9246215820312,512.4706420898438,0.0010795044945552
tile_r020323_c008035,2,174.54322814941406,517.8483276367188,236.50473022460935,524.7999877929688,0.0010764442849904
tile_r020323_c008035,2,225.09912109375,501.1832885742188,313.6396484375,513.7664794921875,0.0010742986341938
tile_r020323_c008035,2,514.4827880859375,271.83209228515625,524.7105102539062,346.65301513671875,0.0010739619610831
tile_r020323_c008035,2,476.4757690429688,391.237548828125,516.2581787109375,454.336181640625,0.001056307926774
tile_r020323_c008035,2,112.8281478881836,506.3108520507813,182.65377807617188,512.5731201171875,0.0010517495684325
tile_r020323_c008035,2,87.8837890625,514.7014770507812,170.8938751220703,524.5460205078125,0.0010470054112374
tile_r020323_c008035,2,-0.4678359925746918,228.1254425048828,34.530052185058594,290.1161499023437,0.001038706745021
tile_r020323_c008035,2,187.88706970214844,518.1444091796875,245.1582489013672,524.7999877929688,0.0010264609009027
tile_r020323_c008035,2,424.1105346679688,511.4005432128906,493.3533325195313,519.4263305664062,0.0010217139497399
tile_r020323_c008035,2,4.763018608093262,81.81038665771484,31.29912757873535,117.91888427734376,0.0010158442892134
tile_r020323_c008035,2,40.44844818115234,487.1652221679688,129.94451904296875,513.3175659179688,0.0010156531352549
tile_r020323_c008035,2,-11.76304054260254,505.9408264160156,3.2566559314727783,524.7999877929688,0.0010116627672687
tile_r020323_c008035,2,262.22137451171875,80.44166564941406,361.38671875,166.26531982421875,0.001011207466945
tile_r020323_c008035,2,145.94265747070312,329.5755310058594,204.39285278320312,399.7628479003906,0.0010085707763209
tile_r020323_c008035,2,431.9002990722656,512.0001220703125,498.5364379882813,518.6846313476562,0.0010018402244895
tile_r020323_c008035,2,444.9442443847656,354.04815673828125,515.3709716796875,428.8347778320313,0.0010007537202909
