tile,fold,x0,y0,x1,y1,score
tile_r016227_c004195,0,32.92523956298828,116.56253051757812,94.8001708984375,173.0977783203125,0.8063161373138428
tile_r016227_c004195,0,365.22900390625,103.04193878173828,420.6614990234375,155.19630432128906,0.804702639579773
tile_r016227_c004195,0,86.33653259277344,42.15638732910156,136.7653045654297,86.61862182617188,0.8041373491287231
tile_r016227_c004195,0,445.6593933105469,368.5582580566406,509.2666931152344,435.8305358886719,0.8027056455612183
tile_r016227_c004195,0,296.4851379394531,26.537954330444336,343.4090881347656,71.05260467529297,0.7940958738327026
tile_r016227_c004195,0,0.3645477294921875,320.5552673339844,43.655609130859375,366.4217834472656,0.7885376214981079
tile_r016227_c004195,0,319.20782470703125,386.32952880859375,359.2435913085937,424.68841552734375,0.7856024503707886
tile_r016227_c004195,0,76.73481750488281,185.9060516357422,124.70550537109376,227.5710906982422,0.776717483997345
tile_r016227_c004195,0,178.38351440429688,320.3860778808594,239.45669555664065,390.0562438964844,0.7666922807693481
tile_r016227_c004195,0,0.0788183212280273,-0.0201473236083984,30.449687957763672,31.060152053833008,0.7583133578300476
tile_r016227_c004195,0,140.52743530273438,335.24200439453125,187.3778076171875,381.03912353515625,0.7527570724487305
tile_r016227_c004195,0,399.4179992675781,190.55404663085932,440.8011169433594,229.11376953125,0.7493112087249756
tile_r016227_c004195,0,445.5415954589844,300.4679260253906,479.7256774902344,334.0494689941406,0.7062497138977051
tile_r016227_c004195,0,490.2923278808594,221.1944732666016,512.1788940429688,275.80731201171875,0.6911877393722534
tile_r016227_c004195,0,138.45957946777344,204.5167999267578,180.449935913086,236.9972381591797,0.6809086203575134
tile_r016227_c004195,0,52.01056289672852,-0.0058040618896484,94.8590087890625,37.085357666015625,0.6501248478889465
tile_r016227_c004195,0,1.9834957122802728,241.81451416015625,34.495323181152344,272.1846923828125,0.6354783773422241
tile_r016227_c004195,0,491.0643310546875,419.9992065429688,512.04248046875,461.9609375,0.5854410529136658
tile_r016227_c004195,0,321.2742919921875,119.5139617919922,346.1756591796875,142.9878692626953,0.4503507614135742
tile_r016227_c004195,0,499.7205505371094,107.1065673828125,511.9536437988281,165.81808471679688,0.3565709292888641
tile_r016227_c004195,0,190.7170867919922,355.5916442871094,229.2229156494141,388.6960144042969,0.3244742155075073
tile_r016227_c004195,0,470.77386474609375,-0.2320995330810547,511.366455078125,10.23033046722412,0.2730604410171509
tile_r016227_c004195,0,503.7360229492188,286.1867980957031,512.092529296875,337.4187316894531,0.2475030273199081
tile_r016227_c004195,0,503.6717834472656,348.2857360839844,511.9700012207031,396.7397766113281,0.2249805331230163
tile_r016227_c004195,0,501.2875061035156,117.83763885498048,512.1392211914062,192.7177734375,0.2151241153478622
tile_r016227_c004195,0,503.0445861816406,474.4798278808594,512.1099853515625,511.0882873535156,0.2083945572376251
tile_r016227_c004195,0,190.53268432617188,354.2392883300781,229.35125732421875,388.7438049316406,0.2055407464504242
tile_r016227_c004195,0,342.28302001953125,-0.1973159313201904,396.3938598632813,6.81147575378418,0.1848203539848327
tile_r016227_c004195,0,459.5146789550781,-0.3812289237976074,510.0507507324219,6.775243759155273,0.1762802302837371
tile_r016227_c004195,0,504.2034606933594,2.206512451171875,511.7286682128906,60.89931869506836,0.1754438579082489
tile_r016227_c004195,0,503.3274230957031,151.82858276367188,512.0751953125,217.73260498046875,0.1707001775503158
tile_r016227_c004195,0,-0.6838037967681885,189.44168090820312,5.924370765686035,245.74899291992188,0.1529441326856613
tile_r016227_c004195,0,504.2054443359375,26.926244735717773,511.9304809570313,84.13146209716797,0.1285841315984726
tile_r016227_c004195,0,8.34952163696289,504.4579772949219,63.14797592163086,512.0157470703125,0.1153727918863296
tile_r016227_c004195,0,493.6004028320313,222.6400146484375,512.0869140625,257.2416076660156,0.1151572167873382
tile_r016227_c004195,0,506.1994934082031,272.51861572265625,511.8954162597656,332.58795166015625,0.1143660619854927
tile_r016227_c004195,0,506.1877136230469,456.7969970703125,511.9817810058594,507.3507690429688,0.1095486730337143
tile_r016227_c004195,0,492.930908203125,0.1143245697021484,511.7493286132813,15.95232391357422,0.109369084239006
tile_r016227_c004195,0,505.0215759277344,61.794342041015625,511.6800842285156,118.01040649414062,0.1092118918895721
tile_r016227_c004195,0,-0.6928410530090332,265.9306335449219,5.00471305847168,308.6856384277344,0.1072601005434989
tile_r016227_c004195,0,-0.7861111164093018,329.08349609375,5.227311134338379,373.4187622070313,0.1026334837079048
tile_r016227_c004195,0,494.5376281738281,240.95655822753903,512.1490478515625,274.91339111328125,0.1013978570699691
tile_r016227_c004195,0,503.6164855957031,304.3526611328125,512.0400390625,377.86224365234375,0.0978791043162345
tile_r016227_c004195,0,503.9100341796875,91.74883270263672,511.6236572265625,148.71444702148438,0.0964769646525383
tile_r016227_c004195,0,-0.5701413154602051,83.3626937866211,5.756918907165527,136.73895263671875,0.0955803319811821
tile_r016227_c004195,0,505.1332092285156,178.26309204101562,512.2191772460938,257.9120483398437,0.095404103398323
tile_r016227_c004195,0,-0.631920337677002,61.25831604003906,5.86206579208374,111.01300048828124,0.0950490310788154
tile_r016227_c004195,0,19.633516311645508,505.5027465820313,83.59971618652344,512.2622680664062,0.0907641723752021
tile_r016227_c004195,0,-0.5726964473724365,34.462791442871094,5.906810760498047,78.40254974365234,0.0849938914179802
tile_r016227_c004195,0,370.3298034667969,-0.4816350936889648,429.2034606933594,5.0063252449035645,0.0805217251181602
tile_r016227_c004195,0,336.6140441894531,505.5438537597656,395.6072692871094,511.9457092285156,0.0788736641407013
tile_r016227_c004195,0,499.455322265625,210.21127319335932,511.5862426757813,265.3752746582031,0.0787440165877342
tile_r016227_c004195,0,502.124267578125,400.9983215332031,511.6265869140625,461.9442443847656,0.0782578662037849
tile_r016227_c004195,0,359.1830444335937,506.1705627441406,417.58892822265625,512.2735595703125,0.0773874223232269
tile_r016227_c004195,0,481.9470825195313,-0.0379896163940429,513.6788330078125,16.556377410888672,0.0770295411348342
tile_r016227_c004195,0,205.0913848876953,-0.1761305332183838,249.5219573974609,5.23726749420166,0.0763042420148849
tile_r016227_c004195,0,-0.7245702743530273,98.68152618408205,5.495753288269043,154.85218811035156,0.0754753798246383
tile_r016227_c004195,0,327.00604248046875,-0.3073315620422363,380.083984375,5.060182571411133,0.0754382386803627
tile_r016227_c004195,0,-0.8267965316772461,0.1817560195922851,28.929977416992188,11.514354705810549,0.0722199007868766
tile_r016227_c004195,0,493.1286010742188,222.20594787597656,512.0166015625,258.57342529296875,0.0717163160443306
tile_r016227_c004195,0,447.25006103515625,504.6188659667969,490.93603515625,512.2485961914062,0.0710776522755622
tile_r016227_c004195,0,-0.7351424694061279,153.8978729248047,5.661149978637695,211.058822631836,0.0701180547475814
tile_r016227_c004195,0,-0.4460096359252929,495.557373046875,10.599644660949709,512.040771484375,0.0682215467095375
tile_r016227_c004195,0,-0.7200329303741455,416.0868225097656,5.445664405822754,472.3197326660156,0.0678519532084465
tile_r016227_c004195,0,492.63134765625,423.1825866699219,511.695068359375,452.8058166503906,0.0667710751295089
tile_r016227_c004195,0,307.5507202148437,-0.2777183055877685,356.51519775390625,5.34499454498291,0.0663702189922332
tile_r016227_c004195,0,-0.7056379318237305,390.5094909667969,5.46629810333252,449.9040832519531,0.0632587000727653
tile_r016227_c004195,0,428.0755004882813,-0.3785698413848877,479.3649291992188,4.759385108947754,0.0608194656670093
tile_r016227_c004195,0,-0.7529363632202148,132.3893280029297,5.160943508148193,190.93446350097656,0.0607256889343261
tile_r016227_c004195,0,320.0767822265625,505.8659973144531,375.694091796875,512.002197265625,0.0606907531619071
tile_r016227_c004195,0,402.8489990234375,-0.4788317680358886,454.1882934570313,4.529247760772705,0.0595631673932075
tile_r016227_c004195,0,-0.646406888961792,357.0690002441406,5.016145706176758,416.0277404785156,0.054259818047285
tile_r016227_c004195,0,487.2028503417969,106.16456604003906,512.08056640625,154.3777313232422,0.0525902956724166
tile_r016227_c004195,0,494.2673645019531,225.2933349609375,511.9498596191406,270.8667297363281,0.0511551424860954
tile_r016227_c004195,0,285.1150817871094,506.5133666992188,333.7094421386719,512.3041381835938,0.0511161834001541
tile_r016227_c004195,0,183.4814300537109,321.95562744140625,224.2554473876953,359.01190185546875,0.0509871430695056
tile_r016227_c004195,0,492.2973327636719,426.7120666503906,511.8701477050781,456.5586853027344,0.05020122975111
tile_r016227_c004195,0,497.6886291503906,118.02220916748048,511.3802185058594,151.51171875,0.0501696616411209
tile_r016227_c004195,0,492.5124206542969,410.7571411132813,512.95751953125,456.61279296875,0.0494791865348815
tile_r016227_c004195,0,492.4529113769531,225.47496032714844,512.25634765625,266.8940124511719,0.0490317605435848
tile_r016227_c004195,0,290.2127685546875,-0.0158798694610595,335.3494873046875,4.616377830505371,0.0462972670793533
tile_r016227_c004195,0,145.6080322265625,-0.1556148529052734,195.9281005859375,5.321849346160889,0.0460450239479541
tile_r016227_c004195,0,499.4861145019531,102.67636108398438,518.5625,179.39199829101562,0.0449640676379203
tile_r016227_c004195,0,-0.748154878616333,443.87884521484375,6.863360404968262,502.7113037109375,0.0446769744157791
tile_r016227_c004195,0,428.101806640625,504.7447814941406,478.2542724609375,512.11962890625,0.0434329286217689
tile_r016227_c004195,0,-0.241891860961914,0.5398187637329102,24.64187812805176,20.09218978881836,0.0419256202876567
tile_r016227_c004195,0,116.50457000732422,-0.2094554901123047,169.34878540039062,5.612548828125,0.0416438803076744
tile_r016227_c004195,0,497.24169921875,90.5954132080078,511.23052978515625,123.72445678710938,0.0413816645741462
tile_r016227_c004195,0,109.09797668457033,505.3773193359375,164.9115447998047,512.1448974609375,0.0405872240662574
tile_r016227_c004195,0,90.09953308105467,-0.2177526950836181,140.69798278808594,6.2886152267456055,0.0399706102907657
tile_r016227_c004195,0,496.2377624511719,118.40906524658205,511.8571472167969,162.64324951171875,0.039361223578453
tile_r016227_c004195,0,493.9659729003906,239.93853759765625,511.9184875488281,274.243408203125,0.0393138974905014
tile_r016227_c004195,0,0.0437135696411132,0.7044439315795898,14.375678062438965,31.052623748779297,0.0384826585650444
tile_r016227_c004195,0,-0.0248641967773437,238.13070678710932,33.520748138427734,274.3999938964844,0.0384777896106243
tile_r016227_c004195,0,76.78488159179688,186.4198303222656,122.7799835205078,221.80612182617188,0.0381506718695163
tile_r016227_c004195,0,53.79054641723633,2.915611267089844,95.14956665039062,36.27936553955078,0.0379407666623592
tile_r016227_c004195,0,385.36138916015625,505.6099548339844,443.3660888671875,512.25341796875,0.0376550033688545
tile_r016227_c004195,0,51.31551742553711,506.0647583007813,105.9776611328125,511.9580078125,0.0376148074865341
tile_r016227_c004195,0,315.8535461425781,384.6036376953125,358.6405944824219,423.6847534179688,0.0354039631783962
tile_r016227_c004195,0,85.79817962646484,43.7444953918457,135.5068817138672,82.92897033691406,0.0353321470320224
tile_r016227_c004195,0,495.2868041992188,107.01866149902344,520.398193359375,210.3611602783203,0.0346887931227684
tile_r016227_c004195,0,444.9952697753906,300.8017883300781,478.5437927246094,329.0297546386719,0.0344798527657985
tile_r016227_c004195,0,5.086918830871582,241.4333648681641,34.18109130859375,267.3927917480469,0.0342405326664447
tile_r016227_c004195,0,465.1578369140625,411.6634521484375,498.34765625,435.685302734375,0.0339813716709613
tile_r016227_c004195,0,142.74465942382812,504.0619812011719,202.32931518554688,512.5836181640625,0.0338249802589416
tile_r016227_c004195,0,498.1500854492188,336.52032470703125,524.0820922851562,398.29345703125,0.0334779806435108
tile_r016227_c004195,0,494.9906921386719,150.45944213867188,514.2762451171875,231.22640991210932,0.033364038914442
tile_r016227_c004195,0,215.2442321777344,0.4180617332458496,240.9691772460937,15.261394500732422,0.0332607701420784
tile_r016227_c004195,0,3.398940086364746,2.139835357666016,31.80398178100586,38.350433349609375,0.0331721529364585
tile_r016227_c004195,0,-0.3630313873291015,1.4358196258544922,24.22434425354004,29.32399559020996,0.0331218615174293
tile_r016227_c004195,0,59.46936798095703,1.3743200302124023,94.4928207397461,32.78009033203125,0.0329153314232826
tile_r016227_c004195,0,268.1262512207031,0.0015764236450195,309.3049621582031,4.47379207611084,0.0323927961289882
tile_r016227_c004195,0,50.70685577392578,2.8029909133911133,94.0638656616211,34.381797790527344,0.0314876064658165
tile_r016227_c004195,0,0.2834453582763672,319.6664733886719,39.97521209716797,360.9445495605469,0.0314535610377788
tile_r016227_c004195,0,294.2814025878906,24.863176345825195,342.7063293457031,68.31885528564453,0.0314335003495216
tile_r016227_c004195,0,0.3956108093261719,320.36236572265625,39.14056015014648,359.65057373046875,0.0310225244611501
tile_r016227_c004195,0,236.03976440429688,-0.0330724716186523,276.5839538574219,4.41031551361084,0.0306169167160987
tile_r016227_c004195,0,492.8067321777344,430.9642028808594,512.2730712890625,463.9696960449219,0.0293521042913198
tile_r016227_c004195,0,363.8904724121094,101.13943481445312,419.0214538574219,147.57484436035156,0.0292983334511518
tile_r016227_c004195,0,2.3025503158569336,242.74078369140625,31.446434020996094,266.6854248046875,0.0292332209646701
tile_r016227_c004195,0,178.88259887695312,319.87286376953125,234.599365234375,380.1935424804688,0.0288677122443914
tile_r016227_c004195,0,497.2511596679688,151.3330535888672,521.13330078125,224.86045837402344,0.0288611426949501
tile_r016227_c004195,0,461.97259521484375,370.5164794921875,511.045654296875,420.64007568359375,0.0286683999001979
tile_r016227_c004195,0,443.7179260253906,298.9680480957031,478.1838073730469,328.6940002441406,0.0285041090101003
tile_r016227_c004195,0,138.15782165527344,333.2146301269531,183.4331817626953,370.0238952636719,0.0284278392791748
tile_r016227_c004195,0,5.019923210144043,0.5960330963134766,36.950469970703125,39.35987854003906,0.0281227864325046
tile_r016227_c004195,0,179.1551513671875,320.52618408203125,230.34698486328125,373.5706176757813,0.0277202259749174
tile_r016227_c004195,0,399.0672607421875,191.14675903320312,439.2213134765625,223.74090576171875,0.0274092908948659
tile_r016227_c004195,0,399.7050476074219,191.9104461669922,437.9057312011719,222.51942443847656,0.0273645892739295
tile_r016227_c004195,0,374.5732421875,100.02217864990234,424.7930908203125,153.1024627685547,0.0272452682256698
tile_r016227_c004195,0,186.2316131591797,346.7947692871094,229.5570526123047,381.8293762207031,0.0272262636572122
tile_r016227_c004195,0,485.4932861328125,122.16179656982422,511.702880859375,160.83843994140625,0.0272254049777984
tile_r016227_c004195,0,398.122314453125,189.01060485839844,437.9158935546875,215.26817321777344,0.0271110329777002
tile_r016227_c004195,0,318.0562744140625,385.9703369140625,355.57232666015625,422.7936401367188,0.0265524722635746
tile_r016227_c004195,0,454.0358276367188,366.8701171875,507.08990478515625,413.7740478515625,0.0265494883060455
tile_r016227_c004195,0,138.1334991455078,205.1477813720703,177.23985290527344,233.1196136474609,0.0265192221850156
tile_r016227_c004195,0,78.42225646972656,192.9101104736328,121.45745849609376,225.6090240478516,0.0262523740530014
tile_r016227_c004195,0,444.7073669433594,300.7872314453125,479.3309020996094,331.6912841796875,0.0261991880834102
tile_r016227_c004195,0,184.40272521972656,327.87872314453125,229.37684631347656,366.1345825195313,0.0258053485304117
tile_r016227_c004195,0,146.427978515625,343.3097229003906,184.16732788085932,377.8555603027344,0.0257992763072252
tile_r016227_c004195,0,72.91014099121094,182.3067169189453,121.72203063964844,230.8150177001953,0.0254211276769638
tile_r016227_c004195,0,138.80775451660156,206.47450256347656,175.22816467285156,231.7986602783203,0.0250648818910121
tile_r016227_c004195,0,448.4386596679688,298.9390563964844,482.346923828125,333.2097473144531,0.0250478442758321
tile_r016227_c004195,0,321.43994140625,120.77090454101562,344.3966064453125,141.2740478515625,0.0243941340595483
tile_r016227_c004195,0,192.195541381836,362.7863464355469,217.8395538330078,387.4968566894531,0.0240169428288936
tile_r016227_c004195,0,61.69144058227539,7.094594955444336,93.02210998535156,35.80435943603516,0.0240080300718545
tile_r016227_c004195,0,59.363380432128906,7.884163856506348,93.41857147216795,36.21772766113281,0.0239862855523824
tile_r016227_c004195,0,0.0646557807922363,341.7284545898437,15.885793685913086,368.9549560546875,0.023922499269247
tile_r016227_c004195,0,302.8246459960937,27.07459831237793,346.98199462890625,69.1443862915039,0.0234812814742326
tile_r016227_c004195,0,213.9452362060547,503.6631164550781,274.4046325683594,512.542724609375,0.0231023784726858
tile_r016227_c004195,0,464.76751708984375,370.10693359375,511.7073974609375,427.4774169921875,0.0230217184871435
tile_r016227_c004195,0,82.6639633178711,505.3506164550781,142.2649688720703,512.3341064453125,0.0226362459361553
tile_r016227_c004195,0,475.6872253417969,369.8283996582031,507.4091491699219,407.7447814941406,0.0226096138358116
tile_r016227_c004195,0,200.7279663085937,324.9914855957031,237.7254943847656,377.3401184082031,0.0225188769400119
tile_r016227_c004195,0,35.06211471557617,123.4326629638672,92.48890686035156,171.3266143798828,0.0224063973873853
tile_r016227_c004195,0,446.1178588867188,373.8814697265625,506.790771484375,437.4017333984375,0.0223427470773458
tile_r016227_c004195,0,166.08267211914062,433.49066162109375,232.4630126953125,501.62841796875,0.0214113052934408
tile_r016227_c004195,0,492.2962341308594,340.3295288085937,523.31884765625,412.273681640625,0.0211000274866819
tile_r016227_c004195,0,0.4136848449707031,342.361572265625,28.726896286010746,365.8271484375,0.0210107546299695
tile_r016227_c004195,0,145.5767059326172,353.2642822265625,183.24888610839844,379.9844970703125,0.0209863409399986
tile_r016227_c004195,0,41.55302429199219,139.72239685058594,81.1388168334961,170.8972625732422,0.0205706097185611
tile_r016227_c004195,0,64.89915466308594,2.267671585083008,102.41413879394533,38.09023284912109,0.0205204710364341
tile_r016227_c004195,0,93.21783447265624,187.6271209716797,128.23570251464844,227.2183074951172,0.0203494001179933
tile_r016227_c004195,0,6.52984619140625,249.7325897216797,34.27226257324219,271.416748046875,0.0202301070094108
tile_r016227_c004195,0,447.4934692382813,392.2495727539063,494.3278198242188,431.3805541992188,0.019330509006977
tile_r016227_c004195,0,32.88265609741211,114.02764892578124,92.23121643066406,178.37408447265625,0.0191385950893163
tile_r016227_c004195,0,485.5723876953125,379.3724060058594,510.39495849609375,441.6746520996094,0.0187345482409
tile_r016227_c004195,0,470.7732238769531,70.72146606445312,514.0396118164062,171.34889221191406,0.0186955593526363
tile_r016227_c004195,0,294.7955322265625,31.743396759033203,318.60186767578125,66.914794921875,0.0186236500740051
tile_r016227_c004195,0,491.555419921875,-18.763259887695312,518.888916015625,24.35906982421875,0.0183455869555473
tile_r016227_c004195,0,172.01712036132812,439.4048767089844,208.8827209472656,483.2117614746094,0.0182063952088356
tile_r016227_c004195,0,27.829383850097656,-36.73588180541992,97.6903305053711,41.85644912719727,0.0182052049785852
tile_r016227_c004195,0,65.26776123046875,-14.001272201538086,103.4700927734375,21.391332626342773,0.0180517379194498
tile_r016227_c004195,0,407.7420043945313,205.37066650390625,439.34564208984375,228.586669921875,0.0179825127124786
tile_r016227_c004195,0,318.959228515625,397.038818359375,356.6552124023437,424.546630859375,0.0179569814354181
tile_r016227_c004195,0,41.57223510742188,115.3084945678711,101.4940948486328,180.09796142578125,0.0178941842168569
tile_r016227_c004195,0,201.6891632080078,364.3920593261719,225.5962677001953,390.5073547363281,0.0176775213330984
tile_r016227_c004195,0,327.3797607421875,392.3375854492188,358.8582763671875,425.5640258789063,0.0175772532820701
tile_r016227_c004195,0,147.80661010742188,115.36640167236328,190.599365234375,165.61285400390625,0.0173652544617652
tile_r016227_c004195,0,318.3443603515625,403.184326171875,336.718994140625,422.8958740234375,0.0169959980994462
tile_r016227_c004195,0,168.54722595214844,-0.0139122009277343,208.62290954589844,24.33416557312012,0.0166413635015487
tile_r016227_c004195,0,0.65350341796875,454.53955078125,45.5451545715332,513.3612060546875,0.0165876001119613
tile_r016227_c004195,0,295.0943603515625,44.546382904052734,319.55926513671875,71.24819946289062,0.0163769796490669
tile_r016227_c004195,0,318.4113464355469,397.6595764160156,331.6071472167969,419.0210266113281,0.0163651406764984
tile_r016227_c004195,0,472.114990234375,98.95914459228516,524.3184204101562,236.45474243164065,0.0160829499363899
tile_r016227_c004195,0,321.69635009765625,120.20186614990234,346.44586181640625,145.4678955078125,0.0160028245300054
tile_r016227_c004195,0,323.2167053222656,393.293701171875,359.9186706542969,427.8104248046875,0.0159750133752822
tile_r016227_c004195,0,449.6322937011719,-22.63379669189453,505.0679626464844,27.89577865600586,0.0155652519315481
tile_r016227_c004195,0,22.932979583740234,-18.108198165893555,97.03968811035156,41.64046478271485,0.0155188655480742
tile_r016227_c004195,0,403.2135620117188,188.04820251464844,456.09368896484375,240.8806304931641,0.0155186541378498
tile_r016227_c004195,0,402.0115966796875,185.295654296875,453.2564086914063,245.3627319335937,0.0154992081224918
tile_r016227_c004195,0,13.321319580078123,492.91497802734375,503.7874450683594,514.9371337890625,0.0154539067298173
tile_r016227_c004195,0,70.63890075683594,189.2263946533203,93.91368103027344,223.2029266357422,0.0154527332633733
tile_r016227_c004195,0,183.4959716796875,493.4011840820313,234.2447509765625,513.35791015625,0.0154164806008338
tile_r016227_c004195,0,23.911361694335938,111.3888168334961,81.93575286865234,184.02145385742188,0.0153789455071091
tile_r016227_c004195,0,179.2518310546875,-6.386882305145264,203.018798828125,14.712787628173828,0.0153036024421453
tile_r016227_c004195,0,489.4851989746094,-29.572866439819336,525.7236328125,34.74293518066406,0.0152303809300065
tile_r016227_c004195,0,114.77599334716795,55.132354736328125,135.2143096923828,90.38519287109376,0.0152058629319071
tile_r016227_c004195,0,62.97693634033203,190.3557586669922,84.12505340576172,211.5151824951172,0.0150503041222691
tile_r016227_c004195,0,490.8218383789063,-27.8734130859375,529.1954345703125,34.20250701904297,0.014988481067121
tile_r016227_c004195,0,186.6747436523437,-17.20089340209961,239.00711059570312,44.03255844116211,0.0149806328117847
tile_r016227_c004195,0,306.30303955078125,26.962121963500977,356.027587890625,78.64688873291016,0.0149742662906646
tile_r016227_c004195,0,319.5130310058594,121.8309555053711,345.4461364746094,145.21090698242188,0.0146519672125577
tile_r016227_c004195,0,318.1351318359375,389.0614013671875,332.85211181640625,414.5587768554688,0.0146298110485076
tile_r016227_c004195,0,376.8576354980469,102.38449096679688,435.2925720214844,163.30294799804688,0.0146090788766741
tile_r016227_c004195,0,160.7721405029297,453.1384582519531,204.9621734619141,500.5966491699219,0.0145974559709429
tile_r016227_c004195,0,401.9562683105469,186.557373046875,459.4734191894531,245.0946044921875,0.0144380712881684
tile_r016227_c004195,0,188.867919921875,4.132686614990234,234.9261474609375,53.27718353271485,0.0138870123773813
tile_r016227_c004195,0,140.9141082763672,121.70729064941406,185.1027069091797,168.4839324951172,0.0138271227478981
tile_r016227_c004195,0,414.7113037109375,462.54931640625,482.6076049804688,511.8143310546875,0.0137383909896016
tile_r016227_c004195,0,329.328857421875,464.7554626464844,398.65667724609375,511.2015686035156,0.0134810665622353
tile_r016227_c004195,0,104.32638549804688,470.8465881347656,165.09835815429688,513.0526123046875,0.0134216668084263
tile_r016227_c004195,0,384.7138671875,170.22317504882812,448.5825805664063,246.72897338867188,0.0131466053426265
tile_r016227_c004195,0,318.1871337890625,392.64691162109375,338.86358642578125,414.95513916015625,0.0131400050595402
tile_r016227_c004195,0,388.0014343261719,108.26898193359376,426.0364074707031,165.64697265625,0.0130470441654324
tile_r016227_c004195,0,160.66038513183594,-18.775503158569336,201.960189819336,25.80906867980957,0.0128634022548794
tile_r016227_c004195,0,72.800048828125,370.61322021484375,99.42938232421876,399.56195068359375,0.0128323240205645
tile_r016227_c004195,0,434.0871887207031,-59.57019805908203,517.3099365234375,63.48188781738281,0.0127887371927499
tile_r016227_c004195,0,74.79496765136719,462.1544189453125,137.58355712890625,511.4644775390625,0.0127830971032381
tile_r016227_c004195,0,140.8441619873047,93.70306396484376,217.169174194336,167.43853759765625,0.0126983532682061
tile_r016227_c004195,0,20.187271118164062,451.2024230957031,76.40509796142578,508.7492370605469,0.0126581899821758
tile_r016227_c004195,0,460.9322509765625,192.7938690185547,507.5732421875,261.1217956542969,0.0126174204051494
tile_r016227_c004195,0,66.1741714477539,380.5999755859375,90.75276947021484,408.0213623046875,0.0125468587502837
tile_r016227_c004195,0,333.3046875,-25.78915023803711,395.5157470703125,30.54296493530273,0.0125062782317399
tile_r016227_c004195,0,-0.4569091796875,-26.708057403564453,511.5084838867188,94.4873046875,0.0123501447960734
tile_r016227_c004195,0,446.1775817871094,204.46485900878903,510.8341979980469,286.04754638671875,0.0122727025300264
tile_r016227_c004195,0,475.3610229492188,212.2342834472656,500.30810546875,240.2452392578125,0.012221198529005
tile_r016227_c004195,0,122.53746795654295,52.169677734375,144.47914123535156,90.678466796875,0.012195655144751
tile_r016227_c004195,0,435.4567565917969,253.97622680664065,505.2107238769531,347.3240661621094,0.0121520971879363
tile_r016227_c004195,0,434.2078857421875,471.4606018066406,478.762939453125,514.8709106445312,0.01198211312294
tile_r016227_c004195,0,59.36751556396485,379.3792419433594,84.48734283447266,407.3686828613281,0.0117779206484556
tile_r016227_c004195,0,-29.5723876953125,430.9815673828125,482.416259765625,523.559326171875,0.0117295840755105
tile_r016227_c004195,0,363.5508728027344,-1.9027442932128904,423.1919860839844,53.07144546508789,0.0117279374971985
tile_r016227_c004195,0,434.4976806640625,461.2975463867188,492.84674072265625,524.5203857421875,0.0117013715207576
tile_r016227_c004195,0,405.06591796875,181.9127655029297,470.1043701171875,247.59556579589844,0.0116610266268253
tile_r016227_c004195,0,413.4781799316406,466.396484375,474.6388854980469,518.674072265625,0.0115096028894186
tile_r016227_c004195,0,328.9159240722656,465.6993103027344,352.6081848144531,489.4403381347656,0.0114922393113374
tile_r016227_c004195,0,156.78744506835938,97.91334533691406,276.1552429199219,180.1196746826172,0.0114889843389391
tile_r016227_c004195,0,443.043212890625,209.9687957763672,462.7288208007813,235.1625823974609,0.011481269262731
tile_r016227_c004195,0,282.944091796875,27.858842849731445,312.02362060546875,58.48943328857422,0.0114357490092515
tile_r016227_c004195,0,439.18212890625,467.8475341796875,479.3603515625,521.1533813476562,0.0113987522199749
tile_r016227_c004195,0,268.5731811523437,436.4605712890625,315.197265625,470.318115234375,0.0110133262351155
tile_r016227_c004195,0,122.66970825195312,0.3581008911132812,200.0624084472656,54.20603942871094,0.0110014602541923
tile_r016227_c004195,0,216.61480712890625,362.6120300292969,244.91162109375,396.3901062011719,0.0109386537224054
tile_r016227_c004195,0,447.4692687988281,426.4566040039063,509.6372985839844,496.1805419921875,0.0108979530632495
tile_r016227_c004195,0,208.36558532714844,45.014495849609375,244.1884002685547,86.86082458496094,0.010863927192986
tile_r016227_c004195,0,394.16693115234375,104.76239013671876,431.86566162109375,173.90399169921875,0.0108298445120453
tile_r016227_c004195,0,237.4589233398437,433.0364685058594,299.15875244140625,475.6542663574219,0.0108192348852753
tile_r016227_c004195,0,-62.75604248046875,67.76373291015625,449.2326049804688,199.46041870117188,0.0107212513685226
tile_r016227_c004195,0,461.3060302734375,284.23797607421875,551.1753540039062,362.7849731445313,0.0107062403112649
tile_r016227_c004195,0,451.1947326660156,221.01519775390625,508.0770568847656,294.2235107421875,0.010697703808546
tile_r016227_c004195,0,462.2422180175781,166.08489990234375,505.8786926269531,224.42584228515625,0.0106679545715451
tile_r016227_c004195,0,204.09307861328125,447.1634521484375,259.5541076660156,512.646728515625,0.0106134340167045
tile_r016227_c004195,0,161.79428100585938,248.81301879882807,234.38546752929688,311.2250671386719,0.010607061907649
tile_r016227_c004195,0,222.4922790527344,324.6127319335937,250.05844116210932,368.2120971679688,0.0105807976797223
tile_r016227_c004195,0,355.0687866210937,100.09471130371094,428.9733276367188,193.42481994628903,0.0105115296319127
tile_r016227_c004195,0,192.49691772460932,36.58168029785156,247.85220336914065,96.31478881835938,0.0104998955503106
tile_r016227_c004195,0,352.667724609375,3.1882362365722656,418.9998779296875,68.16348266601562,0.010430566035211
tile_r016227_c004195,0,245.7640991210937,442.23284912109375,308.04986572265625,512.9996337890625,0.0103397546336054
tile_r016227_c004195,0,215.5716857910156,-35.44405746459961,292.9228210449219,54.242977142333984,0.0102723101153969
tile_r016227_c004195,0,143.1448974609375,60.45523452758789,230.902587890625,138.6708984375,0.0101189045235514
tile_r016227_c004195,0,10.413055419921877,155.9969482421875,522.3704833984375,292.73016357421875,0.0100529957562685
tile_r016227_c004195,0,186.05816650390625,441.4457702636719,269.1771240234375,513.531982421875,0.010049095377326
tile_r016227_c004195,0,344.4429931640625,10.82683563232422,410.1768798828125,97.10252380371094,0.0100379390642046
tile_r016227_c004195,0,232.93179321289065,287.7279052734375,261.0021667480469,311.6635131835937,0.0099277719855308
tile_r016227_c004195,0,69.82025146484375,266.662841796875,139.2370147705078,337.225830078125,0.0099135106429457
tile_r016227_c004195,0,382.9513244628906,3.810955047607422,451.1455383300781,62.33058547973633,0.0099005214869976
tile_r016227_c004195,0,152.1328582763672,57.78877639770508,188.8888397216797,89.99617004394531,0.0098676513880491
tile_r016227_c004195,0,182.4120635986328,137.95582580566406,309.53826904296875,237.51942443847656,0.009748856537044
tile_r016227_c004195,0,359.9682312011719,18.29677963256836,417.5994567871094,82.03486633300781,0.0097123784944415
tile_r016227_c004195,0,350.7315979003906,39.70743179321289,414.2033386230469,147.5066680908203,0.0095867468044161
tile_r016227_c004195,0,54.496368408203125,176.34805297851562,566.466552734375,296.325927734375,0.0095732966437935
tile_r016227_c004195,0,426.2234497070313,299.79547119140625,480.3899536132813,362.9044189453125,0.0095670949667692
tile_r016227_c004195,0,358.7051086425781,214.8045959472656,402.8756408691406,263.3224792480469,0.0094938352704048
tile_r016227_c004195,0,33.75568771362305,54.01702499389648,82.55082702636719,100.06036376953124,0.0094881374388933
tile_r016227_c004195,0,371.3854675292969,39.45818328857422,409.8368835449219,97.51342010498048,0.0094449538737535
tile_r016227_c004195,0,291.9788513183594,262.306396484375,388.6937561035156,354.2943725585937,0.0094442265108227
tile_r016227_c004195,0,171.11715698242188,238.5191345214844,234.03970336914065,277.3993835449219,0.009424147196114
tile_r016227_c004195,0,165.53521728515625,247.5899200439453,206.9425048828125,288.88482666015625,0.0094165299087762
tile_r016227_c004195,0,101.35287475585938,19.76412582397461,158.29745483398438,60.148380279541016,0.0093747666105628
tile_r016227_c004195,0,300.7096252441406,235.37722778320312,398.5758361816406,331.9462585449219,0.0093156127259135
tile_r016227_c004195,0,116.67911529541016,104.1026382446289,170.54417419433594,172.37725830078125,0.0092660868540406
tile_r016227_c004195,0,342.4789428710937,66.31246948242188,393.80572509765625,125.89601135253906,0.0091423084959387
tile_r016227_c004195,0,267.1519470214844,336.8376159667969,314.2666931152344,383.6331481933594,0.0091290445998311
tile_r016227_c004195,0,399.4848937988281,351.405517578125,437.2734069824219,401.388427734375,0.0090703163295984
tile_r016227_c004195,0,402.9654541015625,113.69245910644533,455.8487548828125,194.7960357666016,0.0090535832569003
tile_r016227_c004195,0,450.4049377441406,242.99644470214844,488.5500183105469,293.11846923828125,0.0090072629973292
tile_r016227_c004195,0,233.3507080078125,233.51307678222656,279.45086669921875,280.9334411621094,0.0090023903176188
tile_r016227_c004195,0,253.44271850585932,236.640625,300.3009948730469,291.651611328125,0.0088678933680057
tile_r016227_c004195,0,244.22439575195312,141.69642639160156,288.3994445800781,198.4056854248047,0.0088678682222962
tile_r016227_c004195,0,400.6609497070313,15.387899398803713,449.08697509765625,70.89373779296875,0.0088297016918659
tile_r016227_c004195,0,239.2169189453125,388.96868896484375,350.0907592773437,464.8905029296875,0.0087613547220826
tile_r016227_c004195,0,413.153564453125,81.23588562011719,465.13714599609375,151.5765838623047,0.0087325870990753
tile_r016227_c004195,0,424.9535827636719,141.46603393554688,478.3840637207031,206.53707885742188,0.0086686108261346
tile_r016227_c004195,0,436.72564697265625,216.7604217529297,482.39111328125,274.4766540527344,0.0085925916209816
tile_r016227_c004195,0,441.2969055175781,215.4616851806641,488.2549133300781,273.02496337890625,0.0085891876369714
tile_r016227_c004195,0,332.279541015625,55.00852584838867,395.1671752929688,111.13851928710938,0.0085748340934515
tile_r016227_c004195,0,409.6998596191406,104.97455596923828,439.5268249511719,140.69839477539062,0.0084379436448216
tile_r016227_c004195,0,415.1021423339844,76.62104034423828,479.8564147949219,135.8116455078125,0.0084211593493819
tile_r016227_c004195,0,416.7862854003906,101.29591369628906,453.1410217285156,174.81956481933594,0.0083714080974459
tile_r016739_c004451,0,272.44000244140625,0.1319999694824218,326.5386962890625,45.90267562866211,0.8088124394416809
tile_r016739_c004451,0,457.090087890625,478.969970703125,510.6314086914063,512.3114013671875,0.791709303855896
tile_r016739_c004451,0,225.24639892578125,288.2390441894531,277.62994384765625,337.0813903808594,0.7899236083030701
tile_r016739_c004451,0,325.1132202148437,438.8446044921875,373.5523681640625,482.77154541015625,0.7848288416862488
tile_r016739_c004451,0,393.0294494628906,347.2354736328125,439.2107849121094,389.87890625,0.7812063694000244
tile_r016739_c004451,0,50.168853759765625,264.6684875488281,90.24064636230467,305.2534484863281,0.7660622000694275
tile_r016739_c004451,0,147.70143127441406,201.2167358398437,188.75978088378903,244.352294921875,0.7628906965255737
tile_r016739_c004451,0,0.0819740295410156,465.1448059082031,28.81515121459961,512.3836059570312,0.7458521723747253
tile_r016739_c004451,0,216.90513610839844,57.15364074707031,261.7148742675781,100.2175750732422,0.7402355670928955
tile_r016739_c004451,0,319.9617614746094,361.058349609375,358.3508605957031,397.4755859375,0.7399260401725769
tile_r016739_c004451,0,473.0589294433594,383.84564208984375,511.7142028808594,422.2478637695313,0.6981644034385681
tile_r016739_c004451,0,374.1619262695313,279.969970703125,421.405029296875,330.5009155273437,0.6914889216423035
tile_r016739_c004451,0,279.9332275390625,140.8596954345703,328.13092041015625,189.54884338378903,0.5896822810173035
tile_r016739_c004451,0,354.59783935546875,232.50711059570312,403.1724853515625,277.230224609375,0.4856087863445282
tile_r016739_c004451,0,237.44728088378903,85.97637176513672,267.53692626953125,111.50128936767578,0.4662665426731109
tile_r016739_c004451,0,315.9002990722656,498.8845825195313,367.9981994628906,512.1088256835938,0.3560124039649963
tile_r016739_c004451,0,196.982162475586,-0.2751872539520263,248.1809234619141,7.146884918212891,0.2393855303525924
tile_r016739_c004451,0,502.9735412597656,413.1588439941406,512.0890502929688,473.0639953613281,0.2369135320186615
tile_r016739_c004451,0,-0.7397167682647705,143.54344177246094,7.30865478515625,200.8054962158203,0.1831638365983963
tile_r016739_c004451,0,-0.7237780094146729,150.274658203125,7.284401893615723,205.84963989257807,0.1803521662950515
tile_r016739_c004451,0,321.8722839355469,-0.1614866256713867,368.6206970214844,8.929290771484375,0.1679609268903732
tile_r016739_c004451,0,374.7874145507813,283.2629089355469,420.4052734375,331.7477111816406,0.1579829603433609
tile_r016739_c004451,0,206.9766540527344,-0.4529204368591308,255.0189819335937,5.98856258392334,0.1508603245019912
tile_r016739_c004451,0,-0.5786573886871338,417.9357299804688,5.445443153381348,461.301025390625,0.1484761387109756
tile_r016739_c004451,0,184.0028076171875,-0.3324036598205566,233.4912109375,5.979320526123047,0.11320061981678
tile_r016739_c004451,0,312.7677307128906,111.55403137207033,341.7248229980469,145.8188018798828,0.1109707951545715
tile_r016739_c004451,0,111.494384765625,-0.2165479660034179,163.20654296875,5.356817722320557,0.1067533940076828
tile_r016739_c004451,0,89.75332641601562,-0.255620002746582,141.64500427246094,5.646750926971436,0.1022363007068634
tile_r016739_c004451,0,66.36314392089844,503.4552307128906,98.441650390625,511.9397277832031,0.0993615016341209
tile_r016739_c004451,0,311.7016906738281,110.84913635253906,341.4173278808594,146.4266815185547,0.0989024639129638
tile_r016739_c004451,0,311.5509338378906,108.2798309326172,345.2892761230469,146.94790649414062,0.0986684039235115
tile_r016739_c004451,0,311.3964233398437,110.17835998535156,341.97857666015625,145.31707763671875,0.0946225598454475
tile_r016739_c004451,0,-0.5979363918304443,400.7281188964844,5.459916114807129,452.7337341308594,0.0871932134032249
tile_r016739_c004451,0,457.5357971191406,480.2726745605469,509.9013977050781,510.8564147949219,0.0856689512729644
tile_r016739_c004451,0,432.40325927734375,330.91387939453125,477.20257568359375,359.3583374023437,0.0854178965091705
tile_r016739_c004451,0,316.2947082519531,502.967529296875,365.3966369628906,512.1168823242188,0.0839001536369323
tile_r016739_c004451,0,202.66162109375,135.89987182617188,222.21340942382807,154.02276611328125,0.0752879679203033
tile_r016739_c004451,0,378.42669677734375,208.13232421875,420.2244873046875,237.42645263671875,0.071675918996334
tile_r016739_c004451,0,259.42608642578125,147.1640625,277.63427734375,165.87338256835938,0.0698414072394371
tile_r016739_c004451,0,237.7162170410156,86.04804229736328,267.2342529296875,111.24959564208984,0.0663341805338859
tile_r016739_c004451,0,334.7612609863281,138.96044921875,375.7961120605469,168.62686157226562,0.0644441917538642
tile_r016739_c004451,0,492.71783447265625,0.0041427612304687,512.240966796875,13.698996543884276,0.0620012320578098
tile_r016739_c004451,0,219.11065673828125,57.2054443359375,259.0987243652344,88.95277404785156,0.0600120536983013
tile_r016739_c004451,0,328.2686767578125,59.3564682006836,365.5772705078125,89.30408477783203,0.0575529336929321
tile_r016739_c004451,0,335.2923583984375,121.82554626464844,375.0016479492188,150.6814422607422,0.0557496845722198
tile_r016739_c004451,0,144.38021850585938,197.6034698486328,196.03079223632807,259.5230407714844,0.0550090782344341
tile_r016739_c004451,0,473.7564392089844,359.0890197753906,514.196044921875,378.9924011230469,0.0532451942563056
tile_r016739_c004451,0,335.867431640625,107.26177978515624,374.5216674804688,135.94815063476562,0.0515975840389728
tile_r016739_c004451,0,390.4266662597656,232.07992553710932,431.4665832519531,260.7779235839844,0.0496047884225845
tile_r016739_c004451,0,352.6702880859375,169.80990600585938,393.5999755859375,198.9227294921875,0.0492312721908092
tile_r016739_c004451,0,334.3885803222656,78.36187744140625,370.5199890136719,105.86050415039062,0.0455096177756786
tile_r016739_c004451,0,336.0356750488281,93.006103515625,373.8421325683594,121.2409210205078,0.0400270633399486
tile_r016739_c004451,0,447.45263671875,343.4559326171875,490.1710815429688,368.9702758789063,0.0399351939558982
tile_r016739_c004451,0,402.9852600097656,270.0754699707031,445.0757751464844,298.7038269042969,0.0394040495157241
tile_r016739_c004451,0,349.50054931640625,-76.1090316772461,634.9382934570312,133.41531372070312,0.0374561063945293
tile_r016739_c004451,0,339.9513854980469,46.84006881713867,384.4739685058594,73.22560119628906,0.0366648100316524
tile_r016739_c004451,0,276.21893310546875,0.8893623352050781,325.7963256835937,31.574047088623047,0.0353899039328098
tile_r016739_c004451,0,239.6907958984375,86.4967041015625,265.076171875,109.11570739746094,0.0349621325731277
tile_r016739_c004451,0,156.42698669433594,298.1689758300781,179.40892028808594,321.2783508300781,0.0343788675963878
tile_r016739_c004451,0,278.1636962890625,141.92872619628906,325.85986328125,186.8023223876953,0.0326893404126167
tile_r016739_c004451,0,318.6577453613281,360.6054382324219,357.2319641113281,394.9475402832031,0.0319764316082
tile_r016739_c004451,0,474.876220703125,387.2737731933594,510.60784912109375,420.6754455566406,0.0310847721993923
tile_r016739_c004451,0,235.0311889648437,83.8134994506836,267.11962890625,113.16341400146484,0.0305783879011869
tile_r016739_c004451,0,354.6986083984375,-72.70596313476562,631.337646484375,153.4394989013672,0.0298894383013248
tile_r016739_c004451,0,337.8669128417969,-80.95621490478516,627.63720703125,138.22195434570312,0.028158513829112
tile_r016739_c004451,0,341.5740966796875,-74.34092712402344,627.1912231445312,154.05296325683594,0.0278837345540523
tile_r016739_c004451,0,459.8310546875,344.0908203125,503.9015502929688,366.39300537109375,0.0257735718041658
tile_r016739_c004451,0,367.8434448242188,180.9596710205078,408.15960693359375,209.2947540283203,0.0247357413172721
tile_r016739_c004451,0,349.601806640625,-60.78418350219727,619.8101806640625,166.3444366455078,0.0230733938515186
tile_r016739_c004451,0,404.5226135253906,254.09718322753903,444.8981018066406,283.1526184082031,0.0222473349422216
tile_r016739_c004451,0,460.4823303222656,47.63602066040039,507.8642883300781,79.65116882324219,0.0219926461577415
tile_r016739_c004451,0,369.4354553222656,-68.7457275390625,631.908935546875,150.78529357910156,0.0217729080468416
tile_r016739_c004451,0,444.0242614746094,35.32038879394531,498.9539489746094,66.77078247070312,0.0214013997465372
tile_r016739_c004451,0,483.6161193847656,153.37225341796875,529.28369140625,188.63650512695312,0.0211913101375103
tile_r016739_c004451,0,474.0230712890625,75.83927917480469,516.103759765625,107.55329895019533,0.0208218321204185
tile_r016739_c004451,0,418.7919006347656,296.2874755859375,458.9705505371094,325.99053955078125,0.020771337673068
tile_r016739_c004451,0,335.908935546875,-60.71433639526367,615.1766357421875,163.0958709716797,0.0207069348543882
tile_r016739_c004451,0,435.1500244140625,37.10363006591797,484.9020385742188,63.74896240234375,0.0205006059259176
tile_r016739_c004451,0,462.72467041015625,61.94979095458984,505.2958984375,92.78803253173828,0.0204867888242006
tile_r016739_c004451,0,392.6403503417969,215.6549224853516,432.6365051269531,244.28504943847656,0.0203973930329084
tile_r016739_c004451,0,484.5592041015625,165.3683319091797,528.400390625,200.46372985839844,0.0203153025358915
tile_r016739_c004451,0,362.099853515625,-59.72075271606445,624.073486328125,167.36270141601562,0.0201573818922042
tile_r016739_c004451,0,483.7430114746094,128.6830291748047,529.1249389648438,164.2929229736328,0.0201350804418325
tile_r016739_c004451,0,450.2576599121094,49.044227600097656,494.0928039550781,77.98875427246094,0.0194002725183963
tile_r016739_c004451,0,485.3851013183594,177.96969604492188,527.568115234375,212.43246459960932,0.0193618107587099
tile_r016739_c004451,0,329.17010498046875,-75.47125244140625,621.021728515625,153.1224822998047,0.0189682021737098
tile_r016739_c004451,0,484.9735107421875,114.98442840576172,527.9091186523438,150.98419189453125,0.0186691135168075
tile_r016739_c004451,0,485.7213745117188,191.39393615722656,527.2256469726562,225.02159118652344,0.0186595190316438
tile_r016739_c004451,0,485.4250793457031,217.638412475586,527.4926147460938,249.08399963378903,0.0185288581997156
tile_r016739_c004451,0,485.6290893554688,204.8759307861328,527.29248046875,237.1334686279297,0.0184802692383527
tile_r016739_c004451,0,375.4715576171875,36.494384765625,424.5641479492188,59.87306213378906,0.0184229724109172
tile_r016739_c004451,0,485.718505859375,229.9181365966797,527.1924438476562,261.1441345214844,0.0182918589562177
tile_r016739_c004451,0,381.9371948242188,9.44818878173828,591.79345703125,214.29815673828125,0.0182798206806182
tile_r016739_c004451,0,474.9330749511719,89.01617431640625,515.3695068359375,120.91354370117188,0.0182273872196674
tile_r016739_c004451,0,463.6642456054688,75.83802795410156,504.2249755859375,105.60508728027344,0.0178312268108129
tile_r016739_c004451,0,486.0730590820313,242.6929626464844,526.8114013671875,273.6503601074219,0.0177015326917171
tile_r016739_c004451,0,485.8879699707031,100.7642593383789,527.0147705078125,137.59938049316406,0.0175901781767606
tile_r016739_c004451,0,474.0753173828125,155.0755615234375,516.2857666015625,184.5155029296875,0.0174449048936367
tile_r016739_c004451,0,419.9292602539063,106.42446899414062,597.2039184570312,278.6087951660156,0.0174022242426872
tile_r016739_c004451,0,381.2578125,190.57424926757807,421.6917724609375,219.01333618164065,0.0172987412661314
tile_r016739_c004451,0,474.0855712890625,142.83326721191406,516.2567749023438,172.6782989501953,0.0172918755561113
tile_r016739_c004451,0,474.1922302246094,167.3057098388672,516.180908203125,196.4831085205078,0.0172824803739786
tile_r016739_c004451,0,352.94061279296875,149.982421875,392.49603271484375,178.20556640625,0.0171606000512838
tile_r016739_c004451,0,486.361572265625,255.835678100586,526.5087890625,286.779541015625,0.0171131025999784
tile_r016739_c004451,0,321.48931884765625,-73.331787109375,618.2861938476562,132.40777587890625,0.0170218124985694
tile_r016739_c004451,0,474.2911682128906,130.28350830078125,516.0433959960938,160.70623779296875,0.0169240664690732
tile_r016739_c004451,0,451.7813415527344,63.07630920410156,492.5369567871094,91.01329040527344,0.0169218610972166
tile_r016739_c004451,0,405.2643432617188,120.5477523803711,597.5986328125,304.77655029296875,0.0168419610708951
tile_r016739_c004451,0,474.3624572753906,179.79014587402344,516.0055541992188,208.8733062744141,0.0168052855879068
tile_r016739_c004451,0,474.8417663574219,103.10922241210938,515.5036010742188,134.67745971679688,0.0167338252067565
tile_r016739_c004451,0,474.58636474609375,117.00543212890624,515.7373657226562,147.80343627929688,0.016639094799757
tile_r016739_c004451,0,438.2760009765625,50.09669494628906,481.031005859375,75.71687316894531,0.0165705271065235
tile_r016739_c004451,0,486.6996765136719,268.8899841308594,526.1594848632812,299.9076232910156,0.0165522303432226
tile_r016739_c004451,0,349.53680419921875,-50.365699768066406,602.6928100585938,180.54592895507807,0.0164123438298702
tile_r016739_c004451,0,421.5894775390625,38.37776184082031,469.6974487304688,62.42047119140625,0.0163658373057842
tile_r016739_c004451,0,474.4472961425781,192.6564178466797,515.8993530273438,221.64698791503903,0.0162585359066724
tile_r016739_c004451,0,404.89501953125,89.27008819580078,597.6615600585938,286.0817565917969,0.0160833559930324
tile_r016739_c004451,0,375.4363403320313,-57.235965728759766,626.6577758789062,164.00772094726562,0.0160810109227895
tile_r016739_c004451,0,474.445556640625,205.40948486328125,515.8604125976562,234.0946655273437,0.0160369183868169
tile_r016739_c004451,0,487.1182556152344,282.0518493652344,525.7537231445312,313.3963317871094,0.0160322692245244
tile_r016739_c004451,0,463.87103271484375,89.50240325927734,503.810791015625,118.82584381103516,0.0160160362720489
tile_r016739_c004451,0,474.4543151855469,217.7891845703125,515.796142578125,246.07476806640625,0.0159573256969451
tile_r016739_c004451,0,392.6265563964844,37.60236358642578,439.2362976074219,60.26725769042969,0.015813210979104
tile_r016739_c004451,0,405.6018981933594,238.4221954345703,444.9653015136719,266.3832092285156,0.0157706700265407
tile_r016739_c004451,0,389.8985595703125,8.382537841796875,597.4945068359375,228.4220428466797,0.0157572869211435
tile_r016739_c004451,0,363.9410705566406,49.938175201416016,403.1775207519531,71.91152954101562,0.015745798125863
tile_r016739_c004451,0,486.8558044433594,328.4256286621094,526.140380859375,357.7287292480469,0.0156625173985958
tile_r016739_c004451,0,399.3650817871094,13.25433349609375,603.0814208984375,228.9878387451172,0.0156338345259428
tile_r016739_c004451,0,474.6186828613281,230.15121459960932,515.5826416015625,258.2513732910156,0.0155435595661401
tile_r016739_c004451,0,397.59381103515625,82.1270751953125,591.5804443359375,274.9595642089844,0.0154653759673237
tile_r016739_c004451,0,463.1693420410156,154.5775146484375,504.2679138183594,182.34402465820312,0.0153912547975778
tile_r016739_c004451,0,463.1783142089844,142.52410888671875,504.3688049316406,170.65948486328125,0.0153852654621005
tile_r016739_c004451,0,487.8923034667969,295.4539794921875,525.0347900390625,327.45074462890625,0.0153299886733293
tile_r016739_c004451,0,463.6459655761719,103.48450469970705,503.8529968261719,132.48049926757812,0.0152971362695097
tile_r016739_c004451,0,361.7742919921875,-50.22134399414063,608.2055053710938,185.9738311767578,0.015282648615539
tile_r016739_c004451,0,463.2843933105469,130.06771850585938,504.2885437011719,158.57107543945312,0.0151914749294519
tile_r016739_c004451,0,407.3811645507813,38.38741302490234,454.697265625,61.291648864746094,0.0151829598471522
tile_r016739_c004451,0,350.18682861328125,63.5598030090332,385.75384521484375,86.96983337402344,0.0151651939377188
tile_r016739_c004451,0,463.164306640625,166.71832275390625,504.0283203125,194.2022705078125,0.0151562802493572
tile_r016739_c004451,0,463.44732666015625,116.88533782958984,504.0809326171875,145.65106201171875,0.0151168648153543
tile_r016739_c004451,0,353.1438293457031,132.25296020507812,391.5489807128906,159.37481689453125,0.0151051841676235
tile_r016739_c004451,0,312.41864013671875,-71.16333770751953,615.6028442382812,141.69137573242188,0.0150991827249526
tile_r016739_c004451,0,452.064697265625,76.59906768798828,491.5640258789063,104.08930206298828,0.0149975288659334
tile_r016739_c004451,0,78.41439819335938,364.6418762207031,125.1683349609375,411.9825134277344,0.0148510169237852
tile_r016739_c004451,0,474.7908630371094,242.9029998779297,515.3277587890625,270.7633056640625,0.0148428501561284
tile_r016739_c004451,0,488.0482482910156,310.544921875,524.9356079101562,342.478515625,0.0147715425118803
tile_r016739_c004451,0,403.4776916503906,60.839012145996094,599.0030517578125,267.3646545410156,0.0146884992718696
tile_r016739_c004451,0,463.1427917480469,179.29710388183594,503.8480529785156,206.591537475586,0.0146858086809515
tile_r016739_c004451,0,70.30428314208984,95.10138702392578,109.4480209350586,116.51668548583984,0.0145903173834085
tile_r016739_c004451,0,372.8481140136719,-48.09780883789063,613.8067626953125,186.3950958251953,0.0145691893994808
tile_r016739_c004451,0,396.099853515625,55.90190124511719,591.6924438476562,262.9017944335937,0.0145401023328304
tile_r016739_c004451,0,162.21298217773438,493.2995910644531,191.01266479492188,518.5626831054688,0.014516650699079
tile_r016739_c004451,0,353.582275390625,117.14056396484376,391.105224609375,143.453369140625,0.0145059591159224
tile_r016739_c004451,0,419.80963134765625,278.0428771972656,458.51861572265625,306.5956115722656,0.0144629068672657
tile_r016739_c004451,0,439.3469543457031,63.6298942565918,479.3919372558594,88.90716552734375,0.0144058503210544
tile_r016739_c004451,0,474.8439636230469,256.02276611328125,515.19189453125,283.69073486328125,0.0143141988664865
tile_r016739_c004451,0,423.947509765625,51.014198303222656,466.8101196289063,74.54153442382812,0.0143087496981024
tile_r016739_c004451,0,392.9051818847656,31.161834716796875,594.4646606445312,245.63385009765625,0.0142170311883091
tile_r016739_c004451,0,463.1422424316406,192.1306304931641,503.7572937011719,219.3160552978516,0.0141885643824934
tile_r016739_c004451,0,451.7301025390625,90.0197982788086,491.2542114257813,117.36418914794922,0.0141747314482927
tile_r016739_c004451,0,359.7503356933594,-38.9106674194336,595.242919921875,196.6498107910156,0.0141729060560464
tile_r016739_c004451,0,447.02386474609375,325.5635986328125,489.48681640625,351.45135498046875,0.0139633696526288
tile_r016739_c004451,0,384.814453125,-14.717788696289062,602.3685913085938,217.05552673339844,0.0138681465759873
tile_r016739_c004451,0,354.2093811035156,103.55738067626952,390.9686584472656,129.28375244140625,0.0138676259666681
tile_r016739_c004451,0,475.0299682617188,269.2734680175781,515.0669555664062,296.7679138183594,0.0138445273041725
tile_r016739_c004451,0,386.6996154785156,-41.79779052734375,615.6898193359375,179.2408447265625,0.0138108255341649
tile_r016739_c004451,0,463.1932373046875,204.9449005126953,503.6422119140625,231.69422912597656,0.0137934507802128
tile_r016739_c004451,0,451.32073974609375,103.72996520996094,491.29052734375,130.76332092285156,0.0137833943590521
tile_r016739_c004451,0,377.15087890625,-17.677589416503906,594.6192016601562,215.2373046875,0.0137832835316658
tile_r016739_c004451,0,410.3626098632813,51.09483337402344,451.7523193359375,73.8909912109375,0.0137704368680715
tile_r016739_c004451,0,382.4532470703125,50.44425582885742,420.0174560546875,72.84132385253906,0.0137168169021606
tile_r016739_c004451,0,451.1226196289063,142.46861267089844,491.6452026367188,169.00782775878906,0.0137165067717432
tile_r016739_c004451,0,380.6983642578125,-32.93914794921875,606.46142578125,203.4515380859375,0.0136948870494961
tile_r016739_c004451,0,451.0904235839844,130.08934020996094,491.6623840332031,156.75694274902344,0.0136458491906523
tile_r016739_c004451,0,451.1393127441406,117.00625610351562,491.4952697753906,143.81668090820312,0.0136442510411143
tile_r016739_c004451,0,370.7150268554688,-36.06001281738281,600.0682983398438,203.2970123291016,0.0136436745524406
tile_r016739_c004451,0,401.5114440917969,35.574363708496094,600.9085693359375,248.21826171875,0.013637701049447
tile_r016739_c004451,0,50.44338607788086,81.12210845947266,90.63743591308594,103.39307403564452,0.0136311473324894
tile_r016739_c004451,0,397.4071960449219,50.51871109008789,435.5166320800781,73.3924789428711,0.0136267626658082
tile_r016739_c004451,0,451.1984252929688,154.68031311035156,491.48834228515625,180.9384307861328,0.0136255640536546
tile_r016739_c004451,0,475.4678955078125,282.9121398925781,514.7969360351562,310.2934875488281,0.0135202445089817
tile_r016739_c004451,0,433.79638671875,308.9991149902344,474.27777099609375,337.5575256347656,0.0135140707716345
tile_r016739_c004451,0,463.275146484375,217.5009002685547,503.4669189453125,243.7176055908203,0.0135117378085851
tile_r016739_c004451,0,439.3296508789063,77.08563995361328,478.53607177734375,102.4339370727539,0.0134865026921033
tile_r016739_c004451,0,395.4445495605469,199.3988647460937,433.7092590332031,226.2281494140625,0.0134819112718105
tile_r016739_c004451,0,451.268310546875,166.94183349609375,491.2604370117188,192.86813354492188,0.0134347444400191
tile_r016739_c004451,0,369.9586791992188,160.98544311523438,408.7279052734375,187.7449951171875,0.0134230377152562
tile_r016739_c004451,0,425.387939453125,64.00210571289062,465.0582885742188,87.72024536132812,0.0134166115894913
tile_r016739_c004451,0,393.8638916015625,-22.596649169921875,608.7637939453125,196.0087890625,0.0133698470890522
tile_r016739_c004451,0,395.6230163574219,-7.150726318359375,606.9253540039062,213.9140167236328,0.0133600374683737
tile_r016739_c004451,0,463.3601684570313,230.1098022460937,503.2019653320313,255.90994262695312,0.0132814217358827
tile_r016739_c004451,0,412.2837829589844,63.584468841552734,450.3700256347656,87.02703857421875,0.0132618574425578
tile_r016739_c004451,0,354.46759033203125,90.3849639892578,390.50885009765625,115.44197082519533,0.0132364481687545
tile_r016739_c004451,0,451.3039245605469,179.53509521484375,491.0824279785156,205.0894775390625,0.0132187530398368
tile_r016739_c004451,0,399.4207458496094,63.05331039428711,435.8883361816406,86.66036987304688,0.0131871681660413
tile_r016739_c004451,0,353.684814453125,76.9490737915039,388.414794921875,101.46504974365234,0.0131683433428406
tile_r016739_c004451,0,57.06240463256836,119.66302490234376,102.6062469482422,169.04376220703125,0.0131541546434164
tile_r016739_c004451,0,439.1403503417969,90.46135711669922,478.3241271972656,115.7234878540039,0.0131060779094696
tile_r016739_c004451,0,87.20636749267578,50.88790893554688,109.55133819580078,81.48771667480469,0.0130838379263877
tile_r016739_c004451,0,407.5002746582031,223.29139709472656,445.3446960449219,249.87290954589844,0.0130732264369726
tile_r016739_c004451,0,425.765380859375,77.04594421386719,464.4326171875,101.3332061767578,0.0130634661763906
tile_r016739_c004451,0,451.3381958007813,192.34490966796875,490.9864501953125,217.51443481445312,0.0129930600523948
tile_r016739_c004451,0,413.0498962402344,76.49501037597656,450.4963684082031,100.80699157714844,0.0129839703440666
tile_r016739_c004451,0,400.2400207519531,75.9666976928711,436.8509826660156,100.2110824584961,0.0129837933927774
tile_r016739_c004451,0,439.017822265625,117.02254486083984,478.7227783203125,142.20620727539062,0.0129775181412696
tile_r016739_c004451,0,439.10296630859375,129.94482421875,478.90521240234375,155.132080078125,0.012975649908185
tile_r016739_c004451,0,439.1824951171875,142.38973999023438,478.9182739257813,167.48260498046875,0.0129690254107117
tile_r016739_c004451,0,438.9773864746094,103.904541015625,478.5021667480469,129.09976196289062,0.0129641918465495
tile_r016739_c004451,0,463.3584289550781,243.16612243652344,502.9560241699219,268.4151611328125,0.0129599999636411
tile_r016739_c004451,0,439.2347106933594,154.66903686523438,478.7488098144531,179.6324462890625,0.0129431588575243
tile_r016739_c004451,0,426.2467651367188,90.0629653930664,464.3365478515625,114.84911346435548,0.0129194697365164
tile_r016739_c004451,0,400.7715759277344,88.9376449584961,437.3934020996094,113.68480682373048,0.0129110142588615
tile_r016739_c004451,0,413.7098693847656,89.48947143554688,450.8309020996094,114.33937072753906,0.0129049075767397
tile_r016739_c004451,0,426.4465637207031,116.0476531982422,464.9486389160156,141.2164764404297,0.0129010332748293
tile_r016739_c004451,0,426.383544921875,103.1319580078125,464.5888671875,128.21412658691406,0.0128902159631252
tile_r016739_c004451,0,426.48040771484375,128.99119567871094,465.19915771484375,154.14024353027344,0.0128885246813297
tile_r016739_c004451,0,420.95318603515625,262.0750427246094,458.39361572265625,288.7659606933594,0.0128695257008075
tile_r016739_c004451,0,439.2066040039063,166.92054748535156,478.3831176757813,191.741439819336,0.0128640737384557
tile_r016739_c004451,0,401.0493774414063,102.03117370605467,437.802734375,126.9453125,0.0128637896850705
tile_r016739_c004451,0,413.9393615722656,102.55120849609376,451.2234802246094,127.632568359375,0.0128550622612237
tile_r016739_c004451,0,476.0663146972656,297.64227294921875,514.4423217773438,325.607177734375,0.012852351181209
tile_r016739_c004451,0,426.5618896484375,141.58160400390625,465.2321166992188,166.60223388671875,0.012843370437622
tile_r016739_c004451,0,451.3390197753906,205.05470275878903,490.9115295410156,229.86680603027344,0.0128328185528516
tile_r016739_c004451,0,386.7615661621094,75.71853637695312,422.9130554199219,99.61805725097656,0.0128237912431359
tile_r016739_c004451,0,385.9457702636719,62.78669357299805,421.6606750488281,86.16288757324219,0.0128224212676286
tile_r016739_c004451,0,414.0818786621094,115.3891372680664,451.4572448730469,140.528076171875,0.0128165436908602
tile_r016739_c004451,0,387.3948669433594,101.70018768310548,424.1195373535156,126.33515167236328,0.0128017775714397
tile_r016739_c004451,0,387.2554321289063,88.65876770019531,423.8157348632813,113.08786010742188,0.0127967884764075
tile_r016739_c004451,0,426.6380615234375,154.09503173828125,465.021240234375,178.97183227539062,0.0127900736406445
tile_r016739_c004451,0,401.2083740234375,114.92758178710938,437.956298828125,139.8890380859375,0.0127884307876229
tile_r016739_c004451,0,384.2310485839844,172.46730041503906,422.2442321777344,198.67637634277344,0.0127625875174999
tile_r016739_c004451,0,414.0875854492188,128.38880920410156,451.5853271484375,153.4096221923828,0.0127602033317089
tile_r016739_c004451,0,463.2056579589844,256.3866271972656,502.7752990722656,281.0462951660156,0.012754738330841
tile_r016739_c004451,0,387.4361267089844,114.61895751953124,424.1880798339844,139.35328674316406,0.0127535788342356
tile_r016739_c004451,0,439.0966491699219,179.42262268066406,477.9358215332031,204.05796813964844,0.0127534056082367
tile_r016739_c004451,0,370.1632995605469,62.86529541015625,404.9465637207031,85.73672485351562,0.012744216248393
tile_r016739_c004451,0,156.84422302246094,467.8077697753906,175.33924865722656,490.4817199707031,0.0127225760370492
tile_r016739_c004451,0,451.2821044921875,217.59654235839844,490.6558837890625,241.99171447753903,0.0127223301678895
tile_r016739_c004451,0,401.2009582519531,128.0403289794922,437.9391784667969,152.9342803955078,0.012717300094664
tile_r016739_c004451,0,414.1256713867188,141.19442749023438,451.502685546875,166.06866455078125,0.0127039933577179
tile_r016739_c004451,0,371.6779174804688,143.10133361816406,408.66156005859375,168.6251678466797,0.0127023356035351
tile_r016739_c004451,0,387.3430480957031,127.88872528076172,424.0611267089844,152.6976318359375,0.0126957716420292
tile_r016739_c004451,0,426.6555480957031,166.62533569335938,464.4997863769531,191.31378173828125,0.0126930642873048
tile_r016739_c004451,0,463.1950073242188,269.5903625488281,502.5828857421875,293.8123474121094,0.0126594947651028
tile_r016739_c004451,0,401.0428466796875,141.02989196777344,437.60638427734375,165.87730407714844,0.0126536376774311
tile_r016739_c004451,0,372.2786254882813,128.14923095703125,408.96331787109375,153.25735473632812,0.0126397823914885
tile_r016739_c004451,0,372.6606750488281,101.5451431274414,408.9397888183594,126.01602935791016,0.0126345632597804
tile_r016739_c004451,0,372.5193481445313,114.52780151367188,409.0559692382813,139.27767944335938,0.0126320356503129
tile_r016739_c004451,0,372.3968505859375,75.86087799072266,407.22998046875,99.36458587646484,0.0126187922433018
tile_r016739_c004451,0,451.1541748046875,230.14035034179688,490.1839599609375,254.2286071777344,0.0126121817156672
tile_r016739_c004451,0,439.0308227539063,192.0415496826172,477.5260009765625,216.4015655517578,0.0126085421070456
tile_r016739_c004451,0,372.7985229492188,88.69847869873047,408.57318115234375,112.8357162475586,0.0126070044934749
tile_r016739_c004451,0,414.09765625,154.1290740966797,451.19342041015625,178.85035705566406,0.0126022212207317
tile_r016739_c004451,0,387.1005859375,141.1737823486328,423.657958984375,166.33168029785156,0.0125804711133241
tile_r016739_c004451,0,400.5956726074219,154.2623748779297,437.0679626464844,179.17466735839844,0.0125498250126838
tile_r016739_c004451,0,426.54486083984375,179.36422729492188,463.6759643554688,203.79910278320312,0.012524758465588
tile_r016739_c004451,0,386.3003540039063,155.1846160888672,423.0709838867188,180.7795867919922,0.0125168524682521
tile_r016739_c004451,0,463.3228454589844,283.6051940917969,502.2265319824219,307.5769348144531,0.0125103713944554
tile_r016739_c004451,0,451.0673828125,242.99822998046875,489.59033203125,266.8533020019531,0.0124919526278972
tile_r016739_c004451,0,413.7520751953125,167.13241577148438,450.5582885742188,191.71939086914065,0.0124585265293717
tile_r016739_c004451,0,438.9144592285156,204.67860412597656,477.0334777832031,228.68980407714844,0.0124538987874984
tile_r016739_c004451,0,475.36370849609375,336.6710205078125,515.0335693359375,359.20428466796875,0.0124528845772147
tile_r016739_c004451,0,399.7574462890625,167.7683563232422,436.2972412109375,193.0518035888672,0.0124114705249667
tile_r016739_c004451,0,451.006591796875,256.0060729980469,488.89501953125,279.6247863769531,0.0123683288693428
tile_r016739_c004451,0,426.0447692871094,192.11474609375,462.8804626464844,216.30059814453125,0.0123658291995525
tile_r016739_c004451,0,398.1029357910156,182.9884490966797,435.1856384277344,208.5982208251953,0.0123608969151973
tile_r016739_c004451,0,438.8302001953125,217.341796875,476.3370361328125,241.08172607421875,0.0123149817809462
tile_r016739_c004451,0,412.8598937988281,180.12527465820312,449.5231628417969,204.74029541015625,0.0122958347201347
tile_r016739_c004451,0,162.4283905029297,3.6137428283691406,290.56951904296875,112.78376770019533,0.0122900623828172
tile_r016739_c004451,0,451.010498046875,269.1377868652344,488.0269775390625,292.8055725097656,0.0122772129252552
tile_r016739_c004451,0,425.1119384765625,204.74246215820312,461.961669921875,228.9166259765625,0.0122411595657467
tile_r016739_c004451,0,438.4285583496094,230.14276123046875,475.7171325683594,253.82861328125,0.0122185507789254
tile_r016739_c004451,0,144.84860229492188,-9.07928466796875,286.2294921875,91.36064910888672,0.0121963042765855
tile_r016739_c004451,0,411.6673889160156,193.12521362304688,448.4140930175781,218.1126708984375,0.0121866855770349
tile_r016739_c004451,0,422.1066589355469,246.18994140625,458.7457580566406,271.62164306640625,0.0121830590069293
tile_r016739_c004451,0,409.8020629882813,207.58116149902344,446.7247924804688,232.8925628662109,0.0121481483802199
tile_r016739_c004451,0,424.2887573242188,217.3632202148437,461.0809326171875,241.8433532714844,0.0121344169601798
tile_r016739_c004451,0,437.7590026855469,243.0728454589844,475.0402526855469,266.9092712402344,0.0121333133429288
tile_r016739_c004451,0,450.6238098144531,283.30828857421875,487.1565246582031,307.70849609375,0.0121174231171607
tile_r016739_c004451,0,437.3145751953125,256.0757141113281,474.2796020507813,280.2959289550781,0.0120653519406914
tile_r016739_c004451,0,423.2061462402344,230.741455078125,460.0371398925781,255.61154174804688,0.012060766108334
tile_r016739_c004451,0,436.7021484375,269.78369140625,473.20794677734375,294.68536376953125,0.0119909960776567
tile_r016739_c004451,0,85.89196014404297,71.3065185546875,103.23128509521484,99.84608459472656,0.0119522428140044
tile_r016739_c004451,0,463.7098693847656,299.5467834472656,501.7351989746094,323.9500427246094,0.0119186043739318
tile_r016739_c004451,0,435.7745971679688,287.46875,472.11126708984375,313.8546142578125,0.0118198972195386
tile_r016739_c004451,0,476.3271484375,316.055908203125,514.27880859375,343.0606689453125,0.0116719352081418
tile_r016739_c004451,0,449.9603576660156,301.6220092773437,486.8279113769531,327.47332763671875,0.0116270631551742
tile_r016739_c004451,0,463.3824157714844,321.4013366699219,501.9405822753906,345.3912048339844,0.0110086789354681
tile_r016739_c004451,0,149.23809814453125,481.4303283691406,177.45343017578125,507.1341857910156,0.0107019478455185
tile_r016739_c004451,0,62.24994659423828,429.8667907714844,95.0071029663086,467.8370666503906,0.0106609873473644
tile_r016739_c004451,0,130.31129455566406,468.5120849609375,147.8624725341797,488.672119140625,0.0105106513947248
tile_r016739_c004451,0,53.702484130859375,60.13755035400391,79.41679382324219,75.38703155517578,0.0103632314130663
tile_r016739_c004451,0,171.43572998046875,475.6177368164063,199.4555053710937,509.606689453125,0.0103105194866657
tile_r016739_c004451,0,167.2420654296875,461.0510864257813,194.2652587890625,494.489501953125,0.0100294658914208
tile_r016739_c004451,0,123.40131378173828,482.7694091796875,156.06167602539062,506.7765502929688,0.0098760547116398
tile_r016739_c004451,0,107.26589965820312,468.5726623535156,129.69349670410156,494.1534729003906,0.0096793994307518
tile_r016739_c004451,0,13.612829208374023,12.24853515625,47.29882049560547,59.49992370605469,0.0096484720706939
tile_r016739_c004451,0,168.78855895996094,477.2595520019531,183.6929473876953,508.6058044433594,0.0095613952726125
tile_r016739_c004451,0,93.04352569580078,48.615234375,123.02136993408205,85.46356201171875,0.0094698658213019
tile_r016739_c004451,0,96.094970703125,63.93142318725586,114.72004699707033,99.28158569335938,0.0087735541164875
tile_r017251_c004707,0,199.2691345214844,49.78982162475586,256.7806396484375,103.10987854003906,0.815006673336029
tile_r017251_c004707,0,281.5857238769531,128.44313049316406,333.5121154785156,182.3530120849609,0.7921242117881775
tile_r017251_c004707,0,468.46044921875,434.3682556152344,511.80072021484375,479.1892395019531,0.7894219756126404
tile_r017251_c004707,0,311.425537109375,262.4488525390625,368.45513916015625,318.34918212890625,0.775901198387146
tile_r017251_c004707,0,116.54303741455078,15.334968566894531,155.4913330078125,51.93025207519531,0.7752708196640015
tile_r017251_c004707,0,264.5882568359375,326.3772888183594,309.637451171875,365.9518127441406,0.7744918465614319
tile_r017251_c004707,0,122.30404663085938,196.8563995361328,159.81192016601562,230.7903289794922,0.7666452527046204
tile_r017251_c004707,0,436.0613403320313,234.75912475585932,480.896484375,273.5175476074219,0.7589930891990662
tile_r017251_c004707,0,240.63409423828125,427.02825927734375,273.6312866210937,456.8904418945313,0.7525660991668701
tile_r017251_c004707,0,433.2916259765625,336.5348815917969,477.4692993164063,372.9167785644531,0.7504222989082336
tile_r017251_c004707,0,212.99627685546875,237.6251373291016,243.67709350585932,265.3978271484375,0.73662930727005
tile_r017251_c004707,0,337.924072265625,197.62339782714844,386.48583984375,236.0157928466797,0.7277187705039978
tile_r017251_c004707,0,403.3960571289063,392.6386413574219,442.48089599609375,427.0957946777344,0.7154967784881592
tile_r017251_c004707,0,135.20033264160156,297.9366149902344,166.20167541503906,324.5606994628906,0.7098103165626526
tile_r017251_c004707,0,172.66688537597656,159.29405212402344,212.2985076904297,193.9268341064453,0.7005622386932373
tile_r017251_c004707,0,208.8235626220703,-0.0850687026977539,247.0289764404297,13.90492343902588,0.6302488446235657
tile_r017251_c004707,0,339.6199645996094,488.6885986328125,365.6872253417969,511.6910400390625,0.615723192691803
tile_r017251_c004707,0,325.589111328125,125.4301528930664,369.9210815429688,165.83050537109375,0.6105576753616333
tile_r017251_c004707,0,366.6643981933594,499.026123046875,412.2549133300781,511.99365234375,0.5061306953430176
tile_r017251_c004707,0,60.892860412597656,-0.0883026123046875,99.29515838623048,13.43294906616211,0.3709715008735657
tile_r017251_c004707,0,136.15769958496094,397.89251708984375,164.25376892089844,424.88616943359375,0.2770843803882599
tile_r017251_c004707,0,-0.3886232376098633,490.1593322753906,7.763945579528809,512.0194091796875,0.2296631187200546
tile_r017251_c004707,0,275.8595275878906,505.3609008789063,318.9263610839844,511.881591796875,0.1885496973991394
tile_r017251_c004707,0,-0.7359082698822021,449.8429565429688,6.464881896972656,496.6705322265625,0.1663207560777664
tile_r017251_c004707,0,504.3684997558594,485.8570861816406,511.8902893066406,512.8435668945312,0.1481781750917434
tile_r017251_c004707,0,58.70488357543945,-0.1193287372589111,93.33580017089844,7.33180046081543,0.1412879973649978
tile_r017251_c004707,0,306.9849548339844,300.4186096191406,335.1650085449219,326.1409606933594,0.1395885795354843
tile_r017251_c004707,0,429.3720703125,505.5330810546875,473.943359375,511.8683471679688,0.1348960995674133
tile_r017251_c004707,0,273.2970275878906,-0.1897754669189453,313.3755798339844,8.437994956970215,0.1336961090564727
tile_r017251_c004707,0,269.6594543457031,-0.296180248260498,306.7835388183594,6.544396877288818,0.1252890825271606
tile_r017251_c004707,0,275.3331298828125,506.1350402832031,327.3656005859375,513.0682983398438,0.1132386773824691
tile_r017251_c004707,0,393.9160461425781,116.76909637451172,438.8412170410156,146.69931030273438,0.1089750006794929
tile_r017251_c004707,0,286.15008544921875,24.41762351989746,328.01641845703125,55.92938232421875,0.1088993027806282
tile_r017251_c004707,0,392.0513000488281,117.04227447509766,436.1350402832031,150.0518035888672,0.1072982028126716
tile_r017251_c004707,0,195.62429809570312,-0.2001228332519531,243.76431274414065,6.085229873657227,0.1064508706331253
tile_r017251_c004707,0,84.97647094726562,-0.2765693664550781,125.78187561035156,6.49852180480957,0.1059459224343299
tile_r017251_c004707,0,403.1296997070313,118.02430725097656,442.6422119140625,145.2986297607422,0.1006444916129112
tile_r017251_c004707,0,368.4827270507813,503.4783325195313,435.0825805664063,513.4465942382812,0.095693364739418
tile_r017251_c004707,0,135.5878448486328,397.6441040039063,163.6439666748047,425.10693359375,0.0885436609387397
tile_r017251_c004707,0,-0.5468847751617432,429.7227478027344,5.488496780395508,480.6747741699219,0.088482454419136
tile_r017251_c004707,0,394.96490478515625,119.40573120117188,451.293701171875,148.72540283203125,0.0872425064444542
tile_r017251_c004707,0,344.0283203125,115.47409057617188,441.7269287109375,149.76580810546875,0.0841719806194305
tile_r017251_c004707,0,482.6154479980469,0.0281729698181152,512.2772827148438,13.882892608642578,0.0817725658416748
tile_r017251_c004707,0,208.88864135742188,0.4058575630187988,244.797607421875,10.856531143188477,0.0804281830787658
tile_r017251_c004707,0,359.1922912597656,111.21131896972656,405.9043884277344,136.7985382080078,0.0781093761324882
tile_r017251_c004707,0,495.9503479003906,483.3895568847656,511.8231506347656,512.3719482421875,0.0753104984760284
tile_r017251_c004707,0,283.3171081542969,128.26870727539062,326.7050476074219,165.1148681640625,0.0736775249242782
tile_r017251_c004707,0,345.77349853515625,113.12674713134766,388.456787109375,137.55072021484375,0.0684254765510559
tile_r017251_c004707,0,501.3146057128906,291.85968017578125,512.068359375,353.7510986328125,0.0674105733633041
tile_r017251_c004707,0,505.0226440429688,399.947509765625,511.97021484375,455.3704833984375,0.0659801438450813
tile_r017251_c004707,0,373.6498107910156,111.2372055053711,420.6886291503906,137.17201232910156,0.0658268257975578
tile_r017251_c004707,0,336.80877685546875,502.7442932128906,373.57171630859375,512.3115234375,0.0632194504141807
tile_r017251_c004707,0,305.7454528808594,291.8641357421875,358.7014465332031,328.5487670898437,0.0631250590085983
tile_r017251_c004707,0,332.1361999511719,96.28776550292967,381.6340637207031,122.46775817871094,0.0600166320800781
tile_r017251_c004707,0,280.2827453613281,73.53009033203125,330.4886169433594,111.73643493652344,0.0595395341515541
tile_r017251_c004707,0,64.4184341430664,0.9480633735656738,93.40247344970705,13.605777740478516,0.0591370053589344
tile_r017251_c004707,0,2.264511108398437,-0.1723802089691162,44.44151306152344,6.221081733703613,0.057817418128252
tile_r017251_c004707,0,387.9541320800781,110.56826782226562,433.5091857910156,136.97140502929688,0.0568089820444583
tile_r017251_c004707,0,285.8446655273437,130.94705200195312,327.06573486328125,157.42694091796875,0.0549834817647933
tile_r017251_c004707,0,469.9881286621094,435.944091796875,511.2373962402344,472.7586669921875,0.0549808293581008
tile_r017251_c004707,0,149.2802276611328,-0.2913174629211426,186.4096221923828,5.41207218170166,0.0537079423666
tile_r017251_c004707,0,2.3487491607666016,503.4715270996094,50.08444213867188,512.5154418945312,0.0530255101621151
tile_r017251_c004707,0,308.3977966308594,302.472412109375,333.0342102050781,325.07879638671875,0.0528905987739563
tile_r017251_c004707,0,128.29493713378906,1.131850004196167,160.3976593017578,6.947317123413086,0.0528375469148159
tile_r017251_c004707,0,457.0963745117188,505.7513732910156,504.0606689453125,512.3076171875,0.0523937419056892
tile_r017251_c004707,0,60.93376159667969,0.3658890724182129,89.12057495117188,14.550626754760742,0.0514635816216468
tile_r017251_c004707,0,286.21978759765625,76.52356719970703,323.8714599609375,110.91168975830078,0.0514370165765285
tile_r017251_c004707,0,211.88772583007807,237.1187438964844,243.24517822265625,263.2174377441406,0.0512049160897731
tile_r017251_c004707,0,503.9246520996094,367.25146484375,512.008056640625,428.18560791015625,0.0507650598883628
tile_r017251_c004707,0,137.9649658203125,398.51849365234375,161.0494384765625,420.8618774414063,0.0504309870302677
tile_r017251_c004707,0,-0.7738833427429199,394.08197021484375,6.5385284423828125,446.1085815429688,0.0494488440454006
tile_r017251_c004707,0,254.7118377685547,505.3392028808594,303.92236328125,512.0313110351562,0.0477924905717372
tile_r017251_c004707,0,433.14300537109375,335.88433837890625,475.68658447265625,371.166015625,0.0456051491200923
tile_r017251_c004707,0,61.236778259277344,0.5970582962036133,94.9103775024414,15.227771759033203,0.0439160875976085
tile_r017251_c004707,0,502.6210021972656,214.95440673828125,512.03466796875,273.6168518066406,0.0432117544114589
tile_r017251_c004707,0,307.8646240234375,301.3423156738281,332.98883056640625,325.6776428222656,0.0431109555065631
tile_r017251_c004707,0,502.97760009765625,338.3992919921875,511.9309692382813,410.89166259765625,0.0427077077329158
tile_r017251_c004707,0,400.5044860839844,110.15306091308594,444.9358825683594,136.34017944335938,0.0423012115061283
tile_r017251_c004707,0,501.299560546875,308.8280639648437,512.0902099609375,373.1922607421875,0.0416165925562381
tile_r017251_c004707,0,-0.8200559616088867,256.68243408203125,5.945538520812988,314.093017578125,0.0415058806538581
tile_r017251_c004707,0,198.44842529296875,51.27347183227539,256.0442810058594,99.8996124267578,0.0412314981222152
tile_r017251_c004707,0,451.555908203125,99.99615478515624,514.3430786132812,127.60797119140624,0.0399952493607997
tile_r017251_c004707,0,-0.8905537128448486,234.3836212158203,5.935877799987793,292.1514587402344,0.0399507619440555
tile_r017251_c004707,0,469.6206665039063,435.7341918945313,510.424560546875,473.530029296875,0.0399049296975135
tile_r017251_c004707,0,502.3944396972656,195.17807006835932,512.1309204101562,260.8956298828125,0.039117157459259
tile_r017251_c004707,0,-0.6450648307800293,-0.3625197410583496,12.58270263671875,10.000219345092772,0.0368912890553474
tile_r017251_c004707,0,212.61756896972656,237.78170776367188,241.99693298339844,261.1551513671875,0.0361085459589958
tile_r017251_c004707,0,-0.8767502307891846,283.46356201171875,7.122158050537109,348.1630859375,0.0360199362039566
tile_r017251_c004707,0,433.8777160644531,332.8400573730469,478.9956359863281,377.9947814941406,0.0358064174652099
tile_r017251_c004707,0,289.5519104003906,152.6555938720703,330.6255187988281,182.04991149902344,0.035720270127058
tile_r017251_c004707,0,320.7496337890625,263.008544921875,364.4150390625,295.081787109375,0.035661730915308
tile_r017251_c004707,0,134.5147247314453,298.1712341308594,163.2606658935547,320.0511779785156,0.0356229655444622
tile_r017251_c004707,0,446.3474731445313,101.05925750732422,497.5162353515625,129.5795135498047,0.0351500622928142
tile_r017251_c004707,0,294.773681640625,42.32883834838867,332.19482421875,71.76673126220703,0.0349813997745513
tile_r017251_c004707,0,280.3703918457031,129.31253051757812,328.6268005371094,176.90780639648438,0.034905157983303
tile_r017251_c004707,0,-0.7023217678070068,203.79071044921875,6.927539825439453,268.1463928222656,0.0345219746232032
tile_r017251_c004707,0,297.45770263671875,13.311690330505373,343.27301025390625,40.48732376098633,0.0343885384500026
tile_r017251_c004707,0,-0.615729570388794,185.42413330078125,7.971035003662109,248.70831298828125,0.0341391377151012
tile_r017251_c004707,0,-0.5526401996612549,102.30242919921876,7.305669784545898,169.003662109375,0.0337861813604831
tile_r017251_c004707,0,170.19422912597656,158.0853271484375,209.0017242431641,187.84762573242188,0.0334428437054157
tile_r017251_c004707,0,102.46710205078124,60.98715972900391,120.20742797851562,78.19420623779297,0.0327553786337375
tile_r017251_c004707,0,502.7417907714844,227.5092010498047,512.2463989257812,301.7811584472656,0.0326199978590011
tile_r017251_c004707,0,101.88933563232422,61.22390365600586,121.22093963623048,79.8419189453125,0.0324423648416996
tile_r017251_c004707,0,212.96157836914065,237.5777130126953,241.42095947265625,260.1551208496094,0.0323771461844444
tile_r017251_c004707,0,503.1341552734375,111.69912719726562,512.5241088867188,176.818115234375,0.0321705378592014
tile_r017251_c004707,0,339.54644775390625,488.2904968261719,362.6099243164063,506.4827575683594,0.0314367935061454
tile_r017251_c004707,0,208.0052032470703,1.2613115310668943,240.1642303466797,15.378684043884276,0.0313990972936153
tile_r017251_c004707,0,215.2530059814453,1.1101465225219729,246.5528717041016,15.5199556350708,0.0312542766332626
tile_r017251_c004707,0,418.8151550292969,123.5618896484375,466.7315979003906,148.172607421875,0.0312325973063707
tile_r017251_c004707,0,263.4794006347656,31.07458877563477,315.4277648925781,138.58795166015625,0.03095000423491
tile_r017251_c004707,0,429.5525207519531,123.1424789428711,463.5355529785156,142.42831420898438,0.0307683814316988
tile_r017251_c004707,0,343.004150390625,138.27517700195312,374.7685546875,169.36672973632812,0.0303585026413202
tile_r017251_c004707,0,440.978271484375,15.503419876098633,507.0317993164063,49.74195861816406,0.0296880677342414
tile_r017251_c004707,0,117.14178466796876,239.73031616210932,143.1854248046875,264.8240661621094,0.0291995331645011
tile_r017251_c004707,0,437.7492370605469,233.0107421875,478.7992248535156,266.07818603515625,0.0290261134505271
tile_r017251_c004707,0,437.0148010253906,234.2704315185547,478.9438781738281,265.20904541015625,0.0288258586078882
tile_r017251_c004707,0,174.1895751953125,162.21920776367188,208.6244506835937,189.86843872070312,0.0287293754518032
tile_r017251_c004707,0,413.4541015625,109.37078857421876,457.4302368164063,134.93287658691406,0.0286794696003198
tile_r017251_c004707,0,-0.8111681938171387,310.5353088378906,7.659536838531494,379.9030456542969,0.0284692216664552
tile_r017251_c004707,0,213.5734100341797,237.74644470214844,240.4885711669922,260.2125549316406,0.0282233338803052
tile_r017251_c004707,0,298.0008239746094,62.16844940185547,338.4098815917969,92.32598114013672,0.0281197968870401
tile_r017251_c004707,0,-0.6508703231811523,143.3610382080078,9.06752109527588,194.7980499267578,0.0280397776514291
tile_r017251_c004707,0,166.15838623046875,458.5646362304688,208.06039428710932,496.470947265625,0.0280022118240594
tile_r017251_c004707,0,197.7798767089844,50.20665740966797,252.99496459960932,92.29558563232422,0.0277019366621971
tile_r017251_c004707,0,501.4275512695313,163.18966674804688,512.1148071289062,224.85284423828125,0.0273566488176584
tile_r017251_c004707,0,-0.8409876823425293,344.41314697265625,8.165689468383789,407.798583984375,0.0272626653313636
tile_r017251_c004707,0,437.4544067382813,233.4756317138672,479.09954833984375,263.64215087890625,0.0272440761327743
tile_r017251_c004707,0,198.3902740478516,50.35075378417969,252.81105041503903,89.93052673339844,0.0270499065518379
tile_r017251_c004707,0,438.7206115722656,103.60926818847656,483.6279602050781,130.86924743652344,0.0270053353160619
tile_r017251_c004707,0,456.5824890136719,27.019695281982425,508.6675109863281,49.80895614624024,0.0269045494496822
tile_r017251_c004707,0,-0.688117504119873,165.26116943359375,8.893470764160156,234.05923461914065,0.0262937173247337
tile_r017251_c004707,0,405.8324279785156,391.5023498535156,440.8591003417969,416.2266540527344,0.0260462090373039
tile_r017251_c004707,0,305.6103820800781,300.73736572265625,336.8808898925781,326.64385986328125,0.0259560905396938
tile_r017251_c004707,0,435.005126953125,13.50666332244873,486.33001708984375,41.56629943847656,0.0255529470741748
tile_r017251_c004707,0,173.70167541503906,164.01467895507812,207.3694610595703,191.22735595703125,0.02540267072618
tile_r017251_c004707,0,39.77443313598633,133.0825958251953,85.52597045898438,205.90321350097656,0.0252502635121345
tile_r017251_c004707,0,339.5242919921875,493.1117248535156,364.0548095703125,511.2503967285156,0.0246090926229953
tile_r017251_c004707,0,309.1478576660156,27.59735679626465,339.3733215332031,52.46289825439453,0.0245209839195013
tile_r017251_c004707,0,239.3867034912109,429.04095458984375,271.0542907714844,454.19873046875,0.0240834187716245
tile_r017251_c004707,0,447.3741760253906,13.359638214111328,498.3487854003906,42.04947280883789,0.0237346421927213
tile_r017251_c004707,0,338.7256164550781,493.5211486816406,363.6749572753906,511.4916076660156,0.0236521735787391
tile_r017251_c004707,0,339.1515197753906,493.0453186035156,365.3905334472656,512.0034790039062,0.0234074611216783
tile_r017251_c004707,0,448.6019287109375,27.198280334472656,492.9661865234375,50.45085906982422,0.0233159475028514
tile_r017251_c004707,0,433.2209777832031,334.9843139648437,475.2945861816406,365.202880859375,0.0233096498996019
tile_r017251_c004707,0,286.8395080566406,89.5650405883789,313.2839050292969,113.25957489013672,0.02322943136096
tile_r017251_c004707,0,471.955322265625,26.015522003173828,517.0963745117188,49.8961296081543,0.0230622719973325
tile_r017251_c004707,0,422.5361328125,14.746572494506836,472.3897705078125,40.65249633789063,0.0230576787143945
tile_r017251_c004707,0,214.59323120117188,53.4127311706543,254.7769775390625,99.711181640625,0.0229921154677867
tile_r017251_c004707,0,283.6567687988281,136.92991638183594,327.6885070800781,180.0260772705078,0.0226509999483823
tile_r017251_c004707,0,134.2350311279297,298.8579406738281,162.6908416748047,320.9202575683594,0.0223369598388671
tile_r017251_c004707,0,417.32861328125,-15.687417030334473,466.4021606445313,19.860641479492188,0.0221986006945371
tile_r017251_c004707,0,433.2177734375,125.62989807128906,470.2111206054688,143.0369110107422,0.0221690386533737
tile_r017251_c004707,0,315.70074462890625,79.35330200195312,359.72235107421875,106.1754150390625,0.0221309531480073
tile_r017251_c004707,0,122.38124084472656,202.2546539306641,155.91917419433594,229.0366668701172,0.0218930020928382
tile_r017251_c004707,0,27.142539978027344,47.68032836914063,52.45306396484375,71.9312973022461,0.0214291252195835
tile_r017251_c004707,0,286.2308349609375,149.60430908203125,328.51873779296875,182.255859375,0.0213984046131372
tile_r017251_c004707,0,426.5840759277344,106.99739837646484,470.3835754394531,132.62677001953125,0.0211919676512479
tile_r017251_c004707,0,410.52880859375,-2.6686041355133057,434.63861083984375,9.984260559082031,0.0206583533436059
tile_r017251_c004707,0,0.0691499710083007,156.6720733642578,23.913330078125,192.29600524902344,0.0205042976886034
tile_r017251_c004707,0,140.48521423339844,297.0611572265625,169.2051239013672,322.0091552734375,0.0203755870461463
tile_r017251_c004707,0,386.8440551757813,-14.862116813659668,422.245849609375,20.565317153930664,0.0202533062547445
tile_r017251_c004707,0,324.64141845703125,-126.19922637939452,402.1946411132813,129.1967315673828,0.0202438961714506
tile_r017251_c004707,0,486.3579406738281,34.84691619873047,526.669921875,67.00485229492188,0.020207205787301
tile_r017251_c004707,0,348.2339172363281,92.92366027832033,393.4396667480469,118.19261169433594,0.0201634690165519
tile_r017251_c004707,0,420.1897277832031,264.25830078125,443.0574035644531,287.12713623046875,0.0198170691728591
tile_r017251_c004707,0,420.4034423828125,263.8433532714844,442.1925659179688,287.3930358886719,0.0196774955838918
tile_r017251_c004707,0,288.90869140625,91.1120834350586,314.0748291015625,113.80013275146484,0.0196204856038093
tile_r017251_c004707,0,469.704833984375,439.5616760253906,498.617431640625,472.9772033691406,0.0195750128477811
tile_r017251_c004707,0,438.0691833496094,26.756431579589844,479.9910583496094,51.621185302734375,0.0194370765239
tile_r017251_c004707,0,409.4360961914063,15.86813259124756,458.2965698242188,39.58938217163086,0.0193178672343492
tile_r017251_c004707,0,117.72158813476562,26.12200164794922,154.64730834960938,53.64739227294922,0.0190874952822923
tile_r017251_c004707,0,461.9600524902344,91.56729125976562,505.4900817871094,117.93145751953124,0.01904908567667
tile_r017251_c004707,0,-1.188394546508789,56.58975601196289,46.25518035888672,125.06320190429688,0.0189653001725673
tile_r017251_c004707,0,245.14645385742188,425.361083984375,279.5312194824219,461.95306396484375,0.0187883377075195
tile_r017251_c004707,0,211.63400268554688,245.3538818359375,241.57846069335932,266.32843017578125,0.0185731258243322
tile_r017251_c004707,0,474.4800720214844,37.38773727416992,515.6647338867188,64.0919189453125,0.0185366254299879
tile_r017251_c004707,0,482.8175659179688,399.4403076171875,529.00048828125,477.53802490234375,0.0183244254440069
tile_r017251_c004707,0,410.1354064941406,1.538792610168457,465.2110900878906,31.289138793945312,0.0180827509611845
tile_r017251_c004707,0,207.96075439453125,505.2785034179688,259.5509338378906,512.1041259765625,0.017891151830554
tile_r017251_c004707,0,425.7362365722656,26.955455780029297,466.7597351074219,52.38785934448242,0.0178263913840055
tile_r017251_c004707,0,65.58712768554688,501.2529296875,120.1879425048828,512.6696166992188,0.0177656561136245
tile_r017251_c004707,0,357.6749572753906,7.982808113098144,383.8947448730469,24.1704216003418,0.0174711924046278
tile_r017251_c004707,0,472.8334655761719,91.58341979980467,517.3363037109375,117.07974243164062,0.0173422023653984
tile_r017251_c004707,0,358.43701171875,3.297696113586426,414.905029296875,29.040447235107425,0.0171963460743427
tile_r017251_c004707,0,-1.6044187545776367,54.0356559753418,22.174999237060547,106.52996826171876,0.0168955847620964
tile_r017251_c004707,0,451.9255676269531,88.51813507080078,492.5525207519531,116.8201675415039,0.0168281812220811
tile_r017251_c004707,0,371.7156677246094,2.936352729797364,427.5956115722656,29.387561798095703,0.0168206728994846
tile_r017251_c004707,0,338.4494934082031,3.791532516479492,400.4933776855469,28.457948684692383,0.0167936291545629
tile_r017251_c004707,0,396.4796142578125,16.00327491760254,443.874755859375,39.11582946777344,0.0167679414153099
tile_r017251_c004707,0,462.4714965820313,38.49283599853516,502.8900146484375,63.62643432617188,0.0167457088828086
tile_r017251_c004707,0,396.9636535644531,2.329940795898437,452.0997009277344,30.226318359375,0.016712537035346
tile_r017251_c004707,0,465.8999938964844,78.42425537109375,493.0916442871094,124.1422119140625,0.0166952051222324
tile_r017251_c004707,0,384.30950927734375,2.6206369400024414,439.71978759765625,29.7766342163086,0.0164964981377124
tile_r017251_c004707,0,428.8854370117188,285.7483825683594,502.8526611328125,385.2239074707031,0.0164390448480844
tile_r017251_c004707,0,412.5833129882813,27.406368255615234,453.568359375,52.37292098999024,0.0163389015942811
tile_r017251_c004707,0,450.8874816894531,38.406028747558594,489.2493591308594,64.8749008178711,0.0161607936024665
tile_r017251_c004707,0,384.5070495605469,15.923073768615724,429.3407897949219,38.80349349975586,0.0157455690205097
tile_r017251_c004707,0,372.1437683105469,15.854310989379885,414.5893249511719,38.65738677978516,0.0156201627105474
tile_r017251_c004707,0,178.29315185546875,503.040283203125,241.7084045410156,512.3097534179688,0.0155872534960508
tile_r017251_c004707,0,439.7290344238281,38.41134643554688,476.7250061035156,66.26305389404297,0.0155553268268704
tile_r017251_c004707,0,358.7193298339844,15.88967227935791,399.3876647949219,38.66188049316406,0.0153905842453241
tile_r017251_c004707,0,399.6229248046875,27.63701629638672,439.19635009765625,52.39027404785156,0.0153505597263574
tile_r017251_c004707,0,0.4193572998046875,1.898752212524414,42.45978927612305,54.24263000488281,0.0150802256539464
tile_r017251_c004707,0,441.0037231445313,86.59229278564453,480.8775024414063,116.18965911865234,0.0149706527590751
tile_r017251_c004707,0,427.0084533691406,207.19659423828125,494.4494323730469,290.4830322265625,0.0149626173079013
tile_r017251_c004707,0,386.97998046875,27.59099578857422,425.339111328125,52.43742370605469,0.014895542524755
tile_r017251_c004707,0,323.552001953125,15.881217956542969,363.069091796875,38.18177795410156,0.0148907229304313
tile_r017251_c004707,0,427.22308349609375,38.86157989501953,464.4386596679688,66.72856140136719,0.014723902568221
tile_r017251_c004707,0,343.5186767578125,16.055980682373047,382.3721923828125,38.38483428955078,0.0146471979096531
tile_r017251_c004707,0,415.7189636230469,228.0163116455078,484.2722473144531,293.66534423828125,0.0146446572616696
tile_r017251_c004707,0,374.2399291992188,27.68941116333008,411.36572265625,52.39133071899414,0.0144879799336195
tile_r017251_c004707,0,363.5528564453125,90.47394561767578,405.988525390625,117.05602264404295,0.0143914436921477
tile_r017251_c004707,0,414.2340698242188,39.31958770751953,451.880126953125,66.5735855102539,0.0141001436859369
tile_r017251_c004707,0,361.1134643554688,28.1003646850586,396.671630859375,52.217864990234375,0.0140726426616311
tile_r017251_c004707,0,162.47140502929688,452.96435546875,227.8519287109375,504.2174682617188,0.0140335019677877
tile_r017251_c004707,0,419.2223510742188,263.6425476074219,445.8216552734375,289.2457580566406,0.0140105215832591
tile_r017251_c004707,0,380.813720703125,-47.49070739746094,608.4210205078125,94.73580932617188,0.0138892848044633
tile_r017251_c004707,0,33.221710205078125,318.53973388671875,80.04674530029297,366.5201416015625,0.0137520115822553
tile_r017251_c004707,0,103.07472229003906,229.68359375,138.2694854736328,263.4763488769531,0.0136199705302715
tile_r017251_c004707,0,400.89697265625,39.57624435424805,438.219482421875,66.38502502441406,0.0135585200041532
tile_r017251_c004707,0,315.0536499023437,41.07276153564453,346.8497314453125,68.78042602539062,0.0135582769289612
tile_r017251_c004707,0,347.7875061035156,28.47205924987793,380.4682312011719,51.872650146484375,0.0134679526090621
tile_r017251_c004707,0,485.78851318359375,84.51690673828125,527.1917114257812,112.1251983642578,0.0133858257904648
tile_r017251_c004707,0,388.1408081054688,39.62761688232422,424.2933349609375,66.26423645019531,0.0132550336420536
tile_r017251_c004707,0,377.7303771972656,89.79930114746094,418.6211242675781,117.07537841796876,0.0132444659247994
tile_r017251_c004707,0,428.6140747070313,86.7870101928711,468.5969848632813,116.18151092529295,0.0131526133045554
tile_r017251_c004707,0,330.37066650390625,28.339733123779297,362.0955810546875,51.81492233276367,0.0131100248545408
tile_r017251_c004707,0,375.5484619140625,39.641876220703125,410.61627197265625,66.07057189941406,0.0130899529904127
tile_r017251_c004707,0,440.2952880859375,68.52934265136719,478.2471923828125,99.88737487792967,0.0130732329562306
tile_r017251_c004707,0,495.399658203125,49.39900207519531,517.5572509765625,86.55789184570312,0.0130709502846002
tile_r017251_c004707,0,427.91998291015625,52.57128143310547,463.6239013671875,82.3437728881836,0.0130126373842358
tile_r017251_c004707,0,480.24365234375,51.40452194213867,509.9483642578125,83.48294067382812,0.0129894092679023
tile_r017251_c004707,0,362.3738403320313,39.75126647949219,396.7696533203125,66.03338623046875,0.0129464482888579
tile_r017251_c004707,0,414.7966003417969,52.95287322998047,451.7668151855469,81.70633697509766,0.0129101574420928
tile_r017251_c004707,0,354.9998474121094,-81.37039947509766,576.609619140625,137.55458068847656,0.0129047194495797
tile_r017251_c004707,0,365.91204833984375,-82.17949676513672,584.9597778320312,139.04457092285156,0.0128727853298187
tile_r017251_c004707,0,333.4757385253906,35.16503143310547,373.8910217285156,72.79300689697266,0.0128540573641657
tile_r017251_c004707,0,342.7950744628906,-82.61134338378906,569.4143676757812,135.95838928222656,0.0128460358828306
tile_r017251_c004707,0,363.7272338867188,-95.5861587524414,601.9871215820312,129.32264709472656,0.0128440167754888
tile_r017251_c004707,0,348.9534606933594,39.89289093017578,382.2123107910156,65.87923431396484,0.0128311580047011
tile_r017251_c004707,0,414.7876892089844,150.0657958984375,461.4720153808594,189.90057373046875,0.0128286704421043
tile_r017251_c004707,0,372.1447143554688,-90.88626098632812,610.2661743164062,125.6562042236328,0.0128221558406949
tile_r017251_c004707,0,451.8635864257813,69.96490478515625,489.87548828125,101.39250183105467,0.0128105236217379
tile_r017251_c004707,0,440.9736633300781,52.11296081542969,475.0652160644531,83.05319213867188,0.0127904349938035
tile_r017251_c004707,0,352.1052551269531,-95.08892822265624,594.2340698242188,128.55300903320312,0.0127549478784203
tile_r017251_c004707,0,271.2421264648437,23.081592559814453,293.35809326171875,49.147647857666016,0.0127518558874726
tile_r017251_c004707,0,401.7335815429688,52.9903450012207,438.6204833984375,81.48330688476562,0.0127463703975081
tile_r017251_c004707,0,390.6511840820313,89.28581237792969,430.72259521484375,117.5525360107422,0.0127449603751301
tile_r017251_c004707,0,376.7713317871094,-81.7730712890625,592.1404418945312,139.2991485595703,0.0127266021445393
tile_r017251_c004707,0,427.8287963867188,68.2603988647461,465.9908447265625,98.50939178466795,0.012708724476397
tile_r017251_c004707,0,388.9036865234375,53.00945281982422,424.8544921875,81.50276947021484,0.0126498788595199
tile_r017251_c004707,0,332.7518310546875,74.81190490722656,375.20806884765625,103.5400848388672,0.0126293608918786
tile_r017251_c004707,0,126.42047882080078,446.52093505859375,265.7611999511719,514.3915405273438,0.0126049341633915
tile_r017251_c004707,0,376.1365051269531,53.06427764892578,411.4035949707031,81.5643081665039,0.0125994039699435
tile_r017251_c004707,0,337.27783203125,-93.14083099365234,588.2875366210938,126.4667739868164,0.0125643219798803
tile_r017251_c004707,0,316.408935546875,57.81816864013672,354.76727294921875,87.2613296508789,0.0125513076782226
tile_r017251_c004707,0,333.39923095703125,40.212684631347656,365.94830322265625,66.1913833618164,0.0124883819371461
tile_r017251_c004707,0,386.6233825683594,-81.86968231201172,599.3609008789062,138.75994873046875,0.0124808466061949
tile_r017251_c004707,0,362.8197937011719,53.22993469238281,397.8550720214844,81.67796325683594,0.0124578000977635
tile_r017251_c004707,0,205.62228393554688,-38.09619903564453,260.8921813964844,44.12205505371094,0.0124476132914423
tile_r017251_c004707,0,403.4460144042969,88.88648986816406,442.9758605957031,117.5956573486328,0.0124284252524375
tile_r017251_c004707,0,321.0722045898437,-91.2789077758789,581.1693115234375,123.01964569091795,0.0123442187905311
tile_r017251_c004707,0,416.0144653320313,87.95597839355469,455.803955078125,116.82820129394533,0.0123427249491214
tile_r017251_c004707,0,366.0095825195313,-59.8304443359375,573.3101806640625,139.31204223632812,0.0123317847028374
tile_r017251_c004707,0,415.1753540039063,68.49901580810547,453.2374267578125,98.03630828857422,0.0123076597228646
tile_r017251_c004707,0,453.3650817871094,52.09914016723633,486.3020935058594,83.22212982177734,0.0122868902981281
tile_r017251_c004707,0,349.3389587402344,53.591575622558594,384.1994323730469,81.85480499267578,0.0122790858149528
tile_r017251_c004707,0,394.3109130859375,-81.72914123535156,607.694091796875,137.93531799316406,0.0122563494369387
tile_r017251_c004707,0,464.0932312011719,71.68327331542969,502.0653991699219,102.07293701171876,0.0122205819934606
tile_r017251_c004707,0,465.9256591796875,52.28265380859375,499.02630615234375,82.81793212890625,0.0122030386701226
tile_r017251_c004707,0,402.3610534667969,68.75517272949219,440.1296081542969,98.32159423828124,0.0121679296717047
tile_r017251_c004707,0,477.4476318359375,70.12386322021484,512.7862548828125,101.5199966430664,0.0121007962152361
tile_r017251_c004707,0,389.5757141113281,69.15536499023438,427.0124816894531,98.85755920410156,0.0120948012918233
tile_r017251_c004707,0,376.8683471679688,69.59934997558594,414.07073974609375,99.218994140625,0.0120677221566438
tile_r017251_c004707,0,400.5111999511719,-82.78587341308594,616.6246948242188,137.4569549560547,0.0120276864618062
tile_r017251_c004707,0,375.6982421875,-62.51544570922852,580.5509033203125,143.4010009765625,0.0120002189651131
tile_r017251_c004707,0,334.1135559082031,54.505348205566406,369.7511901855469,82.79373931884766,0.0119948834180831
tile_r017251_c004707,0,488.9254760742188,39.65019607543945,491.13372802734375,41.60685348510742,0.01199471950531
tile_r017251_c004707,0,363.54730224609375,70.4022445678711,400.8590698242188,99.88373565673828,0.0119751784950494
tile_r017251_c004707,0,349.3851318359375,71.97459411621094,387.76361083984375,101.32131958007812,0.0119743430987
tile_r017251_c004707,0,484.4679870605469,32.68791961669922,487.4397888183594,35.91063690185547,0.0118634020909667
tile_r017251_c004707,0,384.5451965332031,-62.23454666137695,588.3310546875,143.80015563964844,0.0117503628134727
tile_r017251_c004707,0,496.9072265625,66.11074829101562,515.9976196289062,101.71133422851562,0.0117258755490183
tile_r017251_c004707,0,268.07489013671875,465.70404052734375,321.3553466796875,503.7305908203125,0.0116483271121978
tile_r017251_c004707,0,396.2784423828125,-58.48873901367188,593.1980590820312,139.57034301757812,0.0115346387028694
tile_r017251_c004707,0,234.21951293945312,66.6329116821289,263.80487060546875,107.62105560302734,0.0115276277065277
tile_r017251_c004707,0,487.69964599609375,33.02143478393555,490.9240112304688,36.91261672973633,0.0114401215687394
tile_r017251_c004707,0,92.24298858642578,384.4568786621094,114.64862823486328,410.9983825683594,0.0106458496302366
tile_r017251_c004707,0,279.8171081542969,461.0855712890625,320.4214782714844,503.4002685546875,0.0106148561462759
tile_r017251_c004707,0,491.5573425292969,40.109256744384766,494.1469421386719,42.19000625610352,0.0105763003230094
tile_r017251_c004707,0,120.82931518554688,349.3226928710937,147.7711181640625,371.62200927734375,0.0104357311502099
tile_r017251_c004707,0,49.7132568359375,338.37310791015625,198.2760162353516,427.41748046875,0.0101208528503775
tile_r017251_c004707,0,251.10577392578125,26.28461456298828,286.0120849609375,57.64221954345703,0.0100076394155621
tile_r017251_c004707,0,118.5352783203125,305.3523254394531,139.47463989257812,331.5538635253906,0.0098242238163948
tile_r017251_c004707,0,75.8659896850586,434.4660949707031,120.64481353759766,489.1999816894531,0.0097368862479925
tile_r017251_c004707,0,187.86752319335932,246.5169982910156,253.38082885742188,330.7880554199219,0.0095313321799039
tile_r017251_c004707,0,100.09601593017578,81.3914566040039,147.25076293945312,133.76080322265625,0.0092277619987726
tile_r017251_c004707,0,494.4051513671875,41.83528900146485,497.0807495117188,44.266578674316406,0.0089086638763546
tile_r017251_c004707,0,103.6524887084961,119.6043472290039,135.86778259277344,164.2158966064453,0.008868433535099
tile_r017251_c004707,0,354.3997802734375,290.355712890625,390.7838134765625,333.614990234375,0.0088634090498089
tile_r018019_c005219,0,479.6664733886719,199.0948181152344,512.020263671875,248.92852783203125,0.8055784106254578
tile_r018019_c005219,0,49.00680541992188,91.14703369140624,105.47994995117188,146.92979431152344,0.8042559027671814
tile_r018019_c005219,0,377.11907958984375,31.57777404785156,435.0325317382813,83.64181518554688,0.802389919757843
tile_r018019_c005219,0,435.5101013183594,312.7994079589844,481.4390563964844,358.7130432128906,0.8010758757591248
tile_r018019_c005219,0,425.4568176269531,406.1637268066406,482.5575256347656,453.7075500488281,0.7959328293800354
tile_r018019_c005219,0,66.37335968017578,339.6574401855469,106.4285659790039,376.7516784667969,0.7944961190223694
tile_r018019_c005219,0,123.3300552368164,227.38214111328125,177.65415954589844,276.5306091308594,0.7944254875183105
tile_r018019_c005219,0,134.5835723876953,-0.0086021423339843,181.2799530029297,32.3365592956543,0.7751691937446594
tile_r018019_c005219,0,0.1371574401855468,237.39846801757807,33.485450744628906,279.3755187988281,0.7724079489707947
tile_r018019_c005219,0,361.2700805664063,134.45660400390625,403.3480224609375,171.16607666015625,0.7615854740142822
tile_r018019_c005219,0,171.62892150878906,137.18756103515625,219.0763702392578,179.20315551757812,0.7570789456367493
tile_r018019_c005219,0,392.8858947753906,364.7905883789063,432.9194641113281,400.6436767578125,0.7565430402755737
tile_r018019_c005219,0,429.0886535644531,77.4927978515625,460.6836242675781,106.5858917236328,0.7558190822601318
tile_r018019_c005219,0,479.9171447753906,488.9497680664063,511.6160583496094,512.0010375976562,0.7494530081748962
tile_r018019_c005219,0,0.501007080078125,0.5443267822265625,51.48042678833008,62.6993293762207,0.738791823387146
tile_r018019_c005219,0,16.54326629638672,327.49609375,49.3701171875,359.9008178710937,0.736301600933075
tile_r018019_c005219,0,302.6409606933594,422.8471984863281,340.7413024902344,461.9195861816406,0.7212623953819275
tile_r018019_c005219,0,415.1700744628906,287.3459167480469,452.3017883300781,319.4052429199219,0.720898449420929
tile_r018019_c005219,0,324.766845703125,290.2845458984375,357.8295288085937,319.5946044921875,0.6399186849594116
tile_r018019_c005219,0,226.85629272460932,149.62051391601562,267.75103759765625,189.02618408203125,0.6168482303619385
tile_r018019_c005219,0,255.7833251953125,183.43850708007807,296.3609619140625,222.6649475097656,0.6138184070587158
tile_r018019_c005219,0,276.4259948730469,330.83428955078125,307.7049865722656,360.817138671875,0.5820851922035217
tile_r018019_c005219,0,317.3122863769531,61.23616409301758,363.5354309082031,99.57000732421876,0.5813707113265991
tile_r018019_c005219,0,-0.4463303089141845,425.4197387695313,7.35114860534668,472.6607055664063,0.3042046725749969
tile_r018019_c005219,0,323.9078674316406,503.8069763183594,375.7709655761719,511.9346008300781,0.2651801407337188
tile_r018019_c005219,0,35.40714263916016,-0.2970321178436279,91.79247283935548,7.44478702545166,0.2543659508228302
tile_r018019_c005219,0,342.4573974609375,32.1264762878418,369.9368896484375,58.30266952514648,0.2339305728673935
tile_r018019_c005219,0,11.884605407714844,23.79962921142578,50.57965087890625,58.3696517944336,0.231044590473175
tile_r018019_c005219,0,50.16401672363281,-0.3809750080108642,110.30552673339844,6.860974311828613,0.2102191746234893
tile_r018019_c005219,0,42.06047058105469,470.9819946289063,70.13970184326172,495.2646484375,0.1792766749858856
tile_r018019_c005219,0,503.7630920410156,146.04139709472656,511.8471374511719,192.92955017089844,0.1693141460418701
tile_r018019_c005219,0,498.8786315917969,-0.3008499145507812,511.7817077636719,16.81497573852539,0.1660477817058563
tile_r018019_c005219,0,45.21946716308594,470.886474609375,69.67526245117188,493.67236328125,0.1588883250951767
tile_r018019_c005219,0,489.472412109375,64.97664642333984,512.0828247070312,102.82564544677734,0.1552257537841797
tile_r018019_c005219,0,503.884765625,420.922607421875,511.7244873046875,478.23187255859375,0.1520479619503021
tile_r018019_c005219,0,505.8925476074219,439.4455261230469,511.9173278808594,496.7475280761719,0.1504369974136352
tile_r018019_c005219,0,504.2770385742188,312.40826416015625,511.9371337890625,366.36077880859375,0.1420220583677292
tile_r018019_c005219,0,505.5799560546875,269.2909545898437,511.8237915039063,320.88580322265625,0.1369538307189941
tile_r018019_c005219,0,398.8583679199219,-0.2689471244812011,441.3745422363281,5.885794162750244,0.1356230229139328
tile_r018019_c005219,0,-0.2915191650390625,2.0167465209960938,22.532028198242188,40.53824234008789,0.135509192943573
tile_r018019_c005219,0,504.924072265625,291.4833374023437,511.7174682617188,350.3564453125,0.1302468031644821
tile_r018019_c005219,0,505.55084228515625,121.3603744506836,511.927001953125,164.8878173828125,0.121646299958229
tile_r018019_c005219,0,-0.3266324996948242,493.8905944824219,7.984054565429687,512.1183471679688,0.1170400530099868
tile_r018019_c005219,0,504.9336242675781,375.3848876953125,511.6999816894531,427.033935546875,0.1158530488610267
tile_r018019_c005219,0,-0.5717880725860596,106.07003784179688,5.375937461853027,161.72628784179688,0.1123362034559249
tile_r018019_c005219,0,-0.7741978168487549,187.9404754638672,5.6954545974731445,235.78770446777344,0.1093882992863655
tile_r018019_c005219,0,504.2685852050781,157.82992553710938,511.9749450683594,216.2490234375,0.104237325489521
tile_r018019_c005219,0,504.4821166992188,390.3525695800781,511.6610107421875,448.3481750488281,0.1039562672376632
tile_r018019_c005219,0,503.0352783203125,34.30859375,511.87896728515625,92.19286346435548,0.1030157282948494
tile_r018019_c005219,0,392.536376953125,-0.2490174770355224,433.5838012695313,5.190162658691406,0.0950053483247757
tile_r018019_c005219,0,-0.7423672676086426,435.7676086425781,6.516146183013916,491.0326843261719,0.094263732433319
tile_r018019_c005219,0,81.08888244628906,0.1558179855346679,113.55184936523438,13.142138481140137,0.0933475494384765
tile_r018019_c005219,0,327.31268310546875,505.2784118652344,382.823974609375,512.5728759765625,0.0933068990707397
tile_r018019_c005219,0,-0.6821527481079102,88.68863677978516,5.641091346740723,132.288330078125,0.0906967669725418
tile_r018019_c005219,0,-0.3553676605224609,1.0594253540039062,10.326433181762695,26.128496170043945,0.0898685976862907
tile_r018019_c005219,0,137.03460693359375,0.4612331390380859,179.7340087890625,10.777978897094728,0.0892986506223678
tile_r018019_c005219,0,-0.4150753021240234,309.3401794433594,4.5555100440979,360.6182556152344,0.087445929646492
tile_r018019_c005219,0,504.109130859375,453.47064208984375,511.7407836914063,507.5274658203125,0.08539929240942
tile_r018019_c005219,0,-0.4690141677856445,407.0457153320313,4.725432395935059,460.6216430664063,0.0845945253968238
tile_r018019_c005219,0,-0.7650542259216309,125.70956420898438,5.836296558380127,181.22604370117188,0.0765507370233535
tile_r018019_c005219,0,351.57049560546875,-0.4442565441131592,394.593505859375,5.522565841674805,0.0755160525441169
tile_r018019_c005219,0,330.6695861816406,-0.3943707942962646,383.0005187988281,5.580825805664063,0.0748514831066131
tile_r018019_c005219,0,507.2454223632813,246.43569946289065,511.98828125,297.9941101074219,0.0747869461774826
tile_r018019_c005219,0,-0.6824986934661865,48.61480712890625,5.410483360290527,102.34861755371094,0.0732023566961288
tile_r018019_c005219,0,459.5629577636719,-0.2637875080108642,501.3180847167969,5.0199737548828125,0.0729798302054405
tile_r018019_c005219,0,57.81462097167969,506.0451965332031,102.44691467285156,512.22021484375,0.069526195526123
tile_r018019_c005219,0,504.9355163574219,329.4891662597656,512.1064453125,392.8613586425781,0.0690721496939659
tile_r018019_c005219,0,484.9903869628906,491.6111755371094,513.1631469726562,511.8324890136719,0.0584290735423564
tile_r018019_c005219,0,481.63970947265625,492.2297058105469,511.5177001953125,511.6386413574219,0.0577824339270591
tile_r018019_c005219,0,501.0245666503906,448.3955078125,513.7544555664062,508.9222412109375,0.0559285171329975
tile_r018019_c005219,0,340.5560302734375,30.09558486938477,370.4140625,59.00848007202149,0.0556969121098518
tile_r018019_c005219,0,-0.9023199081420898,150.03518676757812,6.262660980224609,221.64227294921875,0.0553111992776393
tile_r018019_c005219,0,-0.5215516090393066,332.8023986816406,4.793792724609375,382.9991760253906,0.0544750243425369
tile_r018019_c005219,0,480.8780517578125,217.6580047607422,512.5032958984375,247.9318084716797,0.0538836792111396
tile_r018019_c005219,0,489.2322082519531,71.83451843261719,512.0554809570312,102.3994140625,0.0538282580673694
tile_r018019_c005219,0,421.0268249511719,-0.272207498550415,474.1724548339844,5.091098785400391,0.0530260279774665
tile_r018019_c005219,0,435.1797790527344,312.2492370605469,481.1334533691406,354.1578674316406,0.0526575930416584
tile_r018019_c005219,0,-0.7572975158691406,357.33477783203125,5.200729370117188,415.13323974609375,0.051801074296236
tile_r018019_c005219,0,503.8839721679688,2.5267791748046875,511.8701171875,59.38080978393555,0.0513604581356048
tile_r018019_c005219,0,415.0682067871094,288.1930847167969,451.1435852050781,316.9310607910156,0.0505282506346702
tile_r018019_c005219,0,43.547481536865234,471.0320739746094,68.39257049560547,492.5171813964844,0.0497902557253837
tile_r018019_c005219,0,423.92230224609375,504.8219299316406,473.9075317382813,512.1895141601562,0.0489549599587917
tile_r018019_c005219,0,-0.6908326148986816,284.2606506347656,5.352477073669434,338.5944519042969,0.0488723181188106
tile_r018019_c005219,0,310.2716064453125,-0.3005764484405517,359.36212158203125,4.837221145629883,0.0482627414166927
tile_r018019_c005219,0,481.99407958984375,200.8955993652344,512.3345947265625,245.8658142089844,0.0478673726320266
tile_r018019_c005219,0,481.2120971679688,204.8057861328125,511.75830078125,244.8319396972656,0.0459132827818393
tile_r018019_c005219,0,-0.5328688621520996,27.16350555419922,8.55605697631836,84.2586898803711,0.0453437454998493
tile_r018019_c005219,0,288.4804077148437,-0.2339124679565429,334.6282958984375,5.478363990783691,0.0445444658398628
tile_r018019_c005219,0,506.5760192871094,91.36314392089844,512.0656127929688,140.12680053710938,0.0441069267690181
tile_r018019_c005219,0,2.863471984863281,500.8034362792969,56.0730094909668,512.4234008789062,0.0432146936655044
tile_r018019_c005219,0,3.520784378051758,0.0736398696899414,35.858909606933594,8.46690845489502,0.0429112315177917
tile_r018019_c005219,0,341.3476867675781,29.572189331054688,369.2442932128906,60.24873352050781,0.0421719215810298
tile_r018019_c005219,0,83.486083984375,505.8245239257813,129.4266357421875,511.9927978515625,0.0414449833333492
tile_r018019_c005219,0,423.96868896484375,404.2223510742188,483.03271484375,450.1590576171875,0.0402990616858005
tile_r018019_c005219,0,503.3372802734375,418.3662109375,516.2638549804688,462.3032836914063,0.0397552922368049
tile_r018019_c005219,0,487.5968322753906,76.48450469970703,510.0320129394531,100.8598403930664,0.0394827462732791
tile_r018019_c005219,0,111.03961181640624,505.6761474609375,149.99237060546875,512.1918334960938,0.0392681956291198
tile_r018019_c005219,0,308.10614013671875,54.041988372802734,366.08929443359375,101.19300842285156,0.0382401496171951
tile_r018019_c005219,0,95.770751953125,-0.3751170635223388,146.3158721923828,5.0257568359375,0.0378681905567646
tile_r018019_c005219,0,478.2437133789063,195.2108612060547,512.588623046875,253.2931671142578,0.0376262106001377
tile_r018019_c005219,0,-1.2183637619018557,230.18572998046875,31.59151077270508,277.8822326660156,0.0370139107108116
tile_r018019_c005219,0,294.2672119140625,503.8363037109375,363.8109130859375,512.3005981445312,0.0348678082227706
tile_r018019_c005219,0,339.71832275390625,29.36043930053711,370.8035888671875,60.48709487915039,0.0342927537858486
tile_r018019_c005219,0,432.2378234863281,402.8504638671875,480.7405700683594,446.823486328125,0.0342398211359977
tile_r018019_c005219,0,424.8659973144531,405.6309509277344,482.2225646972656,451.0158386230469,0.0340445190668106
tile_r018019_c005219,0,227.6455078125,-0.3506999015808105,281.4227600097656,5.554161071777344,0.0340323895215988
tile_r018019_c005219,0,362.8740234375,505.5250854492188,424.8989868164063,512.3936767578125,0.0338067896664142
tile_r018019_c005219,0,392.58050537109375,363.6705017089844,433.17919921875,397.0664367675781,0.0337224826216697
tile_r018019_c005219,0,195.91700744628903,225.190185546875,221.7008209228516,247.71258544921875,0.033051811158657
tile_r018019_c005219,0,1.9473342895507808,15.99176025390625,49.36809539794922,61.39645385742188,0.0325705744326114
tile_r018019_c005219,0,322.427734375,288.23565673828125,356.8927001953125,317.32403564453125,0.03238395601511
tile_r018019_c005219,0,0.430328369140625,2.03486442565918,34.55011749267578,58.39717864990234,0.0319514088332653
tile_r018019_c005219,0,15.805727005004885,325.5301208496094,49.44554901123047,357.0496520996094,0.0317248068749904
tile_r018019_c005219,0,203.24986267089844,-0.1555328369140625,258.2794189453125,5.111319065093994,0.0314312987029552
tile_r018019_c005219,0,479.4312744140625,501.5459899902344,511.6603393554688,512.734619140625,0.0303447730839252
tile_r018019_c005219,0,12.261524200439451,32.3635368347168,49.10680770874024,58.69792556762695,0.0300946775823831
tile_r018019_c005219,0,19.17696952819824,324.7185974121094,51.29791259765625,359.3865661621094,0.0298881530761718
tile_r018019_c005219,0,194.67599487304688,224.3207855224609,223.63314819335932,249.8806304931641,0.0294569339603185
tile_r018019_c005219,0,16.56049156188965,326.88653564453125,48.15047454833984,353.9287109375,0.0292497426271438
tile_r018019_c005219,0,259.1419982910156,-0.1563687324523925,313.2522277832031,4.9679131507873535,0.0286811701953411
tile_r018019_c005219,0,490.00048828125,74.05439758300781,512.284423828125,104.54330444335938,0.0286663696169853
tile_r018019_c005219,0,132.34054565429688,1.472187042236328,179.26470947265625,26.24950408935547,0.028172668069601
tile_r018019_c005219,0,486.5554504394531,77.06521606445312,510.6781311035156,102.91476440429688,0.0281690768897533
tile_r018019_c005219,0,312.5080871582031,219.15737915039065,355.2497863769531,252.4942626953125,0.0279825944453477
tile_r018019_c005219,0,1.9758262634277344,462.3914794921875,43.72293472290039,512.037841796875,0.0276318006217479
tile_r018019_c005219,0,164.515380859375,-0.04952073097229,214.53341674804688,6.472262382507324,0.0272830296307802
tile_r018019_c005219,0,325.8389892578125,291.8886413574219,354.6533203125,316.7476501464844,0.0272795837372541
tile_r018019_c005219,0,257.9676208496094,185.2072906494141,291.0289001464844,215.5043182373047,0.0268152467906475
tile_r018019_c005219,0,414.0133666992188,282.468994140625,449.8931274414063,324.1341552734375,0.0265796929597854
tile_r018019_c005219,0,46.09172058105469,469.5728454589844,69.1160888671875,488.1249694824219,0.0257281120866537
tile_r018019_c005219,0,122.2012176513672,226.83306884765625,175.4919891357422,275.9798278808594,0.0256353747099638
tile_r018019_c005219,0,258.13555908203125,184.375732421875,291.1014404296875,212.56863403320312,0.0255444813519716
tile_r018019_c005219,0,121.98445129394533,224.8129425048828,174.7395782470703,277.11572265625,0.025322813540697
tile_r018019_c005219,0,253.48016357421875,179.85072326660156,294.76812744140625,214.5746612548828,0.0253196470439434
tile_r018019_c005219,0,323.39801025390625,289.4947509765625,357.9990234375,318.814208984375,0.0252453051507473
tile_r018019_c005219,0,251.9560394287109,178.8710174560547,295.0565795898437,223.7838897705078,0.0250762924551963
tile_r018019_c005219,0,397.4874877929688,364.9039916992188,435.847412109375,405.23974609375,0.0249425787478685
tile_r018019_c005219,0,121.9633331298828,224.87078857421875,175.85243225097656,270.7510681152344,0.024730272591114
tile_r018019_c005219,0,227.9241485595703,152.10011291503906,264.24688720703125,184.18409729003903,0.0246140379458665
tile_r018019_c005219,0,137.63609313964844,1.4567127227783203,184.3562774658203,31.44750022888184,0.024496866390109
tile_r018019_c005219,0,256.7026672363281,186.9883575439453,291.2433166503906,218.4846343994141,0.0244763512164354
tile_r018019_c005219,0,323.9197692871094,290.5903625488281,355.8236999511719,316.9476013183594,0.0243396926671266
tile_r018019_c005219,0,6.596101760864258,33.508087158203125,43.15744018554688,59.46207427978516,0.0242362879216671
tile_r018019_c005219,0,321.0610046386719,65.08763122558594,358.6180725097656,96.1701202392578,0.0241936035454273
tile_r018019_c005219,0,256.3829650878906,186.1407012939453,292.5454406738281,219.6845550537109,0.0240484755486249
tile_r018019_c005219,0,-0.1186623573303222,101.58472442626952,15.228137969970703,135.0651092529297,0.0240409579128026
tile_r018019_c005219,0,494.71478271484375,253.97787475585932,521.0733032226562,377.4377136230469,0.0238941013813018
tile_r018019_c005219,0,319.38134765625,64.12960815429688,355.3443603515625,92.73495483398438,0.0238812360912561
tile_r018019_c005219,0,426.37506103515625,76.15552520751953,461.8414306640625,108.34770965576172,0.0237207021564245
tile_r018019_c005219,0,325.417236328125,65.41012573242188,359.99664306640625,96.7806396484375,0.0236715674400329
tile_r018019_c005219,0,0.1710157394409179,23.479848861694336,29.596885681152344,60.63307189941406,0.0235086865723133
tile_r018019_c005219,0,392.9765930175781,367.1153564453125,430.1488342285156,396.652099609375,0.0231881532818079
tile_r018019_c005219,0,415.0341796875,286.87646484375,449.023193359375,312.10260009765625,0.0231576990336179
tile_r018019_c005219,0,342.59820556640625,32.50902557373047,368.3312377929688,57.93883514404297,0.0229018535465002
tile_r018019_c005219,0,48.76221084594727,93.30953979492188,103.28543090820312,139.5111083984375,0.0226604547351598
tile_r018019_c005219,0,379.3433837890625,31.434829711914062,433.3394775390625,69.16226959228516,0.0226241126656532
tile_r018019_c005219,0,382.5674133300781,32.093055725097656,434.6650085449219,80.0477523803711,0.022457018494606
tile_r018019_c005219,0,360.82232666015625,135.1217498779297,400.0401611328125,166.8722686767578,0.0224567390978336
tile_r018019_c005219,0,131.47003173828125,225.16082763671875,182.54428100585932,277.2499694824219,0.0223705377429723
tile_r018019_c005219,0,38.99797058105469,465.3655395507813,89.79188537597656,509.0015869140625,0.0223447009921073
tile_r018019_c005219,0,379.1696472167969,32.80060577392578,433.8003845214844,80.95195770263672,0.0222820416092872
tile_r018019_c005219,0,438.7448425292969,78.34440612792969,461.9164733886719,104.28707885742188,0.0222664531320333
tile_r018019_c005219,0,276.624267578125,331.5871887207031,299.75390625,351.5134582519531,0.0221570525318384
tile_r018019_c005219,0,177.3950958251953,153.45944213867188,214.1909637451172,177.55599975585938,0.0221091024577617
tile_r018019_c005219,0,293.60186767578125,-0.2134795188903808,321.03192138671875,9.912006378173828,0.0220838394016027
tile_r018019_c005219,0,135.13613891601562,505.8311767578125,192.6378173828125,512.2125854492188,0.0219644885510206
tile_r018019_c005219,0,392.14105224609375,505.0280456542969,454.4564208984375,512.1091918945312,0.0218155030161142
tile_r018019_c005219,0,273.6051025390625,329.65191650390625,305.12896728515625,356.5093994140625,0.0218060817569494
tile_r018019_c005219,0,35.907657623291016,500.1259765625,73.50373840332031,512.2515869140625,0.0217146165668964
tile_r018019_c005219,0,320.07696533203125,70.37731170654297,358.1259765625,97.23030853271484,0.0217017214745283
tile_r018019_c005219,0,322.86395263671875,70.55236053466797,360.65826416015625,98.2624740600586,0.0215742420405149
tile_r018019_c005219,0,383.7684326171875,32.042198181152344,435.3179931640625,82.11470794677734,0.0215262081474065
tile_r018019_c005219,0,156.91583251953125,504.8824768066406,215.27078247070312,512.3206176757812,0.021518325433135
tile_r018019_c005219,0,64.49061584472656,338.22674560546875,103.68809509277344,366.6925659179688,0.0215122122317552
tile_r018019_c005219,0,2.3345184326171875,480.5539245605469,25.24366950988769,511.7064514160156,0.0213828068226575
tile_r018019_c005219,0,360.291748046875,133.6929931640625,399.47467041015625,161.91253662109375,0.021018162369728
tile_r018019_c005219,0,234.9275360107422,504.8080749511719,294.8457336425781,512.3483276367188,0.0210070572793483
tile_r018019_c005219,0,130.26828002929688,0.1183118820190429,155.11410522460938,31.98398971557617,0.0209343582391738
tile_r018019_c005219,0,327.9566650390625,70.59272003173828,360.7659912109375,98.2199935913086,0.0208778101950883
tile_r018019_c005219,0,434.8609008789063,395.1688232421875,490.948974609375,460.2822265625,0.0208651535212993
tile_r018019_c005219,0,359.9814453125,132.61398315429688,401.36175537109375,160.45809936523438,0.0206728242337703
tile_r018019_c005219,0,389.0572204589844,31.17258644104004,439.3291320800781,81.30091857910156,0.0205379202961921
tile_r018019_c005219,0,333.7318420410156,291.3719787597656,360.4057922363281,319.4287414550781,0.0205157864838838
tile_r018019_c005219,0,227.0643615722656,154.6294403076172,264.68768310546875,187.6630096435547,0.0203922931104898
tile_r018019_c005219,0,9.897266387939451,0.2062931060791015,88.8756103515625,60.56866455078125,0.0203702989965677
tile_r018019_c005219,0,303.3007202148437,427.761962890625,333.2645263671875,458.0955810546875,0.0201994515955448
tile_r018019_c005219,0,49.75849914550781,100.02448272705078,103.87995910644533,146.67864990234375,0.0201866962015628
tile_r018019_c005219,0,434.4131774902344,79.27877044677734,460.4498596191406,102.13419342041016,0.0201465710997581
tile_r018019_c005219,0,376.0792236328125,33.004920959472656,436.0162353515625,87.86656951904297,0.019888762384653
tile_r018019_c005219,0,49.729942321777344,97.94407653808594,104.3611068725586,146.94895935058594,0.0198875162750482
tile_r018019_c005219,0,325.4508361816406,293.8423156738281,349.0367126464844,316.2076721191406,0.019859243184328
tile_r018019_c005219,0,394.71490478515625,370.58697509765625,424.068359375,397.4593505859375,0.0197809059172868
tile_r018019_c005219,0,491.6206359863281,118.47706604003906,523.14306640625,204.0342559814453,0.0197728816419839
tile_r018019_c005219,0,177.03311157226562,153.1483917236328,207.60671997070312,177.41383361816406,0.0194825921207666
tile_r018019_c005219,0,482.4822082519531,0.9709911346435548,514.7077026367188,47.64015197753906,0.0194682907313108
tile_r018019_c005219,0,71.41815948486328,98.64425659179688,101.80107879638672,144.48756408691406,0.0193786155432462
tile_r018019_c005219,0,272.4223937988281,503.1032409667969,314.7279357910156,512.0166625976562,0.0192408747971057
tile_r018019_c005219,0,415.8752136230469,295.03289794921875,448.5392761230469,317.99859619140625,0.0192283857613801
tile_r018019_c005219,0,436.247314453125,326.84051513671875,471.865234375,357.49920654296875,0.01907111518085
tile_r018019_c005219,0,178.19186401367188,136.1144256591797,225.04293823242188,186.6088409423828,0.0190471615642309
tile_r018019_c005219,0,228.9496612548828,163.939208984375,257.85400390625,187.06527709960932,0.0190108586102724
tile_r018019_c005219,0,49.72233200073242,111.4139404296875,69.16392517089844,142.215576171875,0.0188270639628171
tile_r018019_c005219,0,381.783447265625,32.33623504638672,436.05865478515625,90.84017181396484,0.0187309421598911
tile_r018019_c005219,0,123.18540954589844,230.0361785888672,156.08680725097656,283.3080749511719,0.0187019612640142
tile_r018019_c005219,0,16.340789794921875,332.5320129394531,43.15634536743164,358.6077575683594,0.0185928456485271
tile_r018019_c005219,0,425.5367431640625,421.8404846191406,457.34759521484375,450.6451110839844,0.0185362249612808
tile_r018019_c005219,0,477.8674011230469,208.6578369140625,500.2129211425781,243.05105590820312,0.0182487592101097
tile_r018019_c005219,0,113.91361236572266,216.14456176757807,183.6304931640625,288.4789428710937,0.0181540362536907
tile_r018019_c005219,0,208.3116149902344,504.4875183105469,270.16845703125,512.341064453125,0.0179446339607238
tile_r018019_c005219,0,390.0162963867188,24.754907608032227,441.8834228515625,86.34681701660156,0.0179243180900812
tile_r018019_c005219,0,428.5701599121094,84.27035522460938,459.9872131347656,107.72079467773438,0.017757037654519
tile_r018019_c005219,0,181.2404937744141,504.3761596679688,236.69908142089844,512.3345336914062,0.0177234597504138
tile_r018019_c005219,0,433.9605407714844,102.53996276855467,455.4273986816406,123.64363098144533,0.0177152529358863
tile_r018019_c005219,0,38.14937973022461,0.1162586212158203,112.73837280273438,32.12815856933594,0.0176290068775415
tile_r018019_c005219,0,50.36859130859375,120.02520751953124,70.72602081298828,144.47921752929688,0.0174692440778017
tile_r018019_c005219,0,435.2320861816406,401.9508666992188,490.6675109863281,467.697021484375,0.0174537822604179
tile_r018019_c005219,0,310.99713134765625,203.0033569335937,367.31689453125,255.13400268554688,0.0171479638665914
tile_r018019_c005219,0,341.9432983398437,463.3779602050781,398.4479370117188,510.1054382324219,0.0169050674885511
tile_r018019_c005219,0,305.2952880859375,442.90826416015625,328.8968505859375,461.59661865234375,0.0168928522616624
tile_r018019_c005219,0,296.31427001953125,-5.054847717285156,321.8092041015625,10.63675308227539,0.0168855693191289
tile_r018019_c005219,0,0.3439178466796875,159.31849670410156,35.647457122802734,235.0891876220703,0.0158028826117515
tile_r018019_c005219,0,301.59783935546875,438.1021118164063,339.63885498046875,464.74896240234375,0.0152545515447855
tile_r018019_c005219,0,385.9146728515625,139.82106018066406,404.787841796875,178.2058563232422,0.0150608327239751
tile_r018019_c005219,0,450.5779113769531,330.0933532714844,478.8451843261719,360.6761779785156,0.014907294884324
tile_r018019_c005219,0,223.2738800048828,234.4728240966797,245.2222442626953,255.62342834472656,0.0148338228464126
tile_r018019_c005219,0,98.33477783203124,458.7862243652344,163.360107421875,513.0111694335938,0.0147216264158487
tile_r018019_c005219,0,489.3421630859375,29.250507354736328,510.5013427734375,66.26055908203125,0.0144716016948223
tile_r018019_c005219,0,150.45425415039062,95.03009033203124,229.01956176757807,178.82272338867188,0.0144532369449734
tile_r018019_c005219,0,419.5823974609375,73.37737274169922,464.42236328125,129.30743408203125,0.0143962064757943
tile_r018019_c005219,0,473.4649658203125,109.69172668457033,517.6324462890625,215.4296112060547,0.0141928866505622
tile_r018019_c005219,0,480.0547180175781,73.93934631347656,500.6632995605469,103.87802124023438,0.0141462869942188
tile_r018019_c005219,0,473.5015563964844,135.7805938720703,512.9693603515625,226.380599975586,0.0141248777508735
tile_r018019_c005219,0,362.9585266113281,117.39633178710938,416.2962951660156,178.89398193359375,0.01383404340595
tile_r018019_c005219,0,309.103759765625,454.6183166503906,380.5499267578125,506.4961242675781,0.0138251204043626
tile_r018019_c005219,0,107.25492095947266,-10.25699234008789,183.3104248046875,49.027305603027344,0.0135756032541394
tile_r018019_c005219,0,74.1436996459961,110.61224365234376,104.8538589477539,151.72573852539062,0.0135662648826837
tile_r018019_c005219,0,348.4460754394531,122.79191589355467,409.5986022949219,191.7824249267578,0.0133459838107228
tile_r018019_c005219,0,212.32550048828125,133.41525268554688,285.63720703125,204.24411010742188,0.0132444165647029
tile_r018019_c005219,0,272.0668029785156,297.6469116210937,319.7233581542969,369.33099365234375,0.0131381321698427
tile_r018019_c005219,0,20.00489044189453,429.8238525390625,78.32516479492188,505.53717041015625,0.0127287060022354
tile_r018019_c005219,0,392.86181640625,356.98095703125,449.3365478515625,420.758056640625,0.0127180432900786
tile_r018019_c005219,0,164.38290405273438,98.79459381103516,246.28140258789065,177.71463012695312,0.0125890681520104
tile_r018019_c005219,0,53.297794342041016,317.8246459960937,120.50193786621094,393.6380615234375,0.0125358570367097
tile_r018019_c005219,0,449.64208984375,-19.71673583984375,511.153076171875,43.988380432128906,0.0122762005776166
tile_r018019_c005219,0,286.53497314453125,-16.831172943115234,341.6937255859375,23.550121307373047,0.0122477049008011
tile_r018019_c005219,0,34.923641204833984,408.7947387695313,53.91504287719727,428.4763793945313,0.0122360819950699
tile_r018019_c005219,0,202.473388671875,465.8871154785156,269.26953125,508.9263610839844,0.0121563915163278
tile_r018019_c005219,0,14.547983169555664,316.0512084960937,76.25507354736328,385.860107421875,0.0121046211570501
tile_r018019_c005219,0,182.3076629638672,463.76080322265625,241.4745635986328,508.3561401367188,0.01208780054003
tile_r018019_c005219,0,467.893798828125,388.873291015625,522.1976928710938,470.2727661132813,0.0120368525385856
tile_r018019_c005219,0,445.5823669433594,287.4087219238281,497.9156799316406,355.9519348144531,0.0120040578767657
tile_r018019_c005219,0,483.5983581542969,106.89671325683594,509.8002624511719,135.05209350585938,0.0119784390553832
tile_r018019_c005219,0,467.4006652832031,248.7220458984375,517.9595947265625,317.84503173828125,0.0117630334571003
tile_r018019_c005219,0,289.3016357421875,0.7672405242919922,365.442626953125,38.16436767578125,0.0117223728448152
tile_r018019_c005219,0,203.67881774902344,388.3738403320313,231.48838806152344,414.259033203125,0.0115595171228051
tile_r018019_c005219,0,181.2236175537109,-17.171607971191406,230.5371856689453,24.137908935546875,0.0115335192531347
tile_r018019_c005219,0,469.44342041015625,202.8363037109375,488.011962890625,237.6756591796875,0.0114443274214863
tile_r018019_c005219,0,427.3831787109375,74.23731994628906,510.0651245117188,137.33433532714844,0.0113829281181097
tile_r018019_c005219,0,314.3499450683594,147.37306213378906,337.1510925292969,176.53858947753906,0.0113331694155931
tile_r018019_c005219,0,49.212501525878906,48.57078552246094,116.56871795654295,99.87290954589844,0.0113232303410768
tile_r018019_c005219,0,164.12583923339844,98.35671997070312,215.7607269287109,154.4503936767578,0.0113201616331934
tile_r018019_c005219,0,195.1656951904297,1.022138595581055,276.3821105957031,38.95616912841797,0.0111134890466928
tile_r018019_c005219,0,443.7472229003906,0.2458095550537109,507.0242004394531,47.57632446289063,0.0109954690560698
tile_r018019_c005219,0,236.88739013671875,0.2707405090332031,283.3359375,35.713478088378906,0.0109796393662691
tile_r018019_c005219,0,459.4251708984375,258.67828369140625,504.53509521484375,321.86346435546875,0.0109510980546474
tile_r018019_c005219,0,101.2899169921875,424.7047424316406,179.01626586914062,493.6385803222656,0.0109171001240611
tile_r018019_c005219,0,173.99346923828125,-54.03668212890625,259.7477722167969,58.495384216308594,0.0108639635145664
tile_r018019_c005219,0,363.1277160644531,459.8167724609375,426.1260070800781,508.1389770507813,0.010813514702022
tile_r018019_c005219,0,371.7477722167969,247.46441650390625,462.2582092285156,340.08026123046875,0.0107401115819811
tile_r018019_c005219,0,452.764404296875,284.1731262207031,498.4348754882813,353.0519104003906,0.0107167707756161
tile_r018019_c005219,0,217.3431396484375,81.2806625366211,308.4517822265625,160.67706298828125,0.0106601025909185
tile_r018019_c005219,0,199.05685424804688,87.58275604248047,289.3604431152344,158.98944091796875,0.0106075275689363
tile_r018019_c005219,0,388.66595458984375,361.9267578125,459.6640625,443.53363037109375,0.0106070470064878
tile_r018019_c005219,0,424.433349609375,269.8039855957031,447.8181762695313,297.2087097167969,0.0105160484090447
tile_r018019_c005219,0,434.3518371582031,7.207313537597656,478.2174987792969,97.87655639648438,0.0105089703574776
tile_r018019_c005219,0,290.1928405761719,435.8072814941406,309.5045471191406,459.8782043457031,0.0104039143770933
tile_r018019_c005219,0,180.36056518554688,1.018606185913086,257.890625,37.06292724609375,0.0103977797552943
tile_r018019_c005219,0,158.02682495117188,464.76904296875,217.002197265625,506.8796997070313,0.0103532597422599
tile_r018019_c005219,0,244.4771423339844,185.9387969970703,305.3685607910156,262.6187744140625,0.0102488873526453
tile_r018019_c005219,0,240.69532775878903,116.97850036621094,279.94024658203125,155.81138610839844,0.0102322082966566
tile_r018019_c005219,0,417.3633117675781,76.86944580078125,447.0442810058594,112.7464599609375,0.0101231755688786
tile_r018019_c005219,0,444.5999755859375,23.367595672607425,508.4437255859375,100.427734375,0.0100615778937935
tile_r018019_c005219,0,24.990291595458984,181.1052398681641,66.51966857910156,231.60304260253903,0.0100340265780687
tile_r018019_c005219,0,439.7770080566406,35.66098403930664,504.0342102050781,101.67439270019533,0.0099216764792799
tile_r018019_c005219,0,447.8382263183594,0.3344841003417969,501.7815246582031,74.00611877441406,0.0099105816334486
tile_r018019_c005219,0,173.65960693359375,54.4086799621582,234.439208984375,108.42822265625,0.0097772255539894
tile_r018019_c005219,0,347.915283203125,123.97866821289062,370.0632934570313,147.12762451171875,0.0095962416380643
tile_r018019_c005219,0,454.2839660644531,244.47219848632807,473.6839294433594,271.4884338378906,0.0095164021477103
tile_r018019_c005219,0,401.3551330566406,19.57343482971192,460.7185974121094,67.70475769042969,0.0094623770564794
tile_r018019_c005219,0,194.1305084228516,57.21306991577149,288.6458740234375,134.20770263671875,0.0094372564926743
tile_r018019_c005219,0,445.1328125,138.1837921142578,505.9375,212.5824432373047,0.009218206629157
tile_r018019_c005219,0,440.1057434082031,115.57423400878906,502.5478210449219,191.2357940673828,0.0091702248901128
tile_r018019_c005219,0,337.9552001953125,130.73326110839844,375.278564453125,178.05467224121094,0.0091319689527153
tile_r018019_c005219,0,412.8475646972656,186.5767517089844,464.8790588378906,256.9099426269531,0.0091007575392723
tile_r018019_c005219,0,52.11942672729492,244.284912109375,103.77667236328124,317.36505126953125,0.0089214043691754
tile_r018019_c005219,0,418.5418090820313,155.1379852294922,449.244873046875,196.8518829345703,0.0088823083788156
tile_r018019_c005219,0,107.51470184326172,90.53610229492188,144.25100708007812,152.10787963867188,0.0087336814031004
tile_r018019_c005219,0,101.83677673339844,80.65803527832031,149.75328063964844,130.5357208251953,0.0086581641808152
tile_r018019_c005219,0,449.4526062011719,40.56256103515625,479.1206970214844,83.05560302734375,0.0086239986121654
tile_r018019_c005219,0,434.8499145507813,36.44617462158203,454.4500732421875,61.38226318359375,0.0085650375112891
