tile,fold,x0,y0,x1,y1,score
tile_r017251_c011107,3,86.72808837890625,465.8923950195313,126.3339385986328,503.8965759277344,0.8086338043212891
tile_r017251_c011107,3,201.27230834960935,470.40576171875,235.7598419189453,502.0298461914063,0.7728891372680664
tile_r017251_c011107,3,204.29600524902344,3.116568088531494,241.4158172607422,35.16926193237305,0.6903594732284546
tile_r017251_c011107,3,368.72991943359375,21.69207572937012,401.0345458984375,52.31523895263672,0.6526415348052979
tile_r017251_c011107,3,0.0,294.8843688964844,22.873615264892575,343.23028564453125,0.6390489339828491
tile_r017251_c011107,3,465.138671875,349.5263061523437,511.43353271484375,400.5094299316406,0.6279098391532898
tile_r017251_c011107,3,72.15293884277344,273.4674377441406,110.55519104003906,312.8896484375,0.6256560683250427
tile_r017251_c011107,3,281.6376342773437,60.034889221191406,335.17529296875,110.94767761230467,0.561545729637146
tile_r017251_c011107,3,339.28936767578125,305.65875244140625,392.322021484375,345.4638977050781,0.5403908491134644
tile_r017251_c011107,3,326.9747619628906,246.19509887695312,362.5523376464844,281.70782470703125,0.4979520738124847
tile_r017251_c011107,3,464.2731018066406,448.61029052734375,510.49267578125,490.1652221679688,0.4820798635482788
tile_r017251_c011107,3,336.4594116210937,303.2878112792969,395.0564575195313,350.0287170410156,0.4615790247917175
tile_r017251_c011107,3,75.78215026855469,392.5724487304688,118.65396881103516,434.749267578125,0.4113049209117889
tile_r017251_c011107,3,411.81878662109375,219.1253662109375,464.6482849121094,271.1592712402344,0.4096254408359527
tile_r017251_c011107,3,74.39021301269531,390.8146057128906,120.2031478881836,435.3971252441406,0.4014976024627685
tile_r017251_c011107,3,409.27642822265625,217.8858337402344,466.5470581054688,273.67657470703125,0.3660848736763
tile_r017251_c011107,3,84.41043090820312,115.85833740234376,111.3495635986328,139.4024200439453,0.3136870265007019
tile_r017251_c011107,3,432.2345581054688,28.20409774780273,491.1138305664063,93.836669921875,0.3022725880146026
tile_r017251_c011107,3,467.2676696777344,149.03379821777344,510.77880859375,194.9061279296875,0.2733199596405029
tile_r017251_c011107,3,81.59928894042969,113.2542953491211,113.491455078125,142.21182250976562,0.2564692795276642
tile_r017251_c011107,3,70.73538970947266,271.6270751953125,113.20152282714844,314.9267578125,0.2075439989566803
tile_r017251_c011107,3,468.1935119628906,149.29989624023438,510.76025390625,191.5677795410156,0.1960288882255554
tile_r017251_c011107,3,467.6761779785156,452.10400390625,509.7117614746094,486.3859252929688,0.1813283860683441
tile_r017251_c011107,3,461.0802612304688,346.4400634765625,511.3694458007813,406.2120056152344,0.16696497797966
tile_r017251_c011107,3,363.6165161132813,84.03185272216797,414.9010314941406,133.72579956054688,0.1603014022111892
tile_r017251_c011107,3,408.4933776855469,115.19148254394533,432.8627014160156,136.69729614257812,0.156002789735794
tile_r017251_c011107,3,329.2953491210937,248.7002868652344,360.3511352539063,279.3551330566406,0.1073240339756012
tile_r017251_c011107,3,364.41217041015625,84.5571060180664,413.9363403320313,131.62466430664062,0.0932810977101326
tile_r017251_c011107,3,367.4783630371094,20.260860443115234,403.82666015625,54.37293243408203,0.0658174157142639
tile_r017251_c011107,3,366.18267822265625,86.33853912353516,412.5438537597656,130.10430908203125,0.0594006665050983
tile_r017251_c011107,3,199.1854553222656,468.8091735839844,238.6776123046875,505.2339477539063,0.058021530508995
tile_r017251_c011107,3,285.38092041015625,62.15129852294922,336.00860595703125,109.04060363769533,0.0554864406585693
tile_r017251_c011107,3,0.0,219.50747680664065,11.337776184082031,275.4942321777344,0.0513448491692543
tile_r017251_c011107,3,202.3411102294922,2.2903106212615967,244.83273315429688,39.17200469970703,0.0433726534247398
tile_r017251_c011107,3,0.0023620605934411,228.7680206298828,8.320959091186523,275.26251220703125,0.0280073136091232
tile_r017251_c011107,3,0.0,2.155778408050537,10.070155143737791,37.71986770629883,0.022870859131217
tile_r017251_c011107,3,370.5764770507813,23.43074607849121,399.9137573242188,50.32979202270508,0.0220061317086219
tile_r017251_c011107,3,440.0538940429688,31.57481384277344,486.0119018554688,79.93597412109375,0.0213785916566848
tile_r017251_c011107,3,0.0675750747323036,0.0,18.506160736083984,31.68120765686035,0.0198807325214147
tile_r017251_c011107,3,0.0,277.25177001953125,34.00043487548828,368.809326171875,0.0163555033504962
tile_r017251_c011107,3,85.17632293701172,464.23333740234375,129.59030151367188,507.1111755371094,0.0151401599869132
tile_r017251_c011107,3,0.0,208.8465118408203,13.973594665527344,272.0420227050781,0.0150818899273872
tile_r017251_c011107,3,431.06097412109375,42.18231201171875,491.9411010742188,98.9880599975586,0.0125922160223126
tile_r017251_c011107,3,0.0685945525765419,219.1015167236328,5.64267635345459,267.0973205566406,0.0121709844097495
tile_r017251_c011107,3,0.0,298.8471069335937,17.696718215942383,340.3631896972656,0.012164038605988
tile_r017251_c011107,3,0.9349502325057985,500.46337890625,34.85367965698242,511.9630737304688,0.011586976237595
tile_r017251_c011107,3,0.0,0.1043529510498046,9.394756317138672,16.548904418945312,0.0113166719675064
tile_r017251_c011107,3,0.0707160979509353,224.1658477783203,4.536150932312012,270.19097900390625,0.0110184755176305
tile_r017251_c011107,3,0.0092731472104787,1.245452880859375,5.938039302825928,31.843975067138672,0.0103675406426191
tile_r017251_c011107,3,0.0715198516845703,229.0978546142578,3.247099637985229,273.19537353515625,0.0092282509431242
tile_r017251_c011107,3,0.004899597261101,239.56637573242188,5.597817897796631,274.90740966796875,0.0087189972400665
tile_r017251_c011107,3,0.0,289.156005859375,26.835474014282227,350.78289794921875,0.0077146566472947
tile_r017251_c011107,3,102.23246002197266,505.9165649414063,141.21701049804688,512.0,0.0076407343149185
tile_r017251_c011107,3,82.58272552490234,114.77113342285156,112.5398406982422,144.1622772216797,0.0074327164329588
tile_r017251_c011107,3,80.8013916015625,394.4898071289063,115.91552734375,428.161376953125,0.0072886948473751
tile_r017251_c011107,3,441.7073669433594,73.67729949951172,468.05279541015625,96.3495635986328,0.0072134719230234
tile_r017251_c011107,3,0.0829551666975021,215.7815704345703,6.351996421813965,261.7374572753906,0.0070839910767972
tile_r017251_c011107,3,0.0,1.5977798700332642,7.720584869384766,26.949604034423828,0.0069940420798957
tile_r017251_c011107,3,0.0085372924804687,1.576573133468628,4.065117359161377,36.93492889404297,0.0069408104754984
tile_r017251_c011107,3,307.85064697265625,97.06854248046876,337.78076171875,120.2901840209961,0.0065620727837085
tile_r017251_c011107,3,0.0238492973148822,2.833904981613159,3.1183807849884038,42.8050537109375,0.0061290170997381
tile_r017251_c011107,3,187.5332794189453,504.29931640625,228.4623565673828,512.0,0.0061044753529131
tile_r017251_c011107,3,438.9171447753906,29.93692970275879,485.8411560058594,73.74356079101562,0.006086163688451
tile_r017251_c011107,3,182.92330932617188,504.44036865234375,221.9150848388672,512.0,0.0059886323288083
tile_r017251_c011107,3,4.7274322509765625,0.0,37.1762809753418,5.006697654724121,0.0055462731979787
tile_r017251_c011107,3,225.1265563964844,506.3041076660156,260.3122253417969,512.0,0.0053334194235503
tile_r017251_c011107,3,500.5374145507813,225.81423950195312,511.8186950683594,286.1810913085937,0.0051098274998366
tile_r017251_c011107,3,0.019940948113799,5.806570529937744,3.063180923461914,50.06296920776367,0.0049271844327449
tile_r017251_c011107,3,445.55609130859375,30.739765167236328,482.7574768066406,72.45835876464844,0.0048310947604477
tile_r017251_c011107,3,0.0136480331420898,233.51705932617188,2.354374647140503,277.7435302734375,0.0048259599134325
tile_r017251_c011107,3,3.1097960472106934,0.0,30.142709732055664,3.594766139984131,0.0046701561659574
tile_r017251_c011107,3,0.2437316924333572,0.0243515018373727,20.37059593200684,6.28054141998291,0.0046500158496201
tile_r017251_c011107,3,507.9010314941406,225.4546661376953,512.0,269.95635986328125,0.0045660552568733
tile_r017251_c011107,3,0.0,7.744659423828125,6.369076728820801,45.63335800170898,0.0044183763675391
tile_r017251_c011107,3,9.768545150756836,0.0,42.785621643066406,5.209052085876465,0.0043642735108733
tile_r017251_c011107,3,0.0725267380475997,212.2587890625,6.309467792510986,255.0870819091797,0.0042346166446805
tile_r017251_c011107,3,441.61669921875,70.40278625488281,469.7958068847656,96.21256256103516,0.0042030401527881
tile_r017251_c011107,3,506.6541137695313,228.2210235595703,512.0,274.88214111328125,0.0039994516409933
tile_r017251_c011107,3,1.0827438831329346,0.0568191520869731,35.078826904296875,15.017660140991213,0.0038762784097343
tile_r017251_c011107,3,491.1529235839844,500.6162109375,512.0,512.0,0.0037551424466073
tile_r017251_c011107,3,440.0792541503906,73.04521179199219,467.5056762695313,96.1444320678711,0.0035976581275463
tile_r017251_c011107,3,376.36614990234375,0.1336486786603927,430.3912048339844,11.339299201965332,0.0035887754056602
tile_r017251_c011107,3,0.6671203374862671,505.6277770996094,32.01065826416016,512.0,0.0034958738833665
tile_r017251_c011107,3,0.0,502.857421875,27.707141876220703,512.0,0.003488446585834
tile_r017251_c011107,3,0.0940978974103927,482.64202880859375,27.78888893127441,511.82275390625,0.003470103489235
tile_r017251_c011107,3,0.0706607848405838,489.4192810058594,11.323219299316406,511.72259521484375,0.0034394159447401
tile_r017251_c011107,3,330.66131591796875,249.49526977539065,359.2388610839844,276.8241577148437,0.0032562653068453
tile_r017251_c011107,3,500.4249572753906,306.997802734375,512.0,362.5441284179688,0.0032009037677198
tile_r017251_c011107,3,0.0,306.2364501953125,5.913291931152344,343.82147216796875,0.0031368513591587
tile_r017251_c011107,3,508.0748596191406,221.79904174804688,512.0,264.0189819335937,0.0031326760072261
tile_r017251_c011107,3,0.0,303.3587341308594,9.088135719299316,339.3665466308594,0.0030475873500108
tile_r017251_c011107,3,473.613525390625,507.557373046875,511.98046875,512.0,0.0030326538253575
tile_r017251_c011107,3,0.471026599407196,507.02923583984375,37.43765640258789,512.0,0.0029879282228648
tile_r017251_c011107,3,483.5386657714844,507.18017578125,512.0,511.93310546875,0.002851435681805
tile_r017251_c011107,3,0.0,501.554931640625,17.631494522094727,512.0,0.0027975023258477
tile_r017251_c011107,3,0.0,496.4348754882813,33.69442367553711,512.0,0.0026669886428862
tile_r017251_c011107,3,204.1919860839844,472.040771484375,234.86154174804688,499.4638671875,0.0025529987178742
tile_r017251_c011107,3,106.16385650634766,506.4458618164063,149.13551330566406,512.0,0.0025422207545489
tile_r017251_c011107,3,229.138427734375,506.7330017089844,266.4638061523437,511.95123291015625,0.0024570976383984
tile_r017251_c011107,3,508.1512145996094,216.21188354492188,512.0,256.3007202148437,0.0024129555094987
tile_r017251_c011107,3,470.86138916015625,151.2742919921875,510.0140686035156,189.15133666992188,0.0023946759756654
tile_r017251_c011107,3,84.3287353515625,117.3446044921875,110.90022277832033,139.6719207763672,0.0023834342136979
tile_r017251_c011107,3,75.20821380615234,504.3584899902344,108.380859375,512.0,0.002341907704249
tile_r017251_c011107,3,0.6893768310546875,222.78842163085935,21.86633682250977,278.0786437988281,0.0023243553005158
tile_r017251_c011107,3,499.72991943359375,215.2389373779297,511.9263610839844,277.2786560058594,0.0022825554478913
tile_r017251_c011107,3,0.0,307.9961242675781,6.3587517738342285,350.7548828125,0.0022819768637418
tile_r017251_c011107,3,0.0,67.10603332519531,9.007112503051758,108.36470794677734,0.0022594956681132
tile_r017251_c011107,3,314.7423095703125,99.01486206054688,337.52056884765625,119.12532043457033,0.0022342985030263
tile_r017251_c011107,3,215.0547637939453,501.5542907714844,268.7520751953125,511.75732421875,0.0022227650042623
tile_r017251_c011107,3,0.0285125728696584,193.9798889160156,13.486268997192385,261.7867126464844,0.0022092200815677
tile_r017251_c011107,3,460.5281677246094,506.82470703125,504.4878845214844,512.0,0.0021843144204467
tile_r017251_c011107,3,215.0581512451172,506.6448364257813,258.8496398925781,512.0,0.0021459616255015
tile_r017251_c011107,3,0.0,10.23423194885254,3.1425228118896484,57.949951171875,0.0021174184512346
tile_r017251_c011107,3,0.0,17.188129425048828,6.209268093109131,59.15753173828125,0.0021135210990905
tile_r017251_c011107,3,0.0,73.80870819091797,2.68052339553833,113.767578125,0.0021069201175123
tile_r017251_c011107,3,0.0279567725956439,71.53363800048828,3.450521469116211,105.2681655883789,0.0019955320749431
tile_r017251_c011107,3,208.9791259765625,7.221861362457275,240.1412048339844,31.770427703857425,0.0019911210983991
tile_r017251_c011107,3,179.7702178955078,498.92962646484375,232.5196075439453,511.8802795410156,0.0019668841268867
tile_r017251_c011107,3,383.3091430664063,0.2104629576206207,439.5690307617188,10.922250747680664,0.0019539683125913
tile_r017251_c011107,3,400.9097900390625,111.09602355957033,431.8908081054688,136.69293212890625,0.0019480027258396
tile_r017251_c011107,3,504.2525939941406,167.53799438476562,512.0,208.15426635742188,0.0018862807191908
tile_r017251_c011107,3,407.92620849609375,114.72418212890624,433.7826232910156,137.1978302001953,0.0018750089220702
tile_r017251_c011107,3,66.61518096923828,498.6506958007813,116.9092788696289,512.0,0.0018619620241224
tile_r017251_c011107,3,307.7426147460937,99.33384704589844,336.9394226074219,120.9416732788086,0.0018426050664857
tile_r017251_c011107,3,465.44921875,507.6573791503906,509.5580139160156,512.0,0.0018400790868327
tile_r017251_c011107,3,0.0,247.3671875,2.77189564704895,289.88580322265625,0.0018306429265066
tile_r017251_c011107,3,176.7144317626953,505.172607421875,215.91293334960935,512.0,0.001818252261728
tile_r017251_c011107,3,93.8731918334961,505.284912109375,136.76199340820312,512.0,0.0018005300080403
tile_r017251_c011107,3,508.2435607910156,271.4154663085937,511.98968505859375,306.0858154296875,0.001771324663423
tile_r017251_c011107,3,0.0,239.4929656982422,2.4782867431640625,282.7274169921875,0.0017554615624248
tile_r017251_c011107,3,504.9413146972656,229.2022247314453,512.0,281.0705871582031,0.0017488085431978
tile_r017251_c011107,3,504.5491333007813,78.5359115600586,512.0,124.1422348022461,0.001715688384138
tile_r017251_c011107,3,409.0623168945313,116.46470642089844,432.06097412109375,136.1359405517578,0.0016954245511442
tile_r017251_c011107,3,130.1772003173828,504.7515563964844,165.30064392089844,512.0,0.0016630247700959
tile_r017251_c011107,3,505.7879028320313,175.23826599121094,512.0,215.3921356201172,0.0016389264492318
tile_r017251_c011107,3,14.334646224975586,0.0,49.780235290527344,4.560397148132324,0.0016148339491337
tile_r017251_c011107,3,375.0686645507813,0.0193614959716796,417.0726623535156,4.038285255432129,0.0016052213031798
tile_r017251_c011107,3,0.0426240935921669,66.09137725830078,5.369393825531006,101.2549285888672,0.0015995359281077
tile_r017251_c011107,3,505.78411865234375,160.37234497070312,512.0,202.0469512939453,0.0015970660606399
tile_r017251_c011107,3,0.0,50.11616134643555,9.669071197509766,105.44270324707033,0.0015530119417235
tile_r017251_c011107,3,0.0683101639151573,209.6817169189453,6.1919379234313965,247.2488250732422,0.0015479244757443
tile_r017251_c011107,3,5.60415506362915,507.3580627441406,41.83369064331055,511.97894287109375,0.0015319910598918
tile_r017251_c011107,3,367.4715881347656,0.0870635956525802,421.5055236816406,12.373231887817385,0.0015277439961209
tile_r017251_c011107,3,0.0,268.8090515136719,29.868072509765625,345.34893798828125,0.0015271489974111
tile_r017251_c011107,3,499.949951171875,199.6507873535156,512.0,267.765625,0.0015175265725702
tile_r017251_c011107,3,206.3290252685547,6.233589172363281,240.0027618408203,32.25926971435547,0.0015110579552128
tile_r017251_c011107,3,0.4402999877929687,229.65005493164065,21.906497955322266,283.89373779296875,0.0015004284214228
tile_r017251_c011107,3,133.9405517578125,506.4033203125,174.54446411132812,511.9898986816406,0.0014855886111035
tile_r017251_c011107,3,508.00140380859375,207.9375762939453,512.0,247.62234497070312,0.0014688705559819
tile_r017251_c011107,3,0.2763397097587585,243.7434844970703,10.869949340820312,297.024658203125,0.0014642131282016
tile_r017251_c011107,3,502.41156005859375,371.8895568847656,512.0,406.3096618652344,0.0014474336057901
tile_r017251_c011107,3,422.0452270507813,21.56173324584961,500.9532165527344,104.4874038696289,0.0013988920254632
tile_r017251_c011107,3,455.1580505371094,499.9741821289063,511.0690307617188,512.0,0.0013427824014797
tile_r017251_c011107,3,0.0,320.5585327148437,5.014639377593994,360.796630859375,0.0013345495099201
tile_r017251_c011107,3,470.009521484375,456.6275024414063,507.1953125,483.8189086914063,0.0013344179606065
tile_r017251_c011107,3,501.2742309570313,234.1396942138672,511.8117065429688,299.42877197265625,0.0013331661466509
tile_r017251_c011107,3,99.53501892089844,500.80224609375,158.60299682617188,511.8328552246094,0.0013227615272626
tile_r017251_c011107,3,69.57421112060547,505.1170959472656,102.738037109375,512.0,0.0012968291994184
tile_r017251_c011107,3,502.2470703125,83.75406646728516,512.0,129.77926635742188,0.0012623803922906
tile_r017251_c011107,3,393.6881713867188,0.2564025819301605,448.6246032714844,11.0684175491333,0.0012578460155054
tile_r017251_c011107,3,80.47806549072266,503.73968505859375,114.88191223144533,511.9892578125,0.0012539589079096
tile_r017251_c011107,3,463.23736572265625,349.0284423828125,510.5931701660156,405.74908447265625,0.0012289317091926
tile_r017251_c011107,3,6.199462890625,501.28955078125,45.09552001953125,511.84173583984375,0.0012263223761692
tile_r017251_c011107,3,110.4499969482422,506.5240783691406,157.1425323486328,512.0,0.001220655743964
tile_r017251_c011107,3,467.2078247070313,454.6476135253906,505.5868225097656,484.2200622558594,0.0012157741002738
tile_r017251_c011107,3,0.0,304.4877319335937,15.686116218566896,346.7059936523437,0.0012150476686656
tile_r017251_c011107,3,203.8361358642578,0.5781799554824829,243.3571319580078,37.3081169128418,0.0012106576468795
tile_r017251_c011107,3,204.8563232421875,498.0821228027344,257.66217041015625,511.5035095214844,0.0012035352410748
tile_r017251_c011107,3,376.4449768066406,0.0440929420292377,424.561767578125,3.5314388275146484,0.0011953248176723
tile_r017251_c011107,3,167.03587341308594,506.229248046875,210.6864013671875,512.0,0.0011888371082022
tile_r017251_c011107,3,91.458740234375,494.6827697753906,141.1614227294922,511.261962890625,0.0011776738101616
tile_r017251_c011107,3,115.3904266357422,501.5550231933594,170.55784606933594,511.9288635253906,0.0011741477064788
tile_r017251_c011107,3,455.7892456054688,505.7432556152344,496.6142578125,512.0,0.0011184531031176
tile_r017251_c011107,3,0.0,366.0740356445313,4.13182544708252,401.8092346191406,0.0011171970982104
tile_r017251_c011107,3,0.0078964233398437,333.6317443847656,6.572077751159668,371.3159484863281,0.0011078264797106
tile_r017251_c011107,3,502.9503784179688,319.4219665527344,512.0,353.006103515625,0.0010988084832206
tile_r017251_c011107,3,0.0,16.370132446289062,3.5547611713409424,63.98987579345703,0.001095971907489
tile_r017251_c011107,3,509.6180725097656,256.612060546875,512.0,303.7639465332031,0.0010855022119358
tile_r017251_c011107,3,0.0,372.5850830078125,5.588858604431152,410.6033630371094,0.0010803620098158
tile_r017251_c011107,3,0.0102035524323582,378.91802978515625,6.148143768310547,417.49169921875,0.0010787566425278
tile_r017251_c011107,3,436.02978515625,42.35387420654297,490.65423583984375,95.36564636230467,0.0010395169956609
tile_r017251_c011107,3,507.6159057617188,69.24654388427734,512.0,123.496337890625,0.0010295700049027
tile_r017251_c011107,3,500.3031311035156,383.8347778320313,512.0,409.438720703125,0.0010263328440487
tile_r017251_c011107,3,0.9813919067382812,497.23187255859375,22.815349578857425,511.541015625,0.0010251151397824
tile_r017251_c011107,3,501.0647888183594,82.48838806152344,511.763671875,138.66946411132812,0.0010154872434213
tile_r017251_c011107,3,498.66644287109375,321.74810791015625,512.0,372.17779541015625,0.0010142350802198
tile_r017251_c011107,3,0.0266647338867187,76.29593658447266,7.810422420501709,115.3079605102539,0.0010058574844151
tile_r017251_c011363,3,208.90103149414065,351.0572204589844,261.2406005859375,398.2252502441406,0.7418193221092224
tile_r017251_c011363,3,314.54058837890625,486.1437377929688,356.65167236328125,511.957275390625,0.7361218929290771
tile_r017251_c011363,3,296.12310791015625,291.6893615722656,343.8690795898437,338.902587890625,0.7296060919761658
tile_r017251_c011363,3,113.16920471191406,22.033466339111328,144.8543701171875,51.997825622558594,0.6542291641235352
tile_r017251_c011363,3,208.2164001464844,448.8215942382813,256.3204650878906,490.175048828125,0.5894747972488403
tile_r017251_c011363,3,26.039989471435547,60.7094955444336,76.12284088134766,108.8070297241211,0.5644131302833557
tile_r017251_c011363,3,83.377685546875,305.739990234375,136.3667755126953,345.40496826171875,0.5617752075195312
tile_r017251_c011363,3,282.35028076171875,456.00042724609375,322.82794189453125,490.29534912109375,0.5401537418365479
tile_r017251_c011363,3,423.3684692382813,0.0699615478515625,466.1271362304688,20.043716430664062,0.5325430035591125
tile_r017251_c011363,3,156.12615966796875,219.4095001220703,208.48074340820312,270.9327697753906,0.4736593663692474
tile_r017251_c011363,3,71.38741302490234,246.7297821044922,106.14835357666016,281.277587890625,0.4529577791690826
tile_r017251_c011363,3,174.977783203125,27.40923500061035,240.0024871826172,98.73902893066406,0.4472230672836303
tile_r017251_c011363,3,80.88047790527344,303.4606018066406,139.30313110351562,350.0069885253906,0.431237518787384
tile_r017251_c011363,3,254.8394470214844,322.84698486328125,287.31561279296875,352.4909973144531,0.3633554875850677
tile_r017251_c011363,3,153.58566284179688,218.1829376220703,210.43258666992188,273.53155517578125,0.3200283348560333
tile_r017251_c011363,3,152.5545196533203,115.28489685058594,176.75576782226562,136.55694580078125,0.2644200026988983
tile_r017251_c011363,3,257.0267028808594,323.85430908203125,286.7507019042969,350.27813720703125,0.2214284092187881
tile_r017251_c011363,3,253.0087890625,321.4052734375,289.67340087890625,355.3498229980469,0.1800768673419952
tile_r017251_c011363,3,107.98634338378906,84.43797302246094,158.5714874267578,133.348876953125,0.1443441808223724
tile_r017251_c011363,3,287.46405029296875,459.4436950683594,319.6367492675781,485.588623046875,0.1433966010808944
tile_r017251_c011363,3,73.47248840332031,249.08529663085935,104.20841217041016,279.12774658203125,0.1418230384588241
tile_r017251_c011363,3,424.3028869628906,0.0,462.3575134277344,14.372776985168455,0.1376339942216873
tile_r017251_c011363,3,110.43145751953124,86.69474792480469,156.35507202148438,129.71102905273438,0.1039307564496994
tile_r017251_c011363,3,211.337158203125,148.80479431152344,259.0083923339844,194.2960968017578,0.0892407521605491
tile_r017251_c011363,3,210.84152221679688,451.486572265625,254.0552978515625,486.9680786132813,0.088142342865467
tile_r017251_c011363,3,214.13735961914065,151.21826171875,255.3574676513672,189.73263549804688,0.0618582777678966
tile_r017251_c011363,3,309.3293762207031,483.0584411621094,361.9934997558594,512.0,0.0603762045502662
tile_r017251_c011363,3,29.77500534057617,62.7134017944336,78.7509994506836,106.86283111572266,0.0567838624119758
tile_r017251_c011363,3,111.97857666015624,20.64107131958008,147.60186767578125,53.9659538269043,0.0528025850653648
tile_r017251_c011363,3,177.2631378173828,44.91321563720703,234.3099365234375,99.8403091430664,0.0428678765892982
tile_r017251_c011363,3,108.80162048339844,84.9947738647461,157.61459350585938,131.1897430419922,0.0422893725335598
tile_r017251_c011363,3,205.6685028076172,348.24444580078125,264.10028076171875,402.2144165039063,0.0395795963704586
tile_r017251_c011363,3,427.9248962402344,0.0,462.5794982910156,12.858675003051758,0.0393711887300014
tile_r017251_c011363,3,183.2340850830078,31.10536193847656,233.4454345703125,85.53653717041016,0.0337043367326259
tile_r017251_c011363,3,185.9207000732422,73.80321502685547,212.6735076904297,96.37957000732422,0.033455554395914
tile_r017251_c011363,3,211.8540496826172,149.3300323486328,257.60858154296875,192.2122344970703,0.0331800542771816
tile_r017251_c011363,3,114.85977935791016,23.63582801818848,143.79330444335938,50.10734939575195,0.0307497084140777
tile_r017251_c011363,3,185.2171936035156,70.51664733886719,214.4528350830078,96.4996109008789,0.0219749603420496
tile_r017251_c011363,3,416.4420776367188,0.0026290894020348,476.547119140625,26.447702407836918,0.0196592584252357
tile_r017251_c011363,3,301.2054138183594,294.8309326171875,340.105712890625,333.2984313964844,0.0179938413202762
tile_r017251_c011363,3,428.58978271484375,0.0,464.4991760253906,16.826679229736328,0.0167089104652404
tile_r017251_c011363,3,317.2073059082031,488.68212890625,353.3224792480469,511.75830078125,0.015919579192996
tile_r017251_c011363,3,189.6869201660156,31.123722076416016,226.68997192382807,72.37184143066406,0.0063029997982084
tile_r017251_c011363,3,506.15728759765625,100.22679138183594,512.0,129.7086639404297,0.0057855132035911
tile_r017251_c011363,3,184.4618225097656,73.19450378417969,212.13623046875,96.03654479980467,0.0055812327191233
tile_r017251_c011363,3,495.5169067382813,0.0,512.0,22.8001766204834,0.0053820377215743
tile_r017251_c011363,3,147.45664978027344,112.06795501708984,176.1763458251953,136.59054565429688,0.0051914094947278
tile_r017251_c011363,3,74.8956298828125,249.73513793945312,103.01734924316406,276.6441650390625,0.0049717449583113
tile_r017251_c011363,3,506.2434692382813,61.8181037902832,512.0,100.3048858642578,0.004911046475172
tile_r017251_c011363,3,0.0,491.8258666992188,5.838008403778076,511.9437561035156,0.0042649507522583
tile_r017251_c011363,3,51.99755859375,97.31779479980467,81.54203796386719,119.8648910522461,0.0037853964604437
tile_r017251_c011363,3,507.6749572753906,57.260040283203125,512.0,94.53733825683594,0.0035941351670771
tile_r017251_c011363,3,152.21975708007812,114.9739761352539,177.71702575683594,137.03152465820312,0.0035020103678107
tile_r017251_c011363,3,501.52197265625,97.55831909179688,511.8271484375,141.32940673828125,0.0034811389632523
tile_r017251_c011363,3,405.24407958984375,0.3843536376953125,486.0960998535156,37.94837188720703,0.0031670490279793
tile_r017251_c011363,3,220.166748046875,506.8694763183594,268.6239013671875,512.0,0.0028334106318652
tile_r017251_c011363,3,153.05825805664062,116.60902404785156,175.91090393066406,136.0325469970703,0.0027643877547234
tile_r017251_c011363,3,500.2850646972656,87.83155822753906,511.89453125,139.51596069335938,0.0025585405528545
tile_r017251_c011363,3,122.0146255493164,0.153697207570076,172.43521118164062,11.267072677612305,0.0025412933900952
tile_r017251_c011363,3,204.8307647705078,506.8548889160156,248.4224090576172,512.0,0.0023309127427637
tile_r017251_c011363,3,213.708984375,507.0660095214844,263.2712097167969,512.0,0.0022949161939322
tile_r017251_c011363,3,430.4871520996094,0.0020673752296715,466.3430786132813,8.713884353637695,0.0021601561456918
tile_r017251_c011363,3,208.2283172607422,507.501220703125,256.3968505859375,512.0,0.0020264198537915
tile_r017251_c011363,3,422.9749450683594,0.1315155029296875,490.70257568359375,32.9993896484375,0.0019721293356269
tile_r017251_c011363,3,287.3739318847656,458.820556640625,320.64971923828125,485.861328125,0.0018834377406165
tile_r017251_c011363,3,227.82846069335935,507.5790100097656,271.9034118652344,512.0,0.001859005424194
tile_r017251_c011363,3,433.5806274414063,0.0087343212217092,472.0292053222656,3.049712419509888,0.0017887470312416
tile_r017251_c011363,3,0.0139007568359375,482.6495666503906,6.047327518463135,511.4247131347656,0.0017777549801394
tile_r017251_c011363,3,0.1272323578596115,478.2064514160156,16.794416427612305,511.5553283691406,0.0017504499992355
tile_r017251_c011363,3,506.0558471679688,67.0606460571289,512.0,108.91290283203124,0.0017377653857693
tile_r017251_c011363,3,120.54844665527344,0.027192497625947,159.55850219726562,3.7744991779327393,0.0017267210641875
tile_r017251_c011363,3,59.24103546142578,99.24427795410156,81.37538146972656,118.7554702758789,0.001698657637462
tile_r017251_c011363,3,504.9645385742188,100.85140228271484,512.0,141.40736389160156,0.0016329755308106
tile_r017251_c011363,3,504.9737243652344,102.04257202148438,512.0,134.68716430664062,0.0015797932865098
tile_r017251_c011363,3,487.55169677734375,0.0,511.1904296875,6.406477451324463,0.001548949163407
tile_r017251_c011363,3,502.7588806152344,6.256103370105848e-05,512.0,6.769808769226074,0.001532249385491
tile_r017251_c011363,3,508.2731323242188,51.60141754150391,512.0,89.24337768554688,0.0015299727674573
tile_r017251_c011363,3,503.64300537109375,1.438310980796814,511.94964599609375,23.034698486328125,0.0015008077025413
tile_r017251_c011363,3,412.1326599121094,0.0,456.9598083496094,11.62920379638672,0.0014788756379857
tile_r017251_c011363,3,506.5791015625,76.43620300292969,512.0,119.36952209472656,0.0014130162307992
tile_r017251_c011363,3,197.94613647460935,500.3463745117188,264.6353454589844,512.0,0.0013454701984301
tile_r017251_c011363,3,52.06185150146485,99.72049713134766,80.66793060302734,120.6482925415039,0.0013303795130923
tile_r017251_c011363,3,182.51492309570312,46.5629997253418,233.8855743408203,96.54216003417967,0.0012980055762454
tile_r017251_c011363,3,506.41064453125,103.29484558105467,512.0,147.556884765625,0.0012324777198955
tile_r017251_c011363,3,164.68148803710938,20.826976776123047,247.7582092285156,106.54266357421876,0.0012307098368182
tile_r017251_c011363,3,200.65847778320312,505.7619018554688,240.0241241455078,512.0,0.0012140532489866
tile_r017251_c011363,3,235.330322265625,508.595703125,275.74786376953125,512.0,0.0012108779046684
tile_r017251_c011363,3,121.7802963256836,0.0587102882564067,166.7532501220703,3.2287540435791016,0.0011872289469465
tile_r017251_c011363,3,129.20956420898438,0.1955932676792144,182.8838653564453,11.08036994934082,0.0011141345603391
tile_r017251_c011363,3,112.80543518066406,0.1052520722150802,163.3910369873047,12.56380558013916,0.0011135913664475
tile_r017251_c011363,3,210.69741821289065,454.3486328125,250.5384063720703,484.0652465820313,0.0011019711382687
tile_r017251_c011363,3,277.0491943359375,506.473876953125,314.6453857421875,512.0,0.0010989382863044
tile_r017251_c011363,3,149.33059692382812,113.56575012207033,177.3812255859375,140.33351135253906,0.0010672860080376
tile_r017251_c011363,3,499.93505859375,73.87129211425781,512.0,136.44064331054688,0.0010294356616213
tile_r017251_c011619,3,324.5536499023437,275.0025634765625,375.5585021972656,321.6258544921875,0.8646470904350281
tile_r017251_c011619,3,38.68968963623047,290.26092529296875,89.06682586669922,340.10369873046875,0.7864671349525452
tile_r017251_c011619,3,421.9353637695313,286.4100952148437,460.4091796875,322.04949951171875,0.7846656441688538
tile_r017251_c011619,3,404.3970947265625,478.89837646484375,453.52642822265625,512.0,0.7728487253189087
tile_r017251_c011619,3,340.853759765625,160.3749542236328,383.6876831054688,206.6705017089844,0.772822916507721
tile_r017251_c011619,3,364.0910034179688,48.21483612060547,419.82659912109375,101.0511474609375,0.7713285088539124
tile_r017251_c011619,3,416.9938354492188,185.4128875732422,489.1920471191406,253.5390167236328,0.7510114312171936
tile_r017251_c011619,3,57.83998489379883,484.9602661132813,101.3452606201172,511.9500122070313,0.7303965091705322
tile_r017251_c011619,3,411.0892028808594,347.9023742675781,447.0368041992188,379.63958740234375,0.699428379535675
tile_r017251_c011619,3,250.0658721923828,75.74929809570312,290.6824035644531,115.13639831542967,0.6636393070220947
tile_r017251_c011619,3,25.155670166015625,454.9141540527344,67.71075439453125,491.7849731445313,0.630565881729126
tile_r017251_c011619,3,293.8641662597656,0.065174862742424,351.56964111328125,31.38090133666992,0.582187831401825
tile_r017251_c011619,3,165.92965698242188,0.0539520271122455,211.55734252929688,21.275379180908203,0.5492624640464783
tile_r017251_c011619,3,292.4056701660156,154.70196533203125,327.2807006835937,187.53097534179688,0.5458099246025085
tile_r017251_c011619,3,0.2174057066440582,321.6927490234375,31.731449127197266,353.6044006347656,0.4062024652957916
tile_r017251_c011619,3,290.3231811523437,152.9290008544922,330.5526123046875,191.31427001953125,0.3424741923809051
tile_r017251_c011619,3,0.0,319.407958984375,34.25019454956055,356.629638671875,0.1936686486005783
tile_r017251_c011619,3,493.0591430664063,300.6246032714844,511.9961853027344,345.58282470703125,0.1786239445209503
tile_r017251_c011619,3,299.09234619140625,0.0,347.8332214355469,28.06902503967285,0.1759273707866668
tile_r017251_c011619,3,0.0,361.9126892089844,10.903404235839844,407.8475646972656,0.1666743755340576
tile_r017251_c011619,3,496.759521484375,306.140869140625,511.9188537597656,342.7728881835937,0.1613847017288208
tile_r017251_c011619,3,400.1675720214844,475.83782958984375,457.7891540527344,511.86029052734375,0.1267967522144317
tile_r017251_c011619,3,52.49006271362305,481.7673950195313,106.3808822631836,512.0,0.1201043725013732
tile_r017251_c011619,3,2.7603163719177246,323.43316650390625,31.054378509521484,350.0548095703125,0.1137762814760208
tile_r017251_c011619,3,0.0,152.69088745117188,16.034889221191406,221.5984344482422,0.1084958314895629
tile_r017251_c011619,3,167.85006713867188,0.0,207.1055450439453,15.149584770202637,0.1015399768948555
tile_r017251_c011619,3,30.75653076171875,458.6863403320313,64.4356689453125,486.4861755371094,0.0966911315917968
tile_r017251_c011619,3,0.0,160.68182373046875,10.665339469909668,220.06930541992188,0.0929809659719467
tile_r017251_c011619,3,252.58889770507807,78.11658477783203,287.49346923828125,111.95613098144533,0.0674133449792862
tile_r017251_c011619,3,0.0,366.49114990234375,6.773608207702637,405.1786804199219,0.0664158463478088
tile_r017251_c011619,3,497.3085021972656,309.8927001953125,512.0,340.9967346191406,0.0645948573946952
tile_r017251_c011619,3,420.3395385742188,188.31326293945312,486.41448974609375,249.4443359375,0.0609331764280796
tile_r017251_c011619,3,171.2983856201172,0.0,207.3778381347656,13.607507705688477,0.037284605205059
tile_r017251_c011619,3,361.8056945800781,44.80375289916992,423.4927368164063,103.9377670288086,0.0365206524729728
tile_r017251_c011619,3,158.8863983154297,0.0,222.0967254638672,27.4337100982666,0.0284213554114103
tile_r017251_c011619,3,343.1849365234375,162.63510131835938,381.9771118164063,205.0263671875,0.0264864340424537
tile_r017251_c011619,3,0.5510314702987671,148.2071533203125,22.9093074798584,244.4248504638672,0.0261635277420282
tile_r017251_c011619,3,171.55316162109375,0.0,209.47119140625,17.652965545654297,0.0247227419167757
tile_r017251_c011619,3,0.0,167.86756896972656,6.542819023132324,217.4378967285156,0.020432848483324
tile_r017251_c011619,3,443.8171997070313,267.35943603515625,471.3199768066406,293.7257385253906,0.0201581846922636
tile_r017251_c011619,3,0.0,362.9573974609375,4.738627433776856,401.7109069824219,0.0186706073582172
tile_r017251_c011619,3,0.0469320304691791,360.0957946777344,8.850579261779785,397.6675720214844,0.0148542681708931
tile_r017251_c011619,3,0.0,365.9482727050781,2.4949183464050293,404.1957702636719,0.0147466231137514
tile_r017251_c011619,3,414.4619140625,350.61968994140625,445.0084533691406,376.55023193359375,0.0144858499988913
tile_r017251_c011619,3,0.0,139.04928588867188,19.19000625610352,216.6376495361328,0.0139211127534508
tile_r017251_c011619,3,0.0349624641239643,163.78335571289062,2.4649128913879395,216.737548828125,0.0125742452219128
tile_r017251_c011619,3,0.0,361.8872985839844,7.359616279602051,400.9693298339844,0.0124151753261685
tile_r017251_c011619,3,500.36529541015625,306.26031494140625,511.9620666503906,340.2358703613281,0.0103768203407526
tile_r017251_c011619,3,0.0759414657950401,158.44485473632812,4.10015869140625,212.9711151123047,0.009680432267487
tile_r017251_c011619,3,60.62592315673828,488.0784301757813,98.12728881835938,511.8064880371094,0.009372916072607
tile_r017251_c011619,3,505.521728515625,415.7024536132813,512.0,457.576904296875,0.0082013076171278
tile_r017251_c011619,3,0.118443489074707,157.09423828125,5.959888935089111,211.3328094482422,0.0081725781783461
tile_r017251_c011619,3,438.5572814941406,266.06329345703125,473.0357055664063,297.1127624511719,0.0081631140783429
tile_r017251_c011619,3,295.6903686523437,156.25389099121094,326.3187866210937,185.68472290039065,0.0079930108040571
tile_r017251_c011619,3,443.60498046875,267.73712158203125,473.704833984375,294.0155639648437,0.007785010151565
tile_r017251_c011619,3,0.1281911879777908,155.78614807128906,7.523901462554932,207.8528289794922,0.0071179503574967
tile_r017251_c011619,3,321.03253173828125,272.1775207519531,379.1593017578125,325.3578491210937,0.0069424510002136
tile_r017251_c011619,3,486.9000854492188,296.812744140625,511.787109375,353.42987060546875,0.0068784686736762
tile_r017251_c011619,3,0.0,63.543113708496094,10.848191261291504,118.53507232666016,0.0068485820665955
tile_r017251_c011619,3,0.0,172.8622589111328,6.4905290603637695,225.89517211914065,0.0067889699712395
tile_r017251_c011619,3,0.0,154.85345458984375,23.0053825378418,221.6260223388672,0.006694299634546
tile_r017251_c011619,3,408.2107849121094,343.02130126953125,453.3343200683594,386.4165954589844,0.0060403179377317
tile_r017251_c011619,3,0.0333211906254291,57.00138473510742,4.8238911628723145,96.13631439208984,0.0055491193197667
tile_r017251_c011619,3,0.0,153.19155883789062,22.470129013061523,240.3384246826172,0.0053003886714577
tile_r017251_c011619,3,506.28265380859375,420.4788513183594,512.0,464.5337829589844,0.0052682561799883
tile_r017251_c011619,3,507.290771484375,411.9718322753906,512.0,451.0625915527344,0.0052336906082928
tile_r017251_c011619,3,0.0,168.9767303466797,2.3499526977539062,225.5932159423828,0.0051550627686083
tile_r017251_c011619,3,0.0,224.38937377929688,8.352689743041992,275.89520263671875,0.0050243502482771
tile_r017251_c011619,3,505.689208984375,360.82513427734375,512.0,397.2630004882813,0.0048299552872776
tile_r017251_c011619,3,0.0,367.0172729492188,1.7084766626358032,411.3644104003906,0.0047690873034298
tile_r017251_c011619,3,507.1612854003906,425.305908203125,512.0,470.9927368164063,0.0045428653247654
tile_r017251_c011619,3,0.0770559310913086,152.66049194335938,7.801925659179687,201.65451049804688,0.0045279823243618
tile_r017251_c011619,3,0.0487640388309955,158.37689208984375,22.21057510375977,228.3885803222656,0.0045243040658533
tile_r017251_c011619,3,0.0,371.6980590820313,3.154912233352661,420.381591796875,0.0044995653443038
tile_r017251_c011619,3,44.4798583984375,293.8798522949219,84.99998474121094,334.3353576660156,0.0044600241817533
tile_r017251_c011619,3,0.0402624122798442,221.35916137695312,3.976166486740112,268.49609375,0.0042616631835699
tile_r017251_c011619,3,507.7090759277344,341.308349609375,512.0,384.4573974609375,0.0042335730977356
tile_r017251_c011619,3,0.0642972961068153,213.64370727539065,5.027773380279541,264.2356872558594,0.0041622556746006
tile_r017251_c011619,3,507.1823120117188,330.78826904296875,512.0,379.8966979980469,0.0041464800015091
tile_r017251_c011619,3,501.0294494628906,308.4768371582031,512.0,361.5780334472656,0.0040621301159262
tile_r017251_c011619,3,506.64166259765625,428.8544921875,512.0,476.93255615234375,0.0039565907791256
tile_r017251_c011619,3,0.0,371.84124755859375,5.794583320617676,413.9509887695313,0.0039130463264882
tile_r017251_c011619,3,0.0,61.14874267578125,4.09344482421875,102.8151626586914,0.0038817208260297
tile_r017251_c011619,3,0.0034635544288903,146.35452270507812,7.645869255065918,193.93826293945312,0.003858630079776
tile_r017251_c011619,3,0.0,330.68701171875,22.58028793334961,408.03607177734375,0.0037796555552631
tile_r017251_c011619,3,0.0631635636091232,382.6131286621094,4.173025608062744,425.8833618164063,0.0036023722495883
tile_r017251_c011619,3,506.9620056152344,183.0887908935547,512.0,236.50405883789065,0.0035757753066718
tile_r017251_c011619,3,0.0,62.80216598510742,4.448009490966797,112.76765441894533,0.0034819466527551
tile_r017251_c011619,3,506.00439453125,193.2224578857422,512.0,242.53219604492188,0.0034279176034033
tile_r017251_c011619,3,147.28457641601562,0.4699737429618835,231.114013671875,39.99532318115234,0.0034182306844741
tile_r017251_c011619,3,0.0,70.1785659790039,8.136049270629883,124.55301666259766,0.0034174870233982
tile_r017251_c011619,3,0.0,270.8086242675781,2.084120273590088,307.8078918457031,0.0033142776228487
tile_r017251_c011619,3,0.0,175.27975463867188,4.084465980529785,234.4830322265625,0.0033049236517399
tile_r017251_c011619,3,508.4635620117188,407.1557312011719,512.0,444.78118896484375,0.0032968332525342
tile_r017251_c011619,3,320.82391357421875,506.1460876464844,355.4045104980469,511.9491271972656,0.0030814516358077
tile_r017251_c011619,3,0.0440385825932025,206.0287628173828,4.1779093742370605,258.3534240722656,0.0029896718915551
tile_r017251_c011619,3,0.0,179.84835815429688,8.943765640258789,245.1784210205078,0.0029833833687007
tile_r017251_c011619,3,0.0078125,200.5470733642578,2.43876576423645,250.02230834960935,0.0029055478516966
tile_r017251_c011619,3,501.4034118652344,418.81683349609375,511.9169006347656,475.9673461914063,0.0028780633583664
tile_r017251_c011619,3,0.0,249.1566467285156,7.425756931304932,304.9396057128906,0.0028382567688822
tile_r017251_c011619,3,0.0,193.7073516845703,10.114160537719728,274.4264831542969,0.0028091217391192
tile_r017251_c011619,3,0.0247772224247455,52.8126220703125,14.0221586227417,116.412109375,0.0027885984163731
tile_r017251_c011619,3,0.0,125.1962661743164,5.763852596282959,176.4302978515625,0.002783867297694
tile_r017251_c011619,3,0.0124639514833688,227.45748901367188,3.041348695755005,274.89666748046875,0.0027474560774862
tile_r017251_c011619,3,0.0003850936773233,262.2257385253906,3.591566801071167,305.39117431640625,0.0027465547900646
tile_r017251_c011619,3,0.0,234.4154357910156,7.426994323730469,288.57086181640625,0.0027188614476472
tile_r017251_c011619,3,285.73834228515625,0.0,361.2047424316406,37.863426208496094,0.0026635599788278
tile_r017251_c011619,3,489.702880859375,284.97802734375,512.0,346.281982421875,0.0025456896983087
tile_r017251_c011619,3,0.0117315296083688,137.1597137451172,7.578152656555176,185.20184326171875,0.0025055191945284
tile_r017251_c011619,3,493.3487854003906,309.34051513671875,512.0,339.0618591308594,0.0024773955810815
tile_r017251_c011619,3,507.85498046875,352.02593994140625,512.0,390.6324768066406,0.002470965264365
tile_r017251_c011619,3,0.0988281220197677,320.1514587402344,34.01477813720703,354.45318603515625,0.0024512575473636
tile_r017251_c011619,3,1.1993865966796875,159.08114624023438,20.65620803833008,260.4784851074219,0.002341239247471
tile_r017251_c011619,3,0.0274518970400095,256.43572998046875,3.7074170112609854,301.37957763671875,0.0022994626779109
tile_r017251_c011619,3,507.41595458984375,433.9939575195313,512.0,482.0997924804688,0.0022953760344535
tile_r017251_c011619,3,0.0211345665156841,194.1966094970703,2.4418113231658936,241.69113159179688,0.002287964336574
tile_r017251_c011619,3,504.40728759765625,367.2300415039063,512.0,403.6159973144531,0.0022308686748147
tile_r017251_c011619,3,498.5670776367188,307.7509155273437,511.9898376464844,350.96929931640625,0.0020627838093787
tile_r017251_c011619,3,163.81829833984375,0.438385009765625,237.2294158935547,33.484947204589844,0.0020193511154502
tile_r017251_c011619,3,501.9693908691406,428.2279357910156,511.85736083984375,484.1446228027344,0.0019394701812416
tile_r017251_c011619,3,0.0,145.80563354492188,24.652591705322266,214.859619140625,0.0019351155497133
tile_r017251_c011619,3,20.130971908569336,505.7926635742188,59.808692932128906,512.0,0.0019279124680906
tile_r017251_c011619,3,0.0,268.4848022460937,6.538180351257324,306.0367126464844,0.0018788538873195
tile_r017251_c011619,3,30.61219787597656,457.7798767089844,65.22370147705078,486.9845275878906,0.0018751667812466
tile_r017251_c011619,3,0.0224082954227924,231.99026489257807,3.622948169708252,283.15484619140625,0.0018349427264183
tile_r017251_c011619,3,505.0826110839844,174.2937469482422,512.0,230.1462860107422,0.0018221066566184
tile_r017251_c011619,3,0.0,277.0641784667969,1.422966718673706,315.1748962402344,0.0017863084794953
tile_r017251_c011619,3,155.49806213378906,0.0016414641868323,202.6902618408203,12.936856269836426,0.0017714081332087
tile_r017251_c011619,3,173.6149139404297,0.0113952634856104,211.2377014160156,9.839056015014648,0.0017693906556814
tile_r017251_c011619,3,340.966552734375,159.81304931640625,385.1029052734375,208.6156463623047,0.0017673065885901
tile_r017251_c011619,3,505.3468322753906,323.1112060546875,512.0,375.304443359375,0.0017623192397877
tile_r017251_c011619,3,0.0973228439688682,347.4281616210937,8.763687133789062,393.6552734375,0.0017574932426214
tile_r017251_c011619,3,0.0,475.9240112304688,2.499346971511841,506.2272033691406,0.0017033872427418
tile_r017251_c011619,3,290.4584655761719,0.4405334591865539,368.0154418945313,42.78850173950195,0.0016872390406206
tile_r017251_c011619,3,0.0,190.38198852539065,22.27091407775879,279.1336364746094,0.0016419485909864
tile_r017251_c011619,3,318.1423645019531,0.0,358.68658447265625,23.048627853393555,0.0016168324509635
tile_r017251_c011619,3,503.7951049804688,298.17779541015625,511.9990234375,337.0702514648437,0.0015930398367345
tile_r017251_c011619,3,507.1643981933594,440.0043029785156,512.0,487.2297973632813,0.0015741715906187
tile_r017251_c011619,3,316.6387939453125,504.4444885253906,350.4828491210937,512.0,0.0015599278267472
tile_r017251_c011619,3,178.3763885498047,0.0,240.2728729248047,18.65654563903809,0.0015523865586146
tile_r017251_c011619,3,28.82808303833008,505.8372192382813,63.9365119934082,512.0,0.0015216100728139
tile_r017251_c011619,3,501.0499572753906,407.6984558105469,511.9651489257813,468.2798461914063,0.0015165196964517
tile_r017251_c011619,3,418.7300415039063,281.2904052734375,465.6038208007813,326.70849609375,0.0014642250025644
tile_r017251_c011619,3,13.330682754516602,504.2657165527344,53.75261306762695,512.0,0.0014230560045689
tile_r017251_c011619,3,35.37641525268555,503.9699096679688,69.39161682128906,512.0,0.0014158855192363
tile_r017251_c011619,3,483.4130859375,290.8510437011719,511.859375,353.44744873046875,0.0014099401887506
tile_r017251_c011619,3,509.30950927734375,400.7731628417969,512.0,438.52056884765625,0.0014088624157011
tile_r017251_c011619,3,0.046670913696289,247.94631958007807,4.84052324295044,296.94464111328125,0.001399491680786
tile_r017251_c011619,3,0.0306673049926757,239.51058959960935,4.128323554992676,290.7196350097656,0.0013758877757936
tile_r017251_c011619,3,0.3341384828090668,350.38482666015625,21.6268367767334,417.7854919433594,0.0013478235341608
tile_r017251_c011619,3,0.2920974791049957,363.2492065429688,12.654271125793455,418.0303649902344,0.0013414110289886
tile_r017251_c011619,3,2.3710174560546875,139.6615447998047,23.762775421142575,233.789306640625,0.001335229142569
tile_r017251_c011619,3,0.077494241297245,504.0647583007813,10.483491897583008,511.8543395996094,0.0013220902765169
tile_r017251_c011619,3,0.0,122.0140380859375,15.435206413269045,203.9034423828125,0.00131878152024
tile_r017251_c011619,3,176.81460571289062,0.0133453365415334,216.7466583251953,3.6794705390930176,0.0012688820715993
tile_r017251_c011619,3,0.0216209404170513,184.0095367431641,5.206182479858398,239.03054809570312,0.0012605325318872
tile_r017251_c011619,3,0.0795930847525596,51.3867073059082,5.617541790008545,91.2598648071289,0.0012452240334823
tile_r017251_c011619,3,505.6680603027344,200.58383178710935,512.0,248.65719604492188,0.0012417825637385
tile_r017251_c011619,3,504.95648193359375,203.9736328125,512.0,255.0395965576172,0.0011936351656913
tile_r017251_c011619,3,0.0,155.8345184326172,23.11753845214844,254.698974609375,0.0011778583284467
tile_r017251_c011619,3,0.0,80.42454528808594,6.563177585601807,129.18861389160156,0.0011757978936657
tile_r017251_c011619,3,0.0102111818268895,338.32086181640625,23.502948760986328,408.655517578125,0.0011404108954593
tile_r017251_c011619,3,497.0284118652344,311.23748779296875,512.0,343.5185546875,0.0011316301533952
tile_r017251_c011619,3,0.0,169.37350463867188,22.866979598999023,270.89666748046875,0.0011137627298012
tile_r017251_c011619,3,254.8629913330078,79.08894348144531,286.4927673339844,109.8310546875,0.0011063120327889
tile_r017251_c011619,3,503.5784606933594,316.82427978515625,512.0,369.2510070800781,0.0010891379788517
tile_r017251_c011619,3,0.0,187.2317657470703,10.040806770324709,239.7926788330078,0.0010544628603383
tile_r017251_c011619,3,501.9942932128906,162.32496643066406,511.8735961914063,227.5504608154297,0.0010500131174921
tile_r017251_c011619,3,498.111328125,316.47198486328125,511.9566345214844,369.54498291015625,0.0010398190934211
tile_r017251_c011619,3,504.11663818359375,169.3916473388672,512.0,223.19631958007807,0.0010397002333775
tile_r017251_c011619,3,502.1553649902344,479.30712890625,511.989013671875,512.0,0.0010271975770592
tile_r017251_c011619,3,0.0,383.0525207519531,7.28317403793335,426.9597778320313,0.001023675664328
tile_r017507_c011107,3,82.72466278076172,333.4053649902344,138.77554321289062,384.794921875,0.8513572812080383
tile_r017507_c011107,3,112.8062973022461,273.03143310546875,154.63389587402344,314.102783203125,0.8246127963066101
tile_r017507_c011107,3,474.5711364746094,436.81353759765625,511.8118286132813,481.6831665039063,0.7855615615844727
tile_r017507_c011107,3,86.18843078613281,209.6581115722656,126.09556579589844,247.4604034423828,0.7811731100082397
tile_r017507_c011107,3,145.66329956054688,468.5741271972656,195.4319305419922,511.7312927246094,0.7705337405204773
tile_r017507_c011107,3,0.0,409.9363708496094,57.05507278442383,467.6249084472656,0.7689111232757568
tile_r017507_c011107,3,201.92616271972656,214.43161010742188,235.6741180419922,245.4549560546875,0.7417626976966858
tile_r017507_c011107,3,36.71921920776367,305.2145080566406,82.85648345947266,343.6357727050781,0.7312484979629517
tile_r017507_c011107,3,191.8213806152344,398.359130859375,227.07650756835935,430.0442810058594,0.7212517857551575
tile_r017507_c011107,3,163.69412231445312,419.6644592285156,209.97195434570312,469.5314331054688,0.6955930590629578
tile_r017507_c011107,3,461.19830322265625,338.59393310546875,494.7019958496094,371.08306884765625,0.6441823244094849
tile_r017507_c011107,3,72.32817077636719,17.574600219726562,110.544677734375,56.83375930786133,0.6434669494628906
tile_r017507_c011107,3,0.0,38.24856185913086,23.09427261352539,87.52284240722656,0.6338194012641907
tile_r017507_c011107,3,463.4898376464844,191.33981323242188,510.7413024902344,234.8345642089844,0.5712881684303284
tile_r017507_c011107,3,74.07406616210938,134.46896362304688,120.64598083496094,179.85916137695312,0.5662450790405273
tile_r017507_c011107,3,464.9020080566406,93.16096496582033,511.4739379882813,144.47454833984375,0.5534909963607788
tile_r017507_c011107,3,339.26080322265625,49.45187377929688,392.4284973144531,89.9182357788086,0.5343964695930481
tile_r017507_c011107,3,242.3612060546875,377.9094848632813,276.99615478515625,411.9519958496094,0.4697997868061065
tile_r017507_c011107,3,336.41864013671875,47.02999877929688,395.3357543945313,94.57264709472656,0.4638116061687469
tile_r017507_c011107,3,496.1096801757813,357.9296264648437,511.7595825195313,390.0806274414063,0.397620141506195
tile_r017507_c011107,3,327.8277893066406,0.011755371466279,362.0732116699219,25.8798828125,0.3874605000019073
tile_r017507_c011107,3,416.3040466308594,0.1458953917026519,467.3912963867188,15.575942993164062,0.3272136151790619
tile_r017507_c011107,3,75.4565658569336,136.2166290283203,119.06317138671876,179.25680541992188,0.3137459456920624
tile_r017507_c011107,3,330.106689453125,0.0,360.6194763183594,23.24176025390625,0.2871993482112884
tile_r017507_c011107,3,409.7762145996094,0.1644165068864822,474.1865234375,18.2271728515625,0.2558016180992126
tile_r017507_c011107,3,494.1969299316406,354.2418212890625,512.0,392.7398071289063,0.2417177408933639
tile_r017507_c011107,3,460.8728942871094,90.15779876708984,511.3426818847656,149.88796997070312,0.2107073962688446
tile_r017507_c011107,3,496.67083740234375,357.5085754394531,511.95904541015625,388.3032531738281,0.2018827944993972
tile_r017507_c011107,3,71.2012710571289,15.568426132202148,113.2951889038086,58.87994384765625,0.1932109594345092
tile_r017507_c011107,3,419.6404418945313,0.0165128707885742,462.2190856933594,11.8013334274292,0.0890832543373107
tile_r017507_c011107,3,245.7438507080078,379.740966796875,275.37255859375,409.1525268554688,0.0747767239809036
tile_r017507_c011107,3,467.4251098632813,194.97059631347656,509.9220275878906,231.0933074951172,0.0657025799155235
tile_r017507_c011107,3,495.1886596679688,360.0472106933594,512.0,388.838623046875,0.0557244159281253
tile_r017507_c011107,3,0.0,233.62374877929688,12.974395751953123,281.9623413085937,0.0431331023573875
tile_r017507_c011107,3,423.654296875,0.0,462.6751098632813,9.642539024353027,0.0382926985621452
tile_r017507_c011107,3,35.66828155517578,303.41619873046875,84.86969757080078,345.1763610839844,0.0379524789750576
tile_r017507_c011107,3,149.30958557128906,471.1812438964844,192.33482360839844,511.4358520507813,0.0369220860302448
tile_r017507_c011107,3,85.06978607177734,208.3553009033203,128.58251953125,249.7306671142578,0.0321060344576835
tile_r017507_c011107,3,200.08714294433597,213.0585479736328,238.1293487548828,248.05838012695312,0.030824800953269
tile_r017507_c011107,3,0.0071990964934229,240.2620391845703,8.649860382080078,279.8109436035156,0.0272328313440084
tile_r017507_c011107,3,463.3684997558594,340.5839538574219,491.6734924316406,367.3777465820313,0.022995451465249
tile_r017507_c011107,3,161.91888427734375,416.1593322753906,213.88168334960935,474.9326171875,0.022365067154169
tile_r017507_c011107,3,0.0487833023071289,240.3337860107422,5.366134643554688,273.2375793457031,0.0195000022649765
tile_r017507_c011107,3,0.0,20.34757423400879,34.8126106262207,113.14869689941406,0.0184244681149721
tile_r017507_c011107,3,330.1365661621094,0.0,357.95184326171875,21.36966896057129,0.014007550664246
tile_r017507_c011107,3,401.7654418945313,0.0775177031755447,477.11138916015625,22.887283325195312,0.0139715131372213
tile_r017507_c011107,3,0.0,220.1751251220703,17.419748306274414,283.6582336425781,0.0129247792065143
tile_r017507_c011107,3,0.0027580261230468,245.04946899414065,2.962538242340088,276.9396057128906,0.0119730569422245
tile_r017507_c011107,3,0.0,32.68410110473633,26.73971939086914,95.27657318115234,0.0115852830931544
tile_r017507_c011107,3,479.8045959472656,438.963623046875,512.0,478.272705078125,0.0104903085157275
tile_r017507_c011107,3,79.91478729248047,331.36578369140625,143.77252197265625,389.4241638183594,0.0101919202134013
tile_r017507_c011107,3,0.0,42.33880615234375,17.912094116210938,84.5580062866211,0.0091492785140872
tile_r017507_c011107,3,0.0,0.0,18.27359771728516,15.670465469360352,0.0081557240337133
tile_r017507_c011107,3,407.8640441894531,0.0,463.2537231445313,11.624627113342283,0.0069372844882309
tile_r017507_c011107,3,80.67759704589844,138.27349853515625,116.1872787475586,172.4119873046875,0.0066975406371057
tile_r017507_c011107,3,0.0,0.0,9.68010139465332,13.323966979980469,0.0066542332060635
tile_r017507_c011107,3,0.0790660828351974,234.81173706054688,7.978950500488281,271.91131591796875,0.0066358521580696
tile_r017507_c011107,3,0.4132522642612457,0.0,18.01371192932129,5.870401859283447,0.0065194135531783
tile_r017507_c011107,3,111.35212707519533,271.4099426269531,158.07958984375,317.1366882324219,0.0063549019396305
tile_r017507_c011107,3,424.5248107910156,0.0331302657723426,467.8727111816406,7.530093193054199,0.0057410229928791
tile_r017507_c011107,3,402.3858642578125,0.0,455.9376831054688,9.44485092163086,0.005422999151051
tile_r017507_c011107,3,397.9766845703125,0.0,446.26507568359375,7.566723823547363,0.0053575322963297
tile_r017507_c011107,3,187.0489044189453,397.0513916015625,231.6359405517578,437.7939453125,0.0051401327364146
tile_r017507_c011107,3,0.0,249.0994873046875,6.695032596588135,285.72320556640625,0.0041996645741164
tile_r017507_c011107,3,507.0433654785156,489.4239807128906,512.0,510.5529174804688,0.0040991893038153
tile_r017507_c011107,3,0.0,244.4655303955078,2.9727578163146973,283.4984741210937,0.0039535234682261
tile_r017507_c011107,3,507.8121948242188,480.14556884765625,512.0,507.9324340820313,0.0038333539851009
tile_r017507_c011107,3,2.642035007476806,414.2784729003906,55.3691635131836,460.3575744628906,0.0037631874438375
tile_r017507_c011107,3,496.2217712402344,0.0,512.0,27.428607940673828,0.0034509347751736
tile_r017507_c011107,3,0.0,1.7023956775665283,6.158463478088379,20.56955909729004,0.003437693696469
tile_r017507_c011107,3,0.5556976199150085,235.5464630126953,22.059112548828125,286.23992919921875,0.0033553263638168
tile_r017507_c011107,3,428.8873901367188,0.0559593215584754,477.447265625,4.6310625076293945,0.0032712111715227
tile_r017507_c011107,3,399.9173889160156,0.0,486.1294860839844,33.138023376464844,0.0032466023694723
tile_r017507_c011107,3,0.0,49.91110610961914,5.944056034088135,87.89029693603516,0.0032280413433909
tile_r017507_c011107,3,0.0,46.83406448364258,9.173487663269045,83.46565246582031,0.0030521077569574
tile_r017507_c011107,3,204.1980438232422,215.9517364501953,234.9311065673828,243.1558532714844,0.0029252476524561
tile_r017507_c011107,3,503.833251953125,353.44219970703125,511.984130859375,387.10650634765625,0.002840939676389
tile_r017507_c011107,3,508.6023864746094,21.094989776611328,512.0,48.17437362670898,0.0028008283115923
tile_r017507_c011107,3,0.0334857925772666,248.923095703125,4.002642631530762,289.1708374023437,0.0026043194811791
tile_r017507_c011107,3,0.032773207873106,226.7578582763672,7.965277194976807,268.0069580078125,0.0025182445533573
tile_r017507_c011107,3,500.57025146484375,51.04326629638672,512.0,107.1069793701172,0.0024869400076568
tile_r017507_c011107,3,0.0,51.94781494140625,6.265972137451172,94.87498474121094,0.0024095776025205
tile_r017507_c011107,3,252.65042114257807,507.1529235839844,298.53973388671875,512.0,0.0023863147944211
tile_r017507_c011107,3,497.5374450683594,361.8268127441406,511.921630859375,397.4155883789063,0.0022004176862537
tile_r017507_c011107,3,0.0,206.460693359375,18.3880558013916,276.8642578125,0.0021081403829157
tile_r017507_c011107,3,0.0,402.04010009765625,64.64370727539062,477.9423828125,0.0020859315991401
tile_r017507_c011107,3,0.5205169916152954,0.0,31.95396041870117,14.66767406463623,0.002052427502349
tile_r017507_c011107,3,240.62826538085935,374.86468505859375,279.918701171875,415.2853393554688,0.0019331208895891
tile_r017507_c011107,3,438.7197265625,0.0,483.7586059570313,3.731569766998291,0.0019176469650119
tile_r017507_c011107,3,459.4967346191406,333.8134155273437,499.4280700683594,376.2816162109375,0.001853669877164
tile_r017507_c011107,3,509.9313354492188,12.55639362335205,512.0,45.3487434387207,0.0018014309462159
tile_r017507_c011107,3,494.0880737304688,497.7886657714844,512.0,512.0,0.0016186829889193
tile_r017507_c011107,3,267.4911804199219,505.80517578125,308.5403137207031,512.0,0.001608095713891
tile_r017507_c011107,3,420.2647399902344,0.0,491.5680541992188,30.633224487304688,0.0015722339740023
tile_r017507_c011107,3,487.7242736816406,0.0,511.325439453125,6.380393981933594,0.0015075332485139
tile_r017507_c011107,3,330.466552734375,0.0,357.9510803222656,21.457324981689453,0.0015033157542347
tile_r017507_c011107,3,435.0281372070313,0.0,492.1416931152344,14.49237060546875,0.001427223207429
tile_r017507_c011107,3,258.1771545410156,506.5492248535156,304.6517028808594,512.0,0.0014060308458283
tile_r017507_c011107,3,0.0240076072514057,255.57730102539065,3.433043956756592,296.84637451171875,0.0013716708635911
tile_r017507_c011107,3,0.0,64.63701629638672,4.93093204498291,104.79183197021484,0.001315904664807
tile_r017507_c011107,3,505.7913208007813,283.9161376953125,512.0,319.7088928222656,0.0012803875142708
tile_r017507_c011107,3,247.5414123535156,507.4382934570313,291.489013671875,512.0,0.0012571327388286
tile_r017507_c011107,3,447.2671508789063,0.0091497423127293,486.8404235839844,3.5341084003448486,0.0012456029653549
tile_r017507_c011107,3,502.6724548339844,114.50872802734376,512.0,150.63861083984375,0.0012305662967264
tile_r017507_c011107,3,0.0,15.063725471496582,31.48756980895996,90.74541473388672,0.0012248007114976
tile_r017507_c011107,3,498.442138671875,0.0,512.0,7.795314788818359,0.0012220126809552
tile_r017507_c011107,3,0.151528924703598,1.0599486827850342,23.588254928588867,50.498008728027344,0.0012217980111017
tile_r017507_c011107,3,505.2278442382813,22.39305877685547,512.0,55.30228805541992,0.0011888341978192
tile_r017507_c011107,3,389.3136596679688,0.0,437.3118286132813,5.541079521179199,0.0011097319656983
tile_r017507_c011107,3,462.6968383789063,339.5626525878906,492.86370849609375,367.3458251953125,0.0011044745333492
tile_r017507_c011107,3,506.4337463378906,290.068115234375,512.0,324.14068603515625,0.0010929924901574
tile_r017507_c011107,3,497.9969787597656,362.2417602539063,512.0,400.0513305664063,0.0010891914134845
tile_r017507_c011107,3,424.6189575195313,0.0817825347185134,467.2905883789063,13.627004623413086,0.0010862661292776
tile_r017507_c011107,3,0.0,110.4311752319336,4.104410648345947,145.56622314453125,0.0010721086291596
tile_r017507_c011107,3,0.0,48.21752166748047,16.03290367126465,90.70744323730467,0.0010571590391919
tile_r017507_c011107,3,503.1297302246094,495.3682556152344,512.0,511.9182739257813,0.0010562028037384
tile_r017507_c011107,3,0.0108884815126657,77.4728775024414,6.498867988586426,115.189208984375,0.001052483334206
tile_r017507_c011107,3,277.47247314453125,505.2688903808594,312.50604248046875,512.0,0.0010504778474569
tile_r017507_c011107,3,500.634765625,126.6494140625,512.0,154.07815551757812,0.0010397006990388
tile_r017507_c011107,3,146.989501953125,500.33349609375,189.8039703369141,512.0,0.001037789392285
tile_r017507_c011107,3,485.54052734375,503.0606994628906,511.7906799316406,511.99908447265625,0.0010373069671913
tile_r017507_c011107,3,0.0,116.9340362548828,5.53885555267334,154.29714965820312,0.0010210152249783
tile_r017507_c011363,3,409.3013000488281,419.99945068359375,456.1390686035156,463.031005859375,0.8466315269470215
tile_r017507_c011363,3,238.3863220214844,348.7250671386719,283.4628295898437,391.7531127929688,0.7836425304412842
tile_r017507_c011363,3,296.15673828125,35.5302619934082,343.8983764648437,83.0804443359375,0.7291305661201477
tile_r017507_c011363,3,208.5957489013672,94.85196685791016,261.4967041015625,142.6409149169922,0.7247880101203918
tile_r017507_c011363,3,446.9813537597656,350.9488220214844,498.7091674804688,402.4132080078125,0.704358696937561
tile_r017507_c011363,3,206.619873046875,190.7368011474609,257.58990478515625,235.7959442138672,0.6780220866203308
tile_r017507_c011363,3,311.1234436035156,229.4256591796875,362.0901184082031,283.4668273925781,0.6580325365066528
tile_r017507_c011363,3,216.1184844970703,433.5901489257813,281.1166381835937,487.39654541015625,0.6182636022567749
tile_r017507_c011363,3,204.538818359375,337.5512390136719,240.69265747070312,373.6350708007813,0.6094664335250854
tile_r017507_c011363,3,280.21343994140625,199.1500396728516,323.4291381835937,235.4364471435547,0.6040688753128052
tile_r017507_c011363,3,83.33724212646484,49.57860565185547,136.43511962890625,89.67022705078125,0.5482926368713379
tile_r017507_c011363,3,362.0218811035156,295.4706726074219,408.7431335449219,338.8262634277344,0.5182146430015564
tile_r017507_c011363,3,326.56610107421875,485.5826110839844,394.43017578125,511.876708984375,0.4602289497852325
tile_r017507_c011363,3,80.89671325683594,47.26906204223633,139.49917602539062,94.29700469970705,0.4351439177989959
tile_r017507_c011363,3,0.0,377.7124328613281,21.95315170288086,414.0682678222656,0.3888454437255859
tile_r017507_c011363,3,71.94588470458984,0.0154296876862645,105.94636535644533,25.677165985107425,0.3844735324382782
tile_r017507_c011363,3,254.8960723876953,66.98709869384766,287.21795654296875,96.42346954345705,0.3505122065544128
tile_r017507_c011363,3,160.51235961914062,0.1488937437534332,211.4326171875,15.452387809753418,0.3206114470958709
tile_r017507_c011363,3,74.1951675415039,0.0,104.5760498046875,23.130859375,0.2803312540054321
tile_r017507_c011363,3,153.9901580810547,0.1681976318359375,218.2844696044922,18.009048461914062,0.2312685996294021
tile_r017507_c011363,3,257.1155700683594,67.98661041259766,286.70928955078125,94.23529815673828,0.2235045284032821
tile_r017507_c011363,3,364.08251953125,297.23211669921875,406.5896606445313,336.1767578125,0.2142781168222427
tile_r017507_c011363,3,218.8513946533203,436.122802734375,278.58892822265625,483.7112731933594,0.1690582185983657
tile_r017507_c011363,3,253.0447235107422,65.58018493652344,289.5419921875,99.36075592041016,0.1544325947761535
tile_r017507_c011363,3,333.9984741210937,489.2415466308594,389.2327270507813,511.7490234375,0.1476164013147354
tile_r017507_c011363,3,0.0,380.93841552734375,17.982797622680664,413.58001708984375,0.1249767020344734
tile_r017507_c011363,3,308.5895080566406,228.00668334960935,364.4373474121094,286.0303955078125,0.1207151636481285
tile_r017507_c011363,3,163.81707763671875,0.0153434751555323,206.121337890625,11.699505805969238,0.0953488945960998
tile_r017507_c011363,3,286.5399475097656,202.9380645751953,320.1727294921875,230.1239013671875,0.0839388594031333
tile_r017507_c011363,3,205.3172149658203,92.01043701171876,264.3216552734375,146.65576171875,0.0487994216382503
tile_r017507_c011363,3,167.8369598388672,0.0,206.6454315185547,9.552769660949709,0.042118564248085
tile_r017507_c011363,3,0.0,381.4764709472656,18.983139038085938,408.677978515625,0.0416198223829269
tile_r017507_c011363,3,330.7452087402344,489.3971557617188,391.5730895996094,511.9166564941406,0.0262356083840131
tile_r017507_c011363,3,445.2892150878906,348.4443359375,500.8951110839844,403.7159423828125,0.0259366519749164
tile_r017507_c011363,3,333.8305053710937,491.6087341308594,378.205078125,511.8624572753906,0.0151109304279088
tile_r017507_c011363,3,74.18125915527344,0.0,101.88999938964844,21.3078727722168,0.0144182452932
tile_r017507_c011363,3,145.70663452148438,0.0803451538085937,221.05209350585935,22.49142837524414,0.0125451264902949
tile_r017507_c011363,3,301.25592041015625,38.747859954833984,340.08563232421875,77.56269073486328,0.0125425234436988
tile_r017507_c011363,3,207.0908203125,339.881103515625,236.4259490966797,368.7677917480469,0.0116322636604309
tile_r017507_c011363,3,210.13461303710935,193.5861053466797,255.29837036132807,232.3411102294922,0.0110225854441523
tile_r017507_c011363,3,338.418212890625,491.2265625,387.4763793945313,512.0,0.008206021040678
tile_r017507_c011363,3,235.0924530029297,344.7144775390625,286.58380126953125,395.06781005859375,0.0080516068264842
tile_r017507_c011363,3,151.9425811767578,0.0,207.0107421875,11.416963577270508,0.0066719641909003
tile_r017507_c011363,3,168.55889892578125,0.0328788757324218,212.0888671875,7.428404331207275,0.0061152530834078
tile_r017507_c011363,3,146.3295440673828,0.0,199.83322143554688,9.276636123657228,0.0051516033709049
tile_r017507_c011363,3,267.7591857910156,505.9654235839844,302.1478881835937,511.9939575195313,0.0050563509576022
tile_r017507_c011363,3,141.75584411621094,0.0,190.2576446533203,7.4128265380859375,0.0049256365746259
tile_r017507_c011363,3,0.0,365.6342468261719,26.427215576171875,421.90863037109375,0.0047234641388058
tile_r017507_c011363,3,144.2248077392578,0.0,229.2378387451172,31.587793350219727,0.0034301287960261
tile_r017507_c011363,3,173.068115234375,0.0512260422110557,221.3004608154297,4.524235725402832,0.0033644789364188
tile_r017507_c011363,3,202.7613983154297,331.7191162109375,245.7228546142578,379.3974609375,0.0030432399362325
tile_r017507_c011363,3,347.06903076171875,493.98291015625,388.1292114257813,511.9800720214844,0.0028776896651834
tile_r017507_c011363,3,449.7058715820313,352.463623046875,497.431640625,399.3013000488281,0.0022699579130858
tile_r017507_c011363,3,315.260498046875,475.139892578125,401.6553039550781,512.0,0.0021182126365602
tile_r017507_c011363,3,0.9268112182617188,506.4153442382813,42.04071044921875,512.0,0.0020971847698092
tile_r017507_c011363,3,260.36602783203125,505.9960021972656,299.6629943847656,512.0,0.0019724210724234
tile_r017507_c011363,3,404.7034912109375,413.93603515625,461.19915771484375,469.4214782714844,0.0019686785526573
tile_r017507_c011363,3,206.201416015625,338.8998718261719,238.373291015625,368.7792053222656,0.0018691017758101
tile_r017507_c011363,3,182.5855865478516,0.0010032653808593,227.52783203125,3.5227291584014893,0.0018221958307549
tile_r017507_c011363,3,0.0,383.9284362792969,17.459070205688477,409.6907348632813,0.0017754515865817
tile_r017507_c011363,3,252.6781311035156,506.7405700683594,299.1795654296875,512.0,0.001718673389405
tile_r017507_c011363,3,163.82345581054688,0.0,236.8739776611328,27.77691078186035,0.0016483158105984
tile_r017507_c011363,3,74.53225708007812,0.0,101.89244842529295,21.406051635742188,0.0016241233097389
tile_r017507_c011363,3,263.8674621582031,501.8590698242188,304.63250732421875,511.91802978515625,0.0015619597397744
tile_r017507_c011363,3,12.143366813659668,505.3336486816406,52.91714477539063,512.0,0.0015545594505965
tile_r017507_c011363,3,0.0,407.9079284667969,5.071125984191895,438.9737854003906,0.0014833254972472
tile_r017507_c011363,3,348.00653076171875,506.2706909179688,392.0423583984375,511.87744140625,0.0013916575117036
tile_r017507_c011363,3,226.639892578125,507.1529235839844,275.05255126953125,512.0,0.0013525485992431
tile_r017507_c011363,3,3.651240587234497,506.2032775878906,49.03982162475586,512.0,0.0012377618113532
tile_r017507_c011363,3,0.0,358.71929931640625,21.19149780273437,441.6204528808594,0.0011793537996709
tile_r017507_c011363,3,180.5521697998047,0.0,235.65478515625,14.358770370483398,0.0011786321410909
tile_r017507_c011363,3,168.694091796875,0.0853027328848838,211.4632873535156,13.552993774414062,0.0011739843757823
tile_r017507_c011363,3,20.253618240356445,501.334716796875,62.14269256591797,511.81878662109375,0.001074181869626
tile_r017507_c011363,3,250.0602264404297,500.9675903320313,304.07965087890625,512.0,0.0010698951082304
tile_r017507_c011363,3,0.0,383.5567932128906,14.550445556640623,409.5025939941406,0.0010546814883127
tile_r017507_c011363,3,21.35868453979492,504.9194946289063,56.61757659912109,512.0,0.0010516999755054
tile_r017507_c011363,3,243.06103515625,0.1805801391601562,298.4909362792969,10.211790084838867,0.0010435096919536
tile_r017507_c011363,3,0.0554183945059776,211.29281616210935,13.592687606811523,278.6499328613281,0.0010403036139905
tile_r017507_c011363,3,235.4707489013672,0.1319290101528167,291.40948486328125,10.996137619018556,0.0010278455447405
tile_r017507_c011363,3,133.00717163085938,0.0,181.4156646728516,5.417422294616699,0.0010046263923868
tile_r017507_c011619,3,405.218017578125,223.9106903076172,451.40960693359375,268.1039123535156,0.8960325121879578
tile_r017507_c011619,3,324.9701538085937,19.390430450439453,374.7174682617188,64.58940124511719,0.8730716109275818
tile_r017507_c011619,3,382.9814758300781,304.7960510253906,431.7799682617188,354.8810729980469,0.8671736717224121
tile_r017507_c011619,3,153.66363525390625,420.2462463378906,199.98953247070312,462.72802734375,0.8437027931213379
tile_r017507_c011619,3,191.4978485107422,351.4150695800781,242.080078125,402.07366943359375,0.7912149429321289
tile_r017507_c011619,3,422.4813537597656,31.1850643157959,459.451416015625,65.36466217041016,0.7728012800216675
tile_r017507_c011619,3,39.76067352294922,35.5140380859375,87.98438262939453,83.19226837158203,0.7512734532356262
tile_r017507_c011619,3,446.2096252441406,371.735107421875,487.88079833984375,407.42291259765625,0.7344313859939575
tile_r017507_c011619,3,0.0,347.39569091796875,29.54303359985352,391.1837463378906,0.6911507248878479
tile_r017507_c011619,3,55.014915466308594,229.39035034179688,106.15998840332033,283.4549255371094,0.6548534631729126
tile_r017507_c011619,3,411.524169921875,92.42701721191406,446.56634521484375,123.1886215209961,0.651768147945404
tile_r017507_c011619,3,25.28463363647461,199.5042724609375,67.27259826660156,235.11257934570312,0.6259998679161072
tile_r017507_c011619,3,0.0,439.8636779785156,27.692195892333984,480.5852966308594,0.5423968434333801
tile_r017507_c011619,3,106.2179946899414,295.824951171875,152.49771118164062,338.5621643066406,0.4878774583339691
tile_r017507_c011619,3,71.44366455078125,486.0169372558594,137.91006469726562,511.9196166992188,0.4319649040699005
tile_r017507_c011619,3,0.379138171672821,66.59247589111328,31.256200790405277,96.83839416503906,0.3487868309020996
tile_r017507_c011619,3,108.2682647705078,297.63140869140625,150.24786376953125,335.8389587402344,0.2585031390190124
tile_r017507_c011619,3,497.53131103515625,50.30876159667969,511.91552734375,86.80962371826172,0.1612046957015991
tile_r017507_c011619,3,3.324146270751953,68.14279174804688,30.698917388916016,93.17195892333984,0.1381503343582153
tile_r017507_c011619,3,52.385887145996094,227.9687957763672,108.5372543334961,286.04693603515625,0.1343732178211212
tile_r017507_c011619,3,78.55931091308594,489.4349060058594,132.92959594726562,511.7662048339844,0.1312615573406219
tile_r017507_c011619,3,494.1574096679688,44.162994384765625,512.0,89.53449249267578,0.1216433867812156
tile_r017507_c011619,3,0.0138748167082667,64.3376693725586,33.60974884033203,99.60651397705078,0.1188829317688942
tile_r017507_c011619,3,0.0,105.77054595947266,10.523351669311523,152.57919311523438,0.117050401866436
tile_r017507_c011619,3,30.837158203125,203.06723022460935,64.08587646484375,230.08139038085935,0.0916835144162178
tile_r017507_c011619,3,498.14642333984375,54.130348205566406,512.0,84.69766998291016,0.0613770745694637
tile_r017507_c011619,3,75.50607299804688,489.6610412597656,134.94322204589844,511.9298400878906,0.0554432496428489
tile_r017507_c011619,3,0.0,110.8883056640625,6.613745212554932,149.83126831054688,0.0537378527224063
tile_r017507_c011619,3,443.4683532714844,368.8497314453125,491.9376831054688,412.2549743652344,0.0383403599262237
tile_r017507_c011619,3,414.7242126464844,94.9241180419922,444.6767578125,120.1630401611328,0.024316880851984
tile_r017507_c011619,3,78.34343719482422,491.9611206054688,121.91532135009766,511.8038635253906,0.0223801173269748
tile_r017507_c011619,3,0.0,106.97059631347656,4.539833068847656,145.88014221191406,0.0174268092960119
tile_r017507_c011619,3,0.0,443.7535095214844,23.423267364501957,478.7200622558594,0.0167483240365982
tile_r017507_c011619,3,82.84610748291016,491.39947509765625,131.10914611816406,512.0,0.013625256717205
tile_r017507_c011619,3,0.0,109.75840759277344,2.413695812225342,148.4929656982422,0.0118389995768666
tile_r017507_c011619,3,0.4714172482490539,349.784423828125,25.51258850097656,382.73284912109375,0.0103728603571653
tile_r017507_c011619,3,189.77633666992188,348.833251953125,244.28207397460935,403.3208618164063,0.0103677259758114
tile_r017507_c011619,3,0.0106338504701852,106.1196746826172,6.966911315917969,144.88766479492188,0.0101060876622796
tile_r017507_c011619,3,45.06636428833008,38.84444046020508,84.06892395019531,77.54056549072266,0.0095879333093762
tile_r017507_c011619,3,0.071405604481697,103.80926513671876,8.467206954956055,141.44400024414062,0.0091492356732487
tile_r017507_c011619,3,454.4021911621094,505.629150390625,491.234130859375,512.0,0.0089805638417601
tile_r017507_c011619,3,460.2103576660156,506.8992309570313,493.4722595214844,511.95306396484375,0.0086107803508639
tile_r017507_c011619,3,501.5439453125,50.410606384277344,511.9539489746094,83.80693054199219,0.0083558335900306
tile_r017507_c011619,3,0.0,430.2078552246094,33.35408401489258,488.0103149414063,0.0077808527275919
tile_r017507_c011619,3,487.4116821289063,40.790672302246094,511.831298828125,97.49559020996094,0.006889862474054
tile_r017507_c011619,3,12.53883171081543,506.0536193847656,45.37123107910156,511.9890747070313,0.0068196514621376
tile_r017507_c011619,3,444.24945068359375,11.519761085510254,471.3663024902344,37.5438232421875,0.0064080338925123
tile_r017507_c011619,3,0.0,503.93267822265625,11.465713500976562,511.8663940429688,0.0062490720301866
tile_r017507_c011619,3,444.5774536132813,498.9478149414063,495.3859252929688,512.0,0.0061487536877393
tile_r017507_c011619,3,505.8297729492188,159.3164825439453,512.0,200.5233917236328,0.0055565447546541
tile_r017507_c011619,3,455.8220825195313,500.68255615234375,495.30072021484375,511.82806396484375,0.0054820370860397
tile_r017507_c011619,3,448.7941284179688,504.2171936035156,489.74615478515625,512.0,0.0053855790756642
tile_r017507_c011619,3,408.48248291015625,87.31063842773438,453.04730224609375,130.14288330078125,0.005314006935805
tile_r017507_c011619,3,0.0,0.0,23.264453887939453,5.150378704071045,0.0045304335653781
tile_r017507_c011619,3,7.433697700500488,502.1702575683594,47.44725799560547,511.9092712402344,0.0044629508629441
tile_r017507_c011619,3,0.0,110.8442840576172,1.6811096668243408,155.7362060546875,0.0039937878027558
tile_r017507_c011619,3,507.3889770507813,155.45909118652344,512.0,194.1108245849609,0.0039183581247925
tile_r017507_c011619,3,506.0400390625,105.162353515625,512.0,141.24795532226562,0.0039178295992314
tile_r017507_c011619,3,507.94915771484375,85.54072570800781,512.0,128.0697479248047,0.0035112397745251
tile_r017507_c011619,3,0.0,115.46858978271484,3.06003999710083,164.70535278320312,0.0035026248078793
tile_r017507_c011619,3,0.6076263189315796,447.2271423339844,22.33858871459961,474.6611328125,0.0034378669224679
tile_r017507_c011619,3,0.0,116.26994323730467,5.631131172180176,158.69003295898438,0.0034312782809138
tile_r017507_c011619,3,0.2590683102607727,500.8126525878906,46.245025634765625,512.0,0.0032726279459893
tile_r017507_c011619,3,506.68701171875,164.4036102294922,512.0,207.416259765625,0.0032301361206918
tile_r017507_c011619,3,507.4703674316406,74.73033142089844,512.0,123.42762756347656,0.0031916925217956
tile_r017507_c011619,3,501.50787353515625,51.98497772216797,512.0,104.96730041503906,0.0031847138889133
tile_r017507_c011619,3,491.3180541992188,0.0,512.0,22.26773452758789,0.0031591092702001
tile_r017507_c011619,3,0.0139373783022165,351.13885498046875,23.647815704345703,384.6402893066406,0.0030138273723423
tile_r017507_c011619,3,508.0548706054688,458.9469604492188,512.0,500.6409606933594,0.0029716696590185
tile_r017507_c011619,3,3.8784377574920654,506.482177734375,42.63021469116211,512.0,0.0028252338524907
tile_r017507_c011619,3,0.0,74.26094055175781,25.91914367675781,152.24916076660156,0.0027211403939872
tile_r017507_c011619,3,321.5967712402344,15.559560775756836,378.82275390625,68.55982208251953,0.0026721698231995
tile_r017507_c011619,3,91.47091674804688,494.1045837402344,131.88125610351562,511.972412109375,0.0026706147473305
tile_r017507_c011619,3,0.0739454254508018,126.1407241821289,4.044561862945557,170.22317504882812,0.0026496411301195
tile_r017507_c011619,3,0.2256805449724197,447.4415588378906,24.36483383178711,486.9286193847656,0.0026251862291246
tile_r017507_c011619,3,0.4477981626987457,444.1277465820313,23.282474517822266,473.5462951660156,0.0025713522918522
tile_r017507_c011619,3,507.5611877441406,169.5174560546875,512.0,213.9414825439453,0.0025357916019856
tile_r017507_c011619,3,508.4495239257813,150.61343383789062,512.0,188.0391845703125,0.0024885516613721
tile_r017507_c011619,3,0.0,2.6053740978240967,12.707587242126465,39.104736328125,0.0024073619861155
tile_r017507_c011619,3,0.0005769729614257,17.871572494506836,2.2917981147766118,51.49941253662109,0.0023990429472178
tile_r017507_c011619,3,507.1115112304688,475.9844665527344,512.0,508.6460876464844,0.0023743570782244
tile_r017507_c011619,3,388.0016784667969,306.9922790527344,426.58734130859375,345.342529296875,0.0023296424187719
tile_r017507_c011619,3,0.0,506.88812255859375,40.91478729248047,512.0,0.0022983262315392
tile_r017507_c011619,3,507.181640625,173.3931884765625,512.0,220.05856323242188,0.0022454690188169
tile_r017507_c011619,3,0.0,0.030316162854433,27.163875579833984,15.873562812805176,0.0022164434194564
tile_r017507_c011619,3,0.0,496.52056884765625,40.58478546142578,512.0,0.0022121283691376
tile_r017507_c011619,3,491.5621643066406,27.177005767822266,512.0,89.7212142944336,0.0020534894429147
tile_r017507_c011619,3,508.9208984375,488.96917724609375,512.0,511.2154235839844,0.0020531485788524
tile_r017507_c011619,3,0.085845947265625,430.63714599609375,12.87126636505127,465.3079223632813,0.002009734744206
tile_r017507_c011619,3,493.9507751464844,53.69597625732422,512.0,82.7114486694336,0.0019883892964571
tile_r017507_c011619,3,508.564208984375,450.5753479003906,512.0,493.62591552734375,0.0019640910904854
tile_r017507_c011619,3,508.04931640625,96.2760238647461,512.0,134.52874755859375,0.0019128506537526
tile_r017507_c011619,3,504.65435791015625,111.49143981933594,512.0,147.6931610107422,0.001899869996123
tile_r017507_c011619,3,0.0,505.2530212402344,27.9322509765625,512.0,0.0018509068759158
tile_r017507_c011619,3,0.0,327.94647216796875,43.02632522583008,418.150390625,0.0018342850962653
tile_r017507_c011619,3,499.0982055664063,51.72604370117188,511.9850463867188,94.54230499267578,0.0017733307322487
tile_r017507_c011619,3,148.9123992919922,414.0166015625,205.2244873046875,469.2555236816406,0.0017412265297025
tile_r017507_c011619,3,0.251940906047821,93.5932846069336,21.846309661865234,162.85507202148438,0.0016911252168938
tile_r017507_c011619,3,504.6844787597656,41.42593002319336,512.0,80.6777572631836,0.0016073548467829
tile_r017507_c011619,3,0.0213054660707712,11.473589897155762,4.020995616912842,48.79520797729492,0.0015471499646082
tile_r017507_c011619,3,2.085101366043091,506.6720581054688,36.05670928955078,512.0,0.0015119906747713
tile_r017507_c011619,3,507.86419677734375,179.01321411132812,512.0,225.0647735595703,0.0015060775913298
tile_r017507_c011619,3,0.0745681747794151,490.873291015625,8.426628112792969,511.8347778320313,0.0014982025604695
tile_r017507_c011619,3,506.2501831054688,466.05224609375,512.0,505.91888427734375,0.0014710733667016
tile_r017507_c011619,3,60.4769287109375,476.0315856933594,145.26416015625,512.0,0.001450712326914
tile_r017507_c011619,3,0.0,23.53514289855957,1.5763435363769531,58.7161979675293,0.0014490333851426
tile_r017507_c011619,3,444.26220703125,503.00732421875,486.6279296875,512.0,0.0014227904612198
tile_r017507_c011619,3,501.901611328125,162.72061157226562,511.8935546875,220.2325439453125,0.0014115651138126
tile_r017507_c011619,3,0.0,14.409276008605955,7.235996246337891,49.18510818481445,0.0014006063574925
tile_r017507_c011619,3,0.1780364960432052,0.1318496763706207,35.14059066772461,12.922401428222656,0.0013812502147629
tile_r017507_c011619,3,505.80181884765625,66.80392456054688,512.0,118.79940032958984,0.0013733917148783
tile_r017507_c011619,3,446.2551879882813,0.2362380921840667,508.33740234375,11.496732711791992,0.0013627730077132
tile_r017507_c011619,3,507.24810791015625,496.73345947265625,512.0,511.9884338378906,0.0013627087464556
tile_r017507_c011619,3,194.08621215820312,352.7643737792969,241.12161254882807,399.0719299316406,0.001358667621389
tile_r017507_c011619,3,91.58537292480467,506.2579956054688,136.16665649414062,511.8724060058594,0.0013334150426089
tile_r017507_c011619,3,0.3019653260707855,107.05916595458984,12.390026092529297,162.4105987548828,0.0013198270462453
tile_r017507_c011619,3,508.7849731445313,428.6439514160156,512.0,463.4173278808594,0.0013053710572421
tile_r017507_c011619,3,0.2557800412178039,64.8905258178711,33.630332946777344,97.47565460205078,0.0012978961458429
tile_r017507_c011619,3,497.5405883789063,55.49990081787109,512.0,87.20829010009766,0.0011557621182873
tile_r017507_c011619,3,0.0,425.5735473632813,42.90462493896485,507.593994140625,0.0011521560372784
tile_r017507_c011619,3,509.30615234375,144.07803344726562,512.0,182.11827087402344,0.001113413600251
tile_r017507_c011619,3,0.1313201934099197,91.49202728271484,8.460831642150879,137.22703552246094,0.0011079547693952
tile_r017507_c011619,3,508.7044067382813,427.8792419433594,512.0,470.318115234375,0.0010931523283943
tile_r017507_c011619,3,78.53759002685547,493.229248046875,126.77867126464844,511.15673828125,0.0010729265632107
tile_r017507_c011619,3,507.6080017089844,185.40298461914065,512.0,230.0851593017578,0.0010625523282215
tile_r017507_c011619,3,502.57666015625,477.32904052734375,511.9334411621094,512.0,0.0010583240073174
tile_r017507_c011619,3,462.0997924804688,0.0213714595884084,512.0,12.823919296264648,0.0010543217649683
tile_r017507_c011619,3,0.0,78.53669738769531,23.855432510375977,153.4716796875,0.0010176062351092
tile_r017763_c010083,3,266.03717041015625,107.79280853271484,324.43719482421875,167.58016967773438,0.8776955008506775
tile_r017763_c010083,3,116.16105651855467,56.67725372314453,155.8992919921875,94.58656311035156,0.8567934632301331
tile_r017763_c010083,3,262.7118530273437,0.0,315.0775756835937,48.71235275268555,0.8483267426490784
tile_r017763_c010083,3,348.3243408203125,255.16879272460935,393.0694580078125,296.6229858398437,0.8319810628890991
tile_r017763_c010083,3,388.14935302734375,406.5164184570313,433.6121215820313,449.291259765625,0.8279126286506653
tile_r017763_c010083,3,217.09750366210935,404.6228942871094,256.18170166015625,440.5234375,0.8058758974075317
tile_r017763_c010083,3,166.95457458496094,175.16978454589844,212.0523376464844,215.8290100097656,0.7647055983543396
tile_r017763_c010083,3,331.38348388671875,194.85369873046875,370.28033447265625,228.492919921875,0.735262930393219
tile_r017763_c010083,3,145.6849822998047,0.6591079831123352,191.62425231933597,39.35334014892578,0.6501010656356812
tile_r017763_c010083,3,312.3758850097656,80.17738342285156,388.2726135253906,145.5550994873047,0.5783829689025879
tile_r017763_c010083,3,174.31320190429688,291.9970092773437,210.4283447265625,327.40191650390625,0.5605927109718323
tile_r017763_c010083,3,280.26397705078125,362.96038818359375,333.98541259765625,412.045166015625,0.4627884030342102
tile_r017763_c010083,3,277.710205078125,486.0850524902344,335.847412109375,511.9777221679688,0.4558066427707672
tile_r017763_c010083,3,429.090576171875,327.58270263671875,466.5223693847656,361.8682556152344,0.4453022480010986
tile_r017763_c010083,3,426.97607421875,325.64666748046875,469.0489807128906,364.69134521484375,0.3346206545829773
tile_r017763_c010083,3,0.165934756398201,496.7997131347656,30.689172744750977,512.0,0.279362142086029
tile_r017763_c010083,3,460.5760192871094,422.5757751464844,493.75091552734375,453.11529541015625,0.26337930560112
tile_r017763_c010083,3,0.0,498.48828125,25.080516815185547,512.0,0.2383957803249359
tile_r017763_c010083,3,150.80528259277344,184.95127868652344,175.09617614746094,209.4405059814453,0.2217904180288314
tile_r017763_c010083,3,283.4786071777344,365.8193664550781,331.1916809082031,408.2071533203125,0.1538011133670807
tile_r017763_c010083,3,463.1886596679688,424.7278747558594,492.13287353515625,451.2984924316406,0.1385744214057922
tile_r017763_c010083,3,281.09283447265625,488.3961791992188,334.1654052734375,511.93890380859375,0.1215198412537574
tile_r017763_c010083,3,0.0,499.8883666992188,26.08847045898437,512.0,0.1211076006293296
tile_r017763_c010083,3,173.91421508789062,291.57781982421875,211.12533569335935,327.4384765625,0.0998876616358757
tile_r017763_c010083,3,281.1498107910156,364.6847534179688,332.1744384765625,411.1908264160156,0.0818163305521011
tile_r017763_c010083,3,259.221923828125,0.4396820068359375,318.72186279296875,51.87398147583008,0.0675298646092414
tile_r017763_c010083,3,329.205322265625,192.03875732421875,374.2818298339844,233.07913208007807,0.0651930570602417
tile_r017763_c010083,3,0.0,495.41064453125,34.55827331542969,512.0,0.0635179951786995
tile_r017763_c010083,3,0.0,357.7496643066406,13.072153091430664,417.9627075195313,0.0561425276100635
tile_r017763_c010083,3,317.74615478515625,83.4830322265625,387.5382690429688,141.67877197265625,0.0504480935633182
tile_r017763_c010083,3,0.0,367.9397583007813,8.981290817260742,415.2545776367188,0.0503767393529415
tile_r017763_c010083,3,0.0,497.1198120117188,26.422504425048828,511.45941162109375,0.0405575819313526
tile_r017763_c010083,3,147.11099243164062,0.0,190.59860229492188,38.123382568359375,0.0395698919892311
tile_r017763_c010083,3,284.6204528808594,489.64398193359375,331.1923828125,511.72747802734375,0.0366168804466724
tile_r017763_c010083,3,458.63916015625,420.5126037597656,496.80072021484375,455.6170349121094,0.0218103099614381
tile_r017763_c010083,3,0.0,487.4312438964844,37.16860961914063,511.612060546875,0.0156148402020335
tile_r017763_c010083,3,459.2779235839844,421.2556762695313,495.5208129882813,455.1144409179688,0.0148704228922724
tile_r017763_c010083,3,0.023529052734375,344.8890380859375,16.67432403564453,415.4205017089844,0.0133448094129562
tile_r017763_c010083,3,0.0603466033935546,366.3393249511719,4.271615028381348,408.8455200195313,0.013222106732428
tile_r017763_c010083,3,149.47096252441406,0.7374786138534546,188.9266815185547,35.818477630615234,0.0127355316653847
tile_r017763_c010083,3,0.0191164016723632,368.5008544921875,2.290355682373047,412.3125,0.0114604644477367
tile_r017763_c010083,3,0.0,374.2938537597656,6.471815586090088,416.6712951660156,0.0112562933936715
tile_r017763_c010083,3,150.99652099609375,186.8072204589844,172.95834350585938,210.093017578125,0.0099786939099431
tile_r017763_c010083,3,0.0536605827510356,360.1966857910156,6.509986877441406,407.8633728027344,0.0094545371830463
tile_r017763_c010083,3,172.0043487548828,289.18359375,213.66549682617188,330.17498779296875,0.0093306889757514
tile_r017763_c010083,3,0.6062103509902954,504.0194396972656,30.770971298217773,511.93756103515625,0.0071301325224339
tile_r017763_c010083,3,0.0187393184751272,491.2843627929688,33.04710006713867,511.5555725097656,0.0067494055256247
tile_r017763_c010083,3,288.42291259765625,489.7166137695313,330.4690246582031,512.0,0.004639942664653
tile_r017763_c010083,3,298.0187072753906,421.18365478515625,317.71649169921875,442.0896911621094,0.0042691850103437
tile_r017763_c010083,3,0.1149139404296875,351.9286193847656,19.46846389770508,441.3605041503906,0.0041877184994518
tile_r017763_c010083,3,165.0494384765625,173.5261993408203,213.9248962402344,217.6683654785156,0.0040648258291184
tile_r017763_c010083,3,295.23455810546875,420.3011779785156,318.94293212890625,442.6721801757813,0.003290541935712
tile_r017763_c010083,3,74.7403793334961,0.0271747596561908,118.60044860839844,4.281926155090332,0.0032606406603008
tile_r017763_c010083,3,352.10986328125,257.8182067871094,389.68658447265625,292.9382019042969,0.0032377494499087
tile_r017763_c010083,3,0.0285785682499408,354.71832275390625,6.96203088760376,404.06549072265625,0.003172384109348
tile_r017763_c010083,3,283.5311889648437,489.8710021972656,327.68487548828125,511.926025390625,0.0031257444061338
tile_r017763_c010083,3,0.0904342681169509,358.9079284667969,21.760009765625,420.8782348632813,0.0031084232032299
tile_r017763_c010083,3,0.177520751953125,331.667724609375,16.32257652282715,403.5291442871094,0.0029838245827704
tile_r017763_c010083,3,318.61785888671875,0.0,358.9794616699219,4.944526195526123,0.0022945723030716
tile_r017763_c010083,3,0.0,407.62152099609375,3.5822625160217285,452.0486450195313,0.0022628111764788
tile_r017763_c010083,3,0.0,379.2818298339844,7.77190637588501,431.32611083984375,0.0021260736975818
tile_r017763_c010083,3,285.501708984375,490.7294006347656,328.5127868652344,511.7875061035156,0.0020985652226954
tile_r017763_c010083,3,351.1337585449219,507.75103759765625,394.0836791992188,512.0,0.0020239457953721
tile_r017763_c010083,3,41.409549713134766,192.86659240722656,84.9319839477539,242.20736694335935,0.0019425295758992
tile_r017763_c010083,3,0.0057825087569653,371.29833984375,2.1912436485290527,419.5901794433594,0.0019244948634877
tile_r017763_c010083,3,0.0,497.5945434570313,27.37189102172852,511.3014526367188,0.0019190638558939
tile_r017763_c010083,3,336.14581298828125,198.47964477539065,367.9395751953125,224.6518096923828,0.0018722579116001
tile_r017763_c010083,3,314.69244384765625,91.63516998291016,348.050537109375,119.1521987915039,0.0018566850339993
tile_r017763_c010083,3,346.7652893066406,506.470947265625,389.3814086914063,512.0,0.0017951875925064
tile_r017763_c010083,3,81.6021957397461,0.0387786850333213,133.44204711914062,11.22966194152832,0.0017705481732264
tile_r017763_c010083,3,0.0,500.3533630371094,20.530879974365234,512.0,0.0017559513216838
tile_r017763_c010083,3,67.718017578125,0.0625713318586349,113.5943374633789,4.561816692352295,0.0015911229420453
tile_r017763_c010083,3,420.6460571289063,506.2739868164063,471.75677490234375,512.0,0.001513922587037
tile_r017763_c010083,3,0.8264709711074829,507.66351318359375,38.01446914672852,511.8687133789063,0.0014634388498961
tile_r017763_c010083,3,1.6851898431777954,341.49090576171875,20.469409942626957,431.2083435058594,0.0014169828500598
tile_r017763_c010083,3,0.003150749253109,350.408447265625,6.913311958312988,397.4459838867188,0.0014070267789065
tile_r017763_c010083,3,68.73869323730469,0.1345153748989105,127.05338287353516,12.107234001159668,0.0013804223854094
tile_r017763_c010083,3,6.376894950866699,497.8286743164063,38.18545150756836,512.0,0.0013783316826447
tile_r017763_c010083,3,307.2248229980469,0.0,349.7002868652344,5.648035526275635,0.0013715468812733
tile_r017763_c010083,3,142.89492797851562,0.0,196.15032958984372,42.6011848449707,0.0013523786328732
tile_r017763_c010083,3,0.0,468.7237243652344,37.30955123901367,511.8712768554688,0.0013327224878594
tile_r017763_c010083,3,83.0090103149414,0.0346746444702148,124.14068603515624,4.515986919403076,0.001324652112089
tile_r017763_c010083,3,428.21038818359375,505.8667907714844,476.9061584472656,512.0,0.0013152299216017
tile_r017763_c010083,3,0.042111586779356,401.6578063964844,2.959512710571289,443.90277099609375,0.0013100334908813
tile_r017763_c010083,3,148.67037963867188,177.01785278320312,178.74191284179688,215.7601776123047,0.001289932639338
tile_r017763_c010083,3,412.25048828125,500.7318420410156,473.0560607910156,511.98736572265625,0.0012562960619106
tile_r017763_c010083,3,176.67678833007812,293.1325988769531,208.75802612304688,323.6703491210937,0.0012454546522349
tile_r017763_c010083,3,315.2415771484375,0.0,353.1028747558594,6.064817905426025,0.0012387383030727
tile_r017763_c010083,3,423.9181518554688,501.3094177246094,480.4147338867188,511.91607666015625,0.0012361181434243
tile_r017763_c010083,3,90.80021667480467,0.0,145.0455780029297,11.096427917480469,0.0011647447245195
tile_r017763_c010083,3,55.0452880859375,0.1232055649161338,117.21141052246094,13.273208618164062,0.0011347213294357
tile_r017763_c010083,3,0.0410430915653705,350.0707092285156,22.640430450439453,414.2557678222656,0.0011202786117792
tile_r017763_c010083,3,268.5243530273437,478.5641479492188,344.5155944824219,512.0,0.0011012637987732
tile_r017763_c010083,3,0.0,357.673583984375,22.733875274658203,441.1654357910156,0.0010993017349392
tile_r017763_c010083,3,417.1472778320313,506.7984924316406,465.7433166503906,512.0,0.0010778803844004
tile_r017763_c010083,3,253.9975128173828,506.3946228027344,289.9266967773437,512.0,0.0010343942558392
tile_r017763_c010083,3,0.2465545684099197,317.3474426269531,17.231426239013672,384.9791870117188,0.0010233948705717
tile_r017763_c010083,3,267.2835388183594,502.0585021972656,298.3056335449219,512.0,0.0010059217456728
tile_r017763_c010851,3,41.05258941650391,130.65036010742188,116.9325714111328,198.7627716064453,0.8776809573173523
tile_r017763_c010851,3,337.373291015625,76.25821685791016,395.6043701171875,130.00363159179688,0.8365083932876587
tile_r017763_c010851,3,367.7410278320313,15.633008003234863,412.0520629882813,59.3293342590332,0.8263272047042847
tile_r017763_c010851,3,247.1725616455078,153.18797302246094,315.22930908203125,210.986328125,0.7637621760368347
tile_r017763_c010851,3,448.2262573242188,142.71273803710938,482.803955078125,173.85501098632812,0.7490907907485962
tile_r017763_c010851,3,412.9122009277344,439.6575317382813,478.67578125,499.3457946777344,0.7347967028617859
tile_r017763_c010851,3,420.2047424316406,164.12820434570312,465.6612243652344,212.9173583984375,0.7305796146392822
tile_r017763_c010851,3,476.94635009765625,341.625244140625,511.7102966308594,398.78814697265625,0.6678469181060791
tile_r017763_c010851,3,291.8706359863281,48.08702087402344,339.5911865234375,88.80564880371094,0.6419811844825745
tile_r017763_c010851,3,402.8630981445313,213.3240966796875,448.96044921875,257.8163146972656,0.5847073197364807
tile_r017763_c010851,3,360.45159912109375,308.677490234375,435.90667724609375,372.6287231445313,0.5377680063247681
tile_r017763_c010851,3,44.20462417602539,86.96974182128906,90.92296600341795,133.7513885498047,0.5318099856376648
tile_r017763_c010851,3,361.3405151367188,309.5575561523437,436.1118774414063,370.7835693359375,0.5084407329559326
tile_r017763_c010851,3,0.0,0.6965774297714233,27.777862548828125,49.80276107788086,0.5020389556884766
tile_r017763_c010851,3,24.27925491333008,232.686767578125,79.7074203491211,281.5696716308594,0.493954449892044
tile_r017763_c010851,3,290.39208984375,318.0126953125,334.3143310546875,354.91583251953125,0.4366696774959564
tile_r017763_c010851,3,211.89669799804688,0.0317855849862098,268.42254638671875,20.321781158447266,0.400604784488678
tile_r017763_c010851,3,41.290489196777344,82.88358306884766,93.13858032226562,136.21493530273438,0.3431212306022644
tile_r017763_c010851,3,28.65950965881348,236.5922393798828,76.84419250488281,277.6141967773437,0.2514767050743103
tile_r017763_c010851,3,489.708251953125,487.0169067382813,512.0,511.8101196289063,0.2119002342224121
tile_r017763_c010851,3,290.79852294921875,46.10323715209961,341.5961303710937,90.12651824951172,0.1585613489151001
tile_r017763_c010851,3,443.98480224609375,0.1491012573242187,503.933837890625,14.191499710083008,0.1433776170015335
tile_r017763_c010851,3,346.9710998535156,409.2977600097656,379.84283447265625,443.08148193359375,0.1427268832921981
tile_r017763_c010851,3,493.1792602539063,493.0517578125,512.0,511.9113159179688,0.1037376075983047
tile_r017763_c010851,3,450.47119140625,0.0094856265932321,498.40283203125,7.52057409286499,0.1012652814388275
tile_r017763_c010851,3,480.93792724609375,344.36505126953125,512.0,396.544921875,0.0988238751888275
tile_r017763_c010851,3,500.481689453125,119.37125396728516,511.9835815429688,148.3268585205078,0.092697724699974
tile_r017763_c010851,3,490.4990234375,492.5964965820313,512.0,512.0,0.092453122138977
tile_r017763_c010851,3,499.4088439941406,114.99806213378906,511.7703247070313,159.36581420898438,0.0844334959983825
tile_r017763_c010851,3,205.50717163085935,0.0881622284650802,278.2957763671875,26.346349716186523,0.0714465603232383
tile_r017763_c010851,3,452.1622619628906,0.1167144775390625,500.67669677734375,12.431922912597656,0.0695618614554405
tile_r017763_c010851,3,288.08770751953125,315.97509765625,338.4222412109375,360.53656005859375,0.064614251255989
tile_r017763_c010851,3,452.7032775878906,0.0,500.7696838378906,6.154431819915772,0.059071097522974
tile_r017763_c010851,3,445.2978515625,0.0124523164704442,496.8832092285156,8.455639839172363,0.0522852912545204
tile_r017763_c010851,3,408.4462890625,436.6639709472656,481.6017456054688,504.2677307128906,0.0511264391243457
tile_r017763_c010851,3,217.17236328125,0.0,262.60418701171875,11.573114395141602,0.0432478561997413
tile_r017763_c010851,3,344.7928161621094,406.8302001953125,382.7883911132813,445.3069763183594,0.0372963659465312
tile_r017763_c010851,3,495.3345336914063,493.59576416015625,511.9281311035156,512.0,0.0311381146311759
tile_r017763_c010851,3,433.3780822753906,0.1604247987270355,509.243408203125,16.44148826599121,0.0286831445991992
tile_r017763_c010851,3,496.829833984375,106.53123474121094,511.99847412109375,158.4087371826172,0.0269238874316215
tile_r017763_c010851,3,220.3228302001953,0.0798889175057411,265.8072509765625,17.092884063720703,0.024884769693017
tile_r017763_c010851,3,348.03631591796875,410.4650268554688,378.68603515625,441.4931640625,0.0245958361774683
tile_r017763_c010851,3,5.618978977203369,500.6466674804688,78.64491271972656,512.0,0.0241850465536117
tile_r017763_c010851,3,334.4458923339844,74.16651916503906,400.06353759765625,134.4595184326172,0.0234405063092708
tile_r017763_c010851,3,14.64599609375,501.4862365722656,87.9422836303711,512.0,0.0213316213339567
tile_r017763_c010851,3,0.5144088864326477,498.6775512695313,68.9052734375,512.0,0.0190113969147205
tile_r017763_c010851,3,366.2967224121094,13.341073989868164,415.9710998535156,62.35578536987305,0.0186074934899806
tile_r017763_c010851,3,346.5858764648437,0.0,385.1915893554688,4.933741569519043,0.0182075705379247
tile_r017763_c010851,3,405.2755432128906,215.10678100585935,446.8592224121094,254.4340057373047,0.016818007454276
tile_r017763_c010851,3,483.662109375,482.0648498535156,512.0,512.0,0.0152793563902378
tile_r017763_c010851,3,0.0,0.0,33.7147216796875,58.28458404541016,0.0142422271892428
tile_r017763_c010851,3,418.5830078125,160.49539184570312,469.7582092285156,218.7578582763672,0.0136135462671518
tile_r017763_c010851,3,350.49920654296875,0.0,391.0694274902344,3.696869373321533,0.0133044626563787
tile_r017763_c010851,3,289.5779113769531,316.8788146972656,336.5863342285156,357.09197998046875,0.0131273241713643
tile_r017763_c010851,3,506.10296630859375,114.73409271240234,511.9842224121094,146.13772583007812,0.0129640270024538
tile_r017763_c010851,3,334.6976928710937,0.0,383.2066040039063,5.832176208496094,0.0125332595780491
tile_r017763_c010851,3,0.340097039937973,504.739013671875,54.293983459472656,512.0,0.0122099099680781
tile_r017763_c010851,3,5.375708103179932,505.20697021484375,61.3123779296875,512.0,0.0120084481313824
tile_r017763_c010851,3,23.974817276000977,501.5942993164063,95.74681854248048,512.0,0.0119711672887206
tile_r017763_c010851,3,453.7002868652344,0.0065944669768214,504.22119140625,4.666058540344238,0.0112174656242132
tile_r017763_c010851,3,0.0,4.1143798828125,21.736202239990234,46.661075592041016,0.0112168146297335
tile_r017763_c010851,3,46.53472900390625,53.7294807434082,79.50018310546875,91.06126403808594,0.009708747267723
tile_r017763_c010851,3,9.059133529663086,505.74163818359375,67.31544494628906,512.0,0.0096939736977219
tile_r017763_c010851,3,35.12165451049805,501.91497802734375,99.09197235107422,512.0,0.0094348145648837
tile_r017763_c010851,3,44.06373977661133,50.7002067565918,78.67652893066406,95.5120086669922,0.0089372582733631
tile_r017763_c010851,3,0.0,13.321081161499023,3.485273838043213,50.57379913330078,0.0088826026767492
tile_r017763_c010851,3,0.0,33.0693244934082,4.6827569007873535,66.54795837402344,0.0082559743896126
tile_r017763_c010851,3,327.0277404785156,0.0,378.4586791992188,5.738211631774902,0.0074768359772861
tile_r017763_c010851,3,430.8506774902344,0.0,490.007080078125,7.012044429779053,0.0072684972546994
tile_r017763_c010851,3,0.0,9.214178085327148,6.591178894042969,44.9393310546875,0.0072296862490475
tile_r017763_c010851,3,500.6990356445313,224.60891723632807,511.9317932128906,286.74432373046875,0.0071974089369177
tile_r017763_c010851,3,231.60647583007807,0.0016494750743731,286.78228759765625,20.14821434020996,0.0071901245974004
tile_r017763_c010851,3,13.001047134399414,505.9780883789063,73.4956283569336,512.0,0.0070868153125047
tile_r017763_c010851,3,0.0,19.836414337158203,5.961237907409668,60.04035186767578,0.0069345687516033
tile_r017763_c010851,3,48.24222946166992,502.1201171875,101.91019439697266,511.94085693359375,0.0069105825386941
tile_r017763_c010851,3,220.27392578125,0.0095844268798828,264.8070983886719,8.523115158081055,0.0067942263558506
tile_r017763_c010851,3,501.1792602539063,119.98014831542967,511.68206787109375,163.9884796142578,0.0065968208946287
tile_r017763_c010851,3,0.0,405.4747009277344,6.873048305511475,451.4490356445313,0.0064247138798236
tile_r017763_c010851,3,498.4781188964844,120.440185546875,512.0,154.13522338867188,0.0061420057900249
tile_r017763_c010851,3,324.02069091796875,0.0,370.3292541503906,5.731814861297607,0.0060946904122829
tile_r017763_c010851,3,443.41802978515625,141.30868530273438,487.4807739257813,181.34979248046875,0.0058209146372973
tile_r017763_c010851,3,438.6551208496094,0.0,494.8703002929688,8.039068222045898,0.0057496740482747
tile_r017763_c010851,3,334.61151123046875,0.2489700317382812,391.9043884277344,10.484373092651367,0.0056782020255923
tile_r017763_c010851,3,20.46480369567871,506.1498107910156,81.29035949707031,512.0,0.0055982647463679
tile_r017763_c010851,3,0.0,0.0,40.541351318359375,81.50171661376953,0.0055654286406934
tile_r017763_c010851,3,0.0241321567445993,399.0486145019531,6.84264087677002,445.03656005859375,0.0055036889389157
tile_r017763_c010851,3,33.90058517456055,507.0247497558594,93.045654296875,512.0,0.005387763492763
tile_r017763_c010851,3,0.0,0.0,42.452903747558594,73.92875671386719,0.0052324910648167
tile_r017763_c010851,3,350.7162780761719,0.0551837906241416,401.0562133789063,2.8634026050567627,0.0051823891699314
tile_r017763_c010851,3,319.482177734375,0.0,363.727294921875,6.115048408508301,0.0050729177892208
tile_r017763_c010851,3,424.79888916015625,0.0,481.7669982910156,6.23357629776001,0.005044559482485
tile_r017763_c010851,3,0.0309741981327533,287.8554382324219,2.1886680126190186,329.58123779296875,0.0049669654108583
tile_r017763_c010851,3,327.5711975097656,0.1018051132559776,378.96002197265625,11.631936073303224,0.0049480097368359
tile_r017763_c010851,3,508.3419494628906,226.5536193847656,512.0,277.5545959472656,0.0049320682883262
tile_r017763_c010851,3,203.2041778564453,0.0192592628300189,260.92755126953125,14.081866264343262,0.0048878542147576
tile_r017763_c010851,3,500.4609375,212.59765625,511.9758911132813,279.58544921875,0.0048257149755954
tile_r017763_c010851,3,506.1578979492188,233.1658935546875,512.0,280.8388671875,0.0048081781715154
tile_r017763_c010851,3,0.0260086059570312,396.1726379394531,11.776351928710938,456.7693481445313,0.0046924310736358
tile_r017763_c010851,3,40.75776290893555,507.0701293945313,98.00910949707033,512.0,0.0046800118871033
tile_r017763_c010851,3,49.72574615478516,53.65234375,79.80067443847656,86.66755676269531,0.0046669738367199
tile_r017763_c010851,3,209.4846649169922,0.0,263.2999267578125,14.776700019836426,0.0045142131857573
tile_r017763_c010851,3,27.94009780883789,506.5724487304688,87.35675048828125,512.0,0.0043532727286219
tile_r017763_c010851,3,500.81158447265625,236.0105438232422,511.9324645996094,295.4130249023437,0.0042263465002179
tile_r017763_c010851,3,319.7113647460937,0.1711349487304687,372.8463134765625,12.474592208862305,0.0040202606469392
tile_r017763_c010851,3,255.3618621826172,158.9932861328125,311.8042907714844,203.4694061279297,0.0039761750958859
tile_r017763_c010851,3,0.0,485.7818908691406,74.33070373535156,511.90423583984375,0.0039651580154895
tile_r017763_c010851,3,0.0,406.27386474609375,10.128091812133787,461.4991149902344,0.0039194282144308
tile_r017763_c010851,3,0.0324478149414062,281.4089050292969,10.598325729370115,333.97576904296875,0.0039032655768096
tile_r017763_c010851,3,213.36441040039065,0.0,263.3417358398437,13.870094299316406,0.0038971025496721
tile_r017763_c010851,3,0.668933093547821,490.0176696777344,88.28401184082031,511.8575744628906,0.0038652908988296
tile_r017763_c010851,3,502.232177734375,117.01979064941406,511.9952697753906,169.44985961914062,0.0038572591729462
tile_r017763_c010851,3,0.0,8.614618301391602,21.78643226623535,53.9886360168457,0.0038444369565695
tile_r017763_c010851,3,461.7202758789063,0.0250396728515625,504.5157775878906,10.960981369018556,0.0038323523476719
tile_r017763_c010851,3,378.40142822265625,0.0042816163040697,416.428955078125,4.769127368927002,0.0038161901757121
tile_r017763_c010851,3,385.4841613769531,0.0,420.4286193847656,3.2669320106506348,0.003814838360995
tile_r017763_c010851,3,0.027659798040986,411.857666015625,7.754334926605225,456.64105224609375,0.0038029367569833
tile_r017763_c010851,3,419.8029174804688,0.0,470.5481567382813,5.459876537322998,0.0037874935660511
tile_r017763_c010851,3,0.0,39.099876403808594,3.780806064605713,73.65922546386719,0.0036887309979647
tile_r017763_c010851,3,477.6171875,0.0,512.0,23.939292907714844,0.003654571250081
tile_r017763_c010851,3,56.14473342895508,507.1463012695313,102.6584014892578,511.9761352539063,0.0036339503712952
tile_r017763_c010851,3,0.0,503.7305603027344,48.121055603027344,512.0,0.0035585535224527
tile_r017763_c010851,3,0.0613021850585937,384.10009765625,12.913497924804688,448.6007385253906,0.0035008538980036
tile_r017763_c010851,3,35.67755126953125,125.6955337524414,121.9699935913086,204.59274291992188,0.0033875543158501
tile_r017763_c010851,3,0.7830597162246704,1.84932553768158,24.261032104492188,40.43305587768555,0.0033627685625106
tile_r017763_c010851,3,505.2859497070313,123.42259216308594,512.0,174.105712890625,0.0033508867491036
tile_r017763_c010851,3,213.3794860839844,0.5466278195381165,291.3515014648437,33.23199844360352,0.0031607404816895
tile_r017763_c010851,3,0.0635646805167198,291.61248779296875,4.449970245361328,336.62091064453125,0.003157784929499
tile_r017763_c010851,3,504.8858337402344,102.0694351196289,512.0,141.55404663085938,0.0030987570062279
tile_r017763_c010851,3,0.0,33.154685974121094,23.42831420898437,83.84882354736328,0.0030641697812825
tile_r017763_c010851,3,363.5965881347656,0.0082626342773437,414.01666259765625,4.166516304016113,0.0030476176179945
tile_r017763_c010851,3,430.4347229003906,0.0,508.4500427246094,24.92965316772461,0.0029789940454065
tile_r017763_c010851,3,7.006317138671875,490.68450927734375,96.8838119506836,512.0,0.002868759445846
tile_r017763_c010851,3,0.0,17.14990234375,25.740673065185547,67.96745300292969,0.0028586264234036
tile_r017763_c010851,3,504.818115234375,236.9150848388672,512.0,285.289794921875,0.0028530035633593
tile_r017763_c010851,3,47.711875915527344,507.01751708984375,99.4932861328125,512.0,0.0028124803211539
tile_r017763_c010851,3,222.63381958007807,0.0359193794429302,271.0453491210937,5.547496795654297,0.0026956466026604
tile_r017763_c010851,3,491.1382446289063,466.92083740234375,512.0,510.5859375,0.0026837384793907
tile_r017763_c010851,3,0.0083475112915039,420.33209228515625,7.5647430419921875,458.6298828125,0.0026510970201343
tile_r017763_c010851,3,401.8179931640625,504.7843627929688,442.1659240722656,512.0,0.002635191893205
tile_r017763_c010851,3,0.0645324736833572,282.0042419433594,3.9715752601623535,324.9195251464844,0.0025834867265075
tile_r017763_c010851,3,0.014197158627212,42.64792251586914,3.673819065093994,81.75366973876953,0.002565172733739
tile_r017763_c010851,3,0.0106462482362985,394.4899291992188,5.766898155212402,437.96533203125,0.0025480482727289
tile_r017763_c010851,3,499.56689453125,115.95833587646484,511.9849548339844,163.18881225585938,0.002547217067331
tile_r017763_c010851,3,486.59771728515625,489.901611328125,512.0,512.0,0.0024715848267078
tile_r017763_c010851,3,355.6758728027344,0.054102323949337,409.1548461914063,3.142565965652466,0.0024529404472559
tile_r017763_c010851,3,459.30517578125,0.062298584729433,508.20843505859375,3.745639801025391,0.0023143796715885
tile_r017763_c010851,3,0.0,3.5096771717071533,13.166723251342772,43.53268432617188,0.0022402615286409
tile_r017763_c010851,3,500.05908203125,201.0532684326172,511.979248046875,270.809814453125,0.0021367711015045
tile_r017763_c010851,3,488.499755859375,105.3861846923828,512.0,167.8134307861328,0.0021354467608034
tile_r017763_c010851,3,508.7194213867188,219.08413696289065,512.0,272.9945373535156,0.0021165229845792
tile_r017763_c010851,3,195.7466583251953,0.3471099734306335,287.2333068847656,36.70036315917969,0.0020469217561185
tile_r017763_c010851,3,0.0,495.1141662597656,58.65007400512695,512.0,0.0019137628842145
tile_r017763_c010851,3,403.6095581054688,213.15115356445312,448.6213989257813,256.1768798828125,0.0018814775394275
tile_r017763_c010851,3,0.0539306625723838,163.9056854248047,9.791274070739746,221.5576934814453,0.0018628812395036
tile_r017763_c010851,3,292.31005859375,320.9005432128906,329.5537414550781,352.22955322265625,0.0018464352469891
tile_r017763_c010851,3,0.2199432402849197,0.0,25.181808471679688,56.56660079956055,0.0017797761829569
tile_r017763_c010851,3,49.413230895996094,53.48321533203125,77.73512268066406,85.50032043457031,0.0017738566966727
tile_r017763_c010851,3,0.0,291.4071350097656,8.186060905456543,336.2289428710937,0.0017603348242118
tile_r017763_c010851,3,505.72857666015625,128.7109832763672,512.0,179.404296875,0.0017585667083039
tile_r017763_c010851,3,393.60931396484375,503.94384765625,441.220703125,512.0,0.001748250098899
tile_r017763_c010851,3,500.4791870117188,246.55490112304688,511.9236450195313,310.84576416015625,0.0017119102412834
tile_r017763_c010851,3,405.95745849609375,506.157958984375,447.461669921875,511.98040771484375,0.0017103789141401
tile_r017763_c010851,3,0.0,0.0,31.82863998413086,69.2789306640625,0.0017030377639457
tile_r017763_c010851,3,504.0232849121094,240.26443481445312,512.0,291.4072570800781,0.0016996226040646
tile_r017763_c010851,3,472.6493225097656,463.1520080566406,512.0,512.0,0.0016752420924603
tile_r017763_c010851,3,313.0039367675781,0.0,359.143798828125,5.967919826507568,0.0016728065675124
tile_r017763_c010851,3,0.0421857833862304,276.59716796875,3.9392151832580566,320.54132080078125,0.0016320561990141
tile_r017763_c010851,3,414.1216430664063,0.0,461.754150390625,4.610986709594727,0.0015946917701512
tile_r017763_c010851,3,232.4935302734375,0.0,279.81842041015625,3.379671573638916,0.0015887037152424
tile_r017763_c010851,3,0.0,417.35540771484375,8.839038848876953,463.0994567871094,0.0015482605667784
tile_r017763_c010851,3,0.0006881713634356,173.0342254638672,8.39195728302002,230.62503051757807,0.0014942666748538
tile_r017763_c010851,3,404.29925537109375,500.5440368652344,450.9178161621094,511.8692932128906,0.0014646622585132
tile_r017763_c010851,3,15.380914688110352,490.94085693359375,102.01683044433594,512.0,0.0014476823853328
tile_r017763_c010851,3,0.0,297.2430725097656,3.595668315887451,346.153076171875,0.0014403070090338
tile_r017763_c010851,3,419.1761169433594,0.0,501.5407104492188,17.4138240814209,0.0014396021142601
tile_r017763_c010851,3,0.0367713943123817,46.83316802978516,4.812212944030762,87.81517028808594,0.0013476002495735
tile_r017763_c010851,3,0.0691040009260177,369.0485229492188,12.140978813171388,437.06488037109375,0.0013237730599939
tile_r017763_c010851,3,0.0,429.2638549804688,5.109909057617188,461.1829223632813,0.0013068146072328
tile_r017763_c010851,3,492.6123046875,496.6376953125,511.6790466308594,512.0,0.0012937517603859
tile_r017763_c010851,3,383.9498596191406,0.2382385283708572,442.1588745117188,13.392254829406738,0.0012737923534587
tile_r017763_c010851,3,25.26826477050781,491.4410705566406,101.80821228027344,511.79486083984375,0.0012600619811564
tile_r017763_c010851,3,55.27238845825195,500.788818359375,117.6064224243164,511.7887268066406,0.0012506012571975
tile_r017763_c010851,3,0.4317161440849304,3.3166871070861816,22.69576644897461,41.09109115600586,0.0012278570793569
tile_r017763_c010851,3,0.0960937514901161,151.6748046875,12.089269638061523,214.2115936279297,0.00121612905059
tile_r017763_c010851,3,29.746227264404297,242.0741729736328,64.37247467041016,273.8142395019531,0.0011984822340309
tile_r017763_c010851,3,494.4093627929688,90.46492767333984,512.0,153.82174682617188,0.0011942862765863
tile_r017763_c010851,3,0.1437225341796875,265.752685546875,12.423051834106444,328.8014221191406,0.0011923192068934
tile_r017763_c010851,3,501.0401916503906,126.43733978271484,511.55609130859375,176.821044921875,0.0011689427774399
tile_r017763_c010851,3,376.48486328125,0.2021560668945312,423.1678771972656,12.946313858032228,0.0011516672093421
tile_r017763_c010851,3,451.16693115234375,144.96176147460938,481.5279846191406,171.51324462890625,0.0011215418344363
tile_r017763_c010851,3,507.6590881347656,212.7536163330078,512.0,267.150146484375,0.0011044503189623
tile_r017763_c010851,3,500.5389099121094,261.0228881835937,511.85064697265625,320.8785705566406,0.0010941394139081
tile_r017763_c010851,3,357.8192749023437,305.9408874511719,439.4353942871094,375.71978759765625,0.0010494596790522
tile_r017763_c010851,3,259.2205810546875,0.0191659927368164,299.52374267578125,3.5834076404571533,0.0010297063272446
tile_r017763_c010851,3,412.2830200195313,438.4598083496094,478.9674682617188,500.556884765625,0.001018431619741
tile_r017763_c010851,3,0.0255748741328716,390.9173889160156,5.450404167175293,430.62744140625,0.0010171370813623
tile_r017763_c011107,3,81.58668518066406,76.21414947509766,139.58639526367188,129.85757446289062,0.840006411075592
tile_r017763_c011107,3,111.85123443603516,15.796884536743164,155.68148803710938,59.075233459472656,0.8237465620040894
tile_r017763_c011107,3,473.4615783691406,179.3102569580078,511.9124450683594,226.89682006835935,0.7861884832382202
tile_r017763_c011107,3,0.0,152.87301635742188,57.9068717956543,212.7638397216797,0.7698789238929749
tile_r017763_c011107,3,191.77703857421875,142.34115600585938,227.160400390625,174.1288604736328,0.7325240969657898
tile_r017763_c011107,3,164.1417236328125,163.97158813476562,209.6873016357422,212.9357147216797,0.7265483140945435
tile_r017763_c011107,3,156.68209838867188,439.5339965820313,222.58462524414065,499.63427734375,0.7183008790016174
tile_r017763_c011107,3,460.6021423339844,81.9184799194336,495.28228759765625,115.50279235839844,0.6991550326347351
tile_r017763_c011107,3,381.1257934570313,427.2085876464844,419.6210021972656,461.4894409179688,0.69260174036026
tile_r017763_c011107,3,221.58499145507807,342.2010803222656,275.71612548828125,397.372802734375,0.691021203994751
tile_r017763_c011107,3,104.31575012207033,308.48223876953125,179.80078125,372.94378662109375,0.6109157800674438
tile_r017763_c011107,3,242.3125457763672,121.44691467285156,277.49346923828125,156.14895629882812,0.5818352699279785
tile_r017763_c011107,3,146.91221618652344,213.2674865722656,193.0243225097656,257.85528564453125,0.5701777935028076
tile_r017763_c011107,3,35.59880447387695,47.60963821411133,83.74849700927734,89.14201354980469,0.5360904932022095
tile_r017763_c011107,3,34.46586608886719,45.52880859375,85.7962875366211,90.45108032226562,0.4432652592658996
tile_r017763_c011107,3,105.18729400634766,309.2753295898437,180.16798400878903,371.0627136230469,0.4390670657157898
tile_r017763_c011107,3,495.4645385742188,101.61712646484376,511.7711486816406,134.4920196533203,0.4124027192592621
tile_r017763_c011107,3,33.827850341796875,317.4019775390625,79.37661743164062,356.0302429199219,0.3671616911888122
tile_r017763_c011107,3,227.782958984375,486.7020568847656,288.4708557128906,511.9881286621094,0.3635587394237518
tile_r017763_c011107,3,332.6312866210937,366.3127136230469,362.5213623046875,393.4631958007813,0.2830985784530639
tile_r017763_c011107,3,493.3948669433594,97.79167175292967,512.0,137.26719665527344,0.2549719512462616
tile_r017763_c011107,3,219.18991088867188,340.282958984375,278.2911682128906,399.2015686035156,0.2261415272951126
tile_r017763_c011107,3,496.3035278320313,101.15332794189452,511.9664001464844,132.79933166503906,0.1956319063901901
tile_r017763_c011107,3,231.49349975585935,490.1159057617188,285.837646484375,511.9259643554688,0.1752546280622482
tile_r017763_c011107,3,335.86187744140625,367.679931640625,361.2279052734375,390.6617126464844,0.1752223521471023
tile_r017763_c011107,3,90.6166534423828,409.1703796386719,124.15730285644533,443.271484375,0.1736351251602172
tile_r017763_c011107,3,234.2104034423828,489.8540649414063,284.5746459960937,511.8822326660156,0.1250100880861282
tile_r017763_c011107,3,188.6432647705078,0.1599472016096115,249.74978637695312,14.30366039276123,0.122990496456623
tile_r017763_c011107,3,194.8646697998047,0.0062990188598632,242.3919219970703,7.523246765136719,0.0954216346144676
tile_r017763_c011107,3,31.190868377685547,314.85357666015625,83.36465454101562,362.1040954589844,0.0885201692581176
tile_r017763_c011107,3,196.3342437744141,0.1355499327182769,246.2677764892578,12.498441696166992,0.0744465738534927
tile_r017763_c011107,3,245.7994842529297,123.5513687133789,275.7186584472656,153.12991333007812,0.0713063701987266
tile_r017763_c011107,3,152.2025604248047,436.5638122558594,225.5049285888672,504.4292602539063,0.0614069923758506
tile_r017763_c011107,3,0.0,0.0352935791015625,18.644725799560547,21.16940689086914,0.059615358710289
tile_r017763_c011107,3,196.84402465820312,0.0,245.50027465820312,6.063389778137207,0.0572625882923603
tile_r017763_c011107,3,494.9210510253906,103.66322326660156,512.0,133.26976013183594,0.0518079549074173
tile_r017763_c011107,3,189.85037231445312,0.0080768587067723,240.65005493164065,8.476507186889648,0.0493429154157638
tile_r017763_c011107,3,237.97396850585935,491.2191467285156,282.2965087890625,512.0,0.047703456133604
tile_r017763_c011107,3,88.56193542480469,406.7882690429688,127.02970886230467,445.52001953125,0.0440514758229255
tile_r017763_c011107,3,379.03265380859375,425.3182067871094,422.20611572265625,464.6839294433594,0.0436842888593673
tile_r017763_c011107,3,0.0,0.0,10.484611511230469,14.824270248413086,0.0394270606338977
tile_r017763_c011107,3,0.4142158627510071,0.0318416580557823,17.878772735595703,7.961447238922119,0.0248995497822761
tile_r017763_c011107,3,92.03103637695312,410.3326721191406,122.892822265625,441.5528869628906,0.0238094069063663
tile_r017763_c011107,3,32.945682525634766,316.2266845703125,81.6491470336914,358.1886901855469,0.0232956074178218
tile_r017763_c011107,3,149.2644805908203,215.0272521972656,190.93360900878903,254.5319366455078,0.0217481516301631
tile_r017763_c011107,3,110.44171142578124,13.681292533874512,159.45675659179688,61.997352600097656,0.0190567187964916
tile_r017763_c011107,3,178.33316040039062,0.157296746969223,254.31716918945312,16.516408920288086,0.0188149865716695
tile_r017763_c011107,3,78.70587158203125,74.10868835449219,144.0687713623047,134.13006591796875,0.0182363782078027
tile_r017763_c011107,3,162.54763793945312,160.4555206298828,213.6964569091797,218.7025451660156,0.0160813201218843
tile_r017763_c011107,3,197.1627960205078,0.0,250.85302734375,4.514286518096924,0.0144645310938358
tile_r017763_c011107,3,462.9669494628906,84.20819091796875,492.1080017089844,111.6719741821289,0.013492708094418
tile_r017763_c011107,3,90.91947174072266,0.0,128.77902221679688,4.5158371925354,0.0128810098394751
tile_r017763_c011107,3,0.0,1.2206283807754517,6.587237358093262,21.2706298828125,0.0127230007201433
tile_r017763_c011107,3,0.0,1.548059105873108,11.79733180999756,30.035945892333984,0.0121993897482752
tile_r017763_c011107,3,478.61920166015625,0.0,511.5524291992188,6.096396446228027,0.0114084780216217
tile_r017763_c011107,3,233.9292449951172,493.0929565429688,275.9540405273437,511.7913513183594,0.0101892119273543
tile_r017763_c011107,3,94.8295669555664,0.0037324905861169,134.8460693359375,3.4174132347106934,0.0093406289815902
tile_r017763_c011107,3,0.383148193359375,0.0360198989510536,28.494298934936523,19.228565216064453,0.0092193130403757
tile_r017763_c011107,3,79.40110778808594,0.0,126.46358489990234,5.437722682952881,0.0090572070330381
tile_r017763_c011107,3,187.0819854736328,141.02557373046875,231.7476043701172,181.54330444335935,0.0067656673491001
tile_r017763_c011107,3,175.60665893554688,0.0,233.30078125,6.912306308746338,0.0064447917975485
tile_r017763_c011107,3,334.97979736328125,367.1263732910156,361.8663024902344,390.4300231933594,0.0062190257012844
tile_r017763_c011107,3,330.2558288574219,364.0740356445313,365.3312683105469,396.1725769042969,0.0061971908435225
tile_r017763_c011107,3,479.17193603515625,181.77487182617188,512.0,223.3185577392578,0.0058777686208486
tile_r017763_c011107,3,506.1878356933594,225.0629425048828,512.0,263.43878173828125,0.00548024661839
tile_r017763_c011107,3,71.84868621826172,0.0,121.5346908569336,5.425059795379639,0.0052741738036274
tile_r017763_c011107,3,183.43942260742188,0.0,238.48681640625,8.034202575683594,0.0052127819508314
tile_r017763_c011107,3,68.58809661865234,0.0,113.45703125,5.416985034942627,0.0042633777484297
tile_r017763_c011107,3,204.42947387695312,0.0464004501700401,249.90219116210935,11.303017616271973,0.0041751386597752
tile_r017763_c011107,3,78.52396392822266,0.230671688914299,137.79019165039062,10.58049774169922,0.0040929787792265
tile_r017763_c011107,3,71.46430969238281,0.0845108032226562,122.4140625,11.383380889892578,0.0040676081553101
tile_r017763_c011107,3,169.61697387695312,0.0,224.9028778076172,6.019896507263184,0.0039798915386199
tile_r017763_c011107,3,2.411303758621216,157.4780731201172,56.252891540527344,205.07177734375,0.0038012717850506
tile_r017763_c011107,3,505.6231384277344,227.0416259765625,512.0,270.5061340332031,0.0037564309313893
tile_r017763_c011107,3,95.22775268554688,0.0625659972429275,144.6785888671875,2.731121063232422,0.0035737284924834
tile_r017763_c011107,3,490.8237915039063,0.0,512.0,17.027368545532227,0.0035203259903937
tile_r017763_c011107,3,508.5042114257813,221.12435913085935,512.0,256.7999572753906,0.0034725430887192
tile_r017763_c011107,3,63.74531173706055,0.0,107.016357421875,5.811054229736328,0.0033969948999583
tile_r017763_c011107,3,63.46955108642578,0.1472549438476562,114.91642761230467,12.160110473632812,0.003020767122507
tile_r017763_c011107,3,492.841064453125,0.0552181228995323,512.0,6.634171962738037,0.0030050144996494
tile_r017763_c011107,3,503.1787109375,96.97419738769533,511.9868774414063,131.7645263671875,0.0029800932388752
tile_r017763_c011107,3,164.67654418945312,0.0,213.4503173828125,5.216043949127197,0.0029712626710534
tile_r017763_c011107,3,123.3026123046875,0.0031791687943041,159.90530395507812,4.633759498596191,0.0029055839404463
tile_r017763_c011107,3,202.8843688964844,0.0445184707641601,256.2628479003906,3.1944680213928223,0.0028987068217247
tile_r017763_c011107,3,129.87440490722656,0.0,164.1046142578125,3.1061229705810547,0.0027384012937545
tile_r017763_c011107,3,0.0,0.0,5.039613723754883,27.833480834960938,0.0026215680409222
tile_r017763_c011107,3,108.90625,0.0068428041413426,157.39700317382812,4.107539653778076,0.0025780468713492
tile_r017763_c011107,3,504.7601013183594,29.99544715881348,512.0,62.66765213012695,0.0025435523129999
tile_r017763_c011107,3,145.73031616210938,504.7183532714844,186.12242126464844,512.0,0.002530563622713
tile_r017763_c011107,3,458.7872924804688,77.6181640625,499.620849609375,120.51348876953124,0.0024854689836502
tile_r017763_c011107,3,505.9255981445313,230.2460021972656,512.0,277.0037536621094,0.0024802444968372
tile_r017763_c011107,3,0.0,144.73072814941406,65.2720947265625,223.2140655517578,0.0024654488079249
tile_r017763_c011107,3,174.03433227539062,0.0,261.23114013671875,23.13751602172852,0.0023905162233859
tile_r017763_c011107,3,247.5164337158203,493.935791015625,283.2586364746094,511.938720703125,0.0023773240391165
tile_r017763_c011107,3,505.8975524902344,2.1365463733673096,512.0,36.964351654052734,0.0022081965580582
tile_r017763_c011107,3,191.06851196289065,0.268359363079071,273.2668762207031,22.02597045898437,0.0021338176447898
tile_r017763_c011107,3,505.8092651367188,35.71198654174805,512.0,67.24406433105469,0.0021162522025406
tile_r017763_c011107,3,505.26171875,23.1176700592041,512.0,57.1291618347168,0.0020344112999737
tile_r017763_c011107,3,100.49031066894533,0.0550485625863075,152.71810913085938,3.0883166790008545,0.0019227234879508
tile_r017763_c011107,3,147.5970001220703,213.05697631835935,192.63821411132807,256.3041076660156,0.0018987789517268
tile_r017763_c011107,3,496.9581909179688,105.6772918701172,511.9048767089844,141.4808349609375,0.0018944316543638
tile_r017763_c011107,3,506.4502868652344,0.5602386593818665,512.0,29.327890396118164,0.0018605783116072
tile_r017763_c011107,3,472.41058349609375,0.0205520633608102,512.0,11.859797477722168,0.0017800836358219
tile_r017763_c011107,3,240.6553497314453,118.51927185058594,280.5128173828125,159.36431884765625,0.0017370542045682
tile_r017763_c011107,3,137.520751953125,503.8663635253906,185.23727416992188,512.0,0.0016999843064695
tile_r017763_c011107,3,149.921142578125,506.1221618652344,191.3755798339844,511.9819946289063,0.001675222069025
tile_r017763_c011107,3,148.1822509765625,500.532470703125,194.75173950195312,511.8685607910156,0.0015776903601363
tile_r017763_c011107,3,210.919921875,0.0306060798466205,262.55731201171875,13.022668838500977,0.0015284889377653
tile_r017763_c011107,3,0.0289630889892578,0.0,4.7200927734375,33.46770095825195,0.0015137323644012
tile_r017763_c011107,3,156.045166015625,438.4212036132813,222.7270050048828,500.8224182128906,0.0015104502672329
tile_r017763_c011107,3,36.16386032104492,320.3146057128906,74.30491638183594,352.82281494140625,0.0013700566487386
tile_r017763_c011107,3,499.5437622070313,24.271892547607425,511.9004821777344,68.04657745361328,0.0013554088072851
tile_r017763_c011107,3,30.08717918395996,266.1659851074219,80.76004791259766,311.183349609375,0.0012707870919257
tile_r017763_c011107,3,506.5586853027344,235.6730499267578,512.0,282.5424499511719,0.0012646453687921
tile_r017763_c011107,3,158.90415954589844,0.0,204.62522888183597,4.381304264068604,0.0012285647680982
tile_r017763_c011107,3,57.06876373291016,0.0,102.4916534423828,5.645713806152344,0.0012003078591078
tile_r017763_c011107,3,128.36947631835938,0.2276733368635177,184.30337524414065,13.602330207824709,0.0011701476760208
tile_r017763_c011107,3,0.0316328033804893,2.803546190261841,3.6331944465637207,41.395755767822266,0.0011081103002652
tile_r017763_c011107,3,0.0,152.70018005371094,61.3543586730957,211.74874877929688,0.0011022115359082
tile_r017763_c011107,3,506.4283142089844,261.20635986328125,512.0,304.5275573730469,0.0010808932129293
tile_r017763_c011107,3,161.80087280273438,441.8302612304688,205.6261749267578,471.62786865234375,0.0010630571050569
tile_r017763_c011107,3,497.4880981445313,105.8083953857422,512.0,144.27920532226562,0.0010470353299751
tile_r017763_c011107,3,504.6451110839844,41.05522537231445,512.0,71.89167785644531,0.001019342103973
tile_r017763_c011107,3,6.685214042663574,0.0009346008300781,42.20230102539063,3.559755325317383,0.0010147551074624
tile_r017763_c011107,3,487.6800842285156,81.45948028564453,512.0,135.67410278320312,0.0010035230079665
tile_r017763_c011363,3,409.2311401367188,163.60897827148438,456.7296752929688,207.42025756835935,0.8475242853164673
tile_r017763_c011363,3,237.69223022460935,91.78558349609376,284.2142944335937,136.69796752929688,0.7838647961616516
tile_r017763_c011363,3,318.4930725097656,0.0,358.65093994140625,27.84844970703125,0.7667506337165833
tile_r017763_c011363,3,125.39274597167967,427.4624938964844,163.56590270996094,461.237548828125,0.6997182369232178
tile_r017763_c011363,3,451.170166015625,408.8512573242188,489.6986389160156,444.8646545410156,0.6979179382324219
tile_r017763_c011363,3,214.991943359375,175.96603393554688,282.37567138671875,234.17282104492188,0.6814595460891724
tile_r017763_c011363,3,203.85818481445312,80.73237609863281,241.4258575439453,118.38851165771484,0.6806332468986511
tile_r017763_c011363,3,382.3002014160156,307.8537902832031,437.0344848632813,362.69232177734375,0.6463651657104492
tile_r017763_c011363,3,373.6394348144531,350.308349609375,414.4280700683594,390.327880859375,0.5952204465866089
tile_r017763_c011363,3,446.4878845214844,94.43655395507812,499.359130859375,146.9752960205078,0.5890297293663025
tile_r017763_c011363,3,352.0995178222656,269.91851806640625,393.3549499511719,311.1314392089844,0.5373953580856323
tile_r017763_c011363,3,361.8191833496094,38.8020133972168,408.956298828125,83.16069030761719,0.5072249174118042
tile_r017763_c011363,3,336.5692443847656,236.85549926757807,385.0150146484375,278.6239624023437,0.4737845659255981
tile_r017763_c011363,3,0.0,121.6710205078125,22.216842651367188,158.1284637451172,0.4238645434379577
tile_r017763_c011363,3,0.0,339.0335998535156,19.59229278564453,398.3942565917969,0.4033120274543762
tile_r017763_c011363,3,295.8256225585937,299.66680908203125,321.73419189453125,323.0,0.3754927217960357
tile_r017763_c011363,3,333.57257080078125,233.32861328125,387.7940368652344,281.5364685058594,0.32892906665802
tile_r017763_c011363,3,76.4754409790039,366.3432312011719,106.5774154663086,393.49615478515625,0.3248047232627868
tile_r017763_c011363,3,0.0,334.4998474121094,24.05587387084961,403.9872131347656,0.2900923788547516
tile_r017763_c011363,3,349.40972900390625,267.0952453613281,396.4275512695313,313.8963317871094,0.2514069974422455
tile_r017763_c011363,3,363.9742126464844,40.901123046875,406.6489868164063,80.47065734863281,0.2349475622177124
tile_r017763_c011363,3,0.0,484.9466857910156,34.45319366455078,511.873779296875,0.2158740907907486
tile_r017763_c011363,3,79.71009826660156,367.6785278320313,105.2075424194336,390.7117309570313,0.167717233300209
tile_r017763_c011363,3,472.309814453125,499.9401245117188,511.80950927734375,512.0,0.1283149570226669
tile_r017763_c011363,3,0.0,124.84590911865234,18.278961181640625,157.65872192382812,0.1162700653076171
tile_r017763_c011363,3,293.92144775390625,297.46563720703125,323.38848876953125,324.99542236328125,0.1153313368558883
tile_r017763_c011363,3,475.173828125,503.5935974121094,509.6362915039063,512.0,0.1151782870292663
tile_r017763_c011363,3,0.2233215272426605,492.4118041992188,25.769641876220703,511.8273010253906,0.0996925011277198
tile_r017763_c011363,3,217.77322387695312,178.80938720703125,279.62518310546875,229.54867553710935,0.0892323032021522
tile_r017763_c011363,3,0.1889724731445312,490.9715881347656,31.21706199645996,512.0,0.0626138523221015
tile_r017763_c011363,3,385.59283447265625,309.6596984863281,434.99505615234375,360.8611450195313,0.0625293850898742
tile_r017763_c011363,3,444.9150390625,91.97256469726562,501.4326171875,148.26670837402344,0.0539022162556648
tile_r017763_c011363,3,0.0,346.1046447753906,14.030187606811523,395.1666870117188,0.046912994235754
tile_r017763_c011363,3,0.0,489.296142578125,30.700586318969727,511.8928833007813,0.0447141081094741
tile_r017763_c011363,3,313.19317626953125,0.0,364.9889526367188,31.2214412689209,0.043667834252119
tile_r017763_c011363,3,0.0,125.3606414794922,19.10213661193848,152.73361206054688,0.042432639747858
tile_r017763_c011363,3,123.3132781982422,425.61920166015625,166.2154998779297,464.4638671875,0.0398267209529876
tile_r017763_c011363,3,471.6893005371094,491.4601135253906,512.0,511.8174743652344,0.0367500483989715
tile_r017763_c011363,3,481.8578186035156,500.449951171875,512.0,511.72943115234375,0.0366129800677299
tile_r017763_c011363,3,401.5110473632813,501.3989868164063,461.7242736816406,512.0,0.0362401418387889
tile_r017763_c011363,3,483.0721740722656,506.3248901367188,510.64398193359375,511.9271545410156,0.0320547223091125
tile_r017763_c011363,3,0.0,324.79791259765625,34.76932144165039,422.9865112304688,0.0319606475532054
tile_r017763_c011363,3,465.7734375,502.1880798339844,510.0350036621094,512.0,0.0304287299513816
tile_r017763_c011363,3,410.7648010253906,505.8522033691406,456.75830078125,512.0,0.0242172982543706
tile_r017763_c011363,3,454.6510314941406,412.1901245117188,487.2112731933594,441.8597717285156,0.0220605209469795
tile_r017763_c011363,3,403.0488586425781,505.337158203125,454.0376586914063,512.0,0.0208418630063533
tile_r017763_c011363,3,0.0818151459097862,340.492919921875,13.648663520812988,382.9901428222656,0.0192690975964069
tile_r017763_c011363,3,412.245361328125,502.5569763183594,463.9281311035156,511.98834228515625,0.0176320951431989
tile_r017763_c011363,3,292.23004150390625,295.31573486328125,325.78387451171875,327.2575988769531,0.0166495125740766
tile_r017763_c011363,3,0.0,496.379638671875,24.65228271484375,512.0,0.013385466299951
tile_r017763_c011363,3,0.0,323.92584228515625,28.888996124267575,401.2999572753906,0.0129989134147763
tile_r017763_c011363,3,234.18701171875,87.5565414428711,287.12127685546875,139.91000366210938,0.0125874020159244
tile_r017763_c011363,3,377.7958068847656,352.7735900878906,411.4967651367188,385.5387573242188,0.0122836790978908
tile_r017763_c011363,3,390.7835083007813,499.45904541015625,459.7928771972656,512.0,0.0093319844454526
tile_r017763_c011363,3,0.7046188116073608,492.8156127929688,29.08551597595215,512.0,0.0082859816029667
tile_r017763_c011363,3,416.4852600097656,507.2210083007813,461.7400512695313,511.9970703125,0.0080930031836032
tile_r017763_c011363,3,74.08283233642578,364.1288146972656,109.39900207519533,396.2927551269531,0.0080542732030153
tile_r017763_c011363,3,397.0541687011719,505.1080627441406,450.37158203125,512.0,0.0079824877902865
tile_r017763_c011363,3,0.0357990264892578,338.81591796875,14.683433532714844,388.2034606933594,0.0079781990498304
tile_r017763_c011363,3,459.6268615722656,497.5128784179688,512.0,512.0,0.0079205594956874
tile_r017763_c011363,3,451.518310546875,486.8075256347656,512.0,511.8892211914063,0.0066778035834431
tile_r017763_c011363,3,0.0,498.1012268066406,19.244543075561523,512.0,0.0063132550567388
tile_r017763_c011363,3,206.64334106445312,83.40586853027344,237.07958984375,113.2330551147461,0.0058617223985493
tile_r017763_c011363,3,202.21669006347656,75.61233520507812,245.9850311279297,123.7201919555664,0.0046417685225605
tile_r017763_c011363,3,0.0052839280106127,346.2441711425781,11.385168075561523,391.94384765625,0.0044108941219747
tile_r017763_c011363,3,78.84210968017578,367.1612548828125,105.8279037475586,390.4408264160156,0.0042314305901527
tile_r017763_c011363,3,393.388916015625,504.7919006347656,445.0076293945313,512.0,0.0040761749260127
tile_r017763_c011363,3,394.0089416503906,491.66644287109375,474.4771423339844,512.0,0.0031692250631749
tile_r017763_c011363,3,449.3850708007813,95.90049743652344,498.0885620117188,143.86483764648438,0.0030155873391777
tile_r017763_c011363,3,416.9982299804688,501.0506896972656,496.9754333496094,511.8551330566406,0.0029391744174063
tile_r017763_c011363,3,0.0,110.5196762084961,26.705434799194336,165.92495727539062,0.0029283128678798
tile_r017763_c011363,3,292.8861083984375,295.3870544433594,325.53045654296875,325.8807678222656,0.0028330818749964
tile_r017763_c011363,3,382.9007568359375,489.3984375,470.7297973632813,511.76177978515625,0.0027451000642031
tile_r017763_c011363,3,458.2650451660156,502.2257385253906,507.4240112304688,512.0,0.0025504489894956
tile_r017763_c011363,3,0.0,351.2308654785156,7.6274871826171875,392.3449096679688,0.0025458992458879
tile_r017763_c011363,3,0.0,353.96142578125,12.465166091918944,399.69573974609375,0.0024729254655539
tile_r017763_c011363,3,379.2817993164063,504.5809020996094,421.5171508789063,512.0,0.0023272321559488
tile_r017763_c011363,3,0.0,353.56396484375,5.219923496246338,396.4156188964844,0.0022120410576462
tile_r017763_c011363,3,0.0,102.88079833984376,21.73383140563965,185.45376586914065,0.0021730400621891
tile_r017763_c011363,3,378.4913940429688,498.0416870117188,454.5327758789063,512.0,0.0021357578225433
tile_r017763_c011363,3,0.0,499.13323974609375,26.0886287689209,512.0,0.0021325296256691
tile_r017763_c011363,3,0.0,340.8858642578125,13.471112251281738,390.9812622070313,0.0021050220821052
tile_r017763_c011363,3,283.9172668457031,0.0145364757627248,331.00311279296875,5.806298732757568,0.0021029617637395
tile_r017763_c011363,3,0.0,470.8919372558594,40.85285186767578,512.0,0.0020243418402969
tile_r017763_c011363,3,389.78656005859375,505.0671997070313,435.1707458496094,512.0,0.0019150504376739
tile_r017763_c011363,3,477.138671875,489.6170349121094,512.0,511.21087646484375,0.0018994171405211
tile_r017763_c011363,3,477.71630859375,499.7486267089844,509.2351684570313,511.3327026367188,0.0018484744941815
tile_r017763_c011363,3,0.0,127.8094253540039,17.542020797729492,153.76329040527344,0.0017354302108287
tile_r017763_c011363,3,404.4373168945313,157.2560577392578,462.0230407714844,213.9756317138672,0.0017131713684648
tile_r017763_c011363,3,0.0,309.69451904296875,27.556127548217773,386.2752075195313,0.0017119322437793
tile_r017763_c011363,3,0.0,151.55023193359375,5.132556915283203,182.920654296875,0.0016773447860032
tile_r017763_c011363,3,0.0,336.68194580078125,27.337045669555664,415.7095336914063,0.0016134061152115
tile_r017763_c011363,3,494.46868896484375,0.0,512.0,21.480005264282227,0.0015722130192443
tile_r017763_c011363,3,0.2337005585432052,332.8900451660156,22.13543128967285,404.9293823242188,0.0015521581517532
tile_r017763_c011363,3,0.0008926391601562,241.6675567626953,8.997955322265625,291.10064697265625,0.0014315654989331
tile_r017763_c011363,3,420.16607666015625,508.6153869628906,468.9908752441406,511.9486389160156,0.0013345921179279
tile_r017763_c011363,3,436.3619079589844,497.9979553222656,511.121826171875,511.9884338378906,0.0013207920128479
tile_r017763_c011363,3,497.35205078125,465.4148559570313,512.0,509.07232666015625,0.0013201243709772
tile_r017763_c011363,3,502.9969787597656,413.3919982910156,511.9241333007813,477.557861328125,0.0012831068597733
tile_r017763_c011363,3,205.71603393554688,82.50566864013672,239.1704559326172,113.36427307128906,0.0012674700701609
tile_r017763_c011363,3,0.0171295162290334,227.9210968017578,10.505269050598145,287.82354736328125,0.0012240466894581
tile_r017763_c011363,3,385.0037231445313,505.0384216308594,429.0382690429688,512.0,0.0011508864117786
tile_r017763_c011363,3,488.06640625,503.5753479003906,512.0,511.4988403320313,0.0011496427468955
tile_r017763_c011363,3,0.0,0.061459731310606,24.246814727783203,5.822547912597656,0.0011369842104613
tile_r017763_c011363,3,0.0,1.8187164068222048,7.696503639221191,21.690704345703125,0.0011205394985154
tile_r017763_c011363,3,218.42562866210935,0.0,265.89825439453125,4.240828514099121,0.001116550178267
tile_r017763_c011363,3,0.0,332.3726501464844,34.53435134887695,427.557373046875,0.001079888199456
tile_r017763_c011363,3,301.8837280273437,1.0191863775253296,377.8029174804688,41.50877380371094,0.0010744986357167
tile_r017763_c011363,3,0.0,0.0,10.839437484741213,13.615450859069824,0.001069298479706
tile_r017763_c011363,3,224.8931579589844,0.201394647359848,291.55572509765625,10.885075569152832,0.0010170877212658
tile_r017763_c011363,3,278.7251281738281,0.0,323.3746337890625,5.312994480133057,0.0010129734873771
tile_r017763_c011363,3,401.77679443359375,491.844970703125,481.74261474609375,511.81640625,0.0010011789854615
tile_r017763_c011619,3,382.5653076171875,48.10797119140625,432.2239685058594,99.31622314453124,0.8720040321350098
tile_r017763_c011619,3,154.07260131835938,164.25430297851562,200.0939483642578,206.6504364013672,0.8435105681419373
tile_r017763_c011619,3,62.98822021484375,0.0126083372160792,102.2031707763672,27.5295467376709,0.7674086689949036
tile_r017763_c011619,3,191.5911407470703,95.44993591308594,242.0302276611328,146.1152801513672,0.7615543603897095
tile_r017763_c011619,3,445.83697509765625,115.29600524902344,488.2066040039063,151.83551025390625,0.7039855122566223
tile_r017763_c011619,3,0.0,91.45838165283205,29.384143829345703,134.89303588867188,0.6974655985832214
tile_r017763_c011619,3,127.12613677978516,308.41522216796875,180.50245666503903,362.0231323242188,0.6127439737319946
tile_r017763_c011619,3,195.48782348632807,409.84912109375,232.7001953125,444.437744140625,0.5849772095680237
tile_r017763_c011619,3,118.11366271972656,350.6921691894531,158.044189453125,389.7944030761719,0.5438106060028076
tile_r017763_c011619,3,96.37503814697266,270.28338623046875,136.9314422607422,310.67010498046875,0.5195531249046326
tile_r017763_c011619,3,81.15936279296875,237.4029235839844,128.6822052001953,278.09442138671875,0.5050675272941589
tile_r017763_c011619,3,0.0,184.6978759765625,26.995874404907227,224.37960815429688,0.4650329649448395
tile_r017763_c011619,3,106.62003326416016,40.00665664672852,152.2503662109375,82.41435241699219,0.4420461058616638
tile_r017763_c011619,3,252.884765625,491.071044921875,306.0869140625,511.9537963867188,0.3980934917926788
tile_r017763_c011619,3,248.19943237304688,488.72503662109375,309.51043701171875,512.0,0.3629934191703796
tile_r017763_c011619,3,406.9123229980469,0.156158447265625,451.5945739746094,15.125633239746094,0.3431143760681152
tile_r017763_c011619,3,108.5916976928711,41.76643371582031,150.02651977539062,79.81375885009766,0.3156936764717102
tile_r017763_c011619,3,317.3724975585937,485.9292907714844,373.4712219238281,512.0,0.2813732624053955
tile_r017763_c011619,3,410.0039978027344,0.0,448.04833984375,10.782567977905272,0.2642165720462799
tile_r017763_c011619,3,78.44466400146484,234.0963897705078,131.39193725585938,280.8924865722656,0.2632234990596771
tile_r017763_c011619,3,93.7658920288086,267.53668212890625,140.05177307128906,313.50225830078125,0.2588565647602081
tile_r017763_c011619,3,40.275840759277344,299.4618530273437,65.83203125,322.93707275390625,0.2279494702816009
tile_r017763_c011619,3,414.39697265625,0.0333541855216026,447.13287353515625,8.468525886535645,0.2015400677919387
tile_r017763_c011619,3,324.82550048828125,489.74017333984375,369.292236328125,511.72894287109375,0.109657771885395
tile_r017763_c011619,3,130.19775390625,310.137939453125,178.51959228515625,360.1970520019531,0.0983430445194244
tile_r017763_c011619,3,399.9263305664063,0.2153167724609375,459.3140258789063,17.711652755737305,0.0939239487051963
tile_r017763_c011619,3,321.35504150390625,489.05279541015625,371.5838012695313,511.92962646484375,0.0786191001534462
tile_r017763_c011619,3,0.0,188.1262359619141,23.10030746459961,222.5286865234375,0.0575798600912094
tile_r017763_c011619,3,262.18133544921875,492.8253479003906,302.5384826660156,512.0,0.0546144768595695
tile_r017763_c011619,3,442.99224853515625,112.30865478515624,492.16455078125,156.71786499023438,0.0412568412721157
tile_r017763_c011619,3,38.1328125,297.07049560546875,67.3343734741211,324.78338623046875,0.0403667129576206
tile_r017763_c011619,3,328.390869140625,492.5301818847656,364.985107421875,511.89501953125,0.0360916219651699
tile_r017763_c011619,3,57.84102249145508,0.0,108.70767974853516,30.921838760375977,0.0360849536955356
tile_r017763_c011619,3,145.196044921875,501.3646545410156,206.54367065429688,512.0,0.0327127948403358
tile_r017763_c011619,3,215.06283569335935,504.5747680664063,258.3539428710937,512.0,0.0272722784429788
tile_r017763_c011619,3,198.97412109375,412.8283081054688,230.2637634277344,441.5906372070313,0.02265434153378
tile_r017763_c011619,3,154.17819213867188,505.8512573242188,201.5200958251953,512.0,0.0200134888291358
tile_r017763_c011619,3,212.1405792236328,494.5470581054688,286.40350341796875,512.0,0.0193359609693288
tile_r017763_c011619,3,155.82443237304688,502.4655151367188,208.719970703125,512.0,0.0183523204177618
tile_r017763_c011619,3,146.59678649902344,505.3846740722656,198.45901489257807,512.0,0.0177762676030397
tile_r017763_c011619,3,242.8527374267578,491.11712646484375,307.21051025390625,511.9559631347656,0.0173481032252311
tile_r017763_c011619,3,208.0303649902344,503.3323364257813,255.76968383789065,512.0,0.015803188085556
tile_r017763_c011619,3,258.9468688964844,495.669921875,298.7667236328125,511.2667541503906,0.013568733818829
tile_r017763_c011619,3,220.1220703125,505.8959045410156,263.7938842773437,512.0,0.0127637526020407
tile_r017763_c011619,3,189.8255920410156,92.84932708740234,244.1602478027344,147.3670196533203,0.0117539027705788
tile_r017763_c011619,3,122.24089050292967,353.07452392578125,155.12933349609375,385.0556945800781,0.0116415275260806
tile_r017763_c011619,3,415.9092712402344,0.0511558540165424,451.2490234375,5.832695960998535,0.0113412830978631
tile_r017763_c011619,3,0.4751388430595398,93.81642150878906,25.48887825012207,126.7056121826172,0.0110027156770229
tile_r017763_c011619,3,328.50152587890625,490.4432067871094,368.06341552734375,512.0,0.0096422545611858
tile_r017763_c011619,3,134.443359375,499.4981384277344,204.1921539306641,512.0,0.0088789807632565
tile_r017763_c011619,3,159.77992248535156,507.1752014160156,206.8436737060547,512.0,0.0072272778488695
tile_r017763_c011619,3,0.0,174.39505004882812,32.28925704956055,231.6431121826172,0.0070089609362185
tile_r017763_c011619,3,140.7487030029297,505.1591796875,194.6161346435547,512.0,0.0068394714035093
tile_r017763_c011619,3,506.4996643066406,277.6278381347656,512.0,324.7144775390625,0.0062673715874552
tile_r017763_c011619,3,391.9146728515625,0.0,441.6486206054688,9.04638671875,0.0060673919506371
tile_r017763_c011619,3,37.28531265258789,295.1617431640625,69.82026672363281,325.3975830078125,0.0054660593159496
tile_r017763_c011619,3,0.6635246276855469,191.6070251464844,22.150644302368164,218.55343627929688,0.0049433256499469
tile_r017763_c011619,3,206.25070190429688,478.7459411621094,299.1627197265625,511.9832153320313,0.0046241269446909
tile_r017763_c011619,3,36.00566482543945,294.2626953125,70.35160064697266,327.8681030273437,0.0042602932080626
tile_r017763_c011619,3,503.4924926757813,383.8091430664063,512.0,429.5132446289063,0.0041006337851285
tile_r017763_c011619,3,199.16287231445312,495.3363342285156,277.05438232421875,512.0,0.0041002016514539
tile_r017763_c011619,3,503.739013671875,377.0816040039063,512.0,423.6737365722656,0.0040259412489831
tile_r017763_c011619,3,233.5380859375,483.8225708007813,315.786865234375,512.0,0.0037950901314616
tile_r017763_c011619,3,137.08920288085938,504.8417053222656,189.2535095214844,512.0,0.0037060256581753
tile_r017763_c011619,3,399.1747131347656,0.0077678682282567,448.5724182128906,10.624223709106444,0.0036869246978312
tile_r017763_c011619,3,508.28515625,271.4264221191406,512.0,319.36260986328125,0.0033982398454099
tile_r017763_c011619,3,389.2151184082031,0.0124374385923147,461.671142578125,24.200044631958008,0.0032101704273372
tile_r017763_c011619,3,160.6127166748047,501.5392456054688,241.94528198242188,511.8289184570313,0.003184761153534
tile_r017763_c011619,3,505.0345153808594,279.1398620605469,512.0,332.8707275390625,0.003153252415359
tile_r017763_c011619,3,0.0223609916865825,95.09123229980467,23.62259292602539,128.55496215820312,0.0031050455290824
tile_r017763_c011619,3,137.2747039794922,491.7113342285156,219.5523681640625,512.0,0.002992431866005
tile_r017763_c011619,3,506.667724609375,264.03424072265625,512.0,314.7455139160156,0.002858652267605
tile_r017763_c011619,3,0.5410110354423523,188.70274353027344,22.969532012939453,217.4629364013672,0.0028518086764961
tile_r017763_c011619,3,504.4950256347656,393.1506958007813,512.0,435.0206909179688,0.0027497878763824
tile_r017763_c011619,3,126.21407318115234,489.55560302734375,215.65463256835935,511.76275634765625,0.0025132235605269
tile_r017763_c011619,3,0.0,170.1693878173828,37.27204132080078,253.9185485839844,0.0024863097351044
tile_r017763_c011619,3,507.9817810058594,199.49868774414065,512.0,247.2360382080078,0.0022961469367146
tile_r017763_c011619,3,201.23501586914065,503.1119079589844,252.01681518554688,512.0,0.0022667935118079
tile_r017763_c011619,3,259.1995849609375,491.5122680664063,304.4773864746094,511.62890625,0.0021946139167994
tile_r017763_c011619,3,121.98714447021484,498.141357421875,198.8815460205078,512.0,0.0021865104790776
tile_r017763_c011619,3,496.0994262695313,0.0,512.0,30.251384735107425,0.0021650602575391
tile_r017763_c011619,3,385.0342102050781,0.0,432.796142578125,6.892086982727051,0.0021451816428452
tile_r017763_c011619,3,122.97673034667967,504.64056396484375,166.033935546875,512.0,0.002128014806658
tile_r017763_c011619,3,0.0,190.8817901611328,23.674915313720703,231.14993286132807,0.001994069898501
tile_r017763_c011619,3,414.580078125,0.0,450.65765380859375,12.952288627624512,0.0019879455212503
tile_r017763_c011619,3,419.6702270507813,0.0695434585213661,460.518798828125,3.1585521697998047,0.0019721460994333
tile_r017763_c011619,3,194.1467742919922,96.70704650878906,241.03024291992188,143.1199951171875,0.0019195425556972
tile_r017763_c011619,3,508.2443237304688,191.8386993408203,512.0,239.1280517578125,0.0018499116413295
tile_r017763_c011619,3,505.4714965820313,370.0870361328125,512.0,413.564208984375,0.0018112323014065
tile_r017763_c011619,3,133.4457550048828,505.088134765625,179.59573364257812,512.0,0.0017863195389509
tile_r017763_c011619,3,223.4025421142578,492.643310546875,301.01141357421875,511.9659729003906,0.0017834812169894
tile_r017763_c011619,3,0.0,72.0893325805664,42.72481536865234,161.68997192382812,0.0017312610289081
tile_r017763_c011619,3,504.717041015625,372.6378784179688,512.0,418.598388671875,0.0017133688088506
tile_r017763_c011619,3,272.4896850585937,495.3935546875,307.2341003417969,511.9046020507813,0.0015590309631079
tile_r017763_c011619,3,508.35736083984375,364.5250244140625,512.0,408.2018127441406,0.0015253991587087
tile_r017763_c011619,3,405.2353210449219,0.0,449.7029418945313,11.426763534545898,0.0015238974010571
tile_r017763_c011619,3,508.6541442871094,171.88856506347656,512.0,208.17446899414065,0.0014938468812033
tile_r017763_c011619,3,190.0756378173828,402.7298583984375,240.1102294921875,452.3413696289063,0.0014715923462063
tile_r017763_c011619,3,149.06915283203125,157.6884002685547,205.6137237548828,213.4820251464844,0.0014325665542855
tile_r017763_c011619,3,505.6806640625,256.07342529296875,512.0,307.40826416015625,0.0014165046159178
tile_r017763_c011619,3,0.115086555480957,174.59652709960938,11.689467430114746,209.3339080810547,0.0013568700524047
tile_r017763_c011619,3,169.3186492919922,498.1145629882813,266.5464782714844,512.0,0.0013395737623795
tile_r017763_c011619,3,28.16717529296875,0.0144538879394531,74.34563446044922,5.6055097579956055,0.0013368795625865
tile_r017763_c011619,3,163.48709106445312,508.4938354492188,214.24008178710935,511.9571228027344,0.0013110956642776
tile_r017763_c011619,3,508.57958984375,171.14883422851562,512.0,215.026123046875,0.0012589271645992
tile_r017763_c011619,3,508.09027099609375,231.30319213867188,512.0,278.6748352050781,0.0011873563053086
tile_r017763_c011619,3,387.64752197265625,50.51815414428711,427.0191040039063,89.66944885253906,0.00117191625759
tile_r017763_c011619,3,501.080810546875,377.7094421386719,511.7848205566406,431.7913513183594,0.0011197723215445
tile_r017763_c011619,3,145.33316040039062,491.92578125,225.8834991455078,511.8551635742188,0.001104979077354
tile_r017763_c011619,3,508.7268676757813,220.9225616455078,512.0,267.44927978515625,0.0011030965251848
tile_r017763_c011619,3,128.69149780273438,505.0721130371094,173.49253845214844,512.0,0.0010791261447593
tile_r017763_c011619,3,508.4503784179688,226.1785125732422,512.0,272.6259460449219,0.0010774097172543
tile_r017763_c011619,3,46.09111785888672,1.0677459239959717,120.51863861083984,41.89725112915039,0.0010373672703281
tile_r018019_c010083,3,348.6231994628906,1.1688308715820312,392.0752258300781,39.51335144042969,0.8434915542602539
tile_r018019_c010083,3,388.28216552734375,150.66763305664062,433.3914489746094,193.15017700195312,0.8219218254089355
tile_r018019_c010083,3,357.0212707519531,334.1252746582031,397.5599365234375,370.6189880371094,0.8114739060401917
tile_r018019_c010083,3,216.89013671875,148.3518829345703,256.3995666503906,184.7418975830078,0.8089703917503357
tile_r018019_c010083,3,283.072021484375,231.82717895507807,329.42266845703125,273.8411560058594,0.8059290051460266
tile_r018019_c010083,3,361.57513427734375,408.07232666015625,407.6708984375,450.5638122558594,0.7884104251861572
tile_r018019_c010083,3,415.3357543945313,269.20367431640625,454.7017211914063,303.8783569335937,0.7263711094856262
tile_r018019_c010083,3,0.0,241.480712890625,33.84915542602539,281.4283447265625,0.7160998582839966
tile_r018019_c010083,3,28.30527687072754,335.62481689453125,75.09895324707031,376.087890625,0.6548802256584167
tile_r018019_c010083,3,81.43348693847656,471.93170166015625,130.94918823242188,511.789306640625,0.581525981426239
tile_r018019_c010083,3,174.2935333251953,35.70313262939453,210.5345916748047,71.41816711425781,0.5603417754173279
tile_r018019_c010083,3,279.9469299316406,106.6620635986328,334.2863464355469,156.5460662841797,0.5270185470581055
tile_r018019_c010083,3,319.7293395996094,474.6407775878906,353.2938842773437,506.43115234375,0.4978498816490173
tile_r018019_c010083,3,429.57958984375,71.89994812011719,466.31927490234375,105.5735092163086,0.4639098942279815
tile_r018019_c010083,3,482.576904296875,365.6070861816406,511.3063354492188,425.0880432128906,0.3970634341239929
tile_r018019_c010083,3,84.93756103515625,474.9542541503906,127.92295837402344,511.8470153808594,0.3610909581184387
tile_r018019_c010083,3,427.33447265625,70.0115737915039,468.63287353515625,108.4501724243164,0.3309362232685089
tile_r018019_c010083,3,486.10650634765625,369.264404296875,512.0,421.1546936035156,0.3174930512905121
tile_r018019_c010083,3,352.16265869140625,269.2540588378906,374.56781005859375,290.9257507324219,0.3094482421875
tile_r018019_c010083,3,460.7911987304688,166.87423706054688,493.4513244628906,197.0312957763672,0.2675382792949676
tile_r018019_c010083,3,463.3856506347656,168.96328735351562,491.9634704589844,195.2144470214844,0.1723297387361526
tile_r018019_c010083,3,354.1727905273437,270.4806823730469,373.7917175292969,290.515380859375,0.166546031832695
tile_r018019_c010083,3,30.774927139282227,337.9398803710937,72.32731628417969,373.2368774414063,0.1479958742856979
tile_r018019_c010083,3,283.25213623046875,109.49528503417967,331.5439147949219,152.6039276123047,0.1479881107807159
tile_r018019_c010083,3,318.2521667480469,472.405029296875,357.165283203125,508.5645446777344,0.1261165738105774
tile_r018019_c010083,3,173.90721130371094,35.53080749511719,211.2167053222656,71.59143829345703,0.1235650777816772
tile_r018019_c010083,3,0.0,370.2140502929688,11.06969928741455,427.576171875,0.0683924630284309
tile_r018019_c010083,3,0.0,100.80352783203124,13.080633163452148,162.44119262695312,0.0543930418789386
tile_r018019_c010083,3,321.7328491210937,476.6880493164063,351.7604675292969,503.5579528808594,0.0540759079158306
tile_r018019_c010083,3,280.7955017089844,108.3123550415039,332.5261535644531,155.7547149658203,0.051269844174385
tile_r018019_c010083,3,490.317138671875,370.2643432617188,512.0,396.45062255859375,0.0461578369140625
tile_r018019_c010083,3,0.0,110.97450256347656,8.968835830688477,159.80966186523438,0.0448307693004608
tile_r018019_c010083,3,350.3457336425781,269.06793212890625,375.0092468261719,292.19390869140625,0.0397206060588359
tile_r018019_c010083,3,0.0,359.65692138671875,15.105890274047852,426.59130859375,0.037088144570589
tile_r018019_c010083,3,354.9719543457031,330.868408203125,401.1784362792969,374.9586791992188,0.024609824642539
tile_r018019_c010083,3,458.91021728515625,164.83602905273438,496.3880310058594,199.40658569335935,0.0224978774785995
tile_r018019_c010083,3,0.0,377.8312072753906,7.0672125816345215,425.23529052734375,0.0218884535133838
tile_r018019_c010083,3,318.2828674316406,472.431396484375,355.0152893066406,507.3307495117188,0.0216259844601154
tile_r018019_c010083,3,0.0,243.91598510742188,31.0938720703125,279.78533935546875,0.0199046339839696
tile_r018019_c010083,3,0.0091796871274709,88.37796783447266,16.73263931274414,159.92974853515625,0.0142317144200205
tile_r018019_c010083,3,494.72607421875,371.0689697265625,511.9934692382813,401.4664001464844,0.0124093787744641
tile_r018019_c010083,3,0.0633138641715049,108.84271240234376,4.087978839874268,153.02349853515625,0.0118505293503403
tile_r018019_c010083,3,298.080078125,165.17855834960938,317.67779541015625,185.9722137451172,0.0114615764468908
tile_r018019_c010083,3,0.0603086464107036,366.8260192871094,5.1806840896606445,421.0164184570313,0.0110918870195746
tile_r018019_c010083,3,419.3756408691406,272.4375,452.0249938964844,298.2139587402344,0.0107858497649431
tile_r018019_c010083,3,0.023530388250947,111.3082504272461,2.187004566192627,156.48239135742188,0.0104869436472654
tile_r018019_c010083,3,0.0,117.59136962890624,6.5370378494262695,160.96450805664062,0.0104581257328391
tile_r018019_c010083,3,459.5116271972656,165.50660705566406,495.2115173339844,198.9492034912109,0.010083220899105
tile_r018019_c010083,3,485.3968200683594,500.3004455566406,512.0,512.0,0.0085806287825107
tile_r018019_c010083,3,0.057992935180664,102.71932220458984,6.287845134735107,152.10458374023438,0.0085006989538669
tile_r018019_c010083,3,0.0551771149039268,373.257080078125,3.44866943359375,422.1734313964844,0.0081601301208138
tile_r018019_c010083,3,484.9942932128906,506.843505859375,511.7376098632813,511.9689331054688,0.0078996047377586
tile_r018019_c010083,3,365.0974426269531,410.9530334472656,404.6601867675781,447.30670166015625,0.0072971242479979
tile_r018019_c010083,3,485.0989379882813,365.81634521484375,512.0,420.42041015625,0.0072789955884218
tile_r018019_c010083,3,0.0752065628767013,363.6916809082031,6.779997825622559,411.42230224609375,0.0066626765765249
tile_r018019_c010083,3,0.0,385.8019714355469,5.325639247894287,429.1318359375,0.0064886324107646
tile_r018019_c010083,3,0.0734256729483604,365.0465393066406,6.225520133972168,417.4893493652344,0.0061372225172817
tile_r018019_c010083,3,476.3980102539063,506.0634765625,511.9176635742188,512.0,0.0045103472657501
tile_r018019_c010083,3,295.2999572753906,164.29359436035156,318.8953857421875,186.53793334960935,0.0044684074819087
tile_r018019_c010083,3,0.0203798301517963,379.60943603515625,1.6268142461776731,424.4306640625,0.0044557088986039
tile_r018019_c010083,3,331.16668701171875,505.6267700195313,368.0330810546875,511.97265625,0.0043955803848803
tile_r018019_c010083,3,0.0,95.26620483398438,19.3026180267334,185.2948303222656,0.0041346885263919
tile_r018019_c010083,3,0.5931854248046875,357.6514892578125,19.925273895263672,446.5660705566406,0.0040898639708757
tile_r018019_c010083,3,286.8102722167969,234.42752075195312,326.0426025390625,270.520263671875,0.0038492609746754
tile_r018019_c010083,3,490.01995849609375,369.63177490234375,511.970458984375,402.1932067871094,0.0038078753277659
tile_r018019_c010083,3,474.0935974121094,500.3116760253906,512.0,511.9597778320313,0.0037644391413778
tile_r018019_c010083,3,172.19918823242188,33.152217864990234,213.5360565185547,74.36749267578125,0.0036704316735267
tile_r018019_c010083,3,492.05218505859375,485.95703125,512.0,511.7240295410156,0.0035721212625503
tile_r018019_c010083,3,14.658190727233888,506.75103759765625,59.28852462768555,512.0,0.0034384632017463
tile_r018019_c010083,3,339.89715576171875,505.5723571777344,374.1197814941406,512.0,0.0033213226124644
tile_r018019_c010083,3,495.7530822753906,385.5979919433594,512.0,422.02679443359375,0.0033142634201794
tile_r018019_c010083,3,0.1510223448276519,75.44625091552734,16.16815757751465,148.28443908691406,0.0032277514692395
tile_r018019_c010083,3,352.3014221191406,270.6106872558594,372.4811706542969,291.53082275390625,0.0031801322475075
tile_r018019_c010083,3,16.1696834564209,502.7156677246094,63.28961944580078,511.9454956054688,0.0031706746667623
tile_r018019_c010083,3,0.0343673713505268,97.59484100341795,6.795968532562256,148.3091278076172,0.0031421191524714
tile_r018019_c010083,3,5.589324951171875,506.7151794433594,57.134727478027344,512.0,0.0030272910371422
tile_r018019_c010083,3,0.0108718872070312,101.40892028808594,21.654926300048828,165.39602661132812,0.0030029607005417
tile_r018019_c010083,3,370.0564270019531,506.5499877929688,413.21429443359375,512.0,0.0028678306844085
tile_r018019_c010083,3,5.744268894195557,502.1692810058594,61.55821990966797,512.0,0.0027407761663198
tile_r018019_c010083,3,321.0841064453125,505.9449157714844,363.5727844238281,511.9483947753906,0.002397718373686
tile_r018019_c010083,3,0.0,506.9278259277344,53.154571533203125,512.0,0.0023959637619554
tile_r018019_c010083,3,374.5250854492188,507.1775512695313,418.8597106933594,512.0,0.0023935441859066
tile_r018019_c010083,3,0.015639305114746,382.9805908203125,1.204294204711914,431.6726989746094,0.0023654431570321
tile_r018019_c010083,3,0.0,392.87506103515625,6.742239475250244,443.2701721191406,0.0023472558241337
tile_r018019_c010083,3,475.5036010742188,352.34490966796875,512.0,451.1870727539063,0.0023133317008614
tile_r018019_c010083,3,316.7030334472656,504.2488403320313,359.13299560546875,511.9220581054688,0.0022761055734008
tile_r018019_c010083,3,418.857177734375,271.10772705078125,452.212890625,300.5415954589844,0.0021481642033904
tile_r018019_c010083,3,416.9376525878906,271.94805908203125,451.7372131347656,298.729248046875,0.0020283763296902
tile_r018019_c010083,3,0.0555038452148437,344.2669677734375,15.69721221923828,417.53521728515625,0.002009023213759
tile_r018019_c010083,3,0.6604934930801392,361.0656127929688,23.70953369140625,425.0331115722656,0.0019886239897459
tile_r018019_c010083,3,0.0,500.50201416015625,59.3660888671875,512.0,0.0019108615815639
tile_r018019_c010083,3,492.4850158691406,383.10491943359375,511.421142578125,419.10986328125,0.0019041119376197
tile_r018019_c010083,3,0.008665656670928,150.64840698242188,3.44342041015625,196.23927307128903,0.0018700358923524
tile_r018019_c010083,3,364.9992370605469,506.3069763183594,408.7403564453125,512.0,0.001796881086193
tile_r018019_c010083,3,0.5149734616279602,369.2359008789063,22.371414184570312,433.8567810058594,0.0017966844607144
tile_r018019_c010083,3,0.0115316389128565,388.56646728515625,2.568710803985596,439.788818359375,0.0017828004201874
tile_r018019_c010083,3,82.13710021972656,502.0476684570313,124.24232482910156,512.0,0.0017827614210546
tile_r018019_c010083,3,0.0,122.4668426513672,7.928963661193848,175.58169555664062,0.0017618815181776
tile_r018019_c010083,3,0.0,506.7190551757813,46.9820442199707,512.0,0.0017319904873147
tile_r018019_c010083,3,487.7801818847656,383.2911682128906,511.9074096679688,422.9802856445313,0.0017276017460972
tile_r018019_c010083,3,493.406494140625,380.2952575683594,512.0,420.968994140625,0.0016831700922921
tile_r018019_c010083,3,0.0096340179443359,114.4601058959961,2.087465763092041,164.0349578857422,0.0016755475662648
tile_r018019_c010083,3,0.0639785751700401,357.1898193359375,7.37433385848999,404.4835205078125,0.0015737384092062
tile_r018019_c010083,3,386.3919982910156,508.093017578125,432.8374633789063,512.0,0.0015205888776108
tile_r018019_c010083,3,1.4905548095703125,84.88987731933594,20.267919540405277,175.25711059570312,0.001495080650784
tile_r018019_c010083,3,501.5792846679688,393.6509399414063,512.0,439.0665893554688,0.0014853933826088
tile_r018019_c010083,3,0.0320537574589252,398.5076904296875,4.682940483093262,447.6677856445313,0.0014495509676635
tile_r018019_c010083,3,378.3744812011719,507.9190979003906,426.3826293945313,511.99853515625,0.0014416023623198
tile_r018019_c010083,3,466.10101318359375,505.8722229003906,512.0,512.0,0.0014071693876758
tile_r018019_c010083,3,97.73941802978516,505.1468200683594,136.59970092773438,511.8923950195313,0.0013992177555337
tile_r018019_c010083,3,21.483551025390625,507.5008239746094,63.85707473754883,511.917724609375,0.0013980435905978
tile_r018019_c010083,3,501.9197387695313,461.9229431152344,512.0,510.59075927734375,0.0013788496144115
tile_r018019_c010083,3,0.0095247272402048,93.52625274658205,6.8270769119262695,141.7480926513672,0.0013650675537064
tile_r018019_c010083,3,0.3276336789131164,370.3815002441406,22.611719131469727,444.3421936035156,0.0013547027483582
tile_r018019_c010083,3,493.0509643554688,371.1127624511719,512.0,412.2049865722656,0.0013397128786891
tile_r018019_c010083,3,0.0,92.9164047241211,22.55680274963379,158.93409729003906,0.0012621405767276
tile_r018019_c010083,3,350.131103515625,506.7229614257813,381.488037109375,512.0,0.0012443661689758
tile_r018019_c010083,3,327.3072814941406,498.6227416992188,395.7499694824219,512.0,0.001194140757434
tile_r018019_c010083,3,176.72398376464844,37.22428894042969,208.8268585205078,67.71517181396484,0.0011926123406738
tile_r018019_c010083,3,476.7532348632813,487.64849853515625,512.0,511.9830017089844,0.0011812194716185
tile_r018019_c010083,3,0.0489913932979106,409.0777587890625,4.990315914154053,453.42681884765625,0.0010347092757001
tile_r018019_c010083,3,0.2305374145507812,61.07828521728516,16.944814682006836,129.81661987304688,0.001022984040901
tile_r018019_c010083,3,297.8291320800781,0.132090762257576,352.44683837890625,9.83903694152832,0.0010201995028182
tile_r018019_c010083,3,0.0453405380249023,144.99327087402344,2.714881181716919,187.95103454589844,0.0010124017717316
tile_r018019_c010083,3,492.0430603027344,501.3218383789063,512.0,511.68365478515625,0.0010031023994088
tile_r018019_c010083,3,0.0,99.84171295166016,22.77978134155273,185.23019409179688,0.0010026089148595
tile_r018019_c010339,3,226.6364288330078,365.1721496582031,281.87408447265625,420.54241943359375,0.8899962306022644
tile_r018019_c010339,3,92.49705505371094,1.1466811895370483,136.03762817382812,39.60348129272461,0.8453595042228699
tile_r018019_c010339,3,132.3018798828125,150.66458129882812,177.270263671875,193.07199096679688,0.8201903104782104
tile_r018019_c010339,3,101.00994110107422,333.979248046875,141.80929565429688,370.8054504394531,0.8193165063858032
tile_r018019_c010339,3,285.5918273925781,323.4755859375,347.5362548828125,373.7424621582031,0.8153923153877258
tile_r018019_c010339,3,26.820343017578125,231.8086395263672,73.1899642944336,273.6979675292969,0.8133283853530884
tile_r018019_c010339,3,105.67647552490234,408.0645751953125,151.6245880126953,450.3924865722656,0.7880610227584839
tile_r018019_c010339,3,269.6727294921875,443.87890625,307.49176025390625,476.04205322265625,0.7372537851333618
tile_r018019_c010339,3,159.48699951171875,269.2247009277344,198.7373809814453,303.6477355957031,0.6998617649078369
tile_r018019_c010339,3,297.863037109375,464.98388671875,332.80419921875,495.0235900878906,0.6826579570770264
tile_r018019_c010339,3,63.81024169921875,474.5906677246094,97.30632781982422,506.37408447265625,0.5130216479301453
tile_r018019_c010339,3,23.970264434814453,106.48421478271484,78.18980407714844,156.46580505371094,0.5024687051773071
tile_r018019_c010339,3,173.5868682861328,71.85009002685547,210.47000122070312,105.4985122680664,0.4948359727859497
tile_r018019_c010339,3,171.4766845703125,70.13905334472656,212.90249633789065,108.45540618896484,0.2971404790878296
tile_r018019_c010339,3,96.2284164428711,269.33642578125,118.5076675415039,290.8780517578125,0.2743778526782989
tile_r018019_c010339,3,204.5005798339844,166.60205078125,237.1201629638672,197.03662109375,0.2437690049409866
tile_r018019_c010339,3,98.2412567138672,270.56951904296875,117.7766342163086,290.45379638671875,0.1645651459693908
tile_r018019_c010339,3,27.271997451782227,109.432861328125,75.5348892211914,152.57797241210938,0.161409392952919
tile_r018019_c010339,3,0.0,148.63992309570312,12.939753532409668,190.0273895263672,0.122738130390644
tile_r018019_c010339,3,207.1387481689453,168.6544647216797,235.8256378173828,195.23095703125,0.1181755885481834
tile_r018019_c010339,3,62.37360763549805,472.3780822753906,101.23436737060548,508.5755004882813,0.1167321801185607
tile_r018019_c010339,3,299.7187805175781,467.4999084472656,330.8171081542969,492.5202026367188,0.0895425751805305
tile_r018019_c010339,3,0.0,154.1685333251953,8.969703674316406,186.8320159912109,0.0845931693911552
tile_r018019_c010339,3,24.97003936767578,108.27294921875,76.33548736572266,155.51126098632812,0.0567626133561134
tile_r018019_c010339,3,65.72591400146484,476.58099365234375,95.79329681396484,503.47564697265625,0.0462287552654743
tile_r018019_c010339,3,0.0,155.1069793701172,6.2439680099487305,182.70803833007807,0.0419613942503929
tile_r018019_c010339,3,94.3835678100586,269.1669006347656,119.00077056884766,292.125,0.0325758717954158
tile_r018019_c010339,3,0.0015567779773846,148.87193298339844,8.820991516113281,181.88650512695312,0.0317020714282989
tile_r018019_c010339,3,62.533782958984375,472.3357543945313,98.9866180419922,507.280517578125,0.0269075967371463
tile_r018019_c010339,3,202.6643524169922,164.74130249023438,239.606201171875,199.19406127929688,0.0262313317507505
tile_r018019_c010339,3,504.9500122070313,241.0415954589844,512.0,290.172119140625,0.0243745315819978
tile_r018019_c010339,3,503.9832153320313,241.5458984375,512.0,295.4040832519531,0.0243413522839546
tile_r018019_c010339,3,503.8502502441406,243.8668670654297,512.0,300.8686828613281,0.0227929539978504
tile_r018019_c010339,3,98.9670639038086,330.6560974121094,145.5006866455078,375.2033386230469,0.0224439240992069
tile_r018019_c010339,3,506.9482421875,238.21359252929688,512.0,284.9154663085937,0.0202463325113058
tile_r018019_c010339,3,203.42556762695312,165.47073364257812,238.60153198242188,198.79946899414065,0.0185009818524122
tile_r018019_c010339,3,499.5890197753906,240.2494659423828,512.0,301.67352294921875,0.0177613794803619
tile_r018019_c010339,3,0.0,155.87216186523438,3.2313380241394043,185.181396484375,0.0163629222661256
tile_r018019_c010339,3,500.3624572753906,248.80014038085935,512.0,305.94549560546875,0.0161246620118618
tile_r018019_c010339,3,448.0393676757813,0.0,499.6189880371094,5.374665260314941,0.0158628299832344
tile_r018019_c010339,3,451.6429748535156,0.0989059433341026,502.4146423339844,10.818063735961914,0.0153077198192477
tile_r018019_c010339,3,163.46511840820312,272.476806640625,196.03079223632807,298.0228271484375,0.0150726148858666
tile_r018019_c010339,3,441.8971557617188,0.183390811085701,501.8526916503906,12.54595184326172,0.0121452128514647
tile_r018019_c010339,3,505.2442321777344,249.4745178222656,512.0,304.891357421875,0.0117043610662221
tile_r018019_c010339,3,454.2303771972656,0.0,501.4208984375,4.737325191497803,0.0108421724289655
tile_r018019_c010339,3,42.072532653808594,165.169921875,61.68071365356445,185.8479766845703,0.0091550555080175
tile_r018019_c010339,3,224.1201934814453,502.2460021972656,270.8120422363281,512.0,0.0078959614038467
tile_r018019_c010339,3,109.18994140625,410.9254455566406,148.57131958007812,447.1961059570313,0.007760461885482
tile_r018019_c010339,3,272.4628295898437,447.2581481933594,305.4835205078125,473.90234375,0.0073456596583127
tile_r018019_c010339,3,458.9607543945313,0.032083511352539,504.1267700195313,3.9240527153015137,0.0070176045410335
tile_r018019_c010339,3,506.496826171875,231.240478515625,512.0,280.7057189941406,0.0062794792465865
tile_r018019_c010339,3,227.7350616455078,506.8859252929688,267.9632873535156,511.990478515625,0.0059098699130117
tile_r018019_c010339,3,498.87060546875,227.6700134277344,512.0,295.2174072265625,0.0057065892033278
tile_r018019_c010339,3,0.0,155.55130004882812,1.1843048334121704,190.86614990234372,0.0053581576794385
tile_r018019_c010339,3,438.3306579589844,0.0,494.018310546875,6.2029128074646,0.005309066735208
tile_r018019_c010339,3,493.57562255859375,0.0,512.0,26.156482696533203,0.0049326834268867
tile_r018019_c010339,3,508.0882873535156,147.31727600097656,512.0,188.0815277099609,0.0048843696713447
tile_r018019_c010339,3,0.0910797119140625,132.90333557128906,15.531704902648926,192.1044464111328,0.0048208604566752
tile_r018019_c010339,3,506.2118225097656,140.13021850585938,512.0,182.59326171875,0.0047435676679015
tile_r018019_c010339,3,463.4907836914063,0.1714126616716385,507.8147583007813,10.157759666442873,0.0046160328201949
tile_r018019_c010339,3,442.5330200195313,0.0,497.88720703125,5.965833187103272,0.0044963899999856
tile_r018019_c010339,3,305.3711242675781,506.79595947265625,338.0223083496094,512.0,0.0044784904457628
tile_r018019_c010339,3,0.0897130966186523,219.2015838623047,6.663232326507568,251.41085815429688,0.0044482718221843
tile_r018019_c010339,3,75.22579193115234,505.6053161621094,112.21307373046876,511.9852600097656,0.0043619037605822
tile_r018019_c010339,3,504.98779296875,254.0261993408203,512.0,310.91326904296875,0.0039462652057409
tile_r018019_c010339,3,223.5474548339844,506.046142578125,263.53302001953125,512.0,0.0039262906648218
tile_r018019_c010339,3,507.0177612304688,153.48471069335938,512.0,194.1911163330078,0.0039232969284057
tile_r018019_c010339,3,429.912841796875,0.1895935088396072,502.9663696289063,14.10919189453125,0.0038582270499318
tile_r018019_c010339,3,210.9214782714844,500.5228576660156,271.06817626953125,512.0,0.0037637774366885
tile_r018019_c010339,3,0.0837081894278526,219.5767517089844,9.24903678894043,263.6073913574219,0.0036718128249049
tile_r018019_c010339,3,39.26827621459961,164.21548461914062,62.899452209472656,186.4491271972656,0.0035770547110587
tile_r018019_c010339,3,506.6341247558594,5.392022609710693,512.0,49.0046272277832,0.00355657748878
tile_r018019_c010339,3,162.91543579101562,271.1495666503906,196.22604370117188,300.2523803710937,0.0034917150624096
tile_r018019_c010339,3,504.8963317871094,9.377087593078612,512.0,56.53082275390625,0.003441906068474
tile_r018019_c010339,3,507.0431213378906,0.0,512.0,33.83366012573242,0.00343843200244
tile_r018019_c010339,3,0.0090255737304687,135.57546997070312,7.916475772857666,179.5164031982422,0.003428028197959
tile_r018019_c010339,3,83.74554443359375,505.5076293945313,118.26981353759766,512.0,0.0032959228847175
tile_r018019_c010339,3,0.0092041017487645,208.97640991210935,12.0520658493042,262.7709655761719,0.0032387899700552
tile_r018019_c010339,3,216.7224884033203,505.7048950195313,262.4784545898437,512.0,0.0031712942291051
tile_r018019_c010339,3,96.36894989013672,270.7437744140625,116.5202865600586,291.52813720703125,0.0030353623442351
tile_r018019_c010339,3,299.3698425292969,506.2347717285156,333.08123779296875,512.0,0.0030100657604634
tile_r018019_c010339,3,113.51579284667967,506.4509887695313,157.8317108154297,512.0,0.0029458852950483
tile_r018019_c010339,3,30.868600845336918,234.5352020263672,69.84434509277344,270.44256591796875,0.0028395620174705
tile_r018019_c010339,3,500.7946166992188,255.8673858642578,511.85150146484375,309.8260498046875,0.0026512935291975
tile_r018019_c010339,3,0.0,157.2579803466797,2.3902087211608887,199.2919464111328,0.0025957108009606
tile_r018019_c010339,3,0.0,160.08689880371094,6.838802337646484,194.5306701660156,0.0025585966650396
tile_r018019_c010339,3,65.2136001586914,505.9596557617188,107.77507019042967,511.9673461914063,0.0025091243442147
tile_r018019_c010339,3,507.043212890625,0.9440399408340454,512.0,41.66041564941406,0.002473097294569
tile_r018019_c010339,3,117.94586181640624,507.0535583496094,163.90805053710938,512.0,0.0024504042230546
tile_r018019_c010339,3,461.9132690429688,0.0638961791992187,507.9977111816406,3.7047348022460938,0.0023720113094896
tile_r018019_c010339,3,60.6412353515625,504.2882690429688,103.39686584472656,511.9376525878906,0.0023074282798916
tile_r018019_c010339,3,433.7015075683594,0.0,487.8646545410156,6.436890602111816,0.0022317052353173
tile_r018019_c010339,3,309.27655029296875,506.7793884277344,345.4060363769531,512.0,0.0022026561200618
tile_r018019_c010339,3,507.0520935058594,220.5625762939453,512.0,274.80535888671875,0.00216118642129
tile_r018019_c010339,3,501.3207092285156,2.086569309234619,512.0,51.1694450378418,0.0021337801590561
tile_r018019_c010339,3,507.0982971191406,15.019177436828612,512.0,63.1954460144043,0.0021054176613688
tile_r018019_c010339,3,288.7806396484375,449.4625854492188,338.28973388671875,501.21429443359375,0.0019759752321988
tile_r018019_c010339,3,471.4539184570313,0.0540698990225791,511.90765380859375,5.968808174133301,0.0019637229852378
tile_r018019_c010339,3,503.4073791503906,0.3247524201869964,512.0,11.653366088867188,0.0019218387315049
tile_r018019_c010339,3,506.769287109375,156.66748046875,512.0,200.0983123779297,0.0019101350335404
tile_r018019_c010339,3,507.7747192382813,21.916828155517575,512.0,68.0660629272461,0.0018389095785096
tile_r018019_c010339,3,108.4845733642578,506.2537231445313,153.11056518554688,512.0,0.0018337606452405
tile_r018019_c010339,3,506.77923583984375,1.6018784046173096,511.9530334472656,24.26179313659668,0.0017233553808182
tile_r018019_c010339,3,129.8057861328125,507.8484497070313,177.66552734375,512.0,0.001720122876577
tile_r018019_c010339,3,0.0325241088867187,221.8563537597656,4.611599922180176,254.1049041748047,0.0016616026405245
tile_r018019_c010339,3,121.86271667480467,507.7194213867188,171.41616821289062,512.0,0.0015460359863936
tile_r018019_c010339,3,0.0,220.5192413330078,3.086172103881836,267.6943664550781,0.001513052964583
tile_r018019_c010339,3,71.43328857421875,498.71435546875,140.6981201171875,512.0,0.0013970182044431
tile_r018019_c010339,3,228.6741180419922,508.011474609375,278.65545654296875,511.924560546875,0.0013934464659541
tile_r018019_c010339,3,208.0331268310547,505.9518432617188,258.6837463378906,512.0,0.0013656398514285
tile_r018019_c010339,3,505.4920349121094,259.3687438964844,512.0,319.6964416503906,0.0013342400779947
tile_r018019_c010339,3,93.93462371826172,506.6805114746094,125.58674621582033,512.0,0.001308390055783
tile_r018019_c010339,3,507.6666870117188,134.78305053710938,512.0,175.65802001953125,0.0013000086182728
tile_r018019_c010339,3,305.4185485839844,500.1543884277344,370.4697570800781,511.98529052734375,0.0012797943782061
tile_r018019_c010339,3,282.4953918457031,317.9256896972656,352.4652099609375,378.6130981445313,0.0012277277419343
tile_r018019_c010339,3,39.1484603881836,0.1180404648184776,96.78761291503906,9.497148513793944,0.0012051631929352
tile_r018019_c010339,3,161.0118408203125,271.9052124023437,195.7137756347656,298.6444091796875,0.0011938234092667
tile_r018019_c010339,3,232.35348510742188,501.8091430664063,282.1319274902344,511.8696899414063,0.0011755370069295
tile_r018019_c010339,3,0.0377487167716026,2.1916229724884038,17.965255737304688,42.816383361816406,0.0011622803285717
tile_r018019_c010339,3,289.0970458984375,505.4078674316406,328.8041381835937,512.0,0.0011369111016392
tile_r018019_c010339,3,488.70703125,237.87429809570312,511.9034118652344,315.7467346191406,0.0011066761799156
tile_r018019_c010339,3,507.5361328125,29.506017684936523,512.0,71.36068725585938,0.0010997599456459
tile_r018019_c010339,3,500.02734375,212.810791015625,512.0,285.7680969238281,0.001092156744562
tile_r018019_c010339,3,327.86187744140625,505.9761657714844,367.89654541015625,512.0,0.0010614005150273
tile_r018019_c010339,3,123.62062072753906,0.0,159.8844757080078,6.518223762512207,0.0010471151908859
tile_r018019_c010339,3,24.818851470947266,0.0030254363082349,70.05006408691406,4.972248554229736,0.0010391664691269
tile_r018019_c010339,3,280.62945556640625,505.6026916503906,321.9382629394531,512.0,0.0010155467316508
tile_r018019_c010595,3,291.0125732421875,343.0989074707031,346.54132080078125,394.4484252929688,0.8693737983703613
tile_r018019_c010595,3,28.64089012145996,322.43231201171875,91.97462463378906,374.5983276367188,0.8280458450317383
tile_r018019_c010595,3,13.194340705871582,443.59857177734375,51.81267547607422,475.947021484375,0.7797873020172119
tile_r018019_c010595,3,41.4301986694336,464.61279296875,77.32038879394531,495.6224060058594,0.7210808992385864
tile_r018019_c010595,3,0.0,364.7862548828125,26.920339584350582,425.8816833496094,0.6743299961090088
tile_r018019_c010595,3,282.80096435546875,0.0872131362557411,327.2030944824219,18.9377498626709,0.5929809808731079
tile_r018019_c010595,3,421.2268981933594,484.91204833984375,469.9727478027344,511.9677734375,0.5881893038749695
tile_r018019_c010595,3,266.00909423828125,257.85467529296875,332.220703125,316.92120361328125,0.4077532887458801
tile_r018019_c010595,3,266.99859619140625,259.7825622558594,332.3092346191406,316.1512756347656,0.3484569191932678
tile_r018019_c010595,3,0.0,361.1449890136719,30.47815322875977,431.91796875,0.1371209025382995
tile_r018019_c010595,3,264.2196960449219,254.7765350341797,335.5045166015625,319.64764404296875,0.1093482375144958
tile_r018019_c010595,3,287.68072509765625,0.0056518553756177,322.16802978515625,13.640953063964844,0.0999907478690147
tile_r018019_c010595,3,285.7649841308594,0.0,321.2236633300781,14.986562728881836,0.0956966355443
tile_r018019_c010595,3,426.617431640625,490.0910034179688,463.14349365234375,511.5736389160156,0.0627238750457763
tile_r018019_c010595,3,43.462928771972656,467.3017578125,75.07576751708984,492.88818359375,0.0610252581536769
tile_r018019_c010595,3,0.0033905028831213,349.64654541015625,36.52147674560547,446.6818237304688,0.0285587199032306
tile_r018019_c010595,3,270.0965881347656,263.2889099121094,330.0212097167969,314.3217163085937,0.0199268329888582
tile_r018019_c010595,3,424.2034606933594,487.5731506347656,468.0855102539063,511.9066467285156,0.017586164176464
tile_r018019_c010595,3,194.25991821289065,0.0940261855721473,247.3887939453125,10.89961051940918,0.0151836294680833
tile_r018019_c010595,3,191.03024291992188,0.0,243.20455932617188,5.220954895019531,0.0139653338119387
tile_r018019_c010595,3,183.67642211914065,0.1471588164567947,246.37649536132807,12.29517650604248,0.0117672523483634
tile_r018019_c010595,3,289.54962158203125,0.0243932716548442,324.3285217285156,9.917604446411133,0.009953555651009
tile_r018019_c010595,3,196.50914001464844,0.0,245.7349090576172,4.429329872131348,0.0090660527348518
tile_r018019_c010595,3,287.58319091796875,0.0,325.3720397949219,15.769296646118164,0.0082516726106405
tile_r018019_c010595,3,277.91912841796875,0.0,336.1455383300781,25.232807159423828,0.0076405974105
tile_r018019_c010595,3,201.54934692382807,0.0174867622554302,249.7684326171875,3.4525821208953857,0.0071007902733981
tile_r018019_c010595,3,16.162933349609375,446.9026794433594,49.69210433959961,473.9461364746094,0.0060242931358516
tile_r018019_c010595,3,0.0,500.9744567871094,7.149649620056152,511.71685791015625,0.0060035218484699
tile_r018019_c010595,3,426.670166015625,488.79498291015625,466.6192932128906,511.7835083007813,0.0056946645490825
tile_r018019_c010595,3,181.57406616210935,0.0,237.9063720703125,6.309975624084473,0.0055761984549462
tile_r018019_c010595,3,48.88175964355469,506.6036987304688,82.5055160522461,512.0,0.0053487885743379
tile_r018019_c010595,3,186.04774475097656,0.0,241.6139373779297,5.943333625793457,0.0050744293257594
tile_r018019_c010595,3,366.6118469238281,505.11822509765625,409.3688049316406,511.9314880371094,0.0047754989936947
tile_r018019_c010595,3,171.69503784179688,0.1855423003435135,246.4555206298828,13.729601860046388,0.0047066542319953
tile_r018019_c010595,3,269.54296875,0.5405639410018921,347.3487548828125,36.74179458618164,0.0044127670116722
tile_r018019_c010595,3,203.6441802978516,0.0739593505859375,255.4158172607422,10.077817916870115,0.0043403827585279
tile_r018019_c010595,3,357.177001953125,505.47015380859375,406.1038513183594,511.9523010253906,0.0040876036509871
tile_r018019_c010595,3,25.35602378845215,316.9794616699219,96.4073257446289,379.8451843261719,0.0037483114283531
tile_r018019_c010595,3,349.9084777832031,500.455322265625,406.2892761230469,511.9303283691406,0.0035296666901558
tile_r018019_c010595,3,42.86606979370117,506.03558349609375,77.60716247558594,512.0,0.0033568765502423
tile_r018019_c010595,3,0.4965568482875824,368.8317565917969,22.39930725097656,406.3072814941406,0.0033184213098138
tile_r018019_c010595,3,337.4340209960937,500.1675720214844,401.4962768554688,511.9939880371094,0.003100898116827
tile_r018019_c010595,3,205.48275756835935,0.0634452849626541,255.524658203125,2.739229202270508,0.0028732696082443
tile_r018019_c010595,3,52.679969787597656,506.5540466308594,89.9186019897461,512.0,0.0028558876365423
tile_r018019_c010595,3,0.0,381.10107421875,21.208812713623047,425.2650451660156,0.0027176735457032
tile_r018019_c010595,3,364.08099365234375,500.3416137695313,411.59759521484375,511.8135681152344,0.0025604495313018
tile_r018019_c010595,3,290.006103515625,0.086288072168827,330.1307983398437,6.185105323791504,0.0022724873851984
tile_r018019_c010595,3,176.3004913330078,0.0,232.26174926757807,6.6548566818237305,0.0022437090519815
tile_r018019_c010595,3,32.272544860839844,449.26513671875,82.80241394042969,502.530517578125,0.0021993648260831
tile_r018019_c010595,3,0.0,370.2999572753906,22.094650268554688,422.8815002441406,0.0021813958883285
tile_r018019_c010595,3,0.0,350.6888122558594,33.478599548339844,429.2815551757813,0.0020264314953237
tile_r018019_c010595,3,501.8412170410156,474.2938537597656,511.8494567871094,512.0,0.001962692476809
tile_r018019_c010595,3,350.8676452636719,505.606689453125,402.4934692382813,511.9830627441406,0.001851160544902
tile_r018019_c010595,3,24.323251724243164,505.3589782714844,66.2677993774414,512.0,0.0016207773005589
tile_r018019_c010595,3,71.36601257324219,505.6622009277344,112.35545349121094,512.0,0.001569073065184
tile_r018019_c010595,3,49.62417602539063,500.1867065429688,113.7053680419922,511.9559020996094,0.0015494683757424
tile_r018019_c010595,3,505.3460998535156,466.356201171875,512.0,510.0716247558594,0.0015154413413256
tile_r018019_c010595,3,32.58172607421875,505.22357177734375,73.33101654052734,512.0,0.0014504187274724
tile_r018019_c010595,3,374.90814208984375,505.624267578125,413.7590942382813,511.93450927734375,0.0014470496680587
tile_r018019_c010595,3,214.8871154785156,0.0074249268509447,270.2591857910156,10.77064323425293,0.0014112553326413
tile_r018019_c010595,3,299.3500671386719,0.0,350.48858642578125,21.067821502685547,0.001387987867929
tile_r018019_c010595,3,157.5174102783203,0.0934127792716026,239.404052734375,14.772506713867188,0.0012952073011547
tile_r018019_c010595,3,0.0723663344979286,388.4798583984375,37.46946334838867,436.7176818847656,0.0012913352111354
tile_r018019_c010595,3,71.89833068847656,500.5493774414063,132.52658081054688,511.9172973632813,0.001268267747946
tile_r018019_c010595,3,43.56121826171875,494.4684143066406,91.3517837524414,511.23480224609375,0.0012584577780216
tile_r018019_c010595,3,0.0,376.33197021484375,14.617345809936523,419.8463439941406,0.0012324313865974
tile_r018019_c010595,3,0.0,504.2831115722656,25.898193359375,512.0,0.0012253981549292
tile_r018019_c010595,3,507.9859008789063,447.62890625,512.0,489.86962890625,0.001154470257461
tile_r018019_c010595,3,62.62679290771485,506.3374938964844,108.74700927734376,512.0,0.001148362760432
tile_r018019_c010595,3,322.2070617675781,499.8780212402344,394.6008911132813,511.9659118652344,0.0011413394240662
tile_r018019_c010595,3,275.51300048828125,0.0,318.18231201171875,14.106241226196287,0.0011312367860227
tile_r018019_c010595,3,0.4521331787109375,500.093994140625,43.6317138671875,512.0,0.0011281353654339
tile_r018019_c010595,3,506.8814392089844,449.07025146484375,512.0,496.6306762695313,0.0011206206399947
tile_r018019_c010595,3,507.0367736816406,451.9505004882813,512.0,503.08209228515625,0.0011026331922039
tile_r018019_c010595,3,0.0,481.7762145996094,4.127596855163574,507.1716918945313,0.0010948636336252
tile_r018019_c010595,3,76.93702697753906,505.6614379882813,118.14278411865234,512.0,0.0010829360689967
tile_r018019_c010595,3,0.0,383.8231201171875,11.116600036621094,421.42584228515625,0.0010313302045688
tile_r018019_c010595,3,505.9411010742188,458.4038696289063,512.0,507.4036254882813,0.0010262266732752
tile_r018019_c010595,3,266.80133056640625,0.0,306.6111145019531,10.297021865844728,0.0010222606360912
tile_r018019_c010595,3,501.9859313964844,457.31439208984375,511.83349609375,511.0057067871094,0.0010201747063547
tile_r018019_c010851,3,33.177154541015625,341.3941345214844,92.03523254394533,396.5537109375,0.8675106167793274
tile_r018019_c010851,3,487.75677490234375,234.357421875,511.97216796875,282.17254638671875,0.7880389094352722
tile_r018019_c010851,3,413.0518493652344,183.7093505859375,478.8382263183594,243.1730499267578,0.7480505108833313
tile_r018019_c010851,3,396.6724243164063,346.1449890136719,450.28460693359375,395.0227966308594,0.6967778205871582
tile_r018019_c010851,3,477.07757568359375,85.60014343261719,511.6900329589844,142.62960815429688,0.6665781736373901
tile_r018019_c010851,3,26.35213661193848,0.0769836455583572,71.6558837890625,19.385637283325195,0.6031416058540344
tile_r018019_c010851,3,165.50071716308594,484.8924865722656,213.7582092285156,511.962158203125,0.5711177587509155
tile_r018019_c010851,3,10.128814697265623,257.5286865234375,77.24258422851562,317.8239440917969,0.547015905380249
tile_r018019_c010851,3,361.2821044921875,53.60475540161133,436.3395080566406,114.4957275390625,0.5273469686508179
tile_r018019_c010851,3,360.365478515625,52.708641052246094,436.255126953125,116.18629455566406,0.5067194700241089
tile_r018019_c010851,3,290.46173095703125,62.38124465942383,334.2540283203125,98.82203674316406,0.4882966876029968
tile_r018019_c010851,3,6.899594306945801,252.9913024902344,80.27742767333984,321.454833984375,0.1542661339044571
tile_r018019_c010851,3,347.149169921875,153.14402770996094,379.8670349121094,187.3238677978516,0.1284743249416351
tile_r018019_c010851,3,481.1080627441406,88.42316436767578,512.0,140.2608642578125,0.0943143665790557
tile_r018019_c010851,3,31.450220108032227,0.0075021744705736,66.44925689697266,13.88391399383545,0.087342195212841
tile_r018019_c010851,3,170.7822723388672,490.0508728027344,207.132568359375,511.6050415039063,0.06984693557024
tile_r018019_c010851,3,29.512775421142575,0.0,65.53462219238281,15.246493339538574,0.0651027709245681
tile_r018019_c010851,3,288.1988220214844,60.26253128051758,338.3345031738281,104.31500244140624,0.0547407418489456
tile_r018019_c010851,3,408.5849304199219,180.6788482666016,481.6431579589844,247.9210968017578,0.052126195281744
tile_r018019_c010851,3,419.09222412109375,0.0,460.7034606933594,4.98298454284668,0.0448206327855587
tile_r018019_c010851,3,413.6087341308594,0.0182117465883493,458.32562255859375,6.050354957580566,0.0444489642977714
tile_r018019_c010851,3,498.6670837402344,408.1210632324219,511.8682556152344,454.32037353515625,0.0429706797003746
tile_r018019_c010851,3,8.633753776550293,255.49020385742188,77.53971862792969,318.46112060546875,0.0351940803229808
tile_r018019_c010851,3,404.14752197265625,0.138070672750473,459.9334106445313,12.355628967285156,0.0303826462477445
tile_r018019_c010851,3,344.63726806640625,150.5507049560547,383.0031127929688,189.43870544433597,0.0283510088920593
tile_r018019_c010851,3,399.431640625,348.5483703613281,447.74908447265625,391.8009643554688,0.0278976075351238
tile_r018019_c010851,3,168.50851440429688,487.5443420410156,211.9061584472656,511.9063415527344,0.020659664645791
tile_r018019_c010851,3,347.8514709472656,154.24058532714844,378.8587341308594,185.6612243652344,0.0184148736298084
tile_r018019_c010851,3,412.7347106933594,0.0978714004158973,460.8081665039063,10.712621688842772,0.0180290378630161
tile_r018019_c010851,3,483.6741638183594,228.5099334716797,511.6500854492188,288.3818359375,0.0167823191732168
tile_r018019_c010851,3,406.56976318359375,0.0002235412539448,456.83740234375,6.579803466796875,0.0130042489618062
tile_r018019_c010851,3,0.0,309.61151123046875,14.813512802124023,366.700927734375,0.0113751711323857
tile_r018019_c010851,3,503.3491821289063,416.7539978027344,511.99713134765625,448.8504333496094,0.0107112517580389
tile_r018019_c010851,3,496.6653747558594,397.2441711425781,511.9786987304688,454.3819274902344,0.0104452241212129
tile_r018019_c010851,3,419.9070739746094,0.004197692964226,468.0989379882813,3.9169921875,0.0104437954723835
tile_r018019_c010851,3,33.2691764831543,0.0227893833070993,68.63157653808594,10.108904838562012,0.0092099579051136
tile_r018019_c010851,3,21.473745346069336,0.0,80.82489013671875,25.85863304138184,0.00908805988729
tile_r018019_c010851,3,31.29463577270508,0.0,69.65196228027344,16.019622802734375,0.0089841037988662
tile_r018019_c010851,3,399.3361206054688,0.0,453.4962768554688,6.471642971038818,0.0078059080988168
tile_r018019_c010851,3,394.1193542480469,0.2165267914533615,463.4924926757813,14.012774467468262,0.0072323940694332
tile_r018019_c010851,3,170.82644653320312,488.7599487304688,210.3916015625,511.7854614257813,0.006451919209212
tile_r018019_c010851,3,289.7489318847656,61.1651496887207,336.4644470214844,101.08195495605467,0.0063193449750542
tile_r018019_c010851,3,504.9542846679688,348.23095703125,512.0,397.6731567382813,0.0060912454500794
tile_r018019_c010851,3,495.4170837402344,0.0,512.0,40.16183471679688,0.0059219505637884
tile_r018019_c010851,3,500.37506103515625,350.10601806640625,511.8373107910156,412.62841796875,0.0056246165186166
tile_r018019_c010851,3,499.9939575195313,338.0162048339844,511.8585815429688,404.0735778808594,0.0055866260081529
tile_r018019_c010851,3,0.008453369140625,139.40628051757812,12.060375213623049,201.9388732910156,0.0055561126209795
tile_r018019_c010851,3,504.6138610839844,408.2536926269531,512.0,447.5556640625,0.0053954268805682
tile_r018019_c010851,3,0.0088317869231104,147.21817016601562,7.121819972991943,196.245361328125,0.0053280470892786
tile_r018019_c010851,3,0.0272987373173236,141.2645721435547,6.920926094055176,189.7999725341797,0.00505574606359
tile_r018019_c010851,3,418.4850158691406,0.1588104218244552,471.6441040039063,10.005040168762209,0.0049741421826183
tile_r018019_c010851,3,0.0257463455200195,34.4029541015625,2.906236171722412,73.83089447021484,0.0047346027567982
tile_r018019_c010851,3,500.0872192382813,325.404296875,511.91448974609375,395.8217468261719,0.0044394140131771
tile_r018019_c010851,3,110.81170654296876,505.2439575195313,153.12033081054688,511.92572021484375,0.0044007082469761
tile_r018019_c010851,3,507.727783203125,339.6513061523437,512.0,392.28857421875,0.0043958704918622
tile_r018019_c010851,3,499.83050537109375,1.5957428216934204,512.0,55.809120178222656,0.0043878452852368
tile_r018019_c010851,3,500.0927734375,420.9427795410156,512.0,451.4117126464844,0.0043845134787261
tile_r018019_c010851,3,0.030865479260683,128.12130737304688,13.349337577819824,193.7709045410156,0.0041328216902911
tile_r018019_c010851,3,505.3897399902344,400.7173461914063,512.0,443.6336059570313,0.0040779751725494
tile_r018019_c010851,3,505.4710083007813,305.7123107910156,512.0,359.3011779785156,0.0039366725832223
tile_r018019_c010851,3,0.0,148.62725830078125,10.625577926635742,207.2527618408203,0.0037774783559143
tile_r018019_c010851,3,0.0,316.48199462890625,11.187026977539062,364.7014770507813,0.0037280188407748
tile_r018019_c010851,3,101.39573669433594,505.6202087402344,149.7901611328125,511.9478454589844,0.0036876392550766
tile_r018019_c010851,3,0.0900411605834961,321.6470642089844,8.335301399230957,351.40155029296875,0.0036778431385755
tile_r018019_c010851,3,392.77972412109375,0.0037242888938635,447.7531127929688,6.345404624938965,0.0036502000875771
tile_r018019_c010851,3,505.9622497558594,0.4453781247138977,511.9849243164063,25.69857406616211,0.0034214013721793
tile_r018019_c010851,3,0.0654966384172439,37.84799957275391,5.036674499511719,80.80235290527344,0.0034053691197186
tile_r018019_c010851,3,503.9659118652344,351.6513061523437,512.0,403.8544921875,0.0033620507456362
tile_r018019_c010851,3,245.7373962402344,503.7029418945313,291.9198913574219,512.0,0.0031575812026858
tile_r018019_c010851,3,93.89488220214844,500.5140075683594,149.7589569091797,511.9258728027344,0.00308140181005
tile_r018019_c010851,3,504.4764709472656,328.2144775390625,512.0,388.4844665527344,0.0030271497089415
tile_r018019_c010851,3,15.510668754577637,0.4205444455146789,91.45909881591795,35.290748596191406,0.0029107094742357
tile_r018019_c010851,3,0.0330806747078895,153.88577270507812,7.939716339111328,201.21743774414065,0.0028491143602877
tile_r018019_c010851,3,0.0123275760561227,26.66631507873535,10.563867568969728,79.03883361816406,0.0027849320322275
tile_r018019_c010851,3,81.3506088256836,500.2042541503906,144.94625854492188,511.9849548339844,0.0027582896873354
tile_r018019_c010851,3,506.2378540039063,297.885986328125,512.0,352.9126281738281,0.002754374872893
tile_r018019_c010851,3,500.4671020507813,414.5315551757813,511.8001098632813,457.8213806152344,0.0026106913574039
tile_r018019_c010851,3,500.355712890625,313.4309997558594,511.9234924316406,384.5242004394531,0.0025209097657352
tile_r018019_c010851,3,0.0696668624877929,28.846649169921875,4.669073581695557,69.08831024169922,0.0025017587468028
tile_r018019_c010851,3,0.0169347766786813,137.61245727539062,5.88562536239624,182.56082153320312,0.0023488865699619
tile_r018019_c010851,3,13.253069877624512,261.3607788085937,74.94820404052734,315.70098876953125,0.0023051362950354
tile_r018019_c010851,3,107.89119720458984,500.38226318359375,155.29664611816406,511.8103942871094,0.0022544576786458
tile_r018019_c010851,3,405.3430786132813,247.8175048828125,429.3197326660156,269.52935791015625,0.002126429695636
tile_r018019_c010851,3,33.75321578979492,0.0841503143310546,74.32731628417969,6.424845218658447,0.0021220834460109
tile_r018019_c010851,3,505.4324645996094,294.3699951171875,512.0,344.9539794921875,0.0020714120473712
tile_r018019_c010851,3,504.5894470214844,355.39813232421875,512.0,409.5050964355469,0.0020463343244045
tile_r018019_c010851,3,252.2435760498047,504.230712890625,299.8783569335937,512.0,0.002041196450591
tile_r018019_c010851,3,292.374267578125,65.06040954589844,329.4117126464844,96.2079086303711,0.0019630885217338
tile_r018019_c010851,3,506.781982421875,312.8387145996094,512.0,365.9667053222656,0.0019607373978942
tile_r018019_c010851,3,249.7645568847656,500.1311950683594,307.5936889648437,511.9533081054688,0.0019577362108975
tile_r018019_c010851,3,500.49517822265625,301.7637634277344,511.89251708984375,370.5906677246094,0.0018787911394611
tile_r018019_c010851,3,0.0155288698151707,162.50048828125,7.66702127456665,202.91603088378903,0.0018736547790467
tile_r018019_c010851,3,485.8095703125,0.0,511.6867065429688,8.708878517150879,0.0018173523712903
tile_r018019_c010851,3,490.8623046875,249.525634765625,512.0,296.90966796875,0.0017929162131622
tile_r018019_c010851,3,95.14987182617188,505.7532348632813,146.05001831054688,511.9805603027344,0.0017905493732541
tile_r018019_c010851,3,504.5868225097656,321.02252197265625,512.0,381.9143676757813,0.0017743413336575
tile_r018019_c010851,3,505.182861328125,0.0,512.0,35.6500244140625,0.0017665605992078
tile_r018019_c010851,3,42.432090759277344,0.0,94.23352813720705,21.90151023864746,0.0017423771787434
tile_r018019_c010851,3,504.8041076660156,0.1158016175031662,512.0,16.033863067626953,0.0016426694346591
tile_r018019_c010851,3,0.0399862304329872,311.82745361328125,9.023283004760742,350.4472961425781,0.0016150814481079
tile_r018019_c010851,3,387.6873168945313,0.0,439.4474487304688,6.172476768493652,0.0015607718378305
tile_r018019_c010851,3,506.43603515625,316.75787353515625,512.0,374.5566101074219,0.0015518183354288
tile_r018019_c010851,3,507.56103515625,293.9347229003906,512.0,336.4281005859375,0.0015298045473173
tile_r018019_c010851,3,424.0264587402344,0.110809326171875,494.4655151367188,10.446139335632324,0.0015273460885509
tile_r018019_c010851,3,0.0,42.88801574707031,3.8695671558380127,90.21712493896484,0.0015191517304629
tile_r018019_c010851,3,508.4382934570313,390.23284912109375,512.0,437.1911010742188,0.0014886141289025
tile_r018019_c010851,3,0.0,37.40619659423828,8.511857986450195,81.4222412109375,0.0014699061866849
tile_r018019_c010851,3,422.5260620117188,0.0234550479799509,478.7130432128906,2.6964714527130127,0.0014376862673088
tile_r018019_c010851,3,380.890380859375,0.0799392685294151,456.0353088378906,15.803794860839844,0.0013994337059557
tile_r018019_c010851,3,19.540645599365234,0.0,62.83575439453125,14.380523681640623,0.0013986035482957
tile_r018019_c010851,3,498.9786987304688,376.9416198730469,512.0,450.8018493652344,0.0013770819641649
tile_r018019_c010851,3,0.2711151242256164,0.0,17.78097915649414,4.419585704803467,0.0013481689384207
tile_r018019_c010851,3,119.27635192871094,505.7086486816406,157.4491424560547,511.9288635253906,0.0013390030944719
tile_r018019_c010851,3,0.037579346448183,113.3834991455078,12.477627754211426,182.08596801757807,0.0013156477361917
tile_r018019_c010851,3,0.4761932492256164,146.64810180664062,25.6077823638916,206.31625366210935,0.0013043140061199
tile_r018019_c010851,3,0.0467863082885742,23.436054229736328,4.366948127746582,64.28917694091797,0.001198788289912
tile_r018019_c010851,3,237.57192993164065,499.5011291503906,297.0735778808594,511.95361328125,0.0011965025914832
tile_r018019_c010851,3,0.0,0.0075908661819994,10.126214981079102,13.382226943969728,0.0011951288906857
tile_r018019_c010851,3,0.0,159.53929138183594,9.586103439331056,208.4541778564453,0.0011701030889526
tile_r018019_c010851,3,412.3609924316406,182.46495056152344,479.1046447753906,244.4371032714844,0.0011640281882137
tile_r018019_c010851,3,503.4978942871094,0.0,512.0,45.55332565307617,0.0011627387721091
tile_r018019_c010851,3,487.5835571289063,398.72894287109375,512.0,465.8746032714844,0.0011428097495809
tile_r018019_c010851,3,357.7686767578125,50.09648513793945,439.5119018554688,119.4797134399414,0.0011173705570399
tile_r018019_c010851,3,508.8465881347656,287.7315673828125,512.0,331.8539123535156,0.0010635032085701
tile_r018019_c010851,3,11.416827201843262,0.0,51.20228958129883,10.477821350097656,0.0010531623847782
tile_r018019_c010851,3,501.2184143066406,262.5839233398437,511.9793090820313,298.42437744140625,0.0010454789735376
tile_r018019_c010851,3,500.6319274902344,4.7664947509765625,511.96392822265625,66.85274505615234,0.0010368431685492
tile_r018019_c010851,3,66.10777282714844,499.9605407714844,137.83326721191406,511.9617309570313,0.0010249350452795
tile_r018019_c010851,3,487.2981872558594,205.95944213867188,512.0,271.8943786621094,0.0010190998436883
tile_r018019_c010851,3,505.60540771484375,360.74127197265625,512.0,415.80377197265625,0.0010098995408043
tile_r018019_c010851,3,499.01806640625,288.69195556640625,511.9332580566406,353.7904663085937,0.0010004591895267
tile_r018019_c011107,3,344.5625915527344,424.3970642089844,392.9157104492188,473.735595703125,0.817335307598114
tile_r018019_c011107,3,228.87890625,233.33932495117188,283.2357788085937,284.9619140625,0.7881335020065308
tile_r018019_c011107,3,156.8330535888672,183.58230590820312,222.9652557373047,243.57974243164065,0.7434447407722473
tile_r018019_c011107,3,221.9634704589844,86.7030029296875,275.1053466796875,140.76528930664062,0.7049840092658997
tile_r018019_c011107,3,381.1099548339844,171.25193786621094,419.4703979492188,205.3897247314453,0.6727368235588074
tile_r018019_c011107,3,140.65115356445312,345.91973876953125,194.6683654785156,395.2131958007813,0.6690099835395813
tile_r018019_c011107,3,284.2413330078125,397.0400390625,333.4248046875,442.1053161621094,0.6552779078483582
tile_r018019_c011107,3,104.2165298461914,52.5559196472168,180.3298492431641,116.55960845947266,0.5552807450294495
tile_r018019_c011107,3,295.5147705078125,279.9875793457031,335.12872314453125,316.6700744628906,0.5370877981185913
tile_r018019_c011107,3,105.0997314453125,53.3315544128418,180.5950469970703,114.80721282958984,0.4670476913452148
tile_r018019_c011107,3,33.84711837768555,61.78963470458984,79.07328796386719,99.87723541259766,0.426656037569046
tile_r018019_c011107,3,332.581298828125,110.47786712646484,362.3431396484375,137.47665405273438,0.2599308788776397
tile_r018019_c011107,3,219.6156463623047,84.75283813476562,277.6606750488281,142.72251892089844,0.2063792049884796
tile_r018019_c011107,3,293.85076904296875,277.23260498046875,337.49737548828125,318.47955322265625,0.1965179443359375
tile_r018019_c011107,3,90.40635681152344,152.88186645507812,124.27642822265624,187.45985412597656,0.1932833939790725
tile_r018019_c011107,3,335.83709716796875,111.7474365234375,361.2268676757813,134.7100830078125,0.1784040033817291
tile_r018019_c011107,3,286.3173522949219,399.1566162109375,331.3949584960937,439.61962890625,0.118120938539505
tile_r018019_c011107,3,231.6301727294922,236.1417999267578,280.7584228515625,281.8847045898437,0.0858535468578338
tile_r018019_c011107,3,31.34665298461914,59.07372283935547,82.89703369140625,105.86116027832033,0.0810382291674614
tile_r018019_c011107,3,152.28512573242188,180.5245513916016,225.68798828125,248.24252319335935,0.057732705026865
tile_r018019_c011107,3,88.30170440673828,150.4456329345703,127.1890869140625,189.69741821289065,0.0477536171674728
tile_r018019_c011107,3,378.9007263183594,169.30587768554688,421.9676208496094,208.69253540039065,0.0463761389255523
tile_r018019_c011107,3,164.22366333007812,0.0,203.3218994140625,4.723246574401856,0.0416150018572807
tile_r018019_c011107,3,158.78038024902344,0.0118553163483738,201.00091552734372,5.817749977111816,0.040536094456911
tile_r018019_c011107,3,143.470947265625,348.3905334472656,192.08395385742188,391.9044494628906,0.0304783023893833
tile_r018019_c011107,3,491.66546630859375,0.0,511.9632263183594,17.00803565979004,0.0213013235479593
tile_r018019_c011107,3,482.6702575683594,0.0,512.0,7.90967845916748,0.0209676213562488
tile_r018019_c011107,3,91.76954650878906,154.00848388671875,123.07694244384766,185.7364196777344,0.0202443692833185
tile_r018019_c011107,3,149.70558166503906,0.1344573944807052,202.3550720214844,12.305898666381836,0.0194943323731422
tile_r018019_c011107,3,158.0857696533203,0.0979125946760177,203.6689300537109,10.66214370727539,0.0131829679012298
tile_r018019_c011107,3,360.7177429199219,500.74658203125,424.5657348632813,512.0,0.0122615182772278
tile_r018019_c011107,3,33.024742126464844,60.63446044921875,81.29473876953125,102.1337432861328,0.012231046333909
tile_r018019_c011107,3,373.164794921875,501.5285034179688,426.4200134277344,511.9927673339844,0.0120969489216804
tile_r018019_c011107,3,152.0033721923828,0.0,199.5580139160156,6.367298126220703,0.0119897304102778
tile_r018019_c011107,3,494.4718322753906,0.0,512.0,7.6808881759643555,0.0105180386453866
tile_r018019_c011107,3,350.154296875,499.651611328125,420.9010620117188,512.0,0.0096491733565926
tile_r018019_c011107,3,165.2022247314453,0.0099233631044626,210.78500366210935,3.731702327728272,0.0078960405662655
tile_r018019_c011107,3,144.78436279296875,0.0,196.17721557617188,6.22275447845459,0.0078317308798432
tile_r018019_c011107,3,256.3260192871094,504.6610412597656,306.3698425292969,512.0,0.0077953706495463
tile_r018019_c011107,3,368.7360229492188,504.7486267089844,423.1198120117188,512.0,0.0074799116700887
tile_r018019_c011107,3,262.6543884277344,506.0252990722656,309.8466491699219,512.0,0.0071077360771596
tile_r018019_c011107,3,376.657470703125,505.5676879882813,427.06158447265625,512.0,0.006996460724622
tile_r018019_c011107,3,330.19439697265625,108.1987762451172,365.2563781738281,140.19444274902344,0.0061025233007967
tile_r018019_c011107,3,298.71343994140625,283.8280944824219,331.2728576660156,313.7899169921875,0.0055200951173901
tile_r018019_c011107,3,347.89453125,505.7845153808594,398.5410461425781,512.0,0.004594546277076
tile_r018019_c011107,3,334.9821472167969,111.19606018066406,361.8488464355469,134.41439819335938,0.0043483772315084
tile_r018019_c011107,3,139.31027221679688,0.2092666625976562,205.3214569091797,13.752723693847656,0.0043020322918891
tile_r018019_c011107,3,163.2064208984375,0.1783706694841385,215.7240447998047,9.890340805053713,0.0035838189069181
tile_r018019_c011107,3,478.8228454589844,0.0312957763671875,512.0,15.755697250366213,0.0034509741235524
tile_r018019_c011107,3,268.9152526855469,506.9734497070313,314.1259155273437,511.97259521484375,0.0033700540661811
tile_r018019_c011107,3,138.02951049804688,0.0032051086891442,190.1859588623047,5.970012664794922,0.0032685303594917
tile_r018019_c011107,3,356.9438781738281,505.36370849609375,421.4949645996094,512.0,0.0031029402744024
tile_r018019_c011107,3,380.31390380859375,500.271240234375,445.9005737304688,511.85650634765625,0.0029417646583169
tile_r018019_c011107,3,338.6275939941406,498.435546875,414.75433349609375,512.0,0.0028974970337003
tile_r018019_c011107,3,299.5355529785156,506.6502075195313,343.490966796875,512.0,0.0028726602904498
tile_r018019_c011107,3,149.31289672851562,247.4879150390625,173.74684143066406,269.72515869140625,0.0028001279570162
tile_r018019_c011107,3,341.3965759277344,505.483642578125,392.5948181152344,512.0,0.0027339775115251
tile_r018019_c011107,3,0.0,460.7210083007813,5.4885573387146,498.6810607910156,0.0026322447229176
tile_r018019_c011107,3,271.0346374511719,501.9361267089844,317.6508178710937,511.89111328125,0.0025022393092513
tile_r018019_c011107,3,351.3685913085937,506.446533203125,408.1399230957031,512.0,0.0024903339799493
tile_r018019_c011107,3,0.725085437297821,504.0140686035156,32.03790283203125,512.0,0.0024028050247579
tile_r018019_c011107,3,250.745361328125,503.829345703125,303.64996337890625,512.0,0.0023624147288501
tile_r018019_c011107,3,261.9806823730469,500.7329711914063,312.09820556640625,512.0,0.002190665109083
tile_r018019_c011107,3,306.9207763671875,507.12115478515625,348.90399169921875,512.0,0.0021784459240734
tile_r018019_c011107,3,342.4699401855469,488.169921875,428.6266479492188,512.0,0.0021638111211359
tile_r018019_c011107,3,275.77545166015625,507.43365478515625,320.6781921386719,511.95111083984375,0.0021532787941396
tile_r018019_c011107,3,500.1044921875,2.0935683250427246,512.0,38.10026168823242,0.0021069981157779
tile_r018019_c011107,3,0.0,454.9051208496094,5.582283973693848,493.4807739257813,0.0020354038570076
tile_r018019_c011107,3,0.0,470.9584045410156,4.962254524230957,502.13323974609375,0.0020174253731966
tile_r018019_c011107,3,0.0,475.2196350097656,4.164235591888428,507.21722412109375,0.0020053640473634
tile_r018019_c011107,3,0.0,450.593017578125,11.73112678527832,503.78033447265625,0.0018935421248897
tile_r018019_c011107,3,393.9097595214844,505.315185546875,447.8641052246094,512.0,0.0018715158803388
tile_r018019_c011107,3,251.23507690429688,498.5895080566406,307.2640075683594,511.97467041015625,0.0018527462380006
tile_r018019_c011107,3,0.756640613079071,500.21380615234375,43.624698638916016,511.9781188964844,0.0018461645813658
tile_r018019_c011107,3,0.0320648178458213,462.4871215820313,9.415584564208984,509.8790893554688,0.0018197109457105
tile_r018019_c011107,3,395.7173767089844,499.00433349609375,469.0115356445313,511.9542846679688,0.0017046956345438
tile_r018019_c011107,3,352.4573059082031,506.3623962402344,416.6868591308594,512.0,0.0016939782071858
tile_r018019_c011107,3,378.9181518554688,506.0633850097656,435.9955139160156,511.9732360839844,0.0016671766061335
tile_r018019_c011107,3,36.14409255981445,64.47430419921875,74.13189697265625,96.81092834472656,0.0015826667658984
tile_r018019_c011107,3,289.5336303710937,506.87060546875,338.98162841796875,512.0,0.0015406646998599
tile_r018019_c011107,3,244.650146484375,503.9312438964844,299.6390991210937,512.0,0.0015158859314396
tile_r018019_c011107,3,412.2888793945313,499.089111328125,475.08001708984375,511.9195251464844,0.0014638947322964
tile_r018019_c011107,3,277.9911499023437,501.2727966308594,340.24920654296875,511.8648986816406,0.0014349539997056
tile_r018019_c011107,3,0.0,452.9229431152344,5.306618690490723,485.958740234375,0.0014013721374794
tile_r018019_c011107,3,0.0254913326352834,504.71380615234375,40.600128173828125,512.0,0.0013916554162278
tile_r018019_c011107,3,435.32958984375,506.69140625,484.6809692382813,512.0,0.0013892230344936
tile_r018019_c011107,3,425.25091552734375,499.78167724609375,478.8136596679688,511.8512268066406,0.0013501200592145
tile_r018019_c011107,3,324.15704345703125,497.4888305664063,405.0896911621094,512.0,0.0013446336379274
tile_r018019_c011107,3,505.8258666992188,5.901808261871338,512.0,48.94197463989258,0.0013443334028124
tile_r018019_c011107,3,384.8276672363281,506.1721801757813,443.0807495117188,512.0,0.001326935715042
tile_r018019_c011107,3,132.70822143554688,0.0,181.7696533203125,5.679226875305176,0.0013042625505477
tile_r018019_c011107,3,156.10813903808594,182.41293334960935,223.1524353027344,244.87521362304688,0.0012261063093319
tile_r018019_c011107,3,425.8951721191406,505.66021728515625,477.1989135742188,512.0,0.0012056229170411
tile_r018019_c011107,3,0.0,447.8268432617188,5.098609924316406,478.38421630859375,0.0011622593738138
tile_r018019_c011107,3,311.9589538574219,507.35394287109375,356.133544921875,512.0,0.0011503312271088
tile_r018019_c011107,3,288.9936828613281,500.6622009277344,365.9646301269531,511.912353515625,0.0011488758027553
tile_r018019_c011107,3,505.08197021484375,27.539758682250977,512.0,69.00146484375,0.0010848152451217
tile_r018019_c011107,3,333.3687438964844,506.0142211914063,386.9664916992188,512.0,0.0010793245164677
tile_r018019_c011107,3,353.1136169433594,490.5792541503906,429.5587463378906,511.8946228027344,0.001062341267243
tile_r018019_c011107,3,0.153056338429451,476.312744140625,13.728429794311523,511.6354064941406,0.0010428805835545
tile_r018019_c011107,3,280.89324951171875,507.5161743164063,330.6648254394531,511.9646911621094,0.0010234675137326
tile_r018019_c011107,3,348.43463134765625,427.7388610839844,389.8817138671875,470.5038146972656,0.0010220176773145
tile_r018019_c011107,3,85.83547973632812,146.85845947265625,130.1902313232422,194.8164520263672,0.0010173362679779
tile_r018019_c011363,3,88.89482879638672,424.8133850097656,136.332763671875,473.43304443359375,0.8050007224082947
tile_r018019_c011363,3,378.97357177734375,263.41680908203125,432.0824279785156,311.8714599609375,0.791959822177887
tile_r018019_c011363,3,431.1927185058594,390.7534790039063,473.76806640625,430.7425231933594,0.7274551391601562
tile_r018019_c011363,3,27.984420776367188,396.8423461914063,77.5008773803711,442.26995849609375,0.6784526705741882
tile_r018019_c011363,3,125.87589263916016,172.1117706298828,162.83590698242188,204.626708984375,0.6719892621040344
tile_r018019_c011363,3,451.8728637695313,153.8690948486328,488.8717651367188,188.1314392089844,0.6443690657615662
tile_r018019_c011363,3,0.0,230.9354705810547,28.004314422607425,288.1004638671875,0.6408493518829346
tile_r018019_c011363,3,382.9889526367188,52.2574577331543,436.5204162597656,105.98319244384766,0.6385658979415894
tile_r018019_c011363,3,352.1614685058594,14.450396537780762,392.5118408203125,54.21892166137695,0.5883913636207581
tile_r018019_c011363,3,36.95180892944336,276.1879272460937,82.01789855957031,319.3063049316406,0.5736365914344788
tile_r018019_c011363,3,374.3677978515625,94.86187744140624,413.87939453125,133.4790802001953,0.564746081829071
tile_r018019_c011363,3,495.368408203125,257.2657165527344,511.9066467285156,295.5128173828125,0.5121681094169617
tile_r018019_c011363,3,334.7959899902344,0.0,390.5109252929688,25.631078720092773,0.4898620843887329
tile_r018019_c011363,3,296.13140869140625,44.01980209350586,321.40606689453125,66.73387145996094,0.4711445569992065
tile_r018019_c011363,3,338.9068603515625,0.0,386.1882934570313,22.71442604064941,0.4652139544486999
tile_r018019_c011363,3,0.0,83.97395324707031,18.492374420166016,141.2554473876953,0.404804527759552
tile_r018019_c011363,3,38.56216430664063,278.9833374023437,79.68218994140625,317.56427001953125,0.3001419007778168
tile_r018019_c011363,3,76.86910247802734,110.8829116821289,106.11981201171876,137.23826599121094,0.2563085258007049
tile_r018019_c011363,3,0.0,79.41490173339844,22.9099235534668,146.92645263671875,0.2537670433521271
tile_r018019_c011363,3,80.18632507324219,112.0287628173828,104.9845199584961,134.52798461914062,0.2424002885818481
tile_r018019_c011363,3,0.0,234.77664184570312,24.299074172973636,283.50506591796875,0.2352322041988372
tile_r018019_c011363,3,491.9814453125,249.681884765625,512.0,297.7541809082031,0.1589849293231964
tile_r018019_c011363,3,294.22222900390625,41.73122787475586,323.21258544921875,68.81324768066406,0.1360539346933365
tile_r018019_c011363,3,498.0153198242188,260.49542236328125,511.9521484375,291.83856201171875,0.1126054376363754
tile_r018019_c011363,3,348.5999450683594,5.563916206359863,397.17095947265625,55.40507888793945,0.1106946542859077
tile_r018019_c011363,3,30.312158584594727,399.0892333984375,75.42066955566406,439.5838317871094,0.0902333259582519
tile_r018019_c011363,3,386.09185791015625,53.94490814208984,434.6170959472656,104.11521911621094,0.069184809923172
tile_r018019_c011363,3,495.76470947265625,264.9465026855469,512.0,292.021240234375,0.0542737208306789
tile_r018019_c011363,3,0.0,90.761962890625,13.111920356750488,138.10763549804688,0.0517541952431201
tile_r018019_c011363,3,123.6883544921875,170.22447204589844,165.5629425048828,207.85964965820312,0.0326656438410282
tile_r018019_c011363,3,0.0,69.41680908203125,33.29386138916016,166.2652587890625,0.0300374776124954
tile_r018019_c011363,3,455.2208862304688,156.97250366210938,486.5797424316406,185.4754943847656,0.0291578564792871
tile_r018019_c011363,3,0.091852568089962,85.1826171875,13.215810775756836,126.50634765625,0.0209446568042039
tile_r018019_c011363,3,292.6153564453125,39.840126037597656,325.236572265625,70.78666687011719,0.0181872267276048
tile_r018019_c011363,3,378.2785034179688,97.20040130615234,410.9461364746094,128.93789672851562,0.0154331428930163
tile_r018019_c011363,3,0.0,218.63314819335935,38.140235900878906,314.0321350097656,0.0142242098227143
tile_r018019_c011363,3,0.0,68.3898696899414,27.17444229125977,144.06838989257812,0.0121450647711753
tile_r018019_c011363,3,375.2468872070313,258.4976501464844,436.5450744628906,317.5306396484375,0.011819957755506
tile_r018019_c011363,3,501.056640625,254.865234375,511.99517822265625,289.8654479980469,0.0112793603911995
tile_r018019_c011363,3,104.628173828125,500.9498901367188,168.0965118408203,512.0,0.0096082091331481
tile_r018019_c011363,3,117.585693359375,501.75927734375,170.1571044921875,511.9944763183594,0.0095414519309997
tile_r018019_c011363,3,0.0466037765145301,83.53837585449219,14.173040390014648,131.78164672851562,0.0095197241753339
tile_r018019_c011363,3,486.5806579589844,245.7984619140625,512.0,304.72613525390625,0.0092946542426943
tile_r018019_c011363,3,93.62385559082033,499.9592895507813,164.53334045410156,512.0,0.0075898165814578
tile_r018019_c011363,3,121.28526306152344,505.8788146972656,170.14208984375,512.0,0.0066513502970337
tile_r018019_c011363,3,113.38314056396484,505.1071166992188,166.33456420898438,512.0,0.0065242913551628
tile_r018019_c011363,3,501.2268981933594,456.7371520996094,511.88275146484375,510.975341796875,0.0064570745453238
tile_r018019_c011363,3,0.0,0.0,18.1949405670166,19.59347152709961,0.0060745878145098
tile_r018019_c011363,3,428.0508728027344,386.304931640625,477.9542541503906,435.273193359375,0.0056659495458006
tile_r018019_c011363,3,74.53268432617188,108.5933609008789,109.0564422607422,140.0419158935547,0.0049450988881289
tile_r018019_c011363,3,0.0143852233886718,91.15919494628906,10.941594123840332,135.5010528564453,0.0048135132528841
tile_r018019_c011363,3,403.5498352050781,0.085285946726799,448.4575805664063,13.095852851867676,0.0046251867897808
tile_r018019_c011363,3,507.3990173339844,341.3933410644531,512.0,379.4735107421875,0.0040475889109075
tile_r018019_c011363,3,0.0,0.0,10.991731643676758,16.392562866210938,0.003966661170125
tile_r018019_c011363,3,502.48876953125,473.4719848632813,511.90863037109375,512.0,0.0039333854801952
tile_r018019_c011363,3,506.4442443847656,448.5033264160156,512.0,501.8931274414063,0.0037266269791871
tile_r018019_c011363,3,324.63525390625,0.0,398.6239318847656,30.5188102722168,0.003610159503296
tile_r018019_c011363,3,500.9791870117188,341.78875732421875,511.8653869628906,393.45220947265625,0.0035389703698456
tile_r018019_c011363,3,42.54242706298828,283.24774169921875,75.75469207763672,314.0920715332031,0.0035196219105273
tile_r018019_c011363,3,91.81321716308594,505.9969177246094,142.52528381347656,512.0,0.0034665337298065
tile_r018019_c011363,3,0.0,1.559475660324097,11.307703971862791,33.29255294799805,0.0032114754430949
tile_r018019_c011363,3,397.6005554199219,0.0553939826786518,444.3219299316406,14.47862434387207,0.003197249956429
tile_r018019_c011363,3,333.5887145996094,0.0,379.58447265625,15.419787406921388,0.0031530724372714
tile_r018019_c011363,3,500.5771484375,442.5948181152344,511.9751586914063,508.4427185058594,0.0031060010660439
tile_r018019_c011363,3,506.885498046875,452.35491943359375,512.0,505.93115234375,0.0030263413209468
tile_r018019_c011363,3,231.85494995117188,0.1214767470955848,295.4299011230469,11.134332656860352,0.0029697178397327
tile_r018019_c011363,3,0.0,96.12123107910156,7.20452356338501,135.99166870117188,0.0029094615019857
tile_r018019_c011363,3,503.1871643066406,247.8186492919922,512.0,283.3934631347656,0.0028541567735373
tile_r018019_c011363,3,79.4323959350586,111.4547882080078,105.58610534667967,134.1636962890625,0.0028230636380612
tile_r018019_c011363,3,101.67208099365234,505.699951171875,165.21876525878906,512.0,0.0027735505718737
tile_r018019_c011363,3,242.5950164794922,0.1443038880825042,300.3983154296875,10.44077491760254,0.0027333106845617
tile_r018019_c011363,3,490.22998046875,236.4937438964844,512.0,295.32049560546875,0.0026420096401125
tile_r018019_c011363,3,495.03912353515625,264.9803466796875,512.0,291.1493225097656,0.0026375679299235
tile_r018019_c011363,3,0.0,85.68794250488281,13.010775566101074,134.54898071289062,0.002584816655144
tile_r018019_c011363,3,81.69818115234375,498.9069213867188,158.3193817138672,512.0,0.0025738824624568
tile_r018019_c011363,3,124.72877502441406,500.4328002929688,191.0195159912109,511.8635864257813,0.0025580294895917
tile_r018019_c011363,3,0.0094007495790719,98.15495300292967,4.696012020111084,140.2055206298828,0.0025215742643922
tile_r018019_c011363,3,5.672448635101318,506.69677734375,55.13972091674805,512.0,0.0024962408933788
tile_r018019_c011363,3,507.9864196777344,445.2181701660156,512.0,496.0734252929688,0.0024521858431398
tile_r018019_c011363,3,343.9044189453125,0.0,386.2695617675781,12.814796447753906,0.0024256792385131
tile_r018019_c011363,3,0.4218414425849914,0.0037761689163744,18.779682159423828,6.427184104919434,0.0023685724008828
tile_r018019_c011363,3,0.0,98.5518798828125,11.489013671875,143.3432159423828,0.0023130883928388
tile_r018019_c011363,3,505.1471252441406,463.3723754882813,512.0,511.0237731933594,0.0023106643930077
tile_r018019_c011363,3,507.312744140625,333.88739013671875,512.0,374.8045043945313,0.0022253298666328
tile_r018019_c011363,3,501.4987182617188,349.2659606933594,511.8209838867188,412.3386840820313,0.0021546399220824
tile_r018019_c011363,3,293.56231689453125,39.86810302734375,325.1831359863281,69.40885925292969,0.0021528454963117
tile_r018019_c011363,3,95.55683135986328,506.6764221191406,151.7354736328125,512.0,0.002134770154953
tile_r018019_c011363,3,84.97880554199219,505.7443237304688,136.81582641601562,512.0,0.0021072346717119
tile_r018019_c011363,3,1.822436571121216,212.4297637939453,37.427528381347656,306.90838623046875,0.002096937270835
tile_r018019_c011363,3,13.621923446655272,507.5569763183594,58.79856491088867,512.0,0.0020958429668098
tile_r018019_c011363,3,0.0,222.58267211914065,33.1829833984375,294.685546875,0.0020627160556614
tile_r018019_c011363,3,500.3831176757813,331.0390625,511.8991088867188,387.511962890625,0.0020463694818317
tile_r018019_c011363,3,0.0,1.2387549877166748,7.5600738525390625,24.012487411499023,0.0019859455060213
tile_r018019_c011363,3,483.8612365722656,502.8508911132813,512.0,512.0,0.0019737356342375
tile_r018019_c011363,3,506.3153381347656,345.8974609375,512.0,384.2155456542969,0.0019406880019232
tile_r018019_c011363,3,220.04812622070312,0.1453460752964019,288.3917541503906,11.59470272064209,0.0019159857183694
tile_r018019_c011363,3,498.4007873535156,495.4869689941406,512.0,512.0,0.0019053311552852
tile_r018019_c011363,3,251.8780059814453,0.1307235658168792,310.30255126953125,9.800825119018556,0.0018689567223191
tile_r018019_c011363,3,139.18727111816406,505.50048828125,190.6458282470703,512.0,0.0018227190012112
tile_r018019_c011363,3,42.84632110595703,506.8943481445313,88.31330871582031,512.0,0.001786156441085
tile_r018019_c011363,3,358.3505249023437,0.0,397.7125244140625,22.807758331298828,0.0017498418455943
tile_r018019_c011363,3,225.99169921875,0.0,280.505859375,5.176688194274902,0.001713489415124
tile_r018019_c011363,3,508.4822692871094,440.0757751464844,512.0,489.7072143554688,0.0016714830417186
tile_r018019_c011363,3,0.0,505.8430786132813,51.37151336669922,512.0,0.0016592716565355
tile_r018019_c011363,3,507.5186462402344,383.832763671875,512.0,438.1168823242188,0.0016465911176055
tile_r018019_c011363,3,0.0,53.810020446777344,25.859289169311523,129.1349334716797,0.0016391957178711
tile_r018019_c011363,3,0.2297912538051605,77.3502426147461,21.903209686279297,148.88433837890625,0.0015615693992003
tile_r018019_c011363,3,123.7586441040039,506.33697509765625,178.91326904296875,511.9649963378906,0.00155440333765
tile_r018019_c011363,3,141.6450653076172,499.2189331054688,211.8301239013672,511.958984375,0.0015469725476577
tile_r018019_c011363,3,85.66998291015625,488.28558349609375,172.2062225341797,512.0,0.0015330835012719
tile_r018019_c011363,3,96.8945770263672,506.6593627929688,160.26368713378906,512.0,0.0015161955961957
tile_r018019_c011363,3,50.485958099365234,507.2918090820313,93.8125457763672,512.0,0.0015161645133048
tile_r018019_c011363,3,408.4103393554688,0.0,445.2350463867188,7.7979021072387695,0.0015097426949068
tile_r018019_c011363,3,504.7394409179688,456.876220703125,512.0,508.7205200195313,0.0015095745911821
tile_r018019_c011363,3,251.55667114257807,0.0189723968505859,301.80596923828125,3.276507616043091,0.0015040108701214
tile_r018019_c011363,3,14.759759902954102,502.0843811035156,67.92745208740234,511.9165649414063,0.0014962742570787
tile_r018019_c011363,3,504.1130981445313,495.2522583007813,511.97564697265625,511.9478454589844,0.0014932403573766
tile_r018019_c011363,3,337.39959716796875,0.0,383.8133850097656,16.413204193115234,0.0014918012311682
tile_r018019_c011363,3,20.08919715881348,507.8992614746094,65.17654418945312,511.9689025878906,0.0014719904866069
tile_r018019_c011363,3,507.37005615234375,398.75482177734375,512.0,446.2330627441406,0.0014636164996773
tile_r018019_c011363,3,501.2196350097656,401.8857116699219,511.7769470214844,471.2009887695313,0.0014403227251023
tile_r018019_c011363,3,246.9581298828125,0.0,297.8984375,4.289742469787598,0.0014244987396523
tile_r018019_c011363,3,500.971435546875,389.7341918945313,511.7713012695313,457.333984375,0.0013907599495723
tile_r018019_c011363,3,181.01492309570312,506.9229431152344,226.9320831298828,512.0,0.0013874664437025
tile_r018019_c011363,3,129.95364379882812,506.3854064941406,185.83596801757807,512.0,0.0013743580784648
tile_r018019_c011363,3,229.964599609375,0.0,286.9712219238281,4.912539005279541,0.0013411937979981
tile_r018019_c011363,3,324.83453369140625,0.7896331548690796,406.67620849609375,46.07283401489258,0.0013088549021631
tile_r018019_c011363,3,157.41641235351562,499.3277893066406,217.3487091064453,511.9136657714844,0.0012729699956253
tile_r018019_c011363,3,474.3788146972656,507.0321350097656,512.0,512.0,0.0012722567189484
tile_r018019_c011363,3,37.32419967651367,501.0899963378906,112.26658630371094,511.9215393066406,0.0012529088417068
tile_r018019_c011363,3,507.2936401367188,478.49359130859375,512.0,511.72943115234375,0.0012514145346358
tile_r018019_c011363,3,496.9391479492188,263.6441345214844,511.731689453125,297.1708374023437,0.0012417660327628
tile_r018019_c011363,3,405.4246215820313,0.2144317626953125,470.716796875,11.971217155456545,0.0012192619033157
tile_r018019_c011363,3,171.62887573242188,505.7058715820313,219.4429626464844,511.9994201660156,0.001202416839078
tile_r018019_c011363,3,504.9462890625,400.8146362304688,512.0,451.45989990234375,0.0011878167279064
tile_r018019_c011363,3,67.36566925048828,498.2683715820313,148.69271850585938,512.0,0.0011838672216981
tile_r018019_c011363,3,294.1269226074219,45.821815490722656,317.1535949707031,68.1594009399414,0.0011606391053646
tile_r018019_c011363,3,0.0,81.60350036621094,26.766307830810547,160.14381408691406,0.0011465700808912
tile_r018019_c011363,3,477.875732421875,230.6114044189453,512.0,303.13507080078125,0.0011392978485673
tile_r018019_c011363,3,507.3834838867188,375.00482177734375,512.0,431.67822265625,0.0011250998359173
tile_r018019_c011363,3,501.04107666015625,427.01708984375,511.9771423339844,501.3082580566406,0.0011180297005921
tile_r018019_c011363,3,508.883056640625,393.3873596191406,512.0,443.0176696777344,0.0010765719925984
tile_r018019_c011363,3,446.4698791503906,146.50439453125,496.0841674804688,196.2314453125,0.0010672310600057
tile_r018019_c011363,3,500.3960571289063,315.7435607910156,512.0,381.4285888671875,0.0010649104369804
tile_r018019_c011363,3,496.58990478515625,267.2054748535156,512.0,309.28680419921875,0.0010534689063206
tile_r018019_c011363,3,170.2488250732422,500.0006408691406,220.4169921875,511.8373107910156,0.0010526602854952
tile_r018019_c011363,3,403.9074401855469,0.0125148771330714,437.7599487304688,10.849008560180664,0.0010392427211627
tile_r018019_c011363,3,0.0258916858583688,123.47193908691406,5.2496771812438965,162.16275024414062,0.0010319808498024
tile_r018019_c011363,3,52.93546295166016,499.6058654785156,132.78512573242188,512.0,0.0010192405898123
tile_r018019_c011363,3,32.572731018066406,507.2281799316406,83.49565887451172,512.0,0.0010045464150607
tile_r018019_c011363,3,0.0,101.24485778808594,4.184652328491211,147.76553344726562,0.0010004342766478
tile_r018019_c011619,3,235.1454620361328,234.2675018310547,304.03826904296875,295.2403259277344,0.8210470080375671
tile_r018019_c011619,3,122.7881317138672,263.1312866210937,176.04603576660156,312.1286315917969,0.7720842361450195
tile_r018019_c011619,3,175.16421508789062,390.5440979003906,218.0300750732422,430.80767822265625,0.7128874659538269
tile_r018019_c011619,3,418.7741088867188,458.1331481933594,458.9854431152344,493.27288818359375,0.6898543238639832
tile_r018019_c011619,3,126.80046081542967,52.03336334228516,180.7264709472656,106.1774673461914,0.6439301371574402
tile_r018019_c011619,3,335.3221740722656,434.0689086914063,391.972900390625,487.50140380859375,0.6350809931755066
tile_r018019_c011619,3,390.6728820800781,331.48736572265625,437.58697509765625,374.839111328125,0.5544062852859497
tile_r018019_c011619,3,320.22125244140625,232.5962371826172,372.15283203125,281.6418151855469,0.5459794998168945
tile_r018019_c011619,3,95.8362274169922,14.206692695617676,136.83470153808594,54.396751403808594,0.5269509553909302
tile_r018019_c011619,3,118.21659088134766,94.61466217041016,158.00552368164062,133.62258911132812,0.5160788893699646
tile_r018019_c011619,3,78.0195083618164,0.0,135.29641723632812,26.06034278869629,0.4947700202465057
tile_r018019_c011619,3,82.47862243652344,0.0,130.6184844970703,23.026782989501957,0.445083886384964
tile_r018019_c011619,3,195.6544189453125,154.12461853027344,232.4491729736328,188.3491973876953,0.4130319058895111
tile_r018019_c011619,3,244.97006225585935,466.8214721679688,291.9790954589844,511.7427368164063,0.3784772753715515
tile_r018019_c011619,3,40.37911224365234,43.78883743286133,65.5612564086914,66.829345703125,0.3091573119163513
tile_r018019_c011619,3,386.639404296875,328.1778564453125,441.05767822265625,379.0953674316406,0.3066480755805969
tile_r018019_c011619,3,323.5271911621094,235.16189575195312,369.8699645996094,278.8899230957031,0.3027665615081787
tile_r018019_c011619,3,333.14141845703125,432.1235961914063,393.7164611816406,490.1779174804688,0.2500035464763641
tile_r018019_c011619,3,91.85909271240234,4.780337333679199,141.7187042236328,55.83363723754883,0.1315164566040039
tile_r018019_c011619,3,129.9904022216797,53.73059844970703,178.79376220703125,104.30232238769533,0.062331885099411
tile_r018019_c011619,3,38.19385528564453,41.20170593261719,67.2174072265625,68.79547882080078,0.0567627660930156
tile_r018019_c011619,3,246.3871612548828,467.1743774414063,291.3344116210937,511.4341430664063,0.0444169491529464
tile_r018019_c011619,3,199.1212921142578,156.90478515625,230.0436553955078,185.51416015625,0.0210518818348646
tile_r018019_c011619,3,122.3310546875,97.02610778808594,155.1016387939453,128.97328186035156,0.012466344051063
tile_r018019_c011619,3,119.01937103271484,258.23004150390625,180.5601501464844,317.841796875,0.0112263215705752
tile_r018019_c011619,3,506.408447265625,22.531089782714844,512.0,67.02032470703125,0.0084241861477494
tile_r018019_c011619,3,36.20322799682617,38.64241790771485,69.94351959228516,71.41740417480469,0.0058021135628223
tile_r018019_c011619,3,171.8791961669922,385.95025634765625,222.3344268798828,435.56591796875,0.0050157140940427
tile_r018019_c011619,3,508.3623046875,15.199487686157228,512.0,62.34610748291016,0.0045604757033288
tile_r018019_c011619,3,37.52568817138672,39.566104888916016,69.5094985961914,69.38320922851562,0.0042844633571803
tile_r018019_c011619,3,506.1150817871094,6.173272609710693,512.0,58.21602630615234,0.0042291148565709
tile_r018019_c011619,3,67.86278533935547,0.0,143.89553833007812,31.588571548461918,0.0041707279160618
tile_r018019_c011619,3,76.9557876586914,0.0,124.5557098388672,15.381014823913574,0.0037394061218947
tile_r018019_c011619,3,146.5279541015625,0.1020263656973838,193.4689483642578,12.85742473602295,0.0036979373544454
tile_r018019_c011619,3,504.71478271484375,23.72018051147461,512.0,75.37916564941406,0.0036406696308404
tile_r018019_c011619,3,496.1514587402344,0.0,512.0,32.20655822753906,0.0033144287299364
tile_r018019_c011619,3,230.84228515625,229.03488159179688,310.0500793457031,299.0220642089844,0.0032991028856486
tile_r018019_c011619,3,503.54107666015625,127.10970306396484,512.0,173.62216186523438,0.0032465807162225
tile_r018019_c011619,3,503.76263427734375,120.39278411865234,512.0,167.70993041992188,0.0031212263274937
tile_r018019_c011619,3,242.7958068847656,464.8082580566406,294.3359069824219,511.39453125,0.0030829005409032
tile_r018019_c011619,3,505.0905151367188,0.5507873296737671,512.0,50.758392333984375,0.0026315075810998
tile_r018019_c011619,3,101.9410629272461,0.0,141.40628051757812,22.3809814453125,0.0023801643401384
tile_r018019_c011619,3,250.36795043945312,500.8110961914063,285.1976623535156,512.0,0.0023462967947125
tile_r018019_c011619,3,504.5862426757813,136.43704223632812,512.0,179.19876098632812,0.0022566919215023
tile_r018019_c011619,3,501.3733520507813,1.863366723060608,512.0,50.09064483642578,0.0022515880409628
tile_r018019_c011619,3,87.63446044921875,0.0,130.7261962890625,12.852205276489258,0.0022441041655838
tile_r018019_c011619,3,421.0423889160156,460.0574340820313,457.6945190429688,491.347900390625,0.0020887830760329
tile_r018019_c011619,3,139.70062255859375,0.0496887192130088,188.4332733154297,14.160069465637209,0.0020380506757646
tile_r018019_c011619,3,504.0363159179688,0.1527671813964843,512.0,12.574429512023926,0.0019935758318752
tile_r018019_c011619,3,244.822998046875,499.5635681152344,285.0649108886719,512.0,0.0019344839965924
tile_r018019_c011619,3,415.0280151367188,453.0486755371094,463.4530334472656,497.26275634765625,0.0019197206711396
tile_r018019_c011619,3,371.9326477050781,507.7604370117188,413.1339416503906,512.0,0.0017692887922748
tile_r018019_c011619,3,67.63478088378906,0.8573700189590454,151.28073120117188,47.732177734375,0.0016591721214354
tile_r018019_c011619,3,189.9707946777344,146.83270263671875,240.0115203857422,196.62901306152344,0.0016144203254953
tile_r018019_c011619,3,504.97991943359375,0.0,512.0,42.57764434814453,0.0015435168752446
tile_r018019_c011619,3,484.87841796875,0.030545424669981,511.5127868652344,6.908090114593506,0.0015165017684921
tile_r018019_c011619,3,505.4788513183594,112.76812744140624,512.0,157.863525390625,0.001502156839706
tile_r018019_c011619,3,80.87567138671875,0.0,128.73971557617188,16.445499420166016,0.0014986876631155
tile_r018019_c011619,3,443.4622497558594,0.0126235960051417,485.6781311035156,4.8210062980651855,0.0014959338586777
tile_r018019_c011619,3,449.8390197753906,0.0067630768753588,490.9969177246094,5.1703033447265625,0.0014863484539091
tile_r018019_c011619,3,506.2687072753906,1.072604417800903,511.9876098632813,24.940719604492188,0.0014766494277864
tile_r018019_c011619,3,378.5752258300781,508.16943359375,416.797119140625,512.0,0.0014594502281397
tile_r018019_c011619,3,363.2349853515625,507.85650634765625,409.2514953613281,512.0,0.0013756047701463
tile_r018019_c011619,3,504.738037109375,115.70753479003906,512.0,162.76121520996094,0.0013680063420906
tile_r018019_c011619,3,454.17913818359375,0.105682373046875,503.2996215820313,11.45200252532959,0.0013427173253148
tile_r018019_c011619,3,506.2686462402344,0.0,512.0,34.38407516479492,0.0013330182991921
tile_r018019_c011619,3,508.260498046875,106.9853973388672,512.0,152.55767822265625,0.0012589199468493
tile_r018019_c011619,3,455.35650634765625,0.0,493.5413513183594,5.952383518218994,0.0012277488131076
tile_r018019_c011619,3,152.2622528076172,0.0,189.46942138671875,7.505551338195801,0.0012050390942022
tile_r018019_c011619,3,149.07177734375,0.1752151548862457,216.6706085205078,11.879586219787598,0.0010704349260777
tile_r018019_c011619,3,421.9441833496094,501.446533203125,479.28857421875,511.704833984375,0.0010642188135534
tile_r018019_c011619,3,461.71197509765625,0.0,498.4702758789063,5.2871503829956055,0.0010415978031232
tile_r018275_c010083,3,354.50927734375,256.6563415527344,408.4408264160156,307.4816589355469,0.8660551309585571
tile_r018275_c010083,3,357.0492553710937,78.10550689697266,397.5295104980469,114.55538177490234,0.8092389106750488
tile_r018275_c010083,3,361.5802612304688,152.0653839111328,407.6877746582031,194.6248321533203,0.7879087924957275
tile_r018275_c010083,3,86.88307189941406,219.1376037597656,126.90396881103516,255.3319549560547,0.7048539519309998
tile_r018275_c010083,3,415.5015258789063,13.56666088104248,454.3605041503906,47.285438537597656,0.678220272064209
tile_r018275_c010083,3,175.38702392578125,477.7109375,234.34298706054688,512.0,0.6765672564506531
tile_r018275_c010083,3,80.5848388671875,388.61474609375,123.5063705444336,428.3619995117188,0.6513263583183289
tile_r018275_c010083,3,488.749267578125,283.7345886230469,512.0,338.10809326171875,0.6234177947044373
tile_r018275_c010083,3,444.1751403808594,373.6076354980469,501.77142333984375,430.0213928222656,0.6190807819366455
tile_r018275_c010083,3,0.3318710327148437,0.0,33.7219123840332,25.718692779541016,0.6100179553031921
tile_r018275_c010083,3,21.36640930175781,378.3738403320313,60.0839729309082,411.7643432617188,0.5999812483787537
tile_r018275_c010083,3,29.032983779907227,80.3819808959961,74.59320068359375,119.50038146972656,0.5882908701896667
tile_r018275_c010083,3,495.8440551757813,422.26666259765625,511.983642578125,462.7989196777344,0.5755402445793152
tile_r018275_c010083,3,281.8241271972656,0.0651473999023437,333.1464233398437,19.680988311767575,0.4294290542602539
tile_r018275_c010083,3,124.48982238769533,317.80303955078125,154.5436553955078,349.34576416015625,0.4272040724754333
tile_r018275_c010083,3,482.933349609375,109.75901794433594,511.3097534179688,168.92105102539062,0.3825124204158783
tile_r018275_c010083,3,486.40863037109375,113.46058654785156,512.0,164.88465881347656,0.3384059965610504
tile_r018275_c010083,3,319.74127197265625,217.8756103515625,354.0208740234375,249.53909301757807,0.3338923752307892
tile_r018275_c010083,3,352.32037353515625,13.143211364746094,374.6552429199219,34.83902740478516,0.2775457799434662
tile_r018275_c010083,3,318.50604248046875,216.01119995117188,356.04522705078125,251.76364135742188,0.2355005294084549
tile_r018275_c010083,3,0.0,287.1783142089844,15.052767753601074,336.2237548828125,0.233932077884674
tile_r018275_c010083,3,31.32095718383789,82.537841796875,71.85145568847656,116.78605651855467,0.2309258580207824
tile_r018275_c010083,3,0.0493927001953125,0.0442733764648437,38.657527923583984,28.65512466430664,0.2025787979364395
tile_r018275_c010083,3,0.0,291.3373718261719,10.69244384765625,332.5111999511719,0.1933500319719314
tile_r018275_c010083,3,121.83675384521484,315.42413330078125,157.05096435546875,352.65057373046875,0.1821380853652954
tile_r018275_c010083,3,20.12422561645508,376.99755859375,62.68321990966797,413.90771484375,0.1748131811618805
tile_r018275_c010083,3,354.3547668457031,14.354741096496582,373.8919067382813,34.367706298828125,0.1460683494806289
tile_r018275_c010083,3,496.81494140625,425.1372985839844,512.0,458.8062438964844,0.1144266948103904
tile_r018275_c010083,3,491.1354064941406,289.6498718261719,511.97509765625,335.484375,0.1118609011173248
tile_r018275_c010083,3,85.10691833496094,217.1942443847656,130.03353881835938,259.14825439453125,0.1095056682825088
tile_r018275_c010083,3,286.0680236816406,0.0,324.9645080566406,12.831636428833008,0.1076135858893394
tile_r018275_c010083,3,492.7962341308594,416.0534057617188,512.0,465.32904052734375,0.1022025048732757
tile_r018275_c010083,3,287.9670104980469,0.0,330.89337158203125,16.80565071105957,0.0916728526353836
tile_r018275_c010083,3,82.88079833984375,390.3028869628906,121.26564025878906,425.7389221191406,0.059522595256567
tile_r018275_c010083,3,494.25048828125,290.6082458496094,512.0,335.545166015625,0.0585580393671989
tile_r018275_c010083,3,0.0,114.66392517089844,10.629409790039062,170.511474609375,0.0571609176695346
tile_r018275_c010083,3,181.6742706298828,481.6603393554688,231.1581573486328,511.9267578125,0.0525185912847518
tile_r018275_c010083,3,321.88983154296875,220.5731964111328,352.3173217773437,247.7576141357422,0.0467495955526828
tile_r018275_c010083,3,490.51953125,114.43704986572266,512.0,140.2039337158203,0.0458379127085208
tile_r018275_c010083,3,448.9525451660156,377.0204772949219,498.6568298339844,425.3092346191406,0.035196553915739
tile_r018275_c010083,3,61.69135665893555,413.3280334472656,84.50794219970703,434.6597290039063,0.0343739837408065
tile_r018275_c010083,3,0.0,103.9216766357422,14.497476577758787,169.53640747070312,0.0317413471639156
tile_r018275_c010083,3,445.8421936035156,375.57135009765625,499.77099609375,429.1724243164063,0.0284247454255819
tile_r018275_c010083,3,0.0264846794307231,290.0115661621094,9.276702880859377,329.93023681640625,0.0276225470006465
tile_r018275_c010083,3,350.9046325683594,12.283740043640137,374.9009399414063,35.8665771484375,0.0267442241311073
tile_r018275_c010083,3,0.0,274.56854248046875,18.234039306640625,339.7509460449219,0.0254613161087036
tile_r018275_c010083,3,354.9569702148437,74.7509765625,401.2508544921875,118.96607971191406,0.0249921511858701
tile_r018275_c010083,3,127.5199966430664,319.190673828125,154.3803253173828,346.02685546875,0.0246983952820301
tile_r018275_c010083,3,274.20587158203125,0.0,341.92645263671875,24.51548385620117,0.0243504419922828
tile_r018275_c010083,3,0.0,294.0401306152344,5.68563175201416,329.8327941894531,0.0196878835558891
tile_r018275_c010083,3,0.0,122.47312927246094,6.830868721008301,168.2017364501953,0.0195923745632171
tile_r018275_c010083,3,286.6961669921875,0.0,329.1358642578125,11.638771057128906,0.0194767862558364
tile_r018275_c010083,3,283.1039428710937,0.0,321.176513671875,12.64948844909668,0.0175552908331155
tile_r018275_c010083,3,0.034644316881895,288.81201171875,9.912363052368164,327.5927734375,0.0174634996801614
tile_r018275_c010083,3,486.2935180664063,411.2491760253906,512.0,471.8989868164063,0.0167706701904535
tile_r018275_c010083,3,287.87115478515625,0.0,331.83209228515625,9.080472946166992,0.0148460576310753
tile_r018275_c010083,3,419.4794921875,16.565048217773438,451.7019958496094,41.93548583984375,0.0144420145079493
tile_r018275_c010083,3,0.0,297.6830444335937,2.63508415222168,331.74322509765625,0.0141565389931201
tile_r018275_c010083,3,272.09783935546875,0.0,313.5794372558594,10.825953483581545,0.013682191260159
tile_r018275_c010083,3,494.84869384765625,115.22300720214844,511.99365234375,145.07737731933594,0.0132018709555268
tile_r018275_c010083,3,493.9637756347656,295.11395263671875,512.0,335.6274108886719,0.0122559750452637
tile_r018275_c010083,3,0.0647907257080078,111.31437683105467,4.933840274810791,164.48597717285156,0.0112632792443037
tile_r018275_c010083,3,497.2096252441406,286.98980712890625,512.0,332.89312744140625,0.0112040815874934
tile_r018275_c010083,3,318.0845947265625,215.2639617919922,357.7668151855469,252.5550537109375,0.0100307445973157
tile_r018275_c010083,3,0.0356094352900981,282.1377868652344,9.015081405639648,322.6023254394531,0.0090945120900869
tile_r018275_c010083,3,42.36943817138672,500.7615356445313,112.7196807861328,512.0,0.0085609732195734
tile_r018275_c010083,3,65.95362854003906,501.12982177734375,123.8754425048828,512.0,0.0081012863665819
tile_r018275_c010083,3,0.060365866869688,117.6786117553711,3.21344256401062,165.6486053466797,0.0078314607962965
tile_r018275_c010083,3,0.0,298.4590759277344,7.145821571350098,335.858154296875,0.0075885914266109
tile_r018275_c010083,3,293.0877990722656,0.0,333.2561950683594,6.373053073883057,0.0073946798220276
tile_r018275_c010083,3,365.11279296875,154.93759155273438,404.647216796875,191.2753753662109,0.0073465043678879
tile_r018275_c010083,3,505.2232971191406,476.7301635742188,512.0,510.16448974609375,0.0069953901693224
tile_r018275_c010083,3,67.57025909423828,505.615234375,121.25538635253906,512.0,0.0069772987626492
tile_r018275_c010083,3,74.16255187988281,505.3546447753906,124.8224868774414,511.9923400878906,0.0068942620418965
tile_r018275_c010083,3,52.94718170166016,500.91986083984375,120.76253509521484,512.0,0.0068173427134752
tile_r018275_c010083,3,58.85317993164063,411.789794921875,85.6180191040039,437.7534790039063,0.0066584176383912
tile_r018275_c010083,3,77.50203704833984,501.052490234375,126.91905212402344,511.8907165527344,0.0066169695928692
tile_r018275_c010083,3,298.6133728027344,0.0,336.55035400390625,4.605161190032959,0.006509821396321
tile_r018275_c010083,3,0.0828805938363075,107.98274993896484,6.651368618011475,155.01394653320312,0.0062146070413291
tile_r018275_c010083,3,0.0,130.4554901123047,5.293447971343994,172.7415771484375,0.0061773471534252
tile_r018275_c010083,3,81.74177551269531,505.58306884765625,128.68826293945312,511.976806640625,0.0061687352135777
tile_r018275_c010083,3,0.0776035338640213,109.50340270996094,6.032822132110596,161.0073699951172,0.0060990075580775
tile_r018275_c010083,3,485.4330139160156,109.95816802978516,512.0,164.18670654296875,0.0058357431553304
tile_r018275_c010083,3,501.54974365234375,421.98291015625,511.9597778320313,457.90911865234375,0.0057690548710525
tile_r018275_c010083,3,61.80507659912109,412.035400390625,85.763427734375,434.59716796875,0.0057437568902969
tile_r018275_c010083,3,0.0,504.4070739746094,9.961359024047852,511.80572509765625,0.0054405233822762
tile_r018275_c010083,3,499.5604553222656,480.5240783691406,511.9261779785156,512.0,0.0051306537352502
tile_r018275_c010083,3,490.5960388183594,503.2072143554688,511.3126525878906,512.0,0.0051009119488298
tile_r018275_c010083,3,482.1416931152344,276.01824951171875,511.95013427734375,345.426513671875,0.0050153974443674
tile_r018275_c010083,3,418.7481384277344,15.523300170898438,451.8077697753906,44.16617584228516,0.0049095344729721
tile_r018275_c010083,3,0.0,297.79644775390625,1.5117790699005127,338.54833984375,0.0048851924948394
tile_r018275_c010083,3,39.87859344482422,505.9002990722656,91.4960708618164,512.0,0.0046773185022175
tile_r018275_c010083,3,270.4518127441406,0.0,349.23370361328125,35.49273681640625,0.0045459112152457
tile_r018275_c010083,3,496.3229064941406,494.8196716308594,512.0,512.0,0.0042980164289474
tile_r018275_c010083,3,0.0250196456909179,123.94157409667967,1.425066351890564,168.07887268066406,0.0042320718057453
tile_r018275_c010083,3,45.37321853637695,506.2008361816406,96.8219757080078,512.0,0.0041096699424088
tile_r018275_c010083,3,490.2003784179688,113.9231414794922,511.909423828125,145.86325073242188,0.004051870200783
tile_r018275_c010083,3,31.59886741638184,499.3833923339844,105.7630615234375,512.0,0.0040192222222685
tile_r018275_c010083,3,507.3724670410156,488.4024963378906,512.0,511.55908203125,0.0038886410184204
tile_r018275_c010083,3,166.396240234375,468.7813415527344,242.82791137695312,512.0,0.0037744543515145
tile_r018275_c010083,3,481.3653869628906,505.4212951660156,510.44671630859375,512.0,0.0034709975589066
tile_r018275_c010083,3,0.0,256.67510986328125,18.3928337097168,331.54608154296875,0.0034619341604411
tile_r018275_c010083,3,0.439501941204071,274.3951721191406,22.9080867767334,360.04608154296875,0.0034454306587576
tile_r018275_c010083,3,507.322509765625,458.1228942871094,512.0,495.7589416503906,0.0034339807461947
tile_r018275_c010083,3,503.2661743164063,498.2491760253906,512.0,512.0,0.0033770455047488
tile_r018275_c010083,3,495.883056640625,427.5167846679688,512.0,459.532958984375,0.0033393707126379
tile_r018275_c010083,3,496.015869140625,129.7726287841797,512.0,165.90826416015625,0.0033365294802933
tile_r018275_c010083,3,507.6048278808594,465.9536743164063,512.0,502.1728515625,0.003300848416984
tile_r018275_c010083,3,505.5392150878906,471.5596618652344,512.0,506.54791259765625,0.0032948204316198
tile_r018275_c010083,3,503.2311096191406,282.8588256835937,512.0,326.8646240234375,0.0031370404176414
tile_r018275_c010083,3,501.243896484375,431.5636291503906,512.0,476.5768127441406,0.0031332031358033
tile_r018275_c010083,3,417.0248107910156,16.021211624145508,451.47552490234375,42.498779296875,0.0030905159655958
tile_r018275_c010083,3,49.38903045654297,506.0288696289063,103.6806640625,512.0,0.0026418738998472
tile_r018275_c010083,3,0.5308319330215454,102.0063934326172,19.09458541870117,189.29788208007807,0.0026388629339635
tile_r018275_c010083,3,90.30665588378906,506.19189453125,134.0390167236328,511.9690856933594,0.0025634469930082
tile_r018275_c010083,3,262.9569702148437,0.0,304.012451171875,7.621889591217041,0.0025435511488467
tile_r018275_c010083,3,504.3314514160156,445.3805236816406,512.0,487.13525390625,0.0024233034346252
tile_r018275_c010083,3,352.3497009277344,14.574223518371582,372.4767456054688,35.49565505981445,0.0023576354142278
tile_r018275_c010083,3,60.22461700439453,505.6790466308594,117.1426773071289,512.0,0.0023562528658658
tile_r018275_c010083,3,493.44873046875,302.30328369140625,512.0,347.41461181640625,0.0023403884842991
tile_r018275_c010083,3,33.38195037841797,505.60736083984375,85.72396087646484,512.0,0.0022897599264979
tile_r018275_c010083,3,0.0204612724483013,127.28702545166016,1.1423194408416748,175.4678955078125,0.0021899337880313
tile_r018275_c010083,3,0.0,138.17581176757812,6.870551109313965,187.0031890869141,0.0021011971402913
tile_r018275_c010083,3,0.0753534287214279,273.84393310546875,8.291318893432617,314.92291259765625,0.0020645090844482
tile_r018275_c010083,3,0.0750946030020713,87.96098327636719,15.126360893249512,160.95506286621094,0.002016034675762
tile_r018275_c010083,3,498.3235778808594,305.5038452148437,512.0,345.26739501953125,0.0019305126043036
tile_r018275_c010083,3,8.685857772827148,0.0,54.8862190246582,25.499128341674805,0.0018979178275913
tile_r018275_c010083,3,488.0324096679688,127.37355041503906,511.89398193359375,166.95001220703125,0.0018608050886541
tile_r018275_c010083,3,504.86279296875,415.7329711914063,512.0,453.440673828125,0.0018348973244428
tile_r018275_c010083,3,476.3053588867188,96.42740631103516,512.0,194.3140563964844,0.0018136875005438
tile_r018275_c010083,3,487.8317260742188,273.22613525390625,512.0,337.0601806640625,0.0017915640491992
tile_r018275_c010083,3,87.14884948730469,500.501708984375,136.14947509765625,511.7442321777344,0.0017891463357955
tile_r018275_c010083,3,492.7000122070313,127.2095718383789,511.39453125,162.9541015625,0.0017383767990395
tile_r018275_c010083,3,493.575439453125,124.4651336669922,512.0,164.80242919921875,0.0017330897971987
tile_r018275_c010083,3,58.46592330932617,408.0841369628906,90.11898040771484,436.83056640625,0.0015980692114681
tile_r018275_c010083,3,0.0,303.3572082519531,3.14516019821167,345.9854736328125,0.0015680768992751
tile_r018275_c010083,3,0.0186555869877338,133.08126831054688,2.656756639480591,183.4859161376953,0.0015635265735909
tile_r018275_c010083,3,498.1546325683594,431.58013916015625,511.9113159179688,478.6780395507813,0.0015553389675915
tile_r018275_c010083,3,0.0,505.8352661132813,23.696537017822266,512.0,0.0015523644397035
tile_r018275_c010083,3,501.7823181152344,137.68423461914062,512.0,182.8197326660156,0.0014803529484197
tile_r018275_c010083,3,19.83077812194824,499.2041015625,96.94538879394533,512.0,0.0014596447581425
tile_r018275_c010083,3,0.6211608648300171,113.7904281616211,22.38130569458008,177.04244995117188,0.0014591250801458
tile_r018275_c010083,3,0.7345733642578125,104.99798583984376,23.537452697753903,168.27230834960938,0.0014510833425447
tile_r018275_c010083,3,350.9140625,14.934831619262695,373.9704895019531,39.66741943359375,0.0014475823845714
tile_r018275_c010083,3,54.29679489135742,505.8800659179688,110.9107437133789,512.0,0.0014303636271506
tile_r018275_c010083,3,493.15765380859375,115.27857971191406,512.0,155.8660430908203,0.0014058413216844
tile_r018275_c010083,3,0.0,497.8165588378906,28.3084716796875,512.0,0.0013743842719122
tile_r018275_c010083,3,0.0781417861580848,101.2709732055664,7.276188850402832,148.16819763183594,0.0013673185603693
tile_r018275_c010083,3,24.301034927368164,486.6541137695313,115.06624603271484,511.7357482910156,0.0013540894724428
tile_r018275_c010083,3,1.521447777748108,266.05059814453125,23.16068649291992,352.6760559082031,0.0012466005282476
tile_r018275_c010083,3,488.6853942871094,400.0387573242188,512.0,461.81842041015625,0.0011840403312817
tile_r018275_c010083,3,0.0460575111210346,143.36834716796875,4.66635274887085,191.2655487060547,0.0011507850140333
tile_r018275_c010083,3,0.1501949280500412,492.78118896484375,7.84839916229248,511.5949096679688,0.0011400398798286
tile_r018275_c010083,3,0.410501092672348,115.8703155517578,23.138660430908203,187.8387756347656,0.0011336785973981
tile_r018275_c010083,3,305.8359680175781,0.0350082404911518,344.2948303222656,2.663137912750244,0.0010429552057757
tile_r018275_c010083,3,491.0152893066406,257.91357421875,512.0,325.16143798828125,0.0010418127058073
tile_r018275_c010083,3,0.1348693817853927,501.5689086914063,54.79726409912109,511.8859252929688,0.0010291045764461
tile_r018275_c010083,3,98.93299865722656,507.4026794433594,140.1287841796875,511.98724365234375,0.0010125219123438
tile_r018275_c010339,3,227.61935424804688,110.46989440917967,280.6252746582031,163.42361450195312,0.8903559446334839
tile_r018275_c010339,3,303.6069641113281,399.52679443359375,359.0291442871094,451.19677734375,0.8644393682479858
tile_r018275_c010339,3,99.5554656982422,257.7560119628906,151.75564575195312,306.19000244140625,0.8640070557594299
tile_r018275_c010339,3,418.2927856445313,463.995849609375,471.05413818359375,510.37689208984375,0.8312513828277588
tile_r018275_c010339,3,101.81145477294922,78.95033264160156,141.0272674560547,113.8967056274414,0.8259899020195007
tile_r018275_c010339,3,286.5531311035156,68.91838073730469,346.5986022949219,116.409912109375,0.7675220966339111
tile_r018275_c010339,3,106.50431823730467,152.99085998535156,150.8639678955078,193.5592803955078,0.7643476724624634
tile_r018275_c010339,3,270.4230041503906,188.79742431640625,306.5901794433594,218.9359893798828,0.6639705300331116
tile_r018275_c010339,3,231.94595336914065,287.38262939453125,291.5419921875,341.22393798828125,0.6551502346992493
tile_r018275_c010339,3,159.92515563964844,14.087953567504885,198.0489959716797,46.6434326171875,0.6509948968887329
tile_r018275_c010339,3,298.4960021972656,210.06979370117188,331.8576354980469,238.5331573486328,0.6293414831161499
tile_r018275_c010339,3,348.6798095703125,469.2925415039063,402.9153442382813,511.8368225097656,0.622536301612854
tile_r018275_c010339,3,189.0883026123047,374.2804565429688,244.0751037597656,428.49603271484375,0.5960269570350647
tile_r018275_c010339,3,238.6232147216797,423.91412353515625,274.3536376953125,458.6248474121094,0.4599052369594574
tile_r018275_c010339,3,64.01655578613281,218.1750030517578,97.702392578125,249.1622009277344,0.4221057891845703
tile_r018275_c010339,3,26.369312286376957,0.0831176787614822,76.46044158935547,19.36013412475586,0.4141552746295929
tile_r018275_c010339,3,352.3544311523437,472.6026916503906,400.006103515625,511.9652404785156,0.3315228521823883
tile_r018275_c010339,3,240.7267608642578,425.4239807128906,272.07305908203125,455.9318237304688,0.3155938982963562
tile_r018275_c010339,3,96.4280014038086,13.278289794921877,118.5441436767578,34.744850158691406,0.2501755058765411
tile_r018275_c010339,3,63.05889892578125,216.29135131835935,99.63072204589844,251.2420959472656,0.146190270781517
tile_r018275_c010339,3,98.48712158203124,14.475459098815918,117.83648681640624,34.2491340637207,0.138896569609642
tile_r018275_c010339,3,190.678955078125,376.3426208496094,242.2477569580078,427.9971618652344,0.1372236758470535
tile_r018275_c010339,3,300.37603759765625,211.99075317382807,330.18182373046875,235.7639923095703,0.1211393773555755
tile_r018275_c010339,3,30.18435287475586,0.0,68.71704864501953,12.800817489624023,0.1066085696220398
tile_r018275_c010339,3,32.31287384033203,0.0,74.59737396240234,16.566768646240234,0.0857804119586944
tile_r018275_c010339,3,66.18514251708984,220.8305206298828,96.04328155517578,247.3975372314453,0.0573489293456077
tile_r018275_c010339,3,18.47208976745605,0.0096817016601562,85.55723571777344,24.669025421142575,0.0231404304504394
tile_r018275_c010339,3,94.97711181640624,12.435583114624023,118.74552154541016,35.67418670654297,0.0229615438729524
tile_r018275_c010339,3,193.9383850097656,377.65826416015625,240.99954223632807,423.9647521972656,0.0209871642291545
tile_r018275_c010339,3,30.8641414642334,0.0,72.81311798095703,11.620211601257324,0.0204695053398609
tile_r018275_c010339,3,163.69677734375,16.930988311767578,195.49490356445312,41.5485954284668,0.0201249048113822
tile_r018275_c010339,3,505.9088439941406,0.0,512.0,43.19330978393555,0.0169683843851089
tile_r018275_c010339,3,27.324146270751957,0.0,64.93988800048828,12.57358741760254,0.0162745900452137
tile_r018275_c010339,3,507.823974609375,0.1096008270978927,512.0,36.50055694580078,0.0158508792519569
tile_r018275_c010339,3,32.107200622558594,0.0,75.57524108886719,8.996492385864258,0.0149448672309517
tile_r018275_c010339,3,99.8951416015625,75.57473754882812,145.00743103027344,118.38511657714844,0.0145944030955433
tile_r018275_c010339,3,507.5222778320313,1.054295301437378,511.9837951660156,28.09213256835937,0.0144936675205826
tile_r018275_c010339,3,109.54754638671876,155.5028076171875,147.9837188720703,190.54222106933597,0.0144548742100596
tile_r018275_c010339,3,273.0263061523437,191.85873413085935,304.9003601074219,217.2337646484375,0.0143877370283007
tile_r018275_c010339,3,275.5482177734375,501.7372131347656,330.0901184082031,512.0,0.0136721115559339
tile_r018275_c010339,3,16.288103103637695,0.0,57.40254974365234,10.794886589050291,0.0135973561555147
tile_r018275_c010339,3,62.59759521484375,215.7872314453125,101.33699035644533,251.8605194091797,0.012684091925621
tile_r018275_c010339,3,501.4895629882813,1.7316710948944092,511.95806884765625,47.724246978759766,0.0122039578855037
tile_r018275_c010339,3,234.97525024414065,289.5079040527344,289.3853759765625,338.36944580078125,0.0101404776796698
tile_r018275_c010339,3,263.6577453613281,500.3501586914063,326.72479248046875,512.0,0.0094588780775666
tile_r018275_c010339,3,506.7217712402344,0.0,512.0,47.70806121826172,0.0089176604524254
tile_r018275_c010339,3,37.05098724365234,0.0,77.08328247070312,6.132664680480957,0.0077416487038135
tile_r018275_c010339,3,162.83010864257812,15.9271821975708,195.66900634765625,43.76830291748047,0.0074270120821893
tile_r018275_c010339,3,42.23770904541016,0.0,80.52388000488281,4.38228702545166,0.0070040575228631
tile_r018275_c010339,3,424.662353515625,468.0505981445313,467.20849609375,507.06201171875,0.0068807955831289
tile_r018275_c010339,3,266.05242919921875,504.55267333984375,315.5998229980469,512.0,0.0068656792864203
tile_r018275_c010339,3,270.2281799316406,505.112060546875,321.11004638671875,512.0,0.0063992203213274
tile_r018275_c010339,3,452.1156311035156,0.0521375648677349,487.156494140625,3.353737592697144,0.0057879821397364
tile_r018275_c010339,3,498.188720703125,0.0,512.0,41.98785018920898,0.0053867539390921
tile_r018275_c010339,3,285.1743469238281,502.3252868652344,335.22314453125,511.982421875,0.0053370688110589
tile_r018275_c010339,3,15.0072021484375,0.0,91.93717193603516,35.946903228759766,0.0051077310927212
tile_r018275_c010339,3,241.4883575439453,427.3713989257813,271.6943664550781,454.6466369628906,0.0047185751609504
tile_r018275_c010339,3,275.8251342773437,505.6218872070313,326.46148681640625,512.0,0.0046469247899949
tile_r018275_c010339,3,308.2943725585937,403.1124877929688,355.7953186035156,446.9209899902344,0.0042765634134411
tile_r018275_c010339,3,288.4320373535156,71.5120849609375,342.1111755371094,114.31282806396484,0.0041393721476197
tile_r018275_c010339,3,445.5890197753906,0.0436492934823036,486.0902404785156,11.81222152709961,0.0040062880143523
tile_r018275_c010339,3,259.6913757324219,504.815673828125,307.8797912597656,512.0,0.0040022162720561
tile_r018275_c010339,3,448.3912658691406,0.0120052341371774,483.9796447753906,5.243406772613525,0.0034464707132428
tile_r018275_c010339,3,232.9934539794922,287.7021789550781,291.34930419921875,339.68804931640625,0.0033419537357985
tile_r018275_c010339,3,238.63693237304688,505.6062927246094,277.2232360839844,512.0,0.0032161253038793
tile_r018275_c010339,3,505.8421325683594,1.0744476318359375,512.0,54.1777458190918,0.0031467869412153
tile_r018275_c010339,3,249.3211975097656,500.12994384765625,320.9856262207031,512.0,0.0028221912216395
tile_r018275_c010339,3,242.6280517578125,506.4346618652344,284.90692138671875,512.0,0.0026878293137997
tile_r018275_c010339,3,161.258544921875,16.32326316833496,195.13265991210935,42.126163482666016,0.0025994514580816
tile_r018275_c010339,3,283.3331604003906,506.33294677734375,331.1958312988281,512.0,0.0025986838154494
tile_r018275_c010339,3,451.9269104003906,0.0811141952872276,495.4314575195313,9.701163291931152,0.0025939643383026
tile_r018275_c010339,3,7.251806735992432,0.0,47.89078521728516,7.571426391601562,0.0023646049667149
tile_r018275_c010339,3,247.3981475830078,506.5597229003906,293.7888488769531,512.0,0.0023590233176946
tile_r018275_c010339,3,434.4899291992188,0.0536651611328125,486.4288940429688,12.89838981628418,0.0022746864706277
tile_r018275_c010339,3,253.5799102783203,505.5885314941406,301.5932006835937,512.0,0.0022394419647753
tile_r018275_c010339,3,96.4151611328125,14.7717924118042,116.47103118896484,35.45380401611328,0.0021502829622477
tile_r018275_c010339,3,236.3931884765625,500.5926818847656,307.6793518066406,512.0,0.002130250679329
tile_r018275_c010339,3,442.1008911132813,0.0,482.498046875,6.680826663970947,0.0019515304593369
tile_r018275_c010339,3,384.7023620605469,484.8741760253906,454.0885620117188,512.0,0.0017086286097764
tile_r018275_c010339,3,106.08638763427734,82.1707534790039,138.12335205078125,109.93757629394533,0.0015551251126453
tile_r018275_c010339,3,441.0169372558594,505.7630004882813,476.6145935058594,511.9765625,0.0015537507133558
tile_r018275_c010339,3,289.140625,507.2091674804688,337.0210266113281,512.0,0.0015349449822679
tile_r018275_c010339,3,490.49560546875,0.0006557464366778,511.2420349121094,8.552080154418945,0.001520327408798
tile_r018275_c010339,3,94.94425964355467,15.111788749694824,117.82923889160156,39.61475372314453,0.0015167384408414
tile_r018275_c010339,3,255.6598358154297,489.80908203125,335.71942138671875,511.8636779785156,0.001400945126079
tile_r018275_c010339,3,352.8539123535156,499.9929809570313,395.2886352539063,512.0,0.0013765410985797
tile_r018275_c010339,3,219.17355346679688,506.5358276367188,262.35986328125,512.0,0.0013174451887607
tile_r018275_c010339,3,291.67926025390625,501.835693359375,347.28778076171875,511.7203063964844,0.0013169609010219
tile_r018275_c010339,3,223.30307006835935,499.7674865722656,293.39520263671875,512.0,0.0013053095899522
tile_r018275_c010339,3,435.8899536132813,0.0,479.3429565429688,6.752154350280762,0.0012795585207641
tile_r018275_c010339,3,233.3661193847656,505.4039611816406,272.7784729003906,512.0,0.0012273162137717
tile_r018275_c010339,3,289.29052734375,195.5708770751953,336.24566650390625,240.63528442382807,0.0012139341561123
tile_r018275_c010339,3,501.63372802734375,4.952246189117432,511.8464965820313,55.763954162597656,0.0011865298729389
tile_r018275_c010339,3,506.0948181152344,5.183258056640625,512.0,63.014007568359375,0.0011769667034968
tile_r018275_c010339,3,294.78228759765625,507.9683227539063,341.1980895996094,512.0,0.0010946018155664
tile_r018275_c010339,3,49.68758392333984,0.0468460097908973,88.20137023925781,2.566291093826294,0.0010931392898783
tile_r018275_c010339,3,268.4638366699219,491.2674865722656,334.7438049316406,511.9828186035156,0.0010572748724371
tile_r018275_c010339,3,387.9035949707031,0.2246994078159332,437.2525329589844,13.954991340637209,0.0010365492198616
tile_r018275_c010339,3,454.27093505859375,7.620182991027832,474.4054260253906,23.223154067993164,0.0010204663267359
tile_r018275_c010339,3,355.34283447265625,500.4078063964844,396.2960510253906,512.0,0.0010060478234663
tile_r018275_c010595,3,46.82184219360352,398.7190551757813,103.59117126464844,451.9517211914063,0.8698347210884094
tile_r018275_c010595,3,291.972412109375,88.25440979003906,345.5301208496094,137.2549591064453,0.8605319857597351
tile_r018275_c010595,3,162.6539764404297,464.7607421875,214.4369201660156,509.9048461914063,0.826303243637085
tile_r018275_c010595,3,30.09539794921875,68.34913635253906,90.81095886230467,116.94856262207033,0.8100412487983704
tile_r018275_c010595,3,423.835205078125,230.0225067138672,469.17193603515625,271.3556823730469,0.8092416524887085
tile_r018275_c010595,3,0.0,285.4898681640625,35.61095428466797,341.31561279296875,0.7568247318267822
tile_r018275_c010595,3,14.334909439086914,188.85299682617188,50.66266250610352,218.8018035888672,0.7059446573257446
tile_r018275_c010595,3,0.0,110.53880310058594,25.550975799560547,168.0154266357422,0.6832637190818787
tile_r018275_c010595,3,412.4510192871094,307.0450439453125,474.7748107910156,358.5983581542969,0.6413127183914185
tile_r018275_c010595,3,42.10391998291016,209.9012908935547,75.95089721679688,238.8201904296875,0.62465900182724
tile_r018275_c010595,3,92.60563659667967,469.2730102539063,146.9876251220703,511.83636474609375,0.6095349192619324
tile_r018275_c010595,3,265.31134033203125,0.7878967523574829,333.08087158203125,60.957557678222656,0.549824595451355
tile_r018275_c010595,3,0.0,281.43389892578125,39.869728088378906,347.4400939941406,0.4754002094268799
tile_r018275_c010595,3,0.0,422.9793395996094,15.934921264648438,457.1294860839844,0.3888530135154724
tile_r018275_c010595,3,96.32481384277344,472.6504821777344,143.97793579101562,511.9612731933594,0.3462561368942261
tile_r018275_c010595,3,0.0,416.9052734375,19.80030632019043,461.8801879882813,0.1925095021724701
tile_r018275_c010595,3,409.7763671875,304.0873413085937,479.78759765625,362.9031982421875,0.1494778096675872
tile_r018275_c010595,3,267.9766540527344,1.5548477172851562,330.73785400390625,58.15142822265625,0.1143321692943573
tile_r018275_c010595,3,44.204078674316406,211.9191436767578,74.18461608886719,235.97232055664065,0.1091173663735389
tile_r018275_c010595,3,0.0,107.197265625,28.902523040771484,174.22610473632812,0.0789224132895469
tile_r018275_c010595,3,494.7479553222656,378.5221557617188,511.9434509277344,431.8506774902344,0.0340745598077774
tile_r018275_c010595,3,493.4676208496094,366.0138549804688,512.0,432.5687561035156,0.03381023183465
tile_r018275_c010595,3,0.0,429.0764770507813,12.294025421142578,455.5572814941406,0.028986532241106
tile_r018275_c010595,3,0.1560699492692947,95.1823272705078,34.32415008544922,188.6577606201172,0.0218848250806331
tile_r018275_c010595,3,0.0727600082755088,398.0841979980469,23.26351547241211,468.7890625,0.018264440819621
tile_r018275_c010595,3,0.0137601848691701,501.8753051757813,11.116731643676758,511.9663696289063,0.014742162078619
tile_r018275_c010595,3,16.94296646118164,191.7540283203125,48.97664642333984,217.2144317626953,0.0142666371539235
tile_r018275_c010595,3,495.3565979003906,355.12286376953125,512.0,425.2408752441406,0.012075001373887
tile_r018275_c010595,3,0.0226346962153911,425.25482177734375,15.976598739624023,455.2864685058594,0.0109229618683457
tile_r018275_c010595,3,497.4215698242188,378.95745849609375,512.0,423.4402770996094,0.0106796724721789
tile_r018275_c010595,3,497.11627197265625,386.43597412109375,512.0,431.33502197265625,0.0105194579809904
tile_r018275_c010595,3,0.0,503.4458923339844,22.61944580078125,512.0,0.0082226172089576
tile_r018275_c010595,3,497.4069213867188,381.818603515625,512.0,427.699951171875,0.0079832160845398
tile_r018275_c010595,3,168.83712768554688,468.7068481445313,210.6659698486328,506.5543823242188,0.0078734206035733
tile_r018275_c010595,3,498.6498107910156,384.7346801757813,512.0,430.6573181152344,0.0073034488596022
tile_r018275_c010595,3,485.3870544433594,367.98834228515625,511.2486877441406,442.76318359375,0.0069847526028752
tile_r018275_c010595,3,0.0,427.5275268554688,11.986390113830566,462.2907104492188,0.0065966364927589
tile_r018275_c010595,3,484.0508728027344,355.732177734375,511.4385681152344,443.401611328125,0.0062990407459437
tile_r018275_c010595,3,500.6531372070313,370.9747314453125,512.0,419.04193115234375,0.0061381645500659
tile_r018275_c010595,3,0.0,487.8912048339844,8.50873851776123,511.8194885253906,0.0055935173295438
tile_r018275_c010595,3,507.3006896972656,349.15008544921875,512.0,389.7675476074219,0.0053534940816462
tile_r018275_c010595,3,0.6148101687431335,114.1431655883789,21.3814754486084,149.28536987304688,0.0050954991020262
tile_r018275_c010595,3,504.2328186035156,351.1448974609375,512.0,394.8302612304688,0.0044317995198071
tile_r018275_c010595,3,17.7636775970459,501.4764709472656,78.794189453125,512.0,0.0043160053901374
tile_r018275_c010595,3,0.0,399.2819213867188,28.233104705810547,486.7627868652344,0.0041835727170109
tile_r018275_c010595,3,374.8505859375,506.1839294433594,422.704345703125,512.0,0.0039910934865474
tile_r018275_c010595,3,51.99103927612305,402.6931762695313,100.176025390625,447.281005859375,0.003898739349097
tile_r018275_c010595,3,29.79075050354004,502.2842712402344,83.57740020751953,512.0,0.0038737971335649
tile_r018275_c010595,3,0.6481598019599915,389.4155883789063,28.56844520568848,479.5545349121094,0.0037276877555996
tile_r018275_c010595,3,2.0439162254333496,505.6343688964844,32.742332458496094,512.0,0.0037157603073865
tile_r018275_c010595,3,496.57763671875,344.2867126464844,512.0,413.2345275878906,0.0036968884523957
tile_r018275_c010595,3,378.88970947265625,506.7869567871094,427.0409240722656,512.0,0.0036544636823236
tile_r018275_c010595,3,184.9717712402344,0.0662765502929687,235.2562561035156,11.440187454223633,0.0035403477959334
tile_r018275_c010595,3,0.0,393.80999755859375,7.147996425628662,441.2271118164063,0.0035376052837818
tile_r018275_c010595,3,0.1303588896989822,382.6135864257813,23.306665420532227,459.3521118164063,0.0034648948349058
tile_r018275_c010595,3,502.490478515625,350.5077514648437,512.0,405.572998046875,0.0033558413852006
tile_r018275_c010595,3,503.1340942382813,357.98553466796875,511.974365234375,413.91253662109375,0.0033390882890671
tile_r018275_c010595,3,500.54736328125,390.6899719238281,512.0,434.241455078125,0.0032562902197241
tile_r018275_c010595,3,0.0,496.4140625,28.40760803222656,512.0,0.0031890221871435
tile_r018275_c010595,3,0.0485958084464073,460.2349548339844,4.937768459320068,490.249267578125,0.0029422168154269
tile_r018275_c010595,3,0.04207019880414,450.3504028320313,7.472874641418457,488.2710876464844,0.002905033994466
tile_r018275_c010595,3,0.0,115.88826751708984,20.860485076904297,165.13858032226562,0.0028166680131107
tile_r018275_c010595,3,0.3778228759765625,500.9585876464844,54.68364334106445,512.0,0.0028027961961925
tile_r018275_c010595,3,174.4416046142578,0.0771438628435134,234.8912048339844,12.632165908813477,0.0027194446884095
tile_r018275_c010595,3,0.0,270.3372497558594,50.788352966308594,367.4217224121094,0.0026462436653673
tile_r018275_c010595,3,194.08511352539065,0.020842170342803,235.2489318847656,3.841765880584717,0.0024534782860428
tile_r018275_c010595,3,384.55474853515625,506.9735412597656,431.120361328125,512.0,0.0024361324030905
tile_r018275_c010595,3,508.692138671875,340.4691772460937,512.0,385.0800476074219,0.0022598740179091
tile_r018275_c010595,3,448.7345275878906,506.9281311035156,499.0936584472656,512.0,0.002221937989816
tile_r018275_c010595,3,370.7037963867188,504.4832458496094,416.1678771972656,512.0,0.0021936439443379
tile_r018275_c010595,3,0.0,126.1852798461914,19.755449295043945,168.79812622070312,0.0021866508759558
tile_r018275_c010595,3,27.254196166992188,506.3169860839844,76.97236633300781,512.0,0.0021747797727584
tile_r018275_c010595,3,0.0,387.615478515625,5.590933322906494,429.8386840820313,0.0021354702766984
tile_r018275_c010595,3,192.5461883544922,0.0740386992692947,241.6708068847656,10.08762550354004,0.0020830668509006
tile_r018275_c010595,3,425.2984008789063,506.2618103027344,472.7351684570313,512.0,0.0020064378622919
tile_r018275_c010595,3,19.67395401000977,505.9927673339844,72.29065704345703,512.0,0.0019648373126983
tile_r018275_c010595,3,0.0,435.1785583496094,14.256741523742676,480.9009704589844,0.0019525625975802
tile_r018275_c010595,3,419.3599548339844,506.42376708984375,464.822509765625,512.0,0.0018886764300987
tile_r018275_c010595,3,502.1009216308594,395.6505432128906,512.0,439.9220275878906,0.0018870797939598
tile_r018275_c010595,3,443.8719787597656,506.55474853515625,492.5662536621094,512.0,0.0018610352417454
tile_r018275_c010595,3,424.6021423339844,500.81884765625,496.5012817382813,512.0,0.0018380379769951
tile_r018275_c010595,3,497.27581787109375,392.1068115234375,511.88079833984375,440.4898986816406,0.0017933744238689
tile_r018275_c010595,3,271.31072998046875,0.0871690735220909,307.76983642578125,6.6884636878967285,0.0017911915201693
tile_r018275_c010595,3,437.3497924804688,500.9647521972656,502.6893615722656,512.0,0.0017883989494293
tile_r018275_c010595,3,128.76809692382812,485.3096618652344,197.8465881347656,512.0,0.0017364588566124
tile_r018275_c010595,3,185.39910888671875,505.9039001464844,220.4214324951172,511.9794006347656,0.0017081552650779
tile_r018275_c010595,3,0.0,461.9910278320313,2.589706897735596,495.14306640625,0.0016920287162065
tile_r018275_c010595,3,13.426623344421388,506.0064086914063,66.85304260253906,512.0,0.0016904998337849
tile_r018275_c010595,3,274.6309814453125,0.0689296722412109,311.1773986816406,5.542288303375244,0.001623049727641
tile_r018275_c010595,3,32.047691345214844,71.05511474609375,86.32191467285156,114.7807159423828,0.001619984395802
tile_r018275_c010595,3,0.001138687133789,382.8221740722656,5.253574371337891,421.7646484375,0.0016095073660835
tile_r018275_c010595,3,4.15386962890625,501.4325256347656,71.82168579101562,511.9918823242188,0.0015322887338697
tile_r018275_c010595,3,33.55402755737305,506.9908752441406,82.22972106933594,512.0,0.0015026954934
tile_r018275_c010595,3,8.475591659545898,506.0472106933594,60.551231384277344,512.0,0.0015020336722955
tile_r018275_c010595,3,0.3010849058628082,506.2649841308594,43.69281768798828,512.0,0.0014589172787964
tile_r018275_c010595,3,0.0,95.64738464355467,31.79131507873535,171.58407592773438,0.0014200966106727
tile_r018275_c010595,3,0.0689481720328331,430.0604553222656,7.243693351745605,457.6510620117188,0.0014144575688987
tile_r018275_c010595,3,374.02923583984375,500.96527099609375,435.1935424804688,511.9979553222656,0.0013948312262073
tile_r018275_c010595,3,0.0,121.2974624633789,13.510846138000488,163.15078735351562,0.0013810831587761
tile_r018275_c010595,3,384.88519287109375,502.0164184570313,451.47943115234375,511.97161865234375,0.0013688723556697
tile_r018275_c010595,3,0.0,254.7309112548828,38.53792572021485,339.7484130859375,0.0013331446098163
tile_r018275_c010595,3,189.30758666992188,0.0,232.43505859375,5.59946346282959,0.0013073120499029
tile_r018275_c010595,3,39.42201614379883,502.2893981933594,93.56758880615234,511.755859375,0.0013059610500931
tile_r018275_c010595,3,0.0,469.5504760742188,5.383847236633301,509.0016174316406,0.0013012399431318
tile_r018275_c010595,3,96.80380249023438,500.0602416992188,139.30445861816406,512.0,0.0012800997355952
tile_r018275_c010595,3,38.806861877441406,507.7581481933594,86.13887023925781,512.0,0.0012699685757979
tile_r018275_c010595,3,32.334617614746094,195.960205078125,80.10506439208984,241.0331115722656,0.0012338003143668
tile_r018275_c010595,3,2.678942918777466,506.3667602539063,52.625633239746094,512.0,0.0011986563913524
tile_r018275_c010595,3,484.666748046875,382.3571166992188,510.890380859375,447.7755737304688,0.0011843561660498
tile_r018275_c010595,3,499.0986328125,329.4786682128906,511.9718322753906,400.3025512695313,0.0011817389167845
tile_r018275_c010595,3,288.51910400390625,0.10394287109375,344.0204467773437,22.604856491088867,0.0011708897072821
tile_r018275_c010595,3,0.0931625366210937,477.213134765625,15.84648323059082,511.62646484375,0.0011688860831782
tile_r018275_c010595,3,0.0,402.36907958984375,11.487483024597168,451.9568481445313,0.0011531146010383
tile_r018275_c010595,3,453.7759704589844,507.75439453125,505.89788818359375,512.0,0.0011259972816333
tile_r018275_c010595,3,0.0,128.23312377929688,9.835489273071287,164.8594207763672,0.0011195675469934
tile_r018275_c010595,3,0.0604782104492187,456.8077697753906,10.928848266601562,502.5972290039063,0.0011102156713604
tile_r018275_c010595,3,0.0,425.15911865234375,16.258508682250977,454.8943481445313,0.0011063162237405
tile_r018275_c010595,3,449.667236328125,501.5906372070313,510.7405395507813,512.0,0.0010982549283653
tile_r018275_c010595,3,405.6062927246094,501.4024353027344,486.6663208007813,512.0,0.0010224344441667
tile_r018275_c010851,3,32.756046295166016,84.9230728149414,92.55949401855467,141.22647094726562,0.8710138201713562
tile_r018275_c010851,3,166.60147094726562,228.2705535888672,214.8971710205078,273.0754089355469,0.8177524209022522
tile_r018275_c010851,3,396.4641723632813,89.88127136230469,450.3531799316406,139.02943420410156,0.7260867357254028
tile_r018275_c010851,3,5.509924411773682,0.1800674498081207,80.08880615234375,64.6867446899414,0.6747746467590332
tile_r018275_c010851,3,488.13189697265625,0.0281692501157522,511.9714965820313,25.694271087646484,0.6132426261901855
tile_r018275_c010851,3,154.8739776611328,305.41046142578125,220.4090576171875,360.4100036621094,0.5713441371917725
tile_r018275_c010851,3,238.7010803222656,386.7554321289063,290.06268310546875,436.8993225097656,0.5435660481452942
tile_r018275_c010851,3,392.7468872070313,0.050915528088808,445.885009765625,17.824804306030273,0.3458922505378723
tile_r018275_c010851,3,483.2110290527344,0.0,512.0,30.69633102416992,0.2608114778995514
tile_r018275_c010851,3,152.21710205078125,302.1451110839844,225.0300750732422,364.8219909667969,0.2369886338710785
tile_r018275_c010851,3,9.298055648803713,0.6624053716659546,77.28738403320312,61.37211990356445,0.2000745832920074
tile_r018275_c010851,3,497.478515625,254.5826873779297,511.9260864257813,299.627197265625,0.1164687946438789
tile_r018275_c010851,3,398.9817504882813,0.0,440.812255859375,12.723342895507812,0.1107838228344917
tile_r018275_c010851,3,386.5895385742188,0.1190841645002365,456.35882568359375,22.700702667236328,0.0831507444381713
tile_r018275_c010851,3,498.2874145507813,152.74093627929688,511.866455078125,197.0492706298828,0.0633946359157562
tile_r018275_c010851,3,400.5673522949219,0.0,440.91607666015625,10.783157348632812,0.0528281703591346
tile_r018275_c010851,3,249.4621124267578,500.87994384765625,295.7784423828125,512.0,0.0449162051081657
tile_r018275_c010851,3,500.774169921875,258.8116149902344,511.95941162109375,293.7154235839844,0.0420010350644588
tile_r018275_c010851,3,248.0327606201172,503.759521484375,289.0152893066406,512.0,0.0388424322009086
tile_r018275_c010851,3,237.99093627929688,499.0220336914063,297.7157592773437,512.0,0.0282565057277679
tile_r018275_c010851,3,399.2355651855469,92.3334503173828,447.7845153808594,135.8534698486328,0.0224329270422458
tile_r018275_c010851,3,495.5670776367188,244.2965545654297,512.0,301.8593139648437,0.021080432459712
tile_r018275_c010851,3,502.746826171875,161.78939819335938,511.990234375,192.50131225585935,0.0181070994585752
tile_r018275_c010851,3,400.0930480957031,0.0606658942997455,444.1546936035156,14.867403984069824,0.0165936909615993
tile_r018275_c010851,3,240.8872528076172,503.0687561035156,289.1134033203125,512.0,0.0161680430173873
tile_r018275_c010851,3,0.0,53.92066192626953,14.954849243164062,110.54598236083984,0.0154395932331681
tile_r018275_c010851,3,495.79193115234375,142.56407165527344,511.9937438964844,197.84716796875,0.0149689568206667
tile_r018275_c010851,3,497.64459228515625,262.6889343261719,512.0,294.7181396484375,0.0149516351521015
tile_r018275_c010851,3,384.4724731445313,0.0,435.9239807128906,11.22819709777832,0.0131746213883161
tile_r018275_c010851,3,252.8545684814453,504.91748046875,292.24725341796875,512.0,0.0121227847412228
tile_r018275_c010851,3,392.2692260742188,0.0,440.3529357910156,12.9263334274292,0.0102313589304685
tile_r018275_c010851,3,401.4954223632813,0.0,444.218505859375,7.299736976623535,0.0098603488877415
tile_r018275_c010851,3,505.2100524902344,93.79685974121094,512.0,141.0712127685547,0.0075530940666794
tile_r018275_c010851,3,504.34283447265625,153.61334228515625,512.0,191.29623413085935,0.006580036599189
tile_r018275_c010851,3,507.9757690429688,84.79042053222656,512.0,135.54478454589844,0.005397330969572
tile_r018275_c010851,3,242.0777587890625,390.0969543457031,286.94500732421875,435.5392150878906,0.0053691519424319
tile_r018275_c010851,3,499.6529846191406,165.96176147460938,512.0,194.51547241210935,0.005172069184482
tile_r018275_c010851,3,500.19232177734375,82.42408752441406,511.8523559570313,147.9335479736328,0.0048084999434649
tile_r018275_c010851,3,500.4847106933594,94.8073272705078,511.8214721679688,157.18882751464844,0.0047437790781259
tile_r018275_c010851,3,0.0892194733023643,65.77706146240234,8.425798416137695,95.42765045166016,0.0046112025156617
tile_r018275_c010851,3,505.44635009765625,51.32787322998047,512.0,102.4560775756836,0.0046091629192233
tile_r018275_c010851,3,0.0,60.58688354492188,11.173908233642578,108.25709533691406,0.0045107817277312
tile_r018275_c010851,3,230.6700134277344,503.2633666992188,282.71514892578125,512.0,0.0044801230542361
tile_r018275_c010851,3,505.2084045410156,146.23480224609375,512.0,187.53012084960935,0.0043460386805236
tile_r018275_c010851,3,375.55657958984375,0.0,427.7114868164063,8.787431716918945,0.0043366979807615
tile_r018275_c010851,3,118.95591735839844,506.11663818359375,166.62387084960938,512.0,0.0041768834926187
tile_r018275_c010851,3,221.9490203857422,498.4744567871094,296.5894470214844,512.0,0.0040378398261964
tile_r018275_c010851,3,504.11517333984375,96.88307189941406,512.0,147.41000366210938,0.0039629926905035
tile_r018275_c010851,3,500.34857177734375,69.70933532714844,511.90631103515625,139.4622344970703,0.003775374032557
tile_r018275_c010851,3,123.09814453125,506.72991943359375,170.73019409179688,512.0,0.0037269897293299
tile_r018275_c010851,3,411.0311584472656,0.0,466.8140258789063,18.80670166015625,0.0035323125775903
tile_r018275_c010851,3,500.22216796875,159.0377655029297,511.7630310058594,199.44190979003903,0.0035229881759732
tile_r018275_c010851,3,504.610107421875,72.82110595703125,512.0,131.70620727539062,0.0035219439305365
tile_r018275_c010851,3,506.44818115234375,43.997596740722656,512.0,95.99331665039062,0.0033928083721548
tile_r018275_c010851,3,377.2688293457031,0.156402587890625,465.2554626464844,32.18260192871094,0.0032549195457249
tile_r018275_c010851,3,487.2996215820313,241.84548950195312,512.0,311.96258544921875,0.0029643503949046
tile_r018275_c010851,3,228.42135620117188,491.2518615722656,306.4391174316406,511.7843322753906,0.0028389340732246
tile_r018275_c010851,3,505.80029296875,40.83400344848633,512.0,87.8646011352539,0.00262580672279
tile_r018275_c010851,3,256.427978515625,500.6649475097656,306.68023681640625,511.7633666992188,0.0025602949317544
tile_r018275_c010851,3,485.07122802734375,230.1973571777344,512.0,314.3271789550781,0.0024322047829627
tile_r018275_c010851,3,500.5899353027344,58.14141082763672,511.9113159179688,127.8633041381836,0.0024260403588414
tile_r018275_c010851,3,128.88803100585938,506.9341735839844,174.5226287841797,512.0,0.0023913965560495
tile_r018275_c010851,3,170.37673950195312,506.364501953125,215.07846069335935,512.0,0.0023464518599212
tile_r018275_c010851,3,504.7625427246094,100.46888732910156,512.0,153.01690673828125,0.0022940472699701
tile_r018275_c010851,3,114.80133056640624,504.39007568359375,160.2191619873047,512.0,0.0022815316915512
tile_r018275_c010851,3,194.02847290039065,507.1959838867188,241.37142944335935,512.0,0.0021952185779809
tile_r018275_c010851,3,164.40084838867188,506.3973693847656,207.9671173095703,512.0,0.0021882453002035
tile_r018275_c010851,3,506.8025817871094,57.7945556640625,512.0,109.20469665527344,0.0021336989011615
tile_r018275_c010851,3,400.8894348144531,0.0183437354862689,452.8409118652344,4.697880744934082,0.0020659617148339
tile_r018275_c010851,3,241.9087829589844,492.4713745117188,304.15606689453125,511.9371948242188,0.0020434588659554
tile_r018275_c010851,3,507.8755798339844,39.73903274536133,512.0,79.38153839111328,0.0020305879879742
tile_r018275_c010851,3,504.69720458984375,65.49113464355469,512.0,125.17033386230467,0.0019414307316765
tile_r018275_c010851,3,487.3131408691406,143.4712371826172,512.0,208.3490295410156,0.0019410019740462
tile_r018275_c010851,3,0.0378498062491416,56.03717041015625,9.108891487121582,94.47639465332033,0.0019327979534864
tile_r018275_c010851,3,188.9244079589844,506.9203186035156,235.0316162109375,512.0,0.0018987717339769
tile_r018275_c010851,3,13.989460945129396,0.103307344019413,54.59014129638672,7.462281703948975,0.0018427820177748
tile_r018275_c010851,3,500.7706909179688,46.69754409790039,511.8941955566406,113.75563049316406,0.0017575892852619
tile_r018275_c010851,3,490.6554260253906,4.421246528625488,512.0,40.45001220703125,0.0017198821296915
tile_r018275_c010851,3,506.5462951660156,61.29498291015625,512.0,117.77523040771484,0.0016879241447895
tile_r018275_c010851,3,498.3895568847656,122.9166259765625,512.0,194.8513336181641,0.0016776217380538
tile_r018275_c010851,3,0.0350486747920513,0.0333995819091796,10.099798202514648,15.22314167022705,0.0016450335970148
tile_r018275_c010851,3,474.69927978515625,0.0,512.0,49.5654182434082,0.001591072184965
tile_r018275_c010851,3,0.0,0.0,22.877609252929688,6.167359828948975,0.0015712005551904
tile_r018275_c010851,3,17.06136131286621,0.0745792388916015,58.04049682617188,6.670523166656494,0.0015262410743162
tile_r018275_c010851,3,508.4336853027344,135.85597229003906,512.0,181.21463012695312,0.0015215426683425
tile_r018275_c010851,3,167.8077392578125,501.18658447265625,243.21469116210935,512.0,0.0014855192275717
tile_r018275_c010851,3,118.51878356933594,500.9581909179688,177.66751098632812,511.9825134277344,0.0014664325863122
tile_r018275_c010851,3,499.8491821289063,4.868527412414551,511.9671936035156,42.741920471191406,0.0014229321386665
tile_r018275_c010851,3,179.67459106445312,501.1392211914063,258.09454345703125,512.0,0.0013965059770271
tile_r018275_c010851,3,31.01742553710937,0.097798153758049,87.95722961425781,25.731979370117188,0.0013761308509856
tile_r018275_c010851,3,484.6666870117188,134.25450134277344,512.0,206.7570343017578,0.0013267567846924
tile_r018275_c010851,3,129.1749267578125,502.01019287109375,193.6584930419922,511.9515686035156,0.0013028093380853
tile_r018275_c010851,3,508.95013427734375,32.46940994262695,512.0,74.81935119628906,0.0012878603301942
tile_r018275_c010851,3,505.195068359375,248.3867950439453,511.9864807128906,292.77789306640625,0.0012654720339924
tile_r018275_c010851,3,396.0326232910156,0.0,476.4820861816406,32.19213104248047,0.001155408215709
tile_r018275_c010851,3,500.8373107910156,102.96585845947266,511.8619995117188,181.8350524902344,0.0011361440410837
tile_r018275_c010851,3,498.79400634765625,260.92755126953125,511.7694396972656,299.64874267578125,0.0011122656287625
tile_r018275_c010851,3,505.7445373535156,105.6641082763672,512.0,159.16049194335938,0.0011094739893451
tile_r018275_c010851,3,17.756677627563477,450.7926635742188,54.75152587890625,485.4620056152344,0.0010919122723862
tile_r018275_c010851,3,219.7525177001953,504.803466796875,280.9770202636719,512.0,0.0010516273323446
tile_r018275_c010851,3,205.7773895263672,499.9754333496094,288.45050048828125,512.0,0.0010406827786937
tile_r018275_c010851,3,182.71435546875,506.83404541015625,230.13070678710935,512.0,0.0010331971570849
tile_r018275_c010851,3,191.8465576171875,501.0728149414063,273.2445983886719,512.0,0.0010279997950419
tile_r018275_c010851,3,410.2307739257813,0.0,461.7857971191406,3.831519603729248,0.0010191289475187
tile_r018275_c011107,3,344.4627685546875,168.1146240234375,393.0698852539063,217.8230438232422,0.8174726366996765
tile_r018275_c011107,3,374.212158203125,303.2557983398437,435.19970703125,360.089111328125,0.7872821688652039
tile_r018275_c011107,3,229.12765502929688,0.0533050522208213,284.82830810546875,29.88364028930664,0.738679051399231
tile_r018275_c011107,3,140.15135192871094,89.26692199707031,195.01785278320312,139.52891540527344,0.7195464968681335
tile_r018275_c011107,3,283.8345642089844,140.5904541015625,333.7063903808594,186.452392578125,0.6809906959533691
tile_r018275_c011107,3,294.9833374023437,23.692598342895508,335.2608947753906,60.912071228027344,0.5600999593734741
tile_r018275_c011107,3,0.0,390.9712219238281,31.1010799407959,434.2220764160156,0.4952849745750427
tile_r018275_c011107,3,136.1294708251953,0.0478347763419151,190.59719848632807,18.059749603271484,0.3365786075592041
tile_r018275_c011107,3,307.4414978027344,351.0096435546875,374.0905456542969,415.364501953125,0.2911165058612823
tile_r018275_c011107,3,304.31707763671875,347.6379089355469,376.36907958984375,419.2903747558594,0.2702669501304626
tile_r018275_c011107,3,0.0,386.0962524414063,36.29140090942383,437.4910278320313,0.1474596709012985
tile_r018275_c011107,3,372.0363464355469,300.86474609375,437.5619201660156,361.7996215820313,0.1423099935054779
tile_r018275_c011107,3,293.71826171875,21.017189025878903,337.63885498046875,62.76000213623047,0.1415115594863891
tile_r018275_c011107,3,0.5149307250976562,498.6678161621094,35.846885681152344,512.0,0.1388711929321289
tile_r018275_c011107,3,142.612548828125,0.0,185.27818298339844,12.934026718139648,0.1053322702646255
tile_r018275_c011107,3,130.08506774902344,0.1121063232421875,201.3019256591797,23.13828468322754,0.0944920405745506
tile_r018275_c011107,3,286.08233642578125,142.8376922607422,331.61163330078125,183.8636016845703,0.0931511297821998
tile_r018275_c011107,3,0.0,390.8238220214844,31.83304786682129,433.7135314941406,0.0930787399411201
tile_r018275_c011107,3,234.1930389404297,0.0478912368416786,280.8550109863281,26.014148712158203,0.0844539180397987
tile_r018275_c011107,3,243.105712890625,256.64654541015625,279.14569091796875,294.48199462890625,0.0535869300365448
tile_r018275_c011107,3,144.12979125976562,0.0016393661499023,185.42459106445312,10.929594039916992,0.0501856803894043
tile_r018275_c011107,3,0.0,502.1962890625,30.40713882446289,512.0,0.0465172305703163
tile_r018275_c011107,3,289.25762939453125,312.1165466308594,316.87994384765625,339.07666015625,0.0387864485383033
tile_r018275_c011107,3,0.0,501.05657958984375,30.101205825805664,512.0,0.0297384299337863
tile_r018275_c011107,3,411.180419921875,501.47113037109375,478.0192260742188,512.0,0.0286428835242986
tile_r018275_c011107,3,399.8525085449219,499.8872680664063,473.42431640625,512.0,0.0241432376205921
tile_r018275_c011107,3,143.09751892089844,91.91790008544922,192.3409423828125,136.15719604492188,0.0215780921280384
tile_r018275_c011107,3,0.0,504.3785095214844,34.55098342895508,512.0,0.0200335029512643
tile_r018275_c011107,3,143.44778442382812,0.0638717636466026,188.9890289306641,15.002278327941896,0.0157334692776203
tile_r018275_c011107,3,357.3069152832031,0.0,394.2291564941406,6.004254817962647,0.014305985532701
tile_r018275_c011107,3,0.0,496.1530151367188,40.206356048583984,512.0,0.0133274300023913
tile_r018275_c011107,3,448.88525390625,500.8642578125,508.4226684570313,512.0,0.0114188184961676
tile_r018275_c011107,3,127.81681823730467,0.0,180.8046417236328,11.494536399841309,0.0113565092906355
tile_r018275_c011107,3,419.4657287597656,501.2272033691406,492.8685607910156,512.0,0.0109801003709435
tile_r018275_c011107,3,144.9152374267578,0.0,188.9261016845703,7.339970588684082,0.0096808029338717
tile_r018275_c011107,3,452.8853454589844,505.3780822753906,504.9888610839844,512.0,0.0087182838469743
tile_r018275_c011107,3,135.94287109375,0.0,185.00344848632807,13.201440811157228,0.0085351858288049
tile_r018275_c011107,3,350.73016357421875,0.0906722992658615,397.7034301757813,11.71635627746582,0.0083225527778267
tile_r018275_c011107,3,400.3233947753906,505.4991149902344,461.1119995117188,512.0,0.007825301028788
tile_r018275_c011107,3,428.68157958984375,500.5867614746094,503.7283325195313,512.0,0.0072541814297437
tile_r018275_c011107,3,406.39752197265625,505.2411193847656,465.353515625,512.0,0.0072033437900245
tile_r018275_c011107,3,0.0,491.07171630859375,37.60004806518555,511.4901428222656,0.0070192795246839
tile_r018275_c011107,3,412.8433532714844,505.3845825195313,469.7643127441406,512.0,0.0066248034127056
tile_r018275_c011107,3,395.6070251464844,505.6692810058594,454.05560302734375,512.0,0.006572519429028
tile_r018275_c011107,3,337.55780029296875,357.2892150878906,372.7752990722656,386.0748596191406,0.0065174372866749
tile_r018275_c011107,3,351.62469482421875,0.0101573942229151,392.86138916015625,7.603132724761963,0.0065008290112018
tile_r018275_c011107,3,339.5708923339844,0.082417294383049,396.4857482910156,12.9973783493042,0.0058867721818387
tile_r018275_c011107,3,288.69805908203125,309.8825988769531,319.79107666015625,341.304931640625,0.0058782007545232
tile_r018275_c011107,3,0.0,485.752197265625,40.601707458496094,511.699951171875,0.0057994406670331
tile_r018275_c011107,3,444.3492126464844,505.907958984375,502.088134765625,512.0,0.00555120408535
tile_r018275_c011107,3,387.1148071289063,498.3597717285156,468.8114318847656,512.0,0.0052051763050258
tile_r018275_c011107,3,436.344482421875,506.1048278808594,497.8981018066406,512.0,0.0051926975138485
tile_r018275_c011107,3,468.2820739746094,500.714111328125,509.7239685058594,511.8786010742188,0.0051621329039335
tile_r018275_c011107,3,155.09616088867188,0.0,210.2952423095703,18.33136749267578,0.0046757292002439
tile_r018275_c011107,3,118.97196197509766,0.0,172.5741729736328,8.946146011352539,0.0043952004052698
tile_r018275_c011107,3,391.41314697265625,489.58197021484375,486.7029724121094,511.8131408691406,0.0043635545298457
tile_r018275_c011107,3,389.44427490234375,505.7381286621094,446.0760192871094,512.0,0.0041584470309317
tile_r018275_c011107,3,263.814208984375,217.22335815429688,292.14715576171875,250.45187377929688,0.0041187899187207
tile_r018275_c011107,3,298.5963439941406,27.64702796936035,331.2684936523437,57.85333251953125,0.0040296311490237
tile_r018275_c011107,3,0.0,497.0887756347656,27.682138442993164,511.77337646484375,0.0040236134082078
tile_r018275_c011107,3,222.85708618164065,0.0,294.45172119140625,36.556549072265625,0.0038860158529132
tile_r018275_c011107,3,0.0,496.21478271484375,20.58621025085449,511.728271484375,0.0035656858235597
tile_r018275_c011107,3,119.9990692138672,0.263323962688446,208.8906707763672,33.39909744262695,0.0032615752425044
tile_r018275_c011107,3,401.7267456054688,490.8550415039063,493.14642333984375,512.0,0.0032609242480248
tile_r018275_c011107,3,0.0,498.2076110839844,30.081506729125977,511.5347595214844,0.0032239549327641
tile_r018275_c011107,3,425.1804809570313,506.715576171875,492.318603515625,512.0,0.0031585176475346
tile_r018275_c011107,3,502.11962890625,479.20208740234375,512.0,512.0,0.003153060330078
tile_r018275_c011107,3,0.0608474723994731,317.9034423828125,11.81499481201172,377.8534240722656,0.0028624155092984
tile_r018275_c011107,3,380.8567504882813,506.14349365234375,436.99810791015625,512.0,0.0027603551279753
tile_r018275_c011107,3,217.5936584472656,0.366189569234848,298.97247314453125,46.28678512573242,0.0026360382325947
tile_r018275_c011107,3,0.0,203.4804229736328,5.606973648071289,243.4604034423828,0.0026009280700236
tile_r018275_c011107,3,5.514950752258301,499.2726135253906,46.68817901611328,511.8469848632813,0.002514787716791
tile_r018275_c011107,3,304.812744140625,0.1489593535661697,374.66058349609375,13.047203063964844,0.0024602881167083
tile_r018275_c011107,3,372.9138793945313,498.43304443359375,458.1239318847656,512.0,0.0024217292666435
tile_r018275_c011107,3,501.9800720214844,458.7713012695313,512.0,510.7750854492188,0.0023486027494072
tile_r018275_c011107,3,417.05029296875,505.6422424316406,478.2024536132813,512.0,0.0023396147880703
tile_r018275_c011107,3,0.0,330.6383361816406,8.911972045898438,378.00689697265625,0.0021988081280142
tile_r018275_c011107,3,0.0036300658248364,205.4232635498047,9.053630828857422,252.59213256835935,0.0021473220549523
tile_r018275_c011107,3,0.0,213.6620178222656,4.619508266448975,246.7357482910156,0.0020912028849124
tile_r018275_c011107,3,144.37530517578125,0.0108753200620412,197.46566772460935,4.720476150512695,0.0020109515171498
tile_r018275_c011107,3,0.0,197.7916412353516,5.669989585876465,238.24038696289065,0.0019999402575194
tile_r018275_c011107,3,0.0027969360817223,194.3453063964844,11.712449073791504,248.309814453125,0.001986208371818
tile_r018275_c011107,3,378.262451171875,486.1883850097656,479.872802734375,511.64202880859375,0.001984744798392
tile_r018275_c011107,3,419.6001586914063,506.2825622558594,486.9187622070313,512.0,0.0019419786985963
tile_r018275_c011107,3,376.454833984375,505.9259338378906,432.1184997558594,512.0,0.0018937196582555
tile_r018275_c011107,3,291.9173278808594,17.308908462524414,342.11236572265625,66.60772705078125,0.0018590558320283
tile_r018275_c011107,3,464.7125854492188,505.5016174316406,505.0325622558594,511.98577880859375,0.0018311841413378
tile_r018275_c011107,3,486.17578125,497.1842651367188,512.0,512.0,0.0018229524139314
tile_r018275_c011107,3,356.9385986328125,0.0,401.6759643554688,4.919241905212402,0.0018116927240043
tile_r018275_c011107,3,505.725830078125,467.2337951660156,512.0,510.44769287109375,0.0018096208805218
tile_r018275_c011107,3,297.2262268066406,0.0485519394278526,353.7783508300781,13.319355964660645,0.001763951499015
tile_r018275_c011107,3,242.60574340820312,258.23297119140625,278.93341064453125,292.2538452148437,0.0016995164332911
tile_r018275_c011107,3,0.0574546828866004,326.29852294921875,5.347858428955078,372.4736633300781,0.0016459634061902
tile_r018275_c011107,3,417.68304443359375,489.0589904785156,507.26605224609375,511.9562072753906,0.0016404688358306
tile_r018275_c011107,3,356.0735778808594,0.1788085997104644,412.9341735839844,12.923993110656738,0.0016285860911011
tile_r018275_c011107,3,0.0,501.9407348632813,22.024599075317383,512.0,0.0016013614367693
tile_r018275_c011107,3,470.61474609375,507.323974609375,508.2302856445313,511.9197692871094,0.0015397972892969
tile_r018275_c011107,3,0.0,370.2610473632813,42.90454864501953,445.2642211914063,0.0015120001044124
tile_r018275_c011107,3,0.0,195.99465942382807,5.286972999572754,230.47091674804688,0.0014735563891008
tile_r018275_c011107,3,0.0758773833513259,304.2898254394531,13.046483993530272,372.2135620117188,0.0014710957184433
tile_r018275_c011107,3,316.30499267578125,506.9483337402344,360.5506591796875,512.0,0.0014360038330778
tile_r018275_c011107,3,0.0328672416508197,329.4808349609375,5.018747806549072,377.541748046875,0.0014297773595899
tile_r018275_c011107,3,0.0446578972041606,321.4324645996094,5.442471504211426,367.4044189453125,0.0014141121646389
tile_r018275_c011107,3,1.0108611583709717,360.1757202148437,44.61600112915039,457.8937072753906,0.0014033420011401
tile_r018275_c011107,3,343.18994140625,0.0155017850920557,393.4348449707031,8.068037986755371,0.0013627295847982
tile_r018275_c011107,3,138.71595764160156,0.0,218.56967163085935,33.593345642089844,0.0013157385401427
tile_r018275_c011107,3,309.7865600585937,506.32720947265625,355.6219787597656,512.0,0.0013007913948968
tile_r018275_c011107,3,247.46292114257807,0.0,298.33160400390625,26.92445945739746,0.0012903705937787
tile_r018275_c011107,3,0.0,190.80442810058597,5.097796440124512,222.6050567626953,0.001251897891052
tile_r018275_c011107,3,318.19268798828125,0.1081878691911697,397.10162353515625,13.767950057983398,0.0012145986547693
tile_r018275_c011107,3,263.5070495605469,219.71987915039065,289.68389892578125,248.1940155029297,0.0011755359591916
tile_r018275_c011107,3,0.0,370.4040222167969,47.61737823486328,463.2120971679688,0.0011505690636113
tile_r018275_c011107,3,357.83184814453125,499.1138610839844,444.9454040527344,512.0,0.0010500121861696
tile_r018275_c011107,3,0.0,506.6873168945313,45.20758056640625,511.90325927734375,0.001046011922881
tile_r018275_c011107,3,427.3966674804688,489.5286254882813,511.0271911621094,512.0,0.0010449257679283
tile_r018275_c011363,3,266.4162292480469,472.88970947265625,320.83984375,512.0,0.8513174653053284
tile_r018275_c011363,3,88.55509185791016,168.33486938476562,136.86703491210938,217.6828155517578,0.8090957999229431
tile_r018275_c011363,3,379.0600891113281,7.515324592590332,431.8990173339844,56.02266693115234,0.808064341545105
tile_r018275_c011363,3,118.66722106933594,303.6585693359375,178.8944549560547,359.77197265625,0.7903385758399963
tile_r018275_c011363,3,430.78363037109375,134.3564910888672,474.0025024414063,175.23089599609375,0.7242114543914795
tile_r018275_c011363,3,27.6445369720459,140.3689727783203,77.89811706542969,186.79251098632807,0.6782727837562561
tile_r018275_c011363,3,494.0755004882813,3.4128479957580566,511.9366760253906,39.34893035888672,0.5954160094261169
tile_r018275_c011363,3,0.0,0.0,29.359542846679688,31.733043670654297,0.5526084899902344
tile_r018275_c011363,3,52.0859375,351.3163452148437,118.07413482666016,415.15716552734375,0.4258195757865906
tile_r018275_c011363,3,36.843868255615234,19.930805206298828,82.17729187011719,63.5970344543457,0.4185442924499511
tile_r018275_c011363,3,38.1192741394043,22.77883529663086,79.8050765991211,61.92372894287109,0.4100306928157806
tile_r018275_c011363,3,495.4949340820313,283.7552185058594,511.9686584472656,330.5648498535156,0.296819806098938
tile_r018275_c011363,3,0.0006042480235919,256.19024658203125,23.75922966003418,297.4696044921875,0.276296466588974
tile_r018275_c011363,3,49.28111267089844,347.96600341796875,120.3417510986328,418.9630432128906,0.1745855063199997
tile_r018275_c011363,3,116.4701919555664,301.268798828125,181.30520629882807,361.5138549804688,0.1202530190348625
tile_r018275_c011363,3,30.076892852783203,142.7281036376953,75.77436828613281,184.05142211914065,0.0885736718773841
tile_r018275_c011363,3,497.42138671875,4.849808692932129,512.0,36.06771087646485,0.080592043697834
tile_r018275_c011363,3,498.0240783691406,287.25213623046875,512.0,326.68658447265625,0.05301970615983
tile_r018275_c011363,3,486.1080627441406,0.0,512.0,47.804195404052734,0.0406029857695102
tile_r018275_c011363,3,497.46881103515625,288.0643005371094,512.0,327.88623046875,0.0370282903313636
tile_r018275_c011363,3,495.49072265625,8.3595609664917,512.0,36.30345916748047,0.0315939337015152
tile_r018275_c011363,3,501.8517150878906,285.5881042480469,512.0,323.76287841796875,0.0291694458574056
tile_r018275_c011363,3,490.25823974609375,0.1314437836408615,512.0,42.10546112060547,0.0225267447531223
tile_r018275_c011363,3,33.77368927001953,312.77545166015625,60.746337890625,338.92108154296875,0.0218609571456909
tile_r018275_c011363,3,0.2250732481479644,248.6830139160156,28.94573974609375,303.51446533203125,0.0211490578949451
tile_r018275_c011363,3,0.0,0.3876678347587585,27.10750389099121,29.878204345703125,0.0204921439290046
tile_r018275_c011363,3,155.16709899902344,501.64447021484375,221.61087036132807,512.0,0.0200099628418684
tile_r018275_c011363,3,143.47410583496094,500.2820739746094,216.88919067382807,512.0,0.0159487836062908
tile_r018275_c011363,3,0.5971145629882812,258.4669189453125,21.17658424377441,291.95782470703125,0.012495576404035
tile_r018275_c011363,3,498.33685302734375,289.2151794433594,511.890380859375,328.1609191894531,0.0121497046202421
tile_r018275_c011363,3,82.091796875,357.51776123046875,116.4971694946289,386.2303161621094,0.0106060011312365
tile_r018275_c011363,3,375.3591613769531,3.786520481109619,436.3026428222656,61.67696380615234,0.0105136521160602
tile_r018275_c011363,3,497.54833984375,290.7961730957031,512.0,329.35211181640625,0.0101738013327121
tile_r018275_c011363,3,101.50028228759766,0.0,138.06675720214844,5.761317253112793,0.0097652347758412
tile_r018275_c011363,3,499.9790649414063,1.502203345298767,511.91595458984375,31.68412399291992,0.0086233261972665
tile_r018275_c011363,3,163.74649047851562,501.50433349609375,233.81124877929688,512.0,0.008015583269298
tile_r018275_c011363,3,427.5693359375,129.9858856201172,478.1204223632813,179.73268127441406,0.0069563705474138
tile_r018275_c011363,3,486.758544921875,0.0453388206660747,512.0,10.16666316986084,0.0068108239211142
tile_r018275_c011363,3,144.910400390625,505.8790893554688,204.7574920654297,512.0,0.0055726221762597
tile_r018275_c011363,3,94.68206787109376,0.1069168075919151,142.49008178710938,11.519505500793455,0.0055239498615264
tile_r018275_c011363,3,485.0094299316406,273.5514221191406,512.0,340.4664611816406,0.0054507404565811
tile_r018275_c011363,3,0.0,0.0,44.26807403564453,56.8104133605957,0.0053303213790059
tile_r018275_c011363,3,498.9632263183594,293.19189453125,511.7737426757813,336.142578125,0.0052305082790553
tile_r018275_c011363,3,189.4577789306641,501.611328125,251.54055786132807,512.0,0.0051080407574772
tile_r018275_c011363,3,151.00836181640625,505.6507873535156,208.8144073486328,512.0,0.0049775866791605
tile_r018275_c011363,3,140.00152587890625,506.03619384765625,197.91134643554688,512.0,0.004777702037245
tile_r018275_c011363,3,506.98333740234375,194.5992431640625,512.0,251.9076385498047,0.0047392155975103
tile_r018275_c011363,3,505.5888671875,326.0311889648437,512.0,370.85784912109375,0.004673286806792
tile_r018275_c011363,3,157.44869995117188,505.7975158691406,213.19039916992188,512.0,0.0044928444549441
tile_r018275_c011363,3,0.3642677366733551,260.7613220214844,19.54743003845215,292.5804138183594,0.0044759693555533
tile_r018275_c011363,3,95.8764190673828,0.003373336745426,136.34268188476562,7.282164573669434,0.0043603321537375
tile_r018275_c011363,3,171.99676513671875,501.0318908691406,247.7886962890625,512.0,0.0042219059541821
tile_r018275_c011363,3,500.879638671875,85.22727966308594,511.87744140625,137.78945922851562,0.0041019059717655
tile_r018275_c011363,3,130.20968627929688,499.0970153808594,212.16763305664065,512.0,0.003990564495325
tile_r018275_c011363,3,507.0704650878906,277.81158447265625,511.9544067382813,319.63262939453125,0.003928112797439
tile_r018275_c011363,3,507.228271484375,83.85731506347656,512.0,124.0723876953125,0.003862167475745
tile_r018275_c011363,3,83.24452209472656,0.0897445678710937,140.20480346679688,12.648199081420898,0.0037557811010628
tile_r018275_c011363,3,506.44329833984375,191.05514526367188,512.0,246.826416015625,0.0036526687908917
tile_r018275_c011363,3,500.7788696289063,198.51612854003903,511.9353637695313,264.2598571777344,0.0035858610644936
tile_r018275_c011363,3,491.1622619628906,272.8453063964844,512.0,332.32110595703125,0.0034074976574629
tile_r018275_c011363,3,500.1063537597656,289.26904296875,511.9791564941406,353.6557312011719,0.0032523537520319
tile_r018275_c011363,3,505.4253540039063,198.4897003173828,512.0,257.2229919433594,0.0032180577982217
tile_r018275_c011363,3,507.0905151367188,318.7987060546875,512.0,366.0794067382813,0.0030978645663708
tile_r018275_c011363,3,260.2640991210937,466.7064514160156,328.3118896484375,512.0,0.0030835282523185
tile_r018275_c011363,3,133.51931762695312,506.1626586914063,190.0687713623047,512.0,0.0029765234794467
tile_r018275_c011363,3,197.04171752929688,506.19873046875,248.67404174804688,512.0,0.002975509269163
tile_r018275_c011363,3,42.42578887939453,27.01238441467285,75.6790542602539,58.165809631347656,0.0028178147040307
tile_r018275_c011363,3,500.271728515625,74.56201934814453,511.906005859375,132.0078887939453,0.0026893175672739
tile_r018275_c011363,3,206.138671875,501.7828979492188,254.6201629638672,511.79437255859375,0.0026777172461152
tile_r018275_c011363,3,32.78956985473633,311.1064147949219,62.9576530456543,341.2287292480469,0.0025416766293346
tile_r018275_c011363,3,134.56289672851562,489.9403381347656,230.71749877929688,511.86468505859375,0.0024745115078985
tile_r018275_c011363,3,188.77587890625,506.52838134765625,245.3531188964844,512.0,0.0024728255812078
tile_r018275_c011363,3,47.88240432739258,0.1513595581054687,116.61369323730467,12.762528419494627,0.002436445094645
tile_r018275_c011363,3,180.6637420654297,506.6935424804688,241.1667938232422,512.0,0.0023557115346193
tile_r018275_c011363,3,34.96727752685547,16.186126708984375,86.77836608886719,67.3732681274414,0.0023521506227552
tile_r018275_c011363,3,498.2328186035156,289.7591552734375,511.9500122070313,335.0874938964844,0.0023271357640624
tile_r018275_c011363,3,500.544189453125,185.6484222412109,511.9651489257813,256.3267822265625,0.0023094322532415
tile_r018275_c011363,3,507.9280700683594,187.6856231689453,512.0,240.9542999267578,0.0022839666344225
tile_r018275_c011363,3,501.3990173339844,92.48323822021484,511.8328247070313,156.3419189453125,0.0022664798889309
tile_r018275_c011363,3,499.2955017089844,0.003145980881527,512.0,16.564434051513672,0.0022657962981611
tile_r018275_c011363,3,501.4331665039063,208.9376678466797,511.9217224121094,272.35186767578125,0.002241889713332
tile_r018275_c011363,3,507.0664978027344,76.28229522705078,512.0,119.52571868896484,0.0021630886476486
tile_r018275_c011363,3,124.87571716308594,506.564697265625,181.83822631835935,512.0,0.0020131510682404
tile_r018275_c011363,3,145.6516876220703,491.15472412109375,236.5186309814453,512.0,0.0019901802297681
tile_r018275_c011363,3,115.66291809082033,499.3131408691406,201.4137420654297,512.0,0.0019734699744731
tile_r018275_c011363,3,494.5073852539063,8.13194751739502,512.0,35.496360778808594,0.0019389956723898
tile_r018275_c011363,3,505.17724609375,328.2013244628906,512.0,377.7892761230469,0.0019172463798895
tile_r018275_c011363,3,161.76052856445312,506.057373046875,221.2477264404297,512.0,0.0018886756151914
tile_r018275_c011363,3,506.1158142089844,88.73853302001953,512.0,128.74575805664062,0.0018541594035923
tile_r018275_c011363,3,478.0128479003906,0.0699783340096473,510.95013427734375,7.532107353210449,0.0018095993436872
tile_r018275_c011363,3,39.751441955566406,0.0523391738533973,97.8682098388672,13.83347511291504,0.0017780056223273
tile_r018275_c011363,3,504.4451599121094,302.2421875,512.0,361.6819152832031,0.0017160632414743
tile_r018275_c011363,3,101.23162841796876,0.0,145.68357849121094,4.735230445861816,0.0015954466070979
tile_r018275_c011363,3,453.47308349609375,0.0,512.0,22.149066925048828,0.0015949740773066
tile_r018275_c011363,3,508.33056640625,182.5781097412109,512.0,234.5448303222656,0.0015840334817767
tile_r018275_c011363,3,500.6951599121094,133.6095428466797,511.7776489257813,201.72708129882807,0.0015828001778572
tile_r018275_c011363,3,500.9439392089844,145.62252807617188,511.78558349609375,215.3316192626953,0.0015156362205743
tile_r018275_c011363,3,505.6918029785156,203.73629760742188,512.0,262.9705810546875,0.001510274130851
tile_r018275_c011363,3,507.39251708984375,127.20256042480467,512.0,182.98236083984372,0.0015058496501296
tile_r018275_c011363,3,477.5240173339844,0.0,512.0,48.42464447021485,0.0014668947551399
tile_r018275_c011363,3,0.906811535358429,232.6075134277344,34.04635238647461,323.7797241210937,0.0014658098807558
tile_r018275_c011363,3,483.17681884765625,0.0,512.0,64.00667572021484,0.0014606257900595
tile_r018275_c011363,3,507.1320190429688,141.83148193359375,512.0,191.0419006347656,0.0014544180594384
tile_r018275_c011363,3,120.34171295166016,506.3191528320313,176.1502685546875,512.0,0.0014484586426988
tile_r018275_c011363,3,170.01870727539062,507.234375,235.92526245117188,512.0,0.0014437612844631
tile_r018275_c011363,3,164.4575958251953,506.7286987304688,229.8161163330078,512.0,0.0013622377300634
tile_r018275_c011363,3,500.2130432128906,59.30180740356445,512.0,126.10374450683594,0.0013343602186068
tile_r018275_c011363,3,504.7273559570313,144.03158569335938,512.0,196.39111328125,0.0012838720576837
tile_r018275_c011363,3,120.41490173339844,486.9457092285156,224.1435546875,511.7047729492188,0.001251482986845
tile_r018275_c011363,3,506.6450805664063,211.4468994140625,512.0,267.23211669921875,0.0012025503674522
tile_r018275_c011363,3,99.84284973144533,0.1773056089878082,160.52256774902344,12.832574844360352,0.0011999151902273
tile_r018275_c011363,3,500.8827209472656,170.22006225585938,511.9615783691406,246.9446563720703,0.0011658880393952
tile_r018275_c011363,3,87.49794006347656,0.0102424621582031,136.613037109375,7.733345031738281,0.0011527835158631
tile_r018275_c011363,3,495.9069213867188,10.3858642578125,512.0,53.359352111816406,0.0010925724636763
tile_r018275_c011363,3,506.8501586914063,220.0396270751953,512.0,272.62567138671875,0.0010684533044695
tile_r018275_c011363,3,499.423583984375,11.949353218078612,512.0,51.58737182617188,0.0010632959892973
tile_r018275_c011363,3,61.3546142578125,0.1080673187971115,139.51780700683594,13.236455917358398,0.0010578617220744
tile_r018275_c011363,3,506.1053161621094,262.23663330078125,512.0,312.7367553710937,0.0010547613492235
tile_r018275_c011363,3,0.221475213766098,242.6786651611328,35.5584716796875,329.548828125,0.0010477628093212
tile_r018275_c011363,3,507.2743225097656,118.42613220214844,512.0,176.57516479492188,0.0010419590398669
tile_r018275_c011363,3,208.1504821777344,506.3003540039063,250.1289520263672,512.0,0.0010331292869523
tile_r018275_c011363,3,508.650146484375,136.58090209960938,512.0,187.7637634277344,0.0010159632656723
tile_r018275_c011619,3,11.489453315734863,473.3970642089844,64.7021713256836,512.0,0.8559000492095947
tile_r018275_c011619,3,381.7847595214844,445.5738220214844,432.19720458984375,493.6838989257813,0.8493387699127197
tile_r018275_c011619,3,380.0605163574219,301.7137451171875,433.0661010742188,353.135009765625,0.8206596374511719
tile_r018275_c011619,3,123.3927764892578,7.856959342956543,175.5498504638672,55.75347900390625,0.8087961673736572
tile_r018275_c011619,3,236.2616271972656,273.79473876953125,294.08154296875,330.51495361328125,0.7693425416946411
tile_r018275_c011619,3,234.8444366455078,0.0313583388924598,307.1953125,38.08583831787109,0.7498791217803955
tile_r018275_c011619,3,174.96299743652344,134.25222778320312,218.2892303466797,175.07656860351562,0.7216324806213379
tile_r018275_c011619,3,341.3384704589844,483.7482299804688,400.5084838867188,511.9187927246094,0.6420464515686035
tile_r018275_c011619,3,335.2492980957031,178.20481872558594,391.8479309082031,230.9879608154297,0.607495903968811
tile_r018275_c011619,3,319.48797607421875,0.0,372.0679626464844,26.309783935546875,0.5894587635993958
tile_r018275_c011619,3,390.5708923339844,75.70941162109375,437.3211059570313,118.6608657836914,0.5746192932128906
tile_r018275_c011619,3,418.9649353027344,202.50575256347656,458.7976989746094,237.2102813720703,0.5293543338775635
tile_r018275_c011619,3,242.6086883544922,207.64303588867188,295.28741455078125,261.5085144042969,0.4353585243225097
tile_r018275_c011619,3,471.46478271484375,494.095947265625,510.9039916992188,512.0,0.3249465823173523
tile_r018275_c011619,3,386.3931884765625,72.38536071777344,440.7134704589844,123.01399230957033,0.3191593587398529
tile_r018275_c011619,3,333.1792907714844,176.3035430908203,393.4830932617188,233.48745727539065,0.2816185057163238
tile_r018275_c011619,3,245.53823852539065,210.3517608642578,292.43084716796875,258.2248229980469,0.2374800890684127
tile_r018275_c011619,3,325.72918701171875,0.0395111069083213,367.5372314453125,22.15891456604004,0.1986236721277237
tile_r018275_c011619,3,469.3170471191406,490.3895568847656,510.7379760742188,511.9740295410156,0.1532733291387558
tile_r018275_c011619,3,464.4583435058594,492.2903747558594,512.0,511.94775390625,0.0739825516939163
tile_r018275_c011619,3,441.6844787597656,328.44940185546875,496.0657653808594,376.3237915039063,0.0622604079544544
tile_r018275_c011619,3,471.9541015625,497.3697814941406,508.9861450195313,512.0,0.0606745295226573
tile_r018275_c011619,3,347.86090087890625,488.25042724609375,397.9808044433594,511.7199096679688,0.0453121364116668
tile_r018275_c011619,3,235.10543823242188,271.55126953125,295.8607788085937,331.2637023925781,0.0374262817203998
tile_r018275_c011619,3,242.3766326904297,0.1382919251918792,303.01641845703125,32.580135345458984,0.0356727689504623
tile_r018275_c011619,3,456.2290954589844,485.8368225097656,512.0,512.0,0.0281430426985025
tile_r018275_c011619,3,476.4142456054688,498.65716552734375,508.428466796875,512.0,0.0262634884566068
tile_r018275_c011619,3,232.9322204589844,269.8743896484375,298.27264404296875,334.5285949707031,0.0187903381884098
tile_r018275_c011619,3,345.8602905273437,490.4083862304688,391.690673828125,511.56494140625,0.0148987546563148
tile_r018275_c011619,3,230.3739318847656,0.0,312.46600341796875,42.84640884399414,0.0120516903698444
tile_r018275_c011619,3,475.2893981933594,496.1045837402344,508.5028381347656,511.44873046875,0.0115973893553018
tile_r018275_c011619,3,119.8271255493164,4.092648506164551,179.98043823242188,61.383262634277344,0.0108059393242001
tile_r018275_c011619,3,480.1329956054688,495.9278869628906,511.9544982910156,511.9241638183594,0.0091320080682635
tile_r018275_c011619,3,421.1437072753906,204.1904754638672,457.34710693359375,235.389892578125,0.0078122178092598
tile_r018275_c011619,3,244.8907012939453,209.8656768798828,292.726318359375,260.5184020996094,0.0075169997289776
tile_r018275_c011619,3,171.7626495361328,129.77456665039062,222.5193328857422,179.59254455566406,0.0057822503149509
tile_r018275_c011619,3,311.57403564453125,0.0,382.6481323242188,32.22638702392578,0.0056863841600716
tile_r018275_c011619,3,418.3462829589844,201.64585876464844,460.6384887695313,238.2465362548828,0.005525073967874
tile_r018275_c011619,3,345.02911376953125,490.6461486816406,385.0079956054688,511.8228149414063,0.0051953680813312
tile_r018275_c011619,3,437.8229370117188,322.2354736328125,502.397705078125,383.9796447753906,0.0041910926811397
tile_r018275_c011619,3,375.55218505859375,440.3374938964844,438.326416015625,501.556884765625,0.0033828248269855
tile_r018275_c011619,3,256.8663635253906,500.7676696777344,329.1724853515625,512.0,0.0027929246425628
tile_r018275_c011619,3,332.724609375,475.3880920410156,408.0372619628906,512.0,0.0023210700601339
tile_r018275_c011619,3,375.2400207519531,297.46551513671875,438.6402282714844,358.60504150390625,0.0022235540673136
tile_r018275_c011619,3,5.7392120361328125,465.7725524902344,73.15523529052734,512.0,0.0022193591576069
tile_r018275_c011619,3,268.2325744628906,500.8626403808594,342.10968017578125,511.9454040527344,0.0021049829665571
tile_r018275_c011619,3,0.0,495.4563598632813,8.313014030456543,511.9075622558594,0.0020155599340796
tile_r018275_c011619,3,255.845458984375,0.1346298158168792,302.2022399902344,25.23692512512207,0.001955481711775
tile_r018275_c011619,3,241.0370635986328,0.0,306.6083068847656,11.786001205444336,0.0017335972515866
tile_r018275_c011619,3,222.45925903320312,0.723406970500946,312.2442321777344,54.88591766357422,0.0017158302944153
tile_r018275_c011619,3,379.2556762695313,299.73065185546875,435.1539611816406,354.0875244140625,0.0016842569457367
tile_r018275_c011619,3,243.5530548095703,500.5187072753906,319.7191772460937,512.0,0.0016823593759909
tile_r018275_c011619,3,303.6727905273437,506.6249084472656,350.93609619140625,512.0,0.0015911775408312
tile_r018275_c011619,3,302.1497802734375,0.0,385.6218566894531,42.938507080078125,0.0015541169559583
tile_r018275_c011619,3,439.02545166015625,505.0944213867188,483.498291015625,512.0,0.0015344460261985
tile_r018275_c011619,3,318.86260986328125,0.8368469476699829,388.86419677734375,39.29991912841797,0.0015249251155182
tile_r018275_c011619,3,312.5370483398437,506.85394287109375,352.8044738769531,512.0,0.0013935194583609
tile_r018275_c011619,3,448.1055603027344,503.3052673339844,488.66314697265625,512.0,0.0013500358909368
tile_r018275_c011619,3,237.6417999267578,0.0,316.801513671875,50.41100311279297,0.0013360051671043
tile_r018275_c011619,3,310.2166748046875,0.0,360.36077880859375,10.164624214172363,0.0013127732090651
tile_r018275_c011619,3,280.4266052246094,500.3269958496094,358.31494140625,511.9093322753906,0.001311540370807
tile_r018275_c011619,3,303.4520568847656,299.4120483398437,355.14532470703125,337.92742919921875,0.0012909889919683
tile_r018275_c011619,3,501.3836364746094,304.65972900390625,512.0,366.1082153320313,0.0012825356097891
tile_r018275_c011619,3,448.84271240234375,491.9407653808594,512.0,512.0,0.001270793727599
tile_r018275_c011619,3,415.393798828125,197.24136352539065,463.29888916015625,241.0699157714844,0.0011330832494422
tile_r018275_c011619,3,297.8259582519531,497.584228515625,374.3101806640625,511.9302368164063,0.0011236544232815
tile_r018275_c011619,3,329.1418762207031,389.2893676757813,355.7388000488281,409.0843200683594,0.0011160690337419
tile_r018275_c011619,3,316.297607421875,505.63720703125,356.8464050292969,512.0,0.001100989524275
tile_r018275_c011619,3,243.1251983642578,506.2403259277344,296.3255310058594,512.0,0.0010322812013328
tile_r018275_c011619,3,464.968017578125,498.2594604492188,505.4227600097656,511.9768981933594,0.0010273990919813
tile_r018275_c011619,3,447.6270446777344,333.9141845703125,493.04443359375,371.1481628417969,0.0010196549119427
tile_r018531_c010083,3,354.0008850097656,1.0531829595565796,409.135986328125,51.88239288330078,0.8925589323043823
tile_r018531_c010083,3,174.9010467529297,221.8939666748047,235.0047912597656,278.0834350585937,0.8733131885528564
tile_r018531_c010083,3,42.98220443725586,248.9254150390625,114.0360107421875,314.79278564453125,0.8442465662956238
tile_r018531_c010083,3,354.59393310546875,380.65087890625,410.040771484375,431.2235412597656,0.83167964220047
tile_r018531_c010083,3,79.84916687011719,132.2379608154297,123.64892578125,172.89662170410156,0.6909694075584412
tile_r018531_c010083,3,488.29931640625,28.35869789123535,512.0,82.32978820800781,0.6452677249908447
tile_r018531_c010083,3,443.7532653808594,117.1489715576172,502.3546752929688,174.4651641845703,0.6324114799499512
tile_r018531_c010083,3,21.08527374267578,122.12736511230467,60.25180816650391,155.99713134765625,0.5727332234382629
tile_r018531_c010083,3,495.4622192382813,165.97689819335938,511.9947814941406,207.4126739501953,0.5687376856803894
tile_r018531_c010083,3,1.395898461341858,366.2493896484375,43.17070007324219,409.9295349121094,0.5287461876869202
tile_r018531_c010083,3,422.4454956054688,420.2272033691406,485.9419860839844,474.2222595214844,0.4960417747497558
tile_r018531_c010083,3,424.8871154785156,422.69134521484375,483.7595825195313,470.9913024902344,0.4689992070198059
tile_r018531_c010083,3,101.2629165649414,479.9374084472656,135.1934051513672,511.4324340820313,0.4459141194820404
tile_r018531_c010083,3,124.31047058105467,61.7157096862793,154.6275177001953,93.3927764892578,0.4118027091026306
tile_r018531_c010083,3,0.0,30.8217716217041,15.207809448242188,80.59427642822266,0.2470543831586837
tile_r018531_c010083,3,0.0,35.03460693359375,10.957507133483888,76.96728515625,0.2018205523490905
tile_r018531_c010083,3,19.781566619873047,120.68550872802734,62.82146453857422,158.2081298828125,0.1975618153810501
tile_r018531_c010083,3,121.5179672241211,59.124786376953125,157.1748809814453,96.81951904296876,0.1924881786108017
tile_r018531_c010083,3,10.88926887512207,423.6907653808594,46.7674446105957,456.9450073242188,0.1795037686824798
tile_r018531_c010083,3,104.4364013671875,481.4806518554688,132.5694580078125,509.577392578125,0.1467167288064956
tile_r018531_c010083,3,492.2251586914063,159.74339294433594,512.0,210.03759765625,0.124329961836338
tile_r018531_c010083,3,490.555419921875,33.97846221923828,511.976318359375,79.8322525024414,0.1206617280840873
tile_r018531_c010083,3,496.655029296875,168.9154510498047,512.0,203.12368774414065,0.1050522178411483
tile_r018531_c010083,3,494.16455078125,34.78784942626953,512.0,79.8388900756836,0.0567914433777332
tile_r018531_c010083,3,0.8739593625068665,364.4777221679688,45.00780487060547,411.1416015625,0.0454372465610504
tile_r018531_c010083,3,448.5530700683594,120.60401916503906,499.3189086914063,169.68800354003906,0.0417088493704795
tile_r018531_c010083,3,0.0,18.4924259185791,18.38584327697754,83.50430297851562,0.0282248444855213
tile_r018531_c010083,3,82.43408203125,134.1103973388672,121.3181610107422,170.03199768066406,0.0256312228739261
tile_r018531_c010083,3,0.0300764087587595,33.825286865234375,9.399049758911133,74.09541320800781,0.025580309331417
tile_r018531_c010083,3,61.42858123779297,157.08505249023438,84.89361572265625,178.9937744140625,0.0254529565572738
tile_r018531_c010083,3,59.76190948486328,0.1395278871059417,120.65928649902344,12.737798690795898,0.0246504172682762
tile_r018531_c010083,3,485.8810119628906,154.99795532226562,512.0,216.9116973876953,0.0227959007024765
tile_r018531_c010083,3,65.9543685913086,0.0108821867033839,116.92665100097656,6.11551570892334,0.0217622965574264
tile_r018531_c010083,3,0.0,254.97390747070312,11.35109519958496,311.383544921875,0.0208029691129922
tile_r018531_c010083,3,127.3867416381836,62.989707946777344,154.510009765625,90.15177154541016,0.0195187423378229
tile_r018531_c010083,3,0.0,37.698020935058594,5.834176063537598,74.03377532958984,0.0188360381871461
tile_r018531_c010083,3,71.2663803100586,0.0,119.7330322265625,5.145640850067139,0.0186273045837879
tile_r018531_c010083,3,0.0224191658198833,259.7832336425781,6.049003601074219,302.1278686523437,0.0179841630160808
tile_r018531_c010083,3,68.21825408935547,0.1409256011247635,120.2530288696289,11.248985290527344,0.0179090891033411
tile_r018531_c010083,3,445.4685974121094,119.14107513427734,500.33642578125,173.57310485839844,0.0172484498471021
tile_r018531_c010083,3,0.0337024703621864,32.636817932128906,10.009889602661133,71.71965026855469,0.017201455309987
tile_r018531_c010083,3,5.499783515930176,419.488525390625,51.83203125,462.9569396972656,0.016690868884325
tile_r018531_c010083,3,13.203605651855469,424.7355346679688,45.31072998046875,455.2539978027344,0.0143995080143213
tile_r018531_c010083,3,0.0,41.34542083740234,2.7687630653381348,75.93006896972656,0.0137106496840715
tile_r018531_c010083,3,97.85295867919922,474.7219848632813,139.70608520507812,511.7175903320313,0.0120463948696851
tile_r018531_c010083,3,172.44635009765625,218.9067840576172,237.77590942382807,280.1839294433594,0.0119058797135949
tile_r018531_c010083,3,493.8171997070313,39.12009048461914,512.0,80.0411376953125,0.0116873132064938
tile_r018531_c010083,3,60.608734130859375,0.0,113.34288024902344,6.724044799804688,0.0116591081023216
tile_r018531_c010083,3,0.0,262.0956420898437,7.838879585266113,316.8176574707031,0.0106413858011364
tile_r018531_c010083,3,0.0,244.4468231201172,15.842584609985352,309.58233642578125,0.0105894412845373
tile_r018531_c010083,3,497.3069458007813,31.44123268127441,512.0,76.8544921875,0.0096023483201861
tile_r018531_c010083,3,0.0252473838627338,25.558406829833984,9.103476524353027,66.7475814819336,0.0093865888193249
tile_r018531_c010083,3,0.0,266.7538146972656,4.187535762786865,307.08807373046875,0.0089925015345215
tile_r018531_c010083,3,0.0396392829716205,252.7475128173828,6.531846523284912,298.5047912597656,0.0087456153705716
tile_r018531_c010083,3,507.25921630859375,232.0791473388672,512.0,268.83447265625,0.0086886184290051
tile_r018531_c010083,3,74.68550109863281,0.0,123.02020263671876,3.917431354522705,0.008400646969676
tile_r018531_c010083,3,0.0,42.15182113647461,7.317658424377441,79.98302459716797,0.0077371667139232
tile_r018531_c010083,3,501.31781005859375,165.7858428955078,511.96429443359375,202.15444946289065,0.0076587973162531
tile_r018531_c010083,3,505.0257873535156,237.5778045654297,512.0,276.1971740722656,0.0076334667392075
tile_r018531_c010083,3,351.0592956542969,374.546875,415.18450927734375,437.4122009277344,0.0066455779597163
tile_r018531_c010083,3,484.1073303222656,507.177490234375,511.6958923339844,511.91204833984375,0.0061377719976007
tile_r018531_c010083,3,61.49457550048828,155.76492309570312,86.1363296508789,178.86305236816406,0.006128363776952
tile_r018531_c010083,3,73.94732666015625,0.1759353578090667,133.19403076171875,10.231500625610352,0.0058656856417655
tile_r018531_c010083,3,505.6530151367188,241.17947387695312,512.0,283.9083557128906,0.0056581669487059
tile_r018531_c010083,3,58.34869384765625,155.134033203125,86.45133209228516,181.77957153320312,0.0056262300349771
tile_r018531_c010083,3,0.0,41.55964279174805,1.5902942419052124,82.63102722167969,0.0050888606347143
tile_r018531_c010083,3,507.0927734375,223.6548767089844,512.0,264.92742919921875,0.0050882017239928
tile_r018531_c010083,3,499.97802734375,335.7347106933594,511.8534240722656,400.4767456054688,0.0050551081076264
tile_r018531_c010083,3,502.4546813964844,336.9203491210937,512.0,385.6781005859375,0.0048378692008554
tile_r018531_c010083,3,506.9430541992188,201.07614135742188,512.0,241.123779296875,0.0046909931115806
tile_r018531_c010083,3,481.8634338378906,20.78501892089844,511.8792419433594,89.6148910522461,0.0044595371000468
tile_r018531_c010083,3,507.35009765625,209.07095336914065,512.0,248.11062622070312,0.0044585969299077
tile_r018531_c010083,3,55.67982864379883,0.0,107.06520080566406,6.86260461807251,0.0042834118939936
tile_r018531_c010083,3,49.63131713867188,0.172341912984848,122.2026138305664,14.012456893920898,0.0041976450011134
tile_r018531_c010083,3,504.414794921875,301.1981811523437,512.0,352.3301086425781,0.0040304446592926
tile_r018531_c010083,3,0.3426666259765625,18.766271591186523,24.615459442138672,104.8447723388672,0.0039924448356032
tile_r018531_c010083,3,503.9508666992188,305.05889892578125,512.0,360.91839599609375,0.0036606236826628
tile_r018531_c010083,3,500.9951171875,175.1903076171875,512.0,221.5592803955078,0.0036263014189898
tile_r018531_c010083,3,0.0,272.59381103515625,6.030676364898682,321.5044250488281,0.003573638619855
tile_r018531_c010083,3,505.0304565429688,214.23306274414065,512.0,253.89114379882807,0.0035593872889876
tile_r018531_c010083,3,436.5657653808594,507.51080322265625,483.1669921875,512.0,0.0034327574539929
tile_r018531_c010083,3,505.0640563964844,245.397216796875,512.0,293.48760986328125,0.0033288921695202
tile_r018531_c010083,3,504.03955078125,188.56509399414065,512.0,232.26773071289065,0.0031910021789371
tile_r018531_c010083,3,503.3963317871094,27.508209228515625,512.0,70.27896881103516,0.0031123412773013
tile_r018531_c010083,3,495.755126953125,171.2870635986328,512.0,203.87083435058597,0.0031097992323338
tile_r018531_c010083,3,421.3171997070313,0.0059841154143214,462.1542053222656,5.327853679656982,0.0029288781806826
tile_r018531_c010083,3,472.0425720214844,507.3133850097656,512.0,512.0,0.0028852496761828
tile_r018531_c010083,3,503.82275390625,308.3896484375,512.0,370.6781311035156,0.0028274659998714
tile_r018531_c010083,3,499.86273193359375,323.6112365722656,511.8499145507813,393.27825927734375,0.0028267093002796
tile_r018531_c010083,3,501.9580993652344,337.07623291015625,512.0,392.3571472167969,0.0028264028951525
tile_r018531_c010083,3,0.0,2.806988477706909,23.622997283935547,72.58436584472656,0.0027409286703914
tile_r018531_c010083,3,508.19384765625,328.9346618652344,512.0,381.2530822753906,0.0027379691600799
tile_r018531_c010083,3,437.8956604003906,501.80126953125,500.4132690429688,512.0,0.0027042841538786
tile_r018531_c010083,3,505.8453979492188,294.2276916503906,512.0,346.80743408203125,0.0027036140672862
tile_r018531_c010083,3,486.89361572265625,500.1060180664063,512.0,512.0,0.0026774653233587
tile_r018531_c010083,3,0.0,266.7802734375,3.3683040142059326,314.063720703125,0.0026722473558038
tile_r018531_c010083,3,493.0094604492188,46.40687942504883,512.0,91.3616180419922,0.0025948788970708
tile_r018531_c010083,3,428.7888793945313,506.560791015625,480.69970703125,512.0,0.0025840597227215
tile_r018531_c010083,3,504.925537109375,217.80209350585935,512.0,259.7855224609375,0.0025763981975615
tile_r018531_c010083,3,0.0540369041264057,17.458316802978516,8.353582382202148,59.066986083984375,0.0024944974575191
tile_r018531_c010083,3,0.0,270.2965087890625,2.857914686203003,321.1312561035156,0.0023616664111614
tile_r018531_c010083,3,507.4573364257813,285.6028747558594,512.0,342.1518859863281,0.0023571902420371
tile_r018531_c010083,3,0.0839536637067794,249.26632690429688,6.623765468597412,293.1224975585937,0.0021840140689164
tile_r018531_c010083,3,506.2958984375,277.65350341796875,512.0,336.8351135253906,0.0020750809926539
tile_r018531_c010083,3,424.39886474609375,500.64599609375,492.3277893066406,512.0,0.0020538128446787
tile_r018531_c010083,3,48.69847869873047,253.5054168701172,110.7016372680664,309.7540588378906,0.0020355859305709
tile_r018531_c010083,3,0.1455444395542144,252.54263305664065,21.99908828735352,320.199462890625,0.0020237234421074
tile_r018531_c010083,3,497.91845703125,49.51015090942383,512.0,89.50709533691406,0.002009559655562
tile_r018531_c010083,3,504.69635009765625,159.490966796875,512.0,197.65597534179688,0.001883357996121
tile_r018531_c010083,3,500.5094604492188,442.6778259277344,511.7490234375,500.5960998535156,0.0018631075508892
tile_r018531_c010083,3,50.862281799316406,0.0,100.59591674804688,6.386382102966309,0.0018600232433527
tile_r018531_c010083,3,76.36949157714844,0.0028772354125976,132.69935607910156,3.3255057334899902,0.0018125724745914
tile_r018531_c010083,3,498.61029052734375,482.9620056152344,512.0,511.55126953125,0.001811069319956
tile_r018531_c010083,3,441.3387756347656,508.1755981445313,489.718994140625,511.994873046875,0.0017606801120564
tile_r018531_c010083,3,500.7569885253906,345.3941955566406,511.8338317871094,407.2227783203125,0.0017192086670547
tile_r018531_c010083,3,0.0294464118778705,229.86007690429688,17.286739349365234,302.8157653808594,0.0016843901248648
tile_r018531_c010083,3,497.8659057617188,175.16958618164062,511.9095764160156,222.48904418945312,0.0016763692256063
tile_r018531_c010083,3,503.441650390625,338.3309936523437,512.0,398.1940002441406,0.0016680951230227
tile_r018531_c010083,3,0.0,47.10924911499024,3.035127639770508,90.06820678710938,0.0016312794759869
tile_r018531_c010083,3,499.8257446289063,211.01022338867188,511.8580627441406,269.87646484375,0.0016002000775188
tile_r018531_c010083,3,500.20611572265625,310.4218444824219,511.8582153320313,382.86468505859375,0.001569554908201
tile_r018531_c010083,3,500.9469604492188,430.0138549804688,511.9469299316406,493.04827880859375,0.0015449381899088
tile_r018531_c010083,3,79.86759948730469,0.117451474070549,152.7315673828125,10.212366104125977,0.0015396908856928
tile_r018531_c010083,3,212.05224609375,359.19683837890625,238.8751220703125,390.5687255859375,0.0015351752517744
tile_r018531_c010083,3,507.7747497558594,316.4213256835937,512.0,378.0126037597656,0.0015277395723387
tile_r018531_c010083,3,474.1814575195313,500.71240234375,512.0,511.94476318359375,0.0015273649478331
tile_r018531_c010083,3,58.07843017578125,150.77734375,91.82145690917967,181.22848510742188,0.0015217931941151
tile_r018531_c010083,3,500.47113037109375,283.959228515625,511.8963317871094,356.51043701171875,0.0014781315112486
tile_r018531_c010083,3,450.58154296875,501.19873046875,511.85101318359375,511.9819946289063,0.001471922500059
tile_r018531_c010083,3,504.9756774902344,344.4400634765625,512.0,403.39251708984375,0.0014587137848138
tile_r018531_c010083,3,420.918701171875,505.96490478515625,477.9533081054688,512.0,0.0014191888039931
tile_r018531_c010083,3,487.7691345214844,0.0,512.0,39.91521453857422,0.0013898086035624
tile_r018531_c010083,3,310.06280517578125,0.162872314453125,374.5557556152344,11.357247352600098,0.001370400423184
tile_r018531_c010083,3,500.5968322753906,298.1765441894531,511.8160095214844,367.70745849609375,0.0013591735623776
tile_r018531_c010083,3,413.0714416503906,0.145549014210701,468.1802673339844,11.30331039428711,0.0012891311198472
tile_r018531_c010083,3,487.9634704589844,143.7200164794922,512.0,206.2612762451172,0.0012428091140463
tile_r018531_c010083,3,500.9751586914063,224.3628692626953,511.7598571777344,276.960205078125,0.0012224045349285
tile_r018531_c010083,3,506.365966796875,432.7735290527344,512.0,485.6554260253906,0.0012039378052577
tile_r018531_c010083,3,50.88595199584961,0.0,137.98252868652344,21.580591201782227,0.0011811997974291
tile_r018531_c010083,3,0.0023519515525549,275.3106689453125,2.71555757522583,328.7568054199219,0.0011749290861189
tile_r018531_c010083,3,501.354248046875,456.5185546875,511.86376953125,509.4352111816406,0.0011611444642767
tile_r018531_c010083,3,0.014776611700654,253.0789794921875,22.23824119567871,329.8675231933594,0.0010848059318959
tile_r018531_c010083,3,19.12595558166504,0.0033580779563635,58.1717414855957,3.97216796875,0.0010699103586375
tile_r018531_c010083,3,0.0392866134643554,56.3126335144043,4.893242835998535,99.83015441894533,0.0010633618803694
tile_r018531_c010083,3,486.4737243652344,4.533059597015381,512.0,67.12577056884766,0.0010521609801799
tile_r018531_c010083,3,506.87152099609375,271.6005249023437,512.0,330.7401428222656,0.0010441078338772
tile_r018531_c010083,3,505.5099182128906,351.2740173339844,512.0,408.6943664550781,0.0010091594886034
tile_r018531_c010083,3,0.4257980287075043,328.8596496582031,16.765544891357422,397.1546936035156,0.0010070872958749
tile_r018531_c010083,3,1.2613525390625,12.553418159484863,23.87677574157715,97.1062240600586,0.0010045182425528
tile_r018531_c010339,3,338.86834716796875,385.2466735839844,395.38714599609375,439.6112365722656,0.898928165435791
tile_r018531_c010339,3,97.27872467041016,0.821606457233429,153.86746215820312,52.88272857666016,0.8945422768592834
tile_r018531_c010339,3,301.5188293457031,141.67926025390625,360.80126953125,197.19876098632807,0.8890466690063477
tile_r018531_c010339,3,315.0551147460937,468.59661865234375,374.3394165039063,512.0,0.8606507778167725
tile_r018531_c010339,3,98.21382904052734,380.097900390625,154.47129821777344,431.6328125,0.8324636220932007
tile_r018531_c010339,3,417.0076293945313,205.49465942382807,472.9818420410156,257.1850891113281,0.8124300241470337
tile_r018531_c010339,3,411.165771484375,358.6300048828125,457.4159240722656,406.7837524414063,0.7673361897468567
tile_r018531_c010339,3,229.3224639892578,28.32997703552246,293.6386413574219,87.3051528930664,0.7441913485527039
tile_r018531_c010339,3,186.5312957763672,116.42669677734376,246.4419403076172,175.66062927246094,0.7233792543411255
tile_r018531_c010339,3,237.01315307617188,166.5164031982422,275.44342041015625,203.82960510253903,0.5887959003448486
tile_r018531_c010339,3,348.6939697265625,212.5752410888672,401.6832580566406,262.70318603515625,0.5800991058349609
tile_r018531_c010339,3,166.12619018554688,420.0741271972656,230.1151428222656,474.8668518066406,0.5088090300559998
tile_r018531_c010339,3,168.60067749023438,422.5655212402344,228.035888671875,471.4888610839844,0.4615357518196106
tile_r018531_c010339,3,432.9182739257813,493.1587524414063,480.512939453125,512.0,0.4337013065814972
tile_r018531_c010339,3,351.4549865722656,214.9131317138672,399.8234252929688,259.64337158203125,0.3362781405448913
tile_r018531_c010339,3,349.7354431152344,298.8557434082031,387.65228271484375,335.2701721191406,0.1895287781953811
tile_r018531_c010339,3,239.7822723388672,168.43971252441406,272.8158874511719,200.761474609375,0.1693390905857086
tile_r018531_c010339,3,230.42330932617188,29.27765274047852,292.87701416015625,85.94603729248047,0.1064921393990516
tile_r018531_c010339,3,428.3158264160156,489.7534790039063,485.19439697265625,512.0,0.0946745425462722
tile_r018531_c010339,3,262.6636657714844,500.8467712402344,318.1768798828125,512.0,0.0497547127306461
tile_r018531_c010339,3,440.8019104003906,494.93206787109375,478.9688415527344,512.0,0.02911295928061
tile_r018531_c010339,3,426.126708984375,492.10150146484375,485.6624145507813,511.9693908691406,0.0267770327627658
tile_r018531_c010339,3,263.766357421875,505.3434143066406,314.0333251953125,512.0,0.0264127273112535
tile_r018531_c010339,3,309.7456970214844,464.0465698242188,382.19146728515625,512.0,0.0231471844017505
tile_r018531_c010339,3,436.6809692382813,497.285400390625,474.458251953125,512.0,0.0215420573949813
tile_r018531_c010339,3,267.169921875,507.1431274414063,318.4923095703125,512.0,0.019293189048767
tile_r018531_c010339,3,192.1968536376953,120.0518035888672,243.08712768554688,170.52975463867188,0.0187240466475486
tile_r018531_c010339,3,257.8983154296875,503.8687133789063,308.31011962890625,512.0,0.016476472839713
tile_r018531_c010339,3,432.8102111816406,496.8778381347656,472.7976684570313,512.0,0.0128491930663585
tile_r018531_c010339,3,352.91314697265625,301.458984375,385.1412048339844,332.3470764160156,0.0105003323405981
tile_r018531_c010339,3,250.1730194091797,498.7208862304688,318.22027587890625,512.0,0.0100431432947516
tile_r018531_c010339,3,188.0623321533203,118.4194564819336,244.5740966796875,174.7461700439453,0.0098099699243903
tile_r018531_c010339,3,95.01408386230467,374.213623046875,159.8854522705078,438.0314331054688,0.008937232196331
tile_r018531_c010339,3,273.5351257324219,502.28912353515625,321.64764404296875,511.8356323242188,0.0071782236918807
tile_r018531_c010339,3,271.4478759765625,508.0631408691406,323.33319091796875,511.9300231933594,0.0068403175100684
tile_r018531_c010339,3,414.456787109375,483.98870849609375,493.281005859375,512.0,0.0066845696419477
tile_r018531_c010339,3,423.8489379882813,209.8220977783203,469.1592712402344,251.8235321044922,0.0061004324816167
tile_r018531_c010339,3,351.98663330078125,300.7602844238281,385.4942626953125,332.3632202148437,0.0057269167155027
tile_r018531_c010339,3,254.68869018554688,492.1649475097656,321.9480285644531,511.96197509765625,0.0052245128899812
tile_r018531_c010339,3,250.9705047607422,504.0191040039063,302.17608642578125,512.0,0.0051138433627784
tile_r018531_c010339,3,180.355224609375,507.24993896484375,227.7920379638672,512.0,0.0040473719127476
tile_r018531_c010339,3,220.96316528320312,499.9892578125,300.4954528808594,512.0,0.0032016600016504
tile_r018531_c010339,3,172.59188842773438,506.320556640625,225.34078979492188,512.0,0.0030496234539896
tile_r018531_c010339,3,164.64822387695312,0.0097187040373682,206.73361206054688,5.374921798706055,0.0028634895570576
tile_r018531_c010339,3,181.6507110595703,501.93359375,248.9834442138672,512.0,0.0027550649829208
tile_r018531_c010339,3,277.6353759765625,508.15673828125,328.6469116210937,511.8728637695313,0.0025394533295184
tile_r018531_c010339,3,241.1178741455078,487.7283325195313,321.2719421386719,512.0,0.0024427929893136
tile_r018531_c010339,3,185.3067779541016,507.8953247070313,233.82568359375,512.0,0.0022746811155229
tile_r018531_c010339,3,233.6447296142578,498.6369018554688,314.2293701171875,512.0,0.002245275536552
tile_r018531_c010339,3,168.8756866455078,500.44769287109375,238.4321746826172,512.0,0.0022350100334733
tile_r018531_c010339,3,221.096923828125,506.2327575683594,265.77496337890625,512.0,0.0020905919373035
tile_r018531_c010339,3,447.1590881347656,495.9163513183594,489.3377075195313,511.969482421875,0.0019334907410666
tile_r018531_c010339,3,307.0760192871094,145.08023071289062,357.53033447265625,192.53176879882807,0.0019141572993248
tile_r018531_c010339,3,318.9627685546875,0.210652157664299,383.2437438964844,10.570978164672852,0.0017435670597478
tile_r018531_c010339,3,240.734619140625,170.6190643310547,272.3077697753906,199.15855407714844,0.0016838185256347
tile_r018531_c010339,3,202.40707397460935,501.02386474609375,287.19293212890625,512.0,0.0016415938735008
tile_r018531_c010339,3,164.87405395507812,505.760986328125,222.17019653320312,512.0,0.0016082550864666
tile_r018531_c010339,3,414.142333984375,361.1378784179688,454.604736328125,404.0430603027344,0.0015792278572916
tile_r018531_c010339,3,280.7637023925781,495.5940551757813,359.00946044921875,512.0,0.0015780682442709
tile_r018531_c010339,3,53.35421752929688,0.1614990234375,119.25968933105467,11.632186889648438,0.0015552117256447
tile_r018531_c010339,3,241.8335723876953,505.2476196289063,298.2800598144531,512.0,0.0015352015616372
tile_r018531_c010339,3,224.5481414794922,506.33544921875,274.1946716308594,512.0,0.0014951868215575
tile_r018531_c010339,3,190.9241180419922,501.8032836914063,269.5171813964844,512.0,0.0014897768851369
tile_r018531_c010339,3,211.8719940185547,506.97216796875,262.8083801269531,512.0,0.0014689294621348
tile_r018531_c010339,3,156.12838745117188,0.135823056101799,212.7347869873047,11.271291732788086,0.0013279615668579
tile_r018531_c010339,3,227.831787109375,26.00223922729492,297.52935791015625,90.3281707763672,0.0012906355550512
tile_r018531_c010339,3,0.0,266.05322265625,3.472170352935791,316.3761901855469,0.0012610219419002
tile_r018531_c010339,3,308.8028869628906,0.129557803273201,376.6271667480469,11.12415885925293,0.0012496017152443
tile_r018531_c010339,3,0.0,263.2807006835937,11.972667694091797,332.39599609375,0.0011020813835784
tile_r018531_c010339,3,0.0,273.26593017578125,11.374391555786133,344.9730834960937,0.0010058076586574
tile_r018531_c010595,3,83.09513854980469,385.4058532714844,139.163330078125,439.4280395507813,0.8997011780738831
tile_r018531_c010595,3,45.16998291015625,141.12594604492188,105.01981353759766,197.5296630859375,0.8848775029182434
tile_r018531_c010595,3,58.825660705566406,468.757080078125,118.3534698486328,512.0,0.8554397225379944
tile_r018531_c010595,3,162.05557250976562,206.8380889892578,215.9312438964844,255.7734832763672,0.797081470489502
tile_r018531_c010595,3,155.73245239257812,358.45050048828125,201.1077423095703,406.7938537597656,0.7196975350379944
tile_r018531_c010595,3,0.0,26.165945053100582,36.7584228515625,87.81695556640625,0.6584578156471252
tile_r018531_c010595,3,443.2564086914063,383.1369323730469,508.8688354492188,453.0834045410156,0.6436219811439514
tile_r018531_c010595,3,0.0,21.210596084594727,41.279415130615234,93.92942810058594,0.600125253200531
tile_r018531_c010595,3,418.12548828125,319.99725341796875,478.9985961914063,382.8014526367188,0.5883088707923889
tile_r018531_c010595,3,93.08348083496094,212.84988403320312,145.39718627929688,262.3888244628906,0.5709772109985352
tile_r018531_c010595,3,410.0621948242188,48.23612976074219,477.7913208007813,106.18868255615234,0.5128366947174072
tile_r018531_c010595,3,421.2147521972656,0.1069107055664062,476.2230529785156,18.78957748413086,0.4544732272624969
tile_r018531_c010595,3,176.93496704101562,493.1971740722656,224.1344757080078,512.0,0.4233467876911163
tile_r018531_c010595,3,0.0,167.0594940185547,16.172103881835938,201.22720336914065,0.3941026329994201
tile_r018531_c010595,3,493.20751953125,283.8309020996094,512.0,345.48760986328125,0.3636781275272369
tile_r018531_c010595,3,95.73744201660156,215.1342315673828,143.54510498046875,259.3080444335937,0.3395084738731384
tile_r018531_c010595,3,407.4234313964844,44.522064208984375,482.8326110839844,110.8455810546875,0.2830563187599182
tile_r018531_c010595,3,0.0,160.98403930664062,19.9331111907959,206.00927734375,0.1816504150629043
tile_r018531_c010595,3,427.3615112304688,0.0509185791015625,472.1205139160156,15.542953491210938,0.1458994299173355
tile_r018531_c010595,3,496.504638671875,288.70703125,512.0,345.18658447265625,0.1255705803632736
tile_r018531_c010595,3,447.0372009277344,384.1578979492188,510.13818359375,449.1897888183594,0.1217533349990844
tile_r018531_c010595,3,429.7180786132813,0.0,467.3160095214844,12.8230619430542,0.1171498149633407
tile_r018531_c010595,3,94.19281005859376,299.298828125,131.2630615234375,334.96173095703125,0.0933687388896942
tile_r018531_c010595,3,172.40371704101562,489.799072265625,228.6023712158203,512.0,0.0858474299311637
tile_r018531_c010595,3,496.9599609375,288.5809326171875,512.0,337.671875,0.0414854250848293
tile_r018531_c010595,3,432.6640625,0.0173467639833688,468.5324096679688,11.11250114440918,0.0404857546091079
tile_r018531_c010595,3,6.481448173522949,501.142822265625,63.812896728515625,512.0,0.0400436744093894
tile_r018531_c010595,3,412.7796020507813,0.0,485.061279296875,25.33462905883789,0.034250121563673
tile_r018531_c010595,3,500.1705627441406,288.96661376953125,512.0,333.2784729003906,0.0315925627946853
tile_r018531_c010595,3,0.0,173.1303253173828,12.401710510253906,199.60232543945312,0.0302437469363212
tile_r018531_c010595,3,170.02537536621094,492.24127197265625,229.4315643310547,511.9700622558594,0.0285443551838397
tile_r018531_c010595,3,493.66064453125,108.4665298461914,512.0,176.750244140625,0.0260115507990121
tile_r018531_c010595,3,422.6996154785156,323.6084899902344,476.5498046875,376.9560852050781,0.0253072120249271
tile_r018531_c010595,3,184.89990234375,494.9754028320313,222.7572326660156,512.0,0.0249616205692291
tile_r018531_c010595,3,494.84869384765625,121.03019714355467,511.9535217285156,175.8740997314453,0.0244553368538618
tile_r018531_c010595,3,53.1131477355957,463.9476013183594,126.25550842285156,512.0,0.0240472629666328
tile_r018531_c010595,3,0.7154541015625,498.5254821777344,61.87287521362305,512.0,0.0218341927975416
tile_r018531_c010595,3,180.68753051757807,497.29193115234375,218.2657012939453,512.0,0.0214455761015415
tile_r018531_c010595,3,486.60638427734375,277.41729736328125,511.34271240234375,357.0784912109375,0.0177417416125535
tile_r018531_c010595,3,0.076466366648674,141.88113403320312,23.395151138305664,212.856689453125,0.0172308068722486
tile_r018531_c010595,3,6.901904106140137,505.5138244628906,59.153770446777344,512.0,0.0152052491903305
tile_r018531_c010595,3,495.2921447753906,98.30941009521484,512.0,169.16152954101562,0.0151564152911305
tile_r018531_c010595,3,496.6442260742188,288.173095703125,512.0,339.70538330078125,0.0139888394623994
tile_r018531_c010595,3,10.925064086914062,507.1852416992188,63.126609802246094,512.0,0.0132747245952487
tile_r018531_c010595,3,176.7613067626953,496.8519592285156,216.86349487304688,512.0,0.0130571788176894
tile_r018531_c010595,3,97.36837005615234,301.82086181640625,128.93948364257812,332.10284423828125,0.0121684223413467
tile_r018531_c010595,3,0.0237030033022165,169.29690551757812,16.041481018066406,199.3489532470703,0.0106104798614978
tile_r018531_c010595,3,168.35008239746094,210.86251831054688,212.12600708007807,250.81201171875,0.0102375075221061
tile_r018531_c010595,3,503.8330078125,285.5936889648437,512.0,328.9464111328125,0.0101409796625375
tile_r018531_c010595,3,419.5338439941406,321.57000732421875,477.0885314941406,381.81829833984375,0.0086520109325647
tile_r018531_c010595,3,0.8712555170059204,504.2574157714844,53.84952926635742,512.0,0.0082988627254962
tile_r018531_c010595,3,16.75278663635254,502.3253784179688,67.203369140625,511.7884216308594,0.0081149889156222
tile_r018531_c010595,3,496.5944213867188,315.2567138671875,511.7562561035156,368.3800659179688,0.007996485568583
tile_r018531_c010595,3,1.9264037609100344,491.6783752441406,71.69383239746094,512.0,0.0079310461878776
tile_r018531_c010595,3,497.16015625,127.90049743652344,512.0,176.05885314941406,0.0076315635815262
tile_r018531_c010595,3,482.8821411132813,272.91864013671875,511.89166259765625,357.30401611328125,0.0074160913936793
tile_r018531_c010595,3,96.2965087890625,301.0572204589844,129.3085479736328,332.2383728027344,0.007273081690073
tile_r018531_c010595,3,497.4214782714844,120.3336181640625,512.0,167.9550018310547,0.0071738078258931
tile_r018531_c010595,3,497.3895568847656,301.5689392089844,511.823486328125,358.11651611328125,0.0071078473702073
tile_r018531_c010595,3,503.795166015625,305.2344665527344,512.0,365.1331481933594,0.0065936371684074
tile_r018531_c010595,3,497.5686645507813,123.68333435058594,512.0,172.15652465820312,0.0064365076832473
tile_r018531_c010595,3,484.1585083007813,97.96077728271484,511.439697265625,187.72036743164065,0.0064146220684051
tile_r018531_c010595,3,0.0,171.56112670898438,12.053101539611816,206.21823120117188,0.0057984129525721
tile_r018531_c010595,3,499.0523071289063,127.06080627441406,512.0,175.27377319335938,0.0057717715390026
tile_r018531_c010595,3,158.7139892578125,484.3336791992188,236.8572235107422,512.0,0.0056943483650684
tile_r018531_c010595,3,15.196456909179688,508.0718688964844,67.81529235839844,511.9402465820313,0.0053166262805461
tile_r018531_c010595,3,0.0,11.730743408203123,52.52888107299805,113.2112808227539,0.0053160008974373
tile_r018531_c010595,3,419.1422729492188,0.0348196029663085,467.919921875,12.887420654296877,0.0050247008912265
tile_r018531_c010595,3,500.68267822265625,293.9182434082031,512.0,361.3434143066406,0.0048283995129168
tile_r018531_c010595,3,503.7369689941406,314.47857666015625,512.0,368.3898620605469,0.0044098077341914
tile_r018531_c010595,3,496.2037658691406,87.83447265625,511.9989318847656,157.41770935058594,0.0043996865861117
tile_r018531_c010595,3,500.2277221679688,112.5135726928711,512.0,163.7450408935547,0.0043677515350282
tile_r018531_c010595,3,0.1054718047380447,143.0773162841797,27.503564834594727,230.50112915039065,0.0043173786252737
tile_r018531_c010595,3,485.2311401367188,109.6856460571289,511.218505859375,187.32009887695312,0.0042609511874616
tile_r018531_c010595,3,506.9048461914063,91.57847595214844,512.0,135.02365112304688,0.0041508967988193
tile_r018531_c010595,3,496.861328125,288.2330017089844,512.0,344.30859375,0.004124148748815
tile_r018531_c010595,3,503.79193115234375,93.4928741455078,512.0,139.8936309814453,0.0040957783348858
tile_r018531_c010595,3,0.0,487.2635192871094,66.1245346069336,511.86517333984375,0.0040279738605022
tile_r018531_c010595,3,497.8440551757813,294.0491638183594,511.9898376464844,345.1654357910156,0.0039632283151149
tile_r018531_c010595,3,407.9517822265625,0.0,460.40533447265625,10.406853675842283,0.0039113089442253
tile_r018531_c010595,3,502.9214782714844,317.31353759765625,512.0,376.0441284179688,0.0035183173604309
tile_r018531_c010595,3,426.9963989257813,325.7087097167969,463.8971252441406,359.1617431640625,0.0034939392935484
tile_r018531_c010595,3,426.9442443847656,326.2165832519531,464.1610412597656,353.39898681640625,0.0034237075597047
tile_r018531_c010595,3,470.5715942382813,507.7852478027344,512.0,512.0,0.0033489412162452
tile_r018531_c010595,3,0.0,137.47528076171875,6.971009254455566,184.9893035888672,0.0033404992427676
tile_r018531_c010595,3,0.1331863403320312,126.1449737548828,23.430896759033203,203.3887481689453,0.0032655105460435
tile_r018531_c010595,3,501.05218505859375,133.59909057617188,512.0,178.88929748535156,0.003155460814014
tile_r018531_c010595,3,0.0611890777945518,288.70855712890625,3.7970478534698486,325.4834289550781,0.0031417054124176
tile_r018531_c010595,3,0.0,420.0743713378906,11.434026718139648,484.09521484375,0.0029726983048021
tile_r018531_c010595,3,0.0642538070678711,203.8639678955078,4.785157203674316,234.7313232421875,0.0028962532524019
tile_r018531_c010595,3,0.5698791742324829,133.36923217773438,28.278478622436523,223.3568878173828,0.002848278498277
tile_r018531_c010595,3,0.0,429.8786010742188,8.319633483886719,486.2339477539063,0.0028161858208477
tile_r018531_c010595,3,482.7654418945313,271.0998840332031,511.93115234375,376.88330078125,0.0027986518107354
tile_r018531_c010595,3,502.0457458496094,92.8139419555664,512.0,150.4300994873047,0.0027956857811659
tile_r018531_c010595,3,0.0505538955330848,194.19464111328125,7.174533843994141,232.01882934570312,0.0026858425699174
tile_r018531_c010595,3,502.6075134277344,100.13536834716795,511.9839477539063,158.6831817626953,0.002460136078298
tile_r018531_c010595,3,0.0363805778324604,293.1683959960937,3.355581760406494,332.69256591796875,0.0023875068873167
tile_r018531_c010595,3,493.70263671875,499.3296813964844,512.0,512.0,0.0023787573445588
tile_r018531_c010595,3,33.452606201171875,353.89959716796875,58.89892578125,371.2439270019531,0.0023725349456071
tile_r018531_c010595,3,500.745849609375,482.3914184570313,512.0,511.7289123535156,0.002358917845413
tile_r018531_c010595,3,481.05322265625,508.5651245117188,511.9627075195313,511.90814208984375,0.0022598258219659
tile_r018531_c010595,3,0.0,495.45123291015625,57.8226432800293,512.0,0.0021166307851672
tile_r018531_c010595,3,498.0086059570313,288.67584228515625,512.0,353.8895874023437,0.0020687014330178
tile_r018531_c010595,3,0.0,131.17919921875,5.387272834777832,173.61495971679688,0.0020056550856679
tile_r018531_c010595,3,436.7810668945313,0.0,495.3621215820313,21.40261459350586,0.001968998927623
tile_r018531_c010595,3,502.429931640625,139.26318359375,512.0,184.3898162841797,0.0019482075003907
tile_r018531_c010595,3,0.0,503.9006958007813,47.97422790527344,512.0,0.0019164837431162
tile_r018531_c010595,3,495.5262756347656,0.0,512.0,36.9802360534668,0.001881763106212
tile_r018531_c010595,3,0.0034566880203783,205.0641326904297,2.730639696121216,240.23068237304688,0.0018727908609434
tile_r018531_c010595,3,21.1279411315918,508.2153930664063,73.13158416748047,511.873046875,0.001773678464815
tile_r018531_c010595,3,0.0,178.55319213867188,14.5848388671875,223.08279418945312,0.0016902631614357
tile_r018531_c010595,3,24.22271728515625,494.8527221679688,103.7755355834961,512.0,0.0016859229654073
tile_r018531_c010595,3,0.0,291.4531555175781,7.680068969726562,341.236328125,0.0016849467065185
tile_r018531_c010595,3,448.5520629882813,385.9209899902344,508.4051208496094,449.09271240234375,0.0016721793217584
tile_r018531_c010595,3,336.5693359375,0.1117965728044509,394.1064453125,11.675159454345703,0.0016415141290053
tile_r018531_c010595,3,0.0727409347891807,174.19374084472656,7.357122898101807,201.6508331298828,0.0016293337102979
tile_r018531_c010595,3,508.42236328125,82.64476776123047,512.0,130.53036499023438,0.0016285784076899
tile_r018531_c010595,3,0.0813613906502723,420.5767517089844,4.34585428237915,472.58203125,0.0016056386521086
tile_r018531_c010595,3,0.0,278.1303405761719,9.739931106567385,335.5087280273437,0.0015668350970372
tile_r018531_c010595,3,62.021095275878906,0.2163452208042144,127.67069244384766,10.650138854980469,0.0015418798429891
tile_r018531_c010595,3,0.0052406312897801,126.35438537597656,5.069436073303223,165.61187744140625,0.0015138303861021
tile_r018531_c010595,3,497.256103515625,134.96018981933594,511.8680114746094,185.6141815185547,0.0015135088469833
tile_r018531_c010595,3,0.0478439331054687,422.7437438964844,3.7668004035949703,477.4282836914063,0.0015102244215086
tile_r018531_c010595,3,505.2820739746094,278.0996398925781,512.0,321.2488098144531,0.0015077212592586
tile_r018531_c010595,3,349.3705444335937,0.07904052734375,399.088134765625,12.240830421447754,0.0014228147920221
tile_r018531_c010595,3,50.998966217041016,144.87582397460938,101.61609649658205,192.63233947753903,0.001403413596563
tile_r018531_c010595,3,0.0,197.5102081298828,11.834864616394045,239.56494140625,0.0013777123531326
tile_r018531_c010595,3,406.4552917480469,1.61224365234375,489.6181640625,33.72464370727539,0.0013447969686239
tile_r018531_c010595,3,0.0,404.1609497070313,13.251203536987305,479.5293884277344,0.0013407545629888
tile_r018531_c010595,3,191.55178833007807,496.056396484375,232.3696746826172,511.9953002929688,0.0013375373091548
tile_r018531_c010595,3,0.0,169.2315673828125,16.304115295410156,198.95462036132807,0.0012949543306604
tile_r018531_c010595,3,470.4964904785156,500.4482421875,512.0,511.8787231445313,0.0012649880954995
tile_r018531_c010595,3,498.64599609375,73.0652084350586,511.9728088378906,144.86175537109375,0.0012224963866174
tile_r018531_c010595,3,501.7237243652344,459.36962890625,512.0,511.0210571289063,0.0012159663019701
tile_r018531_c010595,3,341.80810546875,0.0,388.769287109375,5.383790969848633,0.0012055725092068
tile_r018531_c010595,3,504.0762634277344,320.36309814453125,512.0,384.3866882324219,0.0012042743619531
tile_r018531_c010595,3,51.37594604492188,0.1167953461408615,121.1727523803711,11.140151977539062,0.001186468754895
tile_r018531_c010595,3,158.5873565673828,360.8679504394531,198.61209106445312,404.1827697753906,0.0011860416270792
tile_r018531_c010595,3,424.8111877441406,1.30816650390625,492.302978515625,32.29325485229492,0.0011266780784353
tile_r018531_c010595,3,0.279528796672821,7.255270481109619,53.236610412597656,108.25968933105467,0.0011010682210326
tile_r018531_c010595,3,461.8441467285156,506.3428649902344,511.7930603027344,512.0,0.001097091124393
tile_r018531_c010595,3,497.2064514160156,327.4867553710937,511.862548828125,387.5442504882813,0.0010529134888201
tile_r018531_c010595,3,0.0391790382564067,279.1498107910156,5.371529579162598,320.8333435058594,0.001049775048159
tile_r018531_c010595,3,489.8823852539063,272.34088134765625,512.0,340.97662353515625,0.0010083267698064
tile_r018531_c010595,3,0.0,146.12936401367188,11.367265701293944,195.949462890625,0.0010075124446302
tile_r018531_c010851,3,239.71322631835935,290.53436279296875,292.6504211425781,345.6199951171875,0.7977684140205383
tile_r018531_c010851,3,317.7097473144531,411.3504333496094,380.7990112304688,474.9808654785156,0.7655574679374695
tile_r018531_c010851,3,187.0418701171875,383.8706665039063,253.9740447998047,453.1915588378906,0.710817277431488
tile_r018531_c010851,3,162.17852783203125,320.4612731933594,222.684326171875,382.4994812011719,0.5748512744903564
tile_r018531_c010851,3,153.97024536132812,48.18642425537109,221.4375457763672,105.81266021728516,0.490729808807373
tile_r018531_c010851,3,165.07534790039062,0.0984634384512901,220.1269989013672,19.14736557006836,0.4703595042228699
tile_r018531_c010851,3,238.6031494140625,130.89205932617188,289.8457336425781,181.0466766357422,0.4312685430049896
tile_r018531_c010851,3,151.31944274902344,44.59929656982422,226.2034149169922,110.3275909423828,0.31112140417099
tile_r018531_c010851,3,496.455078125,2.687544345855713,512.0,41.34749603271485,0.2218420803546905
tile_r018531_c010851,3,171.2110137939453,0.0469146743416786,216.1224822998047,15.788729667663574,0.1485423892736435
tile_r018531_c010851,3,173.64227294921875,0.0,211.4055938720703,13.084094047546388,0.1122555062174797
tile_r018531_c010851,3,190.84078979492188,385.09576416015625,253.1250915527344,448.68353271484375,0.0705621764063835
tile_r018531_c010851,3,500.5154418945313,4.074484348297119,512.0,37.3459358215332,0.0525040961802005
tile_r018531_c010851,3,176.57595825195312,0.0162902828305959,212.66360473632807,11.439047813415527,0.037930890917778
tile_r018531_c010851,3,156.3142852783203,0.0,228.9883728027344,25.886632919311523,0.034358974546194
tile_r018531_c010851,3,320.0193786621094,412.22064208984375,380.63031005859375,471.6831970214844,0.0273844636976718
tile_r018531_c010851,3,166.73501586914062,323.9105529785156,220.0761260986328,376.96380615234375,0.0242324024438858
tile_r018531_c010851,3,351.6688537597656,294.1461181640625,417.62738037109375,361.4387512207031,0.0204798597842454
tile_r018531_c010851,3,163.65554809570312,321.9497985839844,220.7553253173828,381.401611328125,0.0186232309788465
tile_r018531_c010851,3,491.8912963867188,0.0,512.0,44.064247131347656,0.0172170437872409
tile_r018531_c010851,3,360.0722961425781,296.6613464355469,415.98095703125,351.9080810546875,0.014475043863058
tile_r018531_c010851,3,242.2464904785156,134.3827362060547,286.7777404785156,179.65316772460938,0.0124116744846105
tile_r018531_c010851,3,485.4066467285156,0.0,512.0,49.704551696777344,0.0121407806873321
tile_r018531_c010851,3,497.541259765625,6.32220458984375,512.0,38.33641815185547,0.0105704832822084
tile_r018531_c010851,3,374.46673583984375,300.5726013183594,414.04632568359375,345.9140625,0.006148584652692
tile_r018531_c010851,3,163.18161010742188,0.0350318923592567,212.097900390625,13.222773551940918,0.0051665962673723
tile_r018531_c010851,3,333.4803161621094,416.7282104492188,374.7516784667969,436.9847106933594,0.0047492100857198
tile_r018531_c010851,3,171.02297973632812,325.9006042480469,207.5867156982422,359.02459716796875,0.0046967379748821
tile_r018531_c010851,3,170.99740600585938,326.49322509765625,208.0548858642578,353.368896484375,0.004134131129831
tile_r018531_c010851,3,151.6672821044922,0.0,204.5370178222656,10.71440315246582,0.0037523498758673
tile_r018531_c010851,3,229.0486297607422,501.4845275878906,299.4442443847656,512.0,0.0036797358188778
tile_r018531_c010851,3,192.6120758056641,386.71240234375,251.66650390625,449.1493225097656,0.0034329986665397
tile_r018531_c010851,3,182.85232543945312,0.0,235.82113647460935,19.75833511352539,0.0033436359371989
tile_r018531_c010851,3,216.3055877685547,500.99945068359375,294.01806640625,512.0,0.0031658031512051
tile_r018531_c010851,3,503.681640625,1.5134872198104858,511.9331970214844,33.96404266357422,0.0028425338678061
tile_r018531_c010851,3,240.3531951904297,501.8954162597656,304.0599365234375,511.9884643554688,0.0026903573889285
tile_r018531_c010851,3,473.4310607910156,0.0,512.0,47.18393325805664,0.0026598360855132
tile_r018531_c010851,3,204.1295623779297,500.2657165527344,285.6488647460937,512.0,0.0025137485936284
tile_r018531_c010851,3,348.2571716308594,288.943603515625,420.8067932128906,362.833740234375,0.0021471444051712
tile_r018531_c010851,3,499.4794006347656,250.2739715576172,511.90435791015625,305.63055419921875,0.0019830565433949
tile_r018531_c010851,3,234.2519989013672,284.61114501953125,300.1658630371094,352.41754150390625,0.0018331069732084
tile_r018531_c010851,3,190.6610565185547,499.397705078125,276.36627197265625,512.0,0.0018178498139604
tile_r018531_c010851,3,80.6215591430664,0.1105712875723838,138.1757354736328,11.762901306152344,0.0018066655611619
tile_r018531_c010851,3,93.20410919189452,0.0821197479963302,143.1250457763672,12.30184555053711,0.0016050684498623
tile_r018531_c010851,3,214.6957244873047,507.23681640625,272.2401123046875,512.0,0.0015386121813207
tile_r018531_c010851,3,343.08087158203125,416.83404541015625,375.0186462402344,437.96136474609375,0.0015222621150314
tile_r018531_c010851,3,85.63460540771484,0.0,133.1583251953125,5.543139457702637,0.0014571893261745
tile_r018531_c010851,3,327.146240234375,415.7975463867188,376.8287353515625,444.7962341308594,0.0012479518773034
tile_r018531_c010851,3,207.984130859375,506.73052978515625,267.2289428710937,512.0,0.0012062697205692
tile_r018531_c010851,3,150.22784423828125,1.6292572021484375,233.4755096435547,34.13145065307617,0.0011988962069153
tile_r018531_c010851,3,334.623779296875,281.90155029296875,424.08642578125,375.5309448242188,0.0011532946955412
tile_r018531_c010851,3,246.721923828125,506.25494384765625,302.24249267578125,512.0,0.0010954034514725
tile_r018531_c010851,3,181.1259002685547,347.0722045898437,214.4233856201172,375.1450500488281,0.0010905738454312
tile_r018531_c010851,3,249.6568145751953,501.9751586914063,312.9161376953125,511.841796875,0.001081607537344
tile_r018531_c010851,3,498.9803771972656,240.2813720703125,511.9299926757813,301.2083740234375,0.0010140853701159
tile_r018531_c011107,3,458.6450805664063,406.4872741699219,511.1446838378906,457.7052612304688,0.8123639225959778
tile_r018531_c011107,3,374.1340026855469,47.44634628295898,434.9236450195313,103.8826675415039,0.7646918296813965
tile_r018531_c011107,3,62.3180046081543,412.127197265625,124.15138244628906,474.4549865722656,0.7518761157989502
tile_r018531_c011107,3,0.0,290.5972900390625,35.835594177246094,343.3927001953125,0.7144210934638977
tile_r018531_c011107,3,365.1446838378906,269.7487487792969,438.1053771972656,333.75262451171875,0.6715108752250671
tile_r018531_c011107,3,0.0,134.9665069580078,31.09750747680664,178.17242431640625,0.4825058281421661
tile_r018531_c011107,3,241.2899169921875,1.3030319213867188,282.25469970703125,37.85100555419922,0.3120087385177612
tile_r018531_c011107,3,307.6257019042969,95.24861145019533,373.9465026855469,158.96102905273438,0.2927145659923553
tile_r018531_c011107,3,304.48834228515625,91.96043395996094,376.1985473632813,162.94381713867188,0.2771026492118835
tile_r018531_c011107,3,371.8091430664063,45.11298370361328,437.129150390625,105.5717315673828,0.1929079890251159
tile_r018531_c011107,3,0.0,130.1770782470703,36.21831512451172,181.4273681640625,0.1432503163814544
tile_r018531_c011107,3,0.0,134.8717803955078,31.79258346557617,177.65927124023438,0.0992359220981597
tile_r018531_c011107,3,289.294677734375,56.1927490234375,316.7278747558594,82.9394760131836,0.0911770239472389
tile_r018531_c011107,3,239.5791931152344,0.0364028923213481,286.89080810546875,38.869606018066406,0.0625960677862167
tile_r018531_c011107,3,95.21052551269533,294.5095520019531,161.62442016601562,361.4832763671875,0.0455670803785324
tile_r018531_c011107,3,367.18951416015625,342.4179382324219,397.7950744628906,371.2638549804688,0.0440214686095714
tile_r018531_c011107,3,361.5584716796875,339.3837280273437,399.6488952636719,374.8896484375,0.034501064568758
tile_r018531_c011107,3,0.0,405.20220947265625,10.851567268371582,470.5113830566406,0.0257863011211156
tile_r018531_c011107,3,366.9807434082031,271.5372619628906,437.9808044433594,332.60992431640625,0.0223759040236473
tile_r018531_c011107,3,103.72249603271484,296.99462890625,159.96804809570312,351.7807006835937,0.0177784245461225
tile_r018531_c011107,3,398.0273132324219,501.8960571289063,442.4373474121094,512.0,0.0175428930670022
tile_r018531_c011107,3,371.135986328125,343.6410522460937,396.8426208496094,369.8120422363281,0.0166366677731275
tile_r018531_c011107,3,64.61886596679688,412.82080078125,124.0283203125,470.9490356445313,0.0164811871945858
tile_r018531_c011107,3,0.0,395.6564331054688,14.121623039245604,466.767333984375,0.0155082857236266
tile_r018531_c011107,3,0.0,294.1461181640625,33.644893646240234,342.1289978027344,0.0149875450879335
tile_r018531_c011107,3,0.250418096780777,500.4503479003906,47.07625579833984,512.0,0.0131143946200609
tile_r018531_c011107,3,288.6551208496094,53.3743782043457,320.22442626953125,84.995849609375,0.0124665256589651
tile_r018531_c011107,3,499.77874755859375,338.0381774902344,511.9816284179688,401.04595947265625,0.0119291041046381
tile_r018531_c011107,3,366.0719909667969,342.451171875,398.0241394042969,370.4501647949219,0.0107283284887671
tile_r018531_c011107,3,401.0139770507813,503.7137756347656,448.9051818847656,512.0,0.0106244115158915
tile_r018531_c011107,3,236.0482940673828,0.489785760641098,288.58221435546875,42.93841552734375,0.0105383349582552
tile_r018531_c011107,3,500.9601440429688,347.76531982421875,511.839599609375,404.5563354492188,0.0105336178094148
tile_r018531_c011107,3,402.3442993164063,505.63818359375,454.7632446289063,512.0,0.009581564925611
tile_r018531_c011107,3,0.0,413.5350036621094,7.441319465637207,473.1499633789063,0.0085494741797447
tile_r018531_c011107,3,405.2786254882813,500.7183227539063,456.0927734375,512.0,0.0082246745005249
tile_r018531_c011107,3,118.2203369140625,300.6410217285156,158.06729125976562,345.6720886230469,0.0075043141841888
tile_r018531_c011107,3,498.16796875,329.266845703125,512.0,395.5420227050781,0.007322771474719
tile_r018531_c011107,3,0.0462059006094932,404.00433349609375,3.966021776199341,458.1998901367188,0.0067597227171063
tile_r018531_c011107,3,405.77630615234375,506.6731872558594,460.9547424316406,511.9855346679688,0.0064858384430408
tile_r018531_c011107,3,337.65936279296875,101.48274993896484,372.6660461425781,129.63381958007812,0.0057233721017837
tile_r018531_c011107,3,77.99712371826172,417.0074157714844,118.32035064697266,436.757080078125,0.0052120992913842
tile_r018531_c011107,3,0.0190204624086618,409.2300720214844,3.0692906379699707,461.7384643554688,0.0051274904981255
tile_r018531_c011107,3,369.4197692871094,273.7547912597656,436.42083740234375,331.5621032714844,0.0049415756948292
tile_r018531_c011107,3,506.6974487304688,345.27410888671875,512.0,398.5507507324219,0.0043168948031961
tile_r018531_c011107,3,0.0723676681518554,401.2528381347656,5.610251426696777,454.1499938964844,0.0041380827315151
tile_r018531_c011107,3,0.1251430511474609,241.38345336914065,6.19780969619751,262.8335876464844,0.0039705457165837
tile_r018531_c011107,3,395.8740234375,498.5623474121094,452.3974609375,511.97064208984375,0.0037674678023904
tile_r018531_c011107,3,504.9542846679688,351.6468200683594,512.0,400.54302978515625,0.0037495864089578
tile_r018531_c011107,3,0.0608989708125591,397.5062255859375,6.119376182556152,448.9485473632813,0.0037285997532308
tile_r018531_c011107,3,363.3815612792969,266.3642272949219,442.31048583984375,337.70806884765625,0.0036330237053334
tile_r018531_c011107,3,500.3562927246094,479.0704650878906,511.921875,512.0,0.0034246775321662
tile_r018531_c011107,3,505.0143127441406,337.43096923828125,512.0,396.1946716308594,0.003353378502652
tile_r018531_c011107,3,410.3821716308594,507.0431213378906,468.705078125,511.9801635742188,0.0033440066035836
tile_r018531_c011107,3,497.39501953125,316.1865234375,512.0,387.4934692382813,0.0032650618813931
tile_r018531_c011107,3,397.8140258789063,0.202432245016098,469.6993713378906,12.22759246826172,0.0031980613712221
tile_r018531_c011107,3,0.0,416.08697509765625,2.193040132522583,466.1219787597656,0.0031384171452373
tile_r018531_c011107,3,413.10687255859375,501.884033203125,466.7036743164063,512.0,0.003095261985436
tile_r018531_c011107,3,0.0,422.523681640625,5.930865287780762,475.6510620117188,0.0030838109087198
tile_r018531_c011107,3,0.0,382.0867919921875,15.060223579406738,459.4046325683594,0.0030785133130848
tile_r018531_c011107,3,92.14910125732422,290.32672119140625,164.603759765625,362.82611083984375,0.0030337711796164
tile_r018531_c011107,3,0.0644393935799598,62.00335693359375,11.973406791687012,122.05348205566406,0.0029676782432943
tile_r018531_c011107,3,503.36273193359375,355.5860595703125,512.0,405.2630920410156,0.0028983941301703
tile_r018531_c011107,3,0.0,505.5209045410156,43.706939697265625,512.0,0.0028421934694051
tile_r018531_c011107,3,421.2659606933594,501.793212890625,479.8623962402344,511.8631896972656,0.0026737141888588
tile_r018531_c011107,3,504.4751892089844,360.3733520507813,512.0,412.1748962402344,0.0026668997015804
tile_r018531_c011107,3,464.7132873535156,410.86236572265625,510.52783203125,453.4998168945313,0.00255793845281
tile_r018531_c011107,3,245.71652221679688,0.0029287338256835,296.52313232421875,4.300013065338135,0.0025063643697649
tile_r018531_c011107,3,242.4832000732422,0.0,291.37518310546875,5.482070446014404,0.0024485539179295
tile_r018531_c011107,3,290.48065185546875,0.1220169067382812,358.6199035644531,10.335482597351074,0.0024464069865643
tile_r018531_c011107,3,0.0,506.9139099121094,49.83610916137695,511.98040771484375,0.0023660520091652
tile_r018531_c011107,3,302.0375061035156,0.1875183135271072,370.8291931152344,10.036806106567385,0.0023149577900767
tile_r018531_c011107,3,0.0,74.6839370727539,8.999159812927246,121.75264739990234,0.0023060399107635
tile_r018531_c011107,3,80.42367553710938,283.9706420898437,168.1383514404297,374.5993041992188,0.0022394249681383
tile_r018531_c011107,3,0.0,497.2582092285156,43.65763473510742,512.0,0.0022245994769036
tile_r018531_c011107,3,417.2434997558594,506.9187622070313,476.03271484375,511.9942932128906,0.0022015622816979
tile_r018531_c011107,3,0.2288356721401214,231.6954040527344,7.112412452697754,260.8629150390625,0.0021837905514985
tile_r018531_c011107,3,0.0,273.2998046875,50.759891510009766,369.5646057128906,0.0021829989273101
tile_r018531_c011107,3,87.70410919189453,417.0730895996094,118.5300064086914,437.6585998535156,0.0021445436868816
tile_r018531_c011107,3,500.41510009765625,244.3760986328125,511.90771484375,315.35015869140625,0.0021318315993994
tile_r018531_c011107,3,500.7176208496094,457.090576171875,512.0,511.6095275878906,0.0021072777453809
tile_r018531_c011107,3,407.8808898925781,0.2158416807651519,474.493408203125,11.652156829833984,0.0020632825326174
tile_r018531_c011107,3,0.2155181914567947,402.5982055664063,23.15651512145996,476.7664184570313,0.0018997208680957
tile_r018531_c011107,3,0.0,497.4217224121094,28.029516220092773,511.6238403320313,0.0018513448303565
tile_r018531_c011107,3,0.0587770454585552,70.35840606689453,5.433455467224121,116.3513641357422,0.001773225958459
tile_r018531_c011107,3,499.8176879882813,232.75778198242188,511.9444274902344,307.2784423828125,0.001772713731043
tile_r018531_c011107,3,382.3623046875,0.1641052216291427,460.5519104003906,11.5580415725708,0.0017340686172246
tile_r018531_c011107,3,504.002685546875,331.16436767578125,512.0,373.3211059570313,0.0017275426071137
tile_r018531_c011107,3,312.2135314941406,0.1983169615268707,382.7680969238281,9.944565773010254,0.0017168157501146
tile_r018531_c011107,3,0.0521221160888671,395.1594543457031,6.5268425941467285,442.12994384765625,0.0017008536960929
tile_r018531_c011107,3,494.8502807617188,496.8336486816406,512.0,512.0,0.0016922219656407
tile_r018531_c011107,3,5.285962104797363,501.913818359375,53.02853393554688,511.9378356933594,0.0016796162817627
tile_r018531_c011107,3,267.3770446777344,0.0,318.148193359375,4.28773832321167,0.0015629817498847
tile_r018531_c011107,3,0.0,421.6546020507813,2.2671470642089844,472.1702270507813,0.0015586280496791
tile_r018531_c011107,3,0.0348419174551963,73.62081146240234,5.081177711486816,121.3160400390625,0.0015476723201572
tile_r018531_c011107,3,0.0,114.50933837890624,42.7415771484375,189.2261505126953,0.0015097189461812
tile_r018531_c011107,3,0.0468669906258583,65.42816925048828,5.511740207672119,111.36746978759766,0.0014712770935148
tile_r018531_c011107,3,0.0718109160661697,48.337188720703125,13.1556978225708,116.59808349609376,0.0014577902620658
tile_r018531_c011107,3,506.4317932128906,446.4599609375,512.0,500.9728393554688,0.001456907717511
tile_r018531_c011107,3,304.4638061523437,0.0,357.7545471191406,3.959538698196411,0.0014542511198669
tile_r018531_c011107,3,252.47836303710935,0.0307662971317768,302.8025207519531,3.797000408172608,0.0014354665763676
tile_r018531_c011107,3,487.3480529785156,327.8222961425781,512.0,409.7882690429688,0.0014146441826596
tile_r018531_c011107,3,505.02392578125,469.0771484375,512.0,510.4195861816406,0.0014075936051085
tile_r018531_c011107,3,323.1635437011719,0.1609985381364822,397.1181640625,9.649161338806152,0.0013824708294123
tile_r018531_c011107,3,259.4601135253906,0.0214221961796283,310.04742431640625,3.685297727584839,0.0013644015416502
tile_r018531_c011107,3,276.1984558105469,0.0,328.1649780273437,4.429003715515137,0.0013619316741824
tile_r018531_c011107,3,367.4335021972656,0.1619918793439865,443.724609375,10.544650077819824,0.0013430311810225
tile_r018531_c011107,3,71.57972717285156,416.22271728515625,120.3376693725586,444.396728515625,0.0013392727123573
tile_r018531_c011107,3,504.012451171875,331.5948181152344,512.0,390.15179443359375,0.0012832528445869
tile_r018531_c011107,3,501.6676330566406,359.3887023925781,511.8751831054688,416.4800720214844,0.0012791436165571
tile_r018531_c011107,3,0.0462142936885356,241.86215209960935,3.4523091316223145,268.0280456542969,0.0012397763784974
tile_r018531_c011107,3,246.09103393554688,0.7690032720565796,322.5336303710937,33.74509048461914,0.0012046167394146
tile_r018531_c011107,3,0.0,114.70479583740234,46.35596084594727,207.090087890625,0.0011963385622948
tile_r018531_c011107,3,242.77932739257807,2.458563327789306,281.0321044921875,35.849143981933594,0.0011876402422785
tile_r018531_c011107,3,506.7020568847656,370.3175354003906,512.0,417.4443359375,0.0011828859569504
tile_r018531_c011107,3,500.86126708984375,254.2437744140625,511.8790893554688,323.72027587890625,0.0011757548199966
tile_r018531_c011107,3,336.42388916015625,0.1203140243887901,415.08935546875,9.59671401977539,0.0011573982192203
tile_r018531_c011107,3,426.97900390625,506.799560546875,480.73779296875,512.0,0.0011564096203073
tile_r018531_c011107,3,253.1062774658203,0.183491513133049,302.9961853027344,21.77090072631836,0.0011560802813619
tile_r018531_c011107,3,415.5072326660156,0.1679412871599197,486.1693420410156,10.908278465270996,0.00114728405606
tile_r018531_c011107,3,1.599636793136597,388.2281799316406,26.537073135375977,483.911865234375,0.001139574102126
tile_r018531_c011107,3,499.8402404785156,220.7899932861328,511.9657287597656,297.30242919921875,0.0011381877120584
tile_r018531_c011107,3,283.2230834960937,0.0,339.3748474121094,4.335916519165039,0.0011231428943574
tile_r018531_c011107,3,1.04107666015625,104.31800842285156,44.221221923828125,201.8007354736328,0.0011200720909982
tile_r018531_c011107,3,0.0288564674556255,430.0416870117188,2.6739304065704346,476.04931640625,0.001109374104999
tile_r018531_c011107,3,506.2925415039063,443.8854370117188,512.0,494.1302795410156,0.0010800949530676
tile_r018531_c011107,3,299.63525390625,0.0,352.8534240722656,4.886929035186768,0.0010761992307379
tile_r018531_c011107,3,257.2182312011719,0.0864700302481651,333.5768127441406,12.424925804138184,0.0010504183592274
tile_r018531_c011107,3,505.4706115722656,459.49810791015625,512.0,508.8365173339844,0.0010477183386683
tile_r018531_c011107,3,0.0,26.391855239868164,9.996461868286133,80.12776947021484,0.0010316957486793
tile_r018531_c011107,3,507.63623046875,443.1702575683594,512.0,486.2076110839844,0.0010211018379777
tile_r018531_c011107,3,351.2308654785156,0.0992095917463302,430.814453125,10.10897445678711,0.0010058325715363
tile_r018531_c011107,3,0.0,398.4696960449219,11.782651901245115,458.0217895507813,0.0010049963602796
tile_r018531_c011107,3,485.1488342285156,0.0,512.0,21.493831634521484,0.0010016746819019
tile_r018531_c011363,3,266.92657470703125,216.5687713623047,321.1710205078125,268.98736572265625,0.8489898443222046
tile_r018531_c011363,3,334.00225830078125,466.9508361816406,375.2528381347656,504.28515625,0.8114333748817444
tile_r018531_c011363,3,203.49920654296875,407.7877807617188,257.2118530273437,455.78521728515625,0.7708763480186462
tile_r018531_c011363,3,118.3090591430664,47.77921295166016,178.7186737060547,103.82365417480467,0.7697436213493347
tile_r018531_c011363,3,109.24959564208984,269.7864074707031,181.98724365234372,333.85498046875,0.6894640922546387
tile_r018531_c011363,3,0.0,1.6949676275253296,27.08699989318848,41.18805694580078,0.5265504717826843
tile_r018531_c011363,3,343.4242248535156,261.51666259765625,379.0329895019531,294.3095397949219,0.439418762922287
tile_r018531_c011363,3,494.769775390625,27.88668441772461,511.9606323242188,74.36349487304688,0.3919039070606231
tile_r018531_c011363,3,51.62054443359375,95.13230895996094,118.0769271850586,159.1018829345703,0.3187002837657928
tile_r018531_c011363,3,48.74052047729492,91.94550323486328,120.21961975097656,162.97079467773438,0.2597898244857788
tile_r018531_c011363,3,116.0413055419922,45.53887176513672,180.9288024902344,105.5411605834961,0.1733670234680175
tile_r018531_c011363,3,33.408390045166016,56.55291748046875,60.68556594848633,82.95194244384766,0.1342795640230178
tile_r018531_c011363,3,497.666015625,31.33231544494629,512.0,70.72470092773438,0.0615738183259964
tile_r018531_c011363,3,0.0,0.0434707626700401,34.808837890625,48.514122009277344,0.0499381907284259
tile_r018531_c011363,3,111.47184753417967,342.401123046875,141.90013122558594,371.2443237304688,0.0448325872421264
tile_r018531_c011363,3,497.0782165527344,32.13322067260742,512.0,71.88079071044922,0.0374635495245456
tile_r018531_c011363,3,501.4689025878906,29.610980987548828,512.0,67.81431579589844,0.0344479978084564
tile_r018531_c011363,3,106.1135711669922,339.3303527832031,143.86463928222656,374.89788818359375,0.0226207692176103
tile_r018531_c011363,3,0.3307861387729645,2.8323211669921875,23.29208755493164,35.64533233642578,0.0222126860171556
tile_r018531_c011363,3,345.66729736328125,264.08209228515625,377.3196716308594,291.28814697265625,0.0194875616580247
tile_r018531_c011363,3,341.1327819824219,258.86395263671875,381.958984375,296.6106262207031,0.0178145822137594
tile_r018531_c011363,3,115.31437683105467,343.58465576171875,140.86917114257812,369.71002197265625,0.0170830842107534
tile_r018531_c011363,3,111.08506774902344,271.5897521972656,181.8621063232422,332.71954345703125,0.0169687885791063
tile_r018531_c011363,3,141.91915893554688,502.0484008789063,186.40396118164065,512.0,0.0163834579288959
tile_r018531_c011363,3,32.77204132080078,54.1074104309082,63.94845581054688,84.93995666503906,0.0143860131502151
tile_r018531_c011363,3,497.8948669433594,33.267364501953125,511.90533447265625,72.16849517822266,0.0098895253613591
tile_r018531_c011363,3,81.8453598022461,101.38761138916016,116.60260009765624,130.1064453125,0.0098567558452487
tile_r018531_c011363,3,145.00758361816406,503.8878479003906,192.71083068847656,512.0,0.0095345424488186
tile_r018531_c011363,3,497.261962890625,34.80753707885742,512.0,73.38442993164062,0.0094085400924086
tile_r018531_c011363,3,492.1830139160156,0.0,512.0,24.713706970214844,0.0093902871012687
tile_r018531_c011363,3,146.48336791992188,505.7821350097656,198.50198364257807,512.0,0.0090627679601311
tile_r018531_c011363,3,110.2596206665039,342.3979797363281,142.04461669921875,370.3442687988281,0.0090531082823872
tile_r018531_c011363,3,483.9456481933594,0.0,511.8528442382813,7.4179229736328125,0.0076472456566989
tile_r018531_c011363,3,149.1710205078125,500.7696838378906,199.7408447265625,512.0,0.0072712847031652
tile_r018531_c011363,3,499.2794799804688,299.4410705566406,511.87310791015625,354.0438842773437,0.0070471190847456
tile_r018531_c011363,3,505.0628051757813,71.13703155517578,512.0,114.4902114868164,0.0069300807081162
tile_r018531_c011363,3,150.1182861328125,506.7610778808594,204.4542388916016,511.9826049804688,0.0065008043311536
tile_r018531_c011363,3,484.5467224121094,17.7200870513916,512.0,83.80818176269531,0.0064383861608803
tile_r018531_c011363,3,498.6361389160156,37.29237747192383,511.7765197753906,80.01036071777344,0.0059925056993961
tile_r018531_c011363,3,506.8677673339844,22.05873680114746,511.9519958496094,63.68351364135742,0.0055793989449739
tile_r018531_c011363,3,113.49772644042967,273.7705993652344,180.3251495361328,331.6607971191406,0.0052080978639423
tile_r018531_c011363,3,270.81109619140625,219.5643615722656,318.4149780273437,266.60113525390625,0.0049015409313142
tile_r018531_c011363,3,506.6554260253906,63.8747444152832,512.0,110.12776184082033,0.0047730654478073
tile_r018531_c011363,3,496.8594665527344,0.0,512.0,8.269131660461426,0.0045803035609424
tile_r018531_c011363,3,208.2069091796875,411.67584228515625,254.5560607910156,451.872802734375,0.0040831742808222
tile_r018531_c011363,3,499.2007751464844,288.9859924316406,511.8694458007813,350.8333435058594,0.0038875441532582
tile_r018531_c011363,3,499.7174682617188,33.457130432128906,511.9671020507813,98.07130432128906,0.0037513377610594
tile_r018531_c011363,3,503.18310546875,292.9966125488281,512.0,345.35028076171875,0.0036763984244316
tile_r018531_c011363,3,154.86383056640625,507.1183471679688,211.9513397216797,511.9774475097656,0.0034461938776075
tile_r018531_c011363,3,505.379150390625,288.70074462890625,512.0,339.69158935546875,0.0034403624013066
tile_r018531_c011363,3,139.5322265625,498.6546936035156,196.05007934570312,511.96685791015625,0.0033646451774984
tile_r018531_c011363,3,107.5104751586914,266.4367370605469,186.1544952392578,337.8271484375,0.0032014087773859
tile_r018531_c011363,3,504.5619201660156,73.25210571289062,512.0,121.14542388916016,0.0030219636391848
tile_r018531_c011363,3,157.26974487304688,501.9067993164063,209.48971557617188,512.0,0.0028996276669204
tile_r018531_c011363,3,336.85479736328125,469.6341247558594,371.65533447265625,500.44525146484375,0.0028712728526443
tile_r018531_c011363,3,142.54539489746094,0.1909530609846115,212.6610412597656,12.046632766723633,0.0027589416131377
tile_r018531_c011363,3,0.0775276198983192,5.104574680328369,21.240863800048828,35.87876510620117,0.0026931879110634
tile_r018531_c011363,3,490.8155212402344,16.0172119140625,512.0,76.33927917480469,0.0025522133801132
tile_r018531_c011363,3,272.5492858886719,507.4716796875,315.7562866210937,512.0,0.0023350361734628
tile_r018531_c011363,3,497.923828125,33.864356994628906,511.9539489746094,78.64633178710938,0.002303592627868
tile_r018531_c011363,3,161.84310913085938,506.9903259277344,219.10546875,511.99322509765625,0.0022295275703072
tile_r018531_c011363,3,45.08198165893555,0.165374755859375,115.1425323486328,9.878512382507324,0.0021375510841608
tile_r018531_c011363,3,152.75503540039062,0.199848935008049,217.6361083984375,11.510834693908691,0.0021349489688873
tile_r018531_c011363,3,504.14263916015625,46.87342071533203,512.0,106.0879135131836,0.0021322567481547
tile_r018531_c011363,3,165.3493194580078,501.9068298339844,222.71029663085935,511.8566284179688,0.0021035291720181
tile_r018531_c011363,3,0.0,0.0,43.92835235595703,64.73814392089844,0.0020743841305375
tile_r018531_c011363,3,503.4977416992188,297.8368530273437,512.0,352.0907592773437,0.0019755014218389
tile_r018531_c011363,3,263.759765625,507.1183471679688,311.45263671875,512.0,0.0019311411306262
tile_r018531_c011363,3,33.19987106323242,0.1049652099609375,103.03971862792967,10.134504318237305,0.0019309398485347
tile_r018531_c011363,3,56.30518341064453,0.1824096739292144,126.23020935058594,9.9177885055542,0.0018962052417919
tile_r018531_c011363,3,0.0804151520133018,248.43453979492188,8.78222942352295,289.9908447265625,0.0017508966848254
tile_r018531_c011363,3,471.9622192382813,0.0637115463614463,512.0,16.689117431640625,0.0017461908282712
tile_r018531_c011363,3,503.6109008789063,302.3273010253906,512.0,359.4887084960937,0.0016410672105848
tile_r018531_c011363,3,506.8433532714844,0.9482132196426392,512.0,45.62706756591797,0.0016356690321117
tile_r018531_c011363,3,505.9132690429688,7.859341621398926,512.0,56.59132766723633,0.0016123042441904
tile_r018531_c011363,3,0.0,0.0123130800202488,37.860450744628906,4.512997150421143,0.0016018357127904
tile_r018531_c011363,3,497.364013671875,63.15267181396485,511.87017822265625,119.27961730957033,0.0015709177823737
tile_r018531_c011363,3,127.0409164428711,0.1488174498081207,202.6863250732422,11.303153038024902,0.0015495598781853
tile_r018531_c011363,3,257.61578369140625,507.0908203125,308.4215087890625,512.0,0.0014927726006135
tile_r018531_c011363,3,35.64670181274414,56.98027801513672,63.82993316650391,83.51754760742188,0.0014731739647686
tile_r018531_c011363,3,67.27155303955078,0.1314758360385894,141.058837890625,9.576149940490724,0.0014491837937384
tile_r018531_c011363,3,499.4889526367188,276.30908203125,511.9495239257813,345.4205322265625,0.0014452621107921
tile_r018531_c011363,3,382.2129821777344,503.0682678222656,416.9871215820313,512.0,0.0013856533914804
tile_r018531_c011363,3,304.39971923828125,501.0445861816406,352.66217041015625,511.8196411132813,0.0013630241155624
tile_r018531_c011363,3,0.6619903445243835,500.8193359375,54.74870681762695,511.8780822753906,0.001318871974945
tile_r018531_c011363,3,260.72857666015625,501.2376403808594,315.7226257324219,511.93359375,0.0013172556646168
tile_r018531_c011363,3,0.0084396358579397,235.0262908935547,14.885614395141602,302.2670288085937,0.0013125906698405
tile_r018531_c011363,3,12.30185890197754,7.553100294899195e-05,61.98481369018555,4.088077545166016,0.0013121938100084
tile_r018531_c011363,3,506.0144653320313,281.9130859375,512.0,335.5369567871094,0.0012900535948574
tile_r018531_c011363,3,160.67356872558594,0.1414001435041427,229.6030731201172,10.74634838104248,0.001273228903301
tile_r018531_c011363,3,21.24154090881348,0.0026916502974927,71.99641418457031,4.362464427947998,0.0012123839696869
tile_r018531_c011363,3,112.14437103271484,0.1479568481445312,186.39358520507807,10.400223731994627,0.0012115025892853
tile_r018531_c011363,3,279.2636108398437,507.91015625,325.5424499511719,512.0,0.0011449591256678
tile_r018531_c011363,3,0.0,5.313086032867432,22.200363159179688,41.60552215576172,0.0011420649243518
tile_r018531_c011363,3,501.606689453125,1.463983178138733,511.91790771484375,23.37369155883789,0.0011374593013897
tile_r018531_c011363,3,485.7593688964844,23.07059860229492,511.556884765625,90.2561492919922,0.0011303960345685
tile_r018531_c011363,3,497.55377197265625,45.83969879150391,511.96038818359375,105.5120849609375,0.0011090133339166
tile_r018531_c011363,3,171.72564697265625,506.9437561035156,223.6627655029297,512.0,0.0011011494789272
tile_r018531_c011363,3,302.0562438964844,506.0083618164063,340.30230712890625,512.0,0.0010859237518161
tile_r018531_c011363,3,80.49327087402344,0.087646484375,159.47543334960938,9.516586303710938,0.001067746663466
tile_r018531_c011363,3,48.29582214355469,0.0,101.35026550292967,3.814975738525391,0.0010671878699213
tile_r018531_c011363,3,449.0285034179688,0.0260894782841205,510.6564025878906,12.959309577941896,0.0010328906355425
tile_r018531_c011363,3,431.0037231445313,354.2314147949219,464.81634521484375,390.63482666015625,0.0010021643247455
tile_r018531_c011619,3,236.0889587402344,18.30736923217773,294.04364013671875,74.14522552490234,0.8500030040740967
tile_r018531_c011619,3,380.9793701171875,188.92730712890625,433.3040466308594,238.5003967285156,0.8442639112472534
tile_r018531_c011619,3,11.97461986541748,217.3705139160156,65.02969360351562,268.41015625,0.8381869792938232
tile_r018531_c011619,3,78.26886749267578,467.3435974121094,118.8815689086914,503.9508361816406,0.8068392872810364
tile_r018531_c011619,3,247.6068115234375,257.2571716308594,308.3714599609375,311.9594421386719,0.792660117149353
tile_r018531_c011619,3,378.70941162109375,44.3769645690918,434.0748596191406,98.08014678955078,0.7741302847862244
tile_r018531_c011619,3,474.7422790527344,238.47799682617188,510.8011779785156,274.6509704589844,0.7382278442382812
tile_r018531_c011619,3,412.4692993164063,418.0328063964844,475.2371520996094,476.8544921875,0.7380602359771729
tile_r018531_c011619,3,469.4705505371094,474.2364196777344,512.0,512.0,0.7167367339134216
tile_r018531_c011619,3,340.9225158691406,228.33425903320312,405.5965270996094,291.9852905273437,0.657389223575592
tile_r018531_c011619,3,87.3477554321289,261.4693603515625,122.87374114990234,294.2719116210937,0.3831843137741089
tile_r018531_c011619,3,356.2479858398437,365.9277648925781,393.9270324707031,402.5533142089844,0.2445049285888672
tile_r018531_c011619,3,440.6632690429688,70.91641998291016,497.5122985839844,121.8976593017578,0.2218078970909118
tile_r018531_c011619,3,463.11181640625,469.5105590820313,512.0,512.0,0.1167257651686668
tile_r018531_c011619,3,344.25897216796875,231.3487548828125,403.7409973144531,287.64178466796875,0.0960446894168853
tile_r018531_c011619,3,406.8644409179688,413.9692993164063,481.3932189941406,484.90924072265625,0.0572429485619068
tile_r018531_c011619,3,0.0,326.50225830078125,12.937156677246094,370.5124206542969,0.0288458708673715
tile_r018531_c011619,3,377.8653869628906,42.37715911865234,436.111328125,98.7477798461914,0.0257344469428062
tile_r018531_c011619,3,436.7302856445313,65.23158264160156,502.9224243164063,128.51870727539062,0.0207232218235731
tile_r018531_c011619,3,359.6614685058594,367.8317260742188,391.0305786132813,399.2882385253906,0.0194631442427635
tile_r018531_c011619,3,0.0360494628548622,336.0209045410156,6.772621154785156,361.4388427734375,0.019176248461008
tile_r018531_c011619,3,89.58518981933594,264.0253295898437,121.24015045166016,291.3103942871094,0.0183237604796886
tile_r018531_c011619,3,232.5993194580078,14.419076919555664,298.2082824707031,77.9240951538086,0.018180675804615
tile_r018531_c011619,3,419.3390502929688,490.3150024414063,444.80853271484375,511.9005737304688,0.0180313196033239
tile_r018531_c011619,3,0.0,332.41485595703125,8.65633487701416,366.92388916015625,0.017486710101366
tile_r018531_c011619,3,84.94779968261719,258.6580810546875,125.75955963134766,296.5911865234375,0.017220513895154
tile_r018531_c011619,3,0.0576354973018169,328.5656433105469,8.412821769714355,361.75341796875,0.0091318693011999
tile_r018531_c011619,3,15.313592910766602,219.63232421875,62.35546112060547,266.53582763671875,0.008155345916748
tile_r018531_c011619,3,236.1909942626953,0.0,291.93365478515625,11.486948013305664,0.0078941127285361
tile_r018531_c011619,3,348.79266357421875,0.1786789000034332,407.8468933105469,11.49445915222168,0.0078795058652758
tile_r018531_c011619,3,240.56228637695312,0.0,285.66461181640625,6.159137725830078,0.0065798587165772
tile_r018531_c011619,3,236.1572265625,0.0043102265335619,282.42449951171875,6.707971096038818,0.0061244554817676
tile_r018531_c011619,3,355.74029541015625,0.2204467803239822,417.2289123535156,10.24543571472168,0.0057791066356003
tile_r018531_c011619,3,0.0,307.641357421875,14.242144584655762,372.7994384765625,0.0056594517081975
tile_r018531_c011619,3,411.8160705566406,0.138407900929451,469.6694946289063,12.094860076904297,0.0039085177704691
tile_r018531_c011619,3,17.972463607788086,507.1827697753906,59.3452262878418,512.0,0.0039005947764962
tile_r018531_c011619,3,355.4889221191406,0.0,409.1956481933594,4.107141971588135,0.0038686152547597
tile_r018531_c011619,3,244.3136749267578,0.0,297.08026123046875,11.207653999328612,0.0037542362697422
tile_r018531_c011619,3,0.0778162032365799,500.82037353515625,9.16465950012207,511.9051208496094,0.00372179527767
tile_r018531_c011619,3,352.9173278808594,0.0,405.52252197265625,5.33484411239624,0.0035108842421323
tile_r018531_c011619,3,375.07720947265625,182.9271545410156,439.7057495117188,245.9111328125,0.0033200727775692
tile_r018531_c011619,3,0.0,336.25164794921875,3.104356050491333,364.50531005859375,0.0031557683832943
tile_r018531_c011619,3,9.522756576538086,506.774169921875,55.3720703125,512.0,0.0031527366954833
tile_r018531_c011619,3,338.5805969238281,0.1780349761247635,407.6744995117188,12.96318531036377,0.0030654824804514
tile_r018531_c011619,3,243.4510955810547,250.7959442138672,314.7371826171875,318.4493103027344,0.0030556444544345
tile_r018531_c011619,3,80.99436950683594,469.8984375,115.37614440917967,500.2890625,0.0030221734195947
tile_r018531_c011619,3,373.81591796875,40.09488677978516,438.9214477539063,102.9481964111328,0.0029766170773655
tile_r018531_c011619,3,244.17453002929688,0.002652931259945,288.55279541015625,5.252012729644775,0.0027970180381089
tile_r018531_c011619,3,363.0496520996094,0.2389800995588302,436.431884765625,10.224191665649414,0.002724457764998
tile_r018531_c011619,3,251.7094268798828,0.1658706665039062,307.3146057128906,11.871596336364746,0.0026140271220356
tile_r018531_c011619,3,347.472412109375,0.0,402.4505310058594,6.287143230438232,0.0025949859991669
tile_r018531_c011619,3,0.0,269.8856811523437,10.93734073638916,322.1252746582031,0.0024360558018088
tile_r018531_c011619,3,0.0,396.5187683105469,9.662707328796388,450.22467041015625,0.0023223084863275
tile_r018531_c011619,3,3.135730028152466,506.8497619628906,52.58751678466797,512.0,0.0022080230992287
tile_r018531_c011619,3,351.7016906738281,359.1454772949219,399.892822265625,408.8993225097656,0.0021870015189051
tile_r018531_c011619,3,234.55859375,14.767629623413086,296.912841796875,75.3138427734375,0.0020656648557633
tile_r018531_c011619,3,0.0599699020385742,404.0216369628906,4.863664627075195,443.7717895507813,0.00202152505517
tile_r018531_c011619,3,358.31903076171875,0.0,416.1636352539063,3.216274738311768,0.0019010122632607
tile_r018531_c011619,3,0.0,279.93023681640625,8.679405212402344,327.6455078125,0.0018946445779874
tile_r018531_c011619,3,420.0997924804688,0.1899642944335937,478.7748107910156,11.506641387939451,0.0018198419129475
tile_r018531_c011619,3,437.8255004882813,67.07667541503906,500.6305236816406,122.89359283447266,0.0018091824604198
tile_r018531_c011619,3,500.90814208984375,48.30796051025391,511.995849609375,110.6324234008789,0.0017386961262673
tile_r018531_c011619,3,0.0768219009041786,398.43841552734375,5.699820041656494,438.1428833007813,0.001684313872829
tile_r018531_c011619,3,412.0052795410156,491.6656799316406,467.0309448242188,511.790283203125,0.0016250173794105
tile_r018531_c011619,3,0.0,408.0130004882813,7.483495235443115,451.8365783691406,0.0016081125941127
tile_r018531_c011619,3,478.4315490722656,242.3953094482422,509.15240478515625,270.1585998535156,0.0016068040858954
tile_r018531_c011619,3,23.84530258178711,507.7693786621094,69.09239959716797,512.0,0.0016045498196035
tile_r018531_c011619,3,396.3183288574219,0.1337188780307769,466.3351440429688,12.209602355957031,0.0015453912783414
tile_r018531_c011619,3,0.0598220825195312,337.29998779296875,7.075743675231934,377.2457885742188,0.0014485283754765
tile_r018531_c011619,3,0.0554470047354698,406.71478271484375,4.133280754089356,449.4669494628906,0.001406961120665
tile_r018531_c011619,3,224.5517578125,0.0,293.6848449707031,12.662941932678224,0.001397312269546
tile_r018531_c011619,3,258.74920654296875,0.1606384217739105,321.4730834960937,12.132766723632812,0.0013753060484305
tile_r018531_c011619,3,341.17706298828125,0.0,397.1886291503906,6.61691427230835,0.0013258814578875
tile_r018531_c011619,3,229.6560821533203,0.0,278.2709350585937,6.197367668151856,0.0013121494557708
tile_r018531_c011619,3,48.549537658691406,501.05609130859375,96.23272705078124,511.8276977539063,0.0012830914929509
tile_r018531_c011619,3,46.32229232788086,506.0188903808594,83.75336456298828,512.0,0.0012422634754329
tile_r018531_c011619,3,410.5399475097656,0.0168506614863872,460.902587890625,6.844858646392822,0.0012302616378292
tile_r018531_c011619,3,6.061175346374512,501.71917724609375,58.865501403808594,511.9064331054688,0.001217019627802
tile_r018531_c011619,3,374.5776977539063,0.1488052308559417,458.2330017089844,11.142589569091797,0.0011855316115543
tile_r018531_c011619,3,247.2087860107422,0.0081626893952488,294.503662109375,3.59185791015625,0.0011842878302559
tile_r018531_c011619,3,0.4715576171875,322.57208251953125,22.52700424194336,379.2366027832031,0.0011751760030165
tile_r018531_c011619,3,0.0,381.2024536132813,10.511993408203123,444.03265380859375,0.0011648418148979
tile_r018531_c011619,3,0.0131572727113962,335.9803771972656,5.322925567626953,384.6326599121094,0.0011431630700826
tile_r018531_c011619,3,126.21955871582033,503.1510314941406,161.09288024902344,512.0,0.0011210120283067
tile_r018531_c011619,3,0.0047958372160792,500.7298889160156,48.881160736083984,511.944580078125,0.0011203762842342
tile_r018531_c011619,3,0.0588993057608604,276.39532470703125,3.8555846214294434,317.5490417480469,0.0010673169745132
tile_r018531_c011619,3,0.0615674965083599,388.0523681640625,5.763420104980469,432.3629760742188,0.0010478520998731
tile_r018531_c011619,3,31.00628662109375,501.3709411621094,83.5123062133789,511.8746032714844,0.001045310171321
tile_r018531_c011619,3,417.8006286621094,0.0422462448477745,464.9654846191406,7.481915473937988,0.0010298014385625
tile_r018531_c011619,3,0.0232994072139263,280.3365783691406,3.209853410720825,323.67803955078125,0.0010134382173418
tile_r018787_c010083,3,41.45181274414063,0.1673950254917144,114.29856872558594,59.4033432006836,0.8883203268051147
tile_r018787_c010083,3,353.7103271484375,123.41047668457033,410.8699645996094,175.71351623535156,0.8330351114273071
tile_r018787_c010083,3,206.6791076660156,282.2639465332031,252.6794891357422,321.72674560546875,0.7421947121620178
tile_r018787_c010083,3,186.61508178710935,474.4869995117188,237.77395629882807,512.0,0.7255975008010864
tile_r018787_c010083,3,46.31988525390625,466.3745727539063,125.9065399169922,511.7938537597656,0.7125002145767212
tile_r018787_c010083,3,171.27056884765625,0.0,239.2784881591797,28.45219039916992,0.59181147813797
tile_r018787_c010083,3,100.31111907958984,222.7484893798828,135.3870849609375,257.359619140625,0.574447512626648
tile_r018787_c010083,3,0.6807953119277954,109.296630859375,44.00658798217773,155.0442657470703,0.5560292601585388
tile_r018787_c010083,3,421.3796997070313,163.0087127685547,487.07171630859375,220.27999877929688,0.5432913303375244
tile_r018787_c010083,3,179.00035095214844,406.9589538574219,212.53567504882807,439.5877990722656,0.5072420835494995
tile_r018787_c010083,3,9.485488891601562,166.41336059570312,48.3708381652832,202.15750122070312,0.4863647520542145
tile_r018787_c010083,3,423.96881103515625,165.6597442626953,484.98388671875,216.3656311035156,0.4747336506843567
tile_r018787_c010083,3,39.91687774658203,319.873046875,112.2591781616211,374.90771484375,0.4038164615631103
tile_r018787_c010083,3,50.94329071044922,473.0885620117188,121.3715591430664,511.7985229492188,0.1971528381109237
tile_r018787_c010083,3,27.593685150146484,409.3478393554688,70.57157897949219,452.25189208984375,0.1958433836698532
tile_r018787_c010083,3,182.41085815429688,470.59716796875,242.2632598876953,511.9737243652344,0.1858306974172592
tile_r018787_c010083,3,163.46871948242188,0.0,247.4382781982422,34.48810195922852,0.170817881822586
tile_r018787_c010083,3,181.7310485839844,408.62298583984375,210.72628784179688,437.1671447753906,0.0946323052048683
tile_r018787_c010083,3,5.7892255783081055,163.0267791748047,53.16658401489258,207.9212951660156,0.0890703871846199
tile_r018787_c010083,3,0.4703308045864105,107.55430603027344,45.88067626953125,156.337890625,0.065350666642189
tile_r018787_c010083,3,179.64430236816406,0.0563308708369731,234.19497680664065,23.8308162689209,0.0644456595182418
tile_r018787_c010083,3,0.0,1.4351775646209717,14.222271919250488,54.14484405517578,0.04148630797863
tile_r018787_c010083,3,212.0873107910156,103.0118408203125,239.1587677001953,134.16873168945312,0.0332954004406929
tile_r018787_c010083,3,103.12503814697266,224.32473754882807,133.50186157226562,254.83071899414065,0.0248326957225799
tile_r018787_c010083,3,0.0,7.382695198059082,6.669437408447266,45.749244689941406,0.0223975107073783
tile_r018787_c010083,3,0.0,7.336531162261963,8.443385124206543,58.11727142333984,0.0195369515568017
tile_r018787_c010083,3,180.3537750244141,408.8072509765625,211.478759765625,439.4708557128906,0.0154637042433023
tile_r018787_c010083,3,49.85675430297852,327.48602294921875,109.42325592041016,368.9450073242188,0.0121875526383519
tile_r018787_c010083,3,12.662614822387695,167.84048461914062,46.4536018371582,199.92942810058597,0.0107271950691938
tile_r018787_c010083,3,0.0,2.0610671043396,7.590607643127441,42.63816833496094,0.0106892390176653
tile_r018787_c010083,3,0.0,11.72295379638672,4.581243991851807,50.652591705322266,0.0106560951098799
tile_r018787_c010083,3,349.9999389648437,117.91900634765624,415.3479614257813,181.3890380859375,0.0105723589658737
tile_r018787_c010083,3,499.5700073242188,80.05976104736328,511.8779296875,143.6897430419922,0.010289704427123
tile_r018787_c010083,3,210.7948760986328,285.146728515625,248.9658966064453,318.07989501953125,0.0098786521703004
tile_r018787_c010083,3,0.0,0.0,26.12031555175781,48.06478118896485,0.009678503498435
tile_r018787_c010083,3,501.7301635742188,82.21485900878906,512.0,129.28836059570312,0.0096774473786354
tile_r018787_c010083,3,33.47028350830078,310.4445495605469,115.8449478149414,382.0949401855469,0.0095859598368406
tile_r018787_c010083,3,503.4268493652344,45.92710494995117,512.0,96.65267181396484,0.0090105831623077
tile_r018787_c010083,3,208.49771118164065,101.56536865234376,238.4454803466797,136.33917236328125,0.0088514918461442
tile_r018787_c010083,3,503.0780334472656,49.176368713378906,512.0,105.35855865478516,0.0068219029344618
tile_r018787_c010083,3,504.916259765625,39.65351104736328,512.0,91.2259292602539,0.0067894589155912
tile_r018787_c010083,3,158.9974365234375,0.0758270248770713,255.80142211914065,46.87909698486328,0.0065204235725104
tile_r018787_c010083,3,97.71632385253906,218.91867065429688,139.66197204589844,261.4211120605469,0.0061824629083275
tile_r018787_c010083,3,197.04074096679688,0.0809951797127723,245.6737518310547,20.85992431640625,0.0059401798062026
tile_r018787_c010083,3,499.2847595214844,67.62055206298828,511.86627197265625,137.64544677734375,0.005929643753916
tile_r018787_c010083,3,0.0,16.51235580444336,6.332491874694824,63.49796295166016,0.0057474938221275
tile_r018787_c010083,3,501.0474548339844,81.36787414550781,512.0,136.17898559570312,0.0055232639424502
tile_r018787_c010083,3,507.8659057617188,74.3963394165039,512.0,125.21327209472656,0.0055223419331014
tile_r018787_c010083,3,254.409912109375,500.26165771484375,296.34722900390625,511.9509887695313,0.0055078999139368
tile_r018787_c010083,3,506.9828186035156,31.5847225189209,512.0,86.57258605957031,0.0053732739761471
tile_r018787_c010083,3,257.7550048828125,503.77239990234375,292.5215759277344,512.0,0.0053230882622301
tile_r018787_c010083,3,499.679931640625,28.86642074584961,511.9217834472656,101.50611877441406,0.0046881060115993
tile_r018787_c010083,3,506.0213012695313,23.3652458190918,512.0,81.00227355957031,0.0046843253076076
tile_r018787_c010083,3,229.304443359375,423.7440490722656,259.34393310546875,446.7593383789063,0.0044336598366498
tile_r018787_c010083,3,503.23870849609375,52.43059158325195,512.0,115.1705551147461,0.0041837990283966
tile_r018787_c010083,3,495.16937255859375,0.0,511.9996032714844,30.753173828125,0.003957690205425
tile_r018787_c010083,3,499.9992065429688,42.66429901123047,511.84326171875,112.9219207763672,0.003924470860511
tile_r018787_c010083,3,500.4319763183594,88.94586181640625,511.8565979003906,150.0366668701172,0.0037071348633617
tile_r018787_c010083,3,499.6171875,53.9671630859375,511.8863830566406,128.3271942138672,0.0036898769903928
tile_r018787_c010083,3,500.04791259765625,186.103759765625,511.7046813964844,241.945068359375,0.0035919691435992
tile_r018787_c010083,3,504.33642578125,1.6769195795059204,511.9686584472656,25.302078247070312,0.0035072895698249
tile_r018787_c010083,3,502.7594604492188,82.07829284667969,512.0,142.4521942138672,0.0034596633631736
tile_r018787_c010083,3,0.0,10.61484718322754,3.6680190563201904,57.56827545166016,0.0032268003560602
tile_r018787_c010083,3,254.3726806640625,501.192626953125,287.513916015625,512.0,0.0031551292631775
tile_r018787_c010083,3,0.0,13.900146484375,3.0125396251678467,64.92984771728516,0.0029774366412311
tile_r018787_c010083,3,504.6302185058594,88.50056457519531,512.0,147.87802124023438,0.0029655923135578
tile_r018787_c010083,3,29.39642906188965,412.45794677734375,69.03604125976562,446.9944458007813,0.0029356982558965
tile_r018787_c010083,3,230.8397674560547,426.947509765625,258.0301208496094,448.70416259765625,0.0029253629036247
tile_r018787_c010083,3,505.4653930664063,1.098175048828125,512.0,36.177467346191406,0.0027290000580251
tile_r018787_c010083,3,487.5293884277344,0.0,511.3245544433594,7.186522006988525,0.0026189761701971
tile_r018787_c010083,3,500.16595458984375,174.0799102783203,511.9450073242188,236.9514617919922,0.0026137884706258
tile_r018787_c010083,3,0.0,0.0766714066267013,12.154630661010742,18.10161018371582,0.0024722560774534
tile_r018787_c010083,3,0.0239437110722064,0.7435210943222046,8.443151473999023,37.16691970825195,0.0024343184195458
tile_r018787_c010083,3,507.3726501464844,61.071739196777344,512.0,122.43400573730467,0.0023043334949761
tile_r018787_c010083,3,499.7550354003906,1.4774261713027954,512.0,52.72381591796875,0.0022547009866684
tile_r018787_c010083,3,167.83277893066406,0.0,225.0153350830078,15.588464736938477,0.0022532972507178
tile_r018787_c010083,3,0.0907394438982009,1.1826934814453125,22.610408782958984,61.53566360473633,0.0021775744389742
tile_r018787_c010083,3,173.05714416503906,0.0,231.7529296875,15.966283798217772,0.0021080521401017
tile_r018787_c010083,3,506.681640625,16.310688018798828,512.0,74.98875427246094,0.0020311456173658
tile_r018787_c010083,3,126.82356262207033,503.4967651367188,170.30160522460938,512.0,0.0019942019134759
tile_r018787_c010083,3,504.9771423339844,95.55206298828124,512.0,153.29257202148438,0.001837387215346
tile_r018787_c010083,3,130.88470458984375,504.392578125,174.07672119140625,511.9309692382813,0.0018317794892936
tile_r018787_c010083,3,505.9501953125,176.68087768554688,512.0,230.1504821777344,0.0018294540932402
tile_r018787_c010083,3,0.1546081602573394,0.0477188117802143,37.50901412963867,23.73382568359375,0.0017938329838216
tile_r018787_c010083,3,181.59109497070312,0.0,232.5598907470703,12.472999572753906,0.0016891291597858
tile_r018787_c010083,3,500.6868591308594,97.21691131591795,511.785400390625,161.57080078125,0.0016408938681706
tile_r018787_c010083,3,0.0,18.665624618530277,2.9326179027557373,73.18082427978516,0.001639935420826
tile_r018787_c010083,3,0.4158050417900085,73.34976959228516,14.757896423339844,134.20816040039062,0.0016328355995938
tile_r018787_c010083,3,119.9930419921875,499.16693115234375,171.76661682128906,511.9097595214844,0.0015475522959604
tile_r018787_c010083,3,498.91748046875,0.0316291823983192,512.0,11.57857894897461,0.0015236202161759
tile_r018787_c010083,3,233.19412231445312,427.96490478515625,256.9222412109375,446.3207092285156,0.0014751723501831
tile_r018787_c010083,3,499.7405700683594,12.773412704467772,511.9759826660156,91.71794128417967,0.0014357870677486
tile_r018787_c010083,3,0.0,0.0,22.56519317626953,72.75694274902344,0.0014274584827944
tile_r018787_c010083,3,504.1861877441406,101.66827392578124,512.0,159.38735961914062,0.0014236903516575
tile_r018787_c010083,3,113.85440826416016,0.0531906113028526,208.01400756835935,17.183923721313477,0.001406988594681
tile_r018787_c010083,3,507.7508239746094,171.25946044921875,512.0,227.18972778320312,0.001399952918291
tile_r018787_c010083,3,112.07453918457033,5.455017162603326e-05,162.60533142089844,5.93723201751709,0.0013546369737014
tile_r018787_c010083,3,258.8215026855469,506.6329956054688,303.6166687011719,512.0,0.0013242874993011
tile_r018787_c010083,3,206.0304412841797,99.4991683959961,241.15524291992188,137.59280395507812,0.0013016378507018
tile_r018787_c010083,3,504.4148559570313,183.36376953125,512.0,232.6770782470703,0.0012841412099078
tile_r018787_c010083,3,504.1415100097656,0.0,512.0,46.96980285644531,0.0012595207663252
tile_r018787_c010083,3,0.0,0.976214587688446,8.959884643554688,30.57541275024414,0.0012591801350936
tile_r018787_c010083,3,500.7605590820313,111.00181579589844,511.7672729492188,174.37796020507812,0.0012469580397009
tile_r018787_c010083,3,0.0,56.5058822631836,6.809957981109619,103.76057434082033,0.0012307198485359
tile_r018787_c010083,3,85.66171264648438,495.9562072753906,165.5775604248047,512.0,0.0012251583393663
tile_r018787_c010083,3,122.7229461669922,0.001452064490877,175.234619140625,5.629209995269775,0.0011856954079121
tile_r018787_c010083,3,0.3874755799770355,0.075947567820549,26.94541549682617,50.04556274414063,0.001171009032987
tile_r018787_c010083,3,47.67873764038086,1.0480453968048096,111.2451400756836,54.39885330200195,0.0011677152942866
tile_r018787_c010083,3,158.4395294189453,0.0,212.5764923095703,12.31672191619873,0.0011559646809473
tile_r018787_c010083,3,33.80108642578125,0.0,122.2717514038086,65.96160125732422,0.0011182117741554
tile_r018787_c010083,3,500.5816955566406,196.2300262451172,511.6832885742188,249.4389190673828,0.0011137844994664
tile_r018787_c010083,3,179.2048797607422,0.4028289914131164,264.1024780273437,37.9576301574707,0.0011129417689517
tile_r018787_c010083,3,132.90980529785156,499.1939086914063,180.41456604003903,511.82525634765625,0.0011002236278727
tile_r018787_c010083,3,86.82000732421875,505.0652465820313,133.00753784179688,511.8982849121094,0.0011000244412571
tile_r018787_c010083,3,0.004675674252212,70.50430297851562,5.790997505187988,108.8170394897461,0.0010955829638987
tile_r018787_c010083,3,505.6319274902344,109.52420806884766,512.0,165.3497772216797,0.0010890809353441
tile_r018787_c010083,3,118.8732681274414,503.5189514160156,168.56837463378906,512.0,0.0010843322379514
tile_r018787_c010083,3,507.54730224609375,8.678054809570312,512.0,70.1080093383789,0.0010548151331022
tile_r018787_c010083,3,81.90214538574219,504.417236328125,124.7245864868164,512.0,0.0010485366219654
tile_r018787_c010083,3,184.24148559570312,0.0,233.50271606445312,10.459016799926758,0.0010417118901386
tile_r018787_c010083,3,8.237556457519531,164.78201293945312,50.38826370239258,203.67410278320312,0.0010236308444291
tile_r018787_c010083,3,0.274484246969223,5.310690402984619,11.802291870117188,61.60920333862305,0.001023520133458
tile_r018787_c010083,3,398.503662109375,0.3611816465854645,453.9898071289063,27.87279319763184,0.0010093969758599
tile_r018787_c010339,3,338.6802978515625,129.22776794433594,395.46380615234375,183.76568603515625,0.8982445597648621
tile_r018787_c010339,3,314.08892822265625,211.1100311279297,373.96197509765625,267.1109313964844,0.8544464111328125
tile_r018787_c010339,3,98.06510162353516,123.72975158691406,154.5707550048828,175.64895629882812,0.8325140476226807
tile_r018787_c010339,3,436.9942321777344,458.6920471191406,504.6173706054688,510.9291076660156,0.818641722202301
tile_r018787_c010339,3,263.8168029785156,245.8740234375,314.5898742675781,290.7045288085937,0.7993365526199341
tile_r018787_c010339,3,410.8870544433594,102.4750518798828,457.6595764160156,151.00161743164062,0.7835854291915894
tile_r018787_c010339,3,395.9314575195313,334.5680236816406,477.2135620117188,420.5220642089844,0.7695054411888123
tile_r018787_c010339,3,288.9062194824219,352.23016357421875,329.82427978515625,392.6930541992188,0.6972684264183044
tile_r018787_c010339,3,432.537841796875,239.0907440185547,478.5901489257813,284.2351379394531,0.6962525248527527
tile_r018787_c010339,3,165.53903198242188,163.2103271484375,230.5843963623047,220.1116485595703,0.5560956001281738
tile_r018787_c010339,3,470.091552734375,286.35760498046875,509.6913146972656,324.0900573730469,0.4921337068080902
tile_r018787_c010339,3,168.0755615234375,165.86428833007812,228.43637084960935,216.2049102783203,0.4192213714122772
tile_r018787_c010339,3,291.6834716796875,460.0282287597656,331.3550720214844,496.5181579589844,0.3801812827587127
tile_r018787_c010339,3,348.45050048828125,40.74748992919922,388.6837768554688,80.10517883300781,0.3116450011730194
tile_r018787_c010339,3,486.99810791015625,381.5948486328125,511.9823303222656,417.3150939941406,0.2641291320323944
tile_r018787_c010339,3,488.8628540039063,384.85260009765625,511.78900146484375,415.5626525878906,0.1496978104114532
tile_r018787_c010339,3,468.28118896484375,284.14013671875,510.2112426757813,327.3616943359375,0.0933603569865226
tile_r018787_c010339,3,397.4744262695313,333.5386962890625,474.6574096679688,415.553466796875,0.0670075267553329
tile_r018787_c010339,3,490.167236328125,386.7123718261719,512.0,413.6434631347656,0.0399893522262573
tile_r018787_c010339,3,472.6812133789063,289.2326965332031,505.1159057617188,317.8881225585937,0.0373600721359252
tile_r018787_c010339,3,286.7493591308594,349.16064453125,332.8661499023437,395.4759826660156,0.0353757441043853
tile_r018787_c010339,3,0.0,280.42462158203125,9.584310531616213,333.08416748046875,0.0310052279382944
tile_r018787_c010339,3,0.0,271.70001220703125,13.68769359588623,333.1053466796875,0.0273285862058401
tile_r018787_c010339,3,430.64306640625,457.1062927246094,507.3536987304688,511.96295166015625,0.0255454070866107
tile_r018787_c010339,3,412.55322265625,0.1340972930192947,474.3943786621094,11.799687385559082,0.022522309795022
tile_r018787_c010339,3,290.0639953613281,457.9522399902344,333.3749084472656,498.4613342285156,0.0194091536104679
tile_r018787_c010339,3,288.90167236328125,455.0836486816406,336.3456726074219,504.503173828125,0.0130234993994236
tile_r018787_c010339,3,404.1085815429688,0.1219863891601562,476.31060791015625,13.544604301452637,0.0125003792345523
tile_r018787_c010339,3,472.5838012695313,288.1803283691406,505.7674865722656,316.53643798828125,0.0100555578246712
tile_r018787_c010339,3,411.4314575195313,0.0443649291992187,465.4620666503906,7.361555576324463,0.0100173195824027
tile_r018787_c010339,3,0.061983298510313,276.397705078125,4.846450805664063,325.17401123046875,0.0099033080041408
tile_r018787_c010339,3,0.9519500732421876,499.9125061035156,33.884315490722656,511.9739379882813,0.009705139324069
tile_r018787_c010339,3,94.82794952392578,117.97171783447266,159.7284393310547,182.0113677978516,0.0096205724403262
tile_r018787_c010339,3,0.0281253810971975,275.8960876464844,4.264845848083496,329.5149841308594,0.009579456411302
tile_r018787_c010339,3,0.0693727508187294,275.2403259277344,6.565775394439697,320.05377197265625,0.0095615172758698
tile_r018787_c010339,3,391.65667724609375,328.7906494140625,483.4093322753906,426.3070373535156,0.0080922180786728
tile_r018787_c010339,3,0.0229431148618459,286.8172302246094,6.217062473297119,333.38250732421875,0.0072413315065205
tile_r018787_c010339,3,417.1060485839844,0.0388172157108783,470.2855529785156,6.997441291809082,0.0063067874871194
tile_r018787_c010339,3,0.0400714874267578,281.32586669921875,2.9181854724884038,333.17169189453125,0.0056774779222905
tile_r018787_c010339,3,260.85650634765625,242.05593872070312,317.5878295898437,295.95465087890625,0.0055268816649913
tile_r018787_c010339,3,0.0692508667707443,474.0123596191406,6.245863437652588,511.764892578125,0.0054867737926542
tile_r018787_c010339,3,419.41497802734375,0.17010498046875,480.39361572265625,10.82985019683838,0.0053145517595112
tile_r018787_c010339,3,0.0,469.3717651367188,3.020332336425781,508.5653381347656,0.0052840174175798
tile_r018787_c010339,3,485.56781005859375,381.0089721679688,511.9378967285156,419.15966796875,0.0051515791565179
tile_r018787_c010339,3,0.0569379813969135,268.87176513671875,7.090847969055176,314.42462158203125,0.004872653633356
tile_r018787_c010339,3,361.08587646484375,501.574462890625,413.6460876464844,511.985595703125,0.0047779218293726
tile_r018787_c010339,3,428.68939208984375,234.3935089111328,483.2721557617188,289.7760925292969,0.0046628848649561
tile_r018787_c010339,3,0.0856887847185134,488.7177734375,10.67855453491211,512.0,0.0046372106298804
tile_r018787_c010339,3,346.9345092773437,0.1778015196323394,410.496826171875,10.939268112182615,0.0045828935690224
tile_r018787_c010339,3,308.90045166015625,205.7384796142578,378.88873291015625,272.5464782714844,0.0043546864762902
tile_r018787_c010339,3,3.9187958240509033,503.9087524414063,35.682472229003906,512.0,0.0043528201058506
tile_r018787_c010339,3,0.0,310.64752197265625,3.137568950653076,355.71533203125,0.0042748884297907
tile_r018787_c010339,3,355.83209228515625,0.2279296815395355,422.2193298339844,10.36362361907959,0.0039425012655556
tile_r018787_c010339,3,353.80108642578125,0.0,404.3385314941406,4.736183166503906,0.0039376956410706
tile_r018787_c010339,3,482.7757263183594,375.22064208984375,512.0,422.8130798339844,0.0037053723353892
tile_r018787_c010339,3,346.778564453125,500.5178833007813,412.9015502929688,512.0,0.0036662523634731
tile_r018787_c010339,3,268.69354248046875,0.1304336488246917,329.3404235839844,10.618006706237791,0.0035154346842318
tile_r018787_c010339,3,440.8653259277344,501.0861206054688,494.16705322265625,512.0,0.0035103522241115
tile_r018787_c010339,3,289.2782592773437,504.6416015625,341.3423156738281,512.0,0.0034258053638041
tile_r018787_c010339,3,405.1253662109375,0.0234771724790334,460.8130798339844,7.038187980651856,0.0033350584562867
tile_r018787_c010339,3,271.70001220703125,0.0,319.55010986328125,4.842002868652344,0.003331771120429
tile_r018787_c010339,3,0.2926086485385895,461.5372009277344,10.761022567749023,512.0,0.0030783009715378
tile_r018787_c010339,3,0.2013870179653167,478.0440368652344,13.271539688110352,511.7232055664063,0.0029842655640095
tile_r018787_c010339,3,356.99884033203125,0.0091514587402343,408.9783630371094,4.526179790496826,0.0029127998277544
tile_r018787_c010339,3,426.1370544433594,0.2063217163085937,489.0655822753906,10.223655700683594,0.0028099392075091
tile_r018787_c010339,3,267.8561706542969,0.0,313.8822937011719,5.7035746574401855,0.0027791983447968
tile_r018787_c010339,3,276.809326171875,0.1485000550746917,341.874755859375,10.067420959472656,0.0026022160891443
tile_r018787_c010339,3,3.5633444786071777,501.9095764160156,30.308284759521484,512.0,0.00248854001984
tile_r018787_c010339,3,352.3471069335937,43.68206024169922,385.6166687011719,76.85408020019531,0.0023807089310139
tile_r018787_c010339,3,422.9655151367188,0.0160612110048532,475.5161743164063,6.292766571044922,0.0023801734205335
tile_r018787_c010339,3,351.3841857910156,43.64870071411133,385.971923828125,76.54949188232422,0.0023688799701631
tile_r018787_c010339,3,259.072509765625,0.0987640395760536,321.5632019042969,11.31650161743164,0.0022967774420976
tile_r018787_c010339,3,0.0557029731571674,287.5235290527344,2.074828624725342,339.1703491210937,0.0022887124214321
tile_r018787_c010339,3,296.04205322265625,500.8990173339844,356.3499450683594,511.869384765625,0.0022382831666618
tile_r018787_c010339,3,334.3780822753906,499.95550537109375,408.15045166015625,512.0,0.002237344160676
tile_r018787_c010339,3,0.0415237434208393,292.8985595703125,5.976922512054443,345.542724609375,0.0021912772208452
tile_r018787_c010339,3,286.3087463378906,498.6485900878906,349.5737609863281,511.7203979492188,0.0021826967131346
tile_r018787_c010339,3,0.0,253.5901641845703,15.376643180847168,328.46588134765625,0.0021763718686997
tile_r018787_c010339,3,295.3670959472656,505.6163635253906,348.83258056640625,512.0,0.0021028565242886
tile_r018787_c010339,3,348.392333984375,0.0,400.60443115234375,5.068403720855713,0.0020302245393395
tile_r018787_c010339,3,0.0346012115478515,322.9765319824219,4.512503623962402,362.1231384277344,0.0020275802817195
tile_r018787_c010339,3,387.67230224609375,0.0866210907697677,473.9371948242188,15.007792472839355,0.0019715595990419
tile_r018787_c010339,3,0.0393442139029502,299.7519226074219,2.964446544647217,350.77838134765625,0.0019513902952894
tile_r018787_c010339,3,333.5567321777344,0.1359588652849197,407.50494384765625,11.613916397094728,0.0019451577682048
tile_r018787_c010339,3,453.9175720214844,462.277099609375,493.9536743164063,482.5982971191406,0.0018980939639732
tile_r018787_c010339,3,0.2816314697265625,276.76348876953125,21.314342498779297,344.2652893066406,0.0017659787554293
tile_r018787_c010339,3,288.7216491699219,97.4284439086914,315.1712341308594,115.74382019042967,0.0017289557727053
tile_r018787_c010339,3,298.810546875,506.16021728515625,356.1058959960937,512.0,0.0016586319543421
tile_r018787_c010339,3,363.76470947265625,506.34576416015625,414.21142578125,512.0,0.0016295097302645
tile_r018787_c010339,3,498.6565856933594,414.76556396484375,511.96490478515625,470.1227416992188,0.0015976986614987
tile_r018787_c010339,3,403.1983337402344,0.0,497.2586975097656,20.18172645568848,0.0015950319357216
tile_r018787_c010339,3,505.9401245117188,417.6105041503906,512.0,465.6740112304688,0.001575187430717
tile_r018787_c010339,3,3.807125806808472,507.1297302246094,47.25615692138672,512.0,0.0015679647913202
tile_r018787_c010339,3,413.93939208984375,105.01461029052734,454.7950744628906,148.21896362304688,0.0015586711233481
tile_r018787_c010339,3,0.2183471620082855,272.55145263671875,22.056516647338867,334.78912353515625,0.0015505804913118
tile_r018787_c010339,3,486.5282287597656,362.6082153320313,512.0,418.512451171875,0.0015142728807404
tile_r018787_c010339,3,285.931396484375,0.1468780487775802,356.2763061523437,9.768613815307615,0.0014822353841736
tile_r018787_c010339,3,507.0171813964844,414.1875915527344,512.0,460.2689514160156,0.0014791728463023
tile_r018787_c010339,3,0.0642450302839279,292.6845703125,2.1136162281036377,345.3261108398437,0.0014775792369619
tile_r018787_c010339,3,0.0,304.30535888671875,7.145724296569824,360.4352416992188,0.0014681484317407
tile_r018787_c010339,3,0.0285755153745412,328.1451721191406,4.319000244140625,370.76220703125,0.0014411705778911
tile_r018787_c010339,3,237.25173950195312,0.0,274.76666259765625,4.323986530303955,0.0014015575870871
tile_r018787_c010339,3,408.82916259765625,336.9701538085937,456.39447021484375,379.06640625,0.0013891925336793
tile_r018787_c010339,3,293.19390869140625,460.8473510742188,329.34674072265625,493.9480895996094,0.0013412500265985
tile_r018787_c010339,3,370.1609497070313,501.5677185058594,422.4048461914063,511.7634887695313,0.0013349360087886
tile_r018787_c010339,3,0.1518127471208572,447.0000915527344,11.015939712524414,507.099609375,0.0013289612252265
tile_r018787_c010339,3,0.0,12.671478271484377,3.411215543746948,59.47882080078125,0.0013085732934996
tile_r018787_c010339,3,0.5473678708076477,485.836669921875,29.11218643188477,512.0,0.0013005820801481
tile_r018787_c010339,3,273.0533752441406,0.0003932952822651,326.2186584472656,4.054445266723633,0.0012613757280632
tile_r018787_c010339,3,0.0,1.0213699340820312,20.79600143432617,63.3935432434082,0.0012570723192766
tile_r018787_c010339,3,498.5716857910156,257.68377685546875,512.0,310.9585876464844,0.0012469289358705
tile_r018787_c010339,3,359.1021423339844,0.0066160201095044,415.05419921875,3.552897930145264,0.0012459898134693
tile_r018787_c010339,3,0.014071655459702,493.8484497070313,25.28578186035156,512.0,0.0011932561174035
tile_r018787_c010339,3,505.53118896484375,280.0507202148437,511.9798889160156,311.99755859375,0.0011820141226053
tile_r018787_c010339,3,0.0,28.697906494140625,12.280303001403809,102.79469299316406,0.0011748217511922
tile_r018787_c010339,3,355.61041259765625,506.469482421875,410.9668884277344,512.0,0.0011610725196078
tile_r018787_c010339,3,491.7461853027344,388.04144287109375,512.0,413.6281127929688,0.0011606916086748
tile_r018787_c010339,3,261.71826171875,0.0,309.17889404296875,5.946955680847168,0.0011358713964
tile_r018787_c010339,3,0.0,17.623828887939453,11.85815143585205,90.90997314453124,0.0011355581227689
tile_r018787_c010339,3,282.3103942871094,504.2235412597656,336.1276550292969,512.0,0.0011343100341036
tile_r018787_c010339,3,499.9375,431.7552185058594,511.9210815429688,482.3388671875,0.0011332088615745
tile_r018787_c010339,3,397.7144165039063,0.0,455.0354614257813,6.27938985824585,0.0010838272282853
tile_r018787_c010339,3,387.8098754882813,329.1661376953125,483.2147521972656,428.3614807128906,0.0010757405543699
tile_r018787_c010339,3,0.3322952389717102,278.3725280761719,11.950691223144531,338.1043701171875,0.0010735670803114
tile_r018787_c010339,3,0.5062698125839233,283.5836486816406,11.79819393157959,344.0056457519531,0.001065928954631
tile_r018787_c010339,3,0.0,39.92641067504883,11.053972244262695,114.1904296875,0.0010601498652249
tile_r018787_c010339,3,0.0465757362544536,215.94656372070312,8.192232131958008,247.4678192138672,0.0010538276983425
tile_r018787_c010339,3,437.7257690429688,462.5130920410156,501.9546508789063,511.982666015625,0.0010500370990484
tile_r018787_c010339,3,316.980224609375,500.1482543945313,398.0240173339844,512.0,0.0010323382448405
tile_r018787_c010339,3,0.0,498.6525268554688,27.09893226623535,512.0,0.0010298299603164
tile_r018787_c010339,3,370.1196899414063,506.62646484375,419.6838989257813,511.9450073242188,0.0010100698564201
tile_r018787_c010339,3,501.3788146972656,239.6005401611328,512.0,300.5782775878906,0.0010037256870418
tile_r018787_c010595,3,83.18949127197266,129.42294311523438,139.1112518310547,183.3053741455078,0.8990652561187744
tile_r018787_c010595,3,58.25568389892578,211.5727081298828,117.45979309082033,266.8292236328125,0.8514429330825806
tile_r018787_c010595,3,182.89028930664065,460.0568237304688,247.9663848876953,510.7333984375,0.8089193105697632
tile_r018787_c010595,3,7.289297580718994,246.0243377685547,58.38288116455078,290.94537353515625,0.7887839078903198
tile_r018787_c010595,3,141.9524688720703,335.59918212890625,220.3651123046875,419.531982421875,0.7563392519950867
tile_r018787_c010595,3,231.68191528320312,384.02630615234375,272.5194702148437,417.36859130859375,0.7495724558830261
tile_r018787_c010595,3,155.63504028320312,102.52009582519533,201.2426605224609,150.9281463623047,0.7400254607200623
tile_r018787_c010595,3,176.9903106689453,239.3111572265625,222.17919921875,283.73406982421875,0.6906224489212036
tile_r018787_c010595,3,443.5965270996094,127.45915222167967,508.6946716308594,196.58328247070312,0.6445510983467102
tile_r018787_c010595,3,32.62225341796875,352.4816589355469,73.46976470947266,392.6158142089844,0.626902163028717
tile_r018787_c010595,3,418.493896484375,64.3668212890625,478.6780395507813,126.36482238769533,0.5956135392189026
tile_r018787_c010595,3,214.1893310546875,287.72735595703125,252.88851928710935,325.8338317871094,0.5551899671554565
tile_r018787_c010595,3,493.4732971191406,28.10748291015625,512.0,88.02214050292969,0.3968521952629089
tile_r018787_c010595,3,36.325782775878906,461.0543823242188,74.0663833618164,495.4818420410156,0.3609016239643097
tile_r018787_c010595,3,496.6822204589844,33.196006774902344,512.0,87.41791534423828,0.1727316230535507
tile_r018787_c010595,3,447.26068115234375,128.38253784179688,510.01611328125,192.8374938964844,0.138060450553894
tile_r018787_c010595,3,93.04386901855467,41.317081451416016,132.11480712890625,79.66322326660156,0.1196611449122428
tile_r018787_c010595,3,30.12949752807617,349.3182983398437,76.08922576904297,395.2467651367188,0.1063062772154808
tile_r018787_c010595,3,216.7198181152344,289.9181823730469,249.3224639892578,319.10791015625,0.0896379351615905
tile_r018787_c010595,3,143.28184509277344,334.551025390625,217.0077362060547,413.877685546875,0.0619848407804966
tile_r018787_c010595,3,496.9615173339844,33.231056213378906,512.0,80.9808578491211,0.0502529367804527
tile_r018787_c010595,3,212.67575073242188,285.4595642089844,255.8135528564453,328.55841064453125,0.0500995963811874
tile_r018787_c010595,3,500.2922973632813,33.3803596496582,511.9995727539063,76.97557067871094,0.035274114459753
tile_r018787_c010595,3,422.9468688964844,67.91835021972656,476.2232971191406,120.6970443725586,0.0263782795518636
tile_r018787_c010595,3,486.86376953125,21.91305923461914,511.396484375,99.0412826538086,0.0204986631870269
tile_r018787_c010595,3,496.61431884765625,32.93418502807617,512.0,82.70597076416016,0.0149242002516984
tile_r018787_c010595,3,419.79095458984375,65.91926574707031,476.7789916992188,125.34873962402344,0.0137649197131395
tile_r018787_c010595,3,176.75778198242188,458.6317443847656,250.9462890625,511.9297790527344,0.0133089069277048
tile_r018787_c010595,3,156.44772338867188,0.1096038818359375,216.1879425048828,11.473432540893556,0.0123753668740391
tile_r018787_c010595,3,4.035372734069824,241.11007690429688,61.94487380981445,297.0810241699219,0.0107398983091115
tile_r018787_c010595,3,35.126678466796875,459.3311462402344,76.13663482666016,497.1103515625,0.0098758954554796
tile_r018787_c010595,3,503.94476318359375,29.82665061950684,512.0,72.83073425292969,0.0096384212374687
tile_r018787_c010595,3,33.80794143676758,456.3342895507813,79.07286834716797,503.4588928222656,0.0095968535169959
tile_r018787_c010595,3,234.9440155029297,387.52386474609375,269.13885498046875,413.9374084472656,0.0077930763363838
tile_r018787_c010595,3,216.6337127685547,289.0113830566406,249.912353515625,316.119384765625,0.0077309203334152
tile_r018787_c010595,3,147.68235778808594,0.1020217910408973,217.3236083984375,12.838460922241213,0.0075097917579114
tile_r018787_c010595,3,496.9168395996094,59.7602653503418,511.746826171875,111.59268951416016,0.0074835382401943
tile_r018787_c010595,3,504.0830993652344,50.07125473022461,512.0,108.45626068115234,0.0074112950824201
tile_r018787_c010595,3,183.37908935546875,463.09515380859375,245.67904663085935,511.98150634765625,0.0072501846589148
tile_r018787_c010595,3,497.7291564941406,45.979339599609375,511.7945251464844,100.68824768066406,0.0067024501040577
tile_r018787_c010595,3,155.55355834960938,0.0487075820565223,208.52114868164065,7.0228590965271,0.0066194701939821
tile_r018787_c010595,3,500.76708984375,38.26125717163086,511.9956970214844,104.5508270263672,0.0055379713885486
tile_r018787_c010595,3,504.1629943847656,59.82722091674805,512.0,111.62141418457033,0.0050483639352023
tile_r018787_c010595,3,53.03960418701172,206.1029357910156,122.52671813964844,272.2728881835937,0.0050289649516344
tile_r018787_c010595,3,483.62255859375,16.644826889038086,511.81842041015625,99.17170715332033,0.0048434627242386
tile_r018787_c010595,3,185.4696502685547,501.5591430664063,237.39306640625,512.0,0.0043166489340364
tile_r018787_c010595,3,482.81201171875,0.0,512.0,16.069766998291016,0.0042577516287565
tile_r018787_c010595,3,161.2811737060547,0.0398746505379676,213.2292022705078,6.693604469299316,0.004097256809473
tile_r018787_c010595,3,163.41941833496094,0.1440490782260894,223.4229431152344,10.77035427093506,0.0039535327814519
tile_r018787_c010595,3,496.9273986816406,32.91730880737305,512.0,87.0647964477539,0.0038348783273249
tile_r018787_c010595,3,37.758697509765625,461.3111267089844,72.46653747558594,493.5099487304688,0.003828007960692
tile_r018787_c010595,3,95.72348022460938,44.08791732788086,129.7464141845703,76.43888854980469,0.0037334472872316
tile_r018787_c010595,3,498.1128540039063,38.60674285888672,511.9356994628906,87.09524536132812,0.0037208017893135
tile_r018787_c010595,3,461.560546875,0.1210800185799598,512.0,10.575204849243164,0.0037195452023297
tile_r018787_c010595,3,33.56943893432617,98.01073455810548,58.62767791748047,115.0896224975586,0.0036876304075121
tile_r018787_c010595,3,96.9124526977539,44.172359466552734,129.4021759033203,76.45843505859375,0.0036412626504898
tile_r018787_c010595,3,427.0508728027344,69.85171508789062,463.83978271484375,102.96270751953124,0.0035510612651705
tile_r018787_c010595,3,503.1935424804688,62.4205436706543,512.0,119.07179260253906,0.0034783827140927
tile_r018787_c010595,3,173.35427856445312,234.6404266357422,227.0225830078125,289.3123474121094,0.0034311981871724
tile_r018787_c010595,3,137.74569702148438,330.0927124023437,226.54833984375,425.0676879882813,0.0032332250848412
tile_r018787_c010595,3,427.0747985839844,70.44905090332031,463.91302490234375,96.93223571777344,0.0032193227671086
tile_r018787_c010595,3,91.42066955566406,0.156382754445076,154.40188598632812,10.884927749633787,0.0031183417886495
tile_r018787_c010595,3,100.52165222167967,0.2028320282697677,165.98165893554688,10.292134284973145,0.0030400946270674
tile_r018787_c010595,3,98.32008361816406,0.0,147.70693969726562,4.509089469909668,0.0030063160229474
tile_r018787_c010595,3,104.5698471069336,501.95355224609375,158.26058959960938,511.9962463378906,0.0030025239102542
tile_r018787_c010595,3,0.0,164.7028350830078,11.294111251831056,226.7261657714844,0.0029107024893164
tile_r018787_c010595,3,199.2989959716797,462.9046325683594,236.4247131347656,482.21478271484375,0.0027122239116579
tile_r018787_c010595,3,448.59661865234375,0.1573348939418792,510.10986328125,11.596746444702148,0.0026919585652649
tile_r018787_c010595,3,0.0547807700932025,32.103660583496094,3.70977520942688,69.55635070800781,0.0026673208922147
tile_r018787_c010595,3,149.31427001953125,0.0212800987064838,204.03060913085935,6.678400993347168,0.0025944479275494
tile_r018787_c010595,3,33.45286178588867,505.2515258789063,84.46656799316406,512.0,0.0025146955158561
tile_r018787_c010595,3,90.15095520019533,500.9577026367188,156.75112915039062,512.0,0.0024184437934309
tile_r018787_c010595,3,101.47054290771484,0.0104003902524709,152.42184448242188,4.359350204467773,0.0023228221107274
tile_r018787_c010595,3,0.0,174.63699340820312,8.345688819885254,228.3277130126953,0.0022123230155557
tile_r018787_c010595,3,30.94541549682617,499.578125,93.0978546142578,511.9048461914063,0.0021696742624044
tile_r018787_c010595,3,228.9483642578125,379.1091918945313,278.73260498046875,424.0035095214844,0.0021196997258812
tile_r018787_c010595,3,498.0885620117188,33.10297393798828,512.0,96.8350067138672,0.0020849341526627
tile_r018787_c010595,3,0.0322872176766395,36.62419128417969,3.2809066772460938,76.81425476074219,0.0020540172699838
tile_r018787_c010595,3,454.38385009765625,0.0,509.8296508789063,6.434329986572266,0.001998716732487
tile_r018787_c010595,3,39.79347610473633,506.215087890625,91.93800354003906,512.0,0.00196103611961
tile_r018787_c010595,3,458.3597106933594,0.0,511.3742065429688,5.317625522613525,0.0019108816049993
tile_r018787_c010595,3,434.7486267089844,0.09149169921875,508.7284240722656,12.679539680480955,0.0018922205781564
tile_r018787_c010595,3,505.33245849609375,20.996618270874023,512.0,65.0692138671875,0.0018815697403624
tile_r018787_c010595,3,169.5734405517578,0.1815917938947677,233.89547729492188,10.270092964172363,0.0018276376649737
tile_r018787_c010595,3,449.62506103515625,0.0,506.82171630859375,6.911726474761963,0.0018219910562038
tile_r018787_c010595,3,153.41525268554688,337.67608642578125,199.73663330078125,378.2312622070313,0.0017870272276923
tile_r018787_c010595,3,15.798089981079102,0.0,63.804908752441406,4.6506547927856445,0.0017216629348695
tile_r018787_c010595,3,0.0,34.540138244628906,7.905261039733887,85.9048843383789,0.0017136021051555
tile_r018787_c010595,3,463.504638671875,0.0181747432798147,512.0,4.439480781555176,0.0016379951266571
tile_r018787_c010595,3,10.821087837219238,0.1326049864292144,73.70079040527344,9.99072551727295,0.0016276196110993
tile_r018787_c010595,3,77.68226623535156,500.40277099609375,151.71640014648438,512.0,0.0015856730751693
tile_r018787_c010595,3,93.08056640625,0.0,143.8939666748047,4.811124324798584,0.001579352770932
tile_r018787_c010595,3,0.0744350403547287,166.3402862548828,4.348590850830078,215.88821411132807,0.0015563848428428
tile_r018787_c010595,3,43.46173858642578,506.6652221679688,99.24945068359376,512.0,0.0015532848192378
tile_r018787_c010595,3,167.14279174804688,0.0110509870573878,218.6373748779297,6.018294334411621,0.0015067332424223
tile_r018787_c010595,3,78.02718353271484,0.1129882782697677,150.54273986816406,11.42875862121582,0.0015067274216562
tile_r018787_c010595,3,0.0624984726309776,0.8605194091796875,20.29117584228516,46.25601196289063,0.0015047587221488
tile_r018787_c010595,3,39.82112503051758,501.4059143066406,101.3723602294922,511.94085693359375,0.0014888608129695
tile_r018787_c010595,3,489.9309692382813,15.207845687866213,512.0,83.54119873046875,0.00148879410699
tile_r018787_c010595,3,19.094806671142575,0.1352569609880447,87.1030044555664,9.588452339172363,0.0014667090727016
tile_r018787_c010595,3,131.18740844726562,0.085163876414299,215.365234375,13.878308296203612,0.0014153111260384
tile_r018787_c010595,3,156.31143188476562,340.511962890625,200.55111694335935,374.3279113769531,0.0014143983134999
tile_r018787_c010595,3,0.0,0.0376926437020301,21.61602210998535,5.211306095123291,0.0014037704095244
tile_r018787_c010595,3,0.0401405319571495,168.1736602783203,3.766328811645508,220.69741821289065,0.0014022671384736
tile_r018787_c010595,3,108.51541900634766,506.7739868164063,157.40464782714844,512.0,0.0013968492858111
tile_r018787_c010595,3,0.0,148.99472045898438,13.086164474487305,222.2673797607422,0.001366603304632
tile_r018787_c010595,3,0.0,20.8577938079834,10.509693145751951,80.90853881835938,0.0013559672515839
tile_r018787_c010595,3,483.7697143554688,18.02838706970215,512.0,119.7534408569336,0.0013341753510758
tile_r018787_c010595,3,448.7788696289063,130.14732360839844,508.22955322265625,192.75564575195312,0.0013288498157635
tile_r018787_c010595,3,470.462646484375,0.0423160567879676,511.751953125,4.9090576171875,0.0013065439416095
tile_r018787_c010595,3,158.4645538330078,104.87986755371094,198.71859741210935,148.31204223632812,0.0012794890208169
tile_r018787_c010595,3,182.82589721679688,500.25787353515625,231.6858367919922,512.0,0.001272925757803
tile_r018787_c010595,3,11.499117851257324,0.0,58.55198287963867,5.39408016204834,0.0012104799970984
tile_r018787_c010595,3,134.41366577148438,330.4894104003906,225.2419891357422,427.2898559570313,0.0011826228583231
tile_r018787_c010595,3,504.3394165039063,65.07853698730469,512.0,127.49107360839844,0.0011775211896747
tile_r018787_c010595,3,3.2048492431640625,0.1755096465349197,64.640380859375,11.036748886108398,0.0011421084636822
tile_r018787_c010595,3,148.16802978515625,0.0316375717520713,239.98532104492188,18.240137100219727,0.0011418027570471
tile_r018787_c010595,3,192.9482421875,460.65338134765625,237.09060668945312,489.1511840820313,0.0010940029751509
tile_r018787_c010595,3,28.59834289550781,0.1014221161603927,101.3267593383789,9.470853805541992,0.0010757144773378
tile_r018787_c010595,3,377.2450256347656,0.0,418.32623291015625,5.065246105194092,0.001065271673724
tile_r018787_c010595,3,505.3190307617188,299.56268310546875,512.0,345.0608215332031,0.0010518413037061
tile_r018787_c010595,3,505.8064575195313,307.28436279296875,512.0,347.9926452636719,0.001027597929351
tile_r018787_c010595,3,103.56370544433594,0.0130445482209324,158.49520874023438,3.39220666885376,0.0010163912083953
tile_r018787_c010851,3,406.05615234375,339.13336181640625,465.62896728515625,394.1739807128906,0.8987411260604858
tile_r018787_c010851,3,398.9429626464844,457.1070251464844,449.6202697753906,505.0061950683594,0.8323739171028137
tile_r018787_c010851,3,239.50119018554688,34.23954772949219,293.00018310546875,89.31153106689453,0.8009213209152222
tile_r018787_c010851,3,317.7618713378906,155.25607299804688,380.9172973632813,219.2779083251953,0.767604649066925
tile_r018787_c010851,3,187.5217437744141,128.14865112304688,253.75735473632807,196.71875,0.6933165788650513
tile_r018787_c010851,3,294.267822265625,425.8536682128906,347.1354675292969,474.1126403808594,0.6504572629928589
tile_r018787_c010851,3,162.57357788085938,64.64234924316406,222.279052734375,126.2058563232422,0.529056966304779
tile_r018787_c010851,3,0.0,388.8140258789063,16.44221305847168,417.527099609375,0.394625574350357
tile_r018787_c010851,3,0.0560400001704692,391.9419860839844,15.095608711242676,414.0183715820313,0.1431160271167755
tile_r018787_c010851,3,297.8104858398437,428.66204833984375,344.4762878417969,471.1507263183594,0.1260457634925842
tile_r018787_c010851,3,191.26026916503903,129.3380126953125,252.9506378173828,192.4256134033203,0.0623870305716991
tile_r018787_c010851,3,0.0,382.56243896484375,20.22269058227539,422.6993713378906,0.0546253211796283
tile_r018787_c010851,3,0.0,393.9883117675781,11.08173656463623,414.9388122558594,0.0358886495232582
tile_r018787_c010851,3,164.15805053710938,66.24568176269531,220.24557495117188,125.06526184082033,0.0284764990210533
tile_r018787_c010851,3,167.15074157714844,68.13936614990234,219.65426635742188,120.47642517089844,0.0265164896845817
tile_r018787_c010851,3,319.9855651855469,156.1058807373047,380.7004089355469,216.04226684570312,0.0223149843513965
tile_r018787_c010851,3,418.6804809570313,247.6869659423828,466.9772033691406,295.49969482421875,0.0211155414581298
tile_r018787_c010851,3,360.408447265625,40.67045211791992,415.8831176757813,95.48747253417967,0.0182299055159091
tile_r018787_c010851,3,352.68328857421875,39.09640502929688,417.4835815429688,104.5869369506836,0.0148081248626112
tile_r018787_c010851,3,0.0,447.7184143066406,3.309953212738037,484.56060791015625,0.0065984111279249
tile_r018787_c010851,3,0.0,391.9853515625,11.757195472717283,423.32366943359375,0.0065633598715066
tile_r018787_c010851,3,402.71331787109375,460.3374938964844,445.9967651367188,501.2595825195313,0.0065100030042231
tile_r018787_c010851,3,192.91671752929688,130.95594787597656,251.4798583984375,192.8435821533203,0.0064469114877283
tile_r018787_c010851,3,228.6285400390625,0.1493347138166427,294.6332092285156,11.12734031677246,0.0059909806586802
tile_r018787_c010851,3,0.0017518997192382,439.5860900878906,4.556053161621094,476.8140258789063,0.0058137415908277
tile_r018787_c010851,3,374.8995971679688,44.5266227722168,413.7040100097656,89.09269714355469,0.0056372717954218
tile_r018787_c010851,3,0.0498079285025596,492.7115173339844,6.872723579406738,511.9959106445313,0.0053756572306156
tile_r018787_c010851,3,0.0,429.6165161132813,5.120670318603516,472.41595458984375,0.0051630339585244
tile_r018787_c010851,3,272.5719909667969,505.0554809570313,319.01983642578125,512.0,0.0051383045502007
tile_r018787_c010851,3,240.6461639404297,0.0,291.7625427246094,5.4741315841674805,0.0050660753622651
tile_r018787_c010851,3,241.72216796875,0.168070986866951,298.57232666015625,10.571189880371094,0.0049212798476219
tile_r018787_c010851,3,420.80560302734375,250.67416381835935,464.57855224609375,294.9244384765625,0.0048548416234552
tile_r018787_c010851,3,416.3255310058594,506.1077575683594,454.5241088867188,512.0,0.004663816653192
tile_r018787_c010851,3,171.2706298828125,70.07660675048828,207.15170288085935,102.74586486816406,0.0045600556768476
tile_r018787_c010851,3,171.29592895507812,70.65782928466797,207.70016479492188,97.28035736083984,0.0044653583317995
tile_r018787_c010851,3,0.0,391.0200805664063,15.349853515625,413.81536865234375,0.0042462963610887
tile_r018787_c010851,3,0.0547706596553325,420.6499633789063,5.39751672744751,467.7662963867188,0.0040718466043472
tile_r018787_c010851,3,0.0283124931156635,417.0604553222656,3.8184502124786377,461.0973205566406,0.0040019559673964
tile_r018787_c010851,3,0.0,435.09576416015625,10.107667922973633,481.83642578125,0.0039049494080245
tile_r018787_c010851,3,0.0,444.33099365234375,8.1746826171875,491.4786987304688,0.003866153769195
tile_r018787_c010851,3,333.44293212890625,160.73582458496094,374.8165893554688,180.87533569335935,0.0037254355847835
tile_r018787_c010851,3,43.75527191162109,228.5332794189453,82.1107177734375,264.9286499023437,0.0032784470822662
tile_r018787_c010851,3,328.55743408203125,507.338623046875,375.4469909667969,512.0,0.0030538812279701
tile_r018787_c010851,3,325.5161437988281,501.6011657714844,380.4229431152344,512.0,0.002967535983771
tile_r018787_c010851,3,246.3363800048828,0.0,295.04327392578125,4.688599109649658,0.0028795595280826
tile_r018787_c010851,3,323.1702575683594,506.785888671875,372.29730224609375,512.0,0.0028671026229858
tile_r018787_c010851,3,200.13656616210935,0.141915887594223,278.6292419433594,11.05402946472168,0.0028105163946747
tile_r018787_c010851,3,279.0199584960937,507.0517578125,321.0401611328125,512.0,0.0027942331507802
tile_r018787_c010851,3,211.96487426757807,0.1374115049839019,291.6919250488281,11.112604141235352,0.0026034589391201
tile_r018787_c010851,3,190.11822509765625,0.128610223531723,260.72955322265625,11.437161445617676,0.0025772892404347
tile_r018787_c010851,3,0.0,362.4297180175781,27.208202362060547,428.14447021484375,0.0024769869633018
tile_r018787_c010851,3,334.28857421875,507.52587890625,377.93157958984375,512.0,0.0024301682133227
tile_r018787_c010851,3,338.9439392089844,502.45452880859375,381.1402282714844,511.95452880859375,0.0022701965644955
tile_r018787_c010851,3,0.0,411.70355224609375,11.049917221069336,473.72705078125,0.0022035795263946
tile_r018787_c010851,3,412.86273193359375,245.0050048828125,472.296142578125,305.7371520996094,0.0021937359124422
tile_r018787_c010851,3,0.030255127698183,455.5528259277344,7.87741231918335,507.29681396484375,0.0021710528526455
tile_r018787_c010851,3,0.0,468.595458984375,2.233362197875977,507.57806396484375,0.0021514415275305
tile_r018787_c010851,3,250.54171752929688,0.2841476500034332,308.3369140625,10.526148796081545,0.0019429548410698
tile_r018787_c010851,3,46.77165603637695,229.08773803710935,82.20695495605469,258.5198059082031,0.0019258399261161
tile_r018787_c010851,3,0.0093679428100585,475.6138610839844,4.941647529602051,511.463623046875,0.0018725218251347
tile_r018787_c010851,3,234.0213623046875,28.00889587402344,300.46923828125,95.96878051757812,0.0018675890751183
tile_r018787_c010851,3,499.7479553222656,383.06048583984375,511.8797912597656,438.20849609375,0.0017748541431501
tile_r018787_c010851,3,458.4823303222656,0.2374816834926605,512.0,12.7850341796875,0.0017178284469991
tile_r018787_c010851,3,485.3407287597656,0.0,512.0,30.7117919921875,0.0016772815724834
tile_r018787_c010851,3,0.0550228133797645,415.5269165039063,3.9303946495056152,453.6558227539063,0.0016646911390125
tile_r018787_c010851,3,231.1380615234375,0.0,290.1717834472656,5.476962089538574,0.0016605880809947
tile_r018787_c010851,3,342.6877136230469,507.66937255859375,380.0701904296875,511.9448852539063,0.0016195564530789
tile_r018787_c010851,3,197.44534301757807,0.0,255.5637664794922,5.899914741516113,0.0015908072236925
tile_r018787_c010851,3,0.5737640261650085,376.5304565429688,19.27622604370117,458.2108459472656,0.0015063544269651
tile_r018787_c010851,3,445.5581665039063,0.351541131734848,511.6905822753906,10.801151275634766,0.0014689965173602
tile_r018787_c010851,3,193.38278198242188,0.0,250.6834259033203,6.778932094573975,0.0014142737491056
tile_r018787_c010851,3,498.52630615234375,449.1434020996094,512.0,479.64886474609375,0.0014003822579979
tile_r018787_c010851,3,0.042220115661621,452.6170043945313,5.179212093353272,494.1732482910156,0.0013979357900097
tile_r018787_c010851,3,275.06988525390625,501.24609375,333.3881530761719,511.98089599609375,0.0013713084626942
tile_r018787_c010851,3,199.77647399902344,0.0,260.6998596191406,4.657537937164307,0.0013667894527316
tile_r018787_c010851,3,347.689208984375,33.91167449951172,420.95361328125,106.6681900024414,0.0013628846500068
tile_r018787_c010851,3,334.9447937011719,29.27842330932617,423.8426208496094,118.70423889160156,0.0013410034589469
tile_r018787_c010851,3,316.4124755859375,506.3911743164063,367.6883239746094,512.0,0.0012847185134887
tile_r018787_c010851,3,176.85281372070312,0.0734771713614463,254.47122192382807,12.130321502685549,0.0012787556042894
tile_r018787_c010851,3,121.1830062866211,0.0,162.17074584960938,5.133429050445557,0.0011795536847785
tile_r018787_c010851,3,181.51351928710935,91.23084259033205,214.1528778076172,118.9186019897461,0.0011723388452082
tile_r018787_c010851,3,409.27044677734375,505.302001953125,450.3878784179688,512.0,0.001168186427094
tile_r018787_c010851,3,326.7085266113281,159.76217651367188,377.062255859375,188.9989318847656,0.0011585282627493
tile_r018787_c010851,3,425.3233337402344,250.5748291015625,464.5386352539063,290.6625366210937,0.0011399167124181
tile_r018787_c010851,3,433.435791015625,0.2804535031318664,507.0909729003906,15.651066780090332,0.0011290949769318
tile_r018787_c010851,3,0.0574861541390419,391.72509765625,6.9690046310424805,418.6104431152344,0.0010811754036694
tile_r018787_c010851,3,342.715576171875,160.86184692382812,375.1842956542969,181.9334259033203,0.0010395507561042
tile_r018787_c010851,3,387.1382446289063,505.0850524902344,427.618408203125,512.0,0.0010364885674789
tile_r018787_c010851,3,0.0223907474428415,473.8497924804688,10.13243293762207,510.4365234375,0.0010279165580868
tile_r018787_c010851,3,425.0529174804688,249.51290893554688,467.2718200683594,290.5207214355469,0.0010077385231852
tile_r018787_c011107,3,150.06161499023438,339.2812805175781,209.41604614257807,394.028076171875,0.8969947695732117
tile_r018787_c011107,3,142.56417846679688,456.9166870117188,193.9443817138672,505.2809143066406,0.8362350463867188
tile_r018787_c011107,3,458.7761840820313,150.59152221679688,511.2032775878906,201.9559631347656,0.8154696226119995
tile_r018787_c011107,3,62.64424896240234,156.15310668945312,124.18788146972656,218.6949462890625,0.7428398132324219
tile_r018787_c011107,3,365.8589782714844,14.125561714172363,437.896484375,77.58393859863281,0.711380124092102
tile_r018787_c011107,3,0.0,34.837547302246094,36.002235412597656,87.07179260253906,0.7103545665740967
tile_r018787_c011107,3,492.17974853515625,377.1350708007813,511.8974609375,410.9935607910156,0.6099790334701538
tile_r018787_c011107,3,39.04330825805664,426.0699157714844,90.7891616821289,473.61138916015625,0.5870359539985657
tile_r018787_c011107,3,42.33957290649414,428.8177795410156,88.27824401855469,470.9561462402344,0.1559853851795196
tile_r018787_c011107,3,494.4915466308594,380.5935668945313,512.0,407.3508911132813,0.1394299119710922
tile_r018787_c011107,3,469.7296447753906,421.7071838378906,498.49114990234375,446.975341796875,0.1349693089723587
tile_r018787_c011107,3,496.911376953125,377.76605224609375,511.9692993164063,406.9340515136719,0.1053280234336853
tile_r018787_c011107,3,367.6310424804688,86.69637298583984,397.66802978515625,114.9057388305664,0.0443630330264568
tile_r018787_c011107,3,162.07916259765625,247.83370971679688,211.50997924804688,296.3164367675781,0.0377962552011013
tile_r018787_c011107,3,362.3803405761719,83.84385681152344,399.4070434570313,118.40003967285156,0.0344896391034126
tile_r018787_c011107,3,96.90232849121094,39.35675430297852,161.43943786621094,104.3342742919922,0.0343486852943897
tile_r018787_c011107,3,104.6077117919922,41.08698654174805,159.7749481201172,95.32491302490234,0.0276005323976278
tile_r018787_c011107,3,467.732666015625,419.8907775878906,499.42474365234375,448.5161743164063,0.0255846362560987
tile_r018787_c011107,3,371.4219970703125,87.79612731933594,396.65228271484375,113.58073425292967,0.0209600683301687
tile_r018787_c011107,3,0.0,149.9008331298828,10.737537384033203,213.6551055908203,0.019058546051383
tile_r018787_c011107,3,0.0,38.176902770996094,33.73186111450195,85.85758972167969,0.0162953753024339
tile_r018787_c011107,3,64.69058227539062,156.76693725585938,124.01383209228516,215.49679565429688,0.013288116082549
tile_r018787_c011107,3,366.7566223144531,86.71073913574219,397.7856750488281,114.04997253417967,0.0120149897411465
tile_r018787_c011107,3,0.0,139.66531372070312,13.927734375,210.2001190185547,0.0103482324630022
tile_r018787_c011107,3,369.6531677246094,17.945276260375977,436.1319885253906,75.63880920410156,0.0089503303170204
tile_r018787_c011107,3,367.4098510742188,15.485540390014648,437.6329956054688,76.27281188964844,0.0086162481456995
tile_r018787_c011107,3,500.2652282714844,82.4302978515625,511.96142578125,144.60235595703125,0.0085182590410113
tile_r018787_c011107,3,494.1207885742188,0.0,512.0,28.50072860717773,0.0082868551835417
tile_r018787_c011107,3,118.93229675292967,44.80266952514648,157.51748657226562,88.76287841796875,0.0082171978428959
tile_r018787_c011107,3,164.36770629882812,250.71951293945312,208.8172149658203,295.47723388671875,0.0075368438847362
tile_r018787_c011107,3,0.0,0.1296127289533615,40.723289489746094,13.023797988891602,0.0071724122390151
tile_r018787_c011107,3,501.39892578125,92.42347717285156,511.8194274902344,148.77920532226562,0.0071407160721719
tile_r018787_c011107,3,0.0,158.2830352783203,7.32608699798584,216.1727752685547,0.006430746987462
tile_r018787_c011107,3,0.0497379302978515,148.91213989257812,3.7754859924316406,201.52398681640625,0.0061180009506642
tile_r018787_c011107,3,0.0,0.0327564254403114,31.366374969482425,6.7883405685424805,0.0053629577159881
tile_r018787_c011107,3,146.4955291748047,460.1871948242188,190.3414001464844,501.5130004882813,0.0052665374241769
tile_r018787_c011107,3,498.7760314941406,73.60846710205078,512.0,138.6702423095703,0.0052642417140305
tile_r018787_c011107,3,159.92892456054688,505.94085693359375,198.93505859375,512.0,0.0050747906789183
tile_r018787_c011107,3,16.393163681030273,505.5505981445313,62.40746307373047,512.0,0.0049400944262743
tile_r018787_c011107,3,0.0,0.0,34.056617736816406,6.418692111968994,0.0047636199742555
tile_r018787_c011107,3,490.2649841308594,367.48968505859375,512.0,413.2826232910156,0.0045729419216513
tile_r018787_c011107,3,0.0244779586791992,153.77920532226562,2.888869047164917,205.15280151367188,0.0044314423575997
tile_r018787_c011107,3,450.7570190429688,0.07220458984375,506.5205993652344,10.445591926574709,0.0042730197310447
tile_r018787_c011107,3,157.26718139648438,245.47412109375,216.49398803710935,306.0290832519531,0.0039295218884944
tile_r018787_c011107,3,77.87693786621094,161.04556274414062,118.4704132080078,180.69821166992188,0.0039075319655239
tile_r018787_c011107,3,486.71771240234375,367.7631530761719,512.0,417.8694458007813,0.0037664691917598
tile_r018787_c011107,3,507.1724548339844,89.98917388916016,512.0,141.91514587402344,0.0037655232008546
tile_r018787_c011107,3,467.6370239257813,0.0818817168474197,512.0,12.082086563110352,0.0035985745489597
tile_r018787_c011107,3,0.0745214447379112,146.1763153076172,5.516501426696777,197.53463745117188,0.0035603989381343
tile_r018787_c011107,3,501.7700805664063,1.562899827957153,512.0,46.93455123901367,0.0035177674144506
tile_r018787_c011107,3,436.0529174804688,0.0508270263671875,501.0202026367188,10.908207893371582,0.0034131484571844
tile_r018787_c011107,3,0.0,0.0078750606626272,39.45954513549805,14.780115127563477,0.0033742927480489
tile_r018787_c011107,3,477.8287658691406,0.0097896577790379,511.6017150878906,6.783756256103516,0.0033257501199841
tile_r018787_c011107,3,505.5491333007813,96.44998931884766,512.0,144.01992797851562,0.0033128303475677
tile_r018787_c011107,3,72.91493225097656,507.392333984375,119.36102294921876,512.0,0.0032675736583769
tile_r018787_c011107,3,0.0619739517569541,142.20880126953125,6.054486274719238,192.3999481201172,0.0030724767129868
tile_r018787_c011107,3,470.9440002441406,420.7877807617188,499.964599609375,446.37835693359375,0.0029695865232497
tile_r018787_c011107,3,505.4156188964844,82.15126037597656,512.0,139.35934448242188,0.0029408293776214
tile_r018787_c011107,3,67.59403991699219,506.86724853515625,116.1079330444336,512.0,0.0029304160270839
tile_r018787_c011107,3,69.810791015625,501.6559143066406,124.53254699707033,512.0,0.0028497143648564
tile_r018787_c011107,3,464.69091796875,154.9108428955078,510.5335388183594,197.783447265625,0.0026836518663913
tile_r018787_c011107,3,0.0062753679230809,160.45115661621094,2.020181179046631,209.6755828857422,0.002681853948161
tile_r018787_c011107,3,464.3585815429688,0.0,505.1996154785156,5.366133689880371,0.0026290931273251
tile_r018787_c011107,3,78.58487701416016,507.5343627929688,121.8804702758789,512.0,0.0026085092686116
tile_r018787_c011107,3,454.0587463378906,0.0,503.51214599609375,5.433811187744141,0.0026053986512124
tile_r018787_c011107,3,503.9898376464844,100.43370056152344,512.0,148.76193237304688,0.0025452526751905
tile_r018787_c011107,3,507.8755493164063,0.0,512.0,45.60652542114258,0.0025248960591852
tile_r018787_c011107,3,23.125709533691406,507.4046325683594,64.4879150390625,512.0,0.0025106645189225
tile_r018787_c011107,3,470.2447204589844,0.0,508.1066284179688,5.267106056213379,0.0025057815946638
tile_r018787_c011107,3,508.28753662109375,295.4297790527344,512.0,339.0381774902344,0.0024797690566629
tile_r018787_c011107,3,439.16497802734375,0.0,495.9092712402344,5.038052082061768,0.0024221809580922
tile_r018787_c011107,3,0.0,0.0,38.05618667602539,5.375561714172363,0.0024060534778982
tile_r018787_c011107,3,498.1858520507813,60.99890899658203,512.0,130.57322692871094,0.0024051137734204
tile_r018787_c011107,3,504.998779296875,105.0641098022461,512.0,155.66281127929688,0.0023845431860536
tile_r018787_c011107,3,434.65716552734375,0.0,489.90765380859375,4.96503210067749,0.0022451933473348
tile_r018787_c011107,3,83.24866485595703,502.4895935058594,125.33756256103516,511.9620056152344,0.0022335418034344
tile_r018787_c011107,3,445.83837890625,0.0072021484375,500.6183166503906,5.392439365386963,0.0022268327884376
tile_r018787_c011107,3,508.1902465820313,290.51666259765625,512.0,334.3704528808594,0.0021895533427596
tile_r018787_c011107,3,80.60804748535156,29.90804672241211,168.1134490966797,118.197509765625,0.0021619845647364
tile_r018787_c011107,3,507.4103088378906,0.0,512.0,51.36653518676758,0.0020832284353673
tile_r018787_c011107,3,0.014498901553452,166.74838256835938,5.964682102203369,219.8870086669922,0.0020228482317179
tile_r018787_c011107,3,359.7867126464844,0.0427200309932231,421.0729370117188,10.780468940734863,0.0020030520390719
tile_r018787_c011107,3,431.7057495117188,0.0,482.6617736816406,5.186872482299805,0.0019943071529269
tile_r018787_c011107,3,0.0,125.1823501586914,15.198770523071287,203.04714965820312,0.0019471879350021
tile_r018787_c011107,3,347.9615783691406,0.0428253188729286,418.4479064941406,11.46722412109375,0.0017729215323925
tile_r018787_c011107,3,86.76688385009766,507.6634216308594,124.1450653076172,511.9466857910156,0.0017335023730993
tile_r018787_c011107,3,423.6353454589844,0.1243194565176963,492.5164489746094,11.18651294708252,0.0017295551951974
tile_r018787_c011107,3,504.3650512695313,76.16253662109375,512.0,115.9040985107422,0.0016852137632668
tile_r018787_c011107,3,3.099822998046875,0.2241394072771072,48.792572021484375,11.49858856201172,0.0016739369602873
tile_r018787_c011107,3,368.1990356445313,0.0234954841434955,429.3575134277344,10.606799125671388,0.0015043633757159
tile_r018787_c011107,3,0.2850311398506164,145.3239288330078,23.84383583068848,239.479736328125,0.0014724124921485
tile_r018787_c011107,3,506.7190551757813,190.74484252929688,512.0,244.71017456054688,0.0014692505355924
tile_r018787_c011107,3,500.32415771484375,198.4919586181641,512.0,265.7173767089844,0.001455814926885
tile_r018787_c011107,3,191.609375,0.3391616940498352,255.55642700195312,12.42764377593994,0.0014438267098739
tile_r018787_c011107,3,92.2744140625,34.5438232421875,164.98138427734375,106.46712493896484,0.0014326825039461
tile_r018787_c011107,3,168.68099975585938,250.2935485839844,209.37533569335935,291.2120666503906,0.0013699965784326
tile_r018787_c011107,3,506.83642578125,297.1234741210937,512.0,343.19354248046875,0.0013657653471454
tile_r018787_c011107,3,0.0533866882324218,139.52670288085938,6.42418384552002,185.61508178710935,0.0013382100732997
tile_r018787_c011107,3,366.7356567382813,0.0,414.7213745117188,4.783387184143066,0.0013344810577109
tile_r018787_c011107,3,427.4012145996094,0.0,476.8280334472656,5.356677055358887,0.0013253915822133
tile_r018787_c011107,3,501.262451171875,288.9915771484375,511.9070434570313,349.2210388183594,0.0013013477437198
tile_r018787_c011107,3,61.00017547607422,506.4485473632813,111.3663101196289,512.0,0.0012831252533942
tile_r018787_c011107,3,501.3696899414063,0.2583848834037781,512.0,13.058233261108398,0.0012788877356797
tile_r018787_c011107,3,152.92018127441406,505.18450927734375,194.9958953857422,512.0,0.0012666989350691
tile_r018787_c011107,3,499.7708435058594,212.8668975830078,511.8792114257813,276.3842163085937,0.0012652893783524
tile_r018787_c011107,3,0.0071657178923487,165.9518280029297,2.213392972946167,215.9931182861328,0.0012602048227563
tile_r018787_c011107,3,421.1810607910156,0.001974678132683,470.328857421875,5.343579292297363,0.0012367924209684
tile_r018787_c011107,3,0.0,18.63360595703125,51.082069396972656,113.0886459350586,0.0012162697967141
tile_r018787_c011107,3,169.00762939453125,249.8823699951172,211.20571899414065,290.6268920898437,0.0012086550705134
tile_r018787_c011107,3,508.7698364257813,0.0,512.0,38.87831115722656,0.0011979315895587
tile_r018787_c011107,3,87.25882720947266,161.12472534179688,118.7622299194336,181.774658203125,0.0011885568965226
tile_r018787_c011107,3,505.9131774902344,0.9309349060058594,511.9068908691406,29.31708335876465,0.001187204150483
tile_r018787_c011107,3,504.3694763183594,76.45658111572266,512.0,133.05616760253906,0.0011326919775456
tile_r018787_c011107,3,392.06549072265625,0.092945858836174,456.353759765625,12.48155117034912,0.0011299955658614
tile_r018787_c011107,3,130.73080444335938,504.95648193359375,172.05958557128906,512.0,0.0011232841061428
tile_r018787_c011107,3,334.3569030761719,0.0196090694516897,409.0301513671875,12.0834379196167,0.0011224400950595
tile_r018787_c011107,3,500.1140747070313,223.66995239257807,511.8683471679688,287.55810546875,0.0011042803525924
tile_r018787_c011107,3,506.5630798339844,0.0,512.0,57.343505859375,0.0011035804636776
tile_r018787_c011107,3,507.3419494628906,312.9461975097656,512.0,360.16278076171875,0.001099771936424
tile_r018787_c011107,3,507.18743896484375,196.1623992919922,512.0,251.1419219970703,0.0010810492094606
tile_r018787_c011107,3,505.81585693359375,301.9467163085937,512.0,355.81646728515625,0.0010739132994785
tile_r018787_c011107,3,66.66570281982422,158.82107543945312,121.11981201171876,215.5829162597656,0.0010716113029047
tile_r018787_c011107,3,502.104248046875,104.18489074707033,511.88385009765625,161.4591064453125,0.0010709413327276
tile_r018787_c011107,3,70.92888641357422,160.19393920898438,120.7433624267578,188.76939392089844,0.0010347525821998
tile_r018787_c011107,3,505.8720703125,202.35873413085935,512.0,256.9194030761719,0.001024977536872
tile_r018787_c011107,3,18.112041473388672,501.57611083984375,78.44170379638672,511.9903259277344,0.0010233573848381
tile_r018787_c011107,3,364.1759338378906,8.684239387512207,442.6626586914063,81.35181427001953,0.0010201537515968
tile_r018787_c011107,3,0.277883917093277,147.14608764648438,23.463817596435547,220.5598602294922,0.0010124510154128
tile_r018787_c011107,3,368.8263549804688,0.0241279602050781,419.459228515625,3.9237122535705566,0.0010092575103044
tile_r018787_c011107,3,502.37152099609375,469.6403198242188,512.0,512.0,0.0010089628631249
tile_r018787_c011107,3,507.0421752929688,114.7396240234375,512.0,161.07620239257812,0.0010074203601107
tile_r018787_c011363,3,333.7594909667969,210.6084442138672,375.5494689941406,248.1778564453125,0.8340734839439392
tile_r018787_c011363,3,204.0025329589844,152.4264373779297,256.81475830078125,199.201171875,0.7611401677131653
tile_r018787_c011363,3,374.76165771484375,373.3712768554688,411.83148193359375,410.4717712402344,0.7397617101669312
tile_r018787_c011363,3,110.14860534667967,14.557388305664062,181.73089599609372,77.30892944335938,0.7083787322044373
tile_r018787_c011363,3,343.5322570800781,4.503053188323975,379.73626708984375,38.123573303222656,0.5971789360046387
tile_r018787_c011363,3,232.77685546875,377.9214172363281,276.025390625,417.525634765625,0.5714493989944458
tile_r018787_c011363,3,270.9430236816406,300.75616455078125,315.5708923339844,342.57879638671875,0.543032169342041
tile_r018787_c011363,3,395.93017578125,492.0108947753906,451.9401245117188,511.9730529785156,0.4172368049621582
tile_r018787_c011363,3,263.85076904296875,0.1196807846426963,329.94793701171875,16.94223403930664,0.3083398044109344
tile_r018787_c011363,3,273.0918884277344,303.3875732421875,312.8463134765625,340.2992553710937,0.2903226912021637
tile_r018787_c011363,3,271.5436706542969,0.188334658741951,324.7137756347656,14.218923568725586,0.1691466718912124
tile_r018787_c011363,3,391.6927185058594,487.9677734375,455.3167114257813,511.9508361816406,0.1385061293840408
tile_r018787_c011363,3,403.0616149902344,493.770751953125,448.121826171875,512.0,0.1377009898424148
tile_r018787_c011363,3,213.36996459960935,421.19281005859375,243.2066192626953,447.42767333984375,0.1286991089582443
tile_r018787_c011363,3,235.38101196289065,380.585693359375,273.80908203125,415.2818298339844,0.0952803865075111
tile_r018787_c011363,3,210.8055419921875,419.1329956054688,244.3986358642578,449.1172790527344,0.0822962000966072
tile_r018787_c011363,3,271.359375,0.029211426153779,320.3075561523437,10.117899894714355,0.0765297710895538
tile_r018787_c011363,3,256.15802001953125,0.1010971069335937,337.06134033203125,21.41315078735352,0.0719362795352935
tile_r018787_c011363,3,274.2518005371094,0.0222816467285156,321.3082275390625,8.782434463500977,0.0641090050339698
tile_r018787_c011363,3,105.49812316894533,83.70675659179688,143.41482543945312,118.658447265625,0.0566474199295043
tile_r018787_c011363,3,290.2159423828125,500.9703674316406,340.1622009277344,512.0,0.0545622929930686
tile_r018787_c011363,3,111.1765594482422,86.59669494628906,141.7003631591797,115.16383361816406,0.0466698743402957
tile_r018787_c011363,3,400.1418762207031,497.37933349609375,440.0889587402344,511.9660034179688,0.041341483592987
tile_r018787_c011363,3,289.15655517578125,502.8373107910156,329.341552734375,512.0,0.0259377472102642
tile_r018787_c011363,3,341.54449462890625,2.9710021018981934,383.3208923339844,41.05165863037109,0.0250214841216802
tile_r018787_c011363,3,115.16285705566406,87.71729278564453,140.83230590820312,113.81524658203124,0.0189506765455007
tile_r018787_c011363,3,345.6727600097656,8.191238403320312,377.41986083984375,35.055763244628906,0.0186242628842592
tile_r018787_c011363,3,113.79283142089844,18.301916122436523,180.05487060546875,75.3802719116211,0.0179366376250982
tile_r018787_c011363,3,399.883544921875,490.9571228027344,450.9080200195313,511.8162536621094,0.0177857875823974
tile_r018787_c011363,3,292.82476806640625,505.2341918945313,334.5531921386719,512.0,0.0131922075524926
tile_r018787_c011363,3,266.8541564941406,0.0,320.2222900390625,10.89716911315918,0.0126469666138291
tile_r018787_c011363,3,499.3237915039063,44.00976943969727,511.8777465820313,96.67932891845705,0.0105614252388477
tile_r018787_c011363,3,110.22029113769533,86.66069793701172,141.93215942382812,114.3043212890625,0.0102079706266522
tile_r018787_c011363,3,280.8173217773437,498.6930236816406,339.2980041503906,512.0,0.0100544095039367
tile_r018787_c011363,3,401.9606628417969,498.08587646484375,442.2931518554688,511.9849548339844,0.0092577124014496
tile_r018787_c011363,3,274.5462341308594,0.0260234829038381,324.219970703125,6.439887046813965,0.008536348119378
tile_r018787_c011363,3,378.3670043945313,375.71099853515625,409.064453125,406.4900512695313,0.0076650185510516
tile_r018787_c011363,3,297.76190185546875,502.07806396484375,350.888427734375,512.0,0.0067394492216408
tile_r018787_c011363,3,499.1800842285156,33.33336639404297,511.9060974121094,94.37114715576172,0.0064360774122178
tile_r018787_c011363,3,208.4650421142578,156.21873474121094,254.20034790039065,195.4279327392578,0.006268155761063
tile_r018787_c011363,3,400.3900451660156,495.65521240234375,442.9474182128906,511.234130859375,0.006067466456443
tile_r018787_c011363,3,505.4777221679688,34.146263122558594,512.0,83.09159851074219,0.0055289342999458
tile_r018787_c011363,3,503.1211853027344,38.40541458129883,512.0,88.65821838378906,0.0053952503949403
tile_r018787_c011363,3,111.64794921875,15.91423225402832,181.5438995361328,75.90184783935547,0.0052163135260343
tile_r018787_c011363,3,281.770263671875,502.6128845214844,326.7228698730469,512.0,0.0051934658549726
tile_r018787_c011363,3,207.0849151611328,0.0,249.6333770751953,4.576651573181152,0.0048316200263798
tile_r018787_c011363,3,388.92041015625,490.903076171875,452.25238037109375,512.0,0.0042426972649991
tile_r018787_c011363,3,413.43011474609375,495.4440307617188,449.8544921875,511.8839721679688,0.0041830684058368
tile_r018787_c011363,3,284.2117004394531,491.5384826660156,348.49658203125,512.0,0.0041277161799371
tile_r018787_c011363,3,192.37388610839844,0.0678390488028526,248.7197265625,10.346319198608398,0.003994982689619
tile_r018787_c011363,3,179.5914306640625,0.0147064207121729,243.0929718017578,10.900849342346191,0.0038778583984822
tile_r018787_c011363,3,277.4999389648437,0.0237567909061908,331.77490234375,4.32692813873291,0.00384735269472
tile_r018787_c011363,3,245.8805694580078,0.0,339.5052185058594,34.95568084716797,0.0034703507553786
tile_r018787_c011363,3,183.36880493164065,0.0,239.57540893554688,5.170832633972168,0.0033418713137507
tile_r018787_c011363,3,293.3235168457031,507.5470581054688,344.91485595703125,512.0,0.0031739785335958
tile_r018787_c011363,3,178.5687255859375,0.0,233.9907684326172,5.116793632507324,0.0030960594303905
tile_r018787_c011363,3,197.5465240478516,0.0,246.977783203125,4.991565704345703,0.0030369053129106
tile_r018787_c011363,3,190.08493041992188,0.0090625761076807,243.7982940673828,5.326204299926758,0.0029230383224785
tile_r018787_c011363,3,175.53829956054688,0.0,227.1096954345703,5.335541725158691,0.002741138683632
tile_r018787_c011363,3,250.62924194335935,0.0,313.2660827636719,8.939982414245605,0.0026934491470456
tile_r018787_c011363,3,499.22021484375,20.09326934814453,511.970947265625,89.35929107666016,0.0025975434109568
tile_r018787_c011363,3,503.41015625,42.87117385864258,512.0,95.25282287597656,0.0025316434912383
tile_r018787_c011363,3,104.0903778076172,0.03436279296875,164.59799194335938,10.756446838378906,0.0024697175249457
tile_r018787_c011363,3,271.3923645019531,489.0230102539063,348.5318908691406,511.7500915527344,0.002432903740555
tile_r018787_c011363,3,168.29562377929688,0.1299057006835937,235.8539581298828,11.179368019104004,0.0023453102912753
tile_r018787_c011363,3,92.26297760009766,0.0372695922851562,162.2804718017578,11.446829795837402,0.0021882047876715
tile_r018787_c011363,3,506.1961059570313,26.68998146057129,512.0,78.9600601196289,0.0021421327255666
tile_r018787_c011363,3,336.3810729980469,213.3849334716797,371.89068603515625,244.32693481445312,0.0021014092490077
tile_r018787_c011363,3,503.5435180664063,47.1054573059082,512.0,102.6031265258789,0.0020932019688189
tile_r018787_c011363,3,265.66973876953125,0.0,355.49908447265625,32.55046463012695,0.002067478140816
tile_r018787_c011363,3,0.0462783798575401,0.4381164610385895,9.986040115356444,32.93495559692383,0.0018803557613864
tile_r018787_c011363,3,213.0972900390625,421.1336059570313,243.8631591796875,446.50103759765625,0.0018524579936638
tile_r018787_c011363,3,241.0289764404297,0.0,329.017333984375,26.81638526916504,0.0017982561839744
tile_r018787_c011363,3,171.4113311767578,0.0,221.3511505126953,5.524598121643066,0.0017835975158959
tile_r018787_c011363,3,304.7071838378906,501.9874877929688,364.0324096679688,511.9083557128906,0.0017831025179475
tile_r018787_c011363,3,112.4786376953125,0.0156829841434955,172.7476043701172,10.582263946533203,0.0017657702555879
tile_r018787_c011363,3,110.94925689697266,0.0,158.60479736328125,4.825058937072754,0.001758461468853
tile_r018787_c011363,3,380.54876708984375,479.6913146972656,462.0934448242188,512.0,0.0017238386208191
tile_r018787_c011363,3,165.3870849609375,0.0,214.6584014892578,5.551841735839844,0.0015962540637701
tile_r018787_c011363,3,404.1664123535156,500.9527893066406,445.9312133789063,511.9642028808594,0.0015933659160509
tile_r018787_c011363,3,199.23789978027344,0.145150750875473,279.06011962890625,10.559345245361328,0.0015263684326782
tile_r018787_c011363,3,212.1810302734375,0.0,256.3310546875,4.041301727294922,0.0013944773236289
tile_r018787_c011363,3,368.9985961914063,364.9244995117188,420.1663513183594,418.6048889160156,0.0013625524006783
tile_r018787_c011363,3,78.87309265136719,0.018780518323183,153.06944274902344,12.184259414672852,0.0013032752322033
tile_r018787_c011363,3,38.60309600830078,0.0701873749494552,97.84132385253906,10.490850448608398,0.0013008192181587
tile_r018787_c011363,3,399.3775329589844,494.7682189941406,439.876953125,511.3399963378906,0.0012896156404167
tile_r018787_c011363,3,113.02774810791016,0.0239713676273822,163.32754516601562,3.952608585357666,0.0012796279042959
tile_r018787_c011363,3,407.9886779785156,506.8727111816406,458.4181518554688,511.8846740722656,0.0011945485603064
tile_r018787_c011363,3,136.6677703857422,0.0823318511247634,201.3690490722656,12.534564971923828,0.0011709944810718
tile_r018787_c011363,3,106.3502960205078,0.0,155.50637817382812,5.884467601776123,0.0011452148901298
tile_r018787_c011363,3,330.08807373046875,507.6499633789063,372.0646362304688,511.9690551757813,0.0011211978271603
tile_r018787_c011363,3,296.7597045898437,508.2268981933594,353.61297607421875,512.0,0.001092200865969
tile_r018787_c011363,3,244.30972290039065,0.0,305.2942199707031,7.240167140960693,0.0010887049138545
tile_r018787_c011363,3,504.3421936035156,48.7881088256836,512.0,110.4636001586914,0.001076900283806
tile_r018787_c011363,3,275.09014892578125,503.3829956054688,319.59967041015625,512.0,0.0010732444934546
tile_r018787_c011363,3,284.9286804199219,0.1047271713614463,339.9526672363281,13.85768699645996,0.0010324587346985
tile_r018787_c011363,3,374.1574096679688,504.516357421875,409.451416015625,512.0,0.0010156019125133
tile_r018787_c011363,3,430.8206481933594,98.2526626586914,465.2925720214844,135.13687133789062,0.001003936631605
tile_r018787_c011619,3,410.49896240234375,359.17303466796875,453.6246643066406,399.04052734375,0.875804603099823
tile_r018787_c011619,3,247.650634765625,2.088993787765503,308.13189697265625,55.55072021484375,0.8613665699958801
tile_r018787_c011619,3,77.52571105957031,210.391357421875,119.78009033203124,248.5428771972656,0.8319389224052429
tile_r018787_c011619,3,468.3392028808594,215.8069610595703,511.7990112304688,276.1166687011719,0.8203042149543762
tile_r018787_c011619,3,118.4805679321289,373.17523193359375,155.90859985351562,410.698974609375,0.737231433391571
tile_r018787_c011619,3,411.6896057128906,161.8412322998047,475.7438049316406,222.2048797607422,0.7356989979743958
tile_r018787_c011619,3,425.0125122070313,413.1560974121094,495.6228942871094,477.7251586914063,0.6916270852088928
tile_r018787_c011619,3,13.650555610656738,299.9841003417969,60.63862228393555,343.4210510253906,0.6242634057998657
tile_r018787_c011619,3,0.0,372.3444213867188,23.131336212158203,420.65478515625,0.5842325091362
tile_r018787_c011619,3,87.12525939941406,4.116387844085693,124.11087799072266,38.45809173583984,0.5672266483306885
tile_r018787_c011619,3,349.57183837890625,0.0,404.6985473632813,32.16922378540039,0.5091785192489624
tile_r018787_c011619,3,469.5514221191406,0.0627181977033615,510.893798828125,20.6197509765625,0.4784243702888489
tile_r018787_c011619,3,140.09280395507812,492.0201721191406,195.6319732666016,511.97662353515625,0.4177468717098236
tile_r018787_c011619,3,344.2531433105469,0.0,410.8087463378906,36.20439910888672,0.4079966247081756
tile_r018787_c011619,3,462.6873168945313,0.0152053833007812,512.0,26.31741714477539,0.3757833540439605
tile_r018787_c011619,3,356.01544189453125,109.5576629638672,394.3491821289063,146.97613525390625,0.3181203007698059
tile_r018787_c011619,3,7.758444309234619,0.1488159149885177,74.02427673339844,17.198200225830078,0.3126653730869293
tile_r018787_c011619,3,16.547245025634766,302.56890869140625,57.58232498168945,340.9750366210937,0.2262742668390274
tile_r018787_c011619,3,15.592440605163574,0.1827148497104644,68.6580810546875,14.558446884155272,0.1664611250162124
tile_r018787_c011619,3,147.18582153320312,493.7610778808594,191.83859252929688,512.0,0.1409920454025268
tile_r018787_c011619,3,135.7760772705078,487.985107421875,199.06629943847656,511.9556579589844,0.124727189540863
tile_r018787_c011619,3,32.95549774169922,500.8263244628906,84.84280395507812,512.0,0.0780368149280548
tile_r018787_c011619,3,15.221837997436523,0.0303607936948537,64.20059967041016,10.293240547180176,0.0779160857200622
tile_r018787_c011619,3,386.6364135742188,302.1000366210937,419.870849609375,333.2183837890625,0.0760765522718429
tile_r018787_c011619,3,18.108566284179688,0.0236190799623727,65.31123352050781,8.910725593566895,0.0643833205103874
tile_r018787_c011619,3,405.7896118164063,157.7912139892578,481.8562927246094,230.5565643310547,0.0641968250274658
tile_r018787_c011619,3,0.9812164306640624,0.1018051132559776,81.13365173339844,22.206636428833008,0.0466786585748195
tile_r018787_c011619,3,0.0,70.53927612304688,13.323704719543455,114.28562927246094,0.0465202368795871
tile_r018787_c011619,3,144.41505432128906,497.3434143066406,184.03599548339844,511.97552490234375,0.0462303012609481
tile_r018787_c011619,3,0.0,76.19132995605469,8.931593894958496,110.60090637207033,0.0346491076052188
tile_r018787_c011619,3,0.0,364.9317932128906,27.26625633239746,428.8035583496094,0.0345016382634639
tile_r018787_c011619,3,0.0,376.7570190429688,18.22240447998047,417.1824340820313,0.0313716903328895
tile_r018787_c011619,3,85.0110092163086,2.6960692405700684,127.65037536621094,41.43818664550781,0.031002540141344
tile_r018787_c011619,3,387.4430541992188,303.4525146484375,417.01275634765625,331.1260986328125,0.0306049603968858
tile_r018787_c011619,3,31.728443145751957,502.7243041992188,74.49324035644531,512.0,0.0286506507545709
tile_r018787_c011619,3,0.031625747680664,79.87431335449219,7.155570983886719,105.5923309326172,0.0279279854148626
tile_r018787_c011619,3,23.495512008666992,498.28216552734375,84.32658386230469,512.0,0.0234580691903829
tile_r018787_c011619,3,0.0,354.1849060058594,32.4979362487793,446.043212890625,0.0193370822817087
tile_r018787_c011619,3,479.5735473632813,0.0,510.931396484375,13.230117797851562,0.0180437564849853
tile_r018787_c011619,3,475.02294921875,0.0,511.6656799316406,15.087926864624023,0.018011886626482
tile_r018787_c011619,3,10.707925796508787,0.0,64.3025894165039,11.167969703674316,0.0169821325689554
tile_r018787_c011619,3,359.5131225585937,111.66416931152344,391.1991271972656,143.45675659179688,0.0161520093679428
tile_r018787_c011619,3,144.0344696044922,490.9461059570313,194.65966796875,511.8203125,0.0161302462220191
tile_r018787_c011619,3,35.67282485961914,505.0476684570313,79.75895690917969,512.0,0.0146910464391112
tile_r018787_c011619,3,89.34636688232422,7.912579536437988,121.5878677368164,35.27777862548828,0.0139937801286578
tile_r018787_c011619,3,0.0491594299674034,72.66197204589844,8.754522323608398,106.02101135253906,0.0135182160884141
tile_r018787_c011619,3,388.80615234375,304.48944091796875,416.97650146484375,330.6344299316406,0.0115026393905282
tile_r018787_c011619,3,146.32456970214844,498.0542602539063,185.98974609375,511.9893493652344,0.0113069657236337
tile_r018787_c011619,3,40.81110382080078,501.972412109375,94.00135803222656,512.0,0.009969986975193
tile_r018787_c011619,3,122.2460479736328,375.6199951171875,153.12979125976562,406.65716552734375,0.0090852389112114
tile_r018787_c011619,3,0.0,51.05191802978516,15.047540664672852,117.3422393798828,0.008804976940155
tile_r018787_c011619,3,415.7518615722656,404.87298583984375,499.7059631347656,485.15240478515625,0.0082553066313266
tile_r018787_c011619,3,18.43588256835937,0.0269123073667287,68.28874969482422,6.559318542480469,0.0082042524591088
tile_r018787_c011619,3,476.9681701660156,219.00924682617188,512.0,272.0139465332031,0.0073283510282635
tile_r018787_c011619,3,24.227031707763672,502.3269958496094,71.20088958740234,512.0,0.0063631124794483
tile_r018787_c011619,3,500.53265380859375,367.80670166015625,511.9095153808594,426.07318115234375,0.006257623899728
tile_r018787_c011619,3,144.73284912109375,495.6341857910156,186.7147979736328,511.2750549316406,0.0062233712524175
tile_r018787_c011619,3,26.642791748046875,491.6749572753906,93.20913696289062,512.0,0.0061955470591783
tile_r018787_c011619,3,435.58990478515625,419.819580078125,492.7552795410156,472.2659606933594,0.0061559057794511
tile_r018787_c011619,3,420.07037353515625,232.21615600585935,445.09417724609375,258.27215576171875,0.0053479131311178
tile_r018787_c011619,3,14.610265731811523,489.2119140625,94.5070571899414,511.710693359375,0.0053301244042813
tile_r018787_c011619,3,243.31057739257807,1.1868911981582642,314.76220703125,61.34130859375,0.0050220382399857
tile_r018787_c011619,3,506.4358825683594,370.8704528808594,512.0,414.84771728515625,0.0049665463156998
tile_r018787_c011619,3,133.02743530273438,490.89459228515625,196.1092071533203,512.0,0.0045011606998741
tile_r018787_c011619,3,0.0,80.155029296875,3.3293583393096924,108.3273468017578,0.0042155338451266
tile_r018787_c011619,3,21.39111328125,0.0238245017826557,76.0378189086914,4.4460296630859375,0.0039738663472235
tile_r018787_c011619,3,157.540771484375,495.4194946289063,193.71583557128903,511.8802185058594,0.0039426940493285
tile_r018787_c011619,3,35.9714469909668,507.38232421875,89.90388488769531,512.0,0.0039182072505354
tile_r018787_c011619,3,501.7412109375,377.2532348632813,511.7628479003906,430.9771423339844,0.0038596400991082
tile_r018787_c011619,3,453.1279296875,0.0,507.5555725097656,11.348794937133787,0.0034713831264525
tile_r018787_c011619,3,505.4814453125,371.362060546875,512.0,420.61712646484375,0.0032959699165076
tile_r018787_c011619,3,0.0,141.0101318359375,9.866277694702148,194.4375457763672,0.0032958791125565
tile_r018787_c011619,3,452.8973693847656,0.0,511.546630859375,48.5961799621582,0.003064686898142
tile_r018787_c011619,3,0.0,22.86002922058105,8.607192039489746,70.44200134277344,0.0030390948522835
tile_r018787_c011619,3,351.65313720703125,102.9708480834961,400.18463134765625,153.2259521484375,0.0029492613393813
tile_r018787_c011619,3,462.997314453125,0.0498580932617187,512.0,15.299260139465332,0.0028239483945071
tile_r018787_c011619,3,0.0,0.0,57.4410285949707,9.193593978881836,0.0027579516172409
tile_r018787_c011619,3,0.05206298828125,148.23587036132812,4.92050838470459,187.7555084228516,0.0026150455232709
tile_r018787_c011619,3,47.53533172607422,501.685302734375,107.2786865234375,511.901611328125,0.0025734126102179
tile_r018787_c011619,3,0.0,366.59967041015625,16.747024536132812,408.05963134765625,0.0025042812339961
tile_r018787_c011619,3,446.7085876464844,0.0,512.0,37.13615417480469,0.0025030856486409
tile_r018787_c011619,3,507.6041870117188,367.2306823730469,512.0,410.3497924804688,0.0024474917445331
tile_r018787_c011619,3,0.0,152.27017211914062,7.568711757659912,195.71713256835935,0.0022854306735098
tile_r018787_c011619,3,0.0714199095964431,142.82415771484375,5.815314292907715,182.2530212402344,0.0021851395722478
tile_r018787_c011619,3,0.0533370971679687,80.9879150390625,7.240501403808594,120.11153411865234,0.0021061000879853
tile_r018787_c011619,3,370.2265319824219,266.2657775878906,398.7043151855469,295.80352783203125,0.0020734358113259
tile_r018787_c011619,3,80.37403106689453,213.255126953125,116.0002670288086,244.47720336914065,0.002065644133836
tile_r018787_c011619,3,0.0,373.51556396484375,19.60079574584961,412.212158203125,0.0020489604212343
tile_r018787_c011619,3,340.24237060546875,0.3876892030239105,425.7556762695313,48.55362701416016,0.0019252580823376
tile_r018787_c011619,3,504.5797424316406,372.53515625,512.0,427.26025390625,0.0019178321817889
tile_r018787_c011619,3,0.0239019393920898,379.4544067382813,14.894963264465332,413.791748046875,0.0018346641445532
tile_r018787_c011619,3,0.0460165031254291,150.84298706054688,4.146582126617432,193.37989807128903,0.0018211276037618
tile_r018787_c011619,3,483.6580200195313,0.0,512.0,9.65841293334961,0.0018136313883587
tile_r018787_c011619,3,0.0,349.6212463378906,35.366912841796875,423.8395385742188,0.0017754371510818
tile_r018787_c011619,3,13.628570556640623,0.0,101.09040832519533,30.84447860717773,0.0017080584075301
tile_r018787_c011619,3,148.6403045654297,500.9285278320313,189.5611572265625,511.9635314941406,0.0016797737916931
tile_r018787_c011619,3,500.175537109375,354.9721069335937,512.0,420.302978515625,0.0016698128310963
tile_r018787_c011619,3,124.55078125,479.615234375,205.7939453125,512.0,0.0016355157131329
tile_r018787_c011619,3,0.0,79.68000793457031,5.363043308258057,128.61424255371094,0.0015094602713361
tile_r018787_c011619,3,0.0692369490861892,381.9536437988281,9.9127836227417,414.9532165527344,0.0014664696063846
tile_r018787_c011619,3,0.0434812530875206,11.922945976257324,4.709571838378906,59.03772735595703,0.0014460572274401
tile_r018787_c011619,3,0.0,125.58206939697266,10.76108741760254,188.5384521484375,0.001442328793928
tile_r018787_c011619,3,0.5095626711845398,67.2484359741211,22.464370727539062,122.1431655883789,0.0014253475237637
tile_r018787_c011619,3,0.0419897064566612,18.082141876220703,3.6970715522766113,62.17486572265625,0.0014141976134851
tile_r018787_c011619,3,508.1446838378906,360.3110961914063,512.0,405.2925415039063,0.0013828908558934
tile_r018787_c011619,3,0.0245712287724018,5.913217067718506,14.233675003051758,65.96590423583984,0.0013606111751869
tile_r018787_c011619,3,0.0,0.0,83.60515594482422,33.78947067260742,0.0013586896238848
tile_r018787_c011619,3,0.0,91.261474609375,8.299962997436523,139.08970642089844,0.001353022060357
tile_r018787_c011619,3,112.52366638183594,364.727783203125,164.16702270507812,418.9497985839844,0.0013114579487591
tile_r018787_c011619,3,0.0083267213776707,28.95150375366211,10.80272102355957,104.8260269165039,0.0012992616975679
tile_r018787_c011619,3,73.42832946777344,507.5650939941406,116.6094970703125,511.970458984375,0.0012837284011766
tile_r018787_c011619,3,17.64806365966797,502.85260009765625,64.38258361816406,512.0,0.0012677568010985
tile_r018787_c011619,3,39.35729217529297,508.1179809570313,98.40933227539062,512.0,0.0012645525857806
tile_r018787_c011619,3,505.90631103515625,255.91030883789065,512.0,296.7578430175781,0.0012433874653652
tile_r018787_c011619,3,0.0,0.0,48.52997970581055,6.274178504943848,0.001220331294462
tile_r018787_c011619,3,143.65463256835938,494.7555236816406,183.74513244628903,511.3702087402344,0.0012189367553219
tile_r018787_c011619,3,0.0547676086425781,132.39193725585938,5.883683204650879,176.5688018798828,0.001203378313221
tile_r018787_c011619,3,0.0077495574951171,22.593021392822266,2.924309492111206,67.80079650878906,0.0012018780689686
tile_r018787_c011619,3,0.0,0.0146480556577444,35.80621337890625,5.86986255645752,0.001197607605718
tile_r018787_c011619,3,29.025320053100582,0.1067962646484375,84.02022552490234,14.167852401733398,0.0011583141749724
tile_r018787_c011619,3,2.983874559402466,480.971435546875,91.4404754638672,512.0,0.0011561375577002
tile_r018787_c011619,3,0.0,28.05135536193848,3.5201117992401123,75.96307373046875,0.001146619208157
tile_r018787_c011619,3,508.1297302246094,445.2275390625,512.0,492.28955078125,0.0011163003509864
tile_r018787_c011619,3,505.32513427734375,377.8406372070313,512.0,433.16302490234375,0.0011149749625474
tile_r018787_c011619,3,152.35244750976562,506.8328552246094,202.1985321044922,511.89361572265625,0.0011038823286071
tile_r018787_c011619,3,508.9190979003906,439.27685546875,512.0,487.0481567382813,0.0011036125943064
tile_r018787_c011619,3,66.13822937011719,507.1202697753906,112.0622329711914,512.0,0.0010959791252389
tile_r018787_c011619,3,478.2030334472656,0.0265274047851562,512.0,17.735177993774414,0.0010942817898467
tile_r018787_c011619,3,0.0256664268672466,303.02313232421875,4.655458927154541,335.7138671875,0.0010615749051794
tile_r018787_c011619,3,366.73431396484375,0.0,430.5137634277344,28.945331573486328,0.0010458151809871
tile_r018787_c011619,3,2.273870944976806,0.0,62.70092010498047,10.719197273254396,0.0010425320360809
tile_r018787_c011619,3,117.89100646972656,504.6263122558594,153.5484619140625,512.0,0.0010371176758781
tile_r018787_c011619,3,0.0,75.95947265625,2.452958345413208,116.7743682861328,0.0010183830745518
tile_r019043_c010083,3,331.9129943847656,293.9206237792969,380.4756774902344,341.93963623046875,0.8703097701072693
tile_r019043_c010083,3,176.1249542236328,312.0523986816406,235.7800750732422,366.0345764160156,0.8534296751022339
tile_r019043_c010083,3,186.6151123046875,217.15847778320312,237.59439086914065,266.7540283203125,0.8247292041778564
tile_r019043_c010083,3,206.53140258789065,25.991130828857425,252.5251007080078,65.70751953125,0.7789082527160645
tile_r019043_c010083,3,67.0056381225586,328.07525634765625,138.78033447265625,387.4173278808594,0.7430656552314758
tile_r019043_c010083,3,387.4930419921875,456.90673828125,422.84185791015625,490.69183349609375,0.6461181640625
tile_r019043_c010083,3,51.01690673828125,211.9254150390625,120.46751403808594,271.7568054199219,0.5534362196922302
tile_r019043_c010083,3,178.8573455810547,150.76329040527344,212.7958068847656,183.98385620117188,0.5441855192184448
tile_r019043_c010083,3,135.7322540283203,481.3810424804688,200.6454620361328,512.0,0.5131624341011047
tile_r019043_c010083,3,237.1338653564453,412.7981872558594,297.99383544921875,472.89788818359375,0.4853269159793854
tile_r019043_c010083,3,236.45211791992188,411.40240478515625,299.0595703125,474.1583862304688,0.4715572297573089
tile_r019043_c010083,3,39.9591064453125,63.07373809814453,111.89561462402344,119.4220733642578,0.4518516063690185
tile_r019043_c010083,3,48.21137237548828,207.93948364257807,122.4096908569336,275.1895751953125,0.4134292304515838
tile_r019043_c010083,3,346.7161560058594,494.14788818359375,397.966796875,512.0,0.2600573897361755
tile_r019043_c010083,3,353.9403686523437,495.966796875,394.0792236328125,512.0,0.2551618814468384
tile_r019043_c010083,3,27.53424644470215,152.93539428710938,70.81013488769531,197.1576385498047,0.1437600255012512
tile_r019043_c010083,3,353.95196533203125,498.779052734375,389.41595458984375,512.0,0.096097283065319
tile_r019043_c010083,3,141.98873901367188,486.3816528320313,196.47366333007807,511.619384765625,0.0886037126183509
tile_r019043_c010083,3,181.5572204589844,152.48495483398438,210.95437622070312,181.46237182617188,0.0751338154077529
tile_r019043_c010083,3,349.1825256347656,498.2798767089844,388.4011840820313,512.0,0.0606449805200099
tile_r019043_c010083,3,357.5773620605469,501.6910095214844,392.1060485839844,511.9347229003906,0.0497681275010108
tile_r019043_c010083,3,175.16722106933594,310.0030822753906,237.8890686035156,367.9390869140625,0.0253210607916116
tile_r019043_c010083,3,108.595458984375,0.1168838515877723,160.1113739013672,12.507975578308104,0.022638339549303
tile_r019043_c010083,3,390.0310668945313,460.14837646484375,420.4375915527344,488.0828247070313,0.0218714624643325
tile_r019043_c010083,3,340.27447509765625,489.222412109375,400.9635009765625,511.9453125,0.0196465421468019
tile_r019043_c010083,3,171.48495483398438,0.0,212.6747589111328,5.540101051330566,0.0184488501399755
tile_r019043_c010083,3,180.28109741210935,152.65069580078125,211.6450958251953,183.6302795410156,0.0174381136894226
tile_r019043_c010083,3,469.423828125,0.0801574736833572,512.0,11.906412124633787,0.0170336086302995
tile_r019043_c010083,3,184.21096801757807,213.88302612304688,241.0110321044922,270.0111389160156,0.0149414567276835
tile_r019043_c010083,3,174.82110595703125,0.000982666038908,216.0457763671875,3.9829354286193848,0.0145255019888281
tile_r019043_c010083,3,469.8024291992188,0.0095258709043264,512.0,5.984010219573975,0.0142941772937774
tile_r019043_c010083,3,49.6426010131836,70.26173400878906,109.40425872802734,113.4542999267578,0.0134085845202207
tile_r019043_c010083,3,475.1795959472656,0.0,511.6651306152344,5.512251853942871,0.0131423426792025
tile_r019043_c010083,3,0.0,497.4261779785156,7.100077629089356,511.9046020507813,0.0125126801431179
tile_r019043_c010083,3,33.76603317260742,54.13694381713867,116.0655288696289,126.4713134765625,0.0124435992911458
tile_r019043_c010083,3,172.12942504882812,0.1084945648908615,217.7588653564453,10.673158645629885,0.0107144508510828
tile_r019043_c010083,3,464.074951171875,0.021161651238799,512.0,7.005379676818848,0.0093833664432168
tile_r019043_c010083,3,113.81878662109376,0.0114269256591796,159.24713134765625,7.17673397064209,0.0091685485094785
tile_r019043_c010083,3,120.35997009277344,0.0133003238588571,160.71560668945312,5.899329662322998,0.0089315911754965
tile_r019043_c010083,3,351.95196533203125,491.98486328125,397.1864318847656,511.68695068359375,0.0086615048348903
tile_r019043_c010083,3,455.46826171875,0.0641845688223838,512.0,13.453402519226074,0.0085391337051987
tile_r019043_c010083,3,138.04501342773438,491.30804443359375,180.85528564453125,511.6719665527344,0.0083067119121551
tile_r019043_c010083,3,480.3893432617188,0.1272903382778167,512.0,11.913373947143556,0.0080619836226105
tile_r019043_c010083,3,117.284912109375,0.1341690123081207,163.97605895996094,11.231977462768556,0.007886292412877
tile_r019043_c010083,3,229.5306396484375,167.53541564941406,258.98345947265625,190.89306640625,0.0075608505867421
tile_r019043_c010083,3,210.64089965820312,28.728923797607425,248.82864379882807,62.08834838867188,0.0071738041006028
tile_r019043_c010083,3,358.06695556640625,505.273681640625,396.5130615234375,511.882568359375,0.0070992712862789
tile_r019043_c010083,3,95.58970642089844,0.1707214415073394,164.54501342773438,14.428919792175291,0.006406273227185
tile_r019043_c010083,3,104.666015625,0.0071994783356785,158.0758514404297,7.449958801269531,0.0063479598611593
tile_r019043_c010083,3,167.7001495361328,505.0860290527344,210.5472869873047,512.0,0.0062819793820381
tile_r019043_c010083,3,364.4441833496094,496.800048828125,397.38385009765625,511.9510803222656,0.0057689398527145
tile_r019043_c010083,3,179.9950408935547,506.24713134765625,217.06851196289065,511.97705078125,0.0055911494418978
tile_r019043_c010083,3,0.0,483.422119140625,6.915130615234375,511.5829162597656,0.0049915378913283
tile_r019043_c010083,3,235.4751739501953,502.0479431152344,300.904541015625,512.0,0.0044165579602122
tile_r019043_c010083,3,163.55416870117188,0.001736068748869,211.8927001953125,6.340359687805176,0.0041262172162532
tile_r019043_c010083,3,161.33810424804688,0.0998809784650802,214.9596405029297,11.70387840270996,0.003895960515365
tile_r019043_c010083,3,237.5272979736328,505.9627990722656,277.6330871582031,512.0,0.0035944238770753
tile_r019043_c010083,3,87.0534896850586,335.503173828125,140.72195434570312,381.23236083984375,0.0035685433540493
tile_r019043_c010083,3,184.90591430664065,507.0291442871094,223.3482208251953,511.9456481933594,0.0035276983398944
tile_r019043_c010083,3,230.28598022460935,505.346435546875,275.9828796386719,512.0,0.0035192389041185
tile_r019043_c010083,3,136.69253540039062,489.8101196289063,189.099853515625,511.232666015625,0.0034973958972841
tile_r019043_c010083,3,121.64219665527344,0.126983642578125,188.0326995849609,12.126459121704102,0.0034503920469433
tile_r019043_c010083,3,335.3412475585937,492.8989868164063,399.0594787597656,512.0,0.0032669648062437
tile_r019043_c010083,3,233.0589904785156,171.6562957763672,257.1155700683594,190.5255889892578,0.0031347540207207
tile_r019043_c010083,3,127.8651123046875,471.1304321289063,208.7339324951172,512.0,0.0030937939882278
tile_r019043_c010083,3,231.1197509765625,170.38096618652344,257.8180236816406,192.8490753173828,0.0029711115639656
tile_r019043_c010083,3,191.2003173828125,506.63134765625,230.542724609375,511.9888305664063,0.0027560491580516
tile_r019043_c010083,3,82.8742904663086,0.1138397231698036,159.12460327148438,16.67880630493164,0.0027501187287271
tile_r019043_c010083,3,361.75726318359375,507.2906188964844,403.8971862792969,511.9010620117188,0.0025171812158077
tile_r019043_c010083,3,29.3898868560791,156.18731689453125,69.458984375,191.68243408203125,0.0024139531888067
tile_r019043_c010083,3,0.1119087189435958,501.5250854492188,21.40470695495605,512.0,0.0023427288979291
tile_r019043_c010083,3,123.1466293334961,0.0,167.4090576171875,4.242696285247803,0.0023362194187939
tile_r019043_c010083,3,63.96893310546875,322.94989013671875,143.57064819335938,391.3500671386719,0.0022779547143727
tile_r019043_c010083,3,95.7137680053711,0.0165245048701763,154.00205993652344,6.836169242858887,0.0022381022572517
tile_r019043_c010083,3,0.1580810546875,463.6570739746094,11.543817520141602,511.7201232910156,0.0021945114713162
tile_r019043_c010083,3,283.4613952636719,501.6023864746094,352.4313659667969,511.9348754882813,0.0021159157622605
tile_r019043_c010083,3,177.22097778320312,0.1475067138671875,233.104736328125,10.96519947052002,0.0020322923082858
tile_r019043_c010083,3,90.3546142578125,0.0421323776245117,147.49343872070312,5.892647743225098,0.0020076059736311
tile_r019043_c010083,3,153.5462646484375,504.21240234375,204.272705078125,512.0,0.0019629334565252
tile_r019043_c010083,3,375.3517456054688,507.3833618164063,413.1720581054688,511.9938354492188,0.0019318287959322
tile_r019043_c010083,3,210.17886352539065,506.63226318359375,254.3291778564453,512.0,0.0018740480300039
tile_r019043_c010083,3,200.4691467285156,505.968017578125,235.91357421875,512.0,0.0018312835600227
tile_r019043_c010083,3,432.5874633789063,0.0062952041625976,476.763671875,5.776658058166504,0.001780646154657
tile_r019043_c010083,3,340.9874572753906,498.7669067382813,384.3965759277344,512.0,0.0017455177148804
tile_r019043_c010083,3,389.70745849609375,459.20745849609375,420.3469848632813,490.0220642089844,0.0017087237210944
tile_r019043_c010083,3,0.1243759170174598,479.114013671875,12.81842041015625,511.1583557128906,0.0017035169294103
tile_r019043_c010083,3,205.9085998535156,506.1224670410156,243.3202667236328,512.0,0.0016552692977711
tile_r019043_c010083,3,456.9585876464844,0.0152694704011082,510.9767150878906,7.006354331970215,0.0016203946433961
tile_r019043_c010083,3,0.0,495.28515625,18.93837547302246,512.0,0.0016099526546895
tile_r019043_c010083,3,223.73214721679688,500.3987426757813,290.5463256835937,512.0,0.0016093687154352
tile_r019043_c010083,3,178.5640869140625,313.7933654785156,234.28564453125,363.3805236816406,0.0015769356396049
tile_r019043_c010083,3,438.1222534179688,0.0,512.0,13.757257461547852,0.0015722160460427
tile_r019043_c010083,3,175.37255859375,0.0483539588749408,223.9688262939453,2.5666565895080566,0.0015152934938669
tile_r019043_c010083,3,159.91107177734375,494.7991638183594,226.3653259277344,512.0,0.0014988547191023
tile_r019043_c010083,3,0.0073476792313158,460.6524963378906,6.4309282302856445,492.52777099609375,0.0014752340503036
tile_r019043_c010083,3,83.93408203125,0.0469635017216205,139.3994598388672,5.295597553253174,0.0014304196229204
tile_r019043_c010083,3,274.7770080566406,507.4188537597656,329.1607360839844,512.0,0.0013909459812566
tile_r019043_c010083,3,243.3834686279297,502.1290588378906,316.9012145996094,512.0,0.0013538303319364
tile_r019043_c010083,3,0.0,473.99517822265625,5.9334025382995605,508.9813537597656,0.0013341117883101
tile_r019043_c010083,3,268.97711181640625,501.77288818359375,338.0936889648437,512.0,0.001319637754932
tile_r019043_c010083,3,385.3954772949219,507.1994018554688,420.84619140625,512.0,0.001307503785938
tile_r019043_c010083,3,425.717041015625,0.0062049864791333,472.7325744628906,6.143546581268311,0.0012848305050283
tile_r019043_c010083,3,0.2750579714775085,500.6901245117188,42.078372955322266,512.0,0.0012758279917761
tile_r019043_c010083,3,298.1483459472656,499.67474365234375,372.8298950195313,511.91943359375,0.0012046139454469
tile_r019043_c010083,3,137.46951293945312,489.4397888183594,193.778076171875,511.1659240722656,0.0011802404187619
tile_r019043_c010083,3,108.0498046875,335.8036804199219,142.0375518798828,379.7413024902344,0.0011643681209534
tile_r019043_c010083,3,0.0,467.56060791015625,4.719880104064941,497.055419921875,0.0011514319339767
tile_r019043_c010083,3,239.4088592529297,507.5215759277344,284.6097717285156,512.0,0.0011202449677512
tile_r019043_c010083,3,280.0928649902344,506.9031677246094,335.7244567871094,512.0,0.0011120982235297
tile_r019043_c010083,3,99.73161315917967,0.0,182.5233459472656,23.3833122253418,0.0010972954332828
tile_r019043_c010083,3,123.90380859375,0.0174478534609079,178.70240783691406,2.675205945968628,0.0010887390235438
tile_r019043_c010083,3,268.8124389648437,507.88958740234375,321.781005859375,512.0,0.0010596354259178
tile_r019043_c010083,3,135.74954223632812,0.0322601310908794,213.5862274169922,12.041555404663086,0.0010518282651901
tile_r019043_c010083,3,32.44713592529297,155.89984130859375,67.02238464355469,192.38626098632807,0.0010381339816376
tile_r019043_c010083,3,353.9334716796875,496.7662048339844,390.3553161621094,511.32122802734375,0.0010131635935977
tile_r019043_c010339,3,76.21044921875,294.4869079589844,123.93107604980467,341.5213623046875,0.8604931831359863
tile_r019043_c010339,3,443.0221252441406,203.21234130859372,503.2317504882813,263.15838623046875,0.8141266703605652
tile_r019043_c010339,3,0.0,411.5968627929688,42.21583557128906,473.7980041503906,0.7787715196609497
tile_r019043_c010339,3,264.76641845703125,0.0,314.5408630371094,33.158241271972656,0.7773438096046448
tile_r019043_c010339,3,396.01165771484375,78.86107635498047,476.9422302246094,164.55978393554688,0.7654348611831665
tile_r019043_c010339,3,289.1221618652344,96.31448364257812,329.687744140625,136.51705932617188,0.6967084407806396
tile_r019043_c010339,3,436.123046875,0.020294189453125,478.804443359375,28.09126281738281,0.6516929864883423
tile_r019043_c010339,3,132.06932067871094,457.4559020996094,166.37368774414062,490.35003662109375,0.592343807220459
tile_r019043_c010339,3,371.36761474609375,413.32659912109375,432.138671875,467.423583984375,0.5490599870681763
tile_r019043_c010339,3,371.3650817871094,336.0084533691406,433.7586059570313,386.3112182617188,0.5044055581092834
tile_r019043_c010339,3,470.0104064941406,29.550750732421875,509.739990234375,67.93104553222656,0.4297015070915222
tile_r019043_c010339,3,368.6768798828125,333.1313781738281,436.98040771484375,390.6295776367188,0.3399674892425537
tile_r019043_c010339,3,373.2731018066406,415.1883850097656,431.90142822265625,462.9873962402344,0.3328502476215362
tile_r019043_c010339,3,292.21368408203125,204.33737182617188,330.2763366699219,240.63107299804688,0.2918437421321869
tile_r019043_c010339,3,0.0,407.62445068359375,46.8394775390625,480.4103393554688,0.2811637818813324
tile_r019043_c010339,3,98.09539794921876,496.4373168945313,137.4962158203125,512.0,0.2501630783081054
tile_r019043_c010339,3,487.09075927734375,125.7701416015625,511.98236083984375,161.1288604736328,0.2476478368043899
tile_r019043_c010339,3,90.86966705322266,494.5094604492188,141.5010223388672,512.0,0.2403535991907119
tile_r019043_c010339,3,488.8954162597656,129.03408813476562,511.7825317382813,159.41893005371094,0.1745409220457077
tile_r019043_c010339,3,98.35161590576172,498.9937133789063,132.90504455566406,512.0,0.1039014235138893
tile_r019043_c010339,3,468.3374633789063,27.439321517944336,510.430908203125,71.33558654785156,0.0800808072090148
tile_r019043_c010339,3,93.29563903808594,498.4265747070313,132.1962890625,512.0,0.0667400136590004
tile_r019043_c010339,3,102.07936096191406,501.9991760253906,135.63949584960938,511.9353637695313,0.0539307259023189
tile_r019043_c010339,3,397.6592712402344,77.88957214355469,474.09661865234375,158.9596710205078,0.0523838512599468
tile_r019043_c010339,3,490.2193298339844,130.89263916015625,512.0,157.54611206054688,0.0459922403097152
tile_r019043_c010339,3,0.0,24.46742820739746,9.660123825073242,76.47462463378906,0.0364413410425186
tile_r019043_c010339,3,441.05810546875,0.0,473.530517578125,24.109943389892575,0.0310797952115535
tile_r019043_c010339,3,325.2244567871094,0.0768112167716026,383.9541931152344,11.976381301879885,0.0299948770552873
tile_r019043_c010339,3,286.9951477050781,93.06815338134766,332.77911376953125,139.4451141357422,0.0291681159287691
tile_r019043_c010339,3,134.47323608398438,460.4907836914063,164.0855255126953,487.8174743652344,0.0278201214969158
tile_r019043_c010339,3,0.0,15.44635009765625,13.384167671203612,76.39925384521484,0.0266981795430183
tile_r019043_c010339,3,323.72021484375,0.008609008975327,372.01849365234375,6.823489189147949,0.0242314618080854
tile_r019043_c010339,3,326.1703491210937,0.0,378.8442993164063,5.798389434814453,0.0212171748280525
tile_r019043_c010339,3,472.4298706054688,32.65959167480469,505.5070190429688,62.24052810668945,0.0191106051206588
tile_r019043_c010339,3,389.89361572265625,376.7834167480469,422.8130798339844,402.3201293945313,0.0185150019824504
tile_r019043_c010339,3,290.0205078125,200.3458709716797,334.6634521484375,246.9111785888672,0.0175445452332496
tile_r019043_c010339,3,84.0810317993164,489.3575744628906,144.4833526611328,511.9310607910156,0.0163333397358655
tile_r019043_c010339,3,0.0,329.1119079589844,8.805633544921875,381.7745056152344,0.0159016381949186
tile_r019043_c010339,3,259.0187683105469,0.0,322.0566101074219,39.072052001953125,0.0157134123146533
tile_r019043_c010339,3,0.0,317.7270202636719,11.250128746032717,379.33392333984375,0.0138821946457028
tile_r019043_c010339,3,0.0091136936098337,327.41729736328125,4.734847068786621,364.3152160644531,0.012614450417459
tile_r019043_c010339,3,441.02783203125,0.0,476.7445373535156,24.33988380432129,0.0122600737959146
tile_r019043_c010339,3,0.0,307.98394775390625,14.223551750183104,370.67474365234375,0.0118394950404763
tile_r019043_c010339,3,0.0,331.15557861328125,4.299592971801758,370.9955749511719,0.010975663550198
tile_r019043_c010339,3,0.0613817200064659,19.45695686340332,6.711784362792969,64.09538269042969,0.0107363779097795
tile_r019043_c010339,3,0.0567737594246864,20.6065616607666,4.965830326080322,69.15279388427734,0.0104469889774918
tile_r019043_c010339,3,331.89190673828125,0.0887710601091384,389.3381652832031,10.705041885375977,0.0103710237890481
tile_r019043_c010339,3,0.0238676071166992,20.081409454345703,4.3451762199401855,73.3329849243164,0.0098113175481557
tile_r019043_c010339,3,472.1626892089844,31.60995483398437,506.3786010742188,61.74439239501953,0.0087113762274384
tile_r019043_c010339,3,327.56207275390625,0.0225597377866506,385.7424926757813,5.076695919036865,0.0082897441461682
tile_r019043_c010339,3,369.6423034667969,410.8992309570313,436.6136169433594,469.4309997558594,0.0080893095582723
tile_r019043_c010339,3,428.9546813964844,0.0,489.3468627929688,33.570777893066406,0.0080558350309729
tile_r019043_c010339,3,0.0,30.992721557617188,6.285118103027344,76.5538330078125,0.0075427354313433
tile_r019043_c010339,3,0.0250968933105468,333.8051147460937,4.145541191101074,374.9684143066406,0.0073695881292223
tile_r019043_c010339,3,391.3462829589844,72.99824523925781,483.1242065429688,170.48448181152344,0.0071674897335469
tile_r019043_c010339,3,102.6159439086914,505.5783081054688,140.13143920898438,511.8709411621094,0.006665252149105
tile_r019043_c010339,3,96.25447845458984,492.15081787109375,140.71807861328125,511.6785278320313,0.006516819819808
tile_r019043_c010339,3,332.7286071777344,0.0019592284224927,391.2597351074219,4.4692702293396,0.0063323322683572
tile_r019043_c010339,3,485.7026977539063,125.3136978149414,511.9510192871094,162.73361206054688,0.0061911530792713
tile_r019043_c010339,3,0.0121170040220022,339.44830322265625,6.681870460510254,380.69537353515625,0.0061138793826103
tile_r019043_c010339,3,339.0440368652344,0.1091339141130447,399.571044921875,10.21173858642578,0.0060069658793509
tile_r019043_c010339,3,393.4065856933594,379.26898193359375,420.621826171875,402.1366271972656,0.0058927219361066
tile_r019043_c010339,3,108.54847717285156,497.1565551757813,141.2697296142578,511.949951171875,0.0058287070132792
tile_r019043_c010339,3,0.0339218154549598,25.466527938842773,2.9504036903381348,76.86820220947266,0.0058020176365971
tile_r019043_c010339,3,0.0473072044551372,13.688984870910645,7.214962005615234,58.43637847900391,0.005342804826796
tile_r019043_c010339,3,318.1741638183594,0.0,368.6106872558594,7.285292148590088,0.0046954830177128
tile_r019043_c010339,3,494.3672790527344,0.0,512.0,32.44623565673828,0.0043233251199126
tile_r019043_c010339,3,0.0241630561649799,337.90264892578125,3.267305374145508,379.9157104492188,0.0043172165751457
tile_r019043_c010339,3,0.0,54.991943359375,3.225989818572998,99.68199157714844,0.0043169604614377
tile_r019043_c010339,3,500.4070739746094,407.92291259765625,511.9471740722656,477.9725036621094,0.0041889240965247
tile_r019043_c010339,3,0.0,319.7755126953125,5.565762519836426,359.52685546875,0.0040795868262648
tile_r019043_c010339,3,0.0415695197880268,297.4522399902344,15.974695205688477,359.9875183105469,0.0040133949369192
tile_r019043_c010339,3,448.3352661132813,206.410888671875,500.08880615234375,257.4100036621094,0.0038172386121004
tile_r019043_c010339,3,0.1775878965854644,318.0380859375,23.133346557617188,384.5402526855469,0.003695536404848
tile_r019043_c010339,3,0.0,503.5617065429688,14.5362548828125,511.9988708496094,0.0036407890729606
tile_r019043_c010339,3,134.2151336669922,459.6360778808594,163.9685516357422,489.984375,0.0035633926745504
tile_r019043_c010339,3,207.3388214111328,0.0265457145869731,263.8412170410156,11.019713401794434,0.0034839059226214
tile_r019043_c010339,3,506.09423828125,408.1118469238281,512.0,470.4220275878906,0.0034731272608041
tile_r019043_c010339,3,482.92327880859375,119.3362808227539,512.0,166.54029846191406,0.0033804127015173
tile_r019043_c010339,3,340.85662841796875,0.0,394.5375671386719,3.8738274574279785,0.0031408914364874
tile_r019043_c010339,3,498.9239807128906,379.6179809570313,512.0,450.7078552246094,0.0030949646607041
tile_r019043_c010339,3,78.83174133300781,493.1246948242188,142.87928771972656,512.0,0.0030851145274937
tile_r019043_c010339,3,500.147216796875,398.36029052734375,511.9916076660156,470.60687255859375,0.0030272880103439
tile_r019043_c010339,3,0.0,341.6638488769531,2.7940680980682373,388.7934265136719,0.0029534918721765
tile_r019043_c010339,3,316.21783447265625,0.0334243774414062,383.0300903320313,14.31213665008545,0.002939190948382
tile_r019043_c010339,3,293.5053100585937,204.9464874267578,328.8822631835937,238.3623962402344,0.0029072572942823
tile_r019043_c010339,3,499.5929565429688,389.6783447265625,512.0,461.7115783691406,0.0029010826256126
tile_r019043_c010339,3,393.4400329589844,377.0051879882813,423.208984375,402.0441284179688,0.0026319869793951
tile_r019043_c010339,3,0.0,1.975338697433472,19.378969192504883,68.48238372802734,0.0026202469598501
tile_r019043_c010339,3,211.8590545654297,0.0,262.61865234375,5.689455509185791,0.0025332972873002
tile_r019043_c010339,3,507.5345153808594,403.80908203125,512.0,466.1564331054688,0.0025327214971184
tile_r019043_c010339,3,0.0,412.428955078125,41.19702911376953,473.3490295410156,0.0024589053355157
tile_r019043_c010339,3,0.0471559539437294,31.652475357055664,2.1102352142333984,82.95838165283203,0.0023144930601119
tile_r019043_c010339,3,106.6994171142578,507.4930725097656,147.34573364257812,511.88427734375,0.0022514958400279
tile_r019043_c010339,3,0.031103515997529,37.29092788696289,6.000602722167969,88.72537994384766,0.0022210301831364
tile_r019043_c010339,3,0.0181663520634174,315.81451416015625,6.154215335845947,353.770263671875,0.0021455870009958
tile_r019043_c010339,3,0.239166259765625,323.1883239746094,22.70237159729004,390.1032104492188,0.002127279760316
tile_r019043_c010339,3,0.0,309.0164794921875,6.360812664031982,347.23394775390625,0.0021120633464306
tile_r019043_c010339,3,272.3560791015625,0.3517166078090668,311.8309326171875,28.165225982666016,0.0020422807428985
tile_r019043_c010339,3,0.0306249614804983,67.43294525146484,4.542975425720215,106.022216796875,0.0020322941709309
tile_r019043_c010339,3,0.0353754051029682,43.95320892333984,3.0313220024108887,94.73220825195312,0.0020017286296933
tile_r019043_c010339,3,507.2603454589844,400.9414978027344,512.0,462.0873107910156,0.0019367279019206
tile_r019043_c010339,3,498.664306640625,159.20518493652344,511.9454650878906,213.655517578125,0.0018932762322947
tile_r019043_c010339,3,26.52260398864746,501.7449645996094,96.8106689453125,511.9080200195313,0.0018817398231476
tile_r019043_c010339,3,0.0,501.0081176757813,60.13225173950195,512.0,0.0018697262275964
tile_r019043_c010339,3,216.4289093017578,0.0088798524811863,264.44268798828125,4.799005508422852,0.0018167062662541
tile_r019043_c010339,3,0.3115081787109375,21.10884666442871,21.14366912841797,87.65113830566406,0.001814856659621
tile_r019043_c010339,3,0.0,303.5606384277344,6.66821813583374,341.38623046875,0.0017935365904122
tile_r019043_c010339,3,0.0887111648917198,490.7817993164063,10.259817123413086,511.8885192871094,0.0017903670668601
tile_r019043_c010339,3,0.0876083374023437,211.40579223632807,4.51179313659668,263.6163330078125,0.0017860925290733
tile_r019043_c010339,3,84.74491119384766,498.9030151367188,128.19680786132812,512.0,0.0017427987186238
tile_r019043_c010339,3,205.87814331054688,0.0162284858524799,260.2064514160156,6.44049596786499,0.0017239182488992
tile_r019043_c010339,3,504.7605895996094,413.5970153808594,512.0,473.70208740234375,0.0016259204130619
tile_r019043_c010339,3,505.94085693359375,162.31919860839844,512.0,209.2404022216797,0.0016222248086705
tile_r019043_c010339,3,408.9523315429688,81.22010803222656,456.1585998535156,122.70074462890624,0.0015892771771177
tile_r019043_c010339,3,500.39349365234375,175.367431640625,511.8504943847656,224.2800750732422,0.0015742711257189
tile_r019043_c010339,3,348.4090881347656,0.0,416.074462890625,10.437352180480955,0.0015742239775136
tile_r019043_c010339,3,120.75313568115234,507.5489807128906,156.42628479003906,511.9706115722656,0.0015706291887909
tile_r019043_c010339,3,500.60260009765625,418.8397521972656,511.8255004882813,485.9163208007813,0.001560341566801
tile_r019043_c010339,3,507.1163024902344,158.97267150878906,512.0,204.00814819335935,0.0015486129559576
tile_r019043_c010339,3,0.0,497.497314453125,45.49643707275391,512.0,0.001516172545962
tile_r019043_c010339,3,0.0,48.97837448120117,7.249636650085449,104.17448425292967,0.0015007798792794
tile_r019043_c010339,3,0.0267868041992187,72.52027893066406,4.3439717292785645,114.6430206298828,0.0014968272298574
tile_r019043_c010339,3,0.0991424545645713,15.986944198608398,21.842357635498047,78.2567138671875,0.0014788897242397
tile_r019043_c010339,3,452.89697265625,206.7745056152344,494.79046630859375,226.8911590576172,0.0014778719050809
tile_r019043_c010339,3,486.531982421875,106.2718276977539,512.0,162.35548400878906,0.0014760490739718
tile_r019043_c010339,3,0.2545700073242187,201.66482543945312,9.73081398010254,261.11065673828125,0.0014654832193627
tile_r019043_c010339,3,0.0579240806400775,36.74513244628906,2.198025941848755,89.21855926513672,0.0014626481570303
tile_r019043_c010339,3,14.517077445983888,501.8163146972656,81.20209503173828,512.0,0.0013607738073915
tile_r019043_c010339,3,0.002523612929508,297.89825439453125,7.006832122802734,335.57135009765625,0.0013486420502886
tile_r019043_c010339,3,348.7348022460937,0.0171424858272075,399.9020080566406,3.648781538009644,0.001312015694566
tile_r019043_c010339,3,219.2914123535156,0.0393281951546669,268.65362548828125,4.075980186462402,0.001283184508793
tile_r019043_c010339,3,192.8577880859375,0.0,262.9745483398437,12.085970878601074,0.001275380840525
tile_r019043_c010339,3,0.0927438735961914,208.0998077392578,3.097949504852295,258.17803955078125,0.0012667062692344
tile_r019043_c010339,3,0.0,504.4527282714844,25.547801971435547,512.0,0.0012557277223095
tile_r019043_c010339,3,499.48724365234375,366.79925537109375,512.0,438.4161071777344,0.0012395237572491
tile_r019043_c010339,3,0.1412933319807052,214.3252868652344,8.497420310974121,268.6937255859375,0.0012254302855581
tile_r019043_c010339,3,508.1051330566406,396.61181640625,512.0,457.1720581054688,0.0012235379545018
tile_r019043_c010339,3,491.7456970214844,132.182373046875,512.0,157.49227905273438,0.0012180720223113
tile_r019043_c010339,3,18.615392684936523,507.5003967285156,73.32242584228516,512.0,0.0011921188561245
tile_r019043_c010339,3,216.4006805419922,0.2644638121128082,274.14727783203125,10.266611099243164,0.001167731359601
tile_r019043_c010339,3,251.6858673095703,0.5937439203262329,330.2254943847656,49.41555404663086,0.0011386957485228
tile_r019043_c010339,3,387.8439025878906,73.88621520996094,483.0738830566406,172.1019287109375,0.0011273098643869
tile_r019043_c010339,3,0.0,398.4880981445313,56.9877815246582,497.49609375,0.0011201243614777
tile_r019043_c010339,3,0.0664884597063064,7.814013481140137,7.115811824798584,51.60331344604492,0.0011183838360011
tile_r019043_c010339,3,291.900634765625,254.0778350830078,324.786865234375,284.1886291503906,0.0011168832425028
tile_r019043_c010339,3,443.100341796875,0.0,474.344970703125,23.48086166381836,0.0011126296594738
tile_r019043_c010339,3,411.95263671875,83.93989562988281,457.0446166992188,118.77003479003906,0.0010983281536027
tile_r019043_c010339,3,0.0,0.0,34.27977752685547,27.2654972076416,0.0010848069796338
tile_r019043_c010339,3,429.4071350097656,1.1367614269256592,496.5084838867188,45.06881713867188,0.0010778454598039
tile_r019043_c010339,3,69.1614761352539,481.2767639160156,148.41590881347656,512.0,0.0010775062255561
tile_r019043_c010339,3,0.4906761050224304,27.82383346557617,11.891738891601562,87.71868896484375,0.0010773532558232
tile_r019043_c010339,3,0.3122406005859375,22.569869995117188,12.051234245300291,81.83442687988281,0.0010703008156269
tile_r019043_c010339,3,0.0078868865966796,348.9667358398437,4.405510902404785,396.8993835449219,0.0010701071005314
tile_r019043_c010339,3,40.906471252441406,499.80419921875,117.4513168334961,511.9143676757813,0.0010463278740644
tile_r019043_c010339,3,501.893310546875,477.9058227539063,512.0,512.0,0.0010429407702758
tile_r019043_c010339,3,130.17333984375,507.38421630859375,164.1652069091797,512.0,0.0010291296057403
tile_r019043_c010339,3,328.7735595703125,0.0,414.7649536132813,20.820720672607425,0.001023668795824
tile_r019043_c010339,3,13.101293563842772,507.87738037109375,66.03658294677734,512.0,0.0010119152721017
tile_r019043_c010339,3,0.0,0.0842910781502723,45.39948272705078,15.533103942871094,0.0010117688216269
tile_r019043_c010339,3,505.639404296875,22.233776092529297,511.97845458984375,57.76245880126953,0.0010109570575878
tile_r019043_c010339,3,0.0124862669035792,348.9828491210937,6.659256935119629,389.8631896972656,0.00100559880957
tile_r019043_c010595,3,188.30789184570312,204.10372924804688,246.47604370117188,261.83624267578125,0.7896226644515991
tile_r019043_c010595,3,8.484884262084961,0.0,58.65560150146485,33.58837127685547,0.7769021987915039
tile_r019043_c010595,3,141.7447509765625,79.71200561523438,220.44906616210935,163.99588012695312,0.7574561834335327
tile_r019043_c010595,3,231.79928588867188,128.16383361816406,272.44219970703125,161.32583618164062,0.756138026714325
tile_r019043_c010595,3,391.1535034179688,456.5374450683594,432.734130859375,495.062255859375,0.7499823570251465
tile_r019043_c010595,3,180.6075897216797,0.0300842281430959,222.6298065185547,28.071691513061523,0.6617777943611145
tile_r019043_c010595,3,32.42826461791992,96.2263641357422,73.6916275024414,136.75927734375,0.6294636130332947
tile_r019043_c010595,3,294.7469177246094,316.0252990722656,337.43634033203125,357.6093139648437,0.6074438095092773
tile_r019043_c010595,3,213.8583526611328,30.7502498626709,253.18600463867188,70.18583679199219,0.5858736634254456
tile_r019043_c010595,3,115.517578125,336.27587890625,177.60061645507812,386.2077026367188,0.5159623026847839
tile_r019043_c010595,3,115.4858856201172,413.1192932128906,176.30825805664062,467.7357482910156,0.5025678873062134
tile_r019043_c010595,3,265.13433837890625,411.93853759765625,325.42974853515625,468.1755981445313,0.3728171586990356
tile_r019043_c010595,3,117.30912017822266,415.04498291015625,175.8408203125,463.1275939941406,0.3464888632297516
tile_r019043_c010595,3,112.7978973388672,333.3496398925781,180.7928924560547,390.5783996582031,0.3027132153511047
tile_r019043_c010595,3,35.90632247924805,204.3506317138672,74.42376708984375,240.67465209960935,0.2722619473934173
tile_r019043_c010595,3,268.93878173828125,415.1976013183594,322.18023681640625,463.4319458007813,0.2113458812236786
tile_r019043_c010595,3,29.957651138305664,93.03978729248048,76.28215026855469,139.40087890625,0.1117051616311073
tile_r019043_c010595,3,378.1755065917969,383.3463439941406,413.0520935058594,418.2459411621094,0.105568490922451
tile_r019043_c010595,3,216.4504852294922,33.43253326416016,249.654541015625,63.47608184814453,0.0799567028880119
tile_r019043_c010595,3,212.5433654785156,28.717788696289062,256.3885803222656,73.03882598876953,0.0678710639476776
tile_r019043_c010595,3,143.2631378173828,78.78302001953125,216.75369262695312,157.5989227294922,0.0478973872959613
tile_r019043_c010595,3,293.6200256347656,314.47613525390625,339.0113220214844,358.7427978515625,0.0445717610418796
tile_r019043_c010595,3,185.27085876464844,0.0,217.52590942382807,24.12015151977539,0.0314416736364364
tile_r019043_c010595,3,388.318359375,453.3661193847656,436.0791931152344,497.9021911621094,0.0286232344806194
tile_r019043_c010595,3,482.3081665039063,0.0,512.0,6.766138553619385,0.0280960910022258
tile_r019043_c010595,3,266.2930603027344,413.44873046875,323.5500793457031,466.9498901367188,0.0257061328738927
tile_r019043_c010595,3,68.73542785644531,0.0782989487051963,128.46925354003906,11.63227367401123,0.0206006839871406
tile_r019043_c010595,3,67.84063720703125,0.0078166965395212,115.49471282958984,6.466400146484375,0.0197106078267097
tile_r019043_c010595,3,134.14389038085938,376.8755493164063,166.6144256591797,402.3209533691406,0.0189999993890523
tile_r019043_c010595,3,2.960026502609253,0.0,65.91641998291016,40.69883346557617,0.0182956159114837
tile_r019043_c010595,3,70.20854187011719,0.0,122.56014251708984,5.468306541442871,0.0168620981276035
tile_r019043_c010595,3,33.316009521484375,200.34002685546875,78.60469818115234,246.99142456054688,0.0166719257831573
tile_r019043_c010595,3,486.594970703125,0.0,512.0,13.59936809539795,0.0132792284712195
tile_r019043_c010595,3,216.25558471679688,32.4664306640625,250.3983612060547,60.79560470581055,0.011796006001532
tile_r019043_c010595,3,113.7321319580078,410.6129760742188,180.6496734619141,469.7581481933594,0.0112772332504391
tile_r019043_c010595,3,381.89752197265625,386.38323974609375,410.73638916015625,416.50048828125,0.0101568354293704
tile_r019043_c010595,3,75.47615051269531,0.0947143584489822,133.91009521484375,10.464521408081056,0.0094497101381421
tile_r019043_c010595,3,234.9969024658203,131.6453094482422,269.09588623046875,157.91506958007812,0.0091410605236887
tile_r019043_c010595,3,185.3050994873047,0.0,220.5593719482422,24.494888305664062,0.0090569164603948
tile_r019043_c010595,3,173.68846130371094,0.0,233.2689666748047,33.66240692138672,0.0074653271585702
tile_r019043_c010595,3,193.1239013671875,206.9116668701172,243.347412109375,256.7841186523437,0.0067810234613716
tile_r019043_c010595,3,71.75870513916016,0.0258663184940814,129.51365661621094,4.836733341217041,0.0067748958244919
tile_r019043_c010595,3,137.58004760742188,379.2998046875,164.5116424560547,402.1716003417969,0.0061810077168047
tile_r019043_c010595,3,380.8093872070313,385.6009216308594,411.2921447753906,415.234619140625,0.0061035067774355
tile_r019043_c010595,3,82.84364318847656,0.1116104125976562,144.00711059570312,10.010390281677246,0.005322883836925
tile_r019043_c010595,3,77.11783599853516,0.0074737546965479,135.04461669921875,4.28876543045044,0.0049897688440978
tile_r019043_c010595,3,410.9942321777344,505.9955139160156,462.0538635253906,512.0,0.0049141743220388
tile_r019043_c010595,3,489.43951416015625,0.0,512.0,6.127475738525391,0.004816707689315
tile_r019043_c010595,3,475.4431762695313,0.0150299072265625,512.0,13.346774101257324,0.0043167392723262
tile_r019043_c010595,3,414.2210388183594,501.7076721191406,469.5821228027344,512.0,0.0042914813384413
tile_r019043_c010595,3,333.88531494140625,506.1102600097656,384.8156433105469,512.0,0.0042400187812745
tile_r019043_c010595,3,341.1742248535156,506.01220703125,390.0066528320313,512.0,0.004073585383594
tile_r019043_c010595,3,62.30280303955078,0.0,111.91605377197266,6.9604997634887695,0.0039860126562416
tile_r019043_c010595,3,345.27618408203125,506.501708984375,398.103271484375,512.0,0.0035427105613052
tile_r019043_c010595,3,363.4519348144531,502.0830078125,420.3663635253906,511.8780212402344,0.00347440992482
tile_r019043_c010595,3,137.50979614257812,74.09134674072266,226.71240234375,169.8227081298828,0.0033263191580772
tile_r019043_c010595,3,381.6377868652344,386.8872680664063,410.5046997070313,414.8304138183594,0.0032967377919703
tile_r019043_c010595,3,414.8801879882813,506.9187622070313,467.803466796875,512.0,0.0031837576534599
tile_r019043_c010595,3,37.289306640625,204.7849273681641,73.08404541015625,238.5252685546875,0.0030411067418754
tile_r019043_c010595,3,281.8971252441406,501.92816162109375,355.6400451660156,512.0,0.0027769329026341
tile_r019043_c010595,3,336.9115600585937,501.2547912597656,399.82037353515625,512.0,0.00264129973948
tile_r019043_c010595,3,16.372386932373047,0.4112228453159332,55.7620964050293,28.432775497436523,0.0026072417385876
tile_r019043_c010595,3,137.61399841308594,377.1040344238281,166.98204040527344,402.0239868164063,0.0025192855391651
tile_r019043_c010595,3,403.9827575683594,505.32366943359375,457.58892822265625,512.0,0.0024832757189869
tile_r019043_c010595,3,350.2870483398437,506.8108825683594,405.61029052734375,512.0,0.0024251725990325
tile_r019043_c010595,3,85.3643569946289,0.0,138.19204711914062,3.720919370651245,0.0024054960813373
tile_r019043_c010595,3,351.1072692871094,501.605712890625,410.1063537597656,511.97064208984375,0.0022353683598339
tile_r019043_c010595,3,418.396484375,0.0959289520978927,461.86865234375,13.271047592163086,0.0021958765573799
tile_r019043_c010595,3,358.63250732421875,507.1000061035156,410.82135009765625,512.0,0.0021931596565991
tile_r019043_c010595,3,293.8246459960937,502.5951232910156,364.31549072265625,512.0,0.0021826738957315
tile_r019043_c010595,3,321.3637084960937,506.9271545410156,373.1851196289063,512.0,0.002147996565327
tile_r019043_c010595,3,229.1244201660156,123.11775207519533,278.6407775878906,167.84957885742188,0.0019596442580223
tile_r019043_c010595,3,400.9388732910156,500.3916015625,465.2604064941406,512.0,0.0019527623662725
tile_r019043_c010595,3,197.5,207.05908203125,238.2047882080078,226.7537384033203,0.0019382962491363
tile_r019043_c010595,3,327.69464111328125,506.5506286621094,379.8019409179688,512.0,0.0018908340716734
tile_r019043_c010595,3,298.6246032714844,507.9715881347656,352.4833374023437,512.0,0.0018475595861673
tile_r019043_c010595,3,153.44784545898438,81.84318542480469,199.67526245117188,122.14739990234376,0.001816458068788
tile_r019043_c010595,3,474.2110290527344,0.0,512.0,6.477471828460693,0.0017887734575197
tile_r019043_c010595,3,424.70123291015625,501.82818603515625,477.0582885742188,511.99127197265625,0.0017802886432036
tile_r019043_c010595,3,59.42572021484375,0.0476516708731651,125.98860931396484,13.791986465454102,0.0017707742517814
tile_r019043_c010595,3,310.83380126953125,507.4468688964844,365.82708740234375,512.0,0.0017430518055334
tile_r019043_c010595,3,288.32843017578125,507.6273498535156,339.5242614746094,512.0,0.0017145950114354
tile_r019043_c010595,3,320.5941467285156,501.3150024414063,390.9448852539063,512.0,0.001689966302365
tile_r019043_c010595,3,505.033447265625,45.04524993896485,512.0,87.96538543701172,0.0016239919932559
tile_r019043_c010595,3,293.630126953125,507.8855590820313,345.9234924316406,512.0,0.0015549059025943
tile_r019043_c010595,3,393.7670593261719,476.4388732910156,451.7830200195313,507.9439086914063,0.0015548592200502
tile_r019043_c010595,3,304.50213623046875,502.2249450683594,379.1265563964844,512.0,0.0014476830838248
tile_r019043_c010595,3,366.9176635742188,507.3321228027344,414.1866149902344,512.0,0.0014003362739458
tile_r019043_c010595,3,281.7711486816406,507.59423828125,333.866455078125,512.0,0.0013990112347528
tile_r019043_c010595,3,269.8022766113281,501.2853088378906,348.7691650390625,512.0,0.0013971665175631
tile_r019043_c010595,3,156.38314819335938,84.73924255371094,200.42127990722656,117.96470642089844,0.0013881180202588
tile_r019043_c010595,3,441.6210021972656,0.0,496.00885009765625,15.95359992980957,0.0013450569240376
tile_r019043_c010595,3,304.015869140625,507.611328125,358.34722900390625,512.0,0.0013336797710508
tile_r019043_c010595,3,92.33660888671876,0.0,159.93588256835938,10.200995445251465,0.0013270727358758
tile_r019043_c010595,3,498.6414489746094,37.99604415893555,512.0,94.17699432373048,0.0011660074815154
tile_r019043_c010595,3,506.0466918945313,52.48028564453125,512.0,91.2874755859375,0.0011656665010377
tile_r019043_c010595,3,456.4224243164063,0.0,512.0,16.225317001342773,0.0011538106482475
tile_r019043_c010595,3,134.26657104492188,75.0665512084961,225.17117309570312,171.60891723632812,0.0011314911535009
tile_r019043_c010595,3,500.361572265625,46.39689636230469,511.9095153808594,99.5961456298828,0.0010959221981465
tile_r019043_c010595,3,386.4338989257813,498.9539184570313,459.7371520996094,512.0,0.0010888184187933
tile_r019043_c010595,3,187.2626190185547,0.0057228086516261,218.1861572265625,23.54261589050293,0.0010331056546419
tile_r019043_c010595,3,93.17339324951172,0.021879767999053,143.3678741455078,3.463289737701416,0.0010300453286617
tile_r019043_c010595,3,498.0796813964844,23.92014503479004,512.0,87.81256103515625,0.0010267357574775
tile_r019043_c010595,3,416.8191833496094,506.9768981933594,475.23089599609375,511.9874877929688,0.0010182821424677
tile_r019043_c010595,3,432.7415466308594,501.4566345214844,484.58251953125,511.81005859375,0.0010054728481918
tile_r019043_c010851,3,406.5986633300781,83.76342010498047,464.8387756347656,137.4799346923828,0.8962608575820923
tile_r019043_c010851,3,400.0432434082031,202.4208221435547,447.8267211914063,247.5843048095703,0.8118214011192322
tile_r019043_c010851,3,325.0414428710937,253.3224639892578,363.8657836914063,295.62017822265625,0.7729654312133789
tile_r019043_c010851,3,135.44537353515625,457.0234375,176.15074157714844,494.654296875,0.7518106698989868
tile_r019043_c010851,3,38.97575759887695,316.3594665527344,80.89874267578125,357.1674194335937,0.6573997139930725
tile_r019043_c010851,3,294.866943359375,170.5966033935547,346.495849609375,217.5907745361328,0.5913650393486023
tile_r019043_c010851,3,0.0,133.26788330078125,16.18079376220703,161.14068603515625,0.3921572864055633
tile_r019043_c010851,3,9.52839469909668,412.1124572753906,69.18711853027344,467.9608459472656,0.3752298355102539
tile_r019043_c010851,3,479.3688354492188,429.0421752929688,511.443115234375,481.34661865234375,0.3277776837348938
tile_r019043_c010851,3,481.33489990234375,428.57525634765625,512.0,480.8773498535156,0.3190460205078125
tile_r019043_c010851,3,420.5048828125,0.0,468.248291015625,35.600074768066406,0.2388732135295868
tile_r019043_c010851,3,298.18902587890625,173.35235595703125,343.8454284667969,214.7254638671875,0.1993167847394943
tile_r019043_c010851,3,13.228326797485352,415.0904235839844,65.88969421386719,463.56256103515625,0.179113894701004
tile_r019043_c010851,3,0.0517057403922081,136.1652374267578,14.865078926086426,157.78530883789062,0.1606033593416214
tile_r019043_c010851,3,422.3284301757813,0.6768951416015625,465.8433227539063,33.662986755371094,0.0781787186861038
tile_r019043_c010851,3,483.78662109375,432.7974243164063,512.0,478.3318786621094,0.0764729604125022
tile_r019043_c010851,3,474.8841247558594,424.96337890625,511.4728393554688,485.2210998535156,0.0693261623382568
tile_r019043_c010851,3,10.350924491882324,413.38031005859375,67.39056396484375,466.8790893554688,0.0679015070199966
tile_r019043_c010851,3,122.2509536743164,383.49945068359375,156.94354248046875,418.12640380859375,0.0592856220901012
tile_r019043_c010851,3,0.0,127.03385925292967,19.783954620361328,166.10537719726562,0.0553023442625999
tile_r019043_c010851,3,0.0,138.21548461914062,10.82603645324707,158.71835327148438,0.0401792041957378
tile_r019043_c010851,3,37.98408889770508,314.8343505859375,82.442138671875,358.42559814453125,0.0242274310439825
tile_r019043_c010851,3,0.0,240.1342315673828,11.761728286743164,303.20001220703125,0.0223560724407434
tile_r019043_c010851,3,499.4921875,330.50457763671875,511.9694213867188,385.3717346191406,0.0214744694530963
tile_r019043_c010851,3,132.6105499267578,453.7887268066406,179.6970977783203,497.55963134765625,0.0212082080543041
tile_r019043_c010851,3,505.3775024414063,334.2295837402344,512.0,377.22857666015625,0.020613083615899
tile_r019043_c010851,3,0.0,251.761474609375,9.132413864135742,303.1922302246094,0.0188389644026756
tile_r019043_c010851,3,505.17132568359375,331.6190795898437,512.0,371.33343505859375,0.0180967561900615
tile_r019043_c010851,3,505.3030700683594,335.484619140625,512.0,382.8338928222656,0.016883011907339
tile_r019043_c010851,3,500.8648376464844,337.686279296875,511.9573364257813,387.2739868164063,0.0141607113182544
tile_r019043_c010851,3,0.0,263.991943359375,6.700089931488037,301.2634582519531,0.0106680607423186
tile_r019043_c010851,3,403.09521484375,205.201416015625,444.6956176757813,244.00503540039065,0.0101980986073613
tile_r019043_c010851,3,504.3753967285156,338.7367248535156,512.0,386.8303833007813,0.0092266723513603
tile_r019043_c010851,3,0.0745391845703125,254.3434295654297,3.208357334136963,296.67120361328125,0.0091611044481396
tile_r019043_c010851,3,125.99857330322266,386.5452270507813,154.5738983154297,416.4229431152344,0.0091180047020316
tile_r019043_c010851,3,0.1169225722551345,244.0664520263672,4.668623447418213,296.3262634277344,0.0084206666797399
tile_r019043_c010851,3,498.02093505859375,321.0868530273437,512.0,381.46868896484375,0.0068148961290717
tile_r019043_c010851,3,0.0,136.4962615966797,11.627346992492676,167.25338745117188,0.0066832713782787
tile_r019043_c010851,3,124.95182800292967,385.7542724609375,155.1346435546875,415.1341247558594,0.0061015165410935
tile_r019043_c010851,3,507.8194274902344,328.4530334472656,512.0,365.0144348144531,0.0058586718514561
tile_r019043_c010851,3,0.0,191.04739379882807,3.3447697162628174,228.7520751953125,0.0055085085332393
tile_r019043_c010851,3,225.5458221435547,0.0,277.34246826171875,4.677786827087402,0.0054157590493559
tile_r019043_c010851,3,507.8235778808594,490.14990234375,512.0,511.98291015625,0.0053469925187528
tile_r019043_c010851,3,0.0,223.1783142089844,12.123260498046877,298.13165283203125,0.0052477079443633
tile_r019043_c010851,3,0.0,135.30746459960938,15.170263290405272,157.52098083496094,0.0052460953593254
tile_r019043_c010851,3,314.07342529296875,0.0,361.2125854492188,5.092031955718994,0.0050141271203756
tile_r019043_c010851,3,0.0061378479003906,183.71664428710935,4.541497230529785,220.7528533935547,0.0049928589724004
tile_r019043_c010851,3,0.0,174.6776580810547,5.165289878845215,216.1588592529297,0.004877115599811
tile_r019043_c010851,3,0.0847585648298263,234.9712371826172,4.668337345123291,294.0970153808594,0.0047038407064974
tile_r019043_c010851,3,412.8147888183594,0.3109115660190582,472.8113708496094,41.37078857421875,0.0046580140478909
tile_r019043_c010851,3,155.4322967529297,506.27386474609375,205.5388641357422,512.0,0.0045502935536205
tile_r019043_c010851,3,0.0520559325814247,165.96585083007812,5.604924201965332,211.5584259033203,0.0042662387713789
tile_r019043_c010851,3,78.21723937988281,506.257080078125,128.61105346679688,512.0,0.0042600710876286
tile_r019043_c010851,3,309.3929138183594,0.1554550230503082,369.5939636230469,11.556556701660156,0.0042287432588636
tile_r019043_c010851,3,0.0268579479306936,162.43411254882812,4.2559661865234375,204.99874877929688,0.0042048743925988
tile_r019043_c010851,3,498.0813903808594,495.79144287109375,512.0,512.0,0.0041356608271598
tile_r019043_c010851,3,85.44365692138672,506.135986328125,133.8115234375,512.0,0.0040470487438142
tile_r019043_c010851,3,0.0125627517700195,258.7619323730469,1.9424244165420528,302.32147216796875,0.0040293629281222
tile_r019043_c010851,3,504.7245178222656,343.1300964355469,512.0,389.9764709472656,0.0038074341136962
tile_r019043_c010851,3,222.4535217285156,0.144673153758049,281.95721435546875,11.670902252197266,0.0037494029384106
tile_r019043_c010851,3,158.36090087890625,501.8766479492188,213.8169860839844,512.0,0.0036253575235605
tile_r019043_c010851,3,228.4735870361328,0.0,283.52276611328125,4.209451198577881,0.003523051738739
tile_r019043_c010851,3,89.59184265136719,506.6159057617188,141.80374145507812,512.0,0.0034767647739499
tile_r019043_c010851,3,107.34688568115234,502.17236328125,164.268310546875,511.8787231445313,0.0033226155210286
tile_r019043_c010851,3,221.0406951904297,0.0,272.0311889648437,5.521463394165039,0.0032603894360363
tile_r019043_c010851,3,230.8637237548828,0.1278259307146072,292.4596252441406,11.046134948730469,0.0031318154651671
tile_r019043_c010851,3,508.2430114746094,481.8299865722656,512.0,510.7481384277344,0.0030758711509406
tile_r019043_c010851,3,0.0,208.9205780029297,9.976452827453612,282.80975341796875,0.0029410405550152
tile_r019043_c010851,3,0.0,188.216552734375,8.399866104125977,235.2765655517578,0.0029304870404303
tile_r019043_c010851,3,0.0,179.5135955810547,10.118823051452637,224.9281768798828,0.0029216823168098
tile_r019043_c010851,3,26.56989479064941,502.01458740234375,98.75120544433594,512.0,0.0028522303327918
tile_r019043_c010851,3,306.4008178710937,0.0,358.2091064453125,5.631146430969238,0.0028440358582884
tile_r019043_c010851,3,159.31788635253906,507.1661682128906,211.31576538085935,512.0,0.0027790900785475
tile_r019043_c010851,3,125.83607482910156,386.969482421875,154.3939208984375,414.751708984375,0.0026155044324696
tile_r019043_c010851,3,239.8975067138672,0.1357605010271072,304.6088256835937,10.66913890838623,0.002536304295063
tile_r019043_c010851,3,0.0,107.3184051513672,25.958297729492188,171.1293182373047,0.002507374389097
tile_r019043_c010851,3,0.0780910477042198,231.4374542236328,4.882943630218506,288.0140075683594,0.0024806207511574
tile_r019043_c010851,3,81.05224609375,501.3433532714844,143.99217224121094,512.0,0.0024564820341765
tile_r019043_c010851,3,94.63153076171876,506.9334106445313,149.37570190429688,512.0,0.002378910081461
tile_r019043_c010851,3,148.3837890625,505.6343383789063,201.27757263183597,512.0,0.0023562842980027
tile_r019043_c010851,3,505.69537353515625,496.00872802734375,512.0,512.0,0.0022448741365224
tile_r019043_c010851,3,499.7481384277344,127.2736358642578,511.8758850097656,181.8433532714844,0.0022387048229575
tile_r019043_c010851,3,296.88946533203125,0.1028671264648437,364.8964538574219,12.18820095062256,0.0022320440039038
tile_r019043_c010851,3,230.4227600097656,0.0138113023713231,291.3232116699219,4.26527738571167,0.0022273657377809
tile_r019043_c010851,3,501.2827758789063,344.36749267578125,511.8571166992188,393.9548950195313,0.0022126790136098
tile_r019043_c010851,3,0.0,273.2989196777344,6.806958198547363,311.1297302246094,0.0022071115672588
tile_r019043_c010851,3,0.0384719856083393,263.81903076171875,3.816342830657959,310.4969482421875,0.0021984274499118
tile_r019043_c010851,3,95.40303802490234,501.73779296875,153.91104125976562,511.9808654785156,0.0021719497162848
tile_r019043_c010851,3,158.83050537109375,0.2032806426286697,207.0809326171875,13.264971733093262,0.0021407380700111
tile_r019043_c010851,3,38.084259033203125,502.7293395996094,107.55767822265624,512.0,0.0020821026992052
tile_r019043_c010851,3,318.44366455078125,0.1744628846645355,381.1404113769531,11.985480308532717,0.0020733450073748
tile_r019043_c010851,3,65.54271697998047,507.1160278320313,117.0068588256836,512.0,0.0020240894518792
tile_r019043_c010851,3,236.37771606445312,0.0423946380615234,298.1084899902344,4.698511123657227,0.0019927266985177
tile_r019043_c010851,3,102.83534240722656,507.2088012695313,154.64105224609375,512.0,0.001966857118532
tile_r019043_c010851,3,42.80059051513672,508.020751953125,95.99169921875,512.0,0.0019636864308267
tile_r019043_c010851,3,0.0,158.80435180664062,10.83315658569336,216.12307739257807,0.0019601543899625
tile_r019043_c010851,3,317.27069091796875,0.0152301788330078,368.5499877929688,4.128729343414307,0.0019590726587921
tile_r019043_c010851,3,32.485618591308594,507.5990295410156,83.38595581054688,512.0,0.0019381339661777
tile_r019043_c010851,3,426.3787536621094,0.383981317281723,466.38372802734375,30.11481285095215,0.0019148490391671
tile_r019043_c010851,3,0.0543909072875976,161.02227783203125,4.288234710693359,197.4830780029297,0.0018864664016291
tile_r019043_c010851,3,72.01066589355469,506.71630859375,123.54649353027344,512.0,0.0018730144947767
tile_r019043_c010851,3,144.67916870117188,500.64849853515625,209.21127319335935,512.0,0.0018385322764515
tile_r019043_c010851,3,487.4931640625,319.6575622558594,512.0,395.0973510742188,0.0018294722540304
tile_r019043_c010851,3,498.59228515625,193.45220947265625,512.0,223.2156219482422,0.0017775003798305
tile_r019043_c010851,3,37.76914978027344,507.8727416992188,89.5517349243164,512.0,0.0017282612388953
tile_r019043_c010851,3,0.0,196.90591430664065,8.641759872436523,259.77911376953125,0.0016883017960935
tile_r019043_c010851,3,328.88238525390625,256.6512756347656,360.966064453125,292.3059387207031,0.0016778111457824
tile_r019043_c010851,3,54.9829330444336,507.6121520996094,109.67926025390624,512.0,0.0016269665211439
tile_r019043_c010851,3,26.01913452148437,507.5704650878906,77.76054382324219,512.0,0.0015761333052068
tile_r019043_c010851,3,63.53702926635742,501.42718505859375,135.42807006835938,512.0,0.0014958909014239
tile_r019043_c010851,3,0.0656974762678146,274.8421936035156,4.635111808776856,316.93212890625,0.0014849860453978
tile_r019043_c010851,3,425.4078979492188,0.0,465.2799377441406,30.12396240234375,0.0013839093735441
tile_r019043_c010851,3,168.86532592773438,501.91064453125,222.2915954589844,512.0,0.0013749315403401
tile_r019043_c010851,3,0.30157470703125,242.0538330078125,22.181903839111328,305.157958984375,0.0013676336966454
tile_r019043_c010851,3,250.8548126220703,0.1294174194335937,320.61895751953125,10.44916820526123,0.0013462206115946
tile_r019043_c010851,3,48.229637145996094,507.7251586914063,101.95635223388672,512.0,0.0013390858657658
tile_r019043_c010851,3,0.0321163162589073,207.2494354248047,3.4194235801696777,260.3527526855469,0.0013171134050935
tile_r019043_c010851,3,48.38677978515625,502.36175537109375,123.12284088134766,512.0,0.0013129726285114
tile_r019043_c010851,3,110.9591827392578,507.4367065429688,158.0843963623047,512.0,0.001312312670052
tile_r019043_c010851,3,0.3758102357387543,249.79574584960935,22.15101432800293,310.3622131347656,0.0013089914573356
tile_r019043_c010851,3,282.33795166015625,0.0939590483903884,358.33209228515625,12.10637092590332,0.0012695421464741
tile_r019043_c010851,3,489.0584106445313,325.7474670410156,511.6598205566406,398.6087951660156,0.0012601783964782
tile_r019043_c010851,3,14.591845512390137,501.3971557617188,92.3323974609375,512.0,0.0012510754168033
tile_r019043_c010851,3,406.48773193359375,0.0,478.6917114257813,43.5379753112793,0.0011702552437782
tile_r019043_c010851,3,137.6394805908203,476.76165771484375,195.92559814453125,507.76220703125,0.0011516436934471
tile_r019043_c010851,3,0.0771289840340614,226.34671020507807,5.564530372619629,281.4137268066406,0.001126718823798
tile_r019043_c010851,3,0.0520708076655864,195.68963623046875,5.443387985229492,239.31765747070312,0.0011208049254491
tile_r019043_c010851,3,504.6575622558594,346.1324462890625,512.0,396.7523498535156,0.0010895930463448
tile_r019043_c010851,3,210.89602661132807,0.1036315932869911,276.4432983398437,12.68216323852539,0.0010639521060511
tile_r019043_c010851,3,0.0462690368294715,202.3523406982422,4.14798641204834,252.8564453125,0.0010571460006758
tile_r019043_c010851,3,130.39112854003906,499.21337890625,203.426025390625,512.0,0.0010554634500294
tile_r019043_c010851,3,184.2262420654297,0.0381973274052143,238.2688446044922,14.200528144836426,0.0010454984148964
tile_r019043_c010851,3,0.06233387067914,136.06732177734375,6.620124816894531,162.3301544189453,0.001042676041834
tile_r019043_c010851,3,498.4595336914063,306.91522216796875,512.0,373.5418395996094,0.0010328232310712
tile_r019043_c010851,3,0.0064468383789062,0.0,24.82943725585937,62.81362915039063,0.0010295591782778
tile_r019043_c010851,3,0.0551666244864463,199.52566528320312,5.245194911956787,246.505859375,0.001006937585771
tile_r019043_c011107,3,150.5137939453125,83.63946533203125,209.0973663330078,137.65467834472656,0.8963990211486816
tile_r019043_c011107,3,248.774169921875,325.5340881347656,318.6579284667969,385.9937133789063,0.8445922136306763
tile_r019043_c011107,3,143.75009155273438,202.1152801513672,192.1902008056641,247.9763641357422,0.8221890330314636
tile_r019043_c011107,3,69.4745864868164,253.7344512939453,107.7593231201172,295.2003173828125,0.7636305689811707
tile_r019043_c011107,3,372.910888671875,435.92034912109375,434.770751953125,490.3707885742188,0.7248290777206421
tile_r019043_c011107,3,222.735107421875,427.066162109375,276.8024597167969,480.3343200683594,0.7090319395065308
tile_r019043_c011107,3,492.6315307617188,121.4411849975586,511.8919982910156,154.6611785888672,0.5804905295372009
tile_r019043_c011107,3,39.62838745117188,170.91915893554688,90.29579162597656,217.08352661132807,0.5268136262893677
tile_r019043_c011107,3,324.1593933105469,291.6251525878906,374.0226440429688,338.7523803710937,0.4415072500705719
tile_r019043_c011107,3,326.3993225097656,293.86920166015625,371.8617248535156,335.74530029296875,0.432117760181427
tile_r019043_c011107,3,42.65508270263672,173.5552520751953,87.75665283203125,214.46438598632807,0.2363927364349365
tile_r019043_c011107,3,494.6834106445313,124.80731201171876,512.0,151.12522888183594,0.1670713424682617
tile_r019043_c011107,3,469.9532775878906,165.84912109375,498.23382568359375,190.8334045410156,0.1416686624288559
tile_r019043_c011107,3,497.175537109375,121.9409408569336,511.9673767089844,150.68309020996094,0.121122620999813
tile_r019043_c011107,3,163.2528839111328,0.0,212.6056671142578,35.999977111816406,0.0809568017721176
tile_r019043_c011107,3,165.45437622070312,0.8886062502861023,209.8790740966797,34.34281921386719,0.0745179131627082
tile_r019043_c011107,3,224.24594116210935,429.1001892089844,274.6416320800781,479.1624145507813,0.0627407804131507
tile_r019043_c011107,3,369.9868774414063,431.767822265625,437.05908203125,494.6538696289063,0.0460305623710155
tile_r019043_c011107,3,468.0301208496094,164.01573181152344,499.1268005371094,192.38104248046875,0.0166758578270673
tile_r019043_c011107,3,285.7378845214844,502.05853271484375,342.67108154296875,512.0,0.0150128230452537
tile_r019043_c011107,3,289.45037841796875,506.970947265625,338.2030639648437,512.0,0.0103114247322082
tile_r019043_c011107,3,274.6137084960937,500.5955505371094,340.9453125,512.0,0.0102922348305583
tile_r019043_c011107,3,282.9256896972656,506.1121215820313,332.4200134277344,512.0,0.0099628260359168
tile_r019043_c011107,3,508.731201171875,247.7132110595703,512.0,286.1374206542969,0.0090258009731769
tile_r019043_c011107,3,505.5919494628906,250.1444091796875,512.0,294.5619812011719,0.0088633336126804
tile_r019043_c011107,3,155.59982299804688,0.5185867547988892,216.5233612060547,42.06488037109375,0.0075246589258313
tile_r019043_c011107,3,508.0892028808594,260.07647705078125,512.0,305.85943603515625,0.0072593819350004
tile_r019043_c011107,3,509.2528381347656,237.7030792236328,512.0,278.5489807128906,0.0071840374730527
tile_r019043_c011107,3,276.89239501953125,505.5235900878906,327.8387756347656,512.0,0.0062248311005532
tile_r019043_c011107,3,505.9627990722656,265.25958251953125,512.0,311.20611572265625,0.0060376557521522
tile_r019043_c011107,3,146.96286010742188,204.99343872070312,189.02926635742188,244.3292694091797,0.006016491446644
tile_r019043_c011107,3,505.886474609375,252.7411651611328,512.0,301.2489318847656,0.0054070590995252
tile_r019043_c011107,3,263.0160522460937,499.348388671875,335.53326416015625,512.0,0.0050255516543984
tile_r019043_c011107,3,271.1938171386719,505.5034790039063,322.0713806152344,512.0,0.004818701185286
tile_r019043_c011107,3,292.2662658691406,507.5691528320313,344.9247741699219,511.96478271484375,0.0046495166607201
tile_r019043_c011107,3,265.6249694824219,505.36077880859375,314.6471862792969,512.0,0.0045132213272154
tile_r019043_c011107,3,221.209228515625,426.40478515625,277.88543701171875,482.40435791015625,0.0045041511766612
tile_r019043_c011107,3,258.893798828125,505.5774536132813,308.0335693359375,512.0,0.0043745706789195
tile_r019043_c011107,3,295.34686279296875,502.647705078125,347.436767578125,511.9986267089844,0.0039980234578251
tile_r019043_c011107,3,490.6989135742188,111.7309112548828,512.0,156.9187469482422,0.0039749024435877
tile_r019043_c011107,3,491.1875915527344,0.0,512.0,19.686059951782227,0.0039415727369487
tile_r019043_c011107,3,57.505149841308594,0.0,105.1952133178711,4.940055847167969,0.0036902243737131
tile_r019043_c011107,3,52.15347290039063,0.1556564271450042,113.9359359741211,11.383955955505373,0.0033165558706969
tile_r019043_c011107,3,505.8629760742188,266.9015197753906,512.0,317.0321350097656,0.0031983274966478
tile_r019043_c011107,3,471.3232421875,164.8852996826172,499.74603271484375,190.19760131835935,0.0031277553644031
tile_r019043_c011107,3,508.4942932128906,34.914756774902344,512.0,77.67051696777344,0.003108805976808
tile_r019043_c011107,3,508.5562438964844,39.59944534301758,512.0,82.27890014648438,0.0030350058805197
tile_r019043_c011107,3,501.0559692382813,252.5967559814453,511.9132690429688,312.3994140625,0.0027073747478425
tile_r019043_c011107,3,487.0397033691406,112.11592864990234,512.0,161.46078491210938,0.002560896333307
tile_r019043_c011107,3,266.9152526855469,490.45550537109375,350.0003356933594,511.92034912109375,0.0025000753812491
tile_r019043_c011107,3,506.4290161132813,271.2547302246094,512.0,321.9926147460937,0.0024897321127355
tile_r019043_c011107,3,73.08734893798828,256.8916931152344,104.9477996826172,292.0832824707031,0.0023381083738058
tile_r019043_c011107,3,438.9830932617188,0.10906982421875,493.3738708496094,10.864120483398438,0.0023248696234077
tile_r019043_c011107,3,0.0,0.0350345596671104,30.8346004486084,5.383681774139404,0.0021812194027006
tile_r019043_c011107,3,501.607421875,261.82672119140625,511.863037109375,319.2039489746094,0.0020644452888518
tile_r019043_c011107,3,49.50373077392578,0.0,102.0750503540039,5.378172874450684,0.0019894407596439
tile_r019043_c011107,3,508.9378356933594,224.4906768798828,512.0,272.4086303710937,0.0018298737704753
tile_r019043_c011107,3,38.99788284301758,0.0976974517107009,108.5924301147461,11.900989532470703,0.0018181717023253
tile_r019043_c011107,3,253.0351104736328,506.1198120117188,301.8719482421875,512.0,0.0017760965274646
tile_r019043_c011107,3,61.738014221191406,0.1833526641130447,125.6003875732422,11.76424503326416,0.0017494137864559
tile_r019043_c011107,3,353.61785888671875,507.4718627929688,406.57806396484375,512.0,0.001692758523859
tile_r019043_c011107,3,255.1643524169922,487.3658142089844,342.2049255371094,511.74462890625,0.0016773279057815
tile_r019043_c011107,3,507.1016540527344,41.10435104370117,512.0,86.12564849853516,0.0016181090613827
tile_r019043_c011107,3,61.110145568847656,0.0108953472226858,112.6893539428711,4.048833847045898,0.0015833668876439
tile_r019043_c011107,3,504.6404418945313,277.087890625,512.0,327.491455078125,0.0015193534782156
tile_r019043_c011107,3,249.36575317382807,498.9159240722656,325.7560119628906,512.0,0.0014734755968675
tile_r019043_c011107,3,168.27734375,0.0,210.00210571289065,30.746524810791016,0.0013736031251028
tile_r019043_c011107,3,358.6802978515625,506.9992065429688,410.8235473632813,512.0,0.0013700709678232
tile_r019043_c011107,3,501.6329040527344,271.5683288574219,511.77392578125,325.2714538574219,0.0013271922944113
tile_r019043_c011107,3,244.7230224609375,0.3443633913993835,301.73638916015625,18.227054595947266,0.0013236205559223
tile_r019043_c011107,3,0.0,0.0,35.568931579589844,16.674875259399414,0.001282041077502
tile_r019043_c011107,3,482.05462646484375,0.0,511.8316955566406,6.708609104156494,0.0012803345452994
tile_r019043_c011107,3,506.165771484375,46.49306869506836,512.0,98.8177719116211,0.001259361859411
tile_r019043_c011107,3,277.4906616210937,491.7866821289063,351.02801513671875,512.0,0.0012484863400459
tile_r019043_c011107,3,507.6046752929688,58.61753082275391,512.0,103.34730529785156,0.001239750534296
tile_r019043_c011107,3,169.90365600585938,0.37689208984375,211.46414184570312,29.98974609375,0.0012314721243456
tile_r019043_c011107,3,0.0,1.83106541633606,19.395160675048828,42.39434814453125,0.001222011516802
tile_r019043_c011107,3,427.9454040527344,0.0958312973380088,485.6118774414063,11.547195434570312,0.0012103082844987
tile_r019043_c011107,3,392.13287353515625,505.7985229492188,440.0217895507813,512.0,0.0011870187008753
tile_r019043_c011107,3,474.3333129882813,0.0,512.0,13.825678825378418,0.0011744261719286
tile_r019043_c011107,3,295.6625061035156,508.5338745117188,350.7730712890625,511.93499755859375,0.0011711479164659
tile_r019043_c011107,3,494.0154418945313,124.44500732421876,512.0,150.55758666992188,0.0011663351906463
tile_r019043_c011107,3,470.4778747558594,166.95584106445312,496.6943359375,190.10275268554688,0.0010874930303543
tile_r019043_c011107,3,364.27392578125,501.6819458007813,418.60052490234375,512.0,0.0010835924185812
tile_r019043_c011107,3,500.985595703125,238.0537109375,512.0,305.7661437988281,0.0010431638220325
tile_r019043_c011107,3,0.0,0.134124755859375,46.15427017211914,13.373753547668455,0.0010116555495187
tile_r019043_c011107,3,24.3341064453125,0.0661941543221473,101.13327026367188,11.723069190979004,0.0010103788226842
tile_r019043_c011363,3,291.3915710449219,252.6782684326172,348.35272216796875,306.8486633300781,0.8897347450256348
tile_r019043_c011363,3,0.0,323.6291809082031,63.1070442199707,387.6849670410156,0.755644679069519
tile_r019043_c011363,3,116.5132827758789,435.2525024414063,179.43765258789062,490.64886474609375,0.7282856702804565
tile_r019043_c011363,3,338.32147216796875,401.8614196777344,395.996337890625,458.9091796875,0.7183220982551575
tile_r019043_c011363,3,391.18310546875,232.7955017089844,451.634765625,287.74481201171875,0.7135652899742126
tile_r019043_c011363,3,374.6656799316406,117.35455322265624,411.81396484375,154.44627380371094,0.680367112159729
tile_r019043_c011363,3,485.7972106933594,348.0511169433594,512.0,397.6255493164063,0.6386404037475586
tile_r019043_c011363,3,0.0,421.2971801757813,27.61080551147461,486.6640625,0.5469335913658142
tile_r019043_c011363,3,232.8350524902344,121.91544342041016,276.20867919921875,161.76255798339844,0.5332755446434021
tile_r019043_c011363,3,271.110107421875,44.78369140625,315.3744506835937,86.55621337890625,0.5012898445129395
tile_r019043_c011363,3,67.50125885009766,290.9231262207031,118.75634765625,339.20367431640625,0.4794899821281433
tile_r019043_c011363,3,69.91923522949219,293.3598022460937,116.4290008544922,336.2474670410156,0.3929742276668548
tile_r019043_c011363,3,273.2281188964844,47.4238395690918,312.7592468261719,84.23736572265625,0.3357684314250946
tile_r019043_c011363,3,0.0,425.726318359375,22.32073402404785,480.6219177246094,0.3027263283729553
tile_r019043_c011363,3,235.42269897460935,124.5537109375,273.94549560546875,159.48025512695312,0.1186943054199218
tile_r019043_c011363,3,392.7220153808594,235.3639678955078,449.27484130859375,286.54791259765625,0.0928365811705589
tile_r019043_c011363,3,480.939453125,342.0725402832031,511.9323120117188,403.9288940429688,0.088831715285778
tile_r019043_c011363,3,113.72224426269533,431.1100463867188,181.74630737304688,494.783447265625,0.0634079873561859
tile_r019043_c011363,3,213.4593811035156,165.08062744140625,243.23605346679688,191.63819885253903,0.0528385266661644
tile_r019043_c011363,3,492.7432556152344,353.26641845703125,512.0,392.5902099609375,0.0396299175918102
tile_r019043_c011363,3,336.964599609375,399.5232543945313,397.9087524414063,460.5174255371094,0.0333284437656402
tile_r019043_c011363,3,28.599639892578125,501.6853637695313,85.89454650878906,512.0,0.0292960219085216
tile_r019043_c011363,3,18.32455062866211,500.16644287109375,84.54792785644531,512.0,0.0274510532617568
tile_r019043_c011363,3,0.0,407.4428405761719,36.645545959472656,504.1573791503906,0.0259979926049709
tile_r019043_c011363,3,334.0009460449219,396.8556823730469,399.5606384277344,463.96044921875,0.0194807834923267
tile_r019043_c011363,3,500.702880859375,479.1897583007813,511.9178771972656,511.78619384765625,0.018500167876482
tile_r019043_c011363,3,210.8046875,162.96295166015625,244.5893096923828,193.45394897460935,0.0166540648788213
tile_r019043_c011363,3,24.690235137939453,505.5377502441406,77.58305358886719,512.0,0.0130676366388797
tile_r019043_c011363,3,31.24912643432617,506.5387573242188,83.66227722167969,512.0,0.0127586415037512
tile_r019043_c011363,3,505.918212890625,488.0435180664063,511.96490478515625,512.0,0.0117279756814241
tile_r019043_c011363,3,7.904818534851074,498.794189453125,80.1511001586914,512.0,0.0114031536504626
tile_r019043_c011363,3,0.0,412.33599853515625,33.863975524902344,490.5729064941406,0.0103517603129148
tile_r019043_c011363,3,378.3511657714844,119.66130065917967,409.0595397949219,150.53504943847656,0.009878241457045
tile_r019043_c011363,3,18.523239135742188,504.7244262695313,72.80364227294922,512.0,0.0097976149991154
tile_r019043_c011363,3,7.757894992828369,504.2537231445313,59.9576301574707,512.0,0.0088637946173548
tile_r019043_c011363,3,496.7771606445313,492.4885864257813,511.96630859375,512.0,0.0085154566913843
tile_r019043_c011363,3,13.03179931640625,504.4989318847656,67.42594909667969,512.0,0.0076236953027546
tile_r019043_c011363,3,38.26923370361328,502.2477111816406,89.9580307006836,511.9788208007813,0.0075105843134224
tile_r019043_c011363,3,0.0,434.87255859375,10.576814651489258,477.111328125,0.0074517684988677
tile_r019043_c011363,3,396.98138427734375,237.9717712402344,447.92230224609375,281.7348937988281,0.0073711685836315
tile_r019043_c011363,3,1.699557542800903,504.4553833007813,52.87373733520508,512.0,0.0064504770562052
tile_r019043_c011363,3,34.321414947509766,507.208251953125,90.03932189941406,511.9620971679688,0.0063322484493255
tile_r019043_c011363,3,10.975946426391602,490.3374938964844,92.25225830078124,511.9573669433594,0.0060947625897824
tile_r019043_c011363,3,0.0,492.2405395507813,7.864349365234375,511.97845458984375,0.0053866980597376
tile_r019043_c011363,3,0.0,434.01373291015625,16.88352394104004,479.6695251464844,0.0053030368871986
tile_r019043_c011363,3,0.0,440.13677978515625,7.402610778808594,478.7867126464844,0.0050864685326814
tile_r019043_c011363,3,500.1731567382813,457.4068908691406,512.0,512.0,0.0047992076724767
tile_r019043_c011363,3,502.03802490234375,495.42333984375,511.9286193847656,512.0,0.0046919812448322
tile_r019043_c011363,3,505.5661010742188,476.4539184570313,512.0,512.0,0.00468913000077
tile_r019043_c011363,3,0.0837087631225586,329.718505859375,8.40203857421875,358.4475402832031,0.0045335073955357
tile_r019043_c011363,3,0.2519592344760895,497.7371215820313,70.72103118896484,512.0,0.003785747103393
tile_r019043_c011363,3,413.4255981445313,500.9083557128906,476.1988830566406,512.0,0.0037711437325924
tile_r019043_c011363,3,403.35394287109375,499.6953125,469.353759765625,512.0,0.0037261738907545
tile_r019043_c011363,3,0.396990954875946,485.3655395507813,84.89054870605469,512.0,0.0035472516901791
tile_r019043_c011363,3,279.96600341796875,0.0002786636468954,326.50494384765625,5.0408124923706055,0.0035273532848805
tile_r019043_c011363,3,478.71087646484375,500.480712890625,512.0,512.0,0.0035000324714928
tile_r019043_c011363,3,21.032394409179688,491.5673828125,92.31877136230467,511.93896484375,0.0034453261177986
tile_r019043_c011363,3,407.4440307617188,505.4864807128906,456.4874572753906,512.0,0.0033812338951975
tile_r019043_c011363,3,491.8200073242188,356.0960693359375,512.0,394.2675476074219,0.0033744594547897
tile_r019043_c011363,3,0.0,418.5098571777344,31.058460235595703,496.1209411621094,0.0033258590847253
tile_r019043_c011363,3,324.9100952148437,501.2030334472656,380.1011352539063,511.991455078125,0.0032963082194328
tile_r019043_c011363,3,323.1902770996094,506.18939208984375,372.0713195800781,512.0,0.0031228794250637
tile_r019043_c011363,3,432.99798583984375,500.8924255371094,498.5984497070313,511.8963317871094,0.003110300283879
tile_r019043_c011363,3,0.178569033741951,440.1870727539063,19.602638244628903,487.335205078125,0.00307597219944
tile_r019043_c011363,3,328.5619506835937,506.7062377929688,375.4192810058594,512.0,0.0029419634956866
tile_r019043_c011363,3,422.24615478515625,501.189208984375,486.324462890625,511.93743896484375,0.0029377858154475
tile_r019043_c011363,3,476.752685546875,497.0200805664063,512.0,511.8974609375,0.0025573032908141
tile_r019043_c011363,3,0.0,413.67578125,41.13998794555664,507.1336059570313,0.0025340998545289
tile_r019043_c011363,3,498.0150451660156,350.6494140625,511.9664611816406,388.9396362304688,0.002471903571859
tile_r019043_c011363,3,485.1150512695313,479.7755432128906,512.0,512.0,0.0024243572261184
tile_r019043_c011363,3,468.1149291992188,506.5673828125,512.0,511.9895629882813,0.00239645736292
tile_r019043_c011363,3,97.14706420898438,507.2874145507813,151.0564422607422,512.0,0.002277213614434
tile_r019043_c011363,3,360.1015319824219,0.1431198120117187,424.0498046875,11.206270217895508,0.0022275575902312
tile_r019043_c011363,3,180.8439178466797,0.121662899851799,238.9007873535156,10.786829948425291,0.0021937526762485
tile_r019043_c011363,3,331.8982849121094,507.2261352539063,380.33306884765625,511.99652099609375,0.002152327215299
tile_r019043_c011363,3,275.23394775390625,0.1844863891601562,330.2659606933594,11.364947319030762,0.0021114472765475
tile_r019043_c011363,3,411.4921875,506.2799377441406,463.1212768554688,512.0,0.0020342282950878
tile_r019043_c011363,3,476.0673828125,329.41461181640625,512.0,427.7192993164063,0.0019970471039414
tile_r019043_c011363,3,275.205078125,0.0,321.3651123046875,5.441272735595703,0.0019557098858058
tile_r019043_c011363,3,369.9149475097656,0.1577819883823394,431.33294677734375,10.54977035522461,0.0019120287615805
tile_r019043_c011363,3,102.28132629394533,506.8331909179688,155.291259765625,512.0,0.0018472227966412
tile_r019043_c011363,3,0.0225215908139944,330.5529479980469,6.627352714538574,363.9114990234375,0.001837708055973
tile_r019043_c011363,3,213.3219757080078,164.80999755859375,244.3667449951172,190.46316528320312,0.0018097328720614
tile_r019043_c011363,3,336.02801513671875,501.2139587402344,389.6502380371094,511.8618774414063,0.0017854934558272
tile_r019043_c011363,3,362.3112182617188,506.245849609375,404.3518676757813,512.0,0.0017599100247025
tile_r019043_c011363,3,432.934814453125,506.62689208984375,490.09710693359375,512.0,0.0017181326402351
tile_r019043_c011363,3,285.3120422363281,0.0268386844545602,331.2978515625,4.674225807189941,0.0017074714414775
tile_r019043_c011363,3,483.62884521484375,353.4418029785156,510.9776306152344,403.04974365234375,0.0016906356904655
tile_r019043_c011363,3,38.16382598876953,508.244873046875,95.467529296875,511.9404296875,0.0016858797753229
tile_r019043_c011363,3,347.4407653808594,500.4547729492188,405.9322814941406,511.825439453125,0.0016622941475361
tile_r019043_c011363,3,283.3501892089844,0.1721374541521072,340.8884582519531,10.752488136291504,0.0016514543676748
tile_r019043_c011363,3,445.78466796875,506.8111877441406,499.757080078125,512.0,0.0016101511428132
tile_r019043_c011363,3,0.0703491196036338,458.6568908691406,39.59020233154297,508.079345703125,0.0015947304200381
tile_r019043_c011363,3,135.1891632080078,505.7646484375,184.98683166503903,512.0,0.0015753891784697
tile_r019043_c011363,3,449.3828125,500.2460021972656,510.0241088867188,511.9176635742188,0.0015666858525946
tile_r019043_c011363,3,0.0,427.8677673339844,13.875554084777832,477.3657836914063,0.0015631112037226
tile_r019043_c011363,3,170.1350555419922,0.0888183563947677,231.0432586669922,11.422107696533203,0.0015139717143028
tile_r019043_c011363,3,354.2342529296875,505.9609375,399.7244262695313,512.0,0.0014933682978153
tile_r019043_c011363,3,0.0,443.471923828125,5.390417098999023,484.3123168945313,0.0014921927358955
tile_r019043_c011363,3,368.431884765625,108.531005859375,420.2859802246094,162.843017578125,0.0014824287500232
tile_r019043_c011363,3,336.7621765136719,507.19830322265625,386.7141723632813,511.9849548339844,0.0014703653287142
tile_r019043_c011363,3,500.15283203125,275.5703125,511.9586791992188,339.6055603027344,0.001454705488868
tile_r019043_c011363,3,368.82720947265625,507.284423828125,410.617431640625,511.9620666503906,0.0014494127826765
tile_r019043_c011363,3,43.266998291015625,501.2013549804688,101.4117431640625,511.7151489257813,0.0014432390453293
tile_r019043_c011363,3,108.40199279785156,501.6604919433594,162.9313507080078,512.0,0.0014420170336961
tile_r019043_c011363,3,362.5377807617188,500.7083129882813,423.1538696289063,511.8364868164063,0.0014176298864185
tile_r019043_c011363,3,0.0,491.4435424804688,52.313926696777344,512.0,0.0014132410287857
tile_r019043_c011363,3,437.5086975097656,506.5405883789063,495.158447265625,512.0,0.0014082654379308
tile_r019043_c011363,3,454.3089294433594,506.76312255859375,505.2472229003906,512.0,0.0013780889566987
tile_r019043_c011363,3,500.5755310058594,286.3495788574219,511.8740234375,347.3009338378906,0.0013531335862353
tile_r019043_c011363,3,0.0,424.0543823242188,18.63907241821289,467.1514587402344,0.0013128920691087
tile_r019043_c011363,3,0.0498300567269325,481.9358825683594,6.691666603088379,511.50091552734375,0.0012964673805981
tile_r019043_c011363,3,0.0,504.6591796875,47.42271041870117,512.0,0.0012646610848605
tile_r019043_c011363,3,28.416698455810547,491.4866333007813,92.57636260986328,511.2658081054688,0.0012569418177008
tile_r019043_c011363,3,427.1119079589844,506.6114807128906,482.993408203125,512.0,0.0012242660159245
tile_r019043_c011363,3,90.94004821777344,507.498291015625,145.70657348632812,512.0,0.0012077417923137
tile_r019043_c011363,3,401.45904541015625,505.4825744628906,450.2583618164063,512.0,0.0011973093496635
tile_r019043_c011363,3,126.53990173339844,500.5047912597656,184.12796020507807,511.8958435058594,0.0011643088655546
tile_r019043_c011363,3,0.0,400.1477966308594,38.45905303955078,480.7770385742188,0.0011611605295911
tile_r019043_c011363,3,108.0304946899414,506.3019409179688,160.01119995117188,512.0,0.0011598985875025
tile_r019043_c011363,3,178.6975555419922,0.0158611293882131,228.35964965820312,4.572663307189941,0.0011593562085181
tile_r019043_c011363,3,376.8938293457031,0.1425521820783615,449.0367126464844,10.172619819641112,0.0011242405744269
tile_r019043_c011363,3,485.9676818847656,452.065673828125,512.0,512.0,0.0011101368581876
tile_r019043_c011363,3,127.47038269042967,506.23046875,181.7597503662109,512.0,0.0011096812086179
tile_r019043_c011363,3,0.0007343292236328,474.2150268554688,5.648142814636231,508.843994140625,0.001097711501643
tile_r019043_c011363,3,461.0293884277344,506.5484008789063,509.9212341308594,511.9955139160156,0.0010893625440075
tile_r019043_c011363,3,142.666748046875,505.7433471679688,188.2721710205078,512.0,0.001080778427422
tile_r019043_c011363,3,311.3313903808594,499.82958984375,376.85491943359375,511.9827575683594,0.0010342031018808
tile_r019043_c011363,3,315.96453857421875,505.515625,368.250244140625,512.0,0.0010008761892095
tile_r019043_c011619,3,33.377044677734375,250.7062225341797,94.29914093017578,309.6462707519531,0.8954119682312012
tile_r019043_c011619,3,410.67864990234375,103.42347717285156,453.33197021484375,143.04299926757812,0.8745102882385254
tile_r019043_c011619,3,134.3360137939453,231.8834686279297,196.2375946044922,288.6904602050781,0.771121621131897
tile_r019043_c011619,3,118.27005767822266,116.9582977294922,156.03807067871094,154.8685760498047,0.680493950843811
tile_r019043_c011619,3,228.25338745117188,346.58367919921875,282.1997375488281,396.1028747558594,0.6575870513916016
tile_r019043_c011619,3,426.00885009765625,156.57009887695312,496.4170837402344,222.23757934570312,0.6380732655525208
tile_r019043_c011619,3,13.39239501953125,43.58038711547852,60.88396453857422,87.70213317871094,0.6270263195037842
tile_r019043_c011619,3,81.12110137939453,400.8482360839844,140.984375,460.1233520507813,0.5665218234062195
tile_r019043_c011619,3,0.0,115.3901824951172,23.472240447998047,166.0800018310547,0.5551578402519226
tile_r019043_c011619,3,474.0782775878906,0.0740127563476562,512.0,20.64317512512207,0.4337539076805115
tile_r019043_c011619,3,259.8700561523437,496.61614990234375,315.65386962890625,512.0,0.2258704304695129
tile_r019043_c011619,3,16.38295555114746,46.228271484375,57.80607223510742,85.20852661132812,0.2171833366155624
tile_r019043_c011619,3,250.7113494873047,493.88763427734375,319.3673400878906,512.0,0.1917762011289596
tile_r019043_c011619,3,386.76708984375,46.10820388793945,419.63580322265625,77.04559326171875,0.1822144091129303
tile_r019043_c011619,3,79.67503356933594,398.4207458496094,142.94198608398438,461.7032775878906,0.1425207704305648
tile_r019043_c011619,3,481.4015502929688,0.0698349028825759,512.0,16.7674503326416,0.1299770027399063
tile_r019043_c011619,3,463.4772033691406,0.0,512.0,29.12676048278809,0.1270015686750412
tile_r019043_c011619,3,387.690673828125,47.7501220703125,416.6719665527344,74.7593002319336,0.0839948505163192
tile_r019043_c011619,3,257.2210693359375,500.1077270507813,308.7232971191406,512.0,0.0803758800029754
tile_r019043_c011619,3,232.8536376953125,350.46417236328125,279.0819702148437,392.6056518554688,0.0758894383907318
tile_r019043_c011619,3,243.4027557373047,487.7161254882813,326.4246520996094,511.779541015625,0.0728400647640228
tile_r019043_c011619,3,270.4351806640625,497.5472106933594,315.10601806640625,511.97900390625,0.0611626505851745
tile_r019043_c011619,3,262.17071533203125,501.2074279785156,311.1136169433594,511.9756774902344,0.0564545392990112
tile_r019043_c011619,3,482.92822265625,0.0063827512785792,512.0,12.94441032409668,0.0547712743282318
tile_r019043_c011619,3,0.0,119.8740234375,18.4726676940918,162.33001708984375,0.0422499924898147
tile_r019043_c011619,3,254.1317596435547,490.9183044433594,320.9866027832031,511.8926696777344,0.0392200835049152
tile_r019043_c011619,3,0.0,107.96212005615234,27.713924407958984,174.23477172851562,0.0384648442268371
tile_r019043_c011619,3,0.0,97.73387908935548,32.86625671386719,191.6000518798828,0.0272320341318845
tile_r019043_c011619,3,135.94081115722656,234.420654296875,193.9751739501953,287.5331115722656,0.0233138147741556
tile_r019043_c011619,3,388.7966613769531,48.76640319824219,416.7422790527344,74.35768127441406,0.020002007484436
tile_r019043_c011619,3,76.43695068359375,395.45257568359375,144.59548950195312,465.385498046875,0.0172402560710906
tile_r019043_c011619,3,435.904296875,163.0200958251953,493.7240295410156,216.8369903564453,0.0129409655928611
tile_r019043_c011619,3,122.13330078125,119.44221496582033,153.27029418945312,150.84840393066406,0.0113857723772525
tile_r019043_c011619,3,230.72268676757807,477.0794067382813,328.3505249023437,511.90826416015625,0.0083599677309393
tile_r019043_c011619,3,140.52810668945312,237.07553100585935,192.5680694580078,282.5149230957031,0.0079775312915444
tile_r019043_c011619,3,251.10665893554688,500.2073364257813,302.05255126953125,511.9361267089844,0.006576141808182
tile_r019043_c011619,3,265.00994873046875,503.597900390625,313.6095886230469,511.9093322753906,0.006073850672692
tile_r019043_c011619,3,414.0958862304688,147.3980255126953,501.0465698242188,231.39700317382807,0.0060149258933961
tile_r019043_c011619,3,238.45144653320312,491.7046508789063,316.5687255859375,512.0,0.0055524883791804
tile_r019043_c011619,3,500.5103454589844,111.48500061035156,511.9169006347656,171.15585327148438,0.0051014707423746
tile_r019043_c011619,3,156.98727416992188,500.7662048339844,220.4897918701172,512.0,0.0046492610126733
tile_r019043_c011619,3,146.74110412597656,499.5462036132813,213.9419708251953,512.0,0.0043548853136599
tile_r019043_c011619,3,22.65380859375,0.006349372677505,72.50682067871094,5.254638195037842,0.0041836304590106
tile_r019043_c011619,3,166.00228881835938,501.1927185058594,228.9560089111328,511.9228515625,0.0038794628344476
tile_r019043_c011619,3,68.3724136352539,500.91748046875,125.15830993652344,511.98046875,0.0038315735291689
tile_r019043_c011619,3,506.5267639160156,114.27579498291016,512.0,159.37155151367188,0.0036384491249918
tile_r019043_c011619,3,501.6360473632813,121.08731842041016,511.7801818847656,176.67971801757812,0.0033833570778369
tile_r019043_c011619,3,504.7342834472656,11.574450492858888,512.0,45.94807052612305,0.0032600921113044
tile_r019043_c011619,3,150.5762176513672,505.37994384765625,201.0939178466797,512.0,0.003231406211853
tile_r019043_c011619,3,224.5766143798828,490.553955078125,309.9280700683594,512.0,0.0030746825505048
tile_r019043_c011619,3,369.7215881347656,10.882925033569336,398.9739379882813,39.56320571899414,0.002953365445137
tile_r019043_c011619,3,66.10289001464844,505.950927734375,117.10968017578124,512.0,0.0029458922799676
tile_r019043_c011619,3,71.52262878417969,506.4441833496094,120.5824203491211,512.0,0.0029159453697502
tile_r019043_c011619,3,103.78560638427734,0.1397659331560135,169.0982666015625,11.427396774291992,0.002886060392484
tile_r019043_c011619,3,273.71112060546875,496.4593811035156,324.4460754394531,511.8010864257813,0.0028724952135235
tile_r019043_c011619,3,174.66978454589844,501.1848754882813,250.2992706298828,511.849365234375,0.0028166947886347
tile_r019043_c011619,3,17.169031143188477,0.2095672637224197,75.77947998046875,11.265764236450195,0.0027234409935772
tile_r019043_c011619,3,0.0,109.7148666381836,16.4188175201416,152.62979125976562,0.0026770539116114
tile_r019043_c011619,3,25.80823135375977,0.193156436085701,85.91725158691406,10.81313419342041,0.0026490879245102
tile_r019043_c011619,3,458.5057067871094,0.0,511.7178649902344,47.77533721923828,0.0026045611593872
tile_r019043_c011619,3,501.275634765625,2.2658982276916504,511.97314453125,39.62424850463867,0.0025912222918123
tile_r019043_c011619,3,113.7943878173828,0.1579269468784332,175.99658203125,10.75788116455078,0.0025793823879212
tile_r019043_c011619,3,505.5481567382813,114.68302917480467,512.0,165.36524963378906,0.0025268748868256
tile_r019043_c011619,3,0.0,116.5001983642578,19.62027359008789,156.6637725830078,0.0024788938462734
tile_r019043_c011619,3,74.83470916748047,506.92669677734375,125.60798645019533,512.0,0.0023150865454226
tile_r019043_c011619,3,17.742252349853516,0.0,67.68528747558594,5.63509464263916,0.0022313527297228
tile_r019043_c011619,3,79.41426086425781,500.923583984375,135.1255645751953,511.8659057617188,0.0021882453002035
tile_r019043_c011619,3,365.8252258300781,4.996575832366943,401.6930236816406,41.0711669921875,0.0021281514782458
tile_r019043_c011619,3,27.81840133666992,0.0286331176757812,77.18917846679688,4.890341758728027,0.0020967456512153
tile_r019043_c011619,3,230.88552856445312,503.6309509277344,282.1031799316406,512.0,0.0020611353684216
tile_r019043_c011619,3,469.5318298339844,0.038242720067501,512.0,13.914448738098145,0.0020548764150589
tile_r019043_c011619,3,154.8518524169922,506.1497497558594,207.75393676757807,512.0,0.0020373992156237
tile_r019043_c011619,3,90.92814636230467,500.1934509277344,151.2152099609375,511.8351135253906,0.0020279767923057
tile_r019043_c011619,3,273.43267822265625,495.6565856933594,342.12664794921875,511.947998046875,0.0019490357954055
tile_r019043_c011619,3,0.0209587104618549,122.5237274169922,15.123306274414062,158.44473266601562,0.0018436216050758
tile_r019043_c011619,3,507.6514587402344,110.6119155883789,512.0,154.72470092773438,0.0018136071739718
tile_r019043_c011619,3,176.73699951171875,506.5651245117188,233.8101348876953,512.0,0.0018118780571967
tile_r019043_c011619,3,238.5214385986328,502.2962951660156,287.9371643066406,511.980712890625,0.0017516369698569
tile_r019043_c011619,3,0.0,92.74517822265624,35.87202072143555,169.16949462890625,0.0017500285757705
tile_r019043_c011619,3,121.19837951660156,0.131936639547348,193.10910034179688,10.441094398498535,0.0017387939151376
tile_r019043_c011619,3,106.04133605957033,500.5120544433594,167.7667999267578,511.84417724609375,0.0017344234511256
tile_r019043_c011619,3,104.9413604736328,506.0982360839844,149.91758728027344,512.0,0.0016796274576336
tile_r019043_c011619,3,458.7600708007813,0.0095508573576807,511.9611206054688,11.519649505615234,0.0016436574514955
tile_r019043_c011619,3,79.7195053100586,506.91217041015625,132.0194549560547,511.9903869628906,0.0015795774525031
tile_r019043_c011619,3,183.99465942382807,499.395263671875,277.0138244628906,511.9369201660156,0.0015728201251477
tile_r019043_c011619,3,111.93218994140624,108.1050033569336,164.4326934814453,163.3932342529297,0.001563656842336
tile_r019043_c011619,3,34.85645294189453,0.1397628784179687,102.5987548828125,10.79795265197754,0.001533574075438
tile_r019043_c011619,3,0.0658309906721115,124.98201751708984,10.18654441833496,159.52230834960938,0.0015292189782485
tile_r019043_c011619,3,504.6238403320313,115.9526596069336,512.0,172.02291870117188,0.0015042050508782
tile_r019043_c011619,3,223.7349548339844,504.8094787597656,278.1848449707031,512.0,0.001455147517845
tile_r019043_c011619,3,181.51353454589844,506.5587463378906,238.626953125,512.0,0.0014137856196612
tile_r019043_c011619,3,505.11138916015625,15.56663990020752,512.0,51.05720901489258,0.0014136368408799
tile_r019043_c011619,3,266.63006591796875,506.2312622070313,321.07330322265625,511.9029846191406,0.0013952385634183
tile_r019043_c011619,3,111.5258331298828,507.0848083496094,155.89048767089844,511.9783630371094,0.001391242723912
tile_r019043_c011619,3,500.2598571777344,98.41341400146484,512.0,164.8638916015625,0.0013738815905526
tile_r019043_c011619,3,0.0,104.49600982666016,32.561431884765625,195.8544006347656,0.0013735847314819
tile_r019043_c011619,3,54.74137496948242,499.5065307617188,121.6232452392578,511.9757385253906,0.0013586190761998
tile_r019043_c011619,3,96.70890808105467,505.80377197265625,145.4916229248047,512.0,0.0013561189407482
tile_r019043_c011619,3,170.67977905273438,506.4803771972656,227.0640106201172,512.0,0.0012930816737934
tile_r019043_c011619,3,507.8033142089844,187.1521759033203,512.0,237.3305206298828,0.0012496409472078
tile_r019043_c011619,3,189.5986328125,506.93011474609375,243.3567352294922,512.0,0.0012440616264939
tile_r019043_c011619,3,207.40451049804688,493.6756286621094,296.25567626953125,512.0,0.0012351867044344
tile_r019043_c011619,3,144.4246063232422,505.4087829589844,194.92282104492188,512.0,0.0012171227717772
tile_r019043_c011619,3,0.2478088438510894,1.6104094982147217,24.342084884643555,37.41938018798828,0.0012144453357905
tile_r019043_c011619,3,508.73828125,181.67361450195312,512.0,232.1882781982422,0.0012118639424443
tile_r019043_c011619,3,271.2425537109375,136.4562225341797,298.76641845703125,163.56640625,0.0011818429920822
tile_r019043_c011619,3,63.4818229675293,0.1475265473127365,127.6553955078125,10.61589241027832,0.0011609834618866
tile_r019043_c011619,3,125.1628189086914,0.0071773529052734,182.0964813232422,4.088532447814941,0.0011139309499412
tile_r019043_c011619,3,476.992431640625,4.877288818359375,512.0,41.2879524230957,0.0010930070420727
tile_r019043_c011619,3,445.0929260253906,0.0,512.0,37.81919479370117,0.0010842733317986
tile_r019043_c011619,3,508.24951171875,103.4980010986328,512.0,149.525634765625,0.0010650550248101
tile_r019043_c011619,3,486.7177734375,0.0,511.9439086914063,8.835484504699707,0.0010579549707472
tile_r019043_c011619,3,496.5633239746094,11.516863822937012,512.0,64.66838073730469,0.0010494776070117
tile_r019043_c011619,3,130.63717651367188,0.0901535004377365,206.195556640625,10.0062894821167,0.0010187993757426
tile_r019043_c011619,3,88.67440795898438,0.0969787612557411,164.8660430908203,11.501913070678713,0.0010095714824274
tile_r019299_c010083,3,331.8233337402344,38.098140716552734,380.4660034179688,85.9665298461914,0.8730526566505432
tile_r019299_c010083,3,136.1110382080078,226.7392120361328,194.2865295410156,281.2427062988281,0.8708387017250061
tile_r019299_c010083,3,276.44830322265625,432.1417541503906,330.4889221191406,480.78167724609375,0.8466514945030212
tile_r019299_c010083,3,176.09109497070312,55.6927375793457,235.8966064453125,110.1807098388672,0.8250693678855896
tile_r019299_c010083,3,67.0546646118164,72.13787078857422,138.5825958251953,131.351318359375,0.7422441840171814
tile_r019299_c010083,3,268.0873107910156,319.69659423828125,314.64324951171875,365.91119384765625,0.7277916669845581
tile_r019299_c010083,3,251.8748016357422,403.2875671386719,303.91876220703125,452.6534729003906,0.7038670182228088
tile_r019299_c010083,3,386.9132385253906,200.49034118652344,423.5077209472656,235.20877075195312,0.672357439994812
tile_r019299_c010083,3,427.0309143066406,308.94488525390625,470.7461853027344,348.318603515625,0.5807210803031921
tile_r019299_c010083,3,236.3432159423828,155.27755737304688,299.1142578125,218.3458251953125,0.5268011093139648
tile_r019299_c010083,3,353.1498107910156,241.5388946533203,389.9989013671875,274.0433044433594,0.4723594486713409
tile_r019299_c010083,3,250.0536651611328,486.9773559570313,303.3515014648437,511.87646484375,0.4520063996315002
tile_r019299_c010083,3,219.59011840820312,287.3688659667969,272.68658447265625,342.54498291015625,0.442024677991867
tile_r019299_c010083,3,237.0132751464844,156.65687561035156,298.0700988769531,217.0751495361328,0.3927839994430542
tile_r019299_c010083,3,187.79202270507807,0.1926589906215667,237.2473907470703,14.0406494140625,0.298817366361618
tile_r019299_c010083,3,365.39501953125,494.6172790527344,421.95947265625,512.0,0.2942517697811126
tile_r019299_c010083,3,253.76370239257807,490.677490234375,290.5955505371094,512.0,0.1573342233896255
tile_r019299_c010083,3,189.61080932617188,0.0317243561148643,234.0064239501953,8.452648162841797,0.1540089100599289
tile_r019299_c010083,3,351.9974365234375,240.9188690185547,390.7585144042969,275.7553405761719,0.1371297985315323
tile_r019299_c010083,3,192.7209014892578,0.0287422183901071,233.976806640625,7.04103946685791,0.1344887167215347
tile_r019299_c010083,3,181.439453125,0.1849395781755447,244.8484344482422,16.7924747467041,0.1263239234685897
tile_r019299_c010083,3,359.60552978515625,489.8974609375,428.560791015625,511.8445739746094,0.1207023710012435
tile_r019299_c010083,3,429.1407165527344,310.7833251953125,468.2616271972656,345.50115966796875,0.095911681652069
tile_r019299_c010083,3,363.0573120117188,498.0989685058594,409.7762756347656,512.0,0.0825860351324081
tile_r019299_c010083,3,374.2515258789063,496.0418395996094,421.141357421875,512.0,0.0614808462560176
tile_r019299_c010083,3,57.81866455078125,0.0761734023690223,108.0558624267578,14.171745300292969,0.0599750131368637
tile_r019299_c010083,3,110.53123474121094,0.1055099517107009,171.8118896484375,14.695650100708008,0.0555712319910526
tile_r019299_c010083,3,223.5604248046875,291.0394897460937,269.48883056640625,338.1851806640625,0.053122267127037
tile_r019299_c010083,3,175.20518493652344,53.68839263916016,237.9449462890625,111.96321105957033,0.050321951508522
tile_r019299_c010083,3,355.9839782714844,492.7515563964844,424.19927978515625,511.96966552734375,0.0467937402427196
tile_r019299_c010083,3,348.44830322265625,485.79779052734375,434.3370971679688,511.5989685058594,0.0464723743498325
tile_r019299_c010083,3,350.320068359375,239.43521118164065,392.412353515625,277.6019897460937,0.0451306067407131
tile_r019299_c010083,3,253.8374938964844,489.245361328125,300.6048889160156,512.0,0.0451002307236194
tile_r019299_c010083,3,183.51954650878903,0.0135581968352198,233.0474090576172,9.81227970123291,0.0392799191176891
tile_r019299_c010083,3,368.28216552734375,499.037109375,412.51611328125,512.0,0.0390487760305404
tile_r019299_c010083,3,120.54753112792967,0.0535049438476562,167.5634765625,13.091198921203612,0.0348504558205604
tile_r019299_c010083,3,57.951171875,0.0152919767424464,107.20577239990234,9.158167839050291,0.0315842926502227
tile_r019299_c010083,3,252.3861846923828,0.0,300.8768920898437,5.877357006072998,0.0305104088038206
tile_r019299_c010083,3,194.32638549804688,0.0,238.6519012451172,5.378117561340332,0.0291331317275762
tile_r019299_c010083,3,251.1882781982422,0.1207809448242187,303.7487487792969,12.281621932983398,0.0250157844275236
tile_r019299_c010083,3,255.85470581054688,0.0192581173032522,302.78668212890625,5.033439636230469,0.0238293148577213
tile_r019299_c010083,3,62.987449645996094,0.0014303207863122,105.9628677368164,6.995213985443115,0.0222076214849948
tile_r019299_c010083,3,124.86509704589844,0.0,165.4369659423828,8.2736234664917,0.020363625138998
tile_r019299_c010083,3,389.8125915527344,203.91163635253903,420.830810546875,232.36862182617188,0.0164589472115039
tile_r019299_c010083,3,0.4328140318393707,500.3916015625,48.65249633789063,512.0,0.0162222273647785
tile_r019299_c010083,3,270.9381408691406,428.34759521484375,331.94384765625,481.8058166503906,0.0156146856024861
tile_r019299_c010083,3,117.79597473144533,0.0,165.76828002929688,9.544595718383787,0.0153782237321138
tile_r019299_c010083,3,241.0357666015625,479.3641052246094,313.91046142578125,511.8269653320313,0.014695587567985
tile_r019299_c010083,3,259.3343811035156,0.0148250581696629,306.0370483398437,3.8619868755340576,0.0135894669219851
tile_r019299_c010083,3,96.16212463378906,0.0,156.13015747070312,6.032044887542725,0.0102025996893644
tile_r019299_c010083,3,259.62939453125,0.0897979736328125,305.78912353515625,10.741497039794922,0.0097736530005931
tile_r019299_c010083,3,130.0035400390625,0.0268630981445312,170.4432830810547,11.69338035583496,0.007872954942286
tile_r019299_c010083,3,382.4994201660156,496.5140686035156,426.6317443847656,511.80950927734375,0.0074606612324714
tile_r019299_c010083,3,246.96859741210935,0.0052547454833984,298.0487976074219,6.58367919921875,0.0072040730156004
tile_r019299_c010083,3,267.4706420898437,503.1643676757813,321.43927001953125,512.0,0.0071738590486347
tile_r019299_c010083,3,99.8853530883789,0.0,164.9128875732422,7.1390533447265625,0.0067472769878804
tile_r019299_c010083,3,263.2933959960937,494.9166564941406,328.27984619140625,511.772705078125,0.0060602184385061
tile_r019299_c010083,3,52.50676345825195,0.0,107.3776626586914,9.790682792663574,0.0060504348948597
tile_r019299_c010083,3,126.6600341796875,0.0,168.45614624023438,5.811856746673584,0.0059714755043387
tile_r019299_c010083,3,262.3041381835937,493.5960388183594,316.98358154296875,511.8733825683594,0.0056113959290087
tile_r019299_c010083,3,46.195404052734375,0.1568038910627365,115.4265365600586,16.356042861938477,0.0055395681411027
tile_r019299_c010083,3,387.270751953125,506.4497680664063,437.734619140625,511.9817810058594,0.0052482080645859
tile_r019299_c010083,3,499.6484375,433.6553649902344,511.9222717285156,489.7177734375,0.0052389535121619
tile_r019299_c010083,3,262.7900085449219,484.3698120117188,326.22564697265625,511.12005615234375,0.0051045212894678
tile_r019299_c010083,3,369.7452087402344,504.4580078125,427.1092224121094,511.9869079589844,0.0050478563643991
tile_r019299_c010083,3,67.6988754272461,0.045025635510683,108.4448013305664,12.388382911682127,0.0049245571717619
tile_r019299_c010083,3,276.08563232421875,504.22076416015625,324.44891357421875,512.0,0.0048257927410304
tile_r019299_c010083,3,369.040283203125,501.3829650878906,418.9780883789063,511.9859924316406,0.0047524273395538
tile_r019299_c010083,3,6.2467193603515625,501.2739868164063,52.40089797973633,511.9910583496094,0.0045049786567687
tile_r019299_c010083,3,373.7282409667969,505.9208984375,433.8192443847656,511.96435546875,0.0043850233778357
tile_r019299_c010083,3,0.0,505.8611450195313,44.40792083740234,512.0,0.0039697801694273
tile_r019299_c010083,3,87.15959167480469,79.60831451416016,140.59837341308594,125.194091796875,0.0038373165298253
tile_r019299_c010083,3,264.01373291015625,0.0755844116210937,310.98590087890625,3.2563648223876958,0.0034835401456803
tile_r019299_c010083,3,398.5290222167969,506.7085876464844,443.22210693359375,511.9942321777344,0.0032643959857523
tile_r019299_c010083,3,500.2444763183594,442.8937377929688,511.85784912109375,498.4694213867188,0.0032510124146938
tile_r019299_c010083,3,340.5443420410156,492.1585083007813,421.4035034179688,512.0,0.0032405608799308
tile_r019299_c010083,3,266.3464660644531,0.1298065185546875,316.8468322753906,10.61154842376709,0.0031989780254662
tile_r019299_c010083,3,195.91970825195312,0.0473892204463481,237.29736328125,12.312170028686523,0.0030621471814811
tile_r019299_c010083,3,252.5419464111328,503.8685607910156,315.98211669921875,511.9794006347656,0.0030166625510901
tile_r019299_c010083,3,96.17864990234376,0.1008941680192947,175.68661499023438,15.561543464660645,0.0030005204025655
tile_r019299_c010083,3,268.46075439453125,418.4367065429688,336.2980041503906,485.1368103027344,0.0029565670993179
tile_r019299_c010083,3,199.8354949951172,0.0864601135253906,244.56301879882807,4.209976196289063,0.0029155211523175
tile_r019299_c010083,3,494.2018127441406,0.0,512.0,22.525161743164062,0.0027682445943355
tile_r019299_c010083,3,3.7305541038513184,505.7898864746094,56.43033599853516,511.9903869628906,0.0026900966186076
tile_r019299_c010083,3,0.0332839973270893,213.9740447998047,10.919974327087402,277.5865783691406,0.0026891794987022
tile_r019299_c010083,3,89.65180206298828,0.0,145.962646484375,5.417727470397949,0.0026798257604241
tile_r019299_c010083,3,0.0,229.5157012939453,9.256861686706545,279.8656616210937,0.0026124885771423
tile_r019299_c010083,3,282.2177429199219,505.5052185058594,327.7963256835937,512.0,0.00260980729945
tile_r019299_c010083,3,0.0,505.4689331054688,50.24141693115234,512.0,0.0025126368273049
tile_r019299_c010083,3,178.4352264404297,57.26841354370117,234.4893341064453,107.570068359375,0.0024770363233983
tile_r019299_c010083,3,106.1610870361328,0.0,167.3841094970703,8.83156681060791,0.0024648518301546
tile_r019299_c010083,3,63.1890754699707,0.0264068599790334,112.8424301147461,4.695062160491943,0.0023921167012304
tile_r019299_c010083,3,261.4022827148437,487.1821899414063,315.116455078125,511.0743713378906,0.0023790674749761
tile_r019299_c010083,3,0.0,505.2127075195313,37.94755935668945,512.0,0.0023480800446122
tile_r019299_c010083,3,380.87060546875,495.8745727539063,441.3182067871094,511.8494262695313,0.002332114148885
tile_r019299_c010083,3,63.98625946044922,66.88752746582031,143.49081420898438,135.3561553955078,0.0022798283025622
tile_r019299_c010083,3,247.04702758789065,397.21478271484375,308.3010559082031,460.1892700195313,0.0022269652690738
tile_r019299_c010083,3,354.6891174316406,498.8098754882813,405.3290710449219,511.9992065429688,0.0021776698995381
tile_r019299_c010083,3,504.4942932128906,438.0538940429688,512.0,485.154541015625,0.0021370314061641
tile_r019299_c010083,3,287.31402587890625,505.9548950195313,335.2950439453125,512.0,0.0021120763849467
tile_r019299_c010083,3,0.0,497.1216735839844,45.25917053222656,512.0,0.0021029266063123
tile_r019299_c010083,3,0.0263391491025686,230.61572265625,5.000072479248047,274.9150695800781,0.0021011233329772
tile_r019299_c010083,3,508.27685546875,347.6114807128906,512.0,398.07562255859375,0.0020978203974664
tile_r019299_c010083,3,0.0551513656973838,203.81546020507807,11.734183311462402,267.04718017578125,0.0020398274064064
tile_r019299_c010083,3,250.9223175048828,501.385986328125,310.5725402832031,512.0,0.0019215635256841
tile_r019299_c010083,3,239.2535095214844,0.0280364993959665,308.5123596191406,13.76753044128418,0.0017436906928196
tile_r019299_c010083,3,0.0168622974306345,224.29769897460935,5.568800926208496,271.1596374511719,0.0017401509685441
tile_r019299_c010083,3,505.6760864257813,434.6597595214844,512.0,482.71435546875,0.0016433679265901
tile_r019299_c010083,3,0.0,479.570556640625,42.70989608764648,512.0,0.0016195417847484
tile_r019299_c010083,3,9.125005722045898,506.8684997558594,64.03316497802734,511.989501953125,0.0015958445146679
tile_r019299_c010083,3,13.306378364562988,500.5123901367188,65.03318786621094,511.8442993164063,0.0015949102817103
tile_r019299_c010083,3,270.63018798828125,495.92034912109375,370.8132934570313,511.9305114746094,0.0015620191115885
tile_r019299_c010083,3,442.2972717285156,500.3279724121094,487.5534057617188,511.8840942382813,0.001548750908114
tile_r019299_c010083,3,508.5617065429688,339.0697631835937,512.0,393.080810546875,0.0015282211825251
tile_r019299_c010083,3,495.2548828125,279.1763916015625,511.9705200195313,336.5871887207031,0.0015218954067677
tile_r019299_c010083,3,128.56875610351562,0.0142862321808934,175.71542358398438,3.264775514602661,0.001492878422141
tile_r019299_c010083,3,0.0181470867246389,218.3165283203125,5.402728080749512,265.4027709960937,0.0014838522765785
tile_r019299_c010083,3,0.0078161237761378,203.66323852539065,6.466466426849365,237.604736328125,0.0014693016419187
tile_r019299_c010083,3,506.6231994628906,352.11102294921875,512.0,403.8933410644531,0.0014392815064638
tile_r019299_c010083,3,441.3621520996094,504.84381103515625,479.9969177246094,512.0,0.0014362329384312
tile_r019299_c010083,3,0.0313911437988281,235.06851196289065,3.394554615020752,280.2832946777344,0.0014292465057224
tile_r019299_c010083,3,501.4330139160156,439.8414001464844,512.0,490.201904296875,0.001416741986759
tile_r019299_c010083,3,303.4278564453125,506.7432556152344,352.6091003417969,512.0,0.0013981508091092
tile_r019299_c010083,3,250.3142852783203,400.54052734375,306.49139404296875,454.50335693359375,0.001397714135237
tile_r019299_c010083,3,506.6675720214844,430.7718811035156,512.0,477.6741333007813,0.001389703946188
tile_r019299_c010083,3,501.5676879882813,473.2902221679688,511.96337890625,512.0,0.0013797619612887
tile_r019299_c010083,3,404.5739135742188,507.02294921875,450.96197509765625,512.0,0.001345649594441
tile_r019299_c010083,3,0.0,209.57260131835935,4.939717769622803,243.1802520751953,0.0013334963005036
tile_r019299_c010083,3,500.6022033691406,352.6962280273437,511.87103271484375,417.5601501464844,0.0013162636896595
tile_r019299_c010083,3,324.8897399902344,493.26904296875,410.53607177734375,512.0,0.0012426137691363
tile_r019299_c010083,3,500.3936462402344,365.1076965332031,511.8765258789063,427.85443115234375,0.001189712784253
tile_r019299_c010083,3,284.2950744628906,428.6906127929688,363.1119995117188,475.7660217285156,0.0011724025243893
tile_r019299_c010083,3,294.55828857421875,506.2874145507813,345.49493408203125,512.0,0.001165589899756
tile_r019299_c010083,3,202.7350616455078,0.1156036406755447,246.6509552001953,13.2604398727417,0.0011232702527195
tile_r019299_c010083,3,0.0,503.628662109375,31.80000686645508,512.0,0.0011154626263305
tile_r019299_c010083,3,69.65312194824219,0.0550598129630088,155.25827026367188,14.504966735839844,0.0010434068972244
tile_r019299_c010083,3,284.8211364746094,437.373046875,325.7929077148437,475.9281311035156,0.001042321906425
tile_r019299_c010083,3,0.0,497.91607666015625,26.65610694885254,511.6975708007813,0.0010371948592364
tile_r019299_c010083,3,369.5286560058594,491.429443359375,425.8179321289063,511.6014709472656,0.0010294404346495
tile_r019299_c010083,3,506.8055725097656,413.322265625,512.0,463.90771484375,0.0010165084386244
tile_r019299_c010083,3,247.2450408935547,487.9205932617188,305.14605712890625,511.959716796875,0.0010153546463698
tile_r019299_c010339,3,76.03849029541016,38.56455612182617,124.0227508544922,85.6423568725586,0.8661211729049683
tile_r019299_c010339,3,20.967853546142575,432.10687255859375,74.61573028564453,480.5955200195313,0.8279803395271301
tile_r019299_c010339,3,0.0,155.85507202148438,42.04726028442383,217.67626953125,0.7844190001487732
tile_r019299_c010339,3,0.556488037109375,404.20745849609375,47.69684600830078,452.255126953125,0.6626836657524109
tile_r019299_c010339,3,131.49732971191406,201.12008666992188,166.83438110351562,234.596923828125,0.6257554888725281
tile_r019299_c010339,3,371.6573181152344,157.7903289794922,431.4895629882813,210.7496032714844,0.566153883934021
tile_r019299_c010339,3,12.310546875,319.55450439453125,59.43311309814453,366.2122802734375,0.5598350763320923
tile_r019299_c010339,3,371.4820251464844,80.10951232910156,433.7125854492188,130.26536560058594,0.5140822529792786
tile_r019299_c010339,3,0.0,487.1544799804688,43.89249801635742,511.83404541015625,0.4862081110477447
tile_r019299_c010339,3,172.01695251464844,310.5707092285156,213.934326171875,347.25299072265625,0.4679561555385589
tile_r019299_c010339,3,482.8946228027344,405.4918212890625,512.0,442.1199340820313,0.4606640338897705
tile_r019299_c010339,3,97.56672668457033,241.9696502685547,133.5717315673828,273.5084533691406,0.4552945792675018
tile_r019299_c010339,3,445.79052734375,309.31170654296875,509.614501953125,376.0730895996094,0.3952381610870361
tile_r019299_c010339,3,373.5203552246094,159.46115112304688,431.5816040039063,206.4627990722656,0.3276844024658203
tile_r019299_c010339,3,442.8854064941406,0.1338775604963302,490.87896728515625,14.919415473937988,0.3225814402103424
tile_r019299_c010339,3,368.8742370605469,77.22566223144531,436.9720764160156,134.5155029296875,0.3219787776470184
tile_r019299_c010339,3,478.8614196777344,402.9360046386719,511.5579223632813,445.1127014160156,0.2952332198619842
tile_r019299_c010339,3,109.2682876586914,494.762939453125,166.4302978515625,512.0,0.2864716649055481
tile_r019299_c010339,3,0.0,151.89137268066406,46.70249938964844,224.24624633789065,0.2671639621257782
tile_r019299_c010339,3,450.885986328125,314.0934143066406,508.2892150878906,370.6521301269531,0.2397466301918029
tile_r019299_c010339,3,436.53912353515625,0.1027618423104286,498.58697509765625,18.364917755126957,0.2050161212682724
tile_r019299_c010339,3,173.82749938964844,312.1615905761719,211.4196014404297,344.5859375,0.2008533626794815
tile_r019299_c010339,3,446.5265197753906,0.0381065383553504,487.4192504882813,9.338770866394045,0.1544732600450515
tile_r019299_c010339,3,96.28573608398438,241.2321319580078,134.3356170654297,275.40069580078125,0.1366495043039322
tile_r019299_c010339,3,0.0115524288266897,266.38134765625,14.353303909301758,328.4543151855469,0.1124279350042343
tile_r019299_c010339,3,103.2543487548828,489.9834899902344,173.32379150390625,511.8380432128906,0.1106373518705368
tile_r019299_c010339,3,312.5420837402344,0.10076904296875,374.2701721191406,15.39464282989502,0.1075182110071182
tile_r019299_c010339,3,106.95970153808594,498.1780395507813,153.81996154785156,512.0,0.0803121998906135
tile_r019299_c010339,3,444.64697265625,0.0457368865609169,486.5693359375,10.864614486694336,0.0794509053230285
tile_r019299_c010339,3,0.1604446470737457,491.4202575683594,33.465232849121094,512.0,0.0654446855187416
tile_r019299_c010339,3,118.1554946899414,496.2017517089844,165.59451293945312,512.0,0.0646587759256362
tile_r019299_c010339,3,1.420069932937622,489.1995544433594,42.05986404418945,512.0,0.0533444955945014
tile_r019299_c010339,3,99.64076232910156,492.89306640625,168.38827514648438,511.9727478027344,0.0480722598731517
tile_r019299_c010339,3,91.8358383178711,485.961181640625,178.82546997070312,511.57562255859375,0.0459691062569618
tile_r019299_c010339,3,314.82598876953125,0.0166515354067087,367.9084777832031,8.689783096313477,0.0410685837268829
tile_r019299_c010339,3,0.0,255.08108520507807,19.32086563110352,328.35968017578125,0.0410327687859535
tile_r019299_c010339,3,320.5455017089844,0.0210010521113872,369.7182312011719,7.811988830566406,0.0379171706736087
tile_r019299_c010339,3,112.19197082519533,499.1524353027344,156.65499877929688,512.0,0.0370687618851661
tile_r019299_c010339,3,321.6648864746094,0.1020629853010177,373.3668823242188,13.302658081054688,0.0336584784090518
tile_r019299_c010339,3,94.69285583496094,239.771728515625,135.96128845214844,277.2450256347656,0.0330070666968822
tile_r019299_c010339,3,0.0240097045898437,270.49078369140625,9.83452606201172,334.2265319824219,0.0329704955220222
tile_r019299_c010339,3,447.18255615234375,0.0246547702699899,488.9923706054688,7.288467407226562,0.026983730494976
tile_r019299_c010339,3,0.0,61.42696380615234,11.675982475280762,124.670654296875,0.0253071542829275
tile_r019299_c010339,3,0.1266098022460937,277.51129150390625,9.565377235412598,339.8940124511719,0.0248679518699646
tile_r019299_c010339,3,0.0074905394576489,71.8927230834961,9.059535026550291,126.42637634277344,0.0241570193320512
tile_r019299_c010339,3,134.19076538085938,204.31170654296875,164.40428161621094,231.9876708984375,0.0232926122844219
tile_r019299_c010339,3,390.0210571289063,120.8089599609375,422.8855895996094,146.2701416015625,0.0215450283139944
tile_r019299_c010339,3,301.69561767578125,0.073638916015625,380.1629028320313,20.257089614868164,0.0212626904249191
tile_r019299_c010339,3,0.0,479.4507446289063,51.61468505859375,512.0,0.0195400342345237
tile_r019299_c010339,3,0.0,51.667625427246094,14.73503589630127,116.7822036743164,0.0190142709761858
tile_r019299_c010339,3,323.3778381347656,0.000740623450838,373.3386840820313,6.3900885581970215,0.0186252146959304
tile_r019299_c010339,3,0.027161980047822,273.1849975585937,5.793541431427002,330.57501220703125,0.0185241363942623
tile_r019299_c010339,3,1.0386139154434204,0.0120363235473632,46.675323486328125,5.113564491271973,0.0168350618332624
tile_r019299_c010339,3,0.0113384248688817,70.19468688964844,4.909463882446289,109.09283447265624,0.0161095838993787
tile_r019299_c010339,3,0.2006668150424957,290.9618225097656,13.018514633178713,340.35968017578125,0.0156816206872463
tile_r019299_c010339,3,493.0033264160156,0.0,512.0,32.08378982543945,0.0150699531659483
tile_r019299_c010339,3,0.0695814117789268,281.6011047363281,6.908324241638184,335.28955078125,0.0143932225182652
tile_r019299_c010339,3,0.5517638921737671,0.196574404835701,47.30080795288086,13.226946830749512,0.0136423707008361
tile_r019299_c010339,3,0.0009141921764239,74.02008056640625,4.50831937789917,115.646240234375,0.0130481924861669
tile_r019299_c010339,3,0.052097700536251,270.84356689453125,5.025824546813965,320.27935791015625,0.0128066167235374
tile_r019299_c010339,3,0.0,0.0,45.18927764892578,6.083367347717285,0.0123557643964886
tile_r019299_c010339,3,306.38531494140625,0.0171401984989643,365.9494018554688,8.962545394897461,0.0118549084290862
tile_r019299_c010339,3,0.0329957976937294,268.0816650390625,6.623091220855713,314.631591796875,0.0114697813987731
tile_r019299_c010339,3,3.977343797683716,0.0124374385923147,49.98918914794922,3.833077192306519,0.0103393401950597
tile_r019299_c010339,3,0.0348434448242187,267.2186889648437,8.415850639343262,312.6199035644531,0.0099760321900248
tile_r019299_c010339,3,0.0313106551766395,76.75529479980469,4.338548183441162,119.28934478759766,0.009607084095478
tile_r019299_c010339,3,0.026861572638154,82.54926300048828,6.772195339202881,124.63116455078124,0.0094417603686451
tile_r019299_c010339,3,0.0493549332022666,264.8546142578125,9.156183242797852,309.22137451171875,0.0090953540056943
tile_r019299_c010339,3,506.1962890625,307.744140625,512.0,336.1508178710937,0.0089857000857591
tile_r019299_c010339,3,126.5748291015625,496.5992736816406,170.8677978515625,511.8133239746094,0.0080132745206356
tile_r019299_c010339,3,0.1248016357421875,264.1983337402344,23.52250289916992,325.4727783203125,0.0077630039304494
tile_r019299_c010339,3,0.0,239.0835418701172,19.941089630126957,319.79229736328125,0.0074993721209466
tile_r019299_c010339,3,2.040792942047119,252.8312530517578,28.008808135986328,354.5425720214844,0.0069797364994883
tile_r019299_c010339,3,393.5162963867188,123.33028411865234,420.6354370117188,146.08688354492188,0.0069596813991665
tile_r019299_c010339,3,438.60595703125,0.0203601829707622,485.66644287109375,10.9735746383667,0.0069250287488102
tile_r019299_c010339,3,0.0,40.95922470092773,16.146732330322266,105.8637466430664,0.0068694362416863
tile_r019299_c010339,3,15.690587997436523,428.7247009277344,76.47006225585938,481.6650390625,0.0063785761594772
tile_r019299_c010339,3,300.14990234375,500.988525390625,351.9691467285156,511.97509765625,0.0063181924633681
tile_r019299_c010339,3,5.018511772155762,0.125956729054451,49.85020446777344,10.674408912658691,0.0062745241448283
tile_r019299_c010339,3,369.9798278808594,155.323974609375,436.14447021484375,212.7041778564453,0.0060311346314847
tile_r019299_c010339,3,329.0936584472656,0.110809326171875,379.9005737304688,12.796835899353027,0.0059385211206972
tile_r019299_c010339,3,11.403790473937988,495.18646240234375,73.53436279296875,511.78033447265625,0.0059060105122625
tile_r019299_c010339,3,0.1152450591325759,62.05352020263672,22.81153678894043,128.91590881347656,0.0058511700481176
tile_r019299_c010339,3,423.369873046875,0.0,502.9337768554688,27.0166072845459,0.0057162642478942
tile_r019299_c010339,3,0.0257431026548147,81.15479278564453,3.2254421710968018,123.84822845458984,0.0055529018864035
tile_r019299_c010339,3,0.0,63.0926399230957,5.778275012969971,104.25895690917967,0.0055346814915537
tile_r019299_c010339,3,9.505041122436523,484.123779296875,71.2123031616211,511.2308654785156,0.0055160159245133
tile_r019299_c010339,3,11.70098876953125,503.6326293945313,65.95601654052734,512.0,0.0054807635024189
tile_r019299_c010339,3,505.7433166503906,152.38870239257812,512.0,213.7810516357422,0.0053119328804314
tile_r019299_c010339,3,501.3331909179688,1.7295043468475342,511.944580078125,44.84125518798828,0.0052805426530539
tile_r019299_c010339,3,131.16842651367188,506.4489135742188,181.79991149902344,511.9803161621094,0.0050296019762754
tile_r019299_c010339,3,500.4767150878906,151.9051055908203,511.9483947753906,220.0522003173828,0.0049483026377856
tile_r019299_c010339,3,113.59309387207033,504.5506286621094,171.40069580078125,511.9837951660156,0.0048587154597043
tile_r019299_c010339,3,112.9561004638672,501.5364379882813,163.24684143066406,511.985107421875,0.004620989318937
tile_r019299_c010339,3,10.3004150390625,493.954345703125,60.43423461914063,511.8306579589844,0.0046058762818574
tile_r019299_c010339,3,117.72430419921876,505.925537109375,177.9026336669922,511.9613342285156,0.0043190475553274
tile_r019299_c010339,3,425.86322021484375,0.0,503.7915649414063,33.3446044921875,0.0043114381842315
tile_r019299_c010339,3,505.2604370117188,310.1281433105469,512.0,343.26177978515625,0.0042194630950689
tile_r019299_c010339,3,20.065643310546875,504.53228759765625,69.17129516601562,512.0,0.0041719260625541
tile_r019299_c010339,3,0.1006530746817588,266.61474609375,22.795202255249023,335.6769104003906,0.0041705691255629
tile_r019299_c010339,3,298.9344787597656,0.0,361.604248046875,7.434445858001709,0.0040773963555693
tile_r019299_c010339,3,507.2835388183594,148.41018676757812,512.0,209.5791473388672,0.0040428787469863
tile_r019299_c010339,3,335.0376892089844,0.1570266783237457,394.67913818359375,14.14623737335205,0.0040328726172447
tile_r019299_c010339,3,486.1133728027344,409.55413818359375,512.0,438.2315979003906,0.0040283645503222
tile_r019299_c010339,3,499.4327087402344,134.13462829589844,512.0,205.0708923339844,0.0038985018618404
tile_r019299_c010339,3,0.5162917971611023,487.5508728027344,46.471336364746094,512.0,0.0038950596936047
tile_r019299_c010339,3,11.44171142578125,416.1119689941406,81.54350280761719,485.799072265625,0.0038948133587837
tile_r019299_c010339,3,325.4095764160156,0.0,380.0064086914063,4.588453769683838,0.0038599481340497
tile_r019299_c010339,3,0.0907192230224609,291.4626159667969,5.2544355392456055,337.10809326171875,0.0038110022433102
tile_r019299_c010339,3,0.0187927242368459,398.9450988769531,52.75850296020508,461.2449645996094,0.0037023741751909
tile_r019299_c010339,3,500.1878051757813,142.7003631591797,511.9921875,213.46548461914065,0.0036760824732482
tile_r019299_c010339,3,498.6502990722656,124.08927154541016,512.0,194.5111389160156,0.0036542520392686
tile_r019299_c010339,3,505.8290100097656,297.83282470703125,512.0,331.83843994140625,0.0035485799890011
tile_r019299_c010339,3,0.1609130799770355,66.22372436523438,22.381078720092773,133.77352905273438,0.0035111631732434
tile_r019299_c010339,3,0.0,84.87919616699219,2.696460247039795,132.765869140625,0.0035001491196453
tile_r019299_c010339,3,0.0189615245908498,59.53472900390625,6.350902080535889,98.46461486816406,0.0034667856525629
tile_r019299_c010339,3,83.96210479736328,492.3704528808594,165.54566955566406,512.0,0.0033666319213807
tile_r019299_c010339,3,142.1178741455078,506.7345275878906,187.5335998535156,511.9933471679688,0.0031092287972569
tile_r019299_c010339,3,507.03076171875,145.95822143554688,512.0,205.6360321044922,0.0030877422541379
tile_r019299_c010339,3,486.0108337402344,411.5567932128906,511.7614135742188,438.1720581054688,0.0030713505111634
tile_r019299_c010339,3,8.315332412719727,0.0777593627572059,54.9266471862793,3.193624496459961,0.0029983317945152
tile_r019299_c010339,3,393.4377746582031,120.97518157958984,423.3375549316406,146.09848022460938,0.0029548527672886
tile_r019299_c010339,3,0.0,52.91481399536133,6.494065761566162,91.82063293457033,0.0028785709291696
tile_r019299_c010339,3,317.3371887207031,0.0,401.3209533691406,26.110782623291016,0.0027773461770266
tile_r019299_c010339,3,503.8214721679688,313.07330322265625,512.0,350.66876220703125,0.0027202775236219
tile_r019299_c010339,3,0.0,504.4683532714844,60.56708908081055,511.9871215820313,0.0026346556842327
tile_r019299_c010339,3,290.2230224609375,0.0,372.8039245605469,27.16083335876465,0.0026231207884848
tile_r019299_c010339,3,26.618566513061523,505.5948181152344,72.5302734375,512.0,0.0026012989692389
tile_r019299_c010339,3,8.428863525390625,486.754638671875,58.56215286254883,511.1468811035156,0.0024394069332629
tile_r019299_c010339,3,125.0201644897461,495.91314697265625,185.49679565429688,511.84417724609375,0.002414618153125
tile_r019299_c010339,3,0.0,0.0084930416196584,41.46006393432617,6.138592720031738,0.0023051667958498
tile_r019299_c010339,3,447.3023986816406,0.0285842902958393,495.9881896972656,5.239141464233398,0.0022425544448196
tile_r019299_c010339,3,295.4159545898437,0.0,354.2367858886719,5.885269641876221,0.0022360989823937
tile_r019299_c010339,3,11.368680000305176,0.1097320541739463,60.51100540161133,10.597758293151855,0.0022259822580963
tile_r019299_c010339,3,298.1010131835937,0.0,391.5503845214844,28.56072998046875,0.0022107511758804
tile_r019299_c010339,3,98.5352783203125,498.875732421875,149.40335083007812,512.0,0.0022073718719184
tile_r019299_c010339,3,0.0,47.23674392700195,6.796277046203613,86.01893615722656,0.0021899451967328
tile_r019299_c010339,3,0.0501510612666606,229.7443084716797,16.843631744384766,303.2339172363281,0.0021780189126729
tile_r019299_c010339,3,504.552978515625,157.90597534179688,512.0,216.73519897460935,0.0021612544078379
tile_r019299_c010339,3,0.0,156.64523315429688,41.09431838989258,217.237060546875,0.00215216120705
tile_r019299_c010339,3,0.2729156613349914,293.1128234863281,64.51374816894531,375.1251831054688,0.0020853728055953
tile_r019299_c010339,3,0.0,0.0324920639395713,49.90294647216797,16.241863250732422,0.0020457084756344
tile_r019299_c010339,3,31.552078247070312,505.9771118164063,80.17933654785156,512.0,0.0020165846217423
tile_r019299_c010339,3,133.2854461669922,203.0191345214844,164.98703002929688,234.4501037597656,0.0019729102496057
tile_r019299_c010339,3,503.93212890625,0.0189224239438772,512.0,13.58586311340332,0.0019603578839451
tile_r019299_c010339,3,508.0239868164063,141.832763671875,512.0,200.8884429931641,0.0019256685627624
tile_r019299_c010339,3,0.0714982971549034,296.66424560546875,2.730729579925537,341.5566101074219,0.0018589807441458
tile_r019299_c010339,3,0.4807571470737457,495.4357299804688,34.6867561340332,512.0,0.0018203068757429
tile_r019299_c010339,3,28.779956817626957,437.2994079589844,69.9207992553711,475.7990112304688,0.0018067094497382
tile_r019299_c010339,3,506.1369018554688,2.8451218605041504,512.0,41.20900344848633,0.0017208952922374
tile_r019299_c010339,3,500.18505859375,33.327632904052734,511.9631958007813,100.95906066894533,0.0017069879686459
tile_r019299_c010339,3,330.78082275390625,0.0186895374208688,388.2659606933594,3.404505491256714,0.0016730105271562
tile_r019299_c010339,3,500.67816162109375,162.9913330078125,511.8268432617188,226.64480590820312,0.0016602261457592
tile_r019299_c010339,3,285.8290100097656,499.47564697265625,350.6321716308594,511.9700622558594,0.0015971899265423
tile_r019299_c010339,3,485.6532287597656,0.0,511.6505737304688,8.108171463012695,0.0015939904842525
tile_r019299_c010339,3,454.8639526367188,0.0,506.8433227539063,16.54727554321289,0.0015773967606946
tile_r019299_c010339,3,0.0,41.16120147705078,7.049622535705566,80.2198715209961,0.0015367182204499
tile_r019299_c010339,3,305.23101806640625,505.0128479003906,345.2814636230469,512.0,0.0015247667906805
tile_r019299_c010339,3,500.5669860839844,281.7722473144531,512.0,336.06121826171875,0.0015187850221991
tile_r019299_c010339,3,185.8060760498047,500.203125,233.46066284179688,511.8849487304688,0.0015077565331012
tile_r019299_c010339,3,500.58050537109375,44.01477813720703,511.9239807128906,111.2499008178711,0.0015051522059366
tile_r019299_c010339,3,418.45111083984375,0.0,473.3074340820313,7.779077053070068,0.0014927533920854
tile_r019299_c010339,3,16.816455841064453,496.2413024902344,115.66683197021484,511.93450927734375,0.0014741400955244
tile_r019299_c010339,3,1.0132964849472046,48.893821716308594,22.4432373046875,140.2843475341797,0.0014727616216987
tile_r019299_c010339,3,0.0,501.9402465820313,53.720970153808594,512.0,0.0014721509069204
tile_r019299_c010339,3,499.3182067871094,111.40992736816406,512.0,182.4014434814453,0.0014550344785675
tile_r019299_c010339,3,0.0919616669416427,1.508946180343628,36.37800598144531,31.890033721923828,0.0014490768080577
tile_r019299_c010339,3,185.00120544433597,504.68359375,224.491943359375,512.0,0.0014193246606737
tile_r019299_c010339,3,505.32568359375,5.625840663909912,512.0,46.86140060424805,0.0014039542293176
tile_r019299_c010339,3,0.0027267455589026,91.15850830078124,6.902325630187988,133.2991180419922,0.0013952106237411
tile_r019299_c010339,3,269.3912658691406,505.9681701660156,318.98956298828125,512.0,0.0013858823804184
tile_r019299_c010339,3,0.007042312528938,91.92510986328124,4.361885070800781,141.1681671142578,0.0013784491457045
tile_r019299_c010339,3,0.0140722272917628,233.7659149169922,5.410425662994385,287.76544189453125,0.0013651170302182
tile_r019299_c010339,3,17.452678680419922,323.6376342773437,54.946136474609375,362.0934143066406,0.0013558682985603
tile_r019299_c010339,3,46.79671096801758,506.76806640625,97.3636474609375,512.0,0.0013412762200459
tile_r019299_c010339,3,68.37950134277344,493.5088806152344,154.7689208984375,512.0,0.0013337872223928
tile_r019299_c010339,3,0.0,0.0385467521846294,35.41625213623047,6.141744613647461,0.0013324858155101
tile_r019299_c010339,3,501.0431213378906,55.23199462890625,511.8880920410156,121.77940368652344,0.0012978727463632
tile_r019299_c010339,3,148.3264923095703,507.012451171875,195.24856567382807,512.0,0.0012940716696903
tile_r019299_c010339,3,503.0564575195313,0.4165161252021789,512.0,27.69465065002441,0.001227754750289
tile_r019299_c010339,3,307.76763916015625,501.5451049804688,362.5630187988281,511.7837524414063,0.0011722930939868
tile_r019299_c010339,3,290.9513244628906,0.0132865905761718,346.1925048828125,7.51809024810791,0.0011708182282745
tile_r019299_c010339,3,28.600805282592773,428.4869079589844,106.63826751708984,475.918212890625,0.0011550235794857
tile_r019299_c010339,3,505.94232177734375,134.00357055664062,512.0,194.51266479492188,0.0011410519946366
tile_r019299_c010339,3,0.0,236.8197784423828,7.496795654296875,298.03143310546875,0.0011383931851014
tile_r019299_c010339,3,38.13803863525391,506.34033203125,90.4918212890625,512.0,0.0011165097821503
tile_r019299_c010339,3,201.5535125732422,0.1899292021989822,270.9607849121094,10.6896390914917,0.0010922102956101
tile_r019299_c010339,3,502.457763671875,320.8228759765625,512.0,355.8105773925781,0.0010802426841109
tile_r019299_c010339,3,0.0,23.387357711791992,14.864771842956545,94.42745208740234,0.0010680324630811
tile_r019299_c010339,3,503.8985290527344,163.20660400390625,512.0,221.3736572265625,0.0010651677148416
tile_r019299_c010339,3,0.0,54.17402267456055,23.11138153076172,122.18278503417967,0.0010390264214947
tile_r019299_c010339,3,113.23193359375,491.4847106933594,170.43792724609375,511.6234436035156,0.0010382422478869
tile_r019299_c010339,3,298.63543701171875,504.2498168945313,343.2090148925781,512.0,0.0010368668008595
tile_r019299_c010339,3,0.0447090156376361,233.7813415527344,5.772140502929688,278.4857177734375,0.0010334551334381
tile_r019299_c010339,3,41.970359802246094,496.442626953125,139.61831665039062,511.9944763183594,0.0010318052954971
tile_r019299_c010339,3,271.15301513671875,499.5992126464844,342.6503295898437,511.9802856445313,0.0010214010253548
tile_r019299_c010339,3,500.5250854492188,18.699951171875,511.9790954589844,90.3780288696289,0.0010075056925415
tile_r019299_c010339,3,503.0881958007813,283.29205322265625,512.0,320.68798828125,0.0010074855526909
tile_r019299_c010339,3,505.2508239746094,128.51046752929688,512.0,185.84426879882807,0.0010011504637077
tile_r019299_c010595,3,329.0140686035156,318.27960205078125,380.4724731445313,370.2263793945313,0.9121925830841064
tile_r019299_c010595,3,364.9077453613281,442.085205078125,414.3443908691406,485.8750915527344,0.8631787300109863
tile_r019299_c010595,3,420.34521484375,275.15826416015625,472.44635009765625,325.27099609375,0.8578014969825745
tile_r019299_c010595,3,295.6356201171875,60.665306091308594,336.74334716796875,100.85603332519533,0.7236872315406799
tile_r019299_c010595,3,390.4719543457031,199.9361267089844,433.2601013183594,239.4178466796875,0.7189455628395081
tile_r019299_c010595,3,225.0155029296875,403.7589416503906,265.68658447265625,442.2422790527344,0.621182382106781
tile_r019299_c010595,3,394.9949645996094,348.48272705078125,431.732421875,378.3772583007813,0.5874515771865845
tile_r019299_c010595,3,115.29286193847656,79.75662994384766,177.95083618164062,130.68313598632812,0.5078409910202026
tile_r019299_c010595,3,115.55442810058594,157.2397003173828,176.09188842773438,211.49801635742188,0.4808283746242523
tile_r019299_c010595,3,190.2627868652344,307.91162109375,256.8994140625,376.8441162109375,0.4290739595890045
tile_r019299_c010595,3,427.2521362304688,477.2982482910156,451.7628479003906,498.3518981933594,0.3685134947299957
tile_r019299_c010595,3,112.60130310058594,76.80806732177734,181.2055206298828,134.9842529296875,0.343010276556015
tile_r019299_c010595,3,117.35733795166016,159.091796875,175.75161743164062,206.94259643554688,0.3410440683364868
tile_r019299_c010595,3,265.2276611328125,156.20703125,325.1371765136719,211.8290252685547,0.3003144264221191
tile_r019299_c010595,3,187.8509979248047,0.1460922211408615,233.0416259765625,14.166976928710938,0.2707444727420807
tile_r019299_c010595,3,424.2259826660156,474.0348205566406,454.39593505859375,500.5966796875,0.2501053214073181
tile_r019299_c010595,3,269.0116577148437,159.46543884277344,321.94415283203125,207.1363525390625,0.2290419638156891
tile_r019299_c010595,3,393.8262939453125,346.7542724609375,434.8511352539063,381.2717895507813,0.2229932695627212
tile_r019299_c010595,3,194.5078582763672,312.3088073730469,253.4951171875,371.87994384765625,0.2111626118421554
tile_r019299_c010595,3,267.4787902832031,495.7882690429688,321.8777770996094,512.0,0.1987042427062988
tile_r019299_c010595,3,191.28939819335935,0.0346330627799034,229.6248779296875,8.68114185333252,0.1929244101047516
tile_r019299_c010595,3,276.1261901855469,498.555908203125,316.7500915527344,512.0,0.1816346049308776
tile_r019299_c010595,3,378.2315979003906,127.4477310180664,413.164306640625,161.99180603027344,0.1753107756376266
tile_r019299_c010595,3,181.68988037109372,0.127033993601799,240.2554931640625,17.11182403564453,0.1307609379291534
tile_r019299_c010595,3,273.5596618652344,501.443603515625,314.07012939453125,512.0,0.1275213807821273
tile_r019299_c010595,3,189.2525177001953,0.0452030189335346,229.17416381835935,10.168401718139648,0.1075875014066696
tile_r019299_c010595,3,56.44775390625,0.1074615493416786,118.234375,15.314172744750977,0.0975488945841789
tile_r019299_c010595,3,278.878662109375,503.9490356445313,315.9967041015625,511.9581909179688,0.0873566418886184
tile_r019299_c010595,3,268.18145751953125,500.28314208984375,314.2984619140625,512.0,0.072777085006237
tile_r019299_c010595,3,366.71002197265625,499.68109130859375,418.484375,512.0,0.0565359517931938
tile_r019299_c010595,3,424.81292724609375,476.8840942382813,453.91455078125,502.719482421875,0.0467339754104614
tile_r019299_c010595,3,357.3657531738281,497.34423828125,416.6820373535156,512.0,0.0464504584670066
tile_r019299_c010595,3,387.5564880371094,196.69046020507807,436.5125122070313,242.24154663085935,0.0447460263967514
tile_r019299_c010595,3,58.805442810058594,0.0157667156308889,112.0557098388672,8.655064582824707,0.0385241545736789
tile_r019299_c010595,3,64.41642761230469,0.0215944293886423,113.8570327758789,7.774826049804687,0.0336253717541694
tile_r019299_c010595,3,65.55072021484375,0.1051788330078125,117.4308853149414,13.194636344909668,0.0317128598690032
tile_r019299_c010595,3,0.0068923952057957,305.42535400390625,12.142244338989258,355.33746337890625,0.0297127328813076
tile_r019299_c010595,3,192.68206787109372,0.0072227478958666,231.23828125,6.531569480895996,0.0293055884540081
tile_r019299_c010595,3,222.7697296142578,400.2905883789063,268.4677429199219,444.8606567382813,0.0292298793792724
tile_r019299_c010595,3,377.4797668457031,501.06060791015625,418.5201110839844,512.0,0.0261121336370706
tile_r019299_c010595,3,397.1009216308594,350.6345520019531,428.924560546875,375.6209106445313,0.0254551991820335
tile_r019299_c010595,3,266.3958435058594,157.6807403564453,323.24615478515625,210.576416015625,0.023573625832796
tile_r019299_c010595,3,0.0847244262695312,295.9044494628906,15.64671802520752,356.4159240722656,0.0232031978666782
tile_r019299_c010595,3,45.313270568847656,0.0801727324724197,124.0665283203125,20.330127716064453,0.0201475489884614
tile_r019299_c010595,3,368.4804382324219,502.69866943359375,412.89599609375,512.0,0.0189724843949079
tile_r019299_c010595,3,273.5260314941406,491.7075805664063,320.5796813964844,511.6577758789063,0.0188673436641693
tile_r019299_c010595,3,133.7733917236328,120.6905517578125,166.97933959960938,146.500244140625,0.0185992624610662
tile_r019299_c010595,3,371.9982604980469,505.1663208007813,415.4019165039063,512.0,0.0185737814754247
tile_r019299_c010595,3,260.8057556152344,489.1551818847656,326.4132385253906,511.713134765625,0.0180539600551128
tile_r019299_c010595,3,67.28311157226562,0.0010841370094567,117.41438293457033,6.335954189300537,0.0163539368659257
tile_r019299_c010595,3,381.8585205078125,130.35696411132812,410.8773498535156,160.26507568359375,0.0137215061113238
tile_r019299_c010595,3,376.7524108886719,506.4821166992188,421.3073120117188,511.9608459472656,0.0116730676963925
tile_r019299_c010595,3,50.476104736328125,0.0168670658022165,110.01007080078124,8.954975128173828,0.01143463794142
tile_r019299_c010595,3,0.0498304367065429,309.9217834472656,4.622071266174316,348.7063293457031,0.0103678042069077
tile_r019299_c010595,3,113.75213623046876,154.71151733398438,180.52523803710935,213.5023956298828,0.0102890152484178
tile_r019299_c010595,3,294.60333251953125,59.17718505859375,338.282470703125,102.0818328857422,0.008098061196506
tile_r019299_c010595,3,0.0,312.5627746582031,8.544794082641602,357.7416381835937,0.0078464951366186
tile_r019299_c010595,3,358.7154541015625,499.53521728515625,404.0060729980469,512.0,0.0069038155488669
tile_r019299_c010595,3,380.8721923828125,129.6845245361328,411.2805786132813,159.1177215576172,0.0067027234472334
tile_r019299_c010595,3,137.3359832763672,123.2091293334961,164.8080596923828,146.30398559570312,0.0061680302023887
tile_r019299_c010595,3,260.28204345703125,500.4210510253906,306.5245361328125,512.0,0.0059437588788568
tile_r019299_c010595,3,73.00067138671875,0.1171524077653884,123.89312744140624,12.652193069458008,0.0058981827460229
tile_r019299_c010595,3,286.2118225097656,498.8445434570313,320.6600036621094,511.8116149902344,0.0058585694059729
tile_r019299_c010595,3,282.3670654296875,507.23779296875,318.95587158203125,511.8070373535156,0.0057809534482657
tile_r019299_c010595,3,0.0462940223515033,304.1995544433594,7.375279426574707,346.8297424316406,0.005432054400444
tile_r019299_c010595,3,183.25042724609372,0.0278957374393939,228.43820190429688,10.50449275970459,0.0053832880221307
tile_r019299_c010595,3,0.0836473479866981,314.33575439453125,4.265294075012207,355.96563720703125,0.0053424625657498
tile_r019299_c010595,3,363.5250549316406,500.2930603027344,410.5350646972656,512.0,0.0052152052521705
tile_r019299_c010595,3,170.7687530517578,0.1916625946760177,253.96505737304688,29.017724990844727,0.0048837508074939
tile_r019299_c010595,3,44.78057861328125,501.1126403808594,96.05387115478516,511.9849548339844,0.0048176012933254
tile_r019299_c010595,3,384.9104309082031,500.61920166015625,434.7782287597656,511.7457580566406,0.0046744178980588
tile_r019299_c010595,3,227.262451171875,406.38470458984375,262.52508544921875,439.221923828125,0.004660636652261
tile_r019299_c010595,3,382.710693359375,507.5352478027344,431.443359375,511.9629821777344,0.0044900253415107
tile_r019299_c010595,3,419.193115234375,273.1290588378906,474.2454223632813,326.2345275878906,0.004382865037769
tile_r019299_c010595,3,381.47998046875,131.0242462158203,410.5992126464844,158.68133544921875,0.0039753159508109
tile_r019299_c010595,3,78.92155456542969,0.1631484925746917,138.38357543945312,13.942419052124023,0.0037258092779666
tile_r019299_c010595,3,42.677677154541016,0.0,105.6846694946289,7.460377693176269,0.0036794056650251
tile_r019299_c010595,3,0.2030853331089019,299.5367126464844,22.09842300415039,369.793212890625,0.0036263912916183
tile_r019299_c010595,3,0.0,323.15899658203125,7.197512626647949,367.10205078125,0.0034195273183286
tile_r019299_c010595,3,69.42304992675781,0.0,123.8974609375,4.549001693725586,0.0033680112101137
tile_r019299_c010595,3,254.15219116210935,494.07366943359375,323.95684814453125,512.0,0.0031658001244068
tile_r019299_c010595,3,0.0390336997807025,317.9518737792969,4.3506693840026855,362.8997192382813,0.0030575608834624
tile_r019299_c010595,3,192.84207153320312,0.0227445606142282,237.9561462402344,4.420517444610596,0.0030417528469115
tile_r019299_c010595,3,42.216041564941406,0.1219726577401161,135.4477996826172,27.24350357055664,0.0029374253936111
tile_r019299_c010595,3,61.64994430541992,0.0,146.74215698242188,24.77009010314941,0.0028580802027136
tile_r019299_c010595,3,167.81253051757812,0.0,244.4488525390625,24.398273468017575,0.002770320046693
tile_r019299_c010595,3,34.18904495239258,0.0159957893192768,116.8740692138672,27.69247436523437,0.0027396844234317
tile_r019299_c010595,3,0.0513822548091411,302.5369873046875,8.928544998168945,344.7406616210937,0.0026072640903294
tile_r019299_c010595,3,361.26318359375,439.2916870117188,417.98382568359375,489.117431640625,0.0024958255235105
tile_r019299_c010595,3,348.814453125,476.1036682128906,424.5093688964844,512.0,0.0023799911141395
tile_r019299_c010595,3,137.26333618164062,120.9059829711914,167.39007568359375,146.25180053710938,0.0023713163100183
tile_r019299_c010595,3,192.381591796875,309.75311279296875,256.3012390136719,374.0479431152344,0.0021708214189857
tile_r019299_c010595,3,0.0251565929502248,323.8644104003906,4.014191627502441,369.8150939941406,0.0020578494295477
tile_r019299_c010595,3,38.86004638671875,0.0,98.53570556640624,5.8276777267456055,0.002056760713458
tile_r019299_c010595,3,0.2123962342739105,292.45489501953125,22.772111892700195,359.760986328125,0.0020535129588097
tile_r019299_c010595,3,343.06085205078125,494.788330078125,412.5700073242188,511.978759765625,0.0018544560298323
tile_r019299_c010595,3,0.0,329.2948303222656,3.489572525024414,378.03912353515625,0.0017812601290643
tile_r019299_c010595,3,338.3379821777344,470.9898986816406,418.74755859375,512.0,0.001778699690476
tile_r019299_c010595,3,427.324951171875,477.7003479003906,452.1063537597656,498.1401977539063,0.0017126217717304
tile_r019299_c010595,3,389.8468627929688,507.90228271484375,439.68548583984375,511.9908752441406,0.0016407509101554
tile_r019299_c010595,3,189.92514038085935,0.0,274.3035583496094,23.306873321533203,0.0015863797161728
tile_r019299_c010595,3,351.6298828125,500.3932189941406,394.9172973632813,511.9537658691406,0.0015625703381374
tile_r019299_c010595,3,198.5689392089844,0.0807586684823036,251.047119140625,13.625894546508787,0.0015421976568177
tile_r019299_c010595,3,15.293243408203123,506.0946350097656,60.95655059814453,511.99713134765625,0.0015334658091887
tile_r019299_c010595,3,50.3625602722168,505.216552734375,88.51814270019531,512.0,0.0015263931127265
tile_r019299_c010595,3,422.09466552734375,475.8720703125,457.8373107910156,505.51080322265625,0.0015075497794896
tile_r019299_c010595,3,74.91470336914062,0.0232622139155864,131.9124755859375,3.392843246459961,0.0014785982202738
tile_r019299_c010595,3,300.78155517578125,0.0,344.44219970703125,5.886236667633057,0.0014097777893766
tile_r019299_c010595,3,397.9193420410156,506.96588134765625,446.1046752929688,512.0,0.0013891251292079
tile_r019299_c010595,3,0.0,298.95526123046875,22.52108764648437,381.0872802734375,0.0013615807984024
tile_r019299_c010595,3,0.0,334.3628234863281,7.923702239990234,381.4862976074219,0.0013512225123122
tile_r019299_c010595,3,507.6218872070313,488.0165100097656,512.0,511.4445190429688,0.0012927484931424
tile_r019299_c010595,3,244.5716552734375,481.8367309570313,333.0682678222656,511.8138122558594,0.0012679536594077
tile_r019299_c010595,3,162.7939910888672,0.0,216.314208984375,7.361297607421875,0.0012532311957329
tile_r019299_c010595,3,0.3228713870048523,270.9849548339844,24.09814071655273,355.0592346191406,0.0011859445367008
tile_r019299_c010595,3,494.151123046875,0.0,512.0,22.74954605102539,0.0010982136009261
tile_r019299_c010595,3,34.38085174560547,0.0136877056211233,90.9413604736328,7.278447151184082,0.0010839862516149
tile_r019299_c010595,3,301.95245361328125,0.1436340361833572,357.1893920898437,11.307459831237791,0.0010726633481681
tile_r019299_c010595,3,287.2548828125,508.8533325195313,325.2703857421875,511.6492309570313,0.0010723966406658
tile_r019299_c010595,3,308.1353759765625,0.0,349.955322265625,6.125871181488037,0.0010486835381016
tile_r019299_c010595,3,30.71148681640625,499.6741638183594,94.724365234375,511.9674377441406,0.0010414236458018
tile_r019299_c010595,3,441.01904296875,507.10845947265625,479.884521484375,511.9966735839844,0.0010204453719779
tile_r019299_c010595,3,44.01679611206055,504.43896484375,86.40274810791016,512.0,0.0010057985782623
tile_r019299_c010851,3,73.51216125488281,318.64520263671875,124.0539779663086,369.8501586914063,0.9091908931732178
tile_r019299_c010851,3,164.88914489746094,275.5354919433594,216.25634765625,324.755859375,0.8756245970726013
tile_r019299_c010851,3,109.50764465332033,442.5454711914063,157.96072387695312,485.4388122558594,0.8683154582977295
tile_r019299_c010851,3,443.21142578125,295.195556640625,492.3438415527344,344.0206604003906,0.836259126663208
tile_r019299_c010851,3,325.7664794921875,0.6849517822265625,363.3933715820313,38.38335037231445,0.7728818655014038
tile_r019299_c010851,3,39.60499572753906,60.8575325012207,80.28291320800781,100.4836883544922,0.7179131507873535
tile_r019299_c010851,3,134.98606872558594,200.8824462890625,176.34454345703125,238.6544952392578,0.6952235698699951
tile_r019299_c010851,3,139.3089141845703,349.1059265136719,175.3791961669922,377.9049377441406,0.5768107175827026
tile_r019299_c010851,3,171.3389434814453,477.4832458496094,195.72146606445312,498.35357666015625,0.366303026676178
tile_r019299_c010851,3,481.2409057617188,172.45089721679688,512.0,224.9236297607422,0.3549459278583526
tile_r019299_c010851,3,479.2847290039063,172.87713623046875,511.4098205566406,225.4142608642578,0.3067469000816345
tile_r019299_c010851,3,9.7434663772583,156.38040161132812,68.97537994384766,211.74923706054688,0.3002708852291107
tile_r019299_c010851,3,168.33126831054688,474.2703247070313,198.32247924804688,500.4360961914063,0.197173073887825
tile_r019299_c010851,3,20.604228973388672,498.9600524902344,60.36368560791016,512.0,0.1968750059604644
tile_r019299_c010851,3,138.19961547851562,347.4270324707031,178.56642150878906,380.6406555175781,0.193567544221878
tile_r019299_c010851,3,13.416082382202148,159.3779296875,65.66576385498047,207.28125,0.1890411972999572
tile_r019299_c010851,3,12.864277839660645,496.2838745117188,65.38960266113281,512.0,0.1564955115318298
tile_r019299_c010851,3,0.0,403.9487915039063,14.314010620117188,440.9827270507813,0.1383493989706039
tile_r019299_c010851,3,18.1058349609375,501.7557067871094,57.58931350708008,512.0,0.1221691519021987
tile_r019299_c010851,3,23.272167205810547,504.2361755371094,59.6148796081543,511.9581909179688,0.0874729230999946
tile_r019299_c010851,3,10.569816589355469,157.69760131835938,67.13089752197266,210.649169921875,0.0839783102273941
tile_r019299_c010851,3,474.7190856933594,168.77096557617188,511.45159912109375,229.3719482421875,0.0807306617498397
tile_r019299_c010851,3,12.479754447937012,500.5491333007813,57.8814582824707,512.0,0.072168730199337
tile_r019299_c010851,3,483.7303771972656,176.70016479492188,512.0,222.3573455810547,0.0628820061683654
tile_r019299_c010851,3,0.0838512405753135,406.0356140136719,9.505048751831056,436.6482543945313,0.0605477839708328
tile_r019299_c010851,3,168.92568969726562,477.2608337402344,197.8750762939453,502.7234802246094,0.0554839707911014
tile_r019299_c010851,3,111.46052551269533,500.0633239746094,162.7113494873047,512.0,0.0535954236984252
tile_r019299_c010851,3,0.0,407.7692260742188,9.455839157104492,439.7808227539063,0.0435077734291553
tile_r019299_c010851,3,122.25065612792967,127.5578384399414,157.05404663085938,162.0614471435547,0.0422403365373611
tile_r019299_c010851,3,499.3777465820313,356.81005859375,511.9465942382813,410.3175354003906,0.0382456369698047
tile_r019299_c010851,3,141.3754119873047,351.0098876953125,172.58290100097656,375.2361755371094,0.0353692881762981
tile_r019299_c010851,3,102.04164123535156,497.7893981933594,160.88668823242188,512.0,0.0322573333978652
tile_r019299_c010851,3,132.07398986816406,197.5077667236328,179.83389282226562,241.60205078125,0.0319498814642429
tile_r019299_c010851,3,501.7748107910156,362.21685791015625,512.0,402.3655090332031,0.0252923667430877
tile_r019299_c010851,3,0.0101560596376657,409.0183410644531,6.80426025390625,437.0574340820313,0.025262588635087
tile_r019299_c010851,3,499.2937622070313,73.7319564819336,511.9845581054688,130.6204833984375,0.02453607134521
tile_r019299_c010851,3,0.0,392.6209106445313,19.28134536743164,445.7568359375,0.0231578219681978
tile_r019299_c010851,3,122.02381896972656,501.4234008789063,162.76243591308594,512.0,0.0217034332454204
tile_r019299_c010851,3,505.0675659179688,76.60868072509766,512.0,122.0674057006836,0.0209744330495595
tile_r019299_c010851,3,113.68768310546876,502.98138427734375,156.43080139160156,512.0,0.0208641402423381
tile_r019299_c010851,3,117.34188079833984,505.41741943359375,158.92684936523438,512.0,0.0204140283167362
tile_r019299_c010851,3,506.6913146972656,360.03302001953125,511.9766540527344,397.5963745117188,0.0190616361796855
tile_r019299_c010851,3,505.07135009765625,73.93243408203125,512.0,116.26953125,0.0179710816591978
tile_r019299_c010851,3,500.6682739257813,81.26850891113281,511.9691467285156,132.3804473876953,0.0178526099771261
tile_r019299_c010851,3,505.0060119628906,77.808349609375,512.0,127.587646484375,0.0169562343508005
tile_r019299_c010851,3,18.413305282592773,491.9454040527344,64.114013671875,511.5791015625,0.0157496705651283
tile_r019299_c010851,3,5.9732208251953125,489.72845458984375,69.9490966796875,511.5283203125,0.0133223021402955
tile_r019299_c010851,3,0.0,2.812496900558472,10.777324676513672,46.03289031982422,0.011770118959248
tile_r019299_c010851,3,121.5639190673828,506.6983947753906,164.98486328125,511.9610900878906,0.0112573280930519
tile_r019299_c010851,3,504.1168518066406,81.4462661743164,512.0,131.47837829589844,0.0098281018435955
tile_r019299_c010851,3,38.623573303222656,59.36629486083984,81.78944396972656,101.82533264160156,0.0090062245726585
tile_r019299_c010851,3,497.8980102539063,64.39018249511719,512.0,126.44084167480467,0.0086821308359503
tile_r019299_c010851,3,0.0141983032226562,0.0,18.53647804260254,42.6186637878418,0.0084887742996215
tile_r019299_c010851,3,501.7877502441406,360.4317321777344,512.0,407.5480346679688,0.0076451320201158
tile_r019299_c010851,3,0.0498828887939453,409.7265625,3.1740715503692627,440.331298828125,0.007525136694312
tile_r019299_c010851,3,0.0772014632821083,6.715621948242188,3.753728866577149,39.85966491699219,0.0072878459468483
tile_r019299_c010851,3,0.0290939323604106,291.8242492675781,10.58970546722412,345.91534423828125,0.0072776996530592
tile_r019299_c010851,3,327.1712951660156,0.0,363.7099609375,37.544219970703125,0.0065415203571319
tile_r019299_c010851,3,126.03018951416016,130.56886291503906,154.59664916992188,160.3203582763672,0.0064071961678564
tile_r019299_c010851,3,0.1033807769417762,1.8353058099746704,5.359916687011719,38.54380798339844,0.0063722748309373
tile_r019299_c010851,3,500.8981018066406,238.8018341064453,511.8097534179688,292.932861328125,0.0063015692867338
tile_r019299_c010851,3,394.0418090820313,0.0,444.1519165039063,5.080444812774658,0.0062579410150647
tile_r019299_c010851,3,0.1012329086661338,281.44390869140625,15.112887382507324,342.9842834472656,0.0062505882233381
tile_r019299_c010851,3,507.53515625,70.67163848876953,512.0,110.12054443359376,0.0061628413386642
tile_r019299_c010851,3,497.58587646484375,346.558837890625,512.0,407.1050720214844,0.0061341575346887
tile_r019299_c010851,3,0.0,11.720988273620604,6.917995452880859,45.27400588989258,0.0058620059862732
tile_r019299_c010851,3,26.8590030670166,507.53265380859375,62.54405975341797,511.795654296875,0.0057197315618395
tile_r019299_c010851,3,323.5502014160156,0.0470794662833213,366.4784851074219,41.19348907470703,0.0056616477668285
tile_r019299_c010851,3,124.9859390258789,129.81996154785156,155.1162109375,159.06539916992188,0.005621091928333
tile_r019299_c010851,3,506.31878662109375,234.63363647460935,512.0,287.0335998535156,0.0055416407994925
tile_r019299_c010851,3,30.888830184936523,499.4728393554688,64.52953338623047,511.7996215820313,0.0053701093420386
tile_r019299_c010851,3,508.02001953125,228.3218231201172,512.0,282.7816772460937,0.0052700610831379
tile_r019299_c010851,3,506.4923400878906,464.9293823242188,512.0,510.5523071289063,0.005164947360754
tile_r019299_c010851,3,103.38687896728516,499.7984008789063,147.6414031982422,512.0,0.0051376605406403
tile_r019299_c010851,3,108.53267669677734,500.5162963867188,154.08914184570312,512.0,0.0049262680113315
tile_r019299_c010851,3,4.938113212585449,500.6082153320313,50.30753707885742,512.0,0.004624146502465
tile_r019299_c010851,3,399.0163269042969,0.0,448.9151916503906,4.806530952453613,0.0046212878078222
tile_r019299_c010851,3,504.3995971679688,86.3150863647461,512.0,134.43594360351562,0.0042303358204662
tile_r019299_c010851,3,0.11517333984375,399.6523132324219,9.581247329711914,434.4847106933594,0.0040836809203028
tile_r019299_c010851,3,127.2669677734375,507.7240295410156,175.13951110839844,511.9579162597656,0.0039514829404652
tile_r019299_c010851,3,500.7723693847656,363.2505798339844,511.930908203125,413.92034912109375,0.0038671768270432
tile_r019299_c010851,3,129.4620819091797,500.9911193847656,179.65301513671875,511.7342834472656,0.0038371996488422
tile_r019299_c010851,3,404.3529052734375,0.002556610153988,453.4554748535156,4.067577838897705,0.0037588102277368
tile_r019299_c010851,3,392.1192932128906,0.1163330078125,448.040771484375,11.865341186523438,0.0036286092363297
tile_r019299_c010851,3,0.0194986350834369,7.50421142578125,2.311884641647339,45.90477752685547,0.0036274648737162
tile_r019299_c010851,3,506.3095703125,430.7044982910156,512.0,481.3475036621094,0.0034402790479362
tile_r019299_c010851,3,0.2398315370082855,406.013427734375,15.327653884887695,434.8381958007813,0.0033365439157932
tile_r019299_c010851,3,409.3892822265625,0.0087232589721679,457.8417053222656,3.5499489307403564,0.0033069313503801
tile_r019299_c010851,3,441.06195068359375,291.3857727050781,496.58740234375,347.4743347167969,0.0032561123371124
tile_r019299_c010851,3,0.0484804138541221,288.03662109375,6.948950290679932,329.9105529785156,0.003123024944216
tile_r019299_c010851,3,399.6637573242188,0.1375778168439865,456.2064514160156,10.886744499206545,0.0030728944111615
tile_r019299_c010851,3,0.0361024849116802,0.0,6.030503749847412,35.223899841308594,0.0030386801809072
tile_r019299_c010851,3,507.8330993652344,227.2142333984375,512.0,276.88189697265625,0.002984176389873
tile_r019299_c010851,3,508.3507690429688,355.50634765625,511.97021484375,393.1524353027344,0.0029789784457534
tile_r019299_c010851,3,500.5042419433594,225.9310760498047,511.9286193847656,287.4301147460937,0.0029494322370737
tile_r019299_c010851,3,0.019110107794404,300.6368713378906,7.5088701248168945,348.0638732910156,0.0029073844198137
tile_r019299_c010851,3,389.55181884765625,0.0015445708995684,437.7394104003906,5.351578235626221,0.0028794156387448
tile_r019299_c010851,3,501.9371948242188,249.31515502929688,511.7025451660156,298.24346923828125,0.0028357491828501
tile_r019299_c010851,3,504.2755432128906,364.79974365234375,512.0,421.22503662109375,0.0028323531150817
tile_r019299_c010851,3,2.629844665527344,493.6829223632813,67.86442565917969,512.0,0.0027444856241345
tile_r019299_c010851,3,501.1627502441406,88.3393325805664,511.8501892089844,137.87745666503906,0.0027292906306684
tile_r019299_c010851,3,0.0420972816646099,294.5245666503906,4.924380302429199,331.8360900878906,0.0027270759455859
tile_r019299_c010851,3,502.78851318359375,360.4085083007813,512.0,413.7354431152344,0.0026300749741494
tile_r019299_c010851,3,504.97509765625,241.8789520263672,512.0,290.3629455566406,0.0026085267309099
tile_r019299_c010851,3,507.9765625,423.771240234375,512.0,474.14752197265625,0.002437193877995
tile_r019299_c010851,3,487.26409912109375,62.55205154418945,512.0,140.58924865722656,0.0022682608105242
tile_r019299_c010851,3,0.2920593321323395,403.0991821289063,22.68770217895508,440.5514221191406,0.0022394389379769
tile_r019299_c010851,3,505.58306884765625,371.8786010742188,512.0,427.64794921875,0.0021824745927006
tile_r019299_c010851,3,126.0154266357422,131.0076904296875,154.36141967773438,158.69125366210938,0.0021116824354976
tile_r019299_c010851,3,508.7964477539063,226.64651489257807,512.0,270.5849609375,0.002090461552143
tile_r019299_c010851,3,507.9219665527344,477.3717651367188,512.0,511.8782653808594,0.0020766982343047
tile_r019299_c010851,3,0.0234842300415039,298.177734375,2.244182586669922,335.8461303710937,0.0019777799025177
tile_r019299_c010851,3,408.1604309082031,0.1743621826171875,467.1190490722656,10.225078582763672,0.0018596292939037
tile_r019299_c010851,3,0.0,0.6808334589004517,7.7625322341918945,28.75937271118164,0.0018521080492064
tile_r019299_c010851,3,0.0605129227042198,10.78379249572754,4.299541473388672,54.04478073120117,0.0017762351781129
tile_r019299_c010851,3,0.0,22.13235664367676,6.566000461578369,55.34122467041016,0.0017616441473364
tile_r019299_c010851,3,488.1624145507813,0.0,512.0,17.710647583007812,0.0017424005782231
tile_r019299_c010851,3,0.0451282486319541,409.4535217285156,2.6416125297546387,447.24658203125,0.0017237885622307
tile_r019299_c010851,3,0.0,375.58544921875,23.15592384338379,442.3004760742188,0.0016610814491286
tile_r019299_c010851,3,488.83544921875,68.79276275634766,511.6892700195313,143.78927612304688,0.0016450899420306
tile_r019299_c010851,3,279.75714111328125,0.0,318.88360595703125,4.54512357711792,0.0016349888173863
tile_r019299_c010851,3,163.68199157714844,273.46630859375,218.1879119873047,325.73651123046875,0.0015937779098749
tile_r019299_c010851,3,0.0,412.745361328125,8.661284446716309,450.6524353027344,0.0015729998704046
tile_r019299_c010851,3,255.03042602539065,0.1849853545427322,315.4110717773437,15.17314910888672,0.0015646234387531
tile_r019299_c010851,3,415.3250427246094,0.0134819028899073,462.1438598632813,3.478973865509033,0.0015512191457673
tile_r019299_c010851,3,166.30401611328125,476.39691162109375,201.9136505126953,505.4923400878906,0.0015168749960139
tile_r019299_c010851,3,505.7001953125,455.5838012695313,512.0,509.0393676757813,0.0015160114271566
tile_r019299_c010851,3,87.0964126586914,495.49603271484375,156.27650451660156,511.979736328125,0.0015081190504133
tile_r019299_c010851,3,384.34124755859375,0.0779388397932052,442.3567810058594,13.271398544311523,0.0014522389974445
tile_r019299_c010851,3,171.4576873779297,477.958740234375,196.02960205078125,498.0633850097656,0.0014406436821445
tile_r019299_c010851,3,498.7940368652344,50.467384338378906,512.0,117.9588851928711,0.0014369676355272
tile_r019299_c010851,3,384.2496948242188,0.0,430.2481994628906,5.1388468742370605,0.001391966943629
tile_r019299_c010851,3,0.0138366697356104,310.2806701660156,7.1597580909729,358.2872619628906,0.0013796160928905
tile_r019299_c010851,3,272.07745361328125,0.128071591258049,323.1847229003906,11.988248825073242,0.0013748921919614
tile_r019299_c010851,3,506.6012268066406,437.666748046875,512.0,486.7039489746094,0.0013560587540268
tile_r019299_c010851,3,134.2278594970703,508.0869140625,183.4925079345703,511.9852600097656,0.0013535672333091
tile_r019299_c010851,3,0.0175176616758108,321.6524658203125,5.388054847717285,363.895263671875,0.0013516342733055
tile_r019299_c010851,3,96.39383697509766,500.7463989257813,138.3106231689453,511.954345703125,0.0013510886346921
tile_r019299_c010851,3,105.87955474853516,439.5762634277344,161.92544555664062,488.89361572265625,0.0013364951591938
tile_r019299_c010851,3,0.0702989548444747,302.30377197265625,2.2755801677703857,350.41607666015625,0.001325452234596
tile_r019299_c010851,3,0.0,477.8949279785156,74.21537017822266,512.0,0.0013131547020748
tile_r019299_c010851,3,0.0406064987182617,309.0193786621094,4.621633052825928,358.9951171875,0.0012829944025725
tile_r019299_c010851,3,82.95572662353516,468.62591552734375,162.4222869873047,512.0,0.0012820574920624
tile_r019299_c010851,3,1.0115569829940796,384.9779052734375,22.354700088500977,467.0520629882813,0.0012431228533387
tile_r019299_c010851,3,504.2862854003906,89.4236068725586,512.0,141.15365600585938,0.0012103532208129
tile_r019299_c010851,3,184.5321350097656,507.0650939941406,224.4079132080078,512.0,0.0011997037800028
tile_r019299_c010851,3,506.59417724609375,380.90667724609375,512.0,434.3519592285156,0.0011967095779255
tile_r019299_c010851,3,0.0,0.0841840729117393,10.415379524230955,19.32699012756348,0.0011830909643322
tile_r019299_c010851,3,0.644116222858429,0.0,32.48618698120117,25.972644805908203,0.0011772424913942
tile_r019299_c010851,3,0.0871343612670898,21.489177703857425,4.723907470703125,60.39315032958984,0.0011633835965767
tile_r019299_c010851,3,142.15757751464844,507.13720703125,190.1098175048828,512.0,0.0011397504713386
tile_r019299_c010851,3,488.216796875,346.374755859375,512.0,421.00982666015625,0.001138964202255
tile_r019299_c010851,3,0.0468532554805278,283.4057006835937,7.57174015045166,324.4161682128906,0.0011296150041744
tile_r019299_c010851,3,93.11116027832033,474.7886352539063,168.87844848632812,512.0,0.0011135091772302
tile_r019299_c010851,3,0.145242303609848,265.9397888183594,21.169034957885746,338.96197509765625,0.0010922591900452
tile_r019299_c010851,3,503.076171875,470.0165100097656,511.888671875,512.0,0.0010673088254407
tile_r019299_c010851,3,504.9541931152344,247.1566925048828,512.0,295.0567626953125,0.0010271393693983
tile_r019299_c010851,3,0.0,423.2933654785156,11.962273597717283,474.63861083984375,0.0010215085931122
tile_r019299_c010851,3,421.2819213867188,0.0272695533931255,467.5733947753906,3.667338132858277,0.0010062797227874
tile_r019299_c011107,3,305.5740661621094,462.8030700683594,349.98046875,506.5777893066406,0.8829185962677002
tile_r019299_c011107,3,381.1675415039063,470.75439453125,436.3734436035156,511.958251953125,0.8656045198440552
tile_r019299_c011107,3,248.7796173095703,69.81529235839844,318.4918212890625,129.84744262695312,0.8438803553581238
tile_r019299_c011107,3,187.1794891357422,295.40362548828125,235.8699188232422,343.9056396484375,0.833712100982666
tile_r019299_c011107,3,69.83975982666016,0.72222900390625,107.2842025756836,38.26593017578125,0.7745301127433777
tile_r019299_c011107,3,222.5543670654297,170.93746948242188,276.8865661621094,224.2864990234375,0.7402054667472839
tile_r019299_c011107,3,372.6253662109375,179.41184997558594,434.9010620117188,234.5947265625,0.7228209376335144
tile_r019299_c011107,3,355.51483154296875,383.7263793945313,415.5257873535156,438.24267578125,0.6835520267486572
tile_r019299_c011107,3,295.36993408203125,263.2674560546875,349.33984375,308.38897705078125,0.4604932367801666
tile_r019299_c011107,3,324.1358337402344,35.61168670654297,374.2454528808594,82.916259765625,0.4494606256484985
tile_r019299_c011107,3,326.30767822265625,37.88827133178711,372.05657958984375,79.86576080322266,0.4239057898521423
tile_r019299_c011107,3,291.9951171875,259.6617126464844,351.8310852050781,311.963623046875,0.22329081594944
tile_r019299_c011107,3,359.1222229003906,386.3729248046875,413.6165161132813,435.0338745117188,0.1280048042535781
tile_r019299_c011107,3,369.7888488769531,175.34510803222656,437.3209533691406,239.1270751953125,0.0617245621979236
tile_r019299_c011107,3,224.1500701904297,173.0011444091797,274.68035888671875,223.0968475341797,0.0431219451129436
tile_r019299_c011107,3,292.9888916015625,261.74468994140625,350.1010437011719,310.7616577148437,0.0191884189844131
tile_r019299_c011107,3,376.3318481445313,465.51556396484375,444.5799865722656,512.0,0.0159368813037872
tile_r019299_c011107,3,501.0318908691406,1.780734300613403,512.0,54.5065803527832,0.0118339518085122
tile_r019299_c011107,3,505.9847106933594,0.0,512.0,37.97469329833984,0.01149548497051
tile_r019299_c011107,3,504.6731872558594,0.0,512.0,45.70829391479492,0.0107755362987518
tile_r019299_c011107,3,507.5151977539063,2.871569871902466,512.0,50.448829650878906,0.0106149213388562
tile_r019299_c011107,3,505.4546508789063,6.431027412414551,512.0,55.82907104492188,0.008628798648715
tile_r019299_c011107,3,507.2749633789063,1.2618499994277954,511.99945068359375,28.060571670532227,0.0076539861038327
tile_r019299_c011107,3,496.55377197265625,0.0,512.0,45.77696990966797,0.0061030322685837
tile_r019299_c011107,3,137.45535278320312,0.0,188.9440155029297,5.223357200622559,0.0054370518773794
tile_r019299_c011107,3,71.18680572509766,0.0,107.7222137451172,37.458274841308594,0.0048896730877459
tile_r019299_c011107,3,67.60874938964844,0.0576873794198036,110.38089752197266,41.092098236083984,0.004823958966881
tile_r019299_c011107,3,221.0888214111328,170.29190063476562,277.92901611328125,226.39144897460935,0.0046604131348431
tile_r019299_c011107,3,505.502197265625,9.33913230895996,512.0,61.58536911010742,0.0045190672390162
tile_r019299_c011107,3,490.3179626464844,0.0100524900481104,510.9683532714844,7.616073608398437,0.0041651702485978
tile_r019299_c011107,3,142.3704376220703,0.0,193.68310546875,4.97000789642334,0.0040229521691799
tile_r019299_c011107,3,135.21319580078125,0.1155059784650802,194.1429748535156,11.798391342163086,0.003935960587114
tile_r019299_c011107,3,501.588623046875,5.177233695983887,511.90032958984375,62.12453079223633,0.0035030706785619
tile_r019299_c011107,3,142.7043914794922,0.1334075927734375,201.91883850097656,10.822678565979004,0.003473209682852
tile_r019299_c011107,3,147.60989379882812,0.0,198.2117462158203,4.282284259796143,0.003402465255931
tile_r019299_c011107,3,184.99929809570312,291.6732788085937,239.9487762451172,347.3683166503906,0.0033304570242762
tile_r019299_c011107,3,506.1512145996094,14.360021591186523,512.0,66.62403869628906,0.0031670129392296
tile_r019299_c011107,3,152.53775024414062,0.0050720213912427,202.7019195556641,3.787575483322144,0.0031059286557137
tile_r019299_c011107,3,505.5707092285156,0.2119155824184417,512.0,16.32699966430664,0.0027822845149785
tile_r019299_c011107,3,132.9447784423828,0.0019111633300781,182.6011657714844,5.491274833679199,0.0025313640944659
tile_r019299_c011107,3,151.06137084960938,0.165536493062973,212.4344024658203,10.088800430297852,0.002288062358275
tile_r019299_c011107,3,501.3539123535156,12.115765571594238,511.7823791503906,67.9211196899414,0.0022834080737084
tile_r019299_c011107,3,230.3018035888672,258.10821533203125,249.9086456298828,276.392578125,0.0020810270216315
tile_r019299_c011107,3,385.28125,501.8131713867188,432.9068908691406,512.0,0.0020316268783062
tile_r019299_c011107,3,504.37249755859375,20.39419174194336,512.0,72.15280151367188,0.0018534043338149
tile_r019299_c011107,3,409.06243896484375,503.0015258789063,447.7765197753906,512.0,0.0016149315051734
tile_r019299_c011107,3,358.2957458496094,505.787109375,389.7874450683594,512.0,0.0015504424227401
tile_r019299_c011107,3,438.2132263183594,505.9335021972656,485.7581481933594,512.0,0.0015482723247259
tile_r019299_c011107,3,158.52352905273438,0.0070632933638989,207.1454315185547,3.689339876174927,0.0015224193921312
tile_r019299_c011107,3,127.41014099121094,0.0787765532732009,188.1900634765625,13.115280151367188,0.0014836906921118
tile_r019299_c011107,3,380.7552795410156,501.52337646484375,430.001708984375,512.0,0.0012899043504148
tile_r019299_c011107,3,318.0431823730469,506.4894104003906,358.55145263671875,512.0,0.0012559203896671
tile_r019299_c011107,3,127.6639633178711,0.0,175.05062866210938,5.267290115356445,0.0012239681091159
tile_r019299_c011107,3,316.6863708496094,498.549072265625,371.5662841796875,511.9710998535156,0.0010851429542526
tile_r019299_c011107,3,417.3128051757813,503.70745849609375,451.2120971679688,512.0,0.0010429149260744
tile_r019299_c011107,3,164.52127075195312,0.0207786560058593,212.7490234375,3.813354015350342,0.0010086033726111
tile_r019299_c011107,3,24.15260887145996,0.0,63.5473861694336,4.774936676025391,0.0010085764806717
tile_r019299_c011363,3,291.2637939453125,0.2267272919416427,349.6634216308594,51.00043487548828,0.9218094348907472
tile_r019299_c011363,3,48.90353012084961,462.0543518066406,94.697265625,507.128173828125,0.8805564045906067
tile_r019299_c011363,3,124.49546813964844,469.9268493652344,180.9812469482422,511.9662170410156,0.8591368794441223
tile_r019299_c011363,3,0.0,67.55397033691406,63.241661071777344,132.12965393066406,0.7672460675239563
tile_r019299_c011363,3,409.7908630371094,249.0085906982422,463.5830078125,297.14434814453125,0.754334568977356
tile_r019299_c011363,3,338.1611328125,145.6842498779297,396.3395080566406,202.8901214599609,0.7503686547279358
tile_r019299_c011363,3,98.9128646850586,382.8449401855469,159.93064880371094,438.8384399414063,0.7096235156059265
tile_r019299_c011363,3,115.8753662109375,178.2914276123047,179.67160034179688,235.613525390625,0.7080094218254089
tile_r019299_c011363,3,390.61468505859375,0.0,457.01959228515625,33.190460205078125,0.6846649646759033
tile_r019299_c011363,3,447.4500122070313,416.2293395996094,510.2590942382813,481.4424743652344,0.6346602439880371
tile_r019299_c011363,3,485.5506286621094,91.81717681884766,512.0,142.0553436279297,0.6293311715126038
tile_r019299_c011363,3,0.0,164.88998413085938,27.983190536499023,230.3427276611328,0.5601279735565186
tile_r019299_c011363,3,67.49199676513672,34.86975860595703,118.7851333618164,83.44358825683594,0.509513258934021
tile_r019299_c011363,3,466.41448974609375,485.01806640625,511.074462890625,511.8310546875,0.50655198097229
tile_r019299_c011363,3,34.489410400390625,258.31201171875,96.46827697753906,313.41217041015625,0.4512895047664642
tile_r019299_c011363,3,38.31428909301758,261.9818725585937,94.25894927978516,309.7381591796875,0.4129522144794464
tile_r019299_c011363,3,69.87842559814453,37.25800704956055,116.54080963134766,80.46437072753906,0.3615608215332031
tile_r019299_c011363,3,0.0,169.23924255371094,22.717714309692383,224.467041015625,0.2720434367656708
tile_r019299_c011363,3,444.35638427734375,413.3277282714844,510.4869689941406,484.4620056152344,0.1916317194700241
tile_r019299_c011363,3,411.2057189941406,250.1455841064453,463.9436645507813,294.9242248535156,0.1221051216125488
tile_r019299_c011363,3,480.6694946289063,86.04539489746094,511.8550415039063,148.1383514404297,0.1024695038795471
tile_r019299_c011363,3,113.12928771972656,174.13504028320312,181.94235229492188,239.9520568847656,0.0974071845412254
tile_r019299_c011363,3,102.76871490478516,385.7437133789063,157.89566040039062,435.39654541015625,0.0955162644386291
tile_r019299_c011363,3,384.8530883789063,0.0,465.1253967285156,39.14091110229492,0.0643549859523773
tile_r019299_c011363,3,456.2192993164063,480.3411560058594,512.0,512.0,0.0627146810293197
tile_r019299_c011363,3,492.7881774902344,97.09429168701172,512.0,136.8544921875,0.0379495210945606
tile_r019299_c011363,3,336.8052978515625,143.40695190429688,398.4048461914063,204.43667602539065,0.028360329568386
tile_r019299_c011363,3,397.9986267089844,0.1312164366245269,452.1539001464844,28.561304092407227,0.0201021432876586
tile_r019299_c011363,3,499.69537353515625,226.3223571777344,511.9382934570313,287.1972351074219,0.0187354106456041
tile_r019299_c011363,3,119.2857666015625,464.5294799804688,189.28933715820312,512.0,0.0184721611440181
tile_r019299_c011363,3,333.9023742675781,140.85728454589844,399.9164123535156,207.6177215576172,0.0169278103858232
tile_r019299_c011363,3,407.8484802246094,245.6181640625,467.4547729492188,298.9873962402344,0.0166290551424026
tile_r019299_c011363,3,0.0,150.99954223632812,38.02361297607422,247.41238403320312,0.0161834172904491
tile_r019299_c011363,3,0.0,357.12567138671875,13.339582443237305,419.8084411621094,0.0120487483218312
tile_r019299_c011363,3,504.08935546875,228.4443817138672,512.0,280.49237060546875,0.0116424048319458
tile_r019299_c011363,3,500.4857482910156,234.7244110107422,511.895263671875,292.7358093261719,0.0096248900517821
tile_r019299_c011363,3,0.0,156.315673828125,34.0821647644043,234.5732879638672,0.0093011064454913
tile_r019299_c011363,3,505.61138916015625,227.7800750732422,512.0,276.977783203125,0.0076591707766056
tile_r019299_c011363,3,0.0,178.57791137695312,10.74233055114746,220.9368133544922,0.0073656514286994
tile_r019299_c011363,3,477.991455078125,491.6405334472656,510.9395446777344,510.5249633789063,0.0070721376687288
tile_r019299_c011363,3,503.52349853515625,229.51040649414065,512.0,287.2042541503906,0.0063981562852859
tile_r019299_c011363,3,0.0325271598994731,365.3862915039063,8.942055702209473,421.3329162597656,0.005661008413881
tile_r019299_c011363,3,0.0901596099138259,73.7983627319336,8.355727195739746,102.36036682128906,0.0044529410079121
tile_r019299_c011363,3,478.35296630859375,486.5083618164063,512.0,510.7625122070313,0.0044071353040635
tile_r019299_c011363,3,499.3771057128906,213.0247344970703,512.0,282.3758544921875,0.0043675443157553
tile_r019299_c011363,3,0.0,184.0421142578125,7.464669227600098,222.6011199951172,0.0043230317533016
tile_r019299_c011363,3,0.0,177.55453491210938,17.568111419677734,223.4266357421875,0.0042025572620332
tile_r019299_c011363,3,507.9938354492188,222.5865478515625,512.0,273.4842224121094,0.0040182317607104
tile_r019299_c011363,3,491.8903198242188,99.84465789794922,512.0,138.6685028076172,0.0033501158468425
tile_r019299_c011363,3,0.045254897326231,366.02191162109375,3.693469524383545,417.79388427734375,0.0033345939591526
tile_r019299_c011363,3,0.0,434.7222595214844,11.037765502929688,490.352294921875,0.0032302422914654
tile_r019299_c011363,3,0.0,160.92745971679688,27.92633056640625,234.55862426757807,0.0031770789064466
tile_r019299_c011363,3,0.0315278992056846,439.8731384277344,3.473960876464844,480.81195068359375,0.0031050131656229
tile_r019299_c011363,3,0.032754898071289,361.46917724609375,4.952939987182617,413.41741943359375,0.00297870230861
tile_r019299_c011363,3,491.4099731445313,0.0,512.0,24.04914283752441,0.002576767001301
tile_r019299_c011363,3,498.1057739257813,94.5361557006836,511.966796875,133.05429077148438,0.0025176659692078
tile_r019299_c011363,3,0.0452770218253135,360.8898620605469,6.794129848480225,402.1069641113281,0.0025088593829423
tile_r019299_c011363,3,504.1251525878906,233.8832244873047,512.0,294.88720703125,0.0024736700579524
tile_r019299_c011363,3,0.0507524497807025,359.51171875,6.044042587280273,408.59027099609375,0.0024667694233357
tile_r019299_c011363,3,387.919189453125,0.157022088766098,473.9358825683594,46.06453323364258,0.0023978701792657
tile_r019299_c011363,3,0.0,342.3434753417969,17.034931182861328,416.9334106445313,0.0022551398724317
tile_r019299_c011363,3,0.0,445.365966796875,7.862780094146728,493.1712341308594,0.0021904213353991
tile_r019299_c011363,3,500.7037658691406,240.6036071777344,511.8124084472656,307.7640991210937,0.0019479248439893
tile_r019299_c011363,3,0.0196290966123342,74.27833557128906,6.507592678070068,108.0912094116211,0.0018992669647559
tile_r019299_c011363,3,128.72445678710938,501.6262817382813,177.30245971679688,512.0,0.0018851694185286
tile_r019299_c011363,3,0.0465530380606651,501.8621215820313,9.370640754699709,511.896484375,0.0018730993615463
tile_r019299_c011363,3,374.473388671875,0.3664184510707855,468.54290771484375,51.42145919799805,0.0018670780118554
tile_r019299_c011363,3,475.32373046875,73.20829772949219,512.0,171.97323608398438,0.0018630248960107
tile_r019299_c011363,3,0.0,157.5509490966797,37.87110137939453,253.20822143554688,0.0018181309569627
tile_r019299_c011363,3,0.0216152183711528,442.4851989746094,2.985493898391724,487.09075927734375,0.0018050307407975
tile_r019299_c011363,3,0.0,171.42626953125,14.15390968322754,221.2940368652344,0.0017336104065179
tile_r019299_c011363,3,483.36474609375,97.55354309082033,510.9070739746094,147.0651397705078,0.0016617766814306
tile_r019299_c011363,3,0.0,183.7432556152344,21.081676483154297,231.135009765625,0.0015880838036537
tile_r019299_c011363,3,101.5253448486328,505.65234375,134.4425048828125,512.0,0.0015355180948972
tile_r019299_c011363,3,181.50247192382807,505.8540649414063,230.2451171875,512.0,0.0014835090842097
tile_r019299_c011363,3,61.05561447143555,506.20257568359375,103.1649169921875,512.0,0.0013613546034321
tile_r019299_c011363,3,505.53851318359375,240.6470642089844,512.0,301.9766540527344,0.0013317867415025
tile_r019299_c011363,3,508.35931396484375,215.6361541748047,512.0,269.16326904296875,0.0012791745830327
tile_r019299_c011363,3,0.0247028358280658,370.5540771484375,2.820610761642456,423.3253479003906,0.0012687896378338
tile_r019299_c011363,3,500.77288818359375,351.0611267089844,511.9361877441406,417.42425537109375,0.0012179960031062
tile_r019299_c011363,3,444.1865234375,402.7672424316406,511.5383911132813,469.4466247558594,0.0011825778055936
tile_r019299_c011363,3,124.35184478759766,501.3924255371094,174.30064392089844,512.0,0.0011816443875432
tile_r019299_c011363,3,500.8421020507813,364.3035888671875,511.89794921875,427.3175659179688,0.0011806811671704
tile_r019299_c011363,3,418.0191955566406,0.0,461.2786560058594,24.309728622436523,0.0011755342129617
tile_r019299_c011363,3,446.5284729003906,488.03997802734375,510.5787658691406,512.0,0.0011754787992686
tile_r019299_c011363,3,286.5533447265625,0.1200336441397667,337.9812316894531,7.547410488128662,0.0011679683811962
tile_r019299_c011363,3,295.7512512207031,0.0718505829572677,346.46002197265625,11.14719295501709,0.0011585965985432
tile_r019299_c011363,3,0.0335418693721294,373.2728576660156,6.681272029876709,423.945068359375,0.001128802425228
tile_r019299_c011363,3,386.6948852539063,498.162109375,430.05322265625,511.7457580566406,0.0011069097090512
tile_r019299_c011363,3,0.0,195.6397247314453,29.630199432373047,249.8169708251953,0.0010648211464285
tile_r019299_c011363,3,0.0,167.79193115234375,19.149810791015625,211.51138305664065,0.0010646340670064
tile_r019299_c011363,3,152.31112670898438,502.86724853515625,192.2743225097656,512.0,0.0010415515862405
tile_r019299_c011363,3,0.023689841851592,187.45919799804688,5.47789478302002,228.0377197265625,0.0010391714749857
tile_r019299_c011363,3,0.0,247.4698028564453,7.1392340660095215,304.7567443847656,0.0010386068606749
tile_r019299_c011363,3,0.0,416.7210083007813,12.9815034866333,487.283447265625,0.0010233339853584
tile_r019299_c011363,3,0.0,144.25892639160156,38.7736930847168,225.1855926513672,0.001004894496873
tile_r019299_c011619,3,32.92467498779297,0.0,95.69698333740234,53.8404541015625,0.919161319732666
tile_r019299_c011619,3,81.44254302978516,145.02622985839844,140.97096252441406,203.66799926757807,0.6831239461898804
tile_r019299_c011619,3,153.4034881591797,248.5251007080078,207.7960205078125,297.59100341796875,0.6751492619514465
tile_r019299_c011619,3,133.12286376953125,0.0,202.30874633789065,34.42131423950195,0.6748232841491699
tile_r019299_c011619,3,227.6971435546875,90.02670288085938,282.6007995605469,140.55844116210938,0.6658218502998352
tile_r019299_c011619,3,204.8923797607422,473.931396484375,292.9964599609375,511.72454833984375,0.6260576844215393
tile_r019299_c011619,3,190.4254913330078,416.22406005859375,255.6621856689453,481.9536743164063,0.5664219260215759
tile_r019299_c011619,3,259.0970764160156,239.9283447265625,315.8378295898437,295.89898681640625,0.5045145750045776
tile_r019299_c011619,3,256.6051025390625,237.7053680419922,317.87652587890625,297.92364501953125,0.3688648641109466
tile_r019299_c011619,3,186.7635803222656,412.3442993164063,259.352783203125,485.807373046875,0.2617595791816711
tile_r019299_c011619,3,154.83700561523438,249.7372283935547,208.14773559570312,295.33843994140625,0.1525076329708099
tile_r019299_c011619,3,211.52981567382807,479.6263122558594,288.0541076660156,511.7088317871094,0.1174230650067329
tile_r019299_c011619,3,126.96868896484376,0.0,209.6414337158203,40.49962615966797,0.1109885722398758
tile_r019299_c011619,3,79.93983459472656,142.6361846923828,143.04385375976562,205.23336791992188,0.08000248670578
tile_r019299_c011619,3,232.5306701660156,94.1223373413086,279.4379577636719,136.9414520263672,0.0611291527748107
tile_r019299_c011619,3,387.4942932128906,499.4600524902344,452.2462463378906,512.0,0.0572884604334831
tile_r019299_c011619,3,151.3231964111328,245.16110229492188,211.5687713623047,299.48553466796875,0.0347073450684547
tile_r019299_c011619,3,398.3608093261719,501.3756408691406,453.2581176757813,512.0,0.0268665514886379
tile_r019299_c011619,3,390.3458251953125,503.7931213378906,445.4842224121094,512.0,0.02068942040205
tile_r019299_c011619,3,141.1056365966797,0.1386428773403167,197.3366241455078,29.504657745361328,0.0160085093230009
tile_r019299_c011619,3,373.7703552246094,497.1969604492188,449.50433349609375,512.0,0.0158294793218374
tile_r019299_c011619,3,383.6275939941406,502.4910583496094,439.3152770996094,512.0,0.0145972901955246
tile_r019299_c011619,3,76.84226989746094,139.81297302246094,144.54714965820312,208.5865936279297,0.0142362574115395
tile_r019299_c011619,3,378.9962158203125,490.1443481445313,460.2100524902344,512.0,0.0135580236092209
tile_r019299_c011619,3,393.9044494628906,505.6541137695313,449.8622131347656,512.0,0.0091534424573183
tile_r019299_c011619,3,407.3904418945313,501.065673828125,458.2674255371094,511.8651428222656,0.0058142179623246
tile_r019299_c011619,3,332.8910522460937,498.8143005371094,417.1744689941406,512.0,0.005128804128617
tile_r019299_c011619,3,344.8248291015625,498.86669921875,431.3448791503906,512.0,0.0047415932640433
tile_r019299_c011619,3,390.91693115234375,491.248046875,457.6729431152344,511.9129943847656,0.0045499741099774
tile_r019299_c011619,3,363.2912292480469,486.3543090820313,460.8427734375,511.7205200195313,0.0043474566191434
tile_r019299_c011619,3,0.0,0.0,21.393428802490234,21.02513313293457,0.0043111252598464
tile_r019299_c011619,3,197.0625,466.2341918945313,293.382080078125,511.7550659179688,0.0040980139747262
tile_r019299_c011619,3,398.5587768554688,507.024169921875,454.7267456054688,512.0,0.0036094121169298
tile_r019299_c011619,3,374.0143127441406,502.3816528320313,430.7466430664063,511.9644165039063,0.0031438148580491
tile_r019299_c011619,3,492.244384765625,0.0,512.0,26.063461303710938,0.0031430751550942
tile_r019299_c011619,3,0.0484844222664833,0.0,10.771093368530272,17.318618774414062,0.0029933024197816
tile_r019299_c011619,3,0.0,0.7728561162948608,12.812860488891602,38.65636444091797,0.0029282837640494
tile_r019299_c011619,3,357.500732421875,497.03656005859375,445.0153198242188,512.0,0.0027725787367671
tile_r019299_c011619,3,131.1342315673828,0.2494659423828125,219.0955810546875,47.04950714111328,0.0024436074309051
tile_r019299_c011619,3,116.9651336669922,0.3815155029296875,214.04067993164065,52.61138153076172,0.00220508268103
tile_r019299_c011619,3,320.497802734375,498.2499084472656,406.8170776367188,512.0,0.002006069291383
tile_r019299_c011619,3,206.569091796875,491.1360778808594,265.7257995605469,510.7943420410156,0.0019926954992115
tile_r019299_c011619,3,342.8217163085937,505.7721557617188,400.92291259765625,512.0,0.0017314744181931
tile_r019299_c011619,3,219.55764770507807,482.8577270507813,286.36114501953125,511.5796813964844,0.0013582399114966
tile_r019299_c011619,3,362.6009826660156,503.754638671875,427.1694946289063,511.9275512695313,0.0013458968605846
tile_r019299_c011619,3,0.4002670347690582,0.0,19.146657943725582,9.303239822387695,0.0013121119700372
tile_r019299_c011619,3,505.4175415039063,0.0,512.0,33.01953887939453,0.0013029297115281
tile_r019299_c011619,3,405.572265625,507.5220642089844,458.42578125,511.9815979003906,0.0012765870196744
tile_r019299_c011619,3,22.329050064086918,0.0,104.8660125732422,60.235382080078125,0.0012608567485585
tile_r019299_c011619,3,347.67120361328125,506.8053588867188,407.8497009277344,512.0,0.0012388698523864
tile_r019299_c011619,3,0.0,0.0,53.788124084472656,20.14385223388672,0.0012225954560562
tile_r019299_c011619,3,0.0,3.690692186355591,9.784273147583008,61.062049865722656,0.0011310600675642
tile_r019299_c011619,3,504.9705200195313,0.0,512.0,41.61368179321289,0.0011268658563494
tile_r019299_c011619,3,129.40921020507812,497.54205322265625,175.26760864257812,511.74609375,0.0010552437743172
tile_r019299_c011619,3,174.21389770507812,484.441162109375,257.715087890625,512.0,0.0010551804443821
tile_r019299_c011619,3,410.15716552734375,498.9762268066406,473.30657958984375,511.7791137695313,0.0010352140525355
tile_r019555_c010083,3,392.7276611328125,332.9393920898437,448.0659790039063,385.60687255859375,0.8733327388763428
tile_r019555_c010083,3,276.1943359375,175.5751495361328,330.34771728515625,225.1541290283203,0.8391031622886658
tile_r019555_c010083,3,421.03912353515625,401.315185546875,463.7254943847656,443.1109008789063,0.8365524411201477
tile_r019555_c010083,3,0.7730194330215454,258.8624267578125,40.109901428222656,295.8798522949219,0.7985363006591797
tile_r019555_c010083,3,351.16900634765625,234.6581115722656,429.2232971191406,305.6803283691406,0.7866128087043762
tile_r019555_c010083,3,279.4264831542969,372.0992431640625,346.91796875,432.3653869628906,0.7851670980453491
tile_r019555_c010083,3,23.401430130004883,341.7492980957031,60.60518646240234,374.0848388671875,0.7388409376144409
tile_r019555_c010083,3,267.8830871582031,63.54270553588867,314.6778259277344,110.0475845336914,0.6850479245185852
tile_r019555_c010083,3,425.7677307128906,50.37234878540039,472.5438537597656,94.5120849609375,0.6613365411758423
tile_r019555_c010083,3,251.6127014160156,147.0557861328125,304.1028137207031,196.81219482421875,0.6534382700920105
tile_r019555_c010083,3,35.16967010498047,415.586181640625,70.64375305175781,449.68499755859375,0.6084949374198914
tile_r019555_c010083,3,252.17495727539065,232.2886962890625,294.30535888671875,275.72711181640625,0.5412492156028748
tile_r019555_c010083,3,133.28326416015625,0.0,205.50125122070312,28.7938175201416,0.5365558862686157
tile_r019555_c010083,3,353.4996032714844,0.0168548580259084,396.8985900878906,19.20952033996582,0.4545882642269134
tile_r019555_c010083,3,219.3987579345703,30.3989200592041,272.5799255371094,86.61986541748047,0.3999422490596771
tile_r019555_c010083,3,460.0606994628906,434.1024475097656,496.6429748535156,467.0308532714844,0.336063951253891
tile_r019555_c010083,3,348.6788330078125,0.0517364516854286,403.7386779785156,24.675552368164062,0.3152243793010711
tile_r019555_c010083,3,432.93212890625,267.2166748046875,458.2545471191406,293.2109680175781,0.2617748081684112
tile_r019555_c010083,3,411.3956909179688,447.708740234375,478.9517517089844,510.1275329589844,0.2379896491765976
tile_r019555_c010083,3,108.1041030883789,499.4030151367188,165.5210418701172,512.0,0.1739383786916732
tile_r019555_c010083,3,280.9071960449219,372.7622680664063,347.8197937011719,430.5931701660156,0.164793387055397
tile_r019555_c010083,3,38.213966369628906,417.7769470214844,68.05317687988281,446.8162231445313,0.1440864950418472
tile_r019555_c010083,3,128.50408935546875,0.0,213.0631866455078,34.259918212890625,0.0978444367647171
tile_r019555_c010083,3,109.6954116821289,502.30657958984375,158.48683166503906,512.0,0.0858954712748527
tile_r019555_c010083,3,462.759033203125,437.0596618652344,493.1344299316406,466.0101013183594,0.0815581083297729
tile_r019555_c010083,3,140.2592010498047,0.0,204.6758575439453,25.69248390197754,0.0768284946680069
tile_r019555_c010083,3,118.63077545166016,500.8771057128906,164.33905029296875,512.0,0.0749358683824539
tile_r019555_c010083,3,460.376953125,435.9322204589844,493.70355224609375,465.9803771972656,0.0660190135240554
tile_r019555_c010083,3,117.11592864990234,503.3102111816406,159.4374237060547,511.9823303222656,0.0575505644083023
tile_r019555_c010083,3,33.030372619628906,413.135009765625,73.604736328125,452.7501525878906,0.0489196926355361
tile_r019555_c010083,3,96.16754150390624,496.5885620117188,166.511962890625,512.0,0.0475009828805923
tile_r019555_c010083,3,223.447265625,34.685791015625,269.25,82.23667907714844,0.0464252792298793
tile_r019555_c010083,3,355.6910400390625,0.0,392.3756713867188,14.904661178588867,0.0442276149988174
tile_r019555_c010083,3,412.0252075195313,449.3053283691406,478.6378784179688,510.2999877929688,0.0381788164377212
tile_r019555_c010083,3,0.0828033462166786,463.864501953125,18.705724716186523,512.0,0.0345957651734352
tile_r019555_c010083,3,271.1545715332031,171.92750549316406,331.7929077148437,226.35205078125,0.0322361066937446
tile_r019555_c010083,3,428.30126953125,52.77381134033203,469.87060546875,91.3900146484375,0.0301778614521026
tile_r019555_c010083,3,89.23106384277344,488.3580932617188,174.5425567626953,511.60784912109375,0.022288653999567
tile_r019555_c010083,3,100.61961364746094,491.4671020507813,171.8794708251953,511.9236450195313,0.0222736485302448
tile_r019555_c010083,3,0.1040634140372276,471.986572265625,13.690999031066896,510.8075256347656,0.0214909836649894
tile_r019555_c010083,3,99.45669555664062,502.629638671875,154.0243682861328,512.0,0.0192007590085268
tile_r019555_c010083,3,431.93157958984375,267.21148681640625,460.5130920410156,294.1173095703125,0.0178257245570421
tile_r019555_c010083,3,429.308837890625,265.89080810546875,461.33251953125,296.3505249023437,0.0153152104467153
tile_r019555_c010083,3,355.2470703125,238.2046356201172,425.5652770996094,300.5503845214844,0.0149182230234146
tile_r019555_c010083,3,21.432615280151367,339.13531494140625,64.98220825195312,377.7761840820313,0.0147741315886378
tile_r019555_c010083,3,408.4247131347656,445.7150268554688,482.6911010742188,511.7149353027344,0.0129728643223643
tile_r019555_c010083,3,25.416162490844727,345.0318908691406,57.50150680541992,371.6287231445313,0.0127019109204411
tile_r019555_c010083,3,87.2449722290039,503.8968200683594,142.47427368164062,511.9913024902344,0.0110520515590906
tile_r019555_c010083,3,357.13238525390625,0.0,393.5751953125,12.316951751708984,0.0098638590425252
tile_r019555_c010083,3,92.4744644165039,503.3646545410156,150.09280395507812,512.0,0.009662702679634
tile_r019555_c010083,3,269.42108154296875,0.0952850356698036,326.5797424316406,11.08486270904541,0.009429776109755
tile_r019555_c010083,3,0.0,0.0197519306093454,23.190258026123047,7.3055419921875,0.0090017057955265
tile_r019555_c010083,3,31.89790344238281,504.12646484375,71.3055191040039,512.0,0.0084453914314508
tile_r019555_c010083,3,268.2963256835937,0.007544326595962,319.6522521972656,5.091976165771484,0.0076672057621181
tile_r019555_c010083,3,271.4086303710937,0.0137302400544285,324.05859375,4.298703193664551,0.0076148114167153
tile_r019555_c010083,3,333.7577514648437,0.0,412.3843688964844,33.47423553466797,0.0074212811887264
tile_r019555_c010083,3,499.991943359375,480.83984375,511.90179443359375,512.0,0.0070778960362076
tile_r019555_c010083,3,132.6313018798828,0.8075531125068665,225.3374786376953,40.618896484375,0.0070271543227136
tile_r019555_c010083,3,125.8036880493164,499.2021484375,172.91268920898438,511.7789001464844,0.0065119587816298
tile_r019555_c010083,3,118.67781066894533,505.4995727539063,167.4777374267578,511.9566955566406,0.0063845450058579
tile_r019555_c010083,3,166.95257568359375,0.0560226440429687,227.2743225097656,21.1041316986084,0.005892336834222
tile_r019555_c010083,3,338.8547058105469,0.0405229553580284,391.9624633789063,13.222152709960938,0.0058450764045119
tile_r019555_c010083,3,280.93682861328125,0.0957855209708213,331.8622436523437,10.488812446594238,0.0054398351348936
tile_r019555_c010083,3,0.0,470.7247924804688,10.053881645202637,506.6942443847656,0.0053243050351738
tile_r019555_c010083,3,0.0,396.63568115234375,13.619409561157228,455.83447265625,0.0051314011216163
tile_r019555_c010083,3,248.4722900390625,227.6102294921875,298.2140808105469,281.6687927246094,0.0050050835125148
tile_r019555_c010083,3,0.0579193122684955,407.0261840820313,9.414353370666504,461.45703125,0.0049949772655963
tile_r019555_c010083,3,499.4525451660156,176.663330078125,511.924072265625,234.73239135742188,0.0048103276640176
tile_r019555_c010083,3,496.7427673339844,494.744140625,512.0,512.0,0.0047652344219386
tile_r019555_c010083,3,128.0424346923828,0.0,189.4320068359375,15.30311393737793,0.0047234329394996
tile_r019555_c010083,3,37.707130432128906,505.3758850097656,76.08552551269531,511.9714965820313,0.0047224126756191
tile_r019555_c010083,3,161.4739990234375,0.056317139416933,211.0102081298828,19.26363754272461,0.0046644383110105
tile_r019555_c010083,3,275.8134765625,0.0446495041251182,328.0097961425781,3.9793410301208496,0.0046513867564499
tile_r019555_c010083,3,0.0721511840820312,254.5335693359375,43.72230911254883,300.783203125,0.0046270051971077
tile_r019555_c010083,3,268.7676696777344,161.50340270996094,335.666015625,230.2333526611328,0.0046173809096217
tile_r019555_c010083,3,77.23258972167969,481.90924072265625,170.3936309814453,511.6950073242188,0.0044090603478252
tile_r019555_c010083,3,0.229624941945076,333.0463562011719,12.104039192199709,382.9730529785156,0.0043990244157612
tile_r019555_c010083,3,503.6860961914063,497.82330322265625,511.9737243652344,512.0,0.004230048507452
tile_r019555_c010083,3,505.912841796875,310.95703125,512.0,360.08074951171875,0.0041668633930385
tile_r019555_c010083,3,254.7652282714844,0.1069152802228927,324.9599609375,11.97238540649414,0.0041406047530472
tile_r019555_c010083,3,506.55169677734375,489.9195861816406,512.0,512.0,0.0040488252416253
tile_r019555_c010083,3,506.51373291015625,302.12359619140625,512.0,354.7118835449219,0.0039967307820916
tile_r019555_c010083,3,250.0654754638672,144.3227081298828,306.60943603515625,198.6273193359375,0.0039123254828155
tile_r019555_c010083,3,460.9512634277344,506.2603149414063,500.7684631347656,512.0,0.0038819143082946
tile_r019555_c010083,3,111.7442398071289,492.1155700683594,168.80111694335938,511.8030700683594,0.0037721940316259
tile_r019555_c010083,3,0.0368667617440223,403.58197021484375,4.682986736297607,443.4249572753906,0.0036372048780322
tile_r019555_c010083,3,505.037841796875,295.448486328125,512.0,349.4617919921875,0.0035682127345353
tile_r019555_c010083,3,0.0,337.21978759765625,6.719823360443115,372.38189697265625,0.0034775333479046
tile_r019555_c010083,3,452.578369140625,505.7628784179688,495.3816528320313,512.0,0.003475729143247
tile_r019555_c010083,3,0.0657913237810134,320.416748046875,13.605023384094238,380.45648193359375,0.0034655355848371
tile_r019555_c010083,3,0.0465133674442768,416.285400390625,7.685101985931396,467.397705078125,0.0031333027873188
tile_r019555_c010083,3,499.1288146972656,249.8994140625,511.9441833496094,314.8636779785156,0.0031330750789493
tile_r019555_c010083,3,505.7808532714844,284.60028076171875,512.0,340.1969909667969,0.0030104122124612
tile_r019555_c010083,3,0.0518051162362098,443.1963806152344,24.79649543762207,512.0,0.0029540548566728
tile_r019555_c010083,3,505.2762145996094,290.1032409667969,512.0,344.5111083984375,0.0029129441827535
tile_r019555_c010083,3,243.7831115722656,0.0531250014901161,313.9320678710937,13.227627754211426,0.0029091502074152
tile_r019555_c010083,3,342.1490173339844,0.3603576719760895,417.86474609375,36.93952178955078,0.0028339833952486
tile_r019555_c010083,3,504.0814514160156,317.411865234375,512.0,366.37640380859375,0.0028061778284609
tile_r019555_c010083,3,498.735595703125,237.7095947265625,511.9795837402344,304.723388671875,0.0027317693457007
tile_r019555_c010083,3,33.43297576904297,500.74652099609375,74.65386962890625,511.8702697753906,0.002687026746571
tile_r019555_c010083,3,117.97184753417967,0.6403259038925171,220.1224670410156,45.41324615478516,0.0026819815393537
tile_r019555_c010083,3,0.0,0.0,17.651966094970703,12.402552604675291,0.0026567350141704
tile_r019555_c010083,3,0.0,0.0,30.354656219482425,16.425281524658203,0.0026353436987847
tile_r019555_c010083,3,0.0335342399775981,384.7552795410156,14.989934921264648,447.3250427246094,0.0026147370226681
tile_r019555_c010083,3,484.88775634765625,502.77001953125,512.0,512.0,0.0026057828217744
tile_r019555_c010083,3,81.77667999267578,504.1095581054688,138.2158203125,512.0,0.0026002924423664
tile_r019555_c010083,3,0.0,494.5252075195313,11.798700332641602,511.96282958984375,0.0025497637689113
tile_r019555_c010083,3,84.50874328613281,494.3540954589844,162.72286987304688,512.0,0.0024443457368761
tile_r019555_c010083,3,234.42465209960935,0.04150390625,291.6147155761719,14.246050834655762,0.0024318913929164
tile_r019555_c010083,3,504.3285217285156,180.27682495117188,512.0,230.1006622314453,0.0023602098226547
tile_r019555_c010083,3,22.71157455444336,503.9966430664063,69.02361297607422,512.0,0.0023526037111878
tile_r019555_c010083,3,507.9105529785156,90.26619720458984,512.0,142.49362182617188,0.0023456036578863
tile_r019555_c010083,3,364.01806640625,0.0853622406721115,413.838134765625,18.876209259033203,0.002342312131077
tile_r019555_c010083,3,499.963134765625,185.80352783203125,511.88775634765625,243.8937225341797,0.0023333413992077
tile_r019555_c010083,3,0.0,327.80975341796875,7.815186500549316,368.816650390625,0.0022767023183405
tile_r019555_c010083,3,499.975830078125,259.7880859375,511.8978576660156,326.9034729003906,0.0022597634233534
tile_r019555_c010083,3,262.40704345703125,0.0002836227358784,316.33770751953125,5.649521827697754,0.0022569806315004
tile_r019555_c010083,3,0.1035734191536903,478.14404296875,7.037124633789063,511.061767578125,0.0021028916817158
tile_r019555_c010083,3,0.860522449016571,492.1917114257813,34.10900115966797,512.0,0.0020923065021634
tile_r019555_c010083,3,500.3721618652344,300.06378173828125,511.8052673339844,356.8802185058594,0.0020442379172891
tile_r019555_c010083,3,505.57135009765625,277.9481506347656,512.0,334.830078125,0.0019147141138091
tile_r019555_c010083,3,505.2508239746094,255.4608459472656,512.0,311.46343994140625,0.0019007074879482
tile_r019555_c010083,3,500.3025817871094,285.437255859375,511.8276977539063,349.53778076171875,0.0018962593749165
tile_r019555_c010083,3,505.43798828125,177.23773193359375,512.0,227.48995971679688,0.001880116877146
tile_r019555_c010083,3,505.99853515625,478.1023559570313,512.0,511.5698852539063,0.0018730850424617
tile_r019555_c010083,3,501.0949096679688,392.2586975097656,511.9356384277344,453.8326110839844,0.0018314988119527
tile_r019555_c010083,3,132.8732147216797,0.0,195.1947326660156,15.763232231140137,0.0018033784581348
tile_r019555_c010083,3,506.4978942871094,173.68357849121094,512.0,222.35433959960935,0.0017958994721993
tile_r019555_c010083,3,508.1891174316406,82.1153335571289,512.0,137.6317138671875,0.0017868586583063
tile_r019555_c010083,3,473.1925354003906,506.9556274414063,511.89349365234375,511.9973754882813,0.0017581424908712
tile_r019555_c010083,3,0.0585245117545127,477.8282775878906,7.104562282562256,507.4410705566406,0.0017514177598059
tile_r019555_c010083,3,327.14996337890625,0.0,414.1878967285156,40.33907699584961,0.001739168073982
tile_r019555_c010083,3,118.51944732666016,506.59423828125,180.58351135253903,511.94769287109375,0.0017292232951149
tile_r019555_c010083,3,500.857421875,459.71527099609375,512.0,512.0,0.0017291567055508
tile_r019555_c010083,3,0.645489513874054,0.0,27.534725189208984,5.566509246826172,0.001727215363644
tile_r019555_c010083,3,0.431661993265152,0.1323715150356292,34.874996185302734,14.27699089050293,0.0017146415775641
tile_r019555_c010083,3,505.1133728027344,253.6610565185547,512.0,304.9840087890625,0.0016799402656033
tile_r019555_c010083,3,127.6557159423828,497.4876403808594,191.99560546875,511.9064331054688,0.0016795267583802
tile_r019555_c010083,3,0.0,309.72515869140625,12.159235000610352,366.7834777832031,0.0016656258376315
tile_r019555_c010083,3,467.4461059570313,507.21038818359375,506.7085571289063,511.9942321777344,0.0016650391044095
tile_r019555_c010083,3,245.9659881591797,0.0,300.074951171875,5.474223136901856,0.0016429167008027
tile_r019555_c010083,3,0.0262548439204692,406.32708740234375,3.973304033279419,451.1222229003906,0.0016404906054958
tile_r019555_c010083,3,2.168121337890625,497.67822265625,64.09883117675781,512.0,0.0016094406601041
tile_r019555_c010083,3,0.0448188781738281,396.3387756347656,7.203514099121094,438.5831909179688,0.0015911168884485
tile_r019555_c010083,3,0.0244325641542673,341.9712219238281,4.600680828094482,376.0588684082031,0.0015902225859463
tile_r019555_c010083,3,246.7575225830078,141.2366180419922,308.3114929199219,204.00198364257807,0.0015838932013139
tile_r019555_c010083,3,506.2874145507813,94.83560943603516,512.0,148.33624267578125,0.001572027336806
tile_r019555_c010083,3,0.0,314.5256652832031,6.030333518981934,354.839111328125,0.0015480511356145
tile_r019555_c010083,3,501.3280334472656,182.1283721923828,512.0,235.416015625,0.001515279058367
tile_r019555_c010083,3,494.2078552246094,21.44635772705078,512.0,82.70382690429688,0.0015130377141758
tile_r019555_c010083,3,331.83551025390625,0.0,382.5026245117188,9.491650581359863,0.001500247628428
tile_r019555_c010083,3,500.44146728515625,96.02506256103516,511.87103271484375,162.3749237060547,0.0014484270941466
tile_r019555_c010083,3,398.40814208984375,337.1044311523437,444.0658264160156,381.28814697265625,0.0014472805196419
tile_r019555_c010083,3,506.4993286132813,155.6852264404297,512.0,208.9048767089844,0.0014398955972865
tile_r019555_c010083,3,506.31097412109375,250.7823028564453,512.0,298.6786193847656,0.0014254297129809
tile_r019555_c010083,3,393.5623474121094,496.7693786621094,450.0621643066406,511.90869140625,0.001395097002387
tile_r019555_c010083,3,156.8415069580078,0.0,211.4942626953125,6.126402854919434,0.0013828395167365
tile_r019555_c010083,3,0.8172699213027954,473.2320251464844,25.74578285217285,511.74029541015625,0.0013749642530456
tile_r019555_c010083,3,283.4600524902344,0.0783237442374229,332.75811767578125,3.863880634307861,0.0013527147239074
tile_r019555_c010083,3,0.0211761482059955,320.530029296875,7.5106520652771,362.74896240234375,0.0013399374438449
tile_r019555_c010083,3,307.5893859863281,374.7857971191406,347.86151123046875,422.038818359375,0.001329080783762
tile_r019555_c010083,3,297.1519775390625,377.1964721679688,332.1557006835937,398.0908508300781,0.0013207071460783
tile_r019555_c010083,3,507.2127990722656,244.3451385498047,512.0,292.9472045898437,0.0013028540415689
tile_r019555_c010083,3,251.3172912597656,0.0030372620094567,307.8830261230469,5.1262030601501465,0.0012742261169478
tile_r019555_c010083,3,500.3490295410156,270.0933532714844,511.8687438964844,339.97088623046875,0.0012584787327796
tile_r019555_c010083,3,499.4869995117188,222.3541259765625,512.0,295.73956298828125,0.0012417961843311
tile_r019555_c010083,3,161.9202880859375,0.0125530241057276,218.2430725097656,4.441995620727539,0.0012348901946097
tile_r019555_c010083,3,507.7122192382813,167.99417114257812,512.0,216.20925903320312,0.0012257664930075
tile_r019555_c010083,3,0.0202341079711914,1.520636796951294,10.401912689208984,22.280054092407227,0.0011942902347072
tile_r019555_c010083,3,500.2315368652344,108.4229507446289,511.8878784179688,173.0927734375,0.0011745436349883
tile_r019555_c010083,3,148.04806518554688,0.0,211.26416015625,8.426770210266113,0.0011738983448594
tile_r019555_c010083,3,0.2531860470771789,351.65301513671875,8.967554092407227,395.9832153320313,0.0011651286622509
tile_r019555_c010083,3,15.439297676086426,504.3255920410156,65.02072143554688,511.9994201660156,0.0011522268177941
tile_r019555_c010083,3,0.0288801193237304,407.5425415039063,4.367745876312256,458.2176208496094,0.0011349109699949
tile_r019555_c010083,3,0.0,499.7222290039063,25.64303207397461,512.0,0.001114405808039
tile_r019555_c010083,3,41.07766342163086,507.1502990722656,83.69283294677734,512.0,0.0011007791617885
tile_r019555_c010083,3,500.0231018066406,164.09747314453125,511.9645385742188,227.0293884277344,0.0010891701094806
tile_r019555_c010083,3,357.7766418457031,0.0,396.2453002929688,9.146451950073242,0.0010849796235561
tile_r019555_c010083,3,219.34146118164065,0.0369306579232215,270.71795654296875,5.422346591949463,0.0010804870398715
tile_r019555_c010083,3,0.0,295.9283752441406,12.871053695678713,341.1313171386719,0.0010682354914024
tile_r019555_c010083,3,394.4121398925781,506.8804321289063,438.88909912109375,511.9623107910156,0.0010621545370668
tile_r019555_c010083,3,500.90234375,379.9822387695313,511.9385681152344,443.1847229003906,0.0010596818756312
tile_r019555_c010083,3,500.5134887695313,310.6941223144531,511.7850036621094,369.6551208496094,0.0010579222580417
tile_r019555_c010083,3,0.0071208951994776,416.0115356445313,3.2735302448272705,466.3080139160156,0.0010376429418101
tile_r019555_c010083,3,505.9811401367188,74.70771789550781,512.0,132.0858612060547,0.0010341563029214
tile_r019555_c010083,3,75.42271423339844,505.073974609375,131.9080047607422,512.0,0.0010238351533189
tile_r019555_c010083,3,150.75343322753906,0.0573150627315044,205.9781036376953,21.8704891204834,0.0010231341002508
tile_r019555_c010083,3,20.433837890625,499.3597106933594,73.09512329101562,511.9590759277344,0.0010046708630397
tile_r019555_c010083,3,0.0812330245971679,341.32196044921875,3.6706581115722656,381.6974792480469,0.0010017820168286
tile_r019555_c010339,3,138.1566162109375,335.19903564453125,190.09071350097656,383.5970764160156,0.8579946160316467
tile_r019555_c010339,3,20.91616439819336,176.05526733398438,73.90596771240234,224.3826141357422,0.8263455629348755
tile_r019555_c010339,3,166.28866577148438,402.85162353515625,206.4898681640625,441.3965759277344,0.8029289245605469
tile_r019555_c010339,3,254.31594848632807,282.8466796875,307.3637084960937,332.8727722167969,0.7898840308189392
tile_r019555_c010339,3,23.064008712768555,371.7941589355469,90.9749755859375,432.8046875,0.7656426429748535
tile_r019555_c010339,3,96.9382781982422,236.9678497314453,171.83094787597656,303.6468811035156,0.7145876884460449
tile_r019555_c010339,3,0.18743896484375,233.3303680419922,37.46609115600586,275.4530639648437,0.688534140586853
tile_r019555_c010339,3,0.5269562005996704,148.20553588867188,47.7412223815918,196.36264038085935,0.6635859608650208
tile_r019555_c010339,3,158.0369110107422,451.7356567382813,220.54360961914065,508.4646606445313,0.6131439208984375
tile_r019555_c010339,3,171.14955139160156,53.0986213684082,214.86050415039065,92.13538360595705,0.5406937003135681
tile_r019555_c010339,3,12.668359756469728,63.9295539855957,59.25199508666992,110.0780029296875,0.5129280686378479
tile_r019555_c010339,3,482.5740356445313,149.23373413085938,512.0,186.4289703369141,0.4539883434772491
tile_r019555_c010339,3,97.64039611816406,0.0234725959599018,140.20034790039062,18.420637130737305,0.4240971207618713
tile_r019555_c010339,3,445.8063049316406,52.77973556518555,509.8348693847656,120.3860092163086,0.4114173948764801
tile_r019555_c010339,3,478.5243225097656,146.6005096435547,511.58306884765625,189.46902465820312,0.3181183934211731
tile_r019555_c010339,3,92.83377838134766,0.0622161850333213,146.947509765625,23.75174140930176,0.2969043552875519
tile_r019555_c010339,3,450.66607666015625,57.5024299621582,508.54205322265625,115.1171417236328,0.2367410063743591
tile_r019555_c010339,3,205.5872039794922,437.22369384765625,237.1016845703125,465.3372192382813,0.1862586736679077
tile_r019555_c010339,3,205.3165740966797,435.14691162109375,240.19580078125,465.77239990234375,0.1737476140260696
tile_r019555_c010339,3,177.4910125732422,267.76336669921875,201.67501831054688,292.5050048828125,0.1502389758825302
tile_r019555_c010339,3,0.0,11.61863136291504,14.068450927734377,70.55831909179688,0.112776443362236
tile_r019555_c010339,3,173.215087890625,55.0513801574707,212.2123565673828,89.25918579101562,0.1121805682778358
tile_r019555_c010339,3,207.5186309814453,438.34710693359375,236.6787109375,465.156494140625,0.0835887342691421
tile_r019555_c010339,3,99.47561645507812,0.0,136.02774047851562,14.140954971313477,0.0574291199445724
tile_r019555_c010339,3,0.0,2.3364500999450684,21.030920028686523,69.80872344970703,0.0506312102079391
tile_r019555_c010339,3,100.56060791015624,240.2660217285156,168.4069061279297,298.7209167480469,0.045867308974266
tile_r019555_c010339,3,257.7850646972656,285.7899475097656,304.551513671875,329.87060546875,0.0403799787163734
tile_r019555_c010339,3,0.0,15.403058052062988,9.628583908081056,76.15973663330078,0.0361845344305038
tile_r019555_c010339,3,24.59224510192871,373.3206481933594,91.4597396850586,430.1167907714844,0.0357414558529853
tile_r019555_c010339,3,0.0959335342049598,22.52573776245117,9.220748901367188,83.34440612792969,0.0232102833688259
tile_r019555_c010339,3,0.0218557361513376,18.131397247314453,5.4880194664001465,73.92777252197266,0.0183845199644565
tile_r019555_c010339,3,157.7091064453125,449.9325256347656,221.3105926513672,508.4148864746094,0.0175967551767826
tile_r019555_c010339,3,0.0,228.23556518554688,41.581844329833984,281.58184814453125,0.0163569599390029
tile_r019555_c010339,3,0.1753372251987457,35.73069381713867,12.571650505065918,84.14896392822266,0.0139726242050528
tile_r019555_c010339,3,0.049869917333126,16.073955535888672,4.7923736572265625,63.363258361816406,0.0138968303799629
tile_r019555_c010339,3,0.0665407180786132,26.20766258239746,6.726322174072266,78.94998931884766,0.0138892391696572
tile_r019555_c010339,3,101.09312438964844,0.0,137.01345825195312,11.60157871246338,0.0125908823683857
tile_r019555_c010339,3,0.0237228386104106,12.894149780273438,6.451974391937256,58.0696907043457,0.011793409474194
tile_r019555_c010339,3,15.903454780578612,172.696044921875,75.87528228759766,225.5018615722656,0.0110800368711352
tile_r019555_c010339,3,236.8160858154297,499.0422973632813,302.20721435546875,512.0,0.0109359249472618
tile_r019555_c010339,3,246.93212890625,500.3274536132813,306.68975830078125,512.0,0.0105836037546396
tile_r019555_c010339,3,0.0294063575565814,10.449902534484863,9.120901107788086,52.49684524536133,0.010506372898817
tile_r019555_c010339,3,0.0,0.0,11.296061515808104,13.722946166992188,0.0100125642493367
tile_r019555_c010339,3,0.0237184520810842,12.176803588867188,8.308938026428223,56.07744216918945,0.0099898027256131
tile_r019555_c010339,3,258.88348388671875,501.5116271972656,308.173583984375,511.9995727539063,0.0088805081322789
tile_r019555_c010339,3,154.78465270996094,448.12408447265625,225.00271606445312,511.2886352539063,0.0084059443324804
tile_r019555_c010339,3,506.2966918945313,51.01763153076172,512.0,80.68656921386719,0.0083999363705515
tile_r019555_c010339,3,77.79215240478516,0.0,155.85301208496094,32.50873565673828,0.0078837526962161
tile_r019555_c010339,3,253.54983520507807,505.5262145996094,307.227294921875,512.0,0.0070211072452366
tile_r019555_c010339,3,0.0,0.0,31.52370834350586,45.41629409790039,0.006735332775861
tile_r019555_c010339,3,12.953600883483888,0.1200317367911338,71.98524475097656,10.894050598144531,0.0067147058434784
tile_r019555_c010339,3,0.0,10.446635246276855,23.381628036499023,66.65202331542969,0.0066915485076606
tile_r019555_c010339,3,13.05763816833496,0.0066883089020848,64.27781677246094,5.105971336364746,0.0057712132111191
tile_r019555_c010339,3,15.448885917663574,0.0057464600540697,68.90435791015625,4.198869228363037,0.0056098024360835
tile_r019555_c010339,3,82.53630065917969,0.0344406142830848,135.49530029296875,12.392848014831545,0.0053511355072259
tile_r019555_c010339,3,12.2413330078125,160.6688232421875,80.39546966552734,230.028076171875,0.0049867229536175
tile_r019555_c010339,3,0.0391143783926963,11.410558700561523,22.437801361083984,78.8359603881836,0.0046826312318444
tile_r019555_c010339,3,23.487239837646484,0.1224380508065223,78.61112976074219,10.388372421264648,0.0046602454967796
tile_r019555_c010339,3,485.91009521484375,153.32850646972656,512.0,182.55148315429688,0.0044179358519613
tile_r019555_c010339,3,176.4080810546875,267.3969116210937,204.314697265625,293.7398376464844,0.0041497419588267
tile_r019555_c010339,3,505.35009765625,53.7227897644043,512.0,87.62986755371094,0.0040013822726905
tile_r019555_c010339,3,245.0485076904297,505.5966796875,304.8951110839844,512.0,0.0039929533377289
tile_r019555_c010339,3,0.0151214599609375,143.02438354492188,52.71783447265625,204.9703826904297,0.0037212155293673
tile_r019555_c010339,3,0.0867855101823806,36.07520294189453,5.165485382080078,80.96855163574219,0.0037047020159661
tile_r019555_c010339,3,385.7574462890625,502.4035034179688,448.5471801757813,512.0,0.0035543306730687
tile_r019555_c010339,3,2.123409986495972,236.2833709716797,34.6242790222168,271.0342102050781,0.0034626829437911
tile_r019555_c010339,3,0.0,0.0698442459106445,22.74975204467773,6.976391792297363,0.0034212614409625
tile_r019555_c010339,3,377.726318359375,506.5178833007813,432.61663818359375,512.0,0.0034132946748286
tile_r019555_c010339,3,505.97467041015625,40.5943603515625,512.0,76.3593978881836,0.0033784420229494
tile_r019555_c010339,3,1.833004713058472,0.1560638397932052,68.9594955444336,12.438579559326172,0.0033117034472525
tile_r019555_c010339,3,374.0803833007813,500.94482421875,443.9324645996094,512.0,0.0033020784612745
tile_r019555_c010339,3,382.956298828125,506.9823303222656,438.53271484375,512.0,0.0031617681961506
tile_r019555_c010339,3,0.0,0.0374694839119911,51.16891479492188,19.2491512298584,0.0030458969995379
tile_r019555_c010339,3,19.199298858642575,0.0404834747314453,73.14764404296875,3.7558093070983887,0.003019741969183
tile_r019555_c010339,3,173.95822143554688,266.7314453125,204.27685546875,295.4537353515625,0.0030096939299255
tile_r019555_c010339,3,86.5103759765625,0.1715057343244552,161.41354370117188,36.197227478027344,0.0029888616409152
tile_r019555_c010339,3,241.75015258789065,504.99114990234375,298.46051025390625,512.0,0.0029131476767361
tile_r019555_c010339,3,262.7805480957031,505.65185546875,309.9786682128906,512.0,0.0028559663332998
tile_r019555_c010339,3,388.7980651855469,507.5206604003906,442.86138916015625,512.0,0.0027713042218238
tile_r019555_c010339,3,503.81158447265625,56.505104064941406,512.0,95.06150817871094,0.0026088457088917
tile_r019555_c010339,3,485.7948303222656,155.28067016601562,511.8053283691406,182.3825836181641,0.002506036311388
tile_r019555_c010339,3,267.9747314453125,501.1100158691406,316.47711181640625,511.801025390625,0.0025017277803272
tile_r019555_c010339,3,143.1219940185547,339.1078491210937,186.3673095703125,379.9754028320313,0.0024349992163479
tile_r019555_c010339,3,238.55404663085935,504.14556884765625,290.1893005371094,512.0,0.0024140428286045
tile_r019555_c010339,3,107.67633056640624,0.0761901885271072,158.5098876953125,18.104137420654297,0.0023213936947286
tile_r019555_c010339,3,371.983642578125,506.54931640625,425.6288146972656,512.0,0.0021984556224197
tile_r019555_c010339,3,227.8051300048828,488.57220458984375,310.98175048828125,511.75726318359375,0.0020739648025482
tile_r019555_c010339,3,206.0914306640625,506.4210510253906,244.5166931152344,512.0,0.0020587132312357
tile_r019555_c010339,3,198.3560485839844,506.16943359375,238.6619873046875,512.0,0.0020182242151349
tile_r019555_c010339,3,224.53878784179688,498.384765625,298.0731811523437,512.0,0.0019999269861727
tile_r019555_c010339,3,71.13909912109375,0.0,157.6056365966797,39.81819534301758,0.0019696101080626
tile_r019555_c010339,3,500.4068908691406,24.790027618408203,512.0,79.97990417480469,0.0019398052245378
tile_r019555_c010339,3,395.9281311035156,502.71490478515625,456.5823669433594,512.0,0.0019336739787831
tile_r019555_c010339,3,17.635147094726562,67.87714385986328,54.8603630065918,105.9502182006836,0.0019133414607495
tile_r019555_c010339,3,0.0673187226057052,41.24658584594727,2.6591739654541016,85.5258560180664,0.0018825799925252
tile_r019555_c010339,3,0.0,0.8599472045898438,8.118719100952148,26.844890594482425,0.001824491424486
tile_r019555_c010339,3,0.2872818112373352,37.48588562011719,64.45350646972656,119.2258758544922,0.0017794185550883
tile_r019555_c010339,3,395.5690002441406,508.03173828125,446.6702270507813,512.0,0.001766377245076
tile_r019555_c010339,3,361.5967102050781,499.5673828125,437.9486389160156,512.0,0.0015498579014092
tile_r019555_c010339,3,75.34120178222656,0.0,126.63703918457033,9.175719261169434,0.0014804812381044
tile_r019555_c010339,3,1.865838646888733,1.713903784751892,26.486730575561523,98.01377868652344,0.0014179276768118
tile_r019555_c010339,3,29.105661392211918,181.33084106445312,69.16374206542969,219.3100128173828,0.0014139317208901
tile_r019555_c010339,3,239.44906616210935,490.6730346679688,311.8585510253906,511.9908752441406,0.0013994182227179
tile_r019555_c010339,3,0.0076070786453783,1.1132491827011108,8.968125343322754,47.69997024536133,0.001362202106975
tile_r019555_c010339,3,102.04732513427734,0.0,139.73011779785156,8.328292846679688,0.0013248786563053
tile_r019555_c010339,3,7.497988700866699,0.0026954649947583,61.00211334228516,5.665663719177246,0.0012794688809663
tile_r019555_c010339,3,138.32826232910156,497.0711975097656,192.9595489501953,511.9161987304688,0.0011998740956187
tile_r019555_c010339,3,208.6275634765625,438.22955322265625,237.5952606201172,464.5816040039063,0.0011669307714328
tile_r019555_c010339,3,366.8371276855469,506.19183349609375,420.0447387695313,512.0,0.0011599720455706
tile_r019555_c010339,3,275.17730712890625,507.3364868164063,320.7724609375,511.93951416015625,0.0010975844925269
tile_r019555_c010339,3,0.191578671336174,24.76641273498535,14.389358520507812,78.63496398925781,0.0010621636174619
tile_r019555_c010339,3,232.57101440429688,503.7320861816406,284.9407958984375,512.0,0.0010570150334388
tile_r019555_c010339,3,51.782814025878906,375.20709228515625,91.8111343383789,421.9835815429688,0.0010327887721359
tile_r019555_c010339,3,502.4734802246094,63.75435256958008,512.0,100.27632904052734,0.0010240336414426
tile_r019555_c010339,3,403.9496765136719,501.6948852539063,472.1892700195313,511.91259765625,0.0010075767058879
tile_r019555_c010595,3,328.6064453125,61.86339569091797,380.9954833984375,114.76578521728516,0.9116792678833008
tile_r019555_c010595,3,419.88037109375,18.87130355834961,473.2127990722656,69.90281677246094,0.8780683279037476
tile_r019555_c010595,3,364.83795166015625,185.87942504882807,414.54931640625,229.7781524658203,0.8779679536819458
tile_r019555_c010595,3,461.3768615722656,414.99261474609375,510.81536865234375,467.42816162109375,0.8228815197944641
tile_r019555_c010595,3,280.9334411621094,321.65948486328125,333.22607421875,367.2548828125,0.7657453417778015
tile_r019555_c010595,3,0.6868621706962585,282.5660095214844,51.9856071472168,333.67803955078125,0.723319411277771
tile_r019555_c010595,3,318.8070068359375,408.2697143554688,367.1809692382813,454.5968627929688,0.7192134857177734
tile_r019555_c010595,3,224.8683624267578,147.43360900878906,266.06463623046875,186.30093383789065,0.6109633445739746
tile_r019555_c010595,3,367.37896728515625,326.8921813964844,436.2359008789063,403.54730224609375,0.5996183753013611
tile_r019555_c010595,3,394.7213439941406,92.0166473388672,432.0760803222656,122.74363708496094,0.5742513537406921
tile_r019555_c010595,3,190.2886962890625,51.85129928588867,257.0997009277344,121.0527114868164,0.4479857385158539
tile_r019555_c010595,3,273.2426452636719,242.3292694091797,311.29168701171875,278.5072631835937,0.4352433979511261
tile_r019555_c010595,3,368.4302978515625,241.90591430664065,407.1212768554688,275.9302673339844,0.3307148814201355
tile_r019555_c010595,3,426.976806640625,220.9661865234375,452.279052734375,242.84878540039065,0.3136512041091919
tile_r019555_c010595,3,423.73931884765625,217.7098693847656,454.8130493164063,244.8949737548828,0.3124911785125732
tile_r019555_c010595,3,393.4611511230469,90.1892547607422,435.1687622070313,125.8667984008789,0.2555345892906189
tile_r019555_c010595,3,194.46795654296875,56.27355194091797,253.6749267578125,116.1378402709961,0.2124833464622497
tile_r019555_c010595,3,497.021728515625,304.0426940917969,512.0,360.33990478515625,0.1844025254249572
tile_r019555_c010595,3,463.0857849121094,415.7464294433594,511.4065856933594,465.8631896972656,0.1328904777765274
tile_r019555_c010595,3,2.642224073410034,285.33135986328125,49.33012771606445,330.7645874023437,0.0965784341096878
tile_r019555_c010595,3,275.5603332519531,245.8134002685547,308.0782165527344,275.2137451171875,0.0809022337198257
tile_r019555_c010595,3,492.6779174804688,296.0625,512.0,360.4437561035156,0.0738536939024925
tile_r019555_c010595,3,401.38812255859375,424.499755859375,438.3146057128906,457.5696716308594,0.0597672238945961
tile_r019555_c010595,3,403.7957153320313,426.2399291992188,435.589111328125,455.03265380859375,0.0568962730467319
tile_r019555_c010595,3,424.0208435058594,219.25552368164065,454.2614135742188,246.46340942382807,0.0550564676523208
tile_r019555_c010595,3,372.61822509765625,327.4446716308594,430.1341857910156,387.1670227050781,0.0486921109259128
tile_r019555_c010595,3,374.5765075683594,331.7874450683594,427.8336791992188,393.11724853515625,0.0470484085381031
tile_r019555_c010595,3,458.6034240722656,411.8718872070313,511.6576232910156,469.17864990234375,0.0399275682866573
tile_r019555_c010595,3,222.6240234375,143.95404052734375,268.8339233398437,188.8502349853516,0.0366792865097522
tile_r019555_c010595,3,500.6498107910156,312.73907470703125,512.0,355.9319152832031,0.0317695997655391
tile_r019555_c010595,3,0.0,48.8699951171875,12.357011795043944,100.57283020019533,0.0303889196366071
tile_r019555_c010595,3,367.0032043457031,323.57330322265625,436.6939086914063,399.83990478515625,0.0300203189253807
tile_r019555_c010595,3,500.9635314941406,308.22235107421875,512.0,354.9277038574219,0.0250572394579648
tile_r019555_c010595,3,484.0577087402344,293.11676025390625,511.7886352539063,369.5096435546875,0.0245222877711057
tile_r019555_c010595,3,0.0264236442744731,40.58586883544922,16.262821197509766,101.21424865722656,0.0242547318339347
tile_r019555_c010595,3,396.8825073242188,94.29937744140624,429.13470458984375,119.83674621582033,0.0189236123114824
tile_r019555_c010595,3,502.32232666015625,304.9398498535156,512.0,351.163818359375,0.0188050996512174
tile_r019555_c010595,3,498.91217041015625,310.5328674316406,511.9821166992188,357.9653625488281,0.0165924690663814
tile_r019555_c010595,3,366.1344909667969,241.4567413330078,408.3587036132813,278.2676696777344,0.0119765596464276
tile_r019555_c010595,3,0.2105789184570312,499.6438903808594,48.512977600097656,512.0,0.0109745562076568
tile_r019555_c010595,3,0.0555757507681846,53.55804443359375,4.623343467712402,92.97750091552734,0.0100213112309575
tile_r019555_c010595,3,257.00762939453125,0.1404937803745269,318.53875732421875,11.727147102355955,0.0099268537014722
tile_r019555_c010595,3,505.7647399902344,301.1103515625,511.9869995117188,344.95001220703125,0.0099090468138456
tile_r019555_c010595,3,388.9819946289063,501.7412109375,437.8064575195313,512.0,0.0084146801382303
tile_r019555_c010595,3,0.0393478386104106,56.32106399536133,8.657449722290039,102.81266784667967,0.008341827429831
tile_r019555_c010595,3,6.184607028961182,501.5694885253906,51.14772033691406,511.992431640625,0.0082634072750806
tile_r019555_c010595,3,380.05120849609375,372.07318115234375,419.2724609375,400.903076171875,0.0075827618129551
tile_r019555_c010595,3,0.0701049789786338,417.73822021484375,13.302530288696287,485.7725524902344,0.0073834951035678
tile_r019555_c010595,3,376.8609313964844,499.5744018554688,437.444580078125,512.0,0.0069927209988236
tile_r019555_c010595,3,367.0072937011719,0.1337966918945312,415.1861267089844,11.743370056152344,0.0068585625849664
tile_r019555_c010595,3,375.88427734375,0.0,414.7380981445313,5.064906120300293,0.0066887885332107
tile_r019555_c010595,3,387.3085021972656,505.74810791015625,432.6201171875,512.0,0.0059092282317578
tile_r019555_c010595,3,0.70208740234375,505.509033203125,50.289306640625,512.0,0.00589061062783
tile_r019555_c010595,3,284.4183654785156,324.72027587890625,331.23992919921875,364.17767333984375,0.0058878827840089
tile_r019555_c010595,3,265.5290832519531,0.1421432495117187,327.4832458496094,10.850200653076172,0.0057446034625172
tile_r019555_c010595,3,0.0223358161747455,430.2429809570313,10.003702163696287,489.3792114257813,0.0054964353330433
tile_r019555_c010595,3,0.0879819840192794,57.80126190185547,4.281727313995361,100.3356475830078,0.0051708524115383
tile_r019555_c010595,3,0.0510772690176963,48.04060745239258,7.341587066650391,91.0292739868164,0.0051419595256447
tile_r019555_c010595,3,379.99420166015625,504.4029846191406,430.5826721191406,512.0,0.0050627500750124
tile_r019555_c010595,3,227.1178741455078,150.11572265625,262.8582763671875,183.3565673828125,0.004772625863552
tile_r019555_c010595,3,370.4384765625,0.0,412.8585510253906,6.447110176086426,0.0045254984870553
tile_r019555_c010595,3,375.8411254882813,0.1267074644565582,420.0272521972656,10.657809257507324,0.0043558939360082
tile_r019555_c010595,3,499.3247985839844,316.21746826171875,512.0,357.5358581542969,0.0043052728287875
tile_r019555_c010595,3,419.4895629882813,0.0176786426454782,460.9562072753906,4.49396562576294,0.0040421374142169
tile_r019555_c010595,3,479.22314453125,286.45953369140625,512.0,370.80511474609375,0.0040412773378193
tile_r019555_c010595,3,418.9698181152344,16.490428924560547,475.1612854003906,71.07560729980469,0.0039213593117892
tile_r019555_c010595,3,415.6415100097656,0.0,456.5594787597656,5.026490688323975,0.0039082877337932
tile_r019555_c010595,3,453.8224487304688,465.68646240234375,480.5244140625,489.2041015625,0.0038930985610932
tile_r019555_c010595,3,261.23248291015625,0.0,316.84051513671875,6.20778751373291,0.0037838611751794
tile_r019555_c010595,3,370.16497802734375,243.1875,405.1712646484375,274.71002197265625,0.0037719968240708
tile_r019555_c010595,3,273.0555114746094,0.1778915375471115,344.5413818359375,10.369441032409668,0.0037608568090945
tile_r019555_c010595,3,0.0,66.30455017089844,7.267627716064453,111.95393371582033,0.0036698547191917
tile_r019555_c010595,3,315.91229248046875,397.415771484375,372.3251037597656,455.8951721191406,0.0035403897054493
tile_r019555_c010595,3,0.1469161957502365,405.4873352050781,15.9194917678833,477.89691162109375,0.0033808399457484
tile_r019555_c010595,3,0.127603143453598,44.25820159912109,21.976367950439453,114.834716796875,0.0033725243993103
tile_r019555_c010595,3,245.8941345214844,0.1661376953125,318.3669128417969,12.922099113464355,0.0032797984313219
tile_r019555_c010595,3,326.70330810546875,0.0302589423954486,388.6783447265625,4.679368019104004,0.0032759315799921
tile_r019555_c010595,3,0.0,495.6240234375,39.76144409179688,512.0,0.0032615007366985
tile_r019555_c010595,3,0.0,501.3786010742188,16.46011734008789,511.9556579589844,0.0031400227453559
tile_r019555_c010595,3,8.148053169250488,505.7376098632813,53.24136352539063,512.0,0.0030632538255304
tile_r019555_c010595,3,262.8894958496094,0.0,321.3416442871094,4.953658580780029,0.003023169003427
tile_r019555_c010595,3,0.045139692723751,61.361778259277344,4.328122138977051,107.32878112792967,0.0029972968623042
tile_r019555_c010595,3,0.1176803559064865,475.1195373535156,22.992456436157227,512.0,0.0028522193897515
tile_r019555_c010595,3,122.21257019042967,506.7601013183594,176.4116973876953,512.0,0.0028233886696398
tile_r019555_c010595,3,255.8038024902344,0.0,314.0948486328125,7.276895999908447,0.0027804118581116
tile_r019555_c010595,3,390.31060791015625,507.0874633789063,435.886474609375,511.9583435058594,0.0027045926544815
tile_r019555_c010595,3,264.0000305175781,0.0,330.10675048828125,4.036456108093262,0.0027005712036043
tile_r019555_c010595,3,129.720458984375,502.409423828125,193.10919189453125,512.0,0.0026710629463195
tile_r019555_c010595,3,339.98980712890625,0.0,394.78759765625,4.387953758239746,0.002653319388628
tile_r019555_c010595,3,0.0565210357308387,46.45586013793945,8.904611587524414,88.876953125,0.0026122874114662
tile_r019555_c010595,3,0.0864192992448806,426.8641052246094,5.268749237060547,478.83099365234375,0.0025893591810017
tile_r019555_c010595,3,0.0,504.7916870117188,47.4833869934082,512.0,0.002579113934189
tile_r019555_c010595,3,127.32938385009766,507.1770935058594,182.3214263916016,512.0,0.0025759376585483
tile_r019555_c010595,3,0.0958679169416427,440.4751892089844,8.587297439575195,495.7652893066406,0.0025547479745
tile_r019555_c010595,3,284.00457763671875,325.4335327148437,325.3944091796875,360.9000854492188,0.0025537030305713
tile_r019555_c010595,3,350.6954650878906,0.1604080200195312,416.7464904785156,12.36312198638916,0.0025127932894974
tile_r019555_c010595,3,117.94566345214844,501.0138244628906,188.0462646484375,512.0,0.0024966327473521
tile_r019555_c010595,3,0.1292846649885177,40.545448303222656,22.424640655517575,104.9802017211914,0.0024041885044425
tile_r019555_c010595,3,133.1614227294922,507.66796875,186.7029571533203,512.0,0.0022477551829069
tile_r019555_c010595,3,377.3325805664063,372.9570007324219,415.5420837402344,400.4974060058594,0.0022253626957535
tile_r019555_c010595,3,499.8396606445313,316.0487060546875,511.990966796875,362.8084106445313,0.002221381990239
tile_r019555_c010595,3,14.982775688171388,501.2896423339844,59.2852783203125,511.8221130371094,0.0021821982227265
tile_r019555_c010595,3,192.333251953125,53.652000427246094,256.4413452148437,118.3830108642578,0.0021514762192964
tile_r019555_c010595,3,0.0195863731205463,478.88177490234375,10.604413986206056,511.9363708496094,0.0021130081731826
tile_r019555_c010595,3,373.3701477050781,244.21652221679688,403.65924072265625,273.67010498046875,0.0020812163129448
tile_r019555_c010595,3,284.189208984375,0.1511444151401519,359.75701904296875,10.29653549194336,0.0020579618867486
tile_r019555_c010595,3,0.0300294868648052,67.1871337890625,3.9577114582061768,114.2571792602539,0.0020328648388385
tile_r019555_c010595,3,268.6689453125,0.0,339.9352722167969,3.583079099655152,0.0019149463623762
tile_r019555_c010595,3,405.7140502929688,426.7594299316406,435.82666015625,454.6022033691406,0.0019061473431065
tile_r019555_c010595,3,333.156005859375,0.1430694609880447,408.9012145996094,12.000653266906738,0.0018462401349097
tile_r019555_c010595,3,0.0,486.7454223632813,40.7872200012207,511.989013671875,0.0018437375547364
tile_r019555_c010595,3,377.9609680175781,361.4212951660156,423.8562622070313,401.1091613769531,0.0018204699736088
tile_r019555_c010595,3,454.4681701660156,467.20892333984375,479.734130859375,488.8670043945313,0.0018094616243615
tile_r019555_c010595,3,116.53965759277344,506.8008728027344,169.41177368164062,512.0,0.0017906944267451
tile_r019555_c010595,3,397.6916198730469,501.4765625,445.7096557617188,511.8247680664063,0.0017758741741999
tile_r019555_c010595,3,0.0074569704011082,18.69717025756836,19.728803634643555,100.89381408691406,0.0017370433779433
tile_r019555_c010595,3,492.6354370117188,282.5180053710937,512.0,353.0880432128906,0.0017287237569689
tile_r019555_c010595,3,426.9691467285156,221.4539337158203,452.50677490234375,242.5335998535156,0.0017219940200448
tile_r019555_c010595,3,0.0,72.481689453125,3.431647777557373,122.4877471923828,0.0017090881010517
tile_r019555_c010595,3,414.0958862304688,0.0484787002205848,471.4593200683594,12.445700645446776,0.0017065955325961
tile_r019555_c010595,3,0.0639286041259765,419.8712463378906,5.661985874176025,474.01605224609375,0.0016868012025952
tile_r019555_c010595,3,500.73187255859375,482.2939453125,512.0,512.0,0.0016806576168164
tile_r019555_c010595,3,0.0015838623512536,434.6403198242188,2.3913707733154297,488.423583984375,0.0016407343791797
tile_r019555_c010595,3,0.0,472.01849365234375,5.886808395385742,508.55169677734375,0.0015946568455547
tile_r019555_c010595,3,406.6277160644531,427.1861877441406,435.6383666992188,453.70013427734375,0.0015869167400524
tile_r019555_c010595,3,363.4381713867188,237.9769592285156,411.0585021972656,280.00115966796875,0.0015798037638887
tile_r019555_c010595,3,371.3717651367188,504.0034790039063,423.8875122070313,512.0,0.0015552073018625
tile_r019555_c010595,3,0.0,43.4024658203125,22.38471031188965,125.75885009765624,0.0015515300910919
tile_r019555_c010595,3,139.84109497070312,502.6949157714844,202.00994873046875,512.0,0.0015458307461813
tile_r019555_c010595,3,298.70977783203125,0.1438324004411697,374.9859619140625,10.536813735961914,0.0015066707273945
tile_r019555_c010595,3,377.3409423828125,252.27755737304688,402.9099731445313,273.97833251953125,0.0015007912879809
tile_r019555_c010595,3,0.0792757049202919,431.7346801757813,4.101963043212891,481.70208740234375,0.0014961445704102
tile_r019555_c010595,3,366.2941284179688,489.38372802734375,445.6856994628906,511.8486328125,0.0014917217195034
tile_r019555_c010595,3,0.0,77.17872619628906,8.036493301391602,126.1215591430664,0.0014842431992292
tile_r019555_c010595,3,139.93704223632812,508.1485290527344,190.67037963867188,512.0,0.0014766698004677
tile_r019555_c010595,3,0.0,502.51025390625,29.266765594482425,512.0,0.0014390902360901
tile_r019555_c010595,3,361.1241149902344,183.02452087402344,418.4146423339844,233.4214324951172,0.0013894339790567
tile_r019555_c010595,3,0.0,503.73284912109375,39.72720718383789,512.0,0.0013093611923977
tile_r019555_c010595,3,248.37985229492188,0.0,310.6318664550781,7.23421573638916,0.0012873741798102
tile_r019555_c010595,3,0.2625564634799957,451.6654357910156,11.92000675201416,510.345703125,0.0012803460704162
tile_r019555_c010595,3,501.8527221679688,317.2249755859375,512.0,371.90911865234375,0.0012613942380994
tile_r019555_c010595,3,105.3593292236328,499.736328125,181.7607269287109,512.0,0.0012544707860797
tile_r019555_c010595,3,20.31552124023437,507.5822143554688,63.369049072265625,511.9220581054688,0.001181086176075
tile_r019555_c010595,3,362.4299926757813,0.0,411.96038818359375,6.555415153503418,0.0011597333941608
tile_r019555_c010595,3,316.11700439453125,0.0503395088016986,381.5237426757813,3.954633235931397,0.0011588130146265
tile_r019555_c010595,3,378.33050537109375,0.0,455.4811096191406,13.949554443359377,0.0011364092351868
tile_r019555_c010595,3,346.0602722167969,0.0,402.8844299316406,4.264509677886963,0.0011262766784057
tile_r019555_c010595,3,316.26824951171875,0.1357635557651519,391.5050354003906,11.331113815307615,0.0010930518619716
tile_r019555_c010595,3,391.836669921875,328.9930725097656,423.013671875,353.29547119140625,0.0010846060467883
tile_r019555_c010595,3,14.086217880249023,506.6764526367188,58.13021087646485,511.9558715820313,0.0010770028457045
tile_r019555_c010595,3,493.6988830566406,498.1480102539063,512.0,512.0,0.0010749666253104
tile_r019555_c010595,3,488.5115356445313,281.7745666503906,512.0,383.193359375,0.001073487335816
tile_r019555_c010595,3,499.5945739746094,318.1568603515625,511.7469787597656,362.50042724609375,0.0010621029650792
tile_r019555_c010595,3,159.5531005859375,500.9080200195313,227.2230529785156,511.8883361816406,0.0010367364156991
tile_r019555_c010595,3,422.4788513183594,217.5504150390625,457.4483947753906,247.5955810546875,0.001036480651237
tile_r019555_c010595,3,359.564453125,498.3460388183594,435.8401489257813,512.0,0.0010342908790335
tile_r019555_c010595,3,419.16302490234375,0.0681991577148437,470.6048278808594,4.651645660400391,0.0010340529261156
tile_r019555_c010595,3,368.6878662109375,330.4100036621094,432.0081176757813,404.7195434570313,0.0010269226040691
tile_r019555_c010595,3,352.8734436035156,0.0,409.0823974609375,5.368741989135742,0.0010098153725266
tile_r019555_c010851,3,73.19775390625,62.35302734375,124.43659973144533,114.1776885986328,0.9102243185043336
tile_r019555_c010851,3,164.57907104492188,19.589012145996094,216.4184112548828,69.01692199707031,0.8918044567108154
tile_r019555_c010851,3,109.4867935180664,186.31431579589844,158.19244384765625,229.30612182617188,0.8808522820472717
tile_r019555_c010851,3,442.80865478515625,38.58348846435547,492.8162231445313,88.32386779785156,0.8370034098625183
tile_r019555_c010851,3,205.6634063720703,415.375244140625,260.28277587890625,466.6795043945313,0.8201761841773987
tile_r019555_c010851,3,25.08704948425293,322.1122436523437,76.83750915527344,366.9945373535156,0.7759127616882324
tile_r019555_c010851,3,63.58014678955078,409.4051208496094,110.15608215332033,453.8878479003906,0.6992937326431274
tile_r019555_c010851,3,139.095703125,92.71055603027344,175.65432739257812,122.2049560546875,0.5845251679420471
tile_r019555_c010851,3,349.70538330078125,431.100830078125,399.9603271484375,478.126708984375,0.5731825828552246
tile_r019555_c010851,3,113.38102722167967,327.5859069824219,178.5496063232422,402.0950622558594,0.4887796938419342
tile_r019555_c010851,3,298.5174560546875,367.7734680175781,332.58660888671875,399.5532836914063,0.4478851854801178
tile_r019555_c010851,3,352.20904541015625,433.9940490722656,397.5149230957031,474.0241088867188,0.3584448099136352
tile_r019555_c010851,3,171.02964782714844,221.0778350830078,196.36575317382807,242.9178009033203,0.2954188585281372
tile_r019555_c010851,3,112.93434143066406,242.1592712402344,150.8538818359375,275.6683959960937,0.2896094620227813
tile_r019555_c010851,3,167.7701873779297,217.8400421142578,198.87689208984372,244.7938232421875,0.2826773226261139
tile_r019555_c010851,3,237.24038696289065,310.59454345703125,292.57843017578125,366.6152648925781,0.252711534500122
tile_r019555_c010851,3,239.0326232910156,312.85699462890625,291.2283630371094,365.3482666015625,0.2513819932937622
tile_r019555_c010851,3,18.183408737182617,243.18161010742188,55.40997314453125,277.1771850585937,0.2200266569852829
tile_r019555_c010851,3,137.93014526367188,90.9953384399414,178.79833984375,125.0720443725586,0.2167680561542511
tile_r019555_c010851,3,0.0,147.7399444580078,14.60565185546875,185.17916870117188,0.1593854576349258
tile_r019555_c010851,3,117.69673919677734,328.0199584960937,172.97509765625,385.43505859375,0.0894352570176124
tile_r019555_c010851,3,20.424814224243164,246.3061981201172,51.65975189208984,274.01336669921875,0.0795425921678543
tile_r019555_c010851,3,206.50320434570312,415.8788146972656,260.21099853515625,465.0098571777344,0.073875106871128
tile_r019555_c010851,3,168.0509796142578,219.46609497070312,198.34689331054688,246.4738311767578,0.0673202350735664
tile_r019555_c010851,3,0.0774002075195312,149.91409301757812,9.67055606842041,180.74728393554688,0.064191423356533
tile_r019555_c010851,3,145.83897399902344,425.1154174804688,181.7474670410156,456.8331909179688,0.0632094517350196
tile_r019555_c010851,3,148.1356201171875,426.7804565429688,178.98097229003906,454.46044921875,0.0579980127513408
tile_r019555_c010851,3,0.0,151.55523681640625,9.668875694274902,183.84976196289065,0.0490999110043048
tile_r019555_c010851,3,499.14068603515625,100.9369888305664,511.9454040527344,153.755859375,0.047496385872364
tile_r019555_c010851,3,120.0064697265625,332.9310302734375,170.1794891357422,390.1665649414063,0.0376892127096653
tile_r019555_c010851,3,112.2812271118164,324.1165466308594,179.1653594970703,397.90869140625,0.0324444808065891
tile_r019555_c010851,3,301.4293518066406,370.15032958984375,330.6103210449219,397.29974365234375,0.0310078989714384
tile_r019555_c010851,3,501.406982421875,105.9723663330078,512.0,146.45762634277344,0.0302656684070825
tile_r019555_c010851,3,141.2274169921875,94.77587127685548,172.7998809814453,119.44580078125,0.0298419930040836
tile_r019555_c010851,3,0.0,136.64527893066406,19.711381912231445,190.0622100830078,0.0270786229521036
tile_r019555_c010851,3,0.0080493930727243,152.9239044189453,7.012014865875244,181.1322021484375,0.0266419816762208
tile_r019555_c010851,3,506.2560424804688,103.89900207519533,511.9783325195313,141.81649780273438,0.0238365102559328
tile_r019555_c010851,3,198.0976104736328,466.1032104492188,223.9722442626953,488.85498046875,0.018625296652317
tile_r019555_c010851,3,245.4137420654297,313.19708251953125,274.64605712890625,337.308837890625,0.015750765800476
tile_r019555_c010851,3,110.5359344482422,241.7642517089844,152.1269989013672,277.9648742675781,0.0126526774838566
tile_r019555_c010851,3,124.5134048461914,372.5675048828125,162.76930236816406,400.5199279785156,0.0097918575629591
tile_r019555_c010851,3,0.048367690294981,153.74148559570312,3.3379814624786377,184.3190460205078,0.0084782131016254
tile_r019555_c010851,3,0.0,36.38541412353516,10.537458419799805,89.12457275390625,0.0083033656701445
tile_r019555_c010851,3,501.39068603515625,104.1989288330078,512.0,151.5215301513672,0.0082880267873406
tile_r019555_c010851,3,497.0877075195313,91.14292907714844,512.0,151.02877807617188,0.0076105208136141
tile_r019555_c010851,3,198.553955078125,467.61627197265625,223.378662109375,488.561767578125,0.0075226402841508
tile_r019555_c010851,3,496.7347106933594,0.0,511.9469604492188,27.06151962280273,0.0069438144564628
tile_r019555_c010851,3,0.0508651733398437,25.890628814697266,14.838818550109863,86.3829574584961,0.0063484739512205
tile_r019555_c010851,3,120.51220703125,0.0,158.0127410888672,4.940214157104492,0.0062964209355413
tile_r019555_c010851,3,133.18563842773438,501.93841552734375,181.44699096679688,512.0,0.0062650591135025
tile_r019555_c010851,3,28.574899673461918,325.11651611328125,74.86445617675781,363.8403930664063,0.0062595033086836
tile_r019555_c010851,3,112.0228042602539,0.1366104185581207,158.5390167236328,11.72802734375,0.0059803244657814
tile_r019555_c010851,3,131.9997100830078,506.1143493652344,175.73583984375,512.0,0.0057327710092067
tile_r019555_c010851,3,114.4289093017578,243.37564086914065,148.9542694091797,274.5268249511719,0.0056305164471268
tile_r019555_c010851,3,505.5089416503906,1.5582252740859983,512.0,24.075990676879883,0.0054364148527383
tile_r019555_c010851,3,120.9781494140625,499.8619079589844,180.86631774902344,512.0,0.005415319930762
tile_r019555_c010851,3,3.182614088058472,0.2108184844255447,63.15346145629883,11.46430492401123,0.0053599192760884
tile_r019555_c010851,3,124.61827087402344,504.7116088867188,173.8783416748047,512.0,0.0049926624633371
tile_r019555_c010851,3,440.72210693359375,34.827369689941406,496.8926696777344,91.4970703125,0.0048187538050115
tile_r019555_c010851,3,502.5284118652344,1.9436432123184204,511.9402465820313,38.81216049194336,0.0043717930093407
tile_r019555_c010851,3,500.6814575195313,107.13267517089844,511.9171752929688,156.54342651367188,0.0042991186492145
tile_r019555_c010851,3,0.1062555313110351,143.6039276123047,9.74376106262207,178.61180114746094,0.004138387273997
tile_r019555_c010851,3,115.00587463378906,0.0,156.1946563720703,6.309712886810303,0.0040711583569645
tile_r019555_c010851,3,9.958508491516112,0.1537017822265625,72.0659408569336,10.512567520141602,0.0038924815598875
tile_r019555_c010851,3,121.90667724609376,373.4142150878906,159.11737060546875,400.0631713867188,0.0038120755925774
tile_r019555_c010851,3,120.7886962890625,0.1176300048828125,162.96273803710938,10.661165237426758,0.0038081447128206
tile_r019555_c010851,3,0.230702206492424,149.90553283691406,15.50859260559082,179.06900024414062,0.0036314048338681
tile_r019555_c010851,3,483.9072265625,0.0205936431884765,511.2574157714844,7.530228614807129,0.0036266960669308
tile_r019555_c010851,3,0.0454296097159385,33.34757614135742,7.114195346832275,73.70878601074219,0.0035786188673228
tile_r019555_c010851,3,506.2296752929688,175.08447265625,512.0,225.0767059326172,0.0035024082753807
tile_r019555_c010851,3,504.66986083984375,0.2407573759555816,512.0,12.198002815246582,0.0033615813590586
tile_r019555_c010851,3,508.0687561035156,99.62200927734376,511.9655151367188,137.4693145751953,0.003299631178379
tile_r019555_c010851,3,163.81320190429688,0.0235637668520212,204.7047882080078,4.26237678527832,0.0032963615376502
tile_r019555_c010851,3,160.3328399658203,0.0,199.97547912597656,4.727616310119629,0.0032110507600009
tile_r019555_c010851,3,0.0404005050659179,39.62776565551758,5.067101001739502,75.58477020263672,0.0031729557085782
tile_r019555_c010851,3,388.79443359375,0.0182409286499023,429.72705078125,5.354699611663818,0.0031111652497202
tile_r019555_c010851,3,0.0020812987349927,45.3682746887207,7.506577968597412,91.4517822265625,0.0030445724260061
tile_r019555_c010851,3,504.0364685058594,108.7783203125,512.0,164.93959045410156,0.0029389953706413
tile_r019555_c010851,3,17.59311866760254,0.1670440733432769,88.6982192993164,10.119464874267578,0.0028231025207787
tile_r019555_c010851,3,502.43890380859375,104.26463317871094,512.0,157.59420776367188,0.0027982417959719
tile_r019555_c010851,3,72.08808898925781,0.0326042175292968,131.74868774414062,4.639693260192871,0.0027735612820833
tile_r019555_c010851,3,4.458453178405762,0.0,60.657020568847656,5.617865562438965,0.0026593110524117
tile_r019555_c010851,3,507.9194946289063,168.2376251220703,512.0,217.95681762695312,0.0026583208236843
tile_r019555_c010851,3,19.649593353271484,243.0618438720703,54.63901519775391,275.6003112792969,0.0025861877948045
tile_r019555_c010851,3,505.7042846679688,0.5917907953262329,512.0,31.36708641052246,0.0025127814151346
tile_r019555_c010851,3,135.1621551513672,507.42486572265625,179.05551147460938,511.9576110839844,0.0024675487075001
tile_r019555_c010851,3,505.41546630859375,115.7632293701172,512.0,171.27503967285156,0.0024185623042285
tile_r019555_c010851,3,151.06375122070312,427.6832885742188,179.0742645263672,453.0196228027344,0.0023605599999427
tile_r019555_c010851,3,6.451968193054199,0.0,65.2725830078125,4.541738986968994,0.0023600950371474
tile_r019555_c010851,3,0.0222995765507221,43.19083786010742,2.2571048736572266,79.52494049072266,0.0022494306322187
tile_r019555_c010851,3,117.71759033203124,244.4583282470703,147.39981079101562,273.4657287597656,0.0022354384418576
tile_r019555_c010851,3,85.36967468261719,0.0,137.78213500976562,4.284858226776123,0.0021835786756128
tile_r019555_c010851,3,28.02020263671875,325.4825134277344,69.09054565429688,360.78948974609375,0.0021369734313338
tile_r019555_c010851,3,0.0,0.1690582334995269,61.6035041809082,13.730051040649414,0.0020594999659806
tile_r019555_c010851,3,0.2511337399482727,146.92544555664062,22.74802589416504,184.66146850585935,0.0020538882818073
tile_r019555_c010851,3,95.81016540527344,0.1621429473161697,159.92335510253906,12.28510284423828,0.0020509620662778
tile_r019555_c010851,3,0.0427812561392784,153.55136108398438,2.7401435375213623,191.1398162841797,0.0020116542000323
tile_r019555_c010851,3,8.266199111938477,0.0,73.6975326538086,3.758941173553467,0.0019805224146693
tile_r019555_c010851,3,464.0511169433594,0.061965562403202,504.003662109375,5.295743465423584,0.0018971702083945
tile_r019555_c010851,3,149.98464965820312,427.2213439941406,179.54916381835938,454.0822143554688,0.0018836035160347
tile_r019555_c010851,3,0.0,119.99214935302734,23.64439392089844,186.52230834960935,0.0018512408714741
tile_r019555_c010851,3,0.7676666378974915,128.56956481933594,22.461071014404297,210.8957977294922,0.0018487717024981
tile_r019555_c010851,3,122.59295654296876,361.8677368164063,166.9055938720703,400.5988159179688,0.0018138014711439
tile_r019555_c010851,3,383.9761962890625,0.0,425.822509765625,6.3653645515441895,0.0018097663996741
tile_r019555_c010851,3,121.6811065673828,252.41635131835935,146.73092651367188,273.8189392089844,0.0017377530457451
tile_r019555_c010851,3,0.0,156.316162109375,8.7206392288208,194.4693603515625,0.0017164045711979
tile_r019555_c010851,3,507.3836059570313,206.2290496826172,512.0,259.94219970703125,0.0017138116527348
tile_r019555_c010851,3,394.7389526367188,0.0211196895688772,435.50531005859375,4.326645851135254,0.0016126997070387
tile_r019555_c010851,3,116.1120147705078,504.2188415527344,167.8506317138672,512.0,0.0015779735986143
tile_r019555_c010851,3,78.52154541015625,0.1288681030273437,151.85220336914062,11.93279266357422,0.0015778096858412
tile_r019555_c010851,3,28.4177303314209,0.1409072875976562,103.79557037353516,10.130916595458984,0.0015688228886574
tile_r019555_c010851,3,194.6963806152344,466.8359375,224.52651977539065,491.1697387695313,0.0015500497538596
tile_r019555_c010851,3,0.0,0.0,57.744285583496094,6.617346286773682,0.0015270131407305
tile_r019555_c010851,3,456.2745666503906,0.0987884551286697,509.8937072753906,11.829595565795898,0.0015015117824077
tile_r019555_c010851,3,0.069783017039299,46.821388244628906,2.424517869949341,94.33161926269533,0.001500571379438
tile_r019555_c010851,3,136.58865356445312,329.2958068847656,166.3865966796875,352.9347839355469,0.0014908235752955
tile_r019555_c010851,3,141.97683715820312,501.66009521484375,189.7218017578125,511.8280334472656,0.0014894293854013
tile_r019555_c010851,3,0.0165246967226266,66.47079467773438,5.469498634338379,107.82918548583984,0.0014743872452527
tile_r019555_c010851,3,398.4708251953125,0.0955718979239463,444.597900390625,10.930715560913086,0.001465611741878
tile_r019555_c010851,3,113.78816986083984,330.71002197265625,175.12734985351562,404.053955078125,0.0014491050969809
tile_r019555_c010851,3,487.9922790527344,90.9072494506836,512.0,164.14620971679688,0.0014476038049906
tile_r019555_c010851,3,506.5623168945313,124.759521484375,512.0,178.03701782226562,0.0014217881252989
tile_r019555_c010851,3,15.157350540161133,240.3189697265625,57.7431755065918,278.6642761230469,0.0013866104418411
tile_r019555_c010851,3,0.01025390625,55.26436614990234,7.233499050140381,102.49505615234376,0.0013684675795957
tile_r019555_c010851,3,13.173568725585938,0.0,83.05099487304688,3.3720703125,0.0013612256152555
tile_r019555_c010851,3,0.0429542548954486,28.468006134033203,7.709469795227051,68.26783752441406,0.0013547311536967
tile_r019555_c010851,3,171.01986694335938,221.5650177001953,196.56201171875,242.5718688964844,0.0013451869599521
tile_r019555_c010851,3,386.4000244140625,0.1088378876447677,438.6812438964844,11.153059005737305,0.0013296238612383
tile_r019555_c010851,3,0.0397552475333213,53.645118713378906,4.7790937423706055,102.91517639160156,0.0013293561059981
tile_r019555_c010851,3,476.9624938964844,0.0211151130497455,512.0,16.105539321899414,0.0013077571056783
tile_r019555_c010851,3,158.483642578125,0.0531051643192768,216.4248504638672,12.661480903625488,0.0012919213622808
tile_r019555_c010851,3,506.40081787109375,181.9057159423828,512.0,230.3560791015625,0.0012852681102231
tile_r019555_c010851,3,506.8464965820313,214.204833984375,512.0,265.73553466796875,0.0012239511124789
tile_r019555_c010851,3,110.56900787353516,489.35400390625,188.85427856445312,511.9007263183594,0.0012127668596804
tile_r019555_c010851,3,506.09674072265625,198.00961303710935,512.0,254.9557647705078,0.0011905493447557
tile_r019555_c010851,3,166.58914184570312,217.8507843017578,201.6143798828125,247.55551147460935,0.0011714290594682
tile_r019555_c010851,3,203.1593170166016,412.3889770507813,263.2836608886719,468.5809631347656,0.001165852532722
tile_r019555_c010851,3,210.7382049560547,505.4825744628906,253.62374877929688,512.0,0.0011642988538369
tile_r019555_c010851,3,253.55322265625,330.82196044921875,286.6361694335937,360.1535339355469,0.0011401181109249
tile_r019555_c010851,3,0.0,157.20596313476562,4.834530830383301,202.65562438964844,0.0010814515408128
tile_r019555_c010851,3,43.598052978515625,0.1329208314418792,119.15647888183594,10.457075119018556,0.0010692439973354
tile_r019555_c010851,3,107.11898040771484,0.0,155.27413940429688,6.405671119689941,0.0010690994095057
tile_r019555_c010851,3,297.4644470214844,268.5487060546875,341.1822509765625,317.19952392578125,0.0010614014463499
tile_r019555_c010851,3,0.1356483399868011,134.94967651367188,9.103410720825195,173.01577758789062,0.0010403716005384
tile_r019555_c010851,3,0.0,0.0,57.7640380859375,17.620634078979492,0.0010300183203071
tile_r019555_c010851,3,470.327880859375,0.068405345082283,508.2909240722656,5.555364608764648,0.001015001675114
tile_r019555_c011107,3,304.5503845214844,205.4520568847656,350.9117126464844,252.1074676513672,0.8772520422935486
tile_r019555_c011107,3,381.6813049316406,214.5010528564453,434.6217346191406,260.4740600585937,0.8620367646217346
tile_r019555_c011107,3,186.47830200195312,38.52572250366211,236.7344512939453,88.66752624511719,0.8310587406158447
tile_r019555_c011107,3,334.2574157714844,404.9264526367188,386.4130859375,458.535888671875,0.7865457534790039
tile_r019555_c011107,3,355.253173828125,127.3668441772461,415.837890625,182.6101837158203,0.6846475601196289
tile_r019555_c011107,3,428.0728149414063,252.8656005859375,499.052978515625,326.26495361328125,0.6562159657478333
tile_r019555_c011107,3,445.07025146484375,355.45635986328125,506.014404296875,407.91943359375,0.6547539234161377
tile_r019555_c011107,3,42.19630813598633,367.4050598144531,76.93574523925781,399.8949890136719,0.5651643872261047
tile_r019555_c011107,3,93.80865478515624,431.12310791015625,143.88218688964844,477.8863830566406,0.5642988085746765
tile_r019555_c011107,3,291.61676025390625,2.3400206565856934,352.4023742675781,56.43135833740234,0.4785196185111999
tile_r019555_c011107,3,294.8926086425781,3.9653046131134033,350.34332275390625,53.61552810668945,0.4104726016521454
tile_r019555_c011107,3,96.3257293701172,433.9569396972656,141.44674682617188,473.8333129882813,0.3687309324741363
tile_r019555_c011107,3,0.0951263457536697,322.2950744628906,32.14333724975586,364.9713439941406,0.31063973903656
tile_r019555_c011107,3,0.0,313.4630126953125,36.166412353515625,366.4771118164063,0.3072069585323334
tile_r019555_c011107,3,428.2201232910156,253.9164123535156,497.90521240234375,325.3330078125,0.2365410029888153
tile_r019555_c011107,3,417.8609008789063,433.5521545410156,455.5829162597656,469.4071350097656,0.2359669804573059
tile_r019555_c011107,3,449.887939453125,358.99822998046875,504.282958984375,403.4566040039063,0.1779427081346511
tile_r019555_c011107,3,358.9166564941406,130.1180419921875,413.9698791503906,179.40847778320312,0.1270346045494079
tile_r019555_c011107,3,0.1110717803239822,307.41943359375,38.171348571777344,370.87591552734375,0.0854241549968719
tile_r019555_c011107,3,420.7757263183594,435.6707153320313,452.7693786621094,466.7003784179688,0.0575791634619236
tile_r019555_c011107,3,418.2918090820313,433.7865295410156,454.9523010253906,468.56884765625,0.0555172301828861
tile_r019555_c011107,3,424.5223693847656,303.91180419921875,451.2974548339844,328.7598571777344,0.0550669021904468
tile_r019555_c011107,3,0.0,410.0211486816406,11.873108863830566,468.9026794433594,0.0329396352171897
tile_r019555_c011107,3,378.1722717285156,501.3512268066406,433.7229919433594,512.0,0.0323293060064315
tile_r019555_c011107,3,45.17066955566406,369.9714965820313,74.92097473144531,397.4948120117188,0.0271727871149778
tile_r019555_c011107,3,337.04473876953125,408.0469970703125,383.7379760742188,455.8888244628906,0.0261146444827318
tile_r019555_c011107,3,0.0,419.5392150878906,8.133009910583496,468.2298278808594,0.0226656086742877
tile_r019555_c011107,3,381.9703674316406,505.6925659179688,426.6570739746094,512.0,0.0207658056169748
tile_r019555_c011107,3,0.1125503554940223,325.92645263671875,32.105995178222656,364.2083435058594,0.0118910185992717
tile_r019555_c011107,3,374.8938903808594,505.3040466308594,423.066650390625,512.0,0.0111612621694803
tile_r019555_c011107,3,389.4617919921875,502.6497497558594,433.55950927734375,512.0,0.0096985148265957
tile_r019555_c011107,3,387.6142883300781,506.60296630859375,428.93890380859375,512.0,0.0087914625182747
tile_r019555_c011107,3,0.1023973450064659,312.47906494140625,14.01027488708496,338.2763977050781,0.0085718836635351
tile_r019555_c011107,3,0.0,397.626953125,14.689717292785645,464.9073791503906,0.0084958169609308
tile_r019555_c011107,3,0.117003820836544,413.4374084472656,5.658763885498047,458.7255859375,0.0077297394163906
tile_r019555_c011107,3,0.1000017151236534,415.0516662597656,3.832810878753662,462.1368103027344,0.0066530108451843
tile_r019555_c011107,3,0.1379837095737457,330.978515625,30.687042236328125,363.56634521484375,0.0063721695914864
tile_r019555_c011107,3,184.3373565673828,34.844444274902344,240.6011199951172,91.76156616210938,0.006037781946361
tile_r019555_c011107,3,364.6483154296875,499.3899841308594,433.5184631347656,512.0,0.0054511739872395
tile_r019555_c011107,3,432.3058166503906,255.12741088867188,496.9872131347656,321.28668212890625,0.005026324186474
tile_r019555_c011107,3,0.0,426.263427734375,5.955172538757324,469.919677734375,0.0049993162974715
tile_r019555_c011107,3,367.182373046875,505.8544921875,418.6695251464844,512.0,0.0049019828438758
tile_r019555_c011107,3,484.55755615234375,508.3478393554688,511.7513122558594,511.9497985839844,0.0046444530598819
tile_r019555_c011107,3,424.2923889160156,299.84832763671875,452.371337890625,328.89697265625,0.0043815001845359
tile_r019555_c011107,3,0.0917017012834549,408.0578918457031,7.047574043273926,454.6396484375,0.0038970394525676
tile_r019555_c011107,3,0.0431241989135742,416.0311584472656,2.596397876739502,466.7273864746094,0.0036497667897492
tile_r019555_c011107,3,391.0922546386719,507.6419067382813,433.4627075195313,511.9056091308594,0.0035940755624324
tile_r019555_c011107,3,484.1236877441406,500.6280212402344,512.0,511.9612731933594,0.0035420963540673
tile_r019555_c011107,3,370.71685791015625,491.7235412597656,438.93896484375,512.0,0.0035063761752098
tile_r019555_c011107,3,473.7692260742188,507.3927612304688,511.6437377929688,512.0,0.0034472092520445
tile_r019555_c011107,3,421.4231872558594,437.7796020507813,451.95843505859375,464.9282836914063,0.0034098464529961
tile_r019555_c011107,3,462.1463928222656,506.7723083496094,512.0,512.0,0.0030569983646273
tile_r019555_c011107,3,0.3141204714775085,411.0662231445313,21.951251983642575,473.0182495117188,0.0030206250958144
tile_r019555_c011107,3,469.7026977539063,501.11126708984375,512.0,511.95068359375,0.0029411034192889
tile_r019555_c011107,3,0.1478740721940994,311.8285217285156,12.989727973937988,341.22857666015625,0.0027922340668737
tile_r019555_c011107,3,0.0,297.3106689453125,45.78331756591797,391.6471252441406,0.0027710788417607
tile_r019555_c011107,3,0.0,294.78533935546875,42.86522674560547,373.8470153808594,0.0027448965702205
tile_r019555_c011107,3,132.24325561523438,0.0196559913456439,174.24774169921875,5.364975452423096,0.0025521586649119
tile_r019555_c011107,3,377.3063659667969,207.94595336914065,441.1847229003906,268.1125183105469,0.0025318807456642
tile_r019555_c011107,3,452.2884826660156,500.2151489257813,512.0,511.99127197265625,0.0022593301255255
tile_r019555_c011107,3,272.25048828125,0.0,308.5228881835937,5.506078243255615,0.0020949624013155
tile_r019555_c011107,3,0.0425695404410362,421.81781005859375,2.185187816619873,472.0453186035156,0.0020283127669245
tile_r019555_c011107,3,439.1135864257813,499.61029052734375,505.439453125,511.9894409179688,0.0019604845438152
tile_r019555_c011107,3,431.90911865234375,344.01824951171875,512.0,418.14361572265625,0.0017955013317987
tile_r019555_c011107,3,278.0614624023437,0.0,316.2254333496094,5.566536903381348,0.0017438202630728
tile_r019555_c011107,3,455.9790954589844,506.3582153320313,508.06585693359375,512.0,0.0017227950738742
tile_r019555_c011107,3,339.3715209960937,0.0015815735096111,391.1819152832031,4.16502857208252,0.0016120010986924
tile_r019555_c011107,3,422.275146484375,297.96343994140625,462.8714294433594,330.4991760253906,0.0015663839876651
tile_r019555_c011107,3,333.3578186035156,0.0,385.5416870117188,4.495676517486572,0.0015243544476106
tile_r019555_c011107,3,141.2869110107422,0.1032806411385536,189.6954040527344,10.789227485656738,0.0015125990612432
tile_r019555_c011107,3,361.2261962890625,505.8958435058594,413.2290954589844,512.0,0.001470053801313
tile_r019555_c011107,3,127.23716735839844,0.0,170.28480529785156,6.339041233062744,0.001464711735025
tile_r019555_c011107,3,0.1011428833007812,413.35064697265625,21.85239791870117,481.5836486816406,0.0014262525364756
tile_r019555_c011107,3,0.067962072789669,400.4569091796875,6.831538200378418,449.05511474609375,0.0014252660330384
tile_r019555_c011107,3,349.6527709960937,498.6449279785156,427.487548828125,512.0,0.0014036013744771
tile_r019555_c011107,3,395.47216796875,501.4318237304688,444.8811645507813,511.79443359375,0.0013966397382318
tile_r019555_c011107,3,128.9644775390625,0.1092498749494552,183.4407958984375,10.9918851852417,0.0013892045244574
tile_r019555_c011107,3,138.1619415283203,0.0204456336796283,180.14271545410156,4.364896297454834,0.0013791910605505
tile_r019555_c011107,3,356.82196044921875,488.9183044433594,440.9502868652344,511.7078247070313,0.0013350237859413
tile_r019555_c011107,3,507.794677734375,361.0239868164063,511.99114990234375,396.7474060058594,0.0013187695294618
tile_r019555_c011107,3,294.53375244140625,0.0554351806640625,337.0443420410156,5.484724998474121,0.0012861019931733
tile_r019555_c011107,3,0.0,384.39453125,15.663818359375,454.0582885742188,0.0012806997401639
tile_r019555_c011107,3,451.10357666015625,506.0247192382813,501.0044555664063,512.0,0.0012503208126872
tile_r019555_c011107,3,0.0510795600712299,429.3746643066406,2.417771100997925,477.6985473632813,0.0012480892473831
tile_r019555_c011107,3,0.2820709347724914,403.172607421875,23.82773971557617,491.46685791015625,0.0012222630903124
tile_r019555_c011107,3,282.5408935546875,0.0,323.9564819335937,5.563747882843018,0.0011689139064401
tile_r019555_c011107,3,288.63775634765625,0.065037153661251,330.9734802246094,5.495253086090088,0.0011331123532727
tile_r019555_c011107,3,314.84747314453125,0.1824905425310135,373.2168884277344,19.5797119140625,0.0011324007064104
tile_r019555_c011107,3,500.6443481445313,264.8624267578125,512.0,338.65185546875,0.001126384595409
tile_r019555_c011107,3,297.93475341796875,0.0329153053462505,343.1709289550781,5.221057891845703,0.0011237469734624
tile_r019555_c011107,3,493.254150390625,486.6261596679688,512.0,511.2443237304688,0.0011184361064806
tile_r019555_c011107,3,0.0,331.2786865234375,30.492664337158203,360.46917724609375,0.0011126375757157
tile_r019555_c011107,3,196.8511505126953,0.1332473754882812,251.3260803222656,11.192773818969728,0.0010640433756634
tile_r019555_c011107,3,300.13494873046875,200.2563323974609,356.2435302734375,257.6425170898437,0.0010494920425117
tile_r019555_c011107,3,0.197428897023201,413.2560424804688,10.731977462768556,471.2202758789063,0.0010165568673983
tile_r019555_c011363,3,123.62535095214844,210.9671173095703,180.8223419189453,263.0335998535156,0.8590925931930542
tile_r019555_c011363,3,45.87982177734375,202.26708984375,97.71521759033205,255.196044921875,0.8572366237640381
tile_r019555_c011363,3,406.6580200195313,0.0,464.9177856445313,42.95842361450195,0.8463612794876099
tile_r019555_c011363,3,75.40416717529297,402.1248168945313,133.21658325195312,461.45123291015625,0.820198118686676
tile_r019555_c011363,3,447.458251953125,257.05181884765625,490.61810302734375,299.5630187988281,0.7994594573974609
tile_r019555_c011363,3,97.18959045410156,124.01314544677734,162.37918090820312,185.7122802734375,0.7594045400619507
tile_r019555_c011363,3,187.91905212402344,352.7975158691406,252.3821563720703,410.1844787597656,0.7392376065254211
tile_r019555_c011363,3,31.345895767211918,0.8573272824287415,99.5198745727539,60.15643310546875,0.708777904510498
tile_r019555_c011363,3,467.7763671875,225.9969787597656,511.966796875,280.05059814453125,0.6877076029777527
tile_r019555_c011363,3,170.50704956054688,251.77700805664065,242.94161987304688,328.4778747558594,0.5646863579750061
tile_r019555_c011363,3,445.3513793945313,157.45472717285156,510.8198852539063,228.7321014404297,0.4761976301670074
tile_r019555_c011363,3,170.61734008789062,252.81008911132807,242.255126953125,328.05938720703125,0.4272439181804657
tile_r019555_c011363,3,442.04736328125,154.297607421875,510.9913024902344,231.6501922607422,0.331730842590332
tile_r019555_c011363,3,161.83656311035156,432.8736267089844,200.67349243164065,469.8140563964844,0.2313147187232971
tile_r019555_c011363,3,277.40643310546875,493.32073974609375,335.6695556640625,511.96484375,0.2148383259773254
tile_r019555_c011363,3,35.9658317565918,1.4019653797149658,97.6329345703125,57.23295974731445,0.1655389666557312
tile_r019555_c011363,3,192.6661376953125,356.64959716796875,250.01657104492188,405.9889221191406,0.1335554271936416
tile_r019555_c011363,3,287.11236572265625,495.4798278808594,331.7412109375,512.0,0.1237134039402008
tile_r019555_c011363,3,162.1126251220703,433.0291442871094,199.9050750732422,469.14154052734375,0.1124003604054451
tile_r019555_c011363,3,164.75131225585938,435.0654296875,197.5723114013672,467.00335693359375,0.0526230037212371
tile_r019555_c011363,3,168.220458984375,302.8736267089844,196.71408081054688,329.7134704589844,0.0510819181799888
tile_r019555_c011363,3,280.702392578125,498.2744140625,327.48052978515625,512.0,0.0499302297830581
tile_r019555_c011363,3,101.21407318115234,127.4015884399414,160.22470092773438,182.11282348632807,0.047102715820074
tile_r019555_c011363,3,285.0784912109375,499.7879943847656,327.6678771972656,512.0,0.044280182570219
tile_r019555_c011363,3,460.5315551757813,221.55203247070312,512.0,288.36993408203125,0.0389822162687778
tile_r019555_c011363,3,404.9475708007813,0.0614028945565223,469.35693359375,45.703895568847656,0.0369134657084941
tile_r019555_c011363,3,271.26715087890625,488.6917114257813,340.517822265625,511.84466552734375,0.0336541682481765
tile_r019555_c011363,3,122.02430725097656,501.2789916992188,177.79959106445312,512.0,0.032437290996313
tile_r019555_c011363,3,125.8223876953125,505.6106872558594,170.75894165039062,512.0,0.0203527454286813
tile_r019555_c011363,3,495.0183715820313,0.0,511.974609375,31.916797637939453,0.0198744665831327
tile_r019555_c011363,3,283.2459411621094,490.8494567871094,335.2095031738281,511.8252868652344,0.0187804847955703
tile_r019555_c011363,3,265.2532653808594,491.8328552246094,335.975341796875,512.0,0.0173623580485582
tile_r019555_c011363,3,0.0,100.9501495361328,13.378377914428713,164.09349060058594,0.0116123761981725
tile_r019555_c011363,3,498.1398315429688,326.7390441894531,512.0,395.569091796875,0.0109870675951242
tile_r019555_c011363,3,118.784423828125,505.182861328125,167.18800354003906,512.0,0.0108974026516079
tile_r019555_c011363,3,133.31285095214844,502.6315002441406,177.69320678710938,512.0,0.0100444424897432
tile_r019555_c011363,3,287.9512634277344,502.9800415039063,330.9006652832031,511.981689453125,0.0100180767476558
tile_r019555_c011363,3,219.68112182617188,501.46429443359375,287.0818786621094,512.0,0.009188687428832
tile_r019555_c011363,3,131.46768188476562,506.5516052246094,173.0602569580078,512.0,0.0089012822136282
tile_r019555_c011363,3,333.3031921386719,0.0,375.1873168945313,5.491878986358643,0.008810038678348
tile_r019555_c011363,3,79.37477111816406,405.7508850097656,129.87600708007812,458.4404296875,0.0087442928925156
tile_r019555_c011363,3,497.212890625,318.694091796875,512.0,384.83599853515625,0.0084216659888625
tile_r019555_c011363,3,41.15892791748047,198.07601928710935,102.53458404541016,259.7381286621094,0.0080791655927896
tile_r019555_c011363,3,328.8705444335937,0.0151210781186819,370.2896423339844,5.966397285461426,0.0073169996030628
tile_r019555_c011363,3,499.9818420410156,1.2242248058319092,511.9868774414063,47.04415893554688,0.0061599388718605
tile_r019555_c011363,3,206.9110107421875,500.3185424804688,277.9323425292969,512.0,0.005742757115513
tile_r019555_c011363,3,108.31197357177734,499.2782287597656,177.64544677734375,512.0,0.0054877386428415
tile_r019555_c011363,3,499.1368713378906,332.56060791015625,512.0,406.799072265625,0.0052014118991792
tile_r019555_c011363,3,0.0325378403067588,109.0141830444336,8.986655235290527,165.88014221191406,0.0051981513388454
tile_r019555_c011363,3,503.9072265625,0.0,512.0,14.280899047851562,0.0050210352055728
tile_r019555_c011363,3,339.00177001953125,0.0032478333450853,379.7350463867188,5.024094104766846,0.0048726284876465
tile_r019555_c011363,3,505.8255004882813,306.6827087402344,512.0,363.4885864257813,0.0048296758905053
tile_r019555_c011363,3,167.9521942138672,298.7560119628906,198.0075836181641,330.1386413574219,0.0047534853219985
tile_r019555_c011363,3,110.9823760986328,505.7481384277344,162.6957244873047,512.0,0.0047342432662844
tile_r019555_c011363,3,485.90032958984375,0.0,511.7413024902344,9.601903915405272,0.004631461109966
tile_r019555_c011363,3,497.2025451660156,242.1799774169922,512.0,313.5733337402344,0.0044377767480909
tile_r019555_c011363,3,174.67965698242188,341.96905517578125,258.12176513671875,419.47412109375,0.0043236901983618
tile_r019555_c011363,3,504.79486083984375,310.8565979003906,512.0,370.8359069824219,0.004122550599277
tile_r019555_c011363,3,329.0260009765625,0.1364349424839019,377.0320434570313,12.68990993499756,0.0040476317517459
tile_r019555_c011363,3,504.079345703125,0.2280326783657074,512.0,25.08200454711914,0.004003258422017
tile_r019555_c011363,3,194.814453125,499.3465270996094,270.9444885253906,512.0,0.0039548906497657
tile_r019555_c011363,3,165.5561981201172,296.3583984375,210.4426727294922,332.6079406738281,0.0037966375239193
tile_r019555_c011363,3,135.001708984375,507.58685302734375,177.5881805419922,511.9064025878906,0.0037094780709594
tile_r019555_c011363,3,504.069580078125,314.5977783203125,512.0,378.3387451171875,0.0035447899717837
tile_r019555_c011363,3,295.5277404785156,496.2249145507813,334.8829650878906,511.8224182128906,0.0035005663521587
tile_r019555_c011363,3,114.3194808959961,491.692626953125,183.3513641357422,512.0,0.003435663646087
tile_r019555_c011363,3,504.1278381347656,330.8406677246094,512.0,394.619140625,0.0033728163689374
tile_r019555_c011363,3,335.293701171875,0.1404540985822677,385.2542114257813,10.752483367919922,0.0032649857457727
tile_r019555_c011363,3,223.813720703125,506.3436584472656,277.3803100585937,512.0,0.0032573675271123
tile_r019555_c011363,3,343.9034729003906,0.0016752242809161,385.46826171875,4.397889614105225,0.0032406360842287
tile_r019555_c011363,3,0.0312204360961914,183.1071014404297,3.7058119773864746,225.8623962402344,0.0032338984310626
tile_r019555_c011363,3,506.0162963867188,325.8937072753906,512.0,389.0475463867188,0.0030423603020608
tile_r019555_c011363,3,0.0491552352905273,109.60604095458984,3.700154066085816,162.12533569335938,0.0029505528509616
tile_r019555_c011363,3,498.8380432128906,339.84820556640625,512.0,420.089111328125,0.0028899216558784
tile_r019555_c011363,3,182.51004028320312,498.9122619628906,260.94305419921875,512.0,0.0028769357595592
tile_r019555_c011363,3,409.6368713378906,0.06591796875,465.9146423339844,40.65879440307617,0.002873214893043
tile_r019555_c011363,3,506.3153381347656,319.9183044433594,512.0,384.4489440917969,0.0028647913131862
tile_r019555_c011363,3,217.5835418701172,506.1807556152344,272.5025329589844,512.0,0.0028571465518325
tile_r019555_c011363,3,0.0275451652705669,177.79611206054688,11.649057388305664,238.2015838623047,0.0028478736057877
tile_r019555_c011363,3,175.28179931640625,254.54690551757807,240.833740234375,323.0707092285156,0.0028014292474836
tile_r019555_c011363,3,498.3560180664063,304.3221435546875,512.0,373.1079711914063,0.0027377230580896
tile_r019555_c011363,3,202.78829956054688,505.9771423339844,260.0526733398437,512.0,0.0027269751299172
tile_r019555_c011363,3,227.781005859375,499.228515625,313.82781982421875,511.9168090820313,0.0026998124085366
tile_r019555_c011363,3,247.7952117919922,493.198486328125,330.6109924316406,512.0,0.002694513881579
tile_r019555_c011363,3,443.4288940429688,145.91134643554688,511.4856567382813,214.87808227539065,0.0026765586808323
tile_r019555_c011363,3,0.0368888862431049,105.1108169555664,4.942883968353272,157.66024780273438,0.0026595955714583
tile_r019555_c011363,3,118.46778869628906,204.5874938964844,187.44656372070312,270.03692626953125,0.0025634348858147
tile_r019555_c011363,3,322.9657287597656,0.0223043449223041,365.3548889160156,6.437487602233887,0.0025408561341464
tile_r019555_c011363,3,0.0476346984505653,104.79225158691406,6.779160499572754,146.21176147460938,0.0024197993334382
tile_r019555_c011363,3,260.1588439941406,445.10260009765625,299.2890625,486.1300659179688,0.0023543471470475
tile_r019555_c011363,3,0.0547870621085166,103.278564453125,6.042544364929199,152.74429321289062,0.0022514970041811
tile_r019555_c011363,3,465.97705078125,221.5186767578125,511.7127990722656,281.57489013671875,0.0022406154312193
tile_r019555_c011363,3,0.0,86.47529602050781,17.132518768310547,161.1795654296875,0.0022365266922861
tile_r019555_c011363,3,165.19361877441406,437.1216430664063,196.60812377929688,465.23583984375,0.0021540811285376
tile_r019555_c011363,3,210.2309112548828,505.9927368164063,267.43585205078125,512.0,0.0021329405717551
tile_r019555_c011363,3,227.9653778076172,506.8745727539063,281.6009521484375,511.9970703125,0.0020962569396942
tile_r019555_c011363,3,0.0,187.9780731201172,8.554433822631836,243.1661376953125,0.0020616229157894
tile_r019555_c011363,3,484.662353515625,319.1714172363281,511.7228088378906,405.7247924804688,0.0019125483231619
tile_r019555_c011363,3,507.269775390625,250.1996307373047,512.0,309.0746154785156,0.0018934285035356
tile_r019555_c011363,3,272.05780029296875,498.4107971191406,321.2251281738281,511.9526977539063,0.0018928284989669
tile_r019555_c011363,3,498.624267578125,351.8246459960937,511.9309997558594,430.2198791503906,0.0018211145652458
tile_r019555_c011363,3,0.0229431148618459,185.0948181152344,3.2863411903381348,232.6409454345703,0.0018164856592193
tile_r019555_c011363,3,503.7198181152344,334.4325866699219,512.0,401.85491943359375,0.0017938372911885
tile_r019555_c011363,3,230.89840698242188,507.52581787109375,288.0580139160156,511.9586486816406,0.0017864505061879
tile_r019555_c011363,3,348.9292297363281,0.0043590543791651,391.9910278320313,3.85185170173645,0.0017258779844269
tile_r019555_c011363,3,198.8894195556641,505.761474609375,254.78518676757807,512.0,0.0017032452160492
tile_r019555_c011363,3,505.6948852539063,257.34210205078125,512.0,317.4411315917969,0.0017008073627948
tile_r019555_c011363,3,503.5713806152344,237.3755798339844,511.9925231933594,300.8862609863281,0.0016912596765905
tile_r019555_c011363,3,15.39277172088623,0.0,55.2495002746582,6.160778045654297,0.0016587544232606
tile_r019555_c011363,3,0.1387481689453125,0.7239395380020142,13.374208450317385,44.57540130615234,0.0016054071020334
tile_r019555_c011363,3,341.4751892089844,0.0934661850333213,400.41351318359375,10.469977378845217,0.0015622578794136
tile_r019555_c011363,3,501.0794372558594,122.9619140625,511.9996032714844,188.06228637695312,0.0015540599124506
tile_r019555_c011363,3,483.7155151367188,0.0,512.0,47.471458435058594,0.0015461052535101
tile_r019555_c011363,3,504.5958862304688,0.0,512.0,36.193359375,0.0015013559022918
tile_r019555_c011363,3,507.9108276367188,300.6264038085937,512.0,355.906982421875,0.001496126758866
tile_r019555_c011363,3,498.5362243652344,366.79974365234375,511.8479614257813,435.4353637695313,0.0014709891984239
tile_r019555_c011363,3,139.3326873779297,501.39654541015625,189.13204956054688,511.7889709472656,0.001453761709854
tile_r019555_c011363,3,502.5995178222656,345.9136657714844,512.0,417.7023315429688,0.0014478422235697
tile_r019555_c011363,3,320.67730712890625,0.158274844288826,376.6371154785156,16.848691940307617,0.0014382113004103
tile_r019555_c011363,3,104.90275573730467,505.8311462402344,157.34677124023438,512.0,0.0014298557071015
tile_r019555_c011363,3,92.92730712890624,498.5816345214844,171.68106079101562,512.0,0.0014040311798453
tile_r019555_c011363,3,502.4114379882813,338.79449462890625,512.0,410.0301818847656,0.0013973101740702
tile_r019555_c011363,3,357.2071533203125,261.65533447265625,379.7309265136719,284.6518249511719,0.0013901056954637
tile_r019555_c011363,3,258.0484313964844,480.8357543945313,344.7200012207031,512.0,0.0013400383759289
tile_r019555_c011363,3,56.14589309692383,0.122833251953125,116.7789535522461,22.82860565185547,0.0012859562411904
tile_r019555_c011363,3,483.16314697265625,311.98150634765625,512.0,396.4059143066406,0.0012840757844969
tile_r019555_c011363,3,194.54052734375,505.49615478515625,246.8975067138672,512.0,0.0012610122794285
tile_r019555_c011363,3,207.729248046875,490.04205322265625,305.8292541503906,512.0,0.0012321555987
tile_r019555_c011363,3,100.09634399414062,488.8766479492188,185.49615478515625,511.6726989746094,0.0012282787356525
tile_r019555_c011363,3,81.46453857421875,0.0,135.66676330566406,4.234355926513672,0.0012114939745515
tile_r019555_c011363,3,20.02917861938477,0.0,63.24751663208008,6.193818092346191,0.0011986803729087
tile_r019555_c011363,3,500.7691345214844,94.8430633544922,511.9532775878906,162.91558837890625,0.0011980200652033
tile_r019555_c011363,3,506.4610900878906,261.12408447265625,512.0,324.65850830078125,0.0011817828053608
tile_r019555_c011363,3,504.5119018554688,0.0,512.0,45.105918884277344,0.001180323655717
tile_r019555_c011363,3,287.7938537597656,505.9215393066406,337.6161499023437,511.9690856933594,0.0011786855757236
tile_r019555_c011363,3,284.3017578125,486.409423828125,354.0754089355469,510.7567443847656,0.0011749246623367
tile_r019555_c011363,3,0.0282087326049804,114.14060974121094,2.852614164352417,167.65158081054688,0.0011705724755302
tile_r019555_c011363,3,476.5428771972656,229.123779296875,512.0,275.8050842285156,0.0011635946575552
tile_r019555_c011363,3,166.53082275390625,303.1056213378906,204.99459838867188,334.2776794433594,0.0011509165633469
tile_r019555_c011363,3,507.0570373535156,266.7342529296875,512.0,331.0625305175781,0.0011393738677725
tile_r019555_c011363,3,500.4144592285156,3.5453522205352783,511.87249755859375,62.16342926025391,0.001099809189327
tile_r019555_c011363,3,74.70394134521484,0.0,130.00765991210938,4.388344764709473,0.0010979186045005
tile_r019555_c011363,3,442.1028747558594,248.3622283935547,497.9768981933594,307.3397216796875,0.0010859060566872
tile_r019555_c011363,3,281.5950927734375,495.5335388183594,324.1921691894531,511.5271911621094,0.001061946619302
tile_r019555_c011363,3,35.15481948852539,0.0932163223624229,85.88031768798828,6.426277160644531,0.0010478496551513
tile_r019555_c011363,3,461.1813049316406,0.0,502.38568115234375,5.07813835144043,0.001027193153277
tile_r019555_c011363,3,0.0345657356083393,116.81520080566406,6.746737480163574,168.75474548339844,0.0010056064929813
tile_r019555_c011619,3,271.39117431640625,318.8495178222656,333.89111328125,380.0916748046875,0.9038987755775452
tile_r019555_c011619,3,152.906494140625,0.144084170460701,206.74417114257807,40.132789611816406,0.8495928645133972
tile_r019555_c011619,3,192.62684631347656,258.2748413085937,234.14419555664065,297.9329528808594,0.8146698474884033
tile_r019555_c011619,3,211.94357299804688,224.1683654785156,283.2554626464844,278.96392822265625,0.8007465600967407
tile_r019555_c011619,3,261.22998046875,0.0,314.856689453125,36.081912994384766,0.7068386077880859
tile_r019555_c011619,3,191.5045166015625,161.4266357421875,254.8280792236328,224.3718719482422,0.6575953364372253
tile_r019555_c011619,3,401.61627197265625,255.7001037597656,455.4325256347656,299.71807861328125,0.6223168969154358
tile_r019555_c011619,3,272.68719482421875,417.32916259765625,329.5967712402344,469.4249877929688,0.5154951810836792
tile_r019555_c011619,3,478.1349487304688,393.9797668457031,511.5503845214844,446.3982543945313,0.3458099365234375
tile_r019555_c011619,3,269.85089111328125,412.76763916015625,334.6141662597656,474.3209838867188,0.3433572649955749
tile_r019555_c011619,3,482.6986389160156,397.6003723144531,512.0,441.8802185058594,0.3319010436534881
tile_r019555_c011619,3,23.39847946166992,493.2180786132813,76.92219543457031,512.0,0.3184431195259094
tile_r019555_c011619,3,398.15374755859375,252.2770233154297,458.5856323242188,302.9848022460937,0.217689648270607
tile_r019555_c011619,3,255.71841430664065,0.0,320.4368591308594,40.57368850708008,0.2017706781625747
tile_r019555_c011619,3,188.27247619628903,157.77957153320312,258.5385131835937,228.3136749267578,0.1824730634689331
tile_r019555_c011619,3,31.896427154541016,495.32861328125,73.07064819335938,512.0,0.1479671746492386
tile_r019555_c011619,3,27.87091636657715,497.9607849121094,69.0948486328125,512.0,0.0727172270417213
tile_r019555_c011619,3,31.54672241210937,499.6243591308594,69.1766357421875,512.0,0.0455912128090858
tile_r019555_c011619,3,17.657718658447266,489.0044555664063,81.27947998046875,511.95501708984375,0.0403564609587192
tile_r019555_c011619,3,217.22250366210935,227.9884490966797,281.0826721191406,275.8001403808594,0.0341527014970779
tile_r019555_c011619,3,29.3492488861084,490.8426818847656,76.31343078613281,511.6812133789063,0.026479298248887
tile_r019555_c011619,3,151.5432586669922,0.032543946057558,211.3372802734375,42.68843460083008,0.0240534748882055
tile_r019555_c011619,3,13.018247604370115,491.7036743164063,78.74359130859375,512.0,0.0162821263074874
tile_r019555_c011619,3,155.68655395507812,0.0356292724609375,207.86343383789065,38.023475646972656,0.0135169308632612
tile_r019555_c011619,3,362.1165161132813,500.4680786132813,418.64691162109375,512.0,0.012863184325397
tile_r019555_c011619,3,34.190086364746094,503.04302978515625,72.04624938964844,511.9602661132813,0.0106314001604914
tile_r019555_c011619,3,77.68116760253906,0.0,118.65816497802734,5.410415649414063,0.0105321956798434
tile_r019555_c011619,3,73.42494201660156,0.0181915275752544,113.73409271240234,5.914175510406494,0.0094427904114127
tile_r019555_c011619,3,1.2736632823944092,443.17864990234375,41.46318435668945,484.0985412597656,0.006298151332885
tile_r019555_c011619,3,373.96002197265625,501.49407958984375,421.925537109375,511.9203186035156,0.0059975832700729
tile_r019555_c011619,3,83.151611328125,0.0081615447998046,123.3100814819336,4.947670936584473,0.0050478801131248
tile_r019555_c011619,3,363.9624328613281,505.6587829589844,415.7330017089844,512.0,0.004818333312869
tile_r019555_c011619,3,355.8847961425781,505.22357177734375,413.0729064941406,512.0,0.0047009661793708
tile_r019555_c011619,3,73.77217102050781,0.1442092955112457,120.1357879638672,12.72712516784668,0.0045380033552646
tile_r019555_c011619,3,0.0,345.38641357421875,11.816211700439451,404.15283203125,0.0044164429418742
tile_r019555_c011619,3,1.7901809215545654,446.2731018066406,38.51394271850586,482.633544921875,0.0044109928421676
tile_r019555_c011619,3,0.0,355.5300598144531,8.39567756652832,405.41455078125,0.0042571332305669
tile_r019555_c011619,3,266.7334289550781,313.80712890625,338.7675170898437,385.2409057617188,0.0040785642340779
tile_r019555_c011619,3,334.7133483886719,498.32763671875,410.3912963867188,512.0,0.0040487367659807
tile_r019555_c011619,3,346.7122497558594,498.6337890625,417.023193359375,511.9679565429688,0.0038880666252225
tile_r019555_c011619,3,500.0162963867188,477.9605407714844,511.93701171875,512.0,0.0038117554504424
tile_r019555_c011619,3,0.1200002655386924,344.3031311035156,4.021538734436035,392.6234436035156,0.0037183191161602
tile_r019555_c011619,3,79.6881103515625,0.1507034301757812,128.18814086914062,10.780613899230955,0.0032614588271826
tile_r019555_c011619,3,0.0959909409284591,346.75982666015625,2.918944835662842,399.6290893554688,0.0032197865657508
tile_r019555_c011619,3,67.28742980957031,0.0230215080082416,109.00579833984376,6.392401695251465,0.0030916947871446
tile_r019555_c011619,3,371.1578063964844,506.0413513183594,418.5487365722656,511.9888305664063,0.0030756753403693
tile_r019555_c011619,3,87.82829284667969,0.0016563415993005,129.15406799316406,4.281529426574707,0.0029723800253123
tile_r019555_c011619,3,40.940040588378906,496.2139587402344,77.55775451660156,511.8540649414063,0.0028826841153204
tile_r019555_c011619,3,320.8998107910156,498.5945739746094,401.3953857421875,512.0,0.0028628702275455
tile_r019555_c011619,3,28.276397705078125,495.4911193847656,66.81739807128906,511.614013671875,0.0027995181735605
tile_r019555_c011619,3,506.1033325195313,442.0956115722656,512.0,485.34088134765625,0.0026829103007912
tile_r019555_c011619,3,20.08395004272461,498.0641174316406,64.26261901855469,511.9943237304688,0.0025418894365429
tile_r019555_c011619,3,375.12841796875,506.82562255859375,424.5213928222656,511.95361328125,0.0025232406333088
tile_r019555_c011619,3,245.1673126220703,499.9581604003906,311.1253356933594,511.9861450195313,0.0021938821300864
tile_r019555_c011619,3,0.0,503.9383239746094,26.06234169006348,512.0,0.0021588483359664
tile_r019555_c011619,3,267.91973876953125,500.57080078125,332.78106689453125,511.9266662597656,0.0021349072922021
tile_r019555_c011619,3,0.0,505.17230224609375,34.17600631713867,512.0,0.0020767031237483
tile_r019555_c011619,3,0.0,503.4816284179688,15.6947603225708,511.9764099121094,0.0020628622733056
tile_r019555_c011619,3,244.9927673339844,0.7521423101425171,332.0450134277344,51.85147857666016,0.0020540934056043
tile_r019555_c011619,3,256.3336486816406,500.30609130859375,321.9522399902344,511.9634399414063,0.0020525106228888
tile_r019555_c011619,3,277.7209167480469,501.00439453125,350.80523681640625,511.89300537109375,0.0019807929638773
tile_r019555_c011619,3,0.1268156021833419,486.8486328125,10.536665916442873,512.0,0.001883556949906
tile_r019555_c011619,3,421.8372192382813,506.9285583496094,475.10247802734375,512.0,0.0017468085279688
tile_r019555_c011619,3,506.9635620117188,485.5333862304688,512.0,512.0,0.0017005823319777
tile_r019555_c011619,3,423.3201293945313,501.29388427734375,487.1512756347656,511.962890625,0.0016475728480145
tile_r019555_c011619,3,231.8247528076172,499.21966552734375,303.2734680175781,512.0,0.0016354620456695
tile_r019555_c011619,3,92.8683624267578,0.0049354555085301,135.8708953857422,3.7538676261901855,0.0016065699746832
tile_r019555_c011619,3,461.0105590820313,382.8462524414063,512.0,458.6354064941406,0.0015978903975337
tile_r019555_c011619,3,415.3584899902344,506.3197326660156,470.6179809570313,512.0,0.0015909274807199
tile_r019555_c011619,3,349.8329467773437,504.26605224609375,409.2992858886719,512.0,0.0015718993963673
tile_r019555_c011619,3,507.0579223632813,435.926025390625,512.0,480.0484924316406,0.0015710981097072
tile_r019555_c011619,3,85.4151382446289,0.0896774306893348,142.56680297851562,10.587686538696287,0.0015576703008264
tile_r019555_c011619,3,498.1228942871094,435.034423828125,511.9928588867188,495.6564025878906,0.0015214013401418
tile_r019555_c011619,3,65.64039611816406,0.1748062074184417,120.1734390258789,16.892108917236328,0.0015057169366627
tile_r019555_c011619,3,504.71490478515625,444.69439697265625,512.0,491.5071411132813,0.0014916649088263
tile_r019555_c011619,3,380.0682678222656,500.6910705566406,440.24359130859375,511.8400268554688,0.0014695262070745
tile_r019555_c011619,3,499.75628662109375,455.291259765625,511.93115234375,511.0162963867188,0.0014654978876933
tile_r019555_c011619,3,479.687255859375,403.9179382324219,510.570556640625,451.4878845214844,0.0014556936221197
tile_r019555_c011619,3,280.4114685058594,506.00885009765625,333.47271728515625,512.0,0.0014343220973387
tile_r019555_c011619,3,0.0240966789424419,323.7337646484375,14.379679679870604,401.3259887695313,0.0014131744392216
tile_r019555_c011619,3,286.4388122558594,506.4292907714844,340.04937744140625,512.0,0.0013859589817002
tile_r019555_c011619,3,435.3812561035156,501.220703125,496.531005859375,511.8878479003906,0.0013425478246062
tile_r019555_c011619,3,0.0,504.8316345214844,44.404441833496094,512.0,0.0013388493098318
tile_r019555_c011619,3,101.1996841430664,261.79736328125,123.63615417480467,284.5859069824219,0.0013344415929168
tile_r019555_c011619,3,499.99847412109375,493.3841857910156,512.0,512.0,0.0013131158193573
tile_r019555_c011619,3,487.494873046875,415.92236328125,512.0,473.895263671875,0.0013100858777761
tile_r019555_c011619,3,0.0115753170102834,262.3952331542969,15.56824779510498,337.95184326171875,0.0013048066757619
tile_r019555_c011619,3,292.9384460449219,507.35205078125,346.4516296386719,512.0,0.0012923902831971
tile_r019555_c011619,3,1.356115698814392,491.6712951660156,73.05484771728516,512.0,0.0012417141115292
tile_r019555_c011619,3,3.664230346679688,482.1890563964844,85.64860534667969,512.0,0.0012395060621201
tile_r019555_c011619,3,0.0810825377702713,347.5533752441406,3.690513610839844,406.264404296875,0.0012382682180032
tile_r019555_c011619,3,0.0,491.373291015625,55.5552978515625,512.0,0.0012368996394798
tile_r019555_c011619,3,330.0958251953125,505.4821166992188,389.1800842285156,512.0,0.0012265554396435
tile_r019555_c011619,3,304.4076538085937,499.57952880859375,389.8189086914063,512.0,0.0012057619169354
tile_r019555_c011619,3,287.7510681152344,500.8584899902344,372.3718872070313,511.9287109375,0.0011955962982028
tile_r019555_c011619,3,240.9724884033203,505.3304138183594,296.5468139648437,512.0,0.0011809832649305
tile_r019555_c011619,3,247.3704376220703,505.7044372558594,302.3848876953125,512.0,0.0011690463870763
tile_r019555_c011619,3,0.0646312683820724,337.0772705078125,5.991768836975098,388.6989440917969,0.0011640825541689
tile_r019555_c011619,3,495.93896484375,494.04693603515625,512.0,512.0,0.0011329412227496
tile_r019555_c011619,3,232.5592803955078,505.139404296875,292.5108947753906,512.0,0.0011168794007971
tile_r019555_c011619,3,324.04248046875,506.0003051757813,383.0187683105469,512.0,0.0010940034408122
tile_r019555_c011619,3,0.0183395389467477,273.97332763671875,12.484893798828123,339.09234619140625,0.0010895493905991
tile_r019555_c011619,3,352.2821350097656,490.80755615234375,424.2678833007813,511.9485473632813,0.0010822115000337
tile_r019555_c011619,3,410.7278747558594,500.5445861816406,479.4139099121094,511.9765625,0.0010780456941574
tile_r019555_c011619,3,379.74456787109375,507.5387268066406,434.2566528320313,511.965576171875,0.001076346845366
tile_r019555_c011619,3,409.1925354003906,505.83245849609375,465.9386596679688,512.0,0.0010338583961129
tile_r019555_c011619,3,258.4472961425781,0.101958081126213,312.1698303222656,14.51340675354004,0.0010183728300035
tile_r019555_c011619,3,33.19746780395508,506.0116271972656,79.29222106933594,511.9274291992188,0.001005973899737
tile_r019811_c010083,3,391.5739135742188,75.51387786865234,449.0853576660156,130.6035919189453,0.8733576536178589
tile_r019811_c010083,3,152.260986328125,373.7117004394531,197.3489990234375,418.4654235839844,0.8352598547935486
tile_r019811_c010083,3,420.5116271972656,144.66175842285156,464.3789978027344,187.90313720703125,0.8318880200386047
tile_r019811_c010083,3,0.0,424.14990234375,57.342803955078125,488.5579528808594,0.8017503619194031
tile_r019811_c010083,3,0.6354995965957642,2.3325653076171875,40.06540298461914,40.06538772583008,0.7945613861083984
tile_r019811_c010083,3,409.6551208496094,190.32913208007807,479.7047424316406,257.1165466308594,0.7541729211807251
tile_r019811_c010083,3,23.07587242126465,85.33130645751953,60.79798126220703,118.7087631225586,0.742728054523468
tile_r019811_c010083,3,85.1293716430664,268.29644775390625,154.0460205078125,335.04376220703125,0.7423243522644043
tile_r019811_c010083,3,278.5796813964844,114.72818756103516,348.0072631835937,177.47926330566406,0.7084224224090576
tile_r019811_c010083,3,468.2945861816406,466.413330078125,511.47467041015625,511.2164001464844,0.694222092628479
tile_r019811_c010083,3,0.0,356.03424072265625,30.17292213439941,408.766357421875,0.6722579598426819
tile_r019811_c010083,3,431.2359313964844,297.3095092773437,500.8983459472656,366.1910095214844,0.6617721319198608
tile_r019811_c010083,3,34.878028869628906,159.25253295898438,70.93536376953125,194.11007690429688,0.5894151926040649
tile_r019811_c010083,3,350.6683959960937,0.1985244750976562,431.2494201660156,49.346473693847656,0.5444633364677429
tile_r019811_c010083,3,423.8499450683594,408.6689453125,469.8869018554688,459.9039611816406,0.5005019903182983
tile_r019811_c010083,3,459.3689575195313,177.28375244140625,497.19427490234375,211.7638397216797,0.4168616235256195
tile_r019811_c010083,3,432.5972595214844,10.919370651245115,458.5711059570313,37.34496688842773,0.3414165079593658
tile_r019811_c010083,3,42.037879943847656,348.3802490234375,69.6397705078125,374.77252197265625,0.3129521310329437
tile_r019811_c010083,3,280.12042236328125,115.54704284667967,348.4745178222656,175.69210815429688,0.2764087617397308
tile_r019811_c010083,3,239.3516845703125,0.0,298.1631774902344,25.32010269165039,0.236402541399002
tile_r019811_c010083,3,353.48492431640625,0.1190567016601562,433.556640625,47.330596923828125,0.2255296111106872
tile_r019811_c010083,3,45.304229736328125,495.7918395996094,90.1168975830078,512.0,0.2244534343481063
tile_r019811_c010083,3,35.98320770263672,493.4896545410156,94.65699768066406,511.975830078125,0.1840369999408722
tile_r019811_c010083,3,0.0,268.2364196777344,17.357446670532227,336.33447265625,0.1737349331378936
tile_r019811_c010083,3,0.0,275.29266357421875,12.347963333129885,333.3580627441406,0.1517909467220306
tile_r019811_c010083,3,348.4593200683594,0.0,437.8356018066406,53.09018707275391,0.1444011032581329
tile_r019811_c010083,3,38.0028190612793,161.52769470214844,68.29798126220703,191.1236114501953,0.1213863119482994
tile_r019811_c010083,3,40.114532470703125,345.84735107421875,73.16925048828125,376.6714477539063,0.115723431110382
tile_r019811_c010083,3,247.7860107421875,0.0,293.2567749023437,20.27406311035156,0.113648384809494
tile_r019811_c010083,3,86.7532958984375,268.96051025390625,153.9240264892578,333.999267578125,0.1069933027029037
tile_r019811_c010083,3,44.992820739746094,498.3270568847656,84.46678161621094,512.0,0.1002573296427726
tile_r019811_c010083,3,266.2235717773437,502.8765258789063,310.980224609375,512.0,0.0833694487810134
tile_r019811_c010083,3,38.07544708251953,497.8208618164063,83.13323974609375,512.0,0.0750177800655365
tile_r019811_c010083,3,462.2542114257813,180.36697387695312,493.451904296875,210.4744873046875,0.0729919821023941
tile_r019811_c010083,3,434.211181640625,301.1089782714844,498.264892578125,362.3031311035156,0.0706122294068336
tile_r019811_c010083,3,265.4180908203125,499.1399536132813,313.761474609375,512.0,0.0613249838352203
tile_r019811_c010083,3,499.138427734375,261.77276611328125,511.8793029785156,314.8585510253906,0.0555900447070598
tile_r019811_c010083,3,38.60237884521485,344.23712158203125,75.12806701660156,377.6811218261719,0.0547819137573242
tile_r019811_c010083,3,0.0,345.5834350585937,35.729774475097656,417.14752197265625,0.0542739778757095
tile_r019811_c010083,3,32.6519660949707,156.8140869140625,73.9267349243164,197.22360229492188,0.0524115264415741
tile_r019811_c010083,3,459.8980407714844,179.14402770996094,494.3749084472656,210.4107208251953,0.0479597561061382
tile_r019811_c010083,3,497.4606323242188,251.000732421875,511.9966735839844,315.1825561523437,0.0411184355616569
tile_r019811_c010083,3,0.0237503051757812,206.09521484375,20.719562530517575,264.83404541015625,0.0355661548674106
tile_r019811_c010083,3,247.66476440429688,0.0,291.9229736328125,14.287274360656738,0.0337578766047954
tile_r019811_c010083,3,428.59765625,7.763348579406738,461.61468505859375,40.8810920715332,0.0302255507558584
tile_r019811_c010083,3,41.7718391418457,491.05615234375,93.34268951416016,511.6939392089844,0.029105931520462
tile_r019811_c010083,3,82.72959899902344,264.56170654296875,157.22213745117188,339.3762512207031,0.0287005752325058
tile_r019811_c010083,3,0.0,214.2628173828125,14.164263725280762,260.6405639648437,0.0281779374927282
tile_r019811_c010083,3,0.0,419.1060180664063,62.52164459228516,496.0997009277344,0.0272466465830802
tile_r019811_c010083,3,272.47332763671875,504.36907958984375,311.4308776855469,511.9959106445313,0.0256933160126209
tile_r019811_c010083,3,432.03265380859375,9.175768852233888,460.8121032714844,37.82561492919922,0.0255379900336265
tile_r019811_c010083,3,0.0,254.9839782714844,21.495800018310547,332.71392822265625,0.019522551447153
tile_r019811_c010083,3,21.057373046875,82.7125015258789,65.07328033447266,122.4314422607422,0.0182694476097822
tile_r019811_c010083,3,501.4241333007813,263.7609558105469,512.0,312.18096923828125,0.0182238798588514
tile_r019811_c010083,3,48.1361083984375,500.906494140625,88.0135498046875,511.95355224609375,0.018223101273179
tile_r019811_c010083,3,229.38687133789065,0.0,308.0168151855469,33.070465087890625,0.0177638921886682
tile_r019811_c010083,3,499.0953063964844,352.09771728515625,511.9610290527344,417.174072265625,0.0163541212677955
tile_r019811_c010083,3,503.5084838867188,255.810546875,512.0,310.2071228027344,0.0148874837905168
tile_r019811_c010083,3,496.2650451660156,239.00454711914065,512.0,311.472900390625,0.014466012828052
tile_r019811_c010083,3,274.67462158203125,500.8836059570313,313.8633728027344,511.90338134765625,0.0143338162451982
tile_r019811_c010083,3,466.1650390625,465.5758666992188,512.0,511.72369384765625,0.0140401618555188
tile_r019811_c010083,3,498.0235900878906,342.181640625,511.9138793945313,408.2104187011719,0.0131815541535615
tile_r019811_c010083,3,0.0395027175545692,271.1186828613281,8.0678129196167,327.35113525390625,0.0129822539165616
tile_r019811_c010083,3,28.082752227783203,487.8937072753906,98.3635482788086,511.8912658691406,0.0128092393279075
tile_r019811_c010083,3,25.204368591308597,88.71903991699219,57.6132698059082,116.03623962402344,0.0119598526507616
tile_r019811_c010083,3,55.19419097900391,497.1129760742188,92.24554443359376,511.8583984375,0.011685281060636
tile_r019811_c010083,3,0.0,283.1673583984375,8.372300148010254,330.74432373046875,0.0116411317139863
tile_r019811_c010083,3,492.6613159179688,0.0,512.0,43.02083587646485,0.0114590972661972
tile_r019811_c010083,3,500.8822326660156,267.4248962402344,512.0,315.55487060546875,0.0109382001683115
tile_r019811_c010083,3,0.0,276.1492004394531,6.068190574645996,328.1532897949219,0.0108397072181105
tile_r019811_c010083,3,0.0,273.70904541015625,22.760883331298828,346.8636474609375,0.0104227578267455
tile_r019811_c010083,3,498.6064453125,1.3765029907226562,512.0,52.5867805480957,0.0102600278332829
tile_r019811_c010083,3,1.5415252447128296,255.0707092285156,29.08944702148437,351.7622985839844,0.0101862121373415
tile_r019811_c010083,3,0.0578620918095111,268.71368408203125,8.53637981414795,324.1427001953125,0.0101859904825687
tile_r019811_c010083,3,444.9983520507813,504.7416076660156,495.1040954589844,512.0,0.0098665747791528
tile_r019811_c010083,3,505.6589965820313,342.6264038085937,512.0,397.1468505859375,0.0091094225645065
tile_r019811_c010083,3,0.0145639423280954,267.2392272949219,8.45736026763916,318.1186218261719,0.0085105830803513
tile_r019811_c010083,3,438.9898071289063,504.472900390625,490.0455017089844,512.0,0.0084368307143449
tile_r019811_c010083,3,258.8827209472656,502.27978515625,307.1011657714844,512.0,0.0075792707502841
tile_r019811_c010083,3,0.0,335.81402587890625,38.42993927001953,412.3297729492188,0.007327442523092
tile_r019811_c010083,3,504.6875915527344,244.3409881591797,512.0,308.0165710449219,0.0072701768949627
tile_r019811_c010083,3,0.1346466094255447,1.368963599205017,44.53634643554688,44.4146728515625,0.0072342329658567
tile_r019811_c010083,3,0.0,282.2341003417969,3.6661975383758554,330.2987670898437,0.0070787100121378
tile_r019811_c010083,3,449.5765686035156,503.4332580566406,500.1761169433594,512.0,0.0068928720429539
tile_r019811_c010083,3,503.3704528808594,235.5520782470703,512.0,304.23486328125,0.0065202503465116
tile_r019811_c010083,3,259.00689697265625,490.955322265625,317.9881591796875,511.843017578125,0.0065023535862565
tile_r019811_c010083,3,503.5777893066406,231.2308654785156,512.0,297.284423828125,0.0060963546857237
tile_r019811_c010083,3,487.8319396972656,251.5279998779297,511.6257934570313,326.02996826171875,0.0060232621617615
tile_r019811_c010083,3,501.308837890625,269.04986572265625,512.0,322.93243408203125,0.0057502547279
tile_r019811_c010083,3,23.324466705322266,491.53411865234375,94.6578369140625,512.0,0.0057437322102487
tile_r019811_c010083,3,504.79339599609375,347.1780090332031,512.0,406.9539184570313,0.005682632792741
tile_r019811_c010083,3,505.72760009765625,346.6433410644531,512.0,401.6402282714844,0.0056143258698284
tile_r019811_c010083,3,485.5203247070313,241.5390167236328,511.7660217285156,324.62310791015625,0.0054399869404733
tile_r019811_c010083,3,0.0,212.6813507080078,10.910654067993164,255.0321807861328,0.0052810879424214
tile_r019811_c010083,3,0.2246948182582855,76.80862426757812,12.139410972595217,127.20030212402344,0.0051268800161778
tile_r019811_c010083,3,0.7273406982421875,332.8016662597656,40.03610610961914,430.22705078125,0.0050062304362654
tile_r019811_c010083,3,500.06646728515625,269.9641418457031,511.7909240722656,318.0323791503906,0.0049742930568754
tile_r019811_c010083,3,0.0,140.5977783203125,13.736462593078612,200.3158416748047,0.004969323053956
tile_r019811_c010083,3,0.0,262.07476806640625,8.128108978271484,310.96551513671875,0.0049676396884024
tile_r019811_c010083,3,426.9375,412.3839416503906,466.26708984375,456.1575622558594,0.0049143168143928
tile_r019811_c010083,3,0.0475952140986919,150.8372344970703,9.469404220581056,206.14138793945312,0.0046490137465298
tile_r019811_c010083,3,146.5605926513672,499.6502990722656,200.446044921875,511.9583435058594,0.0045961318537592
tile_r019811_c010083,3,500.04010009765625,359.1621398925781,511.9376831054688,426.3829650878906,0.0045672710984945
tile_r019811_c010083,3,504.2884826660156,347.9997253417969,512.0,413.80572509765625,0.0044992105104029
tile_r019811_c010083,3,0.0,0.0085018156096339,13.7752103805542,12.894500732421877,0.0044601066038012
tile_r019811_c010083,3,505.719970703125,54.40510177612305,512.0,104.52547454833984,0.0042563406750559
tile_r019811_c010083,3,239.3354034423828,0.8820861577987671,321.6854248046875,33.19768142700195,0.004245463758707
tile_r019811_c010083,3,506.2689514160156,45.67229461669922,512.0,99.09747314453124,0.004168810788542
tile_r019811_c010083,3,257.8916015625,0.1267227232456207,320.85162353515625,20.37018775939941,0.0040650186128914
tile_r019811_c010083,3,105.479736328125,501.2896423339844,165.30519104003906,511.9464416503906,0.0040525537915527
tile_r019811_c010083,3,0.0,287.36920166015625,2.7445228099823,335.5867614746094,0.0039763585664331
tile_r019811_c010083,3,505.727294921875,334.1358337402344,512.0,391.9715576171875,0.0039347042329609
tile_r019811_c010083,3,0.0546356216073036,64.12342834472656,13.719186782836914,124.80462646484376,0.0036845412105321
tile_r019811_c010083,3,496.59185791015625,226.82632446289065,512.0,301.0055847167969,0.0036351005546748
tile_r019811_c010083,3,504.8389587402344,38.99355697631836,512.0,93.80072784423828,0.003601670730859
tile_r019811_c010083,3,109.8230438232422,506.537841796875,160.625732421875,512.0,0.0035383047070354
tile_r019811_c010083,3,0.0387231819331646,147.50244140625,4.763341903686523,187.65277099609372,0.0035314047709107
tile_r019811_c010083,3,0.0,185.1551055908203,26.98341941833496,266.2856140136719,0.0035162118729203
tile_r019811_c010083,3,251.9044647216797,496.810546875,316.3500366210937,512.0,0.0034918396268039
tile_r019811_c010083,3,0.0,80.95219421386719,6.718100547790527,116.430419921875,0.0034315404482185
tile_r019811_c010083,3,506.4334411621094,229.5956268310547,512.0,289.6913452148437,0.0033541880548
tile_r019811_c010083,3,252.13546752929688,0.0,291.6611022949219,12.502692222595217,0.0032619938720017
tile_r019811_c010083,3,504.5855407714844,352.09063720703125,512.0,420.6626586914063,0.0031688141170889
tile_r019811_c010083,3,231.62680053710935,0.0,292.374755859375,13.36705493927002,0.0030833564233034
tile_r019811_c010083,3,101.38035583496094,506.0333557128906,156.59292602539062,512.0,0.0030623159836977
tile_r019811_c010083,3,2.461044311523437,266.58251953125,30.85598373413086,377.4604187011719,0.0030466169118881
tile_r019811_c010083,3,146.8340606689453,504.51019287109375,198.4435577392578,512.0,0.0030403591226786
tile_r019811_c010083,3,0.0272628776729106,221.1971435546875,10.626230239868164,261.46734619140625,0.0029703387990593
tile_r019811_c010083,3,505.473876953125,27.683629989624023,512.0,84.61927795410156,0.0029542078264057
tile_r019811_c010083,3,0.0300933830440044,159.62057495117188,7.766858100891113,212.606201171875,0.0029497435316443
tile_r019811_c010083,3,0.0,290.7091369628906,8.709444046020508,336.9725952148437,0.0028881868347525
tile_r019811_c010083,3,47.737060546875,504.4425659179688,94.23130798339844,511.8933715820313,0.0028735974337905
tile_r019811_c010083,3,504.01165771484375,60.9196891784668,512.0,110.7818374633789,0.0028626266866922
tile_r019811_c010083,3,505.0640258789063,33.4972038269043,512.0,88.90071105957031,0.002859178232029
tile_r019811_c010083,3,380.0368347167969,0.0157546997070312,432.2657775878906,35.03522491455078,0.002826401265338
tile_r019811_c010083,3,499.9078674316406,3.933935642242432,511.9520568847656,67.8869857788086,0.0027661998756229
tile_r019811_c010083,3,504.4707946777344,0.0,512.0,48.8094596862793,0.0026804094668477
tile_r019811_c010083,3,506.5598754882813,0.9004592895507812,512.0,41.37685012817383,0.0026439516805112
tile_r019811_c010083,3,500.0453186035156,27.314172744750977,511.8359375,93.78028869628906,0.0026294456329196
tile_r019811_c010083,3,484.5272521972656,0.0439388267695903,512.0,8.519312858581543,0.002621890977025
tile_r019811_c010083,3,500.1798706054688,43.35515594482422,511.7918395996094,100.640869140625,0.0025779756251722
tile_r019811_c010083,3,0.033136747777462,220.2589569091797,9.024686813354492,255.8580017089844,0.0025334081146866
tile_r019811_c010083,3,0.0,398.9093322753906,5.591245174407959,444.0771484375,0.0024792712647467
tile_r019811_c010083,3,504.89691162109375,0.0,512.0,55.64390182495117,0.0024688225239515
tile_r019811_c010083,3,0.026739502325654,128.6719970703125,15.093707084655762,191.56204223632807,0.0024680029600858
tile_r019811_c010083,3,0.0,390.4376525878906,9.801916122436523,434.0689086914063,0.0024543364997953
tile_r019811_c010083,3,131.09976196289062,499.662109375,197.18667602539065,511.9528198242188,0.0024503923486918
tile_r019811_c010083,3,156.9116973876953,377.61041259765625,193.4776763916016,413.6067504882813,0.0023847464472055
tile_r019811_c010083,3,506.99993896484375,324.3883361816406,512.0,385.6539001464844,0.0023439149372279
tile_r019811_c010083,3,223.4582977294922,0.6922851800918579,314.0833435058594,37.55574798583984,0.0023138313554227
tile_r019811_c010083,3,0.0,71.52832794189453,7.84909725189209,112.92086029052734,0.0023013623431324
tile_r019811_c010083,3,115.4614486694336,501.1692504882813,185.4149627685547,511.9195861816406,0.0022825349587947
tile_r019811_c010083,3,157.7740020751953,500.474609375,204.48277282714844,511.89849853515625,0.0022504432126879
tile_r019811_c010083,3,503.8670043945313,272.90509033203125,512.0,331.6022033691406,0.0021778170485049
tile_r019811_c010083,3,500.091552734375,10.390039443969728,511.8909301757813,83.94242095947266,0.0021147734951227
tile_r019811_c010083,3,0.0,293.08416748046875,3.288933515548706,343.2115173339844,0.002086553024128
tile_r019811_c010083,3,0.4878051877021789,342.4261779785156,44.61035537719727,448.9532775878906,0.0020674003753811
tile_r019811_c010083,3,499.30279541015625,491.2078247070313,512.0,512.0,0.0020261218305677
tile_r019811_c010083,3,500.9454650878906,136.1732635498047,511.9498901367188,198.5648498535156,0.0020210854709148
tile_r019811_c010083,3,430.0767517089844,10.251871109008787,459.71771240234375,41.17971420288086,0.0019628258887678
tile_r019811_c010083,3,307.6580505371094,0.083038330078125,373.8494262695313,12.464628219604492,0.0019570384174585
tile_r019811_c010083,3,0.0,398.8863830566406,6.752710819244385,451.3449096679688,0.0019504153169691
tile_r019811_c010083,3,140.93678283691406,504.11566162109375,194.46469116210935,512.0,0.0018925421172752
tile_r019811_c010083,3,498.5191955566406,326.2633361816406,512.0,398.6634216308594,0.0018919511931017
tile_r019811_c010083,3,151.95245361328125,505.57623291015625,202.37728881835935,511.9998474121094,0.0018905245233327
tile_r019811_c010083,3,505.2900390625,359.3158264160156,512.0,426.15533447265625,0.0018796353833749
tile_r019811_c010083,3,504.0752868652344,473.9808654785156,511.9330139160156,511.8626098632813,0.0018784693675115
tile_r019811_c010083,3,0.0,344.5005798339844,21.529102325439453,384.33978271484375,0.001856169081293
tile_r019811_c010083,3,115.0705795288086,507.1385192871094,166.86282348632812,512.0,0.0018504126928746
tile_r019811_c010083,3,26.662805557250977,498.57366943359375,77.4463882446289,511.98736572265625,0.00184868555516
tile_r019811_c010083,3,0.0,335.6990661621094,17.17583656311035,372.7634887695313,0.0018427724717184
tile_r019811_c010083,3,483.9370727539063,0.0,512.0,52.37001800537109,0.0018068469362333
tile_r019811_c010083,3,463.6270446777344,501.361328125,510.46197509765625,512.0,0.0017736642621457
tile_r019811_c010083,3,92.2099380493164,498.994384765625,158.63919067382812,511.91986083984375,0.0017633899115025
tile_r019811_c010083,3,0.0,365.0403137207031,26.971263885498047,411.6624450683594,0.001746357884258
tile_r019811_c010083,3,505.267333984375,21.013233184814453,512.0,79.31382751464844,0.001712237833999
tile_r019811_c010083,3,0.0,53.44188690185547,12.375751495361328,110.7189483642578,0.0017108790343627
tile_r019811_c010083,3,277.1820678710937,111.19970703125,352.93524169921875,181.8876953125,0.0016908602556213
tile_r019811_c010083,3,505.7037963867188,1.0145797729492188,511.93304443359375,32.1236572265625,0.0016869402024894
tile_r019811_c010083,3,0.2109313905239105,273.605224609375,22.24997329711914,333.90948486328125,0.0016568255377933
tile_r019811_c010083,3,0.0,221.1020965576172,20.91485977172852,316.1764221191406,0.0016407031798735
tile_r019811_c010083,3,508.27728271484375,225.43850708007807,512.0,283.1632995605469,0.0016400020103901
tile_r019811_c010083,3,224.6861114501953,0.0,286.7417907714844,8.647031784057617,0.0016329484060406
tile_r019811_c010083,3,55.9155158996582,496.1056213378906,112.8393783569336,512.0,0.0015760747483
tile_r019811_c010083,3,0.0442665107548236,140.35366821289062,7.228206634521484,182.73773193359372,0.0015571571420878
tile_r019811_c010083,3,0.0,57.99234771728516,6.061702728271484,99.04206848144533,0.0015451691579073
tile_r019811_c010083,3,0.0278724674135446,85.64390563964844,4.609458923339844,120.10728454589844,0.0015423813601955
tile_r019811_c010083,3,0.0295326225459575,150.11106872558594,4.041076183319092,195.3585968017578,0.0015412266366183
tile_r019811_c010083,3,498.2845764160156,213.0506134033203,512.0,287.6785583496094,0.0015384085709229
tile_r019811_c010083,3,477.6896362304688,497.050048828125,512.0,512.0,0.0015305154956877
tile_r019811_c010083,3,344.0379333496094,0.8929077386856079,439.7265625,57.50653076171875,0.0015026230830699
tile_r019811_c010083,3,243.68685913085935,486.7676696777344,321.7072448730469,511.92767333984375,0.0014883454423397
tile_r019811_c010083,3,0.0,264.89678955078125,24.098535537719727,329.26434326171875,0.0014864468248561
tile_r019811_c010083,3,0.693774402141571,211.75442504882807,23.135412216186523,262.4508361816406,0.0014863675460219
tile_r019811_c010083,3,243.739990234375,504.0376892089844,294.29119873046875,511.9335021972656,0.0014834073372185
tile_r019811_c010083,3,406.7619018554688,188.3779754638672,482.3268127441406,259.6233825683594,0.0014833501772955
tile_r019811_c010083,3,504.30767822265625,366.0249938964844,512.0,432.0694885253906,0.0014774743467569
tile_r019811_c010083,3,474.111572265625,0.0,512.0,30.21809959411621,0.001461491221562
tile_r019811_c010083,3,500.2674865722656,367.8410339355469,511.82958984375,438.69189453125,0.0014531934866681
tile_r019811_c010083,3,0.0,399.7174987792969,7.60552978515625,438.0784606933594,0.0014494729693979
tile_r019811_c010083,3,0.0,0.0573383346199989,29.13124084472656,8.688118934631348,0.0014358507469296
tile_r019811_c010083,3,506.1563415527344,315.0319519042969,512.0,377.86029052734375,0.001431786455214
tile_r019811_c010083,3,49.5952033996582,506.7123107910156,103.3877182006836,511.8993225097656,0.0014116436941549
tile_r019811_c010083,3,210.2755584716797,500.3048706054688,273.8168334960937,511.9103393554688,0.0013731223298236
tile_r019811_c010083,3,267.7417297363281,0.0,339.45623779296875,16.898496627807617,0.0013587517896667
tile_r019811_c010083,3,483.13372802734375,228.7969512939453,512.0,323.8514404296875,0.001353089697659
tile_r019811_c010083,3,0.0214824676513671,64.1259765625,7.55709981918335,106.91932678222656,0.0013428349047899
tile_r019811_c010083,3,306.7460021972656,117.6963882446289,348.2899475097656,166.6952362060547,0.0013215967919677
tile_r019811_c010083,3,0.0,298.248779296875,28.788890838623047,393.56243896484375,0.0013181851245462
tile_r019811_c010083,3,252.01492309570312,502.5030212402344,304.00506591796875,512.0,0.0013104402460157
tile_r019811_c010083,3,93.9619140625,505.67620849609375,153.29830932617188,512.0,0.0013055221643298
tile_r019811_c010083,3,469.06341552734375,502.90240478515625,512.0,512.0,0.0012818041723221
tile_r019811_c010083,3,0.2576461732387543,95.33815002441406,8.918251037597656,139.26058959960938,0.001244013546966
tile_r019811_c010083,3,118.46598815917967,507.16998291015625,174.96096801757812,512.0,0.0012269497383385
tile_r019811_c010083,3,237.2369079589844,505.842041015625,289.4608764648437,512.0,0.0012233316665515
tile_r019811_c010083,3,508.28521728515625,162.90945434570312,512.0,210.40921020507807,0.0011893264017999
tile_r019811_c010083,3,500.34906005859375,53.70351409912109,511.7862854003906,113.37931823730467,0.0011799375060945
tile_r019811_c010083,3,430.6813354492188,505.388427734375,485.1177368164063,512.0,0.0011695035500451
tile_r019811_c010083,3,0.0546468719840049,220.66650390625,6.439680576324463,257.77606201171875,0.0011309765977784
tile_r019811_c010083,3,456.9590759277344,501.73345947265625,505.5914916992188,512.0,0.0011239734012633
tile_r019811_c010083,3,500.7291870117188,123.7998046875,511.947021484375,187.87838745117188,0.0011127106845378
tile_r019811_c010083,3,427.5870056152344,411.3728942871094,466.8779296875,452.8004455566406,0.0011069903848692
tile_r019811_c010083,3,506.3888244628906,373.7583618164063,512.0,437.4030151367188,0.0011016289936378
tile_r019811_c010083,3,0.0,39.61542510986328,13.44874382019043,83.82551574707031,0.0011008810251951
tile_r019811_c010083,3,431.3399963378906,0.3955673277378082,470.085693359375,35.61050033569336,0.0010910003911703
tile_r019811_c010083,3,278.1136779785156,500.025634765625,332.64764404296875,511.8161010742188,0.0010869239922612
tile_r019811_c010083,3,43.46970748901367,349.4130249023437,70.09822082519531,374.1090393066406,0.0010728795314207
tile_r019811_c010083,3,503.401611328125,1.365017652511597,512.0,63.1541862487793,0.0010690642520785
tile_r019811_c010083,3,462.2145385742188,461.17822265625,512.0,511.8834838867188,0.0010663133580237
tile_r019811_c010083,3,505.3649291992188,278.3773498535156,512.0,340.65484619140625,0.0010531157022342
tile_r019811_c010083,3,499.91455078125,415.7155151367188,512.0,481.8514709472656,0.0010501171927899
tile_r019811_c010083,3,0.1844528168439865,284.5041809082031,13.271917343139648,343.1690673828125,0.0010467945830896
tile_r019811_c010083,3,0.0350755676627159,151.2291259765625,4.368446350097656,202.4826202392578,0.0010334516409784
tile_r019811_c010083,3,421.096923828125,151.3343048095703,491.5324096679688,197.52798461914065,0.0010331962257623
tile_r019811_c010083,3,88.33375549316406,505.4734802246094,147.8843536376953,512.0,0.0010320260189473
tile_r019811_c010083,3,487.0890502929688,339.9503173828125,511.7776794433594,429.1905212402344,0.0010127192363142
tile_r019811_c010083,3,0.0,421.429443359375,59.3616943359375,490.9841918945313,0.0010060190688818
tile_r019811_c010339,3,137.82469177246094,78.78956604003906,190.40826416015625,127.81436920166016,0.8603888750076294
tile_r019811_c010339,3,246.3229522705078,255.13491821289065,305.2220764160156,313.4565124511719,0.8443892598152161
tile_r019811_c010339,3,253.72705078125,25.795669555664062,308.0449523925781,77.48458099365234,0.8169314861297607
tile_r019811_c010339,3,165.99893188476562,146.4515380859375,206.8654327392578,185.8181915283203,0.8054268956184387
tile_r019811_c010339,3,438.6431274414063,459.860107421875,482.47503662109375,502.0724182128906,0.7994265556335449
tile_r019811_c010339,3,377.3673095703125,281.3826599121094,431.0394592285156,333.6844787597656,0.7425418496131897
tile_r019811_c010339,3,23.042652130126957,115.4075698852539,91.0836410522461,176.8057098388672,0.7415962815284729
tile_r019811_c010339,3,245.593505859375,364.5737915039063,300.1665344238281,420.2717895507813,0.6000372171401978
tile_r019811_c010339,3,97.34124755859376,0.241464227437973,172.8957061767578,46.5039291381836,0.5835446119308472
tile_r019811_c010339,3,177.14707946777344,299.88623046875,242.5134735107422,362.6850891113281,0.4900180995464325
tile_r019811_c010339,3,168.6173553466797,409.6171875,212.2745056152344,458.5608825683594,0.4211875200271606
tile_r019811_c010339,3,99.70729064941406,0.0610748305916786,175.6416015625,44.18596267700195,0.3872635662555694
tile_r019811_c010339,3,179.9948272705078,303.719970703125,240.3475646972656,359.3079528808594,0.273994892835617
tile_r019811_c010339,3,177.30276489257812,11.869784355163574,201.65286254882807,36.50576019287109,0.2532880008220672
tile_r019811_c010339,3,205.12173461914065,178.79690551757812,240.5061492919922,209.95504760742188,0.2432963699102401
tile_r019811_c010339,3,0.699554443359375,0.0,38.286582946777344,22.721025466918945,0.2017459124326706
tile_r019811_c010339,3,205.42404174804688,180.7853546142578,237.59402465820312,209.42807006835935,0.1973216235637664
tile_r019811_c010339,3,156.26077270507812,193.17047119140625,221.28079223632807,254.21530151367188,0.1830820739269256
tile_r019811_c010339,3,248.1509552001953,366.70452880859375,297.6147766113281,418.5345153808594,0.1600052714347839
tile_r019811_c010339,3,214.4913024902344,470.9071350097656,258.6595153808594,511.39361572265625,0.1399347335100174
tile_r019811_c010339,3,289.5355529785156,435.8522033691406,316.50927734375,460.2220153808594,0.1384922266006469
tile_r019811_c010339,3,156.97390747070312,194.984375,220.23580932617188,253.7858428955078,0.0872988700866699
tile_r019811_c010339,3,207.3072509765625,181.92800903320312,236.96371459960935,209.2586212158203,0.0837211608886718
tile_r019811_c010339,3,210.32003784179688,466.8502502441406,264.3333740234375,511.6200256347656,0.0787264034152031
tile_r019811_c010339,3,10.9332857131958,503.2815551757813,54.54823684692383,512.0,0.0676782950758934
tile_r019811_c010339,3,95.54940795898438,0.0028503418434411,180.43408203125,49.50993347167969,0.0622853301465511
tile_r019811_c010339,3,0.0609085075557231,0.0,46.2856674194336,30.19124412536621,0.0485806837677955
tile_r019811_c010339,3,24.55121421813965,117.02742004394533,91.44960021972656,174.09092712402344,0.0478573366999626
tile_r019811_c010339,3,10.658312797546388,499.659912109375,57.75845336914063,512.0,0.0477896556258201
tile_r019811_c010339,3,275.77252197265625,432.8455505371094,320.2566223144531,477.6279296875,0.0399326160550117
tile_r019811_c010339,3,280.8385925292969,435.650146484375,315.7049560546875,466.498779296875,0.0361061803996562
tile_r019811_c010339,3,257.3517150878906,28.8547306060791,305.09820556640625,74.2417221069336,0.0296592265367507
tile_r019811_c010339,3,0.0,0.0241886135190725,35.84954833984375,13.88929271697998,0.0266235023736953
tile_r019811_c010339,3,17.321487426757812,504.7384643554688,54.907691955566406,511.99908447265625,0.0184119418263435
tile_r019811_c010339,3,372.4118041992188,277.23175048828125,434.432373046875,337.9779357910156,0.0182337798178195
tile_r019811_c010339,3,281.22320556640625,433.3155822753906,317.490966796875,464.8388671875,0.0168307833373546
tile_r019811_c010339,3,153.59344482421875,191.53976440429688,223.4463806152344,257.16680908203125,0.0111374631524086
tile_r019811_c010339,3,19.26713180541992,501.2058715820313,58.3123664855957,511.9187622070313,0.0103898691013455
tile_r019811_c010339,3,0.9876144528388976,0.0,35.92179870605469,12.587918281555176,0.0102530634030699
tile_r019811_c010339,3,441.912841796875,462.83001708984375,479.0616760253906,499.1028442382813,0.0084842164069414
tile_r019811_c010339,3,188.77981567382807,505.0362243652344,239.25601196289065,512.0,0.0078803477808833
tile_r019811_c010339,3,176.9775848388672,9.89155387878418,204.32470703125,36.900489807128906,0.0076216640882194
tile_r019811_c010339,3,230.3576202392578,503.6526489257813,281.22296142578125,512.0,0.0075024282559752
tile_r019811_c010339,3,173.85165405273438,8.701220512390137,204.4004669189453,39.50748825073242,0.007442467380315
tile_r019811_c010339,3,288.26904296875,436.75726318359375,315.3354797363281,461.0252990722656,0.0073486086912453
tile_r019811_c010339,3,212.2328186035156,468.2276306152344,261.06512451171875,510.89849853515625,0.0070763542316854
tile_r019811_c010339,3,182.33950805664065,504.8064575195313,234.2274169921875,512.0,0.0068230824545025
tile_r019811_c010339,3,242.201416015625,249.9126434326172,309.53521728515625,317.7058410644531,0.0065852566622197
tile_r019811_c010339,3,171.99966430664062,411.9037170410156,209.8173370361328,451.5797729492188,0.0060441838577389
tile_r019811_c010339,3,288.0400085449219,500.32757568359375,347.5254821777344,512.0,0.0057989601045846
tile_r019811_c010339,3,193.3294219970703,503.4675903320313,244.46337890625,512.0,0.0057404926046729
tile_r019811_c010339,3,4.0187668800354,502.743408203125,51.13872528076172,512.0,0.0051358379423618
tile_r019811_c010339,3,238.4990234375,504.86273193359375,286.4847717285156,512.0,0.0049391244538128
tile_r019811_c010339,3,4.72698974609375,491.2655334472656,62.15821075439453,511.8843688964844,0.0049038114957511
tile_r019811_c010339,3,171.66864013671875,413.0635681152344,208.8673095703125,454.9605407714844,0.0040816469117999
tile_r019811_c010339,3,221.2424774169922,503.816162109375,277.17559814453125,512.0,0.003788846777752
tile_r019811_c010339,3,281.47723388671875,435.8619995117188,315.230224609375,461.869384765625,0.0036764508113265
tile_r019811_c010339,3,297.51397705078125,500.91302490234375,356.3519592285156,512.0,0.0034996233880519
tile_r019811_c010339,3,502.37451171875,478.491943359375,511.8313903808594,512.0,0.0032537500374019
tile_r019811_c010339,3,477.5099182128906,507.74517822265625,509.5494079589844,512.0,0.0030222709756344
tile_r019811_c010339,3,244.2021942138672,505.9244995117188,292.97430419921875,512.0,0.0029489388689398
tile_r019811_c010339,3,320.2807006835937,501.2620544433594,384.5541076660156,512.0,0.0028271204791963
tile_r019811_c010339,3,301.86688232421875,506.5086059570313,360.3576049804688,512.0,0.0027742984239012
tile_r019811_c010339,3,1.550144910812378,497.1565551757813,59.550025939941406,512.0,0.0027488751802593
tile_r019811_c010339,3,0.017468262463808,0.0,69.20509338378906,35.21977233886719,0.0027156246360391
tile_r019811_c010339,3,506.6941528320313,475.27630615234375,512.0,509.148681640625,0.0024700087960809
tile_r019811_c010339,3,433.91412353515625,323.98370361328125,457.62548828125,348.0113830566406,0.0024658788461238
tile_r019811_c010339,3,306.1133117675781,501.0787963867188,374.0723571777344,511.98724365234375,0.0023499003145843
tile_r019811_c010339,3,334.74908447265625,501.76171875,389.1014099121094,511.9976501464844,0.0023091731127351
tile_r019811_c010339,3,0.0,439.62884521484375,1.6978600025177002,473.0928649902344,0.0022894670255482
tile_r019811_c010339,3,143.0164337158203,82.77618408203125,186.62130737304688,124.0418930053711,0.0022139647044241
tile_r019811_c010339,3,497.4895935058594,497.4803161621094,512.0,512.0,0.0021901607979089
tile_r019811_c010339,3,324.2198181152344,507.1788635253906,379.5682678222656,512.0,0.0021397806704044
tile_r019811_c010339,3,174.95660400390625,11.286018371582031,202.44798278808597,40.841270446777344,0.0021214990410953
tile_r019811_c010339,3,125.69219970703124,0.0146362306550145,174.0226593017578,30.666004180908203,0.0019768623169511
tile_r019811_c010339,3,8.055292129516602,0.1226409897208213,65.54901885986328,19.01582717895508,0.0019233961356803
tile_r019811_c010339,3,470.5462036132813,507.1672973632813,505.63037109375,512.0,0.0018782271072268
tile_r019811_c010339,3,0.0,0.0,27.541534423828125,14.367609977722168,0.0018771134782582
tile_r019811_c010339,3,205.70068359375,501.38812255859375,258.4394226074219,512.0,0.0018468861235305
tile_r019811_c010339,3,298.3655700683594,506.01116943359375,352.9837341308594,512.0,0.0017923709237948
tile_r019811_c010339,3,317.72430419921875,506.5914916992188,373.7546691894531,512.0,0.0017444810364395
tile_r019811_c010339,3,248.81588745117188,506.563720703125,299.2437744140625,512.0,0.001742324209772
tile_r019811_c010339,3,232.6937255859375,498.3882446289063,305.11651611328125,511.92919921875,0.0017121351556852
tile_r019811_c010339,3,310.24627685546875,506.1470642089844,366.67681884765625,512.0,0.0016450163675472
tile_r019811_c010339,3,0.0,441.4903259277344,3.987278699874878,483.6478576660156,0.0016167692374438
tile_r019811_c010339,3,485.019775390625,504.2853088378906,511.72021484375,512.0,0.0015818675747141
tile_r019811_c010339,3,209.6612548828125,502.5157775878906,266.1594543457031,512.0,0.0015467036282643
tile_r019811_c010339,3,89.39303588867188,0.824859619140625,181.9605712890625,55.96610641479492,0.0015134405111894
tile_r019811_c010339,3,223.70443725585935,493.9689331054688,280.505126953125,511.982666015625,0.0015076394192874
tile_r019811_c010339,3,0.0349609367549419,500.27093505859375,8.752520561218262,511.8084411621094,0.0014669263036921
tile_r019811_c010339,3,255.2602081298828,507.1222534179688,306.75927734375,512.0,0.0014345651725307
tile_r019811_c010339,3,16.003704071044922,0.0,83.98965454101562,15.215115547180176,0.0014264555647969
tile_r019811_c010339,3,0.0843187347054481,437.4397583007813,8.012258529663086,465.1510620117188,0.0014247781364247
tile_r019811_c010339,3,330.4151916503906,507.243896484375,385.0720825195313,512.0,0.0014181782025843
tile_r019811_c010339,3,502.4942321777344,458.0310974121094,511.99945068359375,511.5399475097656,0.0013729576021432
tile_r019811_c010339,3,52.6939697265625,0.1164886504411697,111.97004699707033,11.75,0.0013643781421706
tile_r019811_c010339,3,179.10238647460938,13.550453186035156,201.8184356689453,35.3380126953125,0.0013537117047235
tile_r019811_c010339,3,463.0834045410156,506.8072204589844,501.17913818359375,512.0,0.0013072734000161
tile_r019811_c010339,3,506.8014526367188,485.9002990722656,512.0,511.0426330566406,0.0012953922851011
tile_r019811_c010339,3,378.3287353515625,283.124755859375,415.62939453125,310.8331298828125,0.0012945220805704
tile_r019811_c010339,3,294.9712219238281,504.837890625,344.6495361328125,512.0,0.0012881393777206
tile_r019811_c010339,3,0.2884765565395355,0.3657669126987457,43.3480110168457,29.85750961303711,0.0012849596096202
tile_r019811_c010339,3,213.9895477294922,503.8631896972656,272.80389404296875,512.0,0.0012795694638043
tile_r019811_c010339,3,434.74945068359375,507.6893005371094,472.9095153808594,511.9186401367188,0.0012630455894395
tile_r019811_c010339,3,0.0,485.21136474609375,61.85493087768555,512.0,0.0012571333209052
tile_r019811_c010339,3,200.2849578857422,501.66302490234375,249.9611358642578,511.9834899902344,0.0012025686446577
tile_r019811_c010339,3,275.03399658203125,0.232533261179924,342.95281982421875,11.07875919342041,0.0011814985191449
tile_r019811_c010339,3,289.23211669921875,0.1769058257341385,354.1000366210937,10.507454872131348,0.001060152426362
tile_r019811_c010339,3,430.6226501464844,507.0886840820313,467.2117614746094,512.0,0.0010403135092929
tile_r019811_c010339,3,274.1161193847656,499.4461975097656,344.5932006835937,512.0,0.0010221301345154
tile_r019811_c010339,3,51.374000549316406,118.79537200927734,91.79670715332033,166.12344360351562,0.0010172829497605
tile_r019811_c010595,3,0.0,255.96142578125,48.09030151367188,312.1423645019531,0.8744344711303711
tile_r019811_c010595,3,460.96868896484375,158.62185668945312,510.8502807617188,211.6767120361328,0.7901337742805481
tile_r019811_c010595,3,182.75424194335935,460.0091247558594,226.3817443847656,502.0315856933594,0.7864166498184204
tile_r019811_c010595,3,280.5718688964844,64.81112670898438,333.50067138671875,111.6915283203125,0.7622901201248169
tile_r019811_c010595,3,0.5389846563339233,25.666061401367188,52.5233268737793,78.12994384765625,0.7506812810897827
tile_r019811_c010595,3,121.3811492919922,281.7193298339844,174.96945190429688,333.60614013671875,0.73948073387146
tile_r019811_c010595,3,318.471923828125,151.43032836914062,367.7236633300781,198.9228973388672,0.7183042168617249
tile_r019811_c010595,3,365.5454711914063,70.1652603149414,437.39056396484375,148.4834747314453,0.6616153717041016
tile_r019811_c010595,3,356.6784362792969,297.30438232421875,403.709228515625,343.7315368652344,0.629644513130188
tile_r019811_c010595,3,466.33782958984375,333.92852783203125,511.5650939941406,397.8042907714844,0.5646352171897888
tile_r019811_c010595,3,390.2581481933594,371.87152099609375,424.9864196777344,408.4414367675781,0.5349191427230835
tile_r019811_c010595,3,0.0,364.65380859375,44.53184127807617,419.9114379882813,0.5094249248504639
tile_r019811_c010595,3,265.1092224121094,0.0,327.9263000488281,25.77405166625977,0.5082734227180481
tile_r019811_c010595,3,0.0,366.8151550292969,41.47584915161133,417.8963317871094,0.4546361863613128
tile_r019811_c010595,3,424.25628662109375,396.0382690429688,454.8636779785156,424.2120666503906,0.3854729831218719
tile_r019811_c010595,3,467.55224609375,337.6955261230469,511.926513671875,395.6975708007813,0.2212881743907928
tile_r019811_c010595,3,0.0,464.4392700195313,12.572927474975586,510.5776977539063,0.218873530626297
tile_r019811_c010595,3,496.9758911132813,46.75667953491211,512.0,105.7050552368164,0.15358467400074
tile_r019811_c010595,3,462.87646484375,159.4754638671875,511.4060974121094,210.05490112304688,0.133904680609703
tile_r019811_c010595,3,271.5120544433594,0.0669799819588661,324.35113525390625,21.496723175048828,0.1117995232343673
tile_r019811_c010595,3,492.792724609375,38.2488899230957,512.0,105.275390625,0.086603507399559
tile_r019811_c010595,3,458.2080993652344,155.5395050048828,511.6316833496094,213.3898162841797,0.0723412632942199
tile_r019811_c010595,3,363.1808776855469,0.1704132109880447,416.230224609375,15.28025245666504,0.0722001865506172
tile_r019811_c010595,3,33.715232849121094,436.1266479492188,60.17794799804688,459.8600158691406,0.0705897659063339
tile_r019811_c010595,3,2.376239061355591,28.44135093688965,49.78349304199219,75.14566802978516,0.066214732825756
tile_r019811_c010595,3,426.13861083984375,398.41351318359375,451.636474609375,422.32720947265625,0.0659236535429954
tile_r019811_c010595,3,464.0125122070313,334.82177734375,510.924560546875,398.037109375,0.0621995702385902
tile_r019811_c010595,3,355.44195556640625,0.1394073516130447,422.45794677734375,19.491331100463867,0.0574402697384357
tile_r019811_c010595,3,0.1196350082755088,470.3880920410156,10.404691696166992,509.2073669433594,0.0549232438206672
tile_r019811_c010595,3,0.0,453.14990234375,16.378576278686523,511.17279052734375,0.0482650659978389
tile_r019811_c010595,3,401.1045227050781,168.1154327392578,438.5435180664063,201.6573028564453,0.0479074642062187
tile_r019811_c010595,3,403.5686950683594,169.91517639160156,435.8104553222656,199.05198669433597,0.0476717427372932
tile_r019811_c010595,3,373.27447509765625,75.00984191894531,428.9819946289063,138.7053680419922,0.0425926260650157
tile_r019811_c010595,3,26.626684188842773,436.6190490722656,59.3931999206543,465.8564453125,0.0397999249398708
tile_r019811_c010595,3,371.5061645507813,70.84605407714844,431.02001953125,132.5836181640625,0.0356245823204517
tile_r019811_c010595,3,362.93212890625,0.0695606246590614,411.0973205566406,8.281553268432617,0.0349566452205181
tile_r019811_c010595,3,499.3531799316406,456.51751708984375,511.9371948242188,511.0202026367188,0.033052485436201
tile_r019811_c010595,3,368.0591125488281,0.0414087288081646,412.0357055664063,7.212136268615723,0.0310788787901401
tile_r019811_c010595,3,365.4812316894531,66.82304382324219,437.8952026367188,145.37454223632812,0.0287726260721683
tile_r019811_c010595,3,500.5645446777344,54.27399826049805,512.0,101.10166931152344,0.0270149521529674
tile_r019811_c010595,3,483.81549072265625,35.26909637451172,511.6803283691406,115.21539306640624,0.0255206041038036
tile_r019811_c010595,3,268.4908447265625,0.0,316.2245483398437,10.893988609313965,0.0232606716454029
tile_r019811_c010595,3,500.6595153808594,50.08607482910156,512.0,99.91505432128906,0.0230190120637416
tile_r019811_c010595,3,258.24005126953125,0.0,338.24810791015625,30.897602081298828,0.0204278863966465
tile_r019811_c010595,3,476.15478515625,336.4779663085937,512.0,392.2528381347656,0.0204058997333049
tile_r019811_c010595,3,504.4009704589844,462.85009765625,512.0,504.4351501464844,0.0200799871236085
tile_r019811_c010595,3,424.2879943847656,397.15142822265625,453.5057678222656,425.5724487304688,0.0185705889016389
tile_r019811_c010595,3,502.0166931152344,47.23524475097656,512.0,95.9576644897461,0.0177622865885496
tile_r019811_c010595,3,498.7561645507813,53.47588348388672,511.9988708496094,103.4958267211914,0.0173372868448495
tile_r019811_c010595,3,116.4011459350586,277.53533935546875,178.48464965820312,337.94989013671875,0.0168276280164718
tile_r019811_c010595,3,0.0171289443969726,464.768310546875,8.009417533874512,503.0650939941406,0.014363988302648
tile_r019811_c010595,3,268.6405639648437,0.0158893577754497,320.6771240234375,10.130167961120604,0.0139177292585372
tile_r019811_c010595,3,26.62437438964844,434.1203002929688,61.17271041870117,464.5050354003906,0.0132054621353745
tile_r019811_c010595,3,0.0,473.1136779785156,6.047062873840332,511.6359252929688,0.0128625063225626
tile_r019811_c010595,3,0.0053699491545557,456.640380859375,8.239669799804688,500.05902099609375,0.0126226367428898
tile_r019811_c010595,3,453.5189514160156,209.4364013671875,480.8614807128906,233.4161834716797,0.0126093728467822
tile_r019811_c010595,3,185.8138732910156,463.0339965820313,222.8873291015625,498.98480224609375,0.0125097474083304
tile_r019811_c010595,3,497.613037109375,445.646484375,512.0,509.0582885742188,0.012466243468225
tile_r019811_c010595,3,0.0,470.465087890625,3.972161769866944,506.9774475097656,0.0116539169102907
tile_r019811_c010595,3,234.5742950439453,506.30609130859375,280.17999267578125,512.0,0.0109423836693167
tile_r019811_c010595,3,0.0,468.1422729492188,6.300185203552246,503.9845275878906,0.0104482164606451
tile_r019811_c010595,3,506.5965270996094,456.2913208007813,512.0,502.2604370117188,0.0099353455007076
tile_r019811_c010595,3,501.540771484375,463.513427734375,512.0,508.1043090820313,0.0096486220136284
tile_r019811_c010595,3,505.2173461914063,43.09342575073242,511.9989318847656,89.89012145996094,0.0093697598204016
tile_r019811_c010595,3,236.5555725097656,501.5462341308594,297.8421630859375,512.0,0.0081759300082921
tile_r019811_c010595,3,315.3685607910156,140.68714904785156,372.8567810058594,200.11546325683597,0.008139370009303
tile_r019811_c010595,3,0.0,250.0633544921875,54.72528076171875,319.6473083496094,0.0081306397914886
tile_r019811_c010595,3,0.6486679315567017,496.41845703125,36.42613220214844,512.0,0.0080595128238201
tile_r019811_c010595,3,500.845458984375,470.2333984375,511.92822265625,511.56201171875,0.0079889735206961
tile_r019811_c010595,3,355.85430908203125,0.0154293058440089,410.0840759277344,8.545206069946289,0.007680419832468
tile_r019811_c010595,3,268.8177490234375,0.0,326.5104675292969,8.843938827514648,0.0076261670328676
tile_r019811_c010595,3,227.34054565429688,505.6087951660156,277.0752258300781,512.0,0.0075615020468831
tile_r019811_c010595,3,0.0580505356192588,161.71319580078125,12.646065711975098,228.2847900390625,0.0075530437752604
tile_r019811_c010595,3,32.49169158935547,437.2381896972656,59.02937698364258,460.95068359375,0.0074202134273946
tile_r019811_c010595,3,0.0,497.3467712402344,11.526374816894531,511.95599365234375,0.0071322969160974
tile_r019811_c010595,3,368.7102966308594,0.0259662624448537,421.8170776367188,5.734373092651367,0.0068299295380711
tile_r019811_c010595,3,379.7019653320313,115.72969818115234,419.5825805664063,145.0890655517578,0.0063612251542508
tile_r019811_c010595,3,479.39935302734375,28.03750228881836,512.0,115.8907699584961,0.0061350502073764
tile_r019811_c010595,3,374.1062622070313,0.1593841612339019,440.7818298339844,12.957559585571287,0.005739523563534
tile_r019811_c010595,3,504.7824096679688,441.6281127929688,512.0,489.7802734375,0.0056783421896398
tile_r019811_c010595,3,502.1488342285156,462.9575805664063,512.0,510.6577758789063,0.0055223708041012
tile_r019811_c010595,3,20.6816520690918,432.97955322265625,64.24517822265625,475.2135314941406,0.0055207996629178
tile_r019811_c010595,3,26.40938377380371,436.4046325683594,58.84331512451172,461.88909912109375,0.0051860087551176
tile_r019811_c010595,3,224.9898223876953,500.42279052734375,289.8423156738281,512.0,0.0051513323560357
tile_r019811_c010595,3,473.6594848632813,507.0838317871094,510.67474365234375,512.0,0.0050742826424539
tile_r019811_c010595,3,453.9888610839844,210.9341735839844,480.0836486816406,233.1101531982422,0.0050119361840188
tile_r019811_c010595,3,504.6822814941406,425.3258666992188,512.0,471.0193481445313,0.0049860985018312
tile_r019811_c010595,3,499.3375854492188,58.02412033081055,512.0,102.655517578125,0.0048832688480615
tile_r019811_c010595,3,0.0367111191153526,173.7650146484375,9.362585067749023,231.07827758789065,0.0048680803738534
tile_r019811_c010595,3,341.5764465332031,0.0,425.601318359375,27.342315673828125,0.0047438396140933
tile_r019811_c010595,3,271.87518310546875,0.0,329.5006408691406,6.266669750213623,0.0046837893314659
tile_r019811_c010595,3,465.24658203125,505.4872131347656,508.5615234375,512.0,0.0046760356053709
tile_r019811_c010595,3,237.919677734375,507.1044921875,287.9794311523437,512.0,0.0046736616641283
tile_r019811_c010595,3,497.7294006347656,493.4429626464844,511.8514709472656,512.0,0.0046736393123865
tile_r019811_c010595,3,30.19004440307617,500.5098571777344,93.04759216308594,512.0,0.0045612528920173
tile_r019811_c010595,3,284.2132873535156,68.14444732666016,331.4178161621094,108.45716857910156,0.0043982937932014
tile_r019811_c010595,3,505.0455627441406,432.6253356933594,512.0,480.37786865234375,0.0042326925322413
tile_r019811_c010595,3,369.3345031738281,0.1482513397932052,424.1805725097656,13.341384887695312,0.0041718664579093
tile_r019811_c010595,3,450.5530395507813,209.11801147460935,480.25335693359375,235.4203186035156,0.0041474387980997
tile_r019811_c010595,3,505.89599609375,448.2511596679688,512.0,497.614501953125,0.0040701106190681
tile_r019811_c010595,3,425.77545166015625,397.0640869140625,452.7593383789063,422.4556274414063,0.0040200585499405
tile_r019811_c010595,3,262.40185546875,505.1048278808594,314.20147705078125,512.0,0.0039255861192941
tile_r019811_c010595,3,265.6885681152344,0.0625949874520301,314.9921569824219,11.536486625671388,0.0038068136200308
tile_r019811_c010595,3,0.0,501.3040161132813,26.22660255432129,512.0,0.0037817803677171
tile_r019811_c010595,3,245.669189453125,501.5357360839844,310.9333190917969,512.0,0.0036361126694828
tile_r019811_c010595,3,256.71649169921875,501.15240478515625,320.7364807128906,511.96185302734375,0.0035694795660674
tile_r019811_c010595,3,0.1286132782697677,149.59878540039062,15.485076904296877,220.82443237304688,0.0035466665867716
tile_r019811_c010595,3,0.1159301772713661,455.9695739746094,24.23941993713379,510.0173950195313,0.0034284305293112
tile_r019811_c010595,3,266.57672119140625,505.508544921875,320.9060363769531,512.0,0.0033269294071942
tile_r019811_c010595,3,475.8897399902344,499.1652221679688,511.60650634765625,511.8482055664063,0.0031788521446287
tile_r019811_c010595,3,219.2574920654297,506.06787109375,271.53045654296875,512.0,0.0031767827458679
tile_r019811_c010595,3,0.269244372844696,484.8745727539063,17.497371673583984,512.0,0.0031760279089212
tile_r019811_c010595,3,369.19720458984375,0.0,433.6201171875,3.370232343673706,0.0031155028846114
tile_r019811_c010595,3,40.24360656738281,500.7854614257813,103.3471908569336,511.9855346679688,0.0030928205233067
tile_r019811_c010595,3,255.27456665039065,504.8907775878906,309.0432434082031,512.0,0.0030835820361971
tile_r019811_c010595,3,454.48388671875,504.845458984375,508.4519958496094,512.0,0.0030386946164071
tile_r019811_c010595,3,64.5650405883789,501.1952209472656,129.08914184570312,512.0,0.0029164778534322
tile_r019811_c010595,3,504.8629760742188,471.1537170410156,511.982666015625,511.8096618652344,0.0027629565447568
tile_r019811_c010595,3,317.87646484375,382.7690124511719,361.8967895507813,434.0921936035156,0.0027105540502816
tile_r019811_c010595,3,487.7256774902344,446.0648498535156,512.0,512.0,0.0026357260067015
tile_r019811_c010595,3,0.4691223204135895,504.9489135742188,34.83263397216797,512.0,0.0025523130316287
tile_r019811_c010595,3,268.1632995605469,500.4349060058594,332.9543151855469,511.9120178222656,0.0025501761119812
tile_r019811_c010595,3,0.090866282582283,170.82876586914062,5.106757640838623,222.08938598632807,0.0025363692548125
tile_r019811_c010595,3,381.9822998046875,0.1001220718026161,461.7083435058594,12.238255500793455,0.002491537714377
tile_r019811_c010595,3,0.012057876214385,450.0567932128906,7.846925258636475,493.8020629882813,0.0024682059884071
tile_r019811_c010595,3,50.14057540893555,500.89105224609375,119.62906646728516,511.989013671875,0.002449661726132
tile_r019811_c010595,3,499.7507934570313,58.7104721069336,511.99713134765625,107.8142547607422,0.0024405166041105
tile_r019811_c010595,3,78.5243911743164,501.7296752929688,133.42678833007812,511.99017333984375,0.0021694211754947
tile_r019811_c010595,3,492.76568603515625,24.116117477416992,512.0,97.5801773071289,0.0021412514615803
tile_r019811_c010595,3,508.3833923339844,399.04339599609375,512.0,439.7085876464844,0.0021076640114188
tile_r019811_c010595,3,214.9539794921875,506.6736755371094,264.6390686035156,512.0,0.0020528135355561
tile_r019811_c010595,3,45.58289337158203,506.60693359375,104.90616607666016,512.0,0.0020374592859297
tile_r019811_c010595,3,283.8316955566406,69.0992202758789,325.6689758300781,105.1404800415039,0.0020053267944604
tile_r019811_c010595,3,277.3309936523437,0.0,332.4522399902344,4.579670429229736,0.0019953809678554
tile_r019811_c010595,3,483.0904235839844,469.2828674316406,511.8314514160156,512.0,0.0019910763949155
tile_r019811_c010595,3,498.55908203125,432.2644958496094,512.0,501.21875,0.0019491164712235
tile_r019811_c010595,3,505.039306640625,335.0889587402344,511.8434448242188,370.2389831542969,0.0018675943138077
tile_r019811_c010595,3,0.0706869140267372,163.7299041748047,5.525653839111328,217.5923614501953,0.0017171123763546
tile_r019811_c010595,3,377.1615905761719,104.87760925292967,424.7522888183594,145.3984375,0.0016909175319597
tile_r019811_c010595,3,211.9732360839844,506.67669677734375,253.9828338623047,512.0,0.0016880036564543
tile_r019811_c010595,3,352.7403259277344,0.0162750240415334,443.5328063964844,26.91064071655273,0.0016424091299995
tile_r019811_c010595,3,268.14898681640625,0.543365478515625,344.42840576171875,37.17519760131836,0.0016423348570242
tile_r019811_c010595,3,67.99454498291016,507.2420349121094,123.83477783203124,512.0,0.0016413289122283
tile_r019811_c010595,3,251.2406005859375,0.369110107421875,340.92010498046875,40.10738754272461,0.001605579862371
tile_r019811_c010595,3,376.8396911621094,116.63165283203124,415.8434448242188,144.6761932373047,0.0015331628965213
tile_r019811_c010595,3,271.26446533203125,505.2975463867188,328.01202392578125,511.9995727539063,0.0014869819860905
tile_r019811_c010595,3,0.0996841415762901,184.3257751464844,7.555764675140381,233.4261779785156,0.0014354876475408
tile_r019811_c010595,3,286.15484619140625,0.1866592466831207,336.8109130859375,18.062885284423828,0.0014353434089571
tile_r019811_c010595,3,393.6065368652344,375.3318481445313,423.4066467285156,405.9305419921875,0.0014342791400849
tile_r019811_c010595,3,190.16392517089844,498.1548767089844,263.76153564453125,511.7884216308594,0.0014295500004664
tile_r019811_c010595,3,488.4544372558594,27.055042266845703,512.0,128.0800323486328,0.001426137634553
tile_r019811_c010595,3,0.0,179.43588256835938,1.9535812139511108,231.1459503173828,0.0013905831146985
tile_r019811_c010595,3,312.9015197753906,136.27413940429688,378.2373046875,206.8006591796875,0.0013797238934785
tile_r019811_c010595,3,238.52670288085935,507.05755615234375,298.2029113769531,512.0,0.0013575997436419
tile_r019811_c010595,3,61.57638549804688,506.67083740234375,118.10728454589844,512.0,0.0013524430105462
tile_r019811_c010595,3,41.92084503173828,506.1692810058594,97.48787689208984,512.0,0.0013500454369932
tile_r019811_c010595,3,506.9644470214844,420.3219604492188,512.0,462.1897888183594,0.001349292229861
tile_r019811_c010595,3,501.66412353515625,60.281349182128906,512.0,116.8647232055664,0.0013477382017299
tile_r019811_c010595,3,469.3821411132813,326.7235412597656,512.0,382.3985290527344,0.0013472813880071
tile_r019811_c010595,3,243.9056701660156,505.998779296875,304.48486328125,512.0,0.0013458565808832
tile_r019811_c010595,3,453.377197265625,499.5099487304688,509.03564453125,511.9089965820313,0.0013378793373703
tile_r019811_c010595,3,279.9126281738281,499.9595336914063,342.8222045898437,511.85748291015625,0.0013251542113721
tile_r019811_c010595,3,506.8599243164063,404.5641174316406,512.0,446.0294494628906,0.0013173668412491
tile_r019811_c010595,3,0.0,0.0,38.89925384521485,18.965389251708984,0.0013086680555716
tile_r019811_c010595,3,488.8062133789063,0.0,512.0,24.940814971923828,0.001300991512835
tile_r019811_c010595,3,267.3373413085937,0.0,308.2793884277344,19.785572052001957,0.001293348846957
tile_r019811_c010595,3,429.4789123535156,0.2117462158203125,499.902587890625,11.28399658203125,0.0012926857452839
tile_r019811_c010595,3,347.5257568359375,0.0281883236020803,405.6041870117188,8.952225685119629,0.0012904468458145
tile_r019811_c010595,3,415.9911193847656,0.1783111542463302,494.36767578125,11.540138244628906,0.0012892368249595
tile_r019811_c010595,3,499.6312561035156,408.7522583007813,511.9713745117188,467.3673706054688,0.0012701100204139
tile_r019811_c010595,3,54.1150016784668,506.2188415527344,111.205078125,512.0,0.0012552321422845
tile_r019811_c010595,3,0.0542577728629112,352.8772277832031,8.870765686035156,384.1266174316406,0.001231271540746
tile_r019811_c010595,3,256.2888488769531,0.052962876856327,309.3148498535156,9.7289457321167,0.001221393700689
tile_r019811_c010595,3,122.44416809082033,283.35430908203125,159.54205322265625,310.6653747558594,0.0011876831995323
tile_r019811_c010595,3,0.0824539214372634,176.12124633789062,3.812105655670166,224.3038787841797,0.0011845101835206
tile_r019811_c010595,3,405.7084655761719,170.5413818359375,436.003662109375,198.5736083984375,0.0011630849912762
tile_r019811_c010595,3,509.4556579589844,388.6817626953125,512.0,434.1143493652344,0.0011605047620832
tile_r019811_c010595,3,178.74148559570312,507.6781311035156,216.7217254638672,511.9016723632813,0.0011524831643328
tile_r019811_c010595,3,74.17598724365234,507.2923889160156,129.27476501464844,512.0,0.0011514631332829
tile_r019811_c010595,3,1.232141137123108,500.1307067871094,74.44615936279297,512.0,0.0011213175021111
tile_r019811_c010595,3,394.9051208496094,0.0732986479997634,482.3413696289063,11.57535171508789,0.0011139760026708
tile_r019811_c010595,3,485.139404296875,433.9032287597656,512.0,512.0,0.0010905639501288
tile_r019811_c010595,3,18.8222713470459,0.2347412109375,86.70281982421875,11.115652084350586,0.0010809998493641
tile_r019811_c010595,3,0.0791992172598838,433.8324279785156,18.964130401611328,505.6892700195313,0.0010772193782031
tile_r019811_c010595,3,362.51654052734375,308.0480041503906,395.0364990234375,338.7635498046875,0.0010769555810838
tile_r019811_c010595,3,484.43603515625,34.10029983520508,512.0,136.6210479736328,0.001057201414369
tile_r019811_c010595,3,500.5903930664063,419.5794372558594,512.0,486.020263671875,0.0010437776800245
tile_r019811_c010595,3,32.1057243347168,0.1866226196289062,98.25941467285156,10.465262413024902,0.0010396417928859
tile_r019811_c010595,3,0.0392702110111713,351.6973571777344,11.258527755737305,392.6956481933594,0.0010043220827355
tile_r019811_c010595,3,1.087377905845642,506.93756103515625,51.35017013549805,512.0,0.0010015267180278
tile_r019811_c010851,3,205.0718688964844,158.83352661132812,260.7128295898437,211.14352416992188,0.8059828877449036
tile_r019811_c010851,3,24.49080848693848,64.97727966308594,77.42908477783203,111.67076110839844,0.7829368710517883
tile_r019811_c010851,3,63.05192947387695,152.68759155273438,110.83282470703124,198.5056610107422,0.7038828134536743
tile_r019811_c010851,3,208.9967498779297,330.82000732421875,276.2612609863281,399.1328430175781,0.6425659656524658
tile_r019811_c010851,3,349.17529296875,174.62948608398438,400.08990478515625,222.70639038085935,0.6366475820541382
tile_r019811_c010851,3,337.5152893066406,347.6903076171875,380.69482421875,388.1305847167969,0.6262249946594238
tile_r019811_c010851,3,100.9110870361328,297.4446716308594,147.6830291748047,343.5494689941406,0.6236169934272766
tile_r019811_c010851,3,354.66217041015625,304.37762451171875,382.8873291015625,329.65087890625,0.6106777191162109
tile_r019811_c010851,3,111.45491027832033,70.94096374511719,179.9197235107422,147.29409790039062,0.5815081000328064
tile_r019811_c010851,3,134.21961975097656,371.7082824707031,169.0672149658203,408.4235229492188,0.5064973831176758
tile_r019811_c010851,3,243.54885864257807,426.7107543945313,308.17889404296875,491.7264099121094,0.4993139505386352
tile_r019811_c010851,3,388.70892333984375,482.2691955566406,436.3014526367188,511.96331787109375,0.4942112267017364
tile_r019811_c010851,3,298.3161926269531,111.41941833496094,332.8782043457031,143.7755126953125,0.4859197735786438
tile_r019811_c010851,3,9.17878532409668,0.0,72.91524505615234,26.174768447875977,0.4410684108734131
tile_r019811_c010851,3,168.17868041992188,395.83935546875,199.02096557617188,424.30279541015625,0.3714009821414947
tile_r019811_c010851,3,383.802490234375,478.9509887695313,439.6665954589844,511.89361572265625,0.3394075930118561
tile_r019811_c010851,3,240.300537109375,424.2516174316406,311.24432373046875,494.9319458007813,0.3260137140750885
tile_r019811_c010851,3,236.7826232910156,54.21244430541992,293.0248718261719,110.9994125366211,0.3229730129241943
tile_r019811_c010851,3,351.8113708496094,177.57919311523438,397.7176208496094,218.5294189453125,0.3034340143203735
tile_r019811_c010851,3,351.1127319335937,301.86871337890625,384.1754455566406,331.5890197753906,0.2386442869901657
tile_r019811_c010851,3,238.6164093017578,56.45117950439453,291.5704650878906,109.69343566894533,0.2204602509737014
tile_r019811_c010851,3,339.47039794921875,349.1800231933594,378.0813903808594,385.0865478515625,0.1775712966918945
tile_r019811_c010851,3,15.789813041687012,0.0794738754630088,68.35707092285156,21.363622665405277,0.1395817548036575
tile_r019811_c010851,3,145.53720092773438,168.5872802734375,182.1601104736328,201.1436462402344,0.0951429903507232
tile_r019811_c010851,3,206.0302734375,159.46847534179688,260.52691650390625,209.4641876220703,0.0779501348733902
tile_r019811_c010851,3,147.9228973388672,170.3580322265625,179.2779541015625,198.5980529785156,0.0747482255101203
tile_r019811_c010851,3,108.63703918457033,0.156483456492424,158.0013427734375,14.194580078125,0.0716438740491867
tile_r019811_c010851,3,210.20443725585935,333.361328125,274.0502624511719,397.4046020507813,0.0624721013009548
tile_r019811_c010851,3,197.80059814453125,209.78109741210935,224.4736328125,233.09378051757807,0.0589324682950973
tile_r019811_c010851,3,116.7041015625,71.59305572509766,173.8995361328125,130.55758666992188,0.0568972714245319
tile_r019811_c010851,3,170.05902099609375,398.26654052734375,195.7262725830078,422.4107055664063,0.0472826622426509
tile_r019811_c010851,3,101.05491638183594,0.1630081236362457,163.92872619628906,18.064437866210938,0.0465924851596355
tile_r019811_c010851,3,108.0670166015625,0.0595298781991004,153.36810302734375,8.07836627960205,0.0429447926580905
tile_r019811_c010851,3,118.75788879394533,76.10014343261719,171.49169921875,136.19412231445312,0.0422762595117092
tile_r019811_c010851,3,113.51936340332033,0.0285676959902048,154.03317260742188,6.942949771881104,0.040515448898077
tile_r019811_c010851,3,110.91981506347656,67.60017395019531,180.3732147216797,143.45907592773438,0.0305749122053384
tile_r019811_c010851,3,301.2384338378906,113.87422943115234,330.8617248535156,141.4676513671875,0.0300892107188701
tile_r019811_c010851,3,11.893397331237791,0.0100215915590524,60.9307746887207,10.12245750427246,0.0213547926396131
tile_r019811_c010851,3,2.1224913597106934,0.0,83.60867309570312,33.60594940185547,0.0209956597536802
tile_r019811_c010851,3,198.04080200195312,211.2040557861328,223.8446044921875,232.85110473632807,0.0193521287292242
tile_r019811_c010851,3,12.398653984069824,0.0236272811889648,64.82086181640625,9.46360969543457,0.0159803349524736
tile_r019811_c010851,3,245.1395263671875,56.86064529418945,275.0033874511719,81.41188049316406,0.0153072318062186
tile_r019811_c010851,3,168.2142791748047,396.8534240722656,197.5805206298828,425.5270385742188,0.0150198331102728
tile_r019811_c010851,3,347.6556396484375,281.4925231933594,374.3322143554688,305.87762451171875,0.0144337639212608
tile_r019811_c010851,3,195.08746337890625,209.6277618408203,224.16293334960935,235.3957061767578,0.0129128554835915
tile_r019811_c010851,3,0.5666366815567017,500.4588928222656,45.7288818359375,512.0,0.0124285193160176
tile_r019811_c010851,3,353.4787902832031,304.4178466796875,383.44873046875,331.208251953125,0.0113922040909528
tile_r019811_c010851,3,12.6679048538208,0.0,70.20626068115234,8.385008811950684,0.0086188884451985
tile_r019811_c010851,3,0.0761205703020095,492.1778869628906,14.30565071105957,511.7848510742188,0.0081260427832603
tile_r019811_c010851,3,216.4942626953125,334.6535949707031,271.9500427246094,390.0953369140625,0.0077139190398156
tile_r019811_c010851,3,124.0237045288086,116.05189514160156,163.2698211669922,144.81631469726562,0.0076297335326671
tile_r019811_c010851,3,0.0,497.02001953125,36.84886932373047,512.0,0.0076277912594377
tile_r019811_c010851,3,114.16092681884766,0.0237499233335256,162.89859008789062,5.506047248840332,0.0071695568040013
tile_r019811_c010851,3,100.78134155273438,0.0161449424922466,152.8154296875,8.401832580566406,0.0070027741603553
tile_r019811_c010851,3,0.0,502.88482666015625,27.5040225982666,512.0,0.006289463955909
tile_r019811_c010851,3,118.87296295166016,0.161630243062973,182.6134033203125,11.994908332824709,0.0059153432957828
tile_r019811_c010851,3,0.0,483.1875,29.51025390625,511.6178283691406,0.0053655095398426
tile_r019811_c010851,3,16.03225326538086,0.0,72.9466781616211,5.958682060241699,0.0052924905903637
tile_r019811_c010851,3,28.205997467041016,68.29615783691406,75.34436798095703,108.3787612915039,0.0048035802319645
tile_r019811_c010851,3,4.9376983642578125,501.13775634765625,59.62468719482422,511.9461975097656,0.0042662774212658
tile_r019811_c010851,3,0.0,502.8570251464844,17.172611236572266,511.9644470214844,0.0040721446275711
tile_r019811_c010851,3,169.69186401367188,396.9517211914063,196.8592529296875,422.5323181152344,0.0038903614040464
tile_r019811_c010851,3,9.020341873168944,0.0537780746817588,59.356590270996094,10.58447265625,0.003726651892066
tile_r019811_c010851,3,114.7813720703125,0.132313534617424,164.84072875976562,12.378584861755373,0.0037248765584081
tile_r019811_c010851,3,6.194521903991699,505.36956787109375,58.1233024597168,512.0,0.0035490589216351
tile_r019811_c010851,3,86.43404388427734,0.0,167.74774169921875,25.415010452270508,0.0033748766873031
tile_r019811_c010851,3,114.7584228515625,0.0,175.02700805664062,2.97216272354126,0.0033522995654493
tile_r019811_c010851,3,343.3222961425781,280.3660888671875,376.9009704589844,311.4872436523437,0.0031313004437834
tile_r019811_c010851,3,11.261529922485352,505.6192321777344,64.64586639404297,512.0,0.0031142267398536
tile_r019811_c010851,3,61.78272247314453,382.6791687011719,105.49006652832033,430.55072021484375,0.0028969557024538
tile_r019811_c010851,3,0.4422889649868011,496.9351501464844,23.19181251525879,511.4646606445313,0.0028436626307666
tile_r019811_c010851,3,202.64096069335935,156.00881958007812,263.5455627441406,213.0144805908203,0.0024289176799356
tile_r019811_c010851,3,0.0,505.4367065429688,52.472747802734375,512.0,0.0023856211919337
tile_r019811_c010851,3,121.2437515258789,116.94737243652344,159.54794311523438,144.36318969726562,0.0023181778378784
tile_r019811_c010851,3,21.35236167907715,0.0,75.99171447753906,4.288022041320801,0.0022038584575057
tile_r019811_c010851,3,0.0,504.59619140625,38.05668258666992,512.0,0.0021148489322513
tile_r019811_c010851,3,12.311925888061523,500.43988037109375,74.62635803222656,511.8660278320313,0.002109314315021
tile_r019811_c010851,3,323.40252685546875,502.0467224121094,377.8621520996094,511.8834838867188,0.0020709303207695
tile_r019811_c010851,3,309.22100830078125,501.2185974121094,373.0556945800781,512.0,0.0019747626502066
tile_r019811_c010851,3,356.0067138671875,305.8644714355469,382.7121276855469,328.97662353515625,0.0019079253543168
tile_r019811_c010851,3,121.8909683227539,105.51554870605467,167.75732421875,145.0267791748047,0.0018017251277342
tile_r019811_c010851,3,126.99665832519533,0.0521286018192768,202.7840118408203,11.32017707824707,0.001672483398579
tile_r019811_c010851,3,13.573125839233398,0.491424560546875,88.20870208740234,37.63355255126953,0.0015804937575012
tile_r019811_c010851,3,150.6849822998047,171.30921936035156,179.3827667236328,197.2705993652344,0.0015701603842899
tile_r019811_c010851,3,207.6459503173828,506.3211975097656,254.5305938720703,512.0,0.0015675999457016
tile_r019811_c010851,3,59.9646110534668,141.8325958251953,116.36805725097656,199.8822784423828,0.0015567385125905
tile_r019811_c010851,3,98.82378387451172,0.161386102437973,183.71163940429688,24.8773250579834,0.0014709101524204
tile_r019811_c010851,3,27.70770835876465,69.037109375,69.82582092285156,105.169677734375,0.0014665639027953
tile_r019811_c010851,3,316.6027526855469,507.29095458984375,365.0879821777344,512.0,0.0014333450235426
tile_r019811_c010851,3,16.0180606842041,505.3834838867188,71.59563446044922,512.0,0.0013963697711005
tile_r019811_c010851,3,353.1024780273437,306.1024780273437,384.2007751464844,334.2875366210937,0.0013598960358649
tile_r019811_c010851,3,136.0541534423828,73.10844421386719,166.77296447753906,97.10179901123048,0.00132137152832
tile_r019811_c010851,3,0.0,479.1847534179688,8.745512962341309,509.39544677734375,0.0012750091264024
tile_r019811_c010851,3,193.51351928710935,199.135498046875,235.9847869873047,235.31710815429688,0.0012447135522961
tile_r019811_c010851,3,253.27816772460935,74.74671936035156,286.8109130859375,104.3464813232422,0.0012185954255983
tile_r019811_c010851,3,30.101465225219727,0.1703765839338302,80.51058197021484,17.492473602294922,0.0012180285993963
tile_r019811_c010851,3,0.0,505.4690551757813,46.58137893676758,512.0,0.0011525951558724
tile_r019811_c010851,3,22.658411026000977,499.7620544433594,86.62886047363281,511.835205078125,0.0011103155557066
tile_r019811_c010851,3,215.302490234375,507.253662109375,259.4631652832031,512.0,0.001110261073336
tile_r019811_c010851,3,136.4441375732422,374.1480102539063,167.15447998046875,405.6626586914063,0.0011091812048107
tile_r019811_c010851,3,106.6635971069336,308.2334899902344,138.89785766601562,338.68231201171875,0.0010978945065289
tile_r019811_c010851,3,57.8855094909668,137.6488037109375,121.177734375,206.3189697265625,0.0010973560856655
tile_r019811_c010851,3,197.7314453125,505.6107482910156,252.2593231201172,512.0,0.0010923268273472
tile_r019811_c010851,3,92.32154846191406,0.0311218257993459,148.44290161132812,8.70305061340332,0.0010795081034302
tile_r019811_c010851,3,0.0,0.0,84.20420837402344,42.01261138916016,0.0010684273438528
tile_r019811_c010851,3,112.47810363769533,74.38612365722656,175.95755004882812,148.6938018798828,0.0010416975710541
tile_r019811_c010851,3,408.3903198242188,497.2460021972656,482.4362182617188,512.0,0.0010405604261904
tile_r019811_c011107,3,333.6965637207031,148.50396728515625,386.87445068359375,203.16004943847656,0.8024709820747375
tile_r019811_c011107,3,0.0,426.7977600097656,51.04329681396485,491.74072265625,0.795110285282135
tile_r019811_c011107,3,427.1881713867188,0.3020187318325043,499.842529296875,70.36962890625,0.7801262736320496
tile_r019811_c011107,3,99.1512680053711,304.7983093261719,126.58827209472656,329.31842041015625,0.6747211217880249
tile_r019811_c011107,3,445.2589721679688,99.5832290649414,505.8995666503906,151.9307861328125,0.6520358324050903
tile_r019811_c011107,3,81.85069274902344,348.0206298828125,124.35321044921876,387.7044067382813,0.6232995986938477
tile_r019811_c011107,3,93.94816589355467,175.3685302734375,143.4827117919922,221.7713928222656,0.5937014222145081
tile_r019811_c011107,3,480.84228515625,422.84857177734375,512.0,486.2452697753906,0.5638445615768433
tile_r019811_c011107,3,42.421905517578125,111.53558349609376,76.79609680175781,143.76974487304688,0.5519055724143982
tile_r019811_c011107,3,132.94979858398438,482.566162109375,180.07627868652344,511.9554748535156,0.513878345489502
tile_r019811_c011107,3,0.0,327.55328369140625,22.06500244140625,391.8599243164063,0.5035890340805054
tile_r019811_c011107,3,375.1234130859375,249.2071228027344,415.2491760253906,291.81561279296875,0.4424737691879272
tile_r019811_c011107,3,96.4184112548828,178.08709716796875,141.15199279785156,217.7160186767578,0.351787269115448
tile_r019811_c011107,3,0.1262588500976562,67.32008361816406,31.90926170349121,108.72865295410156,0.3414331376552582
tile_r019811_c011107,3,128.06700134277344,479.213134765625,183.5008850097656,511.8763732910156,0.3180917799472809
tile_r019811_c011107,3,418.3094787597656,178.1815643310547,455.2423706054688,212.9201202392578,0.2689766883850097
tile_r019811_c011107,3,0.0,58.58782958984375,35.805320739746094,110.24246978759766,0.2566548883914947
tile_r019811_c011107,3,475.3982543945313,418.26165771484375,511.3433532714844,491.3487243652344,0.2526457607746124
tile_r019811_c011107,3,427.229248046875,0.6927337646484375,498.0419006347656,69.30501556396484,0.200216993689537
tile_r019811_c011107,3,95.63536834716795,302.177490234375,127.5922393798828,331.0435791015625,0.1984568685293197
tile_r019811_c011107,3,377.7275085449219,251.6828155517578,413.0252380371094,289.4393920898437,0.1850254237651825
tile_r019811_c011107,3,449.9777221679688,103.08782958984376,504.1365661621094,147.51747131347656,0.1767403781414032
tile_r019811_c011107,3,0.0,323.41961669921875,25.64430809020996,394.7184448242188,0.1756576746702194
tile_r019811_c011107,3,83.7430648803711,349.4068603515625,121.78939056396484,384.7964477539063,0.1738497167825698
tile_r019811_c011107,3,0.0,422.729736328125,56.28076171875,496.5892028808594,0.1572684198617935
tile_r019811_c011107,3,420.9249572753906,180.1931915283203,452.6234436035156,210.3263702392578,0.1092672199010849
tile_r019811_c011107,3,0.144418329000473,52.40109252929688,37.146095275878906,114.3716049194336,0.0717172026634216
tile_r019811_c011107,3,0.0,333.65948486328125,16.52439308166504,387.9933166503906,0.0666637569665908
tile_r019811_c011107,3,360.3875122070313,0.165017694234848,432.158447265625,12.46345329284668,0.0648031681776046
tile_r019811_c011107,3,498.9131774902344,255.7423095703125,512.0,311.04400634765625,0.0545071959495544
tile_r019811_c011107,3,353.44610595703125,0.2061691284179687,432.861328125,14.486810684204102,0.0442941896617412
tile_r019811_c011107,3,418.7373046875,178.34671020507812,454.6072387695313,212.1752166748047,0.0379334539175033
tile_r019811_c011107,3,45.33440399169922,114.115234375,74.803955078125,141.40017700195312,0.031608723104
tile_r019811_c011107,3,500.2893981933594,262.69537353515625,512.0,312.5003967285156,0.0282670147716999
tile_r019811_c011107,3,0.0,154.70736694335938,11.654118537902832,212.01040649414065,0.0281281694769859
tile_r019811_c011107,3,92.30592346191406,282.0008239746094,117.88175201416016,305.1330261230469,0.0275776609778404
tile_r019811_c011107,3,368.1369934082031,0.0752746611833572,432.5565490722656,11.19798183441162,0.0258683022111654
tile_r019811_c011107,3,424.2474670410156,47.81977081298828,451.5576171875,73.02824401855469,0.0250931195914745
tile_r019811_c011107,3,503.3909301757813,260.6347045898437,512.0,304.8120422363281,0.0249563548713922
tile_r019811_c011107,3,504.4751586914063,259.54498291015625,512.0,302.0439453125,0.021212164312601
tile_r019811_c011107,3,1.3013213872909546,310.1562805175781,33.33539581298828,406.4742126464844,0.0209164209663867
tile_r019811_c011107,3,0.0462858192622661,332.56744384765625,13.62175750732422,372.12445068359375,0.0209060162305831
tile_r019811_c011107,3,0.0,164.31361389160156,8.03720760345459,211.3475341796875,0.0205879155546426
tile_r019811_c011107,3,336.80145263671875,151.70623779296875,384.0233154296875,200.375732421875,0.0187329389154911
tile_r019811_c011107,3,0.0,346.8504943847656,8.097818374633789,385.9457092285156,0.0147747220471501
tile_r019811_c011107,3,0.1399581879377365,70.74376678466797,31.9173641204834,107.9964828491211,0.0143017368391156
tile_r019811_c011107,3,377.7356872558594,0.0659515410661697,437.9046020507813,9.965890884399414,0.0134813468903303
tile_r019811_c011107,3,0.0840942412614822,75.42610931396484,30.614925384521484,107.42228698730467,0.0130355488508939
tile_r019811_c011107,3,507.0018615722656,256.77105712890625,512.0,297.89501953125,0.0128713911399245
tile_r019811_c011107,3,0.0,317.0850830078125,35.5258903503418,413.9805603027344,0.0125337960198521
tile_r019811_c011107,3,372.4337158203125,0.0,434.0646057128906,6.116016387939453,0.0118672251701354
tile_r019811_c011107,3,0.1196878403425216,57.1606674194336,13.65581226348877,81.84922790527344,0.0111724566668272
tile_r019811_c011107,3,0.0,337.32342529296875,11.871652603149414,386.3248901367188,0.0095160966739058
tile_r019811_c011107,3,0.0457256324589252,352.3750305175781,4.015806674957275,388.41900634765625,0.009277680888772
tile_r019811_c011107,3,0.0,311.5765075683594,27.528076171875,389.9683227539063,0.0088287750259041
tile_r019811_c011107,3,97.998046875,304.819580078125,127.2175750732422,330.8812561035156,0.0085531044751405
tile_r019811_c011107,3,378.60064697265625,0.0,436.5194396972656,5.57945442199707,0.0081197610124945
tile_r019811_c011107,3,356.63287353515625,0.0,421.97076416015625,6.754383087158203,0.0079606091603636
tile_r019811_c011107,3,0.1167791336774826,158.66319274902344,5.619723320007324,202.1616973876953,0.0079221259802579
tile_r019811_c011107,3,502.2300720214844,260.717041015625,512.0,311.8377990722656,0.0073839528486132
tile_r019811_c011107,3,355.3060913085937,0.0,413.9564514160156,7.399785041809082,0.0072130444459617
tile_r019811_c011107,3,0.0,141.99520874023438,14.314496040344238,208.01614379882807,0.0070009403862059
tile_r019811_c011107,3,421.7447204589844,182.27493286132807,451.80322265625,208.6710968017578,0.0068040085025131
tile_r019811_c011107,3,357.86798095703125,0.0,428.35882568359375,6.4474945068359375,0.0066516492515802
tile_r019811_c011107,3,363.12786865234375,0.0,431.7849731445313,6.262881755828857,0.0065998868085443
tile_r019811_c011107,3,0.0978385955095291,160.34774780273438,3.716043949127197,205.5275115966797,0.0065470789559185
tile_r019811_c011107,3,431.9998474121094,0.6852828860282898,497.0511779785156,64.28257751464844,0.0063946163281798
tile_r019811_c011107,3,0.0245729442685842,320.6249389648437,12.933431625366213,361.4215698242188,0.005987474694848
tile_r019811_c011107,3,497.20306396484375,244.1974639892578,512.0,307.9939880371094,0.0059311366640031
tile_r019811_c011107,3,382.3487854003906,0.0,440.0740661621094,4.842275142669678,0.0057653910480439
tile_r019811_c011107,3,471.8313598632813,405.51318359375,512.0,509.867431640625,0.0052874824032187
tile_r019811_c011107,3,505.0421752929688,268.8041381835937,512.0,324.72998046875,0.0052085872739553
tile_r019811_c011107,3,0.0,330.61236572265625,12.87449073791504,379.3058166503906,0.0051611457020044
tile_r019811_c011107,3,0.0,343.4474182128906,13.445895195007324,388.4115295410156,0.0049826903268694
tile_r019811_c011107,3,502.4761352539063,261.87310791015625,512.0,318.9709777832031,0.0049028410576283
tile_r019811_c011107,3,100.51375579833984,306.2633361816406,126.3930206298828,328.65753173828125,0.0044022463262081
tile_r019811_c011107,3,0.0,40.42090606689453,41.16242599487305,116.82331848144533,0.004354331176728
tile_r019811_c011107,3,0.0,170.81515502929688,5.951583862304688,213.4896240234375,0.0041464171372354
tile_r019811_c011107,3,500.6292114257813,267.78125,511.8449096679688,320.7177429199219,0.0040756328962743
tile_r019811_c011107,3,0.1500244140625,56.86202239990234,12.192832946777344,84.84996032714844,0.0038707237690687
tile_r019811_c011107,3,0.0969886779785156,153.0077667236328,7.057154178619385,198.1493225097656,0.0036292057484388
tile_r019811_c011107,3,505.1040954589844,394.4308166503906,512.0,432.0929260253906,0.0036169053055346
tile_r019811_c011107,3,348.45831298828125,0.0,443.9412536621094,25.88250160217285,0.0034792602527886
tile_r019811_c011107,3,0.0414978042244911,161.1441650390625,2.471489429473877,210.02294921875,0.0034688406158238
tile_r019811_c011107,3,486.2152404785156,246.1764678955078,512.0,321.4427490234375,0.003460026346147
tile_r019811_c011107,3,0.0969175323843956,412.8180236816406,9.271462440490724,442.4363403320313,0.0032929214648902
tile_r019811_c011107,3,487.7427673339844,252.85366821289065,511.666015625,325.17266845703125,0.0032217262778431
tile_r019811_c011107,3,508.92474365234375,252.1427459716797,511.99945068359375,291.39862060546875,0.0031324869487434
tile_r019811_c011107,3,493.1319274902344,494.66259765625,512.0,512.0,0.0030967909842729
tile_r019811_c011107,3,88.1170425415039,280.8939819335937,120.60646057128906,311.1576843261719,0.003017725655809
tile_r019811_c011107,3,0.0,41.82364654541016,45.25527572631836,134.9420928955078,0.0028469068929553
tile_r019811_c011107,3,507.80615234375,390.9754333496094,512.0,426.61328125,0.0028421015013009
tile_r019811_c011107,3,387.2851257324219,0.0413055419921875,443.4782104492188,4.538329124450684,0.002811430953443
tile_r019811_c011107,3,342.5139465332031,0.0302886962890625,428.4891052246094,18.206867218017575,0.0027116409037262
tile_r019811_c011107,3,0.0,329.44732666015625,13.677253723144531,384.5748596191406,0.0026529724709689
tile_r019811_c011107,3,504.1573791503906,396.1262512207031,512.0,439.4113159179688,0.0026334193535149
tile_r019811_c011107,3,0.0,294.27197265625,24.258834838867188,373.30072021484375,0.0026048249565064
tile_r019811_c011107,3,505.29541015625,278.5777893066406,512.0,330.21337890625,0.0023625888861715
tile_r019811_c011107,3,494.22406005859375,423.0049743652344,512.0,474.3658752441406,0.002361248480156
tile_r019811_c011107,3,0.1252817213535308,417.1251831054688,7.641172885894775,444.1325073242188,0.0023088457528501
tile_r019811_c011107,3,0.3708740174770355,155.6911163330078,21.97939682006836,216.4856414794922,0.0022997197229415
tile_r019811_c011107,3,0.0,326.6670837402344,25.166690826416016,402.61566162109375,0.0021753315813839
tile_r019811_c011107,3,494.3076171875,384.21490478515625,512.0,448.5535583496094,0.0021669319830834
tile_r019811_c011107,3,352.0447998046875,0.0,404.84033203125,7.84937572479248,0.0021167062222957
tile_r019811_c011107,3,97.69760131835938,306.77313232421875,127.77595520019533,334.2168273925781,0.0021121988538652
tile_r019811_c011107,3,0.0426549911499023,166.75759887695312,2.0724682807922363,215.4639129638672,0.0020605400204658
tile_r019811_c011107,3,0.0813629180192947,414.70159912109375,7.412003993988037,452.8195190429688,0.0020590659696608
tile_r019811_c011107,3,424.0821228027344,43.39442443847656,452.701904296875,73.18519592285156,0.0020428581628948
tile_r019811_c011107,3,505.9197387695313,475.63470458984375,512.0,510.2595825195313,0.0019545783288776
tile_r019811_c011107,3,66.76356506347656,502.1159057617188,122.8351058959961,511.8937072753906,0.0018218845361843
tile_r019811_c011107,3,0.46734619140625,148.38282775878906,21.61333656311035,233.42898559570312,0.0017798616318032
tile_r019811_c011107,3,52.59771728515625,501.3309020996094,117.76417541503906,512.0,0.0016459055477753
tile_r019811_c011107,3,459.0560607910156,410.6808166503906,512.0,512.0,0.0016322815790772
tile_r019811_c011107,3,432.0970153808594,88.03434753417969,512.0,162.07470703125,0.001513956580311
tile_r019811_c011107,3,506.231201171875,400.5644226074219,512.0,449.2091369628906,0.0014208041829988
tile_r019811_c011107,3,503.48773193359375,284.33404541015625,512.0,337.6215209960937,0.0013798223808407
tile_r019811_c011107,3,0.4212417602539062,57.546836853027344,17.913625717163086,81.02577209472656,0.0013432665728032
tile_r019811_c011107,3,507.8587341308594,104.91957092285156,511.98968505859375,140.28736877441406,0.0013368858490139
tile_r019811_c011107,3,0.0,353.1566162109375,2.824223756790161,394.6841125488281,0.0013089273124933
tile_r019811_c011107,3,60.48501586914063,507.40911865234375,109.0825653076172,512.0,0.0012851475039497
tile_r019811_c011107,3,0.0579301826655864,174.11912536621094,2.69228744506836,221.5137176513672,0.001269964268431
tile_r019811_c011107,3,0.0736240372061729,145.4095001220703,6.805896759033203,192.56765747070312,0.0012201116187497
tile_r019811_c011107,3,506.1224060058594,307.59747314453125,512.0,353.90924072265625,0.0011806407710537
tile_r019811_c011107,3,0.237751767039299,327.48358154296875,21.857398986816406,391.4217834472656,0.0011790919816121
tile_r019811_c011107,3,0.5270851254463196,330.6962585449219,17.593334197998047,365.7110900878906,0.0011784986127167
tile_r019811_c011107,3,0.0,348.9033508300781,16.664539337158203,398.59478759765625,0.0011693208944052
tile_r019811_c011107,3,501.5308227539063,422.0493774414063,511.93988037109375,464.8994140625,0.001147205941379
tile_r019811_c011107,3,502.0044860839844,497.017578125,512.0,512.0,0.0011352796573191
tile_r019811_c011107,3,0.0,75.5244369506836,30.34363174438477,104.39393615722656,0.0011268029920756
tile_r019811_c011107,3,395.1250305175781,0.0742771178483963,448.7847595214844,4.4133148193359375,0.0011176281841471
tile_r019811_c011107,3,507.4342346191406,489.5589294433594,512.0,511.82415771484375,0.0011155699612572
tile_r019811_c011107,3,0.0,128.6063232421875,15.258481979370115,197.1210479736328,0.0011124907759949
tile_r019811_c011107,3,0.2258117645978927,157.9996337890625,10.62059497833252,214.484130859375,0.001072043320164
tile_r019811_c011107,3,499.8153381347656,278.107177734375,511.8509826660156,336.3404846191406,0.0010449353139847
tile_r019811_c011107,3,507.0982360839844,297.7630920410156,512.0,348.80401611328125,0.0010443222709
tile_r019811_c011107,3,485.4055786132813,396.5479431152344,512.0,464.2741088867188,0.0010232398053631
tile_r019811_c011107,3,502.9747619628906,466.3450317382813,512.0,505.832275390625,0.0010170227615162
tile_r019811_c011363,3,219.69644165039065,421.8855590820313,287.1687927246094,488.212158203125,0.8590909242630005
tile_r019811_c011363,3,74.65507507324219,145.63351440429688,133.676025390625,206.1454315185547,0.834909200668335
tile_r019811_c011363,3,446.2522888183594,0.7181243896484375,492.8489685058594,44.51313400268555,0.8294355273246765
tile_r019811_c011363,3,243.3227996826172,254.2872009277344,312.8690490722656,321.25311279296875,0.7573533654212952
tile_r019811_c011363,3,188.07872009277344,96.77840423583984,252.48123168945312,154.1884307861328,0.7352724671363831
tile_r019811_c011363,3,169.45547485351562,0.0,244.6880645751953,72.5959243774414,0.717914342880249
tile_r019811_c011363,3,117.10676574707033,247.0522918701172,161.37884521484375,293.3726501464844,0.5692762136459351
tile_r019811_c011363,3,169.43089294433594,0.0,243.45504760742188,72.43199920654297,0.4411965310573578
tile_r019811_c011363,3,162.2177734375,177.44207763671875,200.2030334472656,213.25363159179688,0.2434045225381851
tile_r019811_c011363,3,286.2936706542969,238.86233520507807,328.2655334472656,279.8289489746094,0.2161525189876556
tile_r019811_c011363,3,489.7909240722656,299.8779602050781,512.0,367.8945007324219,0.2010350674390792
tile_r019811_c011363,3,192.6931304931641,100.57469177246094,250.18527221679688,150.06163024902344,0.1600183546543121
tile_r019811_c011363,3,164.8633575439453,179.53469848632812,197.28424072265625,210.5784912109375,0.1090805232524871
tile_r019811_c011363,3,488.2156677246094,290.0979919433594,512.0,365.2521362304688,0.1087690219283104
tile_r019811_c011363,3,120.22208404541016,249.8785400390625,158.4907989501953,290.6604919433594,0.1020251289010047
tile_r019811_c011363,3,162.53750610351562,177.58444213867188,199.4457550048828,212.7061462402344,0.0768027976155281
tile_r019811_c011363,3,103.85707092285156,0.1642517149448394,176.44308471679688,12.564766883850098,0.0685084909200668
tile_r019811_c011363,3,492.7177734375,308.2025146484375,512.0,365.1743469238281,0.0571936555206775
tile_r019811_c011363,3,167.93820190429688,46.6336555480957,197.1353454589844,74.1375961303711,0.057065725326538
tile_r019811_c011363,3,283.4765319824219,236.25747680664065,330.66290283203125,282.0533447265625,0.0536058135330677
tile_r019811_c011363,3,481.94439697265625,287.9423828125,510.8438415527344,375.88958740234375,0.0520965903997421
tile_r019811_c011363,3,96.64405822753906,0.2006240785121917,177.30825805664062,14.715211868286133,0.048125434666872
tile_r019811_c011363,3,496.5789489746094,318.0701904296875,512.0,364.40380859375,0.0464241914451122
tile_r019811_c011363,3,492.8841247558594,0.0,511.9715881347656,35.680049896240234,0.0388968661427497
tile_r019811_c011363,3,495.96142578125,326.9335327148437,512.0,363.9646606445313,0.0319622792303562
tile_r019811_c011363,3,111.7847900390625,0.0751739516854286,176.7411651611328,11.288485527038574,0.0259113479405641
tile_r019811_c011363,3,221.31005859375,423.8250122070313,285.4539489746094,486.83306884765625,0.0230868496000766
tile_r019811_c011363,3,286.194580078125,500.1065979003906,348.815673828125,512.0,0.0218423716723918
tile_r019811_c011363,3,502.65625,0.0,512.0,14.239816665649414,0.0217686649411916
tile_r019811_c011363,3,121.1800765991211,0.0701110810041427,182.3480224609375,10.04794979095459,0.0144277010113
tile_r019811_c011363,3,493.9845581054688,319.5346069335937,511.813232421875,363.4404296875,0.014381431043148
tile_r019811_c011363,3,501.29498291015625,297.7705993652344,512.0,352.5709533691406,0.0127058466896414
tile_r019811_c011363,3,116.13270568847656,0.0,178.4766082763672,6.213648796081543,0.0123352818191051
tile_r019811_c011363,3,478.8719787597656,277.6266174316406,511.6536254882813,377.1432495117188,0.0116984779015183
tile_r019811_c011363,3,285.3373413085937,239.3240203857422,328.4066467285156,280.860595703125,0.0108610736206173
tile_r019811_c011363,3,498.278076171875,71.39997863769531,512.0,138.53067016601562,0.010617971420288
tile_r019811_c011363,3,503.50537109375,292.8212280273437,512.0,345.51934814453125,0.0104486551135778
tile_r019811_c011363,3,287.7030944824219,504.9386596679688,340.6609191894531,512.0,0.0102999750524759
tile_r019811_c011363,3,297.3952331542969,501.57373046875,356.27813720703125,512.0,0.0101151932030916
tile_r019811_c011363,3,497.93017578125,309.2704772949219,512.0,364.05120849609375,0.0100426506251096
tile_r019811_c011363,3,499.8336486816406,302.59783935546875,512.0,360.0486755371094,0.0090202707797288
tile_r019811_c011363,3,122.22686767578124,0.0,181.06576538085935,5.651849746704102,0.0085530932992696
tile_r019811_c011363,3,477.45709228515625,0.0,512.0,13.357150077819824,0.0082842651754617
tile_r019811_c011363,3,334.8695373535156,501.1061401367188,400.4519958496094,512.0,0.0081257382407784
tile_r019811_c011363,3,295.2585754394531,505.5877990722656,344.49102783203125,512.0,0.0079921940341591
tile_r019811_c011363,3,100.20568084716795,0.0,166.37083435058594,6.890780448913574,0.0078119002282619
tile_r019811_c011363,3,497.3636779785156,63.38296508789063,512.0,127.8233413696289,0.0077804327011108
tile_r019811_c011363,3,106.84415435791016,0.0,176.1277618408203,6.391730785369873,0.0070558632723987
tile_r019811_c011363,3,261.93170166015625,189.75457763671875,297.0941772460937,227.68893432617188,0.0068904859945178
tile_r019811_c011363,3,101.51558685302734,0.0,172.82144165039062,6.583929538726807,0.006786267273128
tile_r019811_c011363,3,98.8178482055664,0.0,158.31948852539062,7.521406650543213,0.0067789815366268
tile_r019811_c011363,3,164.8715362548828,41.33551025390625,207.21627807617188,76.9478988647461,0.0065808156505227
tile_r019811_c011363,3,125.9327392578125,0.0,184.78756713867188,4.949886798858643,0.0062091462314128
tile_r019811_c011363,3,321.906494140625,500.48834228515625,394.7932434082031,512.0,0.0060414290055632
tile_r019811_c011363,3,289.737060546875,241.44515991210935,325.530029296875,276.7040100097656,0.0058301440440118
tile_r019811_c011363,3,505.675537109375,283.237060546875,512.0,340.197265625,0.0057279076427221
tile_r019811_c011363,3,272.3953857421875,498.2700805664063,345.9793701171875,512.0,0.0057190130464732
tile_r019811_c011363,3,79.00517272949219,149.45751953125,130.11172485351562,202.91433715820312,0.0057154134847223
tile_r019811_c011363,3,506.01470947265625,52.62776565551758,512.0,106.4397201538086,0.005468291696161
tile_r019811_c011363,3,298.64361572265625,506.581298828125,352.4580993652344,512.0,0.0053722830489277
tile_r019811_c011363,3,499.2903442382813,77.30167388916016,512.0,149.78033447265625,0.0052860481664538
tile_r019811_c011363,3,167.58180236816406,42.458106994628906,198.4437713623047,74.70687103271484,0.004926772788167
tile_r019811_c011363,3,477.2824096679688,285.0862121582031,512.0,396.426025390625,0.0046469224616885
tile_r019811_c011363,3,174.8841094970703,0.3998748660087585,241.6038360595703,65.8137435913086,0.0046024057082831
tile_r019811_c011363,3,440.6697692871094,0.0,499.9966430664063,50.59976577758789,0.0045312703587114
tile_r019811_c011363,3,504.8878479003906,56.21929931640625,512.0,113.9231948852539,0.0045092166401445
tile_r019811_c011363,3,165.5116729736328,181.56195068359372,196.3837127685547,208.99365234375,0.0044712806120514
tile_r019811_c011363,3,489.294921875,278.25494384765625,512.0,355.406982421875,0.0044178832322359
tile_r019811_c011363,3,459.3974609375,0.0,511.8086853027344,38.9944953918457,0.0042924508452415
tile_r019811_c011363,3,422.6515502929688,501.4432067871094,486.2589721679688,512.0,0.0042909984476864
tile_r019811_c011363,3,504.2420959472656,75.73102569580078,512.0,137.75067138671875,0.0041529391892254
tile_r019811_c011363,3,410.3048706054688,500.2615661621094,480.31103515625,512.0,0.0039057172834873
tile_r019811_c011363,3,281.5717468261719,504.7085571289063,337.0876770019531,512.0,0.0037041667383164
tile_r019811_c011363,3,504.0880432128906,59.54925537109375,512.0,121.5107192993164,0.003693449543789
tile_r019811_c011363,3,506.228759765625,71.04457092285156,512.0,132.300537109375,0.0036698493640869
tile_r019811_c011363,3,91.7114715576172,0.0,189.9205322265625,26.22858238220215,0.0035796037409454
tile_r019811_c011363,3,304.2704467773437,500.76080322265625,384.6680908203125,511.976806640625,0.0035343037452548
tile_r019811_c011363,3,345.3632202148437,501.48291015625,411.1209411621094,512.0,0.0034271976910531
tile_r019811_c011363,3,300.4361877441406,507.20318603515625,362.3042907714844,511.9833984375,0.0033967688214033
tile_r019811_c011363,3,463.359375,0.0,510.55615234375,9.098237037658691,0.0033584772609174
tile_r019811_c011363,3,85.05038452148438,0.0261199958622455,173.19400024414062,18.8802490234375,0.0033007368911057
tile_r019811_c011363,3,174.7804718017578,85.87252807617188,258.2381896972656,163.40573120117188,0.003275207709521
tile_r019811_c011363,3,130.8685760498047,0.0319118499755859,188.4878387451172,4.664705276489258,0.0032369308173656
tile_r019811_c011363,3,506.5425720214844,64.92594909667969,512.0,127.722900390625,0.0031841709278523
tile_r019811_c011363,3,237.8106689453125,248.7817840576172,318.2914428710937,328.2588195800781,0.0031419787555933
tile_r019811_c011363,3,491.63177490234375,267.04278564453125,512.0,341.3479309082031,0.0029802548233419
tile_r019811_c011363,3,498.8989868164063,84.78448486328125,512.0,163.44676208496094,0.0029289214871823
tile_r019811_c011363,3,445.265625,0.0452556610107421,497.95208740234375,9.212855339050291,0.0027315539773553
tile_r019811_c011363,3,396.1825256347656,499.54833984375,474.9720764160156,512.0,0.0025958155747503
tile_r019811_c011363,3,498.4935607910156,49.00066375732422,512.0,116.2071533203125,0.0025147362612187
tile_r019811_c011363,3,504.7928161621094,275.40777587890625,512.0,334.17364501953125,0.0024370965547859
tile_r019811_c011363,3,328.1291809082031,505.6844177246094,378.6798706054688,512.0,0.0024355493951588
tile_r019811_c011363,3,276.5431823730469,490.6832580566406,360.8462524414063,511.9231567382813,0.0024220438208431
tile_r019811_c011363,3,420.6431579589844,505.44140625,477.4353637695313,512.0,0.0024006047751754
tile_r019811_c011363,3,500.6021118164063,1.684533715248108,512.0,48.03722381591797,0.0023858277127146
tile_r019811_c011363,3,338.734130859375,506.01861572265625,393.2278747558594,512.0,0.0023020938970148
tile_r019811_c011363,3,486.0135192871094,275.78009033203125,512.0,389.7837219238281,0.0021900243591517
tile_r019811_c011363,3,501.6790466308594,3.9482574462890634,511.792236328125,61.54022216796875,0.0021875707898288
tile_r019811_c011363,3,318.5370483398437,506.2051696777344,373.6103820800781,512.0,0.0021653270814567
tile_r019811_c011363,3,507.87640380859375,0.0,512.0,52.61930465698242,0.002164413454011
tile_r019811_c011363,3,95.48812103271484,0.0,149.3441619873047,7.985280036926269,0.0021039685234427
tile_r019811_c011363,3,503.8484497070313,78.98509216308594,512.0,144.87646484375,0.0021000877022743
tile_r019811_c011363,3,446.3727111816406,0.0184953697025775,504.7059020996094,8.108680725097656,0.0020580736454576
tile_r019811_c011363,3,504.7350158691406,0.0,512.0,44.52522659301758,0.0020416404586285
tile_r019811_c011363,3,333.75323486328125,505.7282104492188,386.2615356445313,512.0,0.0020166891627013
tile_r019811_c011363,3,467.25146484375,0.0,511.8301696777344,11.008033752441406,0.0020091678015887
tile_r019811_c011363,3,235.8457794189453,504.4390258789063,277.3911437988281,512.0,0.0019728343468159
tile_r019811_c011363,3,506.8761596679688,263.3585510253906,512.0,312.5963134765625,0.0019636752549558
tile_r019811_c011363,3,450.9312438964844,0.0,509.63470458984375,8.078649520874023,0.001927567529492
tile_r019811_c011363,3,217.84536743164065,419.6549682617188,288.7858581542969,490.8068237304688,0.0019066556124016
tile_r019811_c011363,3,306.9159545898437,507.0215759277344,369.1091918945313,512.0,0.0018580792238935
tile_r019811_c011363,3,506.3006896972656,1.5650237798690796,512.0,60.73120880126953,0.0018259107600897
tile_r019811_c011363,3,484.668701171875,64.70188903808594,511.7896118164063,147.24282836914062,0.0017828097334131
tile_r019811_c011363,3,498.65240478515625,96.91675567626952,511.9217224121094,174.125,0.0017310377443209
tile_r019811_c011363,3,508.2610473632813,46.51763153076172,512.0,98.81207275390624,0.0016783589962869
tile_r019811_c011363,3,234.6188507080078,500.704833984375,301.87860107421875,511.9891662597656,0.0016424466157332
tile_r019811_c011363,3,431.4641723632813,501.6936950683594,497.9066467285156,511.9006958007813,0.0016115383477881
tile_r019811_c011363,3,502.60498046875,90.15247344970705,512.0,161.1406707763672,0.0015165638178586
tile_r019811_c011363,3,498.576416015625,111.58601379394533,511.8487243652344,179.55381774902344,0.0014953491045162
tile_r019811_c011363,3,342.74737548828125,506.6048278808594,397.6844482421875,512.0,0.0014916087966412
tile_r019811_c011363,3,426.0860290527344,506.76214599609375,481.95404052734375,512.0,0.0014882236719131
tile_r019811_c011363,3,502.4618225097656,83.32028198242188,512.0,153.21524047851562,0.0014715776778757
tile_r019811_c011363,3,138.5972900390625,0.0570358261466026,193.8492126464844,4.634535789489746,0.0014084150316193
tile_r019811_c011363,3,166.40328979492188,46.83528518676758,203.76925659179688,78.43563842773438,0.0013998541980981
tile_r019811_c011363,3,507.3312377929688,11.340154647827148,512.0,74.16421508789062,0.0013483486836776
tile_r019811_c011363,3,381.3507690429688,499.5223083496094,468.11810302734375,512.0,0.0013442628551274
tile_r019811_c011363,3,506.89263916015625,5.7330169677734375,512.0,67.92103576660156,0.0013383808545768
tile_r019811_c011363,3,351.735107421875,500.9850463867188,438.6095275878906,511.960205078125,0.0013291401555761
tile_r019811_c011363,3,414.11572265625,504.8824768066406,473.2111206054688,512.0,0.0012869255151599
tile_r019811_c011363,3,440.6224670410156,0.136793702840805,492.433349609375,7.638419151306152,0.0012247319100424
tile_r019811_c011363,3,483.429931640625,295.286865234375,510.91497802734375,372.7610778808594,0.0012015084503218
tile_r019811_c011363,3,507.3065490722656,18.600961685180664,512.0,79.11976623535156,0.0011824325192719
tile_r019811_c011363,3,494.2931518554688,322.23748779296875,511.96783447265625,362.97357177734375,0.0011672693071886
tile_r019811_c011363,3,483.1272583007813,57.4039306640625,512.0,138.41831970214844,0.0011595136020332
tile_r019811_c011363,3,224.7567901611328,499.409912109375,286.1287841796875,512.0,0.0011424082331359
tile_r019811_c011363,3,475.0386657714844,267.2886962890625,512.0,368.1286010742188,0.0011348373955115
tile_r019811_c011363,3,504.3368225097656,272.1556701660156,512.0,326.69073486328125,0.0011205641785636
tile_r019811_c011363,3,275.4457702636719,505.0357055664063,332.94757080078125,512.0,0.0010944684036076
tile_r019811_c011363,3,460.9864196777344,271.658447265625,512.0,381.9002990722656,0.0010505224345251
tile_r019811_c011363,3,497.1691284179688,252.2869110107422,512.0,327.11553955078125,0.0010336762061342
tile_r019811_c011363,3,347.6779479980469,507.3006286621094,403.3825073242188,512.0,0.0010051678400486
tile_r019811_c011619,3,271.9310607910156,63.45708084106445,333.2982482910156,123.40850830078124,0.910815417766571
tile_r019811_c011619,3,191.22164916992188,1.3018646240234375,235.7107391357422,43.34668731689453,0.8185277581214905
tile_r019811_c011619,3,317.1058044433594,483.204833984375,355.31268310546875,512.0,0.7620580196380615
tile_r019811_c011619,3,268.621337890625,482.8871154785156,311.4628295898437,511.9060668945313,0.7483388781547546
tile_r019811_c011619,3,402.1408386230469,0.8024246096611023,455.1407165527344,43.506797790527344,0.6369103193283081
tile_r019811_c011619,3,349.2757873535156,256.79107666015625,415.1871643066406,320.54913330078125,0.6038081645965576
tile_r019811_c011619,3,0.0,429.93115234375,26.20751953125,474.8946838378906,0.5986842513084412
tile_r019811_c011619,3,459.2769470214844,416.73541259765625,511.24017333984375,479.7713928222656,0.5913271903991699
tile_r019811_c011619,3,0.0,426.561279296875,30.762222290039062,479.3143005371094,0.5745301246643066
tile_r019811_c011619,3,272.91259765625,160.81393432617188,330.2953491210937,213.48733520507807,0.5429653525352478
tile_r019811_c011619,3,417.3112182617188,293.6570129394531,451.8324279785156,326.1660461425781,0.5388414859771729
tile_r019811_c011619,3,405.4548034667969,377.3686218261719,471.93170166015625,446.9782104492188,0.5208181142807007
tile_r019811_c011619,3,234.0016326904297,304.71368408203125,298.2245178222656,370.26849365234375,0.4839764535427093
tile_r019811_c011619,3,0.0,256.17138671875,52.973724365234375,318.8843994140625,0.479442834854126
tile_r019811_c011619,3,349.918701171875,258.44244384765625,413.867919921875,319.7328796386719,0.4104655981063843
tile_r019811_c011619,3,477.7513122558594,137.85487365722656,511.5548706054688,191.03680419921875,0.3549672663211822
tile_r019811_c011619,3,398.205810546875,0.908001720905304,458.1846618652344,46.6715087890625,0.3299358785152435
tile_r019811_c011619,3,316.6710510253906,365.2467346191406,348.5264587402344,394.21673583984375,0.3286975622177124
tile_r019811_c011619,3,482.4421997070313,141.41207885742188,512.0,186.5454559326172,0.3093819916248321
tile_r019811_c011619,3,270.1029663085937,156.28085327148438,335.6065368652344,218.3206024169922,0.2971986830234527
tile_r019811_c011619,3,314.7597045898437,363.9637451171875,350.87969970703125,396.2951049804688,0.2427228987216949
tile_r019811_c011619,3,31.97905540466309,240.2658233642578,70.96283721923828,278.14715576171875,0.2242846637964248
tile_r019811_c011619,3,272.7742004394531,489.7427673339844,307.0889892578125,511.5846557617188,0.1786392927169799
tile_r019811_c011619,3,409.4273986816406,379.8728637695313,469.4920349121094,445.0352478027344,0.1143280565738678
tile_r019811_c011619,3,314.65142822265625,481.94818115234375,359.22039794921875,511.9710998535156,0.0707316547632217
tile_r019811_c011619,3,419.38385009765625,295.252685546875,449.1637268066406,323.49859619140625,0.0687778815627098
tile_r019811_c011619,3,463.22503662109375,418.61920166015625,511.9523010253906,477.2416076660156,0.0640794560313224
tile_r019811_c011619,3,0.0,257.2003173828125,54.24429321289063,318.2611999511719,0.046877522021532
tile_r019811_c011619,3,217.4682159423828,0.0503402724862098,278.7311096191406,17.167272567749023,0.0397610366344451
tile_r019811_c011619,3,30.731136322021484,499.7798767089844,92.21003723144533,512.0,0.0363157391548156
tile_r019811_c011619,3,236.50997924804688,308.36492919921875,294.86395263671875,368.78857421875,0.0313699804246425
tile_r019811_c011619,3,29.206806182861328,237.85641479492188,73.32972717285156,280.0976257324219,0.0236093662679195
tile_r019811_c011619,3,417.5972290039063,293.9834899902344,451.0921020507813,325.73199462890625,0.0216470994055271
tile_r019811_c011619,3,484.0012817382813,503.3826599121094,511.986572265625,512.0,0.0212595127522945
tile_r019811_c011619,3,0.1960464417934417,395.509765625,25.7940731048584,469.1064453125,0.0183849222958087
tile_r019811_c011619,3,489.1668090820313,498.6165161132813,512.0,512.0,0.0178839899599552
tile_r019811_c011619,3,0.0,401.3950500488281,39.34409332275391,501.04827880859375,0.017217069864273
tile_r019811_c011619,3,0.0,502.277099609375,12.603361129760742,512.0,0.0163796991109848
tile_r019811_c011619,3,229.7323303222656,0.0667373687028884,282.4483337402344,15.2415189743042,0.0159830208867788
tile_r019811_c011619,3,31.31357955932617,504.46478271484375,84.88433074951172,512.0,0.0159445479512214
tile_r019811_c011619,3,0.0,250.5371856689453,60.96405029296875,328.4722595214844,0.014551973901689
tile_r019811_c011619,3,41.62666702270508,501.3882751464844,98.46538543701172,512.0,0.0142526281997561
tile_r019811_c011619,3,38.7641716003418,505.212890625,88.82420349121094,512.0,0.0119620058685541
tile_r019811_c011619,3,202.5666961669922,0.1497314423322677,279.0126953125,20.56691551208496,0.0119415484368801
tile_r019811_c011619,3,79.68438720703125,500.9649353027344,142.71385192871094,512.0,0.0117585947737097
tile_r019811_c011619,3,0.0,400.1585083007813,6.867396354675293,427.1173400878906,0.0114644411951303
tile_r019811_c011619,3,271.14337158203125,489.73773193359375,303.8928527832031,511.7272033691406,0.0096016265451908
tile_r019811_c011619,3,34.89936828613281,242.4514923095703,68.5382308959961,275.1767578125,0.0092676412314176
tile_r019811_c011619,3,18.18463516235352,497.789794921875,89.98986053466797,512.0,0.0086869345977902
tile_r019811_c011619,3,209.0618133544922,0.0,271.1393127441406,10.75171184539795,0.0085349315777421
tile_r019811_c011619,3,501.24755859375,491.4143981933594,511.922607421875,510.90228271484375,0.0079022655263543
tile_r019811_c011619,3,0.0,494.0484008789063,10.249494552612305,511.963134765625,0.0074076862074434
tile_r019811_c011619,3,66.52469635009766,500.2586975097656,138.0618133544922,512.0,0.0072375764138996
tile_r019811_c011619,3,42.06957244873047,506.2687072753906,96.81282043457033,512.0,0.0068100690841674
tile_r019811_c011619,3,230.54653930664065,0.0,288.033203125,6.474398612976074,0.0067055621184408
tile_r019811_c011619,3,0.0144607545807957,389.40478515625,17.087696075439453,443.9935607910156,0.0066315941512584
tile_r019811_c011619,3,226.0840759277344,0.0,283.4400329589844,9.846176147460938,0.0064608603715896
tile_r019811_c011619,3,504.015869140625,481.7276306152344,512.0,509.3967895507813,0.0063950312323868
tile_r019811_c011619,3,237.1703643798828,0.174966424703598,293.8202514648437,13.388940811157228,0.0062622064724564
tile_r019811_c011619,3,493.0001525878906,499.3566284179688,512.0,511.99810791015625,0.0056987456046044
tile_r019811_c011619,3,496.65826416015625,485.9703674316406,512.0,512.0,0.0054505718871951
tile_r019811_c011619,3,0.0,503.0332946777344,20.411006927490234,512.0,0.0053893043659627
tile_r019811_c011619,3,220.1216583251953,0.0,279.037353515625,11.120095252990724,0.0053695417009294
tile_r019811_c011619,3,468.1087951660156,504.8209533691406,512.0,512.0,0.0050201565027236
tile_r019811_c011619,3,22.30291175842285,490.4256896972656,102.81009674072266,511.8226013183594,0.0048815268091857
tile_r019811_c011619,3,31.164220809936523,240.8920440673828,71.00443267822266,278.1923217773437,0.0048698685131967
tile_r019811_c011619,3,206.3700256347656,0.0,264.3269958496094,9.226916313171388,0.0048461407423019
tile_r019811_c011619,3,25.254003524780277,504.1407775878906,81.16796112060547,512.0,0.0046931440010666
tile_r019811_c011619,3,0.0,253.81393432617188,59.34062576293945,323.94549560546875,0.0046139894984662
tile_r019811_c011619,3,43.9233627319336,506.9391479492188,106.66497802734376,511.9833984375,0.004578810185194
tile_r019811_c011619,3,48.19590377807617,500.5240173339844,128.0099334716797,511.964599609375,0.0045676939189434
tile_r019811_c011619,3,90.71018981933594,501.442626953125,149.64158630371094,511.9835510253906,0.0044784732162952
tile_r019811_c011619,3,0.0,99.94709777832033,8.281675338745117,148.09658813476562,0.0042769899591803
tile_r019811_c011619,3,0.0,90.05107879638672,11.773653984069824,147.24269104003906,0.004272143356502
tile_r019811_c011619,3,0.0,401.0212707519531,4.606157779693604,432.19189453125,0.0040324893780052
tile_r019811_c011619,3,0.0,495.42669677734375,35.1135368347168,512.0,0.0039485897868871
tile_r019811_c011619,3,236.59963989257807,0.0,291.9559326171875,4.610169887542725,0.0039452644996345
tile_r019811_c011619,3,212.6376037597656,0.0,275.60260009765625,11.569401741027832,0.0039352988824248
tile_r019811_c011619,3,2.323477268218994,190.78445434570312,36.42275238037109,226.00064086914065,0.0038897050544619
tile_r019811_c011619,3,506.5830993652344,474.8209838867188,512.0,505.7610778808594,0.0038156157825142
tile_r019811_c011619,3,0.1173364669084549,89.15217590332031,4.106401920318604,136.12857055664062,0.0037996990140527
tile_r019811_c011619,3,0.0912975296378135,91.7445297241211,2.9009346961975098,143.05775451660156,0.0033490685746073
tile_r019811_c011619,3,72.01658630371094,505.29241943359375,122.42765045166016,512.0,0.0032629426568746
tile_r019811_c011619,3,82.68058776855469,505.6077270507813,137.2501220703125,512.0,0.0032203758601099
tile_r019811_c011619,3,0.0,397.9768676757813,5.671634197235107,442.60791015625,0.0031648399308323
tile_r019811_c011619,3,155.14627075195312,500.71673583984375,221.7725067138672,512.0,0.0030844721477478
tile_r019811_c011619,3,0.0497386939823627,391.8606872558594,8.227477073669434,425.3688049316406,0.0030285837128758
tile_r019811_c011619,3,186.1229553222656,0.0,242.84765625,49.49528121948242,0.0029569256585091
tile_r019811_c011619,3,62.43614959716797,505.8702087402344,117.64549255371094,512.0,0.002935740398243
tile_r019811_c011619,3,50.63861083984375,506.7267150878906,113.34981536865234,512.0,0.0028209167066961
tile_r019811_c011619,3,505.9899291992188,185.9686584472656,512.0,229.1642303466797,0.002674356335774
tile_r019811_c011619,3,243.1908416748047,0.205575555562973,313.4828186035156,12.096717834472656,0.0026686647906899
tile_r019811_c011619,3,77.5799789428711,505.2933044433594,130.1515350341797,512.0,0.0026634777896106
tile_r019811_c011619,3,474.6368713378906,498.9889221191406,512.0,511.95208740234375,0.002625162480399
tile_r019811_c011619,3,267.36785888671875,58.7054443359375,338.2164306640625,128.50265502929688,0.0025571475271135
tile_r019811_c011619,3,241.91635131835935,0.0,297.7872314453125,3.7100167274475098,0.0024804237764328
tile_r019811_c011619,3,166.74221801757812,501.9061584472656,228.205322265625,512.0,0.0024619528558105
tile_r019811_c011619,3,189.81536865234372,0.0408403389155864,241.1982421875,8.820696830749512,0.0024210198316723
tile_r019811_c011619,3,166.57916259765625,505.971923828125,218.17233276367188,512.0,0.0023523946292698
tile_r019811_c011619,3,0.0,403.0872192382813,37.84162139892578,487.6259765625,0.0023355893790721
tile_r019811_c011619,3,345.12322998046875,253.29635620117188,417.98193359375,324.4880676269531,0.0022940069902688
tile_r019811_c011619,3,317.61883544921875,366.4542541503906,347.15631103515625,392.4233703613281,0.0022826923523098
tile_r019811_c011619,3,141.4117889404297,500.0226440429688,216.06851196289065,512.0,0.0022641045507043
tile_r019811_c011619,3,501.57470703125,365.0805969238281,511.82562255859375,422.6692810058594,0.002234848216176
tile_r019811_c011619,3,232.0718536376953,301.2669372558594,300.6077575683594,375.0603637695313,0.0021970251109451
tile_r019811_c011619,3,87.04536437988281,506.3070373535156,141.22108459472656,512.0,0.0021457248367369
tile_r019811_c011619,3,195.22543334960935,0.0,257.03961181640625,8.568763732910156,0.0020969682373106
tile_r019811_c011619,3,2.728390455245972,389.83929443359375,39.07171630859375,493.2203674316406,0.0019874307326972
tile_r019811_c011619,3,318.63873291015625,486.0130310058594,351.45709228515625,511.7314453125,0.0019473956199362
tile_r019811_c011619,3,191.9608459472656,0.662689208984375,283.9324645996094,43.29854583740234,0.0019134551985189
tile_r019811_c011619,3,457.43701171875,506.73779296875,512.0,512.0,0.0018767489818856
tile_r019811_c011619,3,0.0,7.501986503601074,16.3089599609375,81.69559478759766,0.0018486538901925
tile_r019811_c011619,3,419.45794677734375,296.5793151855469,448.6538696289063,323.60601806640625,0.0018428715411573
tile_r019811_c011619,3,337.3178100585937,0.1010574325919151,391.0818481445313,11.150654792785645,0.0017777880420908
tile_r019811_c011619,3,508.3363342285156,463.9580078125,512.0,502.006103515625,0.0017777035245671
tile_r019811_c011619,3,500.6944274902344,353.95526123046875,511.9254760742188,414.9474487304688,0.001730661955662
tile_r019811_c011619,3,92.3510971069336,507.15521240234375,146.4346923828125,512.0,0.0016440980834886
tile_r019811_c011619,3,460.6720275878906,126.9720687866211,512.0,202.75669860839844,0.001637497683987
tile_r019811_c011619,3,506.8131713867188,179.50149536132812,512.0,224.0731658935547,0.001583520672284
tile_r019811_c011619,3,411.46136474609375,501.6618041992188,484.5528259277344,512.0,0.0015515855047851
tile_r019811_c011619,3,247.87014770507807,0.0008888244628906,306.2098083496094,3.104045152664185,0.0015358757227659
tile_r019811_c011619,3,190.2352600097656,0.0,249.78445434570312,7.928300380706787,0.0015093488618731
tile_r019811_c011619,3,96.72675323486328,500.96868896484375,177.5076446533203,511.8955993652344,0.0015037682605907
tile_r019811_c011619,3,504.563720703125,188.40675354003903,512.0,235.1695098876953,0.0014918338274583
tile_r019811_c011619,3,216.16439819335935,0.0,304.2886047363281,30.020488739013672,0.0014748267130926
tile_r019811_c011619,3,479.4207153320313,148.13088989257812,510.6058654785156,195.7955017089844,0.0014213955728337
tile_r019811_c011619,3,9.411590576171877,486.9361267089844,97.80442810058594,511.6065368652344,0.0013997661881148
tile_r019811_c011619,3,498.1697387695313,179.4875946044922,512.0,237.5611114501953,0.0013698765542358
tile_r019811_c011619,3,0.0,68.14088439941406,14.03460693359375,145.16433715820312,0.0013582995161414
tile_r019811_c011619,3,399.0732727050781,500.822265625,472.9361267089844,512.0,0.0013562119565904
tile_r019811_c011619,3,0.0321685783565044,18.463109970092773,12.919123649597168,83.35072326660156,0.0013538566417992
tile_r019811_c011619,3,505.8316040039063,361.82952880859375,512.0,407.0807495117188,0.0013298467965796
tile_r019811_c011619,3,160.0830078125,505.2151489257813,214.4187469482422,512.0,0.0013169553130865
tile_r019811_c011619,3,348.46142578125,0.0494247451424598,404.5519104003906,11.653961181640623,0.001301352167502
tile_r019811_c011619,3,3.8837890625,496.892333984375,85.12472534179688,512.0,0.001276126364246
tile_r019811_c011619,3,0.0787206664681434,92.32829284667967,3.7734997272491455,149.79612731933594,0.0012617126340046
tile_r019811_c011619,3,19.40802001953125,504.4534301757813,76.66739654541016,512.0,0.0012316340580582
tile_r019811_c011619,3,486.9383850097656,159.8299560546875,512.0,217.2415771484375,0.0012140452163293
tile_r019811_c011619,3,126.0858154296875,499.8655395507813,209.30642700195312,512.0,0.0011734175495803
tile_r019811_c011619,3,253.5601043701172,0.1406890898942947,327.8049621582031,10.743263244628906,0.0011691744439303
tile_r019811_c011619,3,0.0592571273446083,81.43144226074219,6.077274799346924,132.3917236328125,0.001167646376416
tile_r019811_c011619,3,185.51742553710935,0.1348846405744552,234.97152709960935,7.288874626159668,0.0011573210358619
tile_r019811_c011619,3,0.0218582153320312,497.2119140625,66.19380187988281,511.9857482910156,0.0011512449709698
tile_r019811_c011619,3,1.4149261713027954,186.97708129882807,39.32932662963867,227.4451904296875,0.0011363052763044
tile_r019811_c011619,3,324.3729858398437,505.4651489257813,369.8685607910156,511.9791564941406,0.0010841329349204
tile_r019811_c011619,3,105.5964813232422,500.3101196289063,197.4486389160156,512.0,0.0010822393232956
tile_r019811_c011619,3,0.0,461.8654174804688,68.6950912475586,512.0,0.0010790305677801
tile_r019811_c011619,3,171.58750915527344,507.46533203125,222.83071899414065,512.0,0.0010601454414427
tile_r019811_c011619,3,32.23683547973633,491.24554443359375,110.24851989746094,511.89459228515625,0.0010427376255393
tile_r019811_c011619,3,415.3190002441406,291.73492431640625,453.99853515625,328.6284484863281,0.0010359273292124
tile_r019811_c011619,3,476.4415588378906,483.0797424316406,512.0,512.0,0.0010358986910432
tile_r019811_c011619,3,423.66357421875,501.7461853027344,496.76470947265625,512.0,0.0010158495279029
tile_r019811_c011619,3,465.9729919433594,121.1597900390625,511.6228637695313,218.0402069091797,0.0010080549400299
tile_r019811_c011619,3,502.5665588378906,376.3123474121094,511.90338134765625,436.2613220214844,0.0010033757425844
tile_r020067_c010083,3,86.13029479980469,13.457769393920898,153.5405731201172,78.03558349609375,0.872666597366333
tile_r020067_c010083,3,0.0,170.54666137695312,55.59234619140625,230.0073699951172,0.8284066319465637
tile_r020067_c010083,3,153.10398864746094,118.6583480834961,196.6140594482422,161.67068481445312,0.825706958770752
tile_r020067_c010083,3,0.0,101.1882781982422,29.17653465270996,151.51364135742188,0.676307737827301
tile_r020067_c010083,3,26.40192222595215,290.90869140625,112.44715881347656,381.8441467285156,0.636690616607666
tile_r020067_c010083,3,468.78717041015625,210.166748046875,511.4007263183594,256.8992614746094,0.6321864128112793
tile_r020067_c010083,3,432.086669921875,42.51208114624024,500.2300415039063,108.75129699707033,0.5796671509742737
tile_r020067_c010083,3,245.6364288330078,420.6346740722656,313.1236877441406,483.6526489257813,0.4896369874477386
tile_r020067_c010083,3,177.420166015625,334.42547607421875,245.41244506835935,401.655517578125,0.4760436117649078
tile_r020067_c010083,3,180.56187438964844,337.26055908203125,242.9862823486328,398.9401245117188,0.4446730613708496
tile_r020067_c010083,3,27.255687713623047,430.9076232910156,113.9629135131836,512.0,0.3499395847320556
tile_r020067_c010083,3,424.3057556152344,153.0341796875,469.1284790039063,203.5101776123047,0.3461278080940246
tile_r020067_c010083,3,247.73971557617188,423.9390563964844,310.76324462890625,482.1550903320313,0.2540288865566253
tile_r020067_c010083,3,42.130165100097656,92.4472198486328,69.55009460449219,118.59197998046876,0.2241953015327453
tile_r020067_c010083,3,0.0,305.1581420898437,23.62564468383789,353.06011962890625,0.1957476586103439
tile_r020067_c010083,3,28.712215423583984,295.84356689453125,109.3718719482422,378.1940307617188,0.1558956801891327
tile_r020067_c010083,3,0.0,12.431735038757324,16.620067596435547,79.75272369384766,0.1540901809930801
tile_r020067_c010083,3,0.0,19.704803466796875,11.935686111450195,77.1216049194336,0.1520458608865738
tile_r020067_c010083,3,434.996337890625,46.42769241333008,497.617431640625,105.0009536743164,0.1434638947248459
tile_r020067_c010083,3,51.76996612548828,243.9774627685547,80.90982818603516,270.4107360839844,0.1396755278110504
tile_r020067_c010083,3,49.47360229492188,241.9847869873047,83.3742446899414,272.4760437011719,0.1331198960542678
tile_r020067_c010083,3,0.0,354.09722900390625,13.65388298034668,392.6561279296875,0.1072577461600303
tile_r020067_c010083,3,0.0,297.4489440917969,29.269023895263672,360.4695434570313,0.0679468214511871
tile_r020067_c010083,3,40.313262939453125,89.98594665527344,72.99406433105469,120.46662902832033,0.0594335161149501
tile_r020067_c010083,3,33.34610366821289,437.2486267089844,107.16414642333984,506.417724609375,0.0514214895665645
tile_r020067_c010083,3,0.0,332.8561096191406,21.048494338989254,398.11273193359375,0.048329908400774
tile_r020067_c010083,3,38.62581253051758,88.25091552734375,75.0280990600586,121.2563018798828,0.0466398447751998
tile_r020067_c010083,3,414.5166931152344,0.1519714295864105,482.30279541015625,13.377508163452148,0.045342568308115
tile_r020067_c010083,3,497.28656005859375,2.3628478050231934,512.0,56.92738723754883,0.0399458333849906
tile_r020067_c010083,3,0.0,91.26675415039062,34.60234451293945,159.92068481445312,0.0377070792019367
tile_r020067_c010083,3,499.31927490234375,6.793601989746094,511.8543395996094,58.93741989135742,0.0354844070971012
tile_r020067_c010083,3,0.0,292.2994384765625,33.493316650390625,401.1530456542969,0.0265649296343326
tile_r020067_c010083,3,421.9329223632813,0.1569595336914062,488.194580078125,11.895204544067385,0.0262865033000707
tile_r020067_c010083,3,415.6407775878906,0.0,473.1328125,7.210707187652588,0.024903891608119
tile_r020067_c010083,3,50.8587646484375,243.57229614257807,82.4166488647461,272.3713073730469,0.0248282402753829
tile_r020067_c010083,3,0.0,165.42491149902344,61.0417366027832,237.6123046875,0.0233242623507976
tile_r020067_c010083,3,0.0118495943024754,349.9967956542969,11.718286514282228,388.0472106933594,0.0214606299996376
tile_r020067_c010083,3,413.43255615234375,0.0,466.7811584472656,8.183475494384766,0.0202042981982231
tile_r020067_c010083,3,326.0500183105469,369.3274230957031,364.5255737304688,409.5101623535156,0.0195377077907323
tile_r020067_c010083,3,0.0195920951664447,357.1815185546875,10.88659954071045,388.3756713867188,0.0178488548845052
tile_r020067_c010083,3,501.8761596679688,8.5536470413208,512.0,55.62373733520508,0.0174439642578363
tile_r020067_c010083,3,0.0,2.0712661743164062,23.02827453613281,75.46178436279297,0.0169308893382549
tile_r020067_c010083,3,504.0926818847656,4.6858673095703125,512.0,53.3027572631836,0.0162339732050895
tile_r020067_c010083,3,0.0,317.4649658203125,5.311779022216797,354.70867919921875,0.0161810554563999
tile_r020067_c010083,3,499.260986328125,96.38339233398438,511.96197509765625,161.8815155029297,0.0160841178148984
tile_r020067_c010083,3,418.0227661132813,0.0,480.2747497558594,6.393959045410156,0.0157507937401533
tile_r020067_c010083,3,429.9526977539063,0.095204159617424,496.6744995117188,11.00417423248291,0.0154815316200256
tile_r020067_c010083,3,87.47929382324219,13.50537395477295,153.2078094482422,76.30852508544922,0.0147633077576756
tile_r020067_c010083,3,47.95076751708984,240.75033569335935,85.00284576416016,275.48797607421875,0.0144274625927209
tile_r020067_c010083,3,130.5602569580078,500.16741943359375,197.6708221435547,512.0,0.0139721501618623
tile_r020067_c010083,3,0.0205030441284179,324.9864196777344,7.726815700531006,377.0146484375,0.0137673988938331
tile_r020067_c010083,3,422.7308654785156,0.0,486.2395935058594,5.997049808502197,0.0135508691892027
tile_r020067_c010083,3,0.0103063583374023,325.51593017578125,6.248670101165772,361.7742919921875,0.0135435098782181
tile_r020067_c010083,3,0.0431039817631244,15.91359519958496,7.726353645324707,70.96592712402344,0.0121947303414344
tile_r020067_c010083,3,428.3180236816406,0.0,491.27392578125,5.756121635437012,0.0121625773608684
tile_r020067_c010083,3,142.60586547851562,501.5323791503906,201.4550628662109,512.0,0.0120513029396533
tile_r020067_c010083,3,466.9266662597656,209.350830078125,510.9996948242188,261.4730529785156,0.0119023136794567
tile_r020067_c010083,3,439.0681762695313,0.0,502.039306640625,5.017163276672363,0.0117366164922714
tile_r020067_c010083,3,498.2601013183594,86.54464721679688,511.91021728515625,152.4986572265625,0.0116340573877096
tile_r020067_c010083,3,0.0,27.56142234802246,8.098687171936035,74.57008361816406,0.0113998111337423
tile_r020067_c010083,3,505.6616821289063,0.0,512.0,50.16280364990234,0.0108382813632488
tile_r020067_c010083,3,433.50830078125,0.0,496.7001037597656,5.489741325378418,0.0106611438095569
tile_r020067_c010083,3,0.8638641238212585,2.768402099609375,29.1690731048584,95.5949249267578,0.0105208335444331
tile_r020067_c010083,3,0.0586694702506065,13.62261962890625,8.259634017944336,67.64036560058594,0.010072817094624
tile_r020067_c010083,3,0.0,20.623239517211918,5.765830039978027,71.92386627197266,0.0099457250908017
tile_r020067_c010083,3,501.3197326660156,11.638177871704102,512.0,58.80634689331055,0.0097868284210562
tile_r020067_c010083,3,440.0022888183594,0.1249847412109375,503.8638610839844,9.926287651062012,0.0097359986975789
tile_r020067_c010083,3,404.7301330566406,0.185211181640625,481.380126953125,15.018064498901367,0.0091859912499785
tile_r020067_c010083,3,0.0,18.474828720092773,22.72903823852539,90.5378646850586,0.0091251069679856
tile_r020067_c010083,3,0.0,313.1097412109375,9.687923431396484,348.48492431640625,0.0090682636946439
tile_r020067_c010083,3,243.2926025390625,417.5144653320313,317.79931640625,488.6324768066406,0.0083085186779499
tile_r020067_c010083,3,0.0174510963261127,12.024744033813477,8.32288932800293,61.593055725097656,0.0082198604941368
tile_r020067_c010083,3,505.9317321777344,86.92876434326172,512.0,140.87844848632812,0.0081438794732093
tile_r020067_c010083,3,31.5102596282959,295.47955322265625,106.49776458740234,375.40869140625,0.0078852707520127
tile_r020067_c010083,3,0.815233588218689,308.8432312011719,23.759750366210938,343.46954345703125,0.007817949168384
tile_r020067_c010083,3,444.9358825683594,0.0,505.5178833007813,4.830493450164795,0.0077087418176233
tile_r020067_c010083,3,490.8214416503906,0.0,512.0,48.66714477539063,0.007597638759762
tile_r020067_c010083,3,0.0,26.597774505615234,3.437365293502808,74.1564712524414,0.0066225915215909
tile_r020067_c010083,3,112.199951171875,0.0208892822265625,160.27926635742188,4.289656639099121,0.0064764525741338
tile_r020067_c010083,3,427.3692932128906,156.6750030517578,465.778564453125,199.6822509765625,0.0062024765647947
tile_r020067_c010083,3,500.2589721679688,14.305071830749512,511.6959533691406,61.835540771484375,0.0061733145266771
tile_r020067_c010083,3,0.0,308.9983825683594,22.91769790649414,396.4171142578125,0.0061163716018199
tile_r020067_c010083,3,0.0,0.0,33.17643356323242,44.73482131958008,0.0060310550034046
tile_r020067_c010083,3,1.48443603515625,283.0848999023437,35.64193344116211,389.071533203125,0.0058671766892075
tile_r020067_c010083,3,506.376953125,235.4446258544922,512.0,278.8988952636719,0.0056235203519463
tile_r020067_c010083,3,408.2893676757813,0.0,460.3662109375,8.699335098266602,0.0056012012064456
tile_r020067_c010083,3,0.0,80.39664459228516,37.81272506713867,155.19113159179688,0.0055430312640964
tile_r020067_c010083,3,480.00341796875,0.0,512.0,52.72745513916016,0.0054802307859063
tile_r020067_c010083,3,505.0035095214844,91.5019989013672,512.0,150.90005493164062,0.0054643978364765
tile_r020067_c010083,3,32.25617218017578,307.4483337402344,100.803466796875,376.704833984375,0.005413812585175
tile_r020067_c010083,3,0.198648065328598,350.8493957519531,17.4487247467041,387.7038879394531,0.005312003660947
tile_r020067_c010083,3,0.0,7.942915439605713,8.12916374206543,54.479713439941406,0.0052484502084553
tile_r020067_c010083,3,114.60554504394533,0.136097714304924,166.19700622558594,10.984061241149902,0.0052400268614292
tile_r020067_c010083,3,505.97509765625,90.90428924560548,512.0,145.49935913085938,0.0051864348351955
tile_r020067_c010083,3,501.6487731933594,13.357309341430664,512.0,65.9609146118164,0.0047666523605585
tile_r020067_c010083,3,506.93597412109375,0.0,512.0,44.14471435546875,0.0045894393697381
tile_r020067_c010083,3,500.1349182128906,103.4560317993164,511.9444274902344,171.5722198486328,0.004567036870867
tile_r020067_c010083,3,0.0,311.3338317871094,15.606203079223633,345.146728515625,0.0045093772932887
tile_r020067_c010083,3,0.0,306.2914428710937,24.40526962280273,351.0705871582031,0.0044279764406383
tile_r020067_c010083,3,116.82533264160156,499.03814697265625,193.5321502685547,512.0,0.0043970034457743
tile_r020067_c010083,3,105.4982681274414,0.0225601196289062,158.3821563720703,4.777341842651367,0.0043679340742528
tile_r020067_c010083,3,132.82968139648438,505.13037109375,190.7401580810547,512.0,0.0043600467033684
tile_r020067_c010083,3,504.4697265625,92.41587829589844,512.0,157.7180938720703,0.0043015237897634
tile_r020067_c010083,3,0.0,329.80975341796875,10.62177848815918,385.9851684570313,0.0041462280787527
tile_r020067_c010083,3,0.0,308.6427307128906,18.298126220703125,352.9958190917969,0.0040257559157907
tile_r020067_c010083,3,138.6756134033203,505.90081787109375,195.31224060058597,512.0,0.0040062936022877
tile_r020067_c010083,3,327.1712951660156,369.1619567871094,364.9046936035156,406.2936401367188,0.0038174560759216
tile_r020067_c010083,3,143.47372436523438,506.3316040039063,199.7043609619141,512.0,0.0037479088641703
tile_r020067_c010083,3,0.7397705316543579,78.09333038330078,38.63987731933594,173.2480010986328,0.0037455791607499
tile_r020067_c010083,3,506.5511169433594,221.9859619140625,512.0,273.9893493652344,0.0037410552613437
tile_r020067_c010083,3,181.8607482910156,499.70513916015625,243.8919982910156,511.978759765625,0.0036604483611881
tile_r020067_c010083,3,329.8734741210937,372.5958862304688,361.2088317871094,405.5255432128906,0.0036480089183896
tile_r020067_c010083,3,0.5156547427177429,311.14849853515625,21.461994171142575,343.37237548828125,0.0036153520923107
tile_r020067_c010083,3,0.0,31.631702423095703,2.566296339035034,79.47447204589844,0.00359399872832
tile_r020067_c010083,3,505.9747924804688,78.49043273925781,512.0,135.58541870117188,0.0035696066915988
tile_r020067_c010083,3,151.1110076904297,501.2723083496094,216.06591796875,511.8885803222656,0.0033124382607638
tile_r020067_c010083,3,102.8675765991211,498.7574768066406,184.9243927001953,512.0,0.0030815792270004
tile_r020067_c010083,3,0.0,0.0891799926757812,41.61780548095703,18.413970947265625,0.0030605448409914
tile_r020067_c010083,3,456.039306640625,0.2963180541992187,512.0,16.48465347290039,0.0029515798669308
tile_r020067_c010083,3,125.79471588134766,504.6255493164063,184.78921508789065,512.0,0.0029176720418035
tile_r020067_c010083,3,504.72021484375,96.51618957519533,512.0,164.59671020507812,0.0028825991321355
tile_r020067_c010083,3,103.28265380859376,0.0,161.1076202392578,11.371652603149414,0.0028782945591956
tile_r020067_c010083,3,0.0,357.01495361328125,8.306617736816406,390.9093933105469,0.0028744463343173
tile_r020067_c010083,3,99.9947509765625,0.0069114686921238,155.0758056640625,4.891035556793213,0.0027805704157799
tile_r020067_c010083,3,0.0,35.36265182495117,8.255228042602539,80.84333801269531,0.0027388585731387
tile_r020067_c010083,3,157.2840576171875,122.0752410888672,192.9703063964844,157.03964233398438,0.0026674780528992
tile_r020067_c010083,3,121.66890716552734,0.2550399899482727,180.1260528564453,11.318719863891602,0.0026663204189389
tile_r020067_c010083,3,452.03955078125,0.0634506195783615,508.0621032714844,4.791940689086914,0.0026447663549333
tile_r020067_c010083,3,159.4292755126953,499.4158325195313,238.5044708251953,511.92181396484375,0.0026401947252452
tile_r020067_c010083,3,462.8792114257813,204.19378662109372,512.0,263.11309814453125,0.00258404831402
tile_r020067_c010083,3,272.22821044921875,500.533203125,329.58697509765625,511.9812622070313,0.0025738188996911
tile_r020067_c010083,3,0.0,136.09242248535156,9.09511375427246,177.19117736816406,0.0024063957389444
tile_r020067_c010083,3,61.7280502319336,0.0681411772966384,134.13992309570312,10.656911849975586,0.0023922557011246
tile_r020067_c010083,3,1.995184302330017,10.406976699829102,30.95798683166504,121.40673828125,0.0023079144302755
tile_r020067_c010083,3,146.6088409423828,506.9497680664063,207.3631134033203,511.9752502441406,0.0022906893864274
tile_r020067_c010083,3,275.76397705078125,505.3862915039063,325.6227722167969,512.0,0.0022628423757851
tile_r020067_c010083,3,504.2776794433594,236.4449005126953,512.0,288.13262939453125,0.0022532029543071
tile_r020067_c010083,3,52.3137092590332,244.0270538330078,80.63784790039062,270.2674560546875,0.0022489565890282
tile_r020067_c010083,3,193.3537139892578,500.7096557617188,251.6428680419922,511.9462890625,0.0022288605105131
tile_r020067_c010083,3,258.312744140625,500.1965942382813,322.42510986328125,512.0,0.0022056126035749
tile_r020067_c010083,3,116.91278076171876,0.0461257919669151,167.1642608642578,4.093128204345703,0.0021942076273262
tile_r020067_c010083,3,0.0,144.4340362548828,4.976014137268066,186.78126525878903,0.0021481008734554
tile_r020067_c010083,3,280.87139892578125,505.8536071777344,334.2401123046875,512.0,0.0021449367050081
tile_r020067_c010083,3,0.111561581492424,332.33258056640625,22.964719772338867,395.8808898925781,0.0021428046748042
tile_r020067_c010083,3,120.6205596923828,490.4353942871094,208.5460968017578,511.9716796875,0.0021333768963813
tile_r020067_c010083,3,117.0863800048828,504.890869140625,179.85147094726562,512.0,0.002112322486937
tile_r020067_c010083,3,507.1530151367188,69.2149887084961,512.0,129.11888122558594,0.0020853222813457
tile_r020067_c010083,3,331.234619140625,374.2571716308594,361.0615234375,402.5323791503906,0.0019308101618662
tile_r020067_c010083,3,0.0,37.346229553222656,3.1951537132263184,87.08734130859375,0.0018854861846193
tile_r020067_c010083,3,308.50201416015625,505.7752380371094,354.75982666015625,511.96820068359375,0.0018570132087916
tile_r020067_c010083,3,472.9850158691406,0.0888040512800216,512.0,7.473126888275146,0.0018537050345912
tile_r020067_c010083,3,0.0079107284545898,144.1517333984375,6.139266014099121,194.51976013183597,0.0018396510276943
tile_r020067_c010083,3,0.806872546672821,337.6781311035156,18.493661880493164,384.80224609375,0.0018275707261636
tile_r020067_c010083,3,0.1447479277849197,17.11920738220215,22.024333953857425,77.77210235595703,0.0017980994889512
tile_r020067_c010083,3,0.0,109.6719741821289,26.02416038513184,155.19520568847656,0.001734155928716
tile_r020067_c010083,3,0.0,89.28733825683594,20.467960357666016,128.0404052734375,0.0017188378842547
tile_r020067_c010083,3,487.33209228515625,0.0,512.0,67.6683578491211,0.0016987110720947
tile_r020067_c010083,3,227.4825439453125,506.5562133789063,284.58367919921875,512.0,0.0016955925384536
tile_r020067_c010083,3,504.2228088378906,16.97323989868164,512.0,74.5964584350586,0.0016830987296998
tile_r020067_c010083,3,476.56842041015625,215.3978576660156,512.0,244.247314453125,0.0016722716391086
tile_r020067_c010083,3,427.6669921875,155.5625762939453,466.4967346191406,196.46609497070312,0.0016686193412169
tile_r020067_c010083,3,505.3294067382813,103.63228607177734,512.0,170.18858337402344,0.0016652349149808
tile_r020067_c010083,3,0.6060516238212585,87.6214828491211,43.20758819580078,191.5709686279297,0.0016569091239944
tile_r020067_c010083,3,92.99129486083984,0.0006557464366778,150.97213745117188,4.681245803833008,0.0016351855592802
tile_r020067_c010083,3,188.213623046875,506.2169799804688,247.12319946289065,512.0,0.0016196989454329
tile_r020067_c010083,3,0.0384756103157997,79.8274154663086,15.902798652648926,116.38101959228516,0.0016129268333315
tile_r020067_c010083,3,504.987548828125,291.5500183105469,512.0,345.89068603515625,0.0015952604589983
tile_r020067_c010083,3,282.2023010253906,500.29095458984375,344.6644897460937,511.9541015625,0.0015800980618223
tile_r020067_c010083,3,498.8777770996094,70.87669372558594,512.0,142.68917846679688,0.001572930952534
tile_r020067_c010083,3,85.98945617675781,0.0,159.64059448242188,11.782315254211426,0.0015502077294513
tile_r020067_c010083,3,301.3074951171875,505.6039123535156,350.7259521484375,512.0,0.0015434355009347
tile_r020067_c010083,3,500.3237915039063,112.0557861328125,511.843017578125,183.6682281494141,0.001476218458265
tile_r020067_c010083,3,109.7311553955078,505.45941162109375,174.71717834472656,512.0,0.001468957401812
tile_r020067_c010083,3,184.6698455810547,504.9034118652344,240.85250854492188,512.0,0.0014487995067611
tile_r020067_c010083,3,0.0,282.8117370605469,34.735877990722656,361.3687438964844,0.0014467424480244
tile_r020067_c010083,3,267.6382141113281,505.299072265625,321.0140991210937,512.0,0.001435195794329
tile_r020067_c010083,3,89.55902099609375,498.809814453125,170.13003540039062,511.98284912109375,0.0014319494366645
tile_r020067_c010083,3,398.9031982421875,0.0,453.9684448242188,7.852984428405762,0.0014317067107185
tile_r020067_c010083,3,0.0,10.893755912780762,23.84308242797852,72.4714126586914,0.0014229137450456
tile_r020067_c010083,3,244.8914031982422,500.016357421875,315.5879211425781,512.0,0.0014064641436561
tile_r020067_c010083,3,0.0,298.1244506835937,26.1919059753418,388.4036865234375,0.0013870998518541
tile_r020067_c010083,3,37.4478645324707,0.0779800415039062,104.7849578857422,10.871878623962402,0.0013869941467419
tile_r020067_c010083,3,18.175745010375977,421.5655822753906,127.29844665527344,510.1266479492188,0.0013700631679967
tile_r020067_c010083,3,296.1622009277344,500.5213317871094,354.40045166015625,511.9275512695313,0.0013464622898027
tile_r020067_c010083,3,0.0,304.93701171875,31.216033935546875,412.9115295410156,0.0013462430797517
tile_r020067_c010083,3,74.43159484863281,0.0348113998770713,149.10714721679688,12.044028282165527,0.0013300608843564
tile_r020067_c010083,3,505.794189453125,0.0,511.9295959472656,33.68634796142578,0.001325303222984
tile_r020067_c010083,3,48.06519317626953,0.0250213630497455,122.4069366455078,10.69602394104004,0.0013234710786491
tile_r020067_c010083,3,0.0,145.03567504882812,7.050651550292969,180.7927398681641,0.0013135944027453
tile_r020067_c010083,3,0.0,313.9446716308594,24.61601829528809,394.25579833984375,0.0013119763461872
tile_r020067_c010083,3,69.85201263427734,0.0,125.3324966430664,4.91002082824707,0.0013109110295772
tile_r020067_c010083,3,504.3805236816406,110.4213409423828,512.0,176.22909545898438,0.0013063647784292
tile_r020067_c010083,3,103.80769348144533,505.80963134765625,167.1775360107422,512.0,0.0012730954913422
tile_r020067_c010083,3,132.6275177001953,491.2454528808594,210.6938934326172,511.9815368652344,0.0012510986998677
tile_r020067_c010083,3,106.25048828125,488.1337890625,203.99954223632807,511.7721557617188,0.0012510123196989
tile_r020067_c010083,3,83.81928253173828,7.719655036926269,157.56190490722656,81.96856689453125,0.0012403995497152
tile_r020067_c010083,3,23.684005737304688,0.0713760405778884,88.12712097167969,10.70065212249756,0.0012333684135228
tile_r020067_c010083,3,0.0,42.759071350097656,27.804386138916016,136.3441619873047,0.0012156791053712
tile_r020067_c010083,3,504.1856384277344,0.2810655534267425,512.0,18.91728973388672,0.0012126102810725
tile_r020067_c010083,3,2.0172119140625,0.1487091034650802,61.463470458984375,12.044673919677734,0.0012003901647403
tile_r020067_c010083,3,98.5418701171875,505.93951416015625,160.4183807373047,512.0,0.0011791705619543
tile_r020067_c010083,3,201.60806274414065,500.32318115234375,274.2406311035156,511.88385009765625,0.001158217084594
tile_r020067_c010083,3,283.6930236816406,506.5128479003906,342.1640014648437,512.0,0.0011307487729936
tile_r020067_c010083,3,506.4110412597656,60.61497116088867,512.0,121.1313018798828,0.0011131395585834
tile_r020067_c010083,3,213.5575714111328,499.56390380859375,294.2579650878906,511.93408203125,0.0011103864526376
tile_r020067_c010083,3,466.8941040039063,210.2611541748047,511.2960510253906,271.7498474121094,0.0010820347815752
tile_r020067_c010083,3,308.4188842773437,500.598876953125,364.1973876953125,511.8810424804688,0.0010490951826795
tile_r020067_c010083,3,0.2157539427280426,28.81398582458496,13.116467475891112,86.99528503417969,0.0010479635093361
tile_r020067_c010083,3,382.3351440429688,0.0727905258536338,472.6980895996094,16.040145874023438,0.0010446237865835
tile_r020067_c010083,3,0.0,0.0,15.342211723327637,10.704633712768556,0.0010404948843643
tile_r020067_c010083,3,10.593701362609863,0.1094970703125,74.63365173339844,10.613836288452148,0.0010403383057564
tile_r020067_c010083,3,83.3687973022461,0.0148370740935206,146.04885864257812,4.451468467712402,0.0010286562610417
tile_r020067_c010083,3,191.28948974609372,0.1340820342302322,261.78009033203125,11.390881538391112,0.0010211018379777
tile_r020067_c010083,3,0.0,287.1166381835937,10.329607963562012,334.5941772460937,0.0010093008168041
tile_r020067_c010083,3,257.1881408691406,505.9365234375,318.1615905761719,512.0,0.001003440702334
