tile,fold,x0,y0,x1,y1,score
tile_r018275_c005987,1,298.02459716796875,406.6460876464844,357.0436096191406,458.8274536132813,0.823472261428833
tile_r018275_c005987,1,35.447349548339844,104.3476791381836,85.29341888427734,149.9258575439453,0.8050852417945862
tile_r018275_c005987,1,110.9924545288086,92.9281005859375,153.92532348632812,134.5255584716797,0.8009691834449768
tile_r018275_c005987,1,256.1104431152344,350.34771728515625,294.65380859375,384.290771484375,0.7938713431358337
tile_r018275_c005987,1,261.1207580566406,189.2472076416016,314.528076171875,241.3280792236328,0.7892217040061951
tile_r018275_c005987,1,131.19100952148438,185.6781311035156,173.59237670898438,230.3288116455078,0.7767229676246643
tile_r018275_c005987,1,360.9774475097656,368.4617614746094,395.2542114257813,403.3370971679688,0.7713273763656616
tile_r018275_c005987,1,367.8755798339844,172.1356658935547,411.5247192382813,207.10086059570312,0.766186535358429
tile_r018275_c005987,1,252.29312133789065,281.7489013671875,308.0021057128906,320.8044738769531,0.7618070840835571
tile_r018275_c005987,1,17.978851318359375,44.04909133911133,58.45221710205078,79.90353393554688,0.7584195137023926
tile_r018275_c005987,1,131.146240234375,-0.9440368413925172,186.81640625,39.60881423950195,0.7534833550453186
tile_r018275_c005987,1,320.59991455078125,98.13710021972656,361.8599548339844,137.48252868652344,0.750175416469574
tile_r018275_c005987,1,90.656982421875,328.4092712402344,128.62808227539062,361.6719665527344,0.7397235035896301
tile_r018275_c005987,1,222.4066162109375,119.8930892944336,260.2774658203125,152.6057891845703,0.7266332507133484
tile_r018275_c005987,1,187.87387084960935,483.0028381347656,232.30795288085935,512.7169189453125,0.7235450744628906
tile_r018275_c005987,1,486.5001831054688,67.39302825927734,513.0519409179688,96.91754150390624,0.5036771297454834
tile_r018275_c005987,1,396.0797424316406,490.9475708007813,440.5606994628906,513.06494140625,0.4565525949001312
tile_r018275_c005987,1,312.66143798828125,35.765533447265625,343.2662048339844,65.56774139404297,0.3406184315681457
tile_r018275_c005987,1,308.2710266113281,34.291160583496094,345.1147766113281,70.6377944946289,0.0909663662314415
tile_r018275_c005987,1,391.9713745117188,485.8306579589844,443.9109497070313,513.5797729492188,0.0567971803247928
tile_r018275_c005987,1,373.1944885253906,175.3566131591797,409.5592346191406,204.5226287841797,0.0386742316186428
tile_r018275_c005987,1,184.92739868164065,476.9790954589844,236.8813934326172,514.1986083984375,0.0277770981192588
tile_r018275_c005987,1,302.1122131347656,32.202186584472656,346.8460388183594,76.5438232421875,0.0257374010980129
tile_r018275_c005987,1,262.5140686035156,286.372314453125,307.5311584472656,318.2618713378906,0.019518107175827
tile_r018275_c005987,1,491.39166259765625,68.97464752197266,511.9959411621094,95.49774169921876,0.0169119648635387
tile_r018275_c005987,1,510.9920959472656,427.2339782714844,524.6583862304688,512.4498901367188,0.014833522029221
tile_r018275_c005987,1,306.49090576171875,411.7869567871094,355.7962341308594,454.3064880371094,0.014503164216876
tile_r018275_c005987,1,87.2690658569336,323.3465270996094,132.6392822265625,364.07037353515625,0.0115439509972929
tile_r018275_c005987,1,20.048046112060547,46.88607025146485,53.95978927612305,76.6958999633789,0.0114951059222221
tile_r018275_c005987,1,263.2930603027344,196.7158203125,309.1880798339844,238.6582946777344,0.0102677345275878
tile_r018275_c005987,1,511.95068359375,449.2576293945313,524.6416015625,514.9777221679688,0.0094460779801011
tile_r018275_c005987,1,186.3589782714844,491.03125,234.9206085205078,513.3781127929688,0.0086794681847095
tile_r018275_c005987,1,511.3192443847656,397.4700317382813,524.6213989257812,499.0733337402344,0.0077331559732556
tile_r018275_c005987,1,107.3871841430664,88.04191589355469,158.35476684570312,139.69540405273438,0.0068126013502478
tile_r018275_c005987,1,218.66928100585935,115.4586944580078,264.688720703125,159.04660034179688,0.0065862950868904
tile_r018275_c005987,1,13.972711563110352,38.109806060791016,61.45012664794922,86.28770446777344,0.0060056280344724
tile_r018275_c005987,1,251.5531311035156,346.857421875,300.09228515625,388.71630859375,0.0057668066583573
tile_r018275_c005987,1,511.4664001464844,334.9986877441406,524.5900268554688,431.9031677246094,0.0052228076383471
tile_r018275_c005987,1,511.3844299316406,311.43951416015625,524.5737915039062,409.532470703125,0.0050858459435403
tile_r018275_c005987,1,511.7665100097656,355.1693725585937,524.6202392578125,457.3214721679688,0.0050118723884224
tile_r018275_c005987,1,366.6340942382813,371.49615478515625,392.75885009765625,400.1450805664063,0.0048388014547526
tile_r018275_c005987,1,224.62814331054688,123.28338623046876,255.6885528564453,149.84683227539062,0.0047376393340528
tile_r018275_c005987,1,416.718994140625,314.41094970703125,450.712646484375,345.70819091796875,0.0038846367970108
tile_r018275_c005987,1,511.6306762695313,280.13134765625,524.6306762695312,386.0074157714844,0.0036797991488128
tile_r018275_c005987,1,485.5301208496094,68.8138198852539,508.32952880859375,93.31062316894533,0.0034968624822795
tile_r018275_c005987,1,418.6781311035156,316.6962280273437,446.7560424804688,343.182861328125,0.0032529442105442
tile_r018275_c005987,1,292.6307678222656,400.0517578125,362.05029296875,469.7396545410156,0.0028008059598505
tile_r018275_c005987,1,133.9373779296875,188.0655670166016,167.7730255126953,226.387939453125,0.0027991507668048
tile_r018275_c005987,1,137.8682861328125,0.8680191040039062,187.8081817626953,26.039539337158203,0.0025886846706271
tile_r018275_c005987,1,511.8946228027344,259.59259033203125,524.61669921875,355.6437072753906,0.0024834824725985
tile_r018275_c005987,1,-12.27715015411377,486.8777465820313,-2.941807508468628,517.3703002929688,0.0024316841736435
tile_r018275_c005987,1,475.9908142089844,54.667137145996094,516.0607299804688,105.6823272705078,0.0024166440125554
tile_r018275_c005987,1,-11.987709999084473,1.419866919517517,-3.081028699874878,45.94805908203125,0.0021596311125904
tile_r018275_c005987,1,-12.1315279006958,4.937609672546387,-2.932791233062744,62.996368408203125,0.0020047456491738
tile_r018275_c005987,1,483.11920166015625,50.38057708740234,520.2413330078125,117.7796630859375,0.0018679073546081
tile_r018275_c005987,1,512.2194213867188,106.1400909423828,524.4754638671875,201.7841796875,0.0018575655994936
tile_r018275_c005987,1,135.62745666503906,0.9084869623184204,181.2627868652344,35.10963439941406,0.001849825377576
tile_r018275_c005987,1,-12.30436897277832,504.1841735839844,1.6546341180801392,524.7498779296875,0.0018214571755379
tile_r018275_c005987,1,512.1846313476562,233.170654296875,524.6236572265625,333.99981689453125,0.0017771645216271
tile_r018275_c005987,1,-11.81230640411377,-12.369196891784668,0.6415084600448608,6.888037204742432,0.0017626648768782
tile_r018275_c005987,1,500.84222412109375,433.8228454589844,522.6644287109375,513.8426513671875,0.0017478873487561
tile_r018275_c005987,1,520.4396362304688,53.954368591308594,524.5822143554688,121.98371887207033,0.0017340884078294
tile_r018275_c005987,1,187.39627075195312,497.7483520507813,229.36032104492188,513.3697509765625,0.0016526120016351
tile_r018275_c005987,1,-12.19679069519043,474.2399291992188,-3.702839612960816,516.01513671875,0.0016108910785987
tile_r018275_c005987,1,512.0222778320312,130.75485229492188,524.5838623046875,225.87673950195312,0.0014989974442869
tile_r018275_c005987,1,512.435302734375,89.73103332519531,524.5347900390625,186.108154296875,0.0014719567261636
tile_r018275_c005987,1,512.5164794921875,482.4819946289063,524.7999877929688,524.7999877929688,0.0014039147645235
tile_r018275_c005987,1,321.17901611328125,37.43196868896485,344.31134033203125,63.74822998046875,0.0013708971673622
tile_r018275_c005987,1,-11.990106582641602,30.794809341430664,-2.875392198562622,94.07041931152344,0.0013633065391331
tile_r018275_c005987,1,513.0186767578125,75.02305603027344,524.5319213867188,169.92568969726562,0.0013573793694376
tile_r018275_c005987,1,269.15997314453125,191.3304443359375,311.78289794921875,233.6114959716797,0.0013166273711249
tile_r018275_c005987,1,-11.968034744262695,46.39787673950195,-3.879251003265381,103.50627136230467,0.0012861393624916
tile_r018275_c005987,1,508.0208129882813,-12.800000190734863,524.7071533203125,7.637669563293457,0.0012618070468306
tile_r018275_c005987,1,117.4724349975586,98.9858856201172,152.4798126220703,131.55044555664062,0.0012473060050979
tile_r018275_c005987,1,-12.463054656982422,260.65643310546875,-4.208920478820801,321.36700439453125,0.0012420812854543
tile_r018275_c005987,1,-12.354986190795898,64.8671646118164,-4.676469326019287,128.86471557617188,0.0012375172227621
tile_r018275_c005987,1,501.18994140625,410.21429443359375,522.8306884765625,499.1526794433594,0.0012125399662181
tile_r018275_c005987,1,512.3185424804688,155.30062866210938,524.5701293945312,250.4015655517578,0.0012119360035285
tile_r018275_c005987,1,-12.117457389831545,56.7909049987793,-4.584277153015137,113.9660873413086,0.0012072002282366
tile_r018275_c005987,1,-12.08214282989502,13.103174209594728,-2.6506896018981934,80.81854248046875,0.0011800549691542
tile_r018275_c005987,1,275.862548828125,439.70220947265625,290.2540588378906,454.00433349609375,0.0011679293820634
tile_r018275_c005987,1,517.4363403320312,428.4588012695313,524.7999877929688,494.3416137695313,0.0011678542941808
tile_r018275_c005987,1,493.9016723632813,45.027320861816406,520.5940551757812,108.1570053100586,0.0011465171119198
tile_r018275_c005987,1,91.7677230834961,331.5387268066406,123.55207824707033,358.6801147460937,0.0011394574539735
tile_r018275_c005987,1,316.6557006835937,92.33088684082033,366.9107055664063,144.31198120117188,0.0011314880102872
tile_r018275_c005987,1,512.4527587890625,201.59945678710935,524.6101684570312,310.81268310546875,0.0011120198760181
tile_r018275_c005987,1,291.5607604980469,27.631591796875,353.7755126953125,95.4921417236328,0.0010926572140306
tile_r018275_c005987,1,512.4984130859375,175.6123046875,524.6023559570312,282.8099670410156,0.0010870564728975
tile_r018275_c005987,1,386.9743347167969,476.0575256347656,449.89208984375,514.8280029296875,0.0010869151446968
tile_r018275_c005987,1,434.8239135742188,515.37890625,490.74462890625,524.43408203125,0.0010858507594093
tile_r018275_c005987,1,-12.590991973876951,269.3177795410156,-4.171057224273682,337.6000366210937,0.0010790105443447
tile_r018275_c005987,1,509.6567993164063,321.8704528808594,524.7999877929688,425.78314208984375,0.0010514014866203
tile_r018275_c005987,1,509.7596740722656,342.6468505859375,524.7999877929688,450.9871215820313,0.0010456442832946
tile_r018275_c005987,1,-12.547372817993164,391.0940551757813,-4.136906623840332,451.8670959472656,0.001042618881911
tile_r018275_c005987,1,13.465490341186523,254.83773803710935,117.85616302490234,364.82269287109375,0.0010320470901206
tile_r018275_c005987,1,509.4287109375,371.6314392089844,524.7999877929688,479.4733276367188,0.0010151945753023
tile_r018275_c005987,1,201.904296875,0.8937957882881165,262.8994140625,12.517568588256836,0.0010091888252645
tile_r018275_c005987,1,-12.358233451843262,454.1746520996094,-3.521868944168091,514.7421264648438,0.0010024762013927
tile_r018275_c006243,1,266.4579162597656,71.89639282226562,320.572265625,123.58056640625,0.8247897028923035
tile_r018275_c006243,1,42.822898864746094,406.6790161132813,100.9695053100586,458.55615234375,0.8179323673248291
tile_r018275_c006243,1,1.2995773553848269,349.3543395996094,39.77511596679688,384.8802795410156,0.7846797108650208
tile_r018275_c006243,1,1.551641821861267,281.285400390625,52.436073303222656,321.7434997558594,0.7762181162834167
tile_r018275_c006243,1,7.513806343078613,189.80764770507807,58.699012756347656,239.38796997070312,0.766360342502594
tile_r018275_c006243,1,105.14111328125,368.4612426757813,139.26943969726562,403.4447326660156,0.7611798644065857
tile_r018275_c006243,1,111.82173919677734,171.98648071289062,155.58717346191406,207.2518615722656,0.7600385546684265
tile_r018275_c006243,1,65.0523452758789,98.434814453125,105.73187255859376,137.306884765625,0.7375693917274475
tile_r018275_c006243,1,310.0728454589844,53.92710113525391,347.11297607421875,87.44730377197266,0.7258752584457397
tile_r018275_c006243,1,411.7229614257813,216.2943572998047,445.4568481445313,248.8987579345703,0.7213876247406006
tile_r018275_c006243,1,398.4281311035156,38.71818923950195,451.5861206054688,79.3299331665039,0.7008019685745239
tile_r018275_c006243,1,442.5994262695313,324.30474853515625,496.2911987304688,366.35791015625,0.6494002342224121
tile_r018275_c006243,1,231.69140625,69.261474609375,259.3046875,96.5458984375,0.4407568573951721
tile_r018275_c006243,1,139.8599395751953,490.78033447265625,184.80227661132807,513.1312866210938,0.4374203979969024
tile_r018275_c006243,1,57.7614631652832,35.95618438720703,87.11991119384766,64.90264129638672,0.2540002763271332
tile_r018275_c006243,1,53.53704833984375,34.623817443847656,89.16212463378906,70.49420166015625,0.083543561398983
tile_r018275_c006243,1,228.6520538330078,65.01823425292969,260.89630126953125,99.15966796875,0.0715200304985046
tile_r018275_c006243,1,443.85009765625,329.3256225585937,489.1534118652344,362.48431396484375,0.0707824155688285
tile_r018275_c006243,1,439.7171020507813,318.3817749023437,500.1975708007813,372.144287109375,0.0574183873832225
tile_r018275_c006243,1,135.71243286132812,485.77642822265625,188.4503631591797,513.6632080078125,0.0526064895093441
tile_r018275_c006243,1,338.8680114746094,0.4367706179618835,369.0213317871094,14.007107734680176,0.0517691150307655
tile_r018275_c006243,1,305.46990966796875,49.492919921875,350.5624389648437,90.48088073730467,0.043142057955265
tile_r018275_c006243,1,117.16218566894533,175.2882843017578,153.58346557617188,204.59487915039065,0.0357641242444515
tile_r018275_c006243,1,46.10723876953125,32.680763244628906,90.5166473388672,77.17283630371094,0.0306475218385458
tile_r018275_c006243,1,312.34033203125,57.646484375,342.43560791015625,84.43305969238281,0.0168011486530303
tile_r018275_c006243,1,403.42523193359375,43.416748046875,454.408447265625,75.30009460449219,0.0136782024055719
tile_r018275_c006243,1,50.85614013671875,411.8063354492188,99.76799011230467,454.2088928222656,0.0134672671556472
tile_r018275_c006243,1,336.51519775390625,0.3941070437431335,373.6324768066406,8.844265937805176,0.0126153482124209
tile_r018275_c006243,1,334.8645935058594,0.264971911907196,371.4888305664063,11.614224433898926,0.0119731184095144
tile_r018275_c006243,1,402.29296875,33.9118537902832,458.4514770507813,82.5934066772461,0.0104851424694061
tile_r018275_c006243,1,9.83409595489502,197.1475524902344,52.82437896728516,236.3734436035156,0.0093837473541498
tile_r018275_c006243,1,162.03298950195312,315.4610900878906,193.25857543945312,344.3629455566406,0.0087401485070586
tile_r018275_c006243,1,511.7870178222656,401.0149841308594,524.5505981445312,490.340576171875,0.0060484078712761
tile_r018275_c006243,1,110.7652359008789,371.4664916992188,136.7029266357422,400.1805725097656,0.0047912821173667
tile_r018275_c006243,1,511.4275512695313,374.9402465820313,524.5564575195312,473.205078125,0.0046252505853772
tile_r018275_c006243,1,238.2919464111328,72.11456298828125,260.93475341796875,95.07218933105467,0.0043354770168662
tile_r018275_c006243,1,511.60498046875,344.77752685546875,524.6207275390625,446.6812133789063,0.0041983146220445
tile_r018275_c006243,1,511.8244018554688,127.4336929321289,524.6043090820312,226.7186279296875,0.0041599459946155
tile_r018275_c006243,1,413.60198974609375,219.91079711914065,440.312255859375,247.6006317138672,0.0041412278078496
tile_r018275_c006243,1,229.79183959960935,69.05802154541016,253.8960418701172,93.41573333740234,0.0037176974583417
tile_r018275_c006243,1,511.67626953125,219.59555053710935,524.5260620117188,320.05242919921875,0.0034981803037226
tile_r018275_c006243,1,512.3693237304688,422.1016540527344,524.6867065429688,499.77392578125,0.0033964153844863
tile_r018275_c006243,1,511.896484375,92.48161315917967,524.55859375,192.92941284179688,0.0033296009059995
tile_r018275_c006243,1,512.01611328125,323.86981201171875,524.5866088867188,419.7559509277344,0.0032796300947666
tile_r018275_c006243,1,511.64111328125,247.7503662109375,524.5577392578125,340.0961303710937,0.0031017132569104
tile_r018275_c006243,1,-3.154132127761841,345.40350341796875,42.07438278198242,389.05474853515625,0.0030610701069235
tile_r018275_c006243,1,511.8052673339844,176.64794921875,524.5806884765625,279.2529296875,0.0030023811850696
tile_r018275_c006243,1,512.0447387695312,149.7574920654297,524.6051635742188,249.07156372070312,0.0028862541075795
tile_r018275_c006243,1,511.90667724609375,75.33747863769531,524.4476928710938,157.4056396484375,0.0028662711847573
tile_r018275_c006243,1,-12.132612228393556,465.0176696777344,-2.538160800933838,512.68896484375,0.0028364392928779
tile_r018275_c006243,1,19.941553115844727,439.73974609375,34.1120719909668,453.5899353027344,0.0025222890544682
tile_r018275_c006243,1,-2.333361864089966,269.0248413085937,57.527931213378906,328.1723022460937,0.0025164256803691
tile_r018275_c006243,1,512.1755981445312,294.4075622558594,524.6029052734375,396.48095703125,0.0025025880895555
tile_r018275_c006243,1,-11.416059494018556,277.39715576171875,-1.8660980463027956,331.4574279785156,0.0024838580284267
tile_r018275_c006243,1,512.1648559570312,9.866235733032228,524.6734619140625,113.5244140625,0.0024664879310876
tile_r018275_c006243,1,38.553321838378906,400.8380737304688,106.2329330444336,468.0885620117188,0.002434842986986
tile_r018275_c006243,1,512.1624755859375,269.1490783691406,524.5977172851562,367.2642211914063,0.0024263381492346
tile_r018275_c006243,1,-11.43830394744873,349.1919860839844,-0.4785583615303039,403.2800903320313,0.0023085887078195
tile_r018275_c006243,1,511.87060546875,44.15366363525391,524.5924682617188,141.2229461669922,0.0023085470311343
tile_r018275_c006243,1,508.1237182617188,-12.700332641601562,524.7156982421875,15.358426094055176,0.0022737549152225
tile_r018275_c006243,1,220.43972778320312,57.18232345581055,263.9612121582031,104.1898422241211,0.002251862315461
tile_r018275_c006243,1,326.7564392089844,-10.516024589538574,385.9151306152344,10.338571548461914,0.0021878776606172
tile_r018275_c006243,1,1.7971923351287842,184.5886688232422,62.744422912597656,246.9215850830078,0.0020838046912103
tile_r018275_c006243,1,104.8321304321289,261.4839782714844,157.8280487060547,316.23828125,0.0020168293267488
tile_r018275_c006243,1,261.66387939453125,63.1541633605957,327.2931213378906,128.47955322265625,0.0019879112951457
tile_r018275_c006243,1,-12.193017959594728,21.15682411193848,-3.028427124023437,77.23458099365234,0.0019378039287403
tile_r018275_c006243,1,-12.238516807556152,10.0817232131958,-3.1327133178710938,68.28868103027344,0.001908800099045
tile_r018275_c006243,1,-11.486201286315918,268.523681640625,0.4938705563545227,328.268798828125,0.0018431495409458
tile_r018275_c006243,1,268.2040100097656,79.15880584716797,313.8096618652344,119.9182357788086,0.0018344938289374
tile_r018275_c006243,1,-11.951457977294922,357.8740234375,-3.752854824066162,416.9454040527344,0.0018214847659692
tile_r018275_c006243,1,511.3345642089844,0.037426758557558,524.5525512695312,78.06260681152344,0.001787757850252
tile_r018275_c006243,1,-12.25974464416504,480.26416015625,-1.7616058588027954,516.3137817382812,0.0017455276101827
tile_r018275_c006243,1,-11.716228485107422,195.0367126464844,-2.3084869384765625,251.5628967285156,0.0017394893802702
tile_r018275_c006243,1,-11.89480972290039,204.0885772705078,-2.9895904064178467,258.71002197265625,0.0016755076358094
tile_r018275_c006243,1,-12.154199600219728,106.8081283569336,-3.539437770843506,166.65408325195312,0.0016718688420951
tile_r018275_c006243,1,-11.328865051269531,341.2335510253906,5.932458400726318,398.8814086914063,0.001639720168896
tile_r018275_c006243,1,13.734228134155272,285.9999694824219,51.44863128662109,317.90875244140625,0.001638832851313
tile_r018275_c006243,1,-12.141611099243164,2.3046507835388184,-3.398590087890625,54.60039520263672,0.0015951822279021
tile_r018275_c006243,1,511.2278442382813,-3.954437255859375,524.7599487304688,51.8100471496582,0.001594882342033
tile_r018275_c006243,1,-12.220918655395508,36.96563720703125,-3.0015931129455566,99.1979751586914,0.0015807083109393
tile_r018275_c006243,1,-12.220219612121582,437.9763793945313,-2.2201812267303467,498.8212890625,0.0015610044356435
tile_r018275_c006243,1,-11.92015266418457,172.73373413085938,0.1085281372070312,239.04037475585935,0.0015323347179219
tile_r018275_c006243,1,491.8624572753906,310.48736572265625,521.4395751953125,388.243408203125,0.0015078282449394
tile_r018275_c006243,1,-12.248793601989746,115.6336669921875,-3.3962905406951904,180.48214721679688,0.0014930568868294
tile_r018275_c006243,1,-12.305344581604004,422.8430786132813,-2.381098985671997,486.0538024902344,0.0014581388095393
tile_r018275_c006243,1,332.18701171875,0.6228668093681335,374.1911010742188,21.43953895568848,0.0014142581494525
tile_r018275_c006243,1,-12.3037109375,411.13720703125,-2.7939453125,472.5245056152344,0.0014085222501307
tile_r018275_c006243,1,321.80291748046875,-12.704351425170898,380.9719848632813,-6.810478210449219,0.0014068926684558
tile_r018275_c006243,1,38.05459976196289,23.789501190185547,91.96197509765624,85.3997802734375,0.0013996094930917
tile_r018275_c006243,1,513.0836791992188,446.0933227539063,524.5612182617188,510.0926208496094,0.001397356740199
tile_r018275_c006243,1,65.58675384521484,37.367977142333984,88.31832122802734,63.574012756347656,0.0013942967634648
tile_r018275_c006243,1,2.126051425933838,352.34979248046875,32.39482498168945,381.2027893066406,0.0013539135688915
tile_r018275_c006243,1,-12.114556312561035,213.087646484375,-2.968367099761963,270.429931640625,0.0013535898178815
tile_r018275_c006243,1,-12.250452041625977,400.2265625,-3.188380479812622,460.7716674804688,0.0013507739640772
tile_r018275_c006243,1,-12.250226974487305,46.21282958984375,-2.8444411754608154,114.0775375366211,0.0013141380622982
tile_r018275_c006243,1,-12.27727508544922,506.67620849609375,2.7411789894104004,524.7173461914062,0.0013087838888168
tile_r018275_c006243,1,60.914817810058594,92.2559051513672,110.87581634521484,144.678466796875,0.001297875191085
tile_r018275_c006243,1,130.74374389648438,475.9337768554688,194.3985290527344,514.7279052734375,0.0012751111062243
tile_r018275_c006243,1,-12.193936347961426,371.56060791015625,-3.906079053878784,433.90081787109375,0.001258103060536
tile_r018275_c006243,1,489.3672790527344,-12.145756721496582,524.1697998046875,-0.5014572143554688,0.0012519425945356
tile_r018275_c006243,1,-12.24195957183838,386.0945739746094,-3.3794219493865967,449.35345458984375,0.0012461637379601
tile_r018275_c006243,1,470.962158203125,-12.646716117858888,518.253173828125,-4.2863054275512695,0.001243598293513
tile_r018275_c006243,1,326.9698791503906,-11.379997253417969,383.67132568359375,1.131657361984253,0.0012404875596985
tile_r018275_c006243,1,-11.967702865600586,-12.385432243347168,0.6940857172012329,7.483877658843994,0.0011413666652515
tile_r018275_c006243,1,501.1311950683594,404.7760620117188,522.3135375976562,479.8424682617188,0.0011174936080351
tile_r018275_c006243,1,-12.305171966552734,128.12759399414062,-3.1567153930664062,194.56478881835935,0.0011157607659697
tile_r018275_c006243,1,508.1573181152344,386.9341125488281,524.7999877929688,480.0866088867188,0.001090963021852
tile_r018275_c006243,1,259.53094482421875,53.692848205566406,347.33154296875,128.84317016601562,0.0010702386498451
tile_r018275_c006243,1,500.7770385742188,423.1096801757813,522.6477661132812,505.5780334472656,0.0010668529430404
tile_r018275_c006243,1,509.46197509765625,116.53466796875,524.7999877929688,219.3311767578125,0.001064530108124
tile_r018275_c006243,1,-11.956701278686523,247.287353515625,-0.8108428716659546,326.4112854003906,0.0010617796797305
tile_r018275_c006243,1,377.7647399902344,209.1556854248047,412.3352661132813,243.35519409179688,0.0010156914358958
tile_r018275_c006243,1,-12.221677780151367,83.3568344116211,-3.525895595550537,145.35012817382812,0.0010019295150414
tile_r018275_c006499,1,10.605145454406738,72.49250793457031,64.43797302246094,123.21598815917967,0.8208087682723999
tile_r018275_c006499,1,462.2039489746094,365.7477111816406,511.37835693359375,408.6183471679688,0.7572688460350037
tile_r018275_c006499,1,155.53768920898438,216.76205444335935,189.5054626464844,249.330810546875,0.7253425121307373
tile_r018275_c006499,1,54.339881896972656,54.32526779174805,91.0632095336914,87.12715148925781,0.7189264893531799
tile_r018275_c006499,1,142.0712127685547,38.08180618286133,196.3052520751953,80.33940124511719,0.6942094564437866
tile_r018275_c006499,1,455.3199768066406,474.1747131347656,512.6078491210938,515.14892578125,0.6694812178611755
tile_r018275_c006499,1,186.6057281494141,324.03839111328125,239.19009399414065,367.03564453125,0.6497774720191956
tile_r018275_c006499,1,463.1849060058594,69.21148681640625,494.8413696289063,100.2076644897461,0.6367897391319275
tile_r018275_c006499,1,275.2562866210937,476.4720153808594,301.1549987792969,499.6673278808594,0.3480004966259002
tile_r018275_c006499,1,474.3609313964844,464.2022399902344,515.5380859375,517.08447265625,0.2322549074888229
tile_r018275_c006499,1,460.1985473632813,358.0231018066406,516.205078125,414.13677978515625,0.140786662697792
tile_r018275_c006499,1,187.5891876220703,328.88262939453125,230.85183715820312,363.1565551757813,0.0733201429247856
tile_r018275_c006499,1,397.2102661132813,74.7133560180664,432.6897583007813,102.19979095458984,0.0653653815388679
tile_r018275_c006499,1,446.4481506347656,1.2510955333709717,479.6803588867188,20.72093772888184,0.0566670186817646
tile_r018275_c006499,1,494.5711364746094,106.4775161743164,512.647705078125,132.55636596679688,0.0540428087115287
tile_r018275_c006499,1,82.76551055908203,0.4449218809604645,113.1060791015625,14.003619194030762,0.0487583503127098
tile_r018275_c006499,1,490.30908203125,167.2945098876953,512.8038330078125,193.69644165039065,0.0438611209392547
tile_r018275_c006499,1,49.878379821777344,49.560325622558594,94.73043060302734,89.9362564086914,0.0373960509896278
tile_r018275_c006499,1,56.6505012512207,57.93717193603516,86.35675048828125,84.19588470458984,0.0237296652048826
tile_r018275_c006499,1,481.62841796875,156.59085083007812,513.5198364257812,195.0044860839844,0.0217412542551755
tile_r018275_c006499,1,395.5597229003906,71.3117904663086,437.018798828125,105.17459869384766,0.0213840994983911
tile_r018275_c006499,1,272.37615966796875,475.03118896484375,304.7337951660156,505.7918395996094,0.019063726067543
tile_r018275_c006499,1,147.96719360351562,33.127201080322266,203.1171417236328,83.4381103515625,0.0185632277280092
tile_r018275_c006499,1,497.9298400878906,105.79045104980467,515.2300415039062,132.4619903564453,0.0168946888297796
tile_r018275_c006499,1,489.7191467285156,156.7602081298828,517.2476806640625,195.7170867919922,0.012961208820343
tile_r018275_c006499,1,80.4561996459961,0.3890121579170227,117.76774597167967,8.77295970916748,0.011878402903676
tile_r018275_c006499,1,147.24337768554688,42.906959533691406,198.6331329345703,76.03578186035156,0.0105934748426079
tile_r018275_c006499,1,182.42239379882807,317.5887756347656,242.8241729736328,371.7761840820313,0.0103992763906717
tile_r018275_c006499,1,78.66717529296875,0.267962634563446,115.65626525878906,11.527929306030272,0.0097471345216035
tile_r018275_c006499,1,457.6133728027344,63.22574615478516,498.0133666992188,103.57769775390624,0.0072044618427753
tile_r018275_c006499,1,511.4129028320313,195.59164428710935,524.5863037109375,290.56524658203125,0.0051219356246292
tile_r018275_c006499,1,511.4093627929688,169.29531860351562,524.5699462890625,267.9891967773437,0.0046087889932096
tile_r018275_c006499,1,476.81829833984375,137.58352661132812,517.1708374023438,197.5985412597656,0.0042234980501234
tile_r018275_c006499,1,468.7974548339844,111.33268737792967,519.1375122070312,195.3690185546875,0.0039949868805706
tile_r018275_c006499,1,511.8356018066406,218.3101501464844,524.5360107421875,309.15887451171875,0.0039798668585717
tile_r018275_c006499,1,160.9312744140625,217.72506713867188,188.22579956054688,245.86526489257807,0.0038719945587217
tile_r018275_c006499,1,397.1587829589844,78.77774047851562,425.6878967285156,100.6925277709961,0.0037909063976258
tile_r018275_c006499,1,157.5994415283203,219.87744140625,184.24319458007807,247.597412109375,0.003790867049247
tile_r018275_c006499,1,443.7283325195313,1.1893799304962158,486.7980346679688,16.225875854492188,0.0037657748907804
tile_r018275_c006499,1,456.2962341308594,482.3687133789063,506.137451171875,512.791259765625,0.0036032742355018
tile_r018275_c006499,1,513.3009033203125,361.5997924804688,524.58837890625,462.7206115722656,0.0032953389454632
tile_r018275_c006499,1,475.3001403808594,101.3413314819336,519.2022705078125,182.21755981445312,0.0030102373566478
tile_r018275_c006499,1,496.8192443847656,62.82070159912109,520.4862060546875,134.97714233398438,0.0029979010578244
tile_r018275_c006499,1,488.7904357910156,100.3482894897461,515.7493896484375,136.94287109375,0.0029718347359448
tile_r018275_c006499,1,467.20709228515625,370.7274475097656,510.6461486816406,403.9502868652344,0.0028248578310012
tile_r018275_c006499,1,512.4270629882812,412.3768615722656,524.7305908203125,512.3760986328125,0.0027534069959074
tile_r018275_c006499,1,512.2747192382812,439.3172912597656,524.5782470703125,519.6678466796875,0.0026277394499629
tile_r018275_c006499,1,512.8113403320312,292.3037109375,524.6298828125,395.2688598632813,0.0023123964201658
tile_r018275_c006499,1,512.7503662109375,391.7208557128906,524.6593627929688,496.491455078125,0.0022811475209891
tile_r018275_c006499,1,511.125,158.8154296875,524.5540771484375,247.0828094482422,0.0021864594891667
tile_r018275_c006499,1,480.8116149902344,119.57373046875,521.10986328125,199.0135803222656,0.0021842604037374
tile_r018275_c006499,1,512.6348876953125,238.8828125,524.6041870117188,339.1665954589844,0.0021688607521355
tile_r018275_c006499,1,511.45123291015625,19.122848510742188,524.596435546875,105.4782257080078,0.002082442631945
tile_r018275_c006499,1,391.2715759277344,62.32219314575195,443.0763549804688,106.5464324951172,0.0020443547982722
tile_r018275_c006499,1,513.0735473632812,311.5791015625,524.70068359375,415.1701049804688,0.0020255963318049
tile_r018275_c006499,1,452.8255920410156,1.545871019363403,483.68408203125,17.5952091217041,0.0020142702851444
tile_r018275_c006499,1,70.71916198730469,-10.438150405883787,130.08596801757812,10.211629867553713,0.0020117671228945
tile_r018275_c006499,1,510.8023376464844,152.66796875,524.095703125,224.8009490966797,0.0019924906082451
tile_r018275_c006499,1,12.54430103302002,79.23567962646484,56.89764404296875,119.15065002441406,0.0019722278229892
tile_r018275_c006499,1,490.2642517089844,155.6940460205078,520.9773559570312,211.6793975830078,0.0019441691692918
tile_r018275_c006499,1,490.0538024902344,101.86572265625,519.3186645507812,145.0534210205078,0.0019232048653066
tile_r018275_c006499,1,506.1073303222656,-12.800000190734863,524.7999877929688,0.8303619623184204,0.0019079671474173
tile_r018275_c006499,1,469.956787109375,142.2706298828125,512.7921142578125,196.02224731445312,0.0018589505925774
tile_r018275_c006499,1,512.3548583984375,264.3819274902344,524.5148315429688,366.55517578125,0.0018580227624624
tile_r018275_c006499,1,-12.24362564086914,153.9254150390625,-2.4947800636291504,214.33834838867188,0.0018404470756649
tile_r018275_c006499,1,-12.130718231201172,106.914306640625,-3.158512830734253,165.89071655273438,0.0018079187721014
tile_r018275_c006499,1,510.6305236816406,459.2303161621094,524.2039794921875,518.0805053710938,0.0017860493389889
tile_r018275_c006499,1,-12.113505363464355,42.77058029174805,-2.599603176116944,107.64607238769533,0.0017800277564674
tile_r018275_c006499,1,-12.095013618469238,51.19319915771485,-1.9229904413223269,118.71641540527344,0.0017504709539934
tile_r018275_c006499,1,476.2181701660156,155.361083984375,517.7786254882812,204.3334045410156,0.0017117677489295
tile_r018275_c006499,1,494.3214416503906,44.3642578125,521.0252685546875,125.3676528930664,0.0016980392392724
tile_r018275_c006499,1,-12.33260440826416,163.42893981933594,-2.44921875,226.67495727539065,0.0016713953809812
tile_r018275_c006499,1,-12.261059761047363,115.8778076171875,-3.2078261375427246,180.0931854248047,0.0016550738364458
tile_r018275_c006499,1,500.2058715820313,159.2802734375,522.44970703125,243.4253387451172,0.0016231022309511
tile_r018275_c006499,1,491.6239318847656,108.6349105834961,510.4661254882813,134.72421264648438,0.0015903277089819
tile_r018275_c006499,1,439.4462890625,0.818530261516571,483.7084045410156,19.388036727905277,0.0015832221833989
tile_r018275_c006499,1,459.353515625,345.1177673339844,521.0460815429688,421.8046875,0.0015699809882789
tile_r018275_c006499,1,510.93353271484375,1.9683685302734373,524.6015014648438,85.87432861328125,0.0015579395694658
tile_r018275_c006499,1,493.706787109375,445.38372802734375,521.7201538085938,523.6422119140625,0.0015521522145718
tile_r018275_c006499,1,-12.333837509155272,126.1085205078125,-2.9356398582458496,193.98562622070312,0.0015197616303339
tile_r018275_c006499,1,-12.26766300201416,140.7534942626953,-2.518110752105713,204.69918823242188,0.0014475556090474
tile_r018275_c006499,1,-12.301392555236816,8.080041885375977,-3.580766201019287,68.26777648925781,0.0014439895749092
tile_r018275_c006499,1,76.18834686279297,0.68121337890625,118.2363510131836,21.477108001708984,0.0014230255037546
tile_r018275_c006499,1,469.4602661132813,71.32582092285156,492.4549865722656,97.26800537109376,0.0014170962385833
tile_r018275_c006499,1,458.080078125,-0.1504089385271072,519.0402221679688,51.08806228637695,0.0014121251879259
tile_r018275_c006499,1,-12.446555137634276,427.3443298339844,-4.210693359375,489.1494140625,0.001399838947691
tile_r018275_c006499,1,-12.426939010620115,461.1148376464844,-3.513909816741944,514.373046875,0.0013921625213697
tile_r018275_c006499,1,65.70753479003906,-12.701974868774414,125.17696380615234,-6.803004264831543,0.0013837169390171
tile_r018275_c006499,1,-12.379786491394045,509.6016540527344,3.0629591941833496,524.7999877929688,0.0013809936353936
tile_r018275_c006499,1,225.2802276611328,505.5279235839844,286.3048400878906,512.513671875,0.0013747161719948
tile_r018275_c006499,1,123.19743347167967,212.24789428710935,153.47421264648438,240.4509735107422,0.0013620294630527
tile_r018275_c006499,1,449.2103576660156,465.5801696777344,520.6982421875,521.1512451171875,0.0013506846735253
tile_r018275_c006499,1,498.8218383789063,36.743309020996094,521.9244384765625,114.21435546875,0.00133689166978
tile_r018275_c006499,1,511.9850158691406,354.0777282714844,524.085693359375,441.4969787597656,0.0013279926497489
tile_r018275_c006499,1,-12.363571166992188,486.427734375,-1.9710571765899656,516.7332153320312,0.0013264764565974
tile_r018275_c006499,1,2.800915479660034,60.995094299316406,71.02257537841797,129.04348754882812,0.0013062173966318
tile_r018275_c006499,1,-12.422765731811523,174.18008422851562,-2.6933913230896,240.4141540527344,0.0012963939225301
tile_r018275_c006499,1,-12.518925666809082,445.058349609375,-3.582362413406372,510.3746643066406,0.0012769980821758
tile_r018275_c006499,1,510.7976989746094,86.1840591430664,523.7696533203125,151.59396362304688,0.0012735637137666
tile_r018275_c006499,1,501.734375,17.564380645751953,522.7916259765625,101.10670471191406,0.0012327425647526
tile_r018275_c006499,1,519.12744140625,155.29830932617188,524.7999877929688,218.0401611328125,0.0012007791083306
tile_r018275_c006499,1,70.86266326904297,-11.309414863586426,127.7606201171875,1.1108825206756592,0.0011867326684296
tile_r018275_c006499,1,-12.160313606262209,1.496984839439392,-3.743003845214844,50.65031814575195,0.001165423891507
tile_r018275_c006499,1,3.230825901031494,52.42720413208008,91.28372955322266,128.14950561523438,0.0011614840477705
tile_r018275_c006499,1,134.6492919921875,21.980981826782227,206.098876953125,88.98594665527344,0.0011576230172067
tile_r018275_c006499,1,-12.24294662475586,21.214868545532227,-3.1478285789489746,83.69635009765625,0.0011481669498607
tile_r018275_c006499,1,370.90533447265625,41.4715690612793,441.3465881347656,111.60725402832033,0.0011465903371572
tile_r018275_c006499,1,78.75154113769531,419.2278442382813,98.4759292602539,437.53759765625,0.0010964558459818
tile_r018275_c006499,1,482.2549743652344,164.0916290283203,511.12841796875,193.2825164794922,0.0010946200927719
tile_r018275_c006499,1,484.7027282714844,91.3291015625,515.9085693359375,133.42626953125,0.001089809462428
tile_r018275_c006499,1,-12.494853973388672,282.6390075683594,-4.1992292404174805,349.5243225097656,0.0010888214455917
tile_r018275_c006499,1,501.689453125,479.8532104492188,524.7999877929688,524.7999877929688,0.0010664530564099
tile_r018275_c006499,1,382.9950256347656,51.5615463256836,438.1542053222656,110.78108215332033,0.0010616780491545
tile_r018275_c006499,1,-12.45947265625,257.7998962402344,-4.2829270362854,324.9649353027344,0.0010417853482067
tile_r018275_c006499,1,512.5079345703125,39.44551849365234,524.7821044921875,126.2304458618164,0.0010417153825983
tile_r018275_c006499,1,152.41610717773438,211.4420928955078,194.70346069335935,254.4069366455078,0.001041155308485
tile_r018275_c006499,1,-12.04637336730957,62.09902191162109,-1.133184790611267,131.21969604492188,0.0010336998384445
tile_r018275_c006499,1,461.1903381347656,70.39599609375,487.9248962402344,97.23054504394533,0.0010316754924133
tile_r018275_c006499,1,-12.538026809692385,187.12535095214844,-2.9479401111602783,257.7182006835937,0.0010231224587187
tile_r018275_c006499,1,242.6010284423828,515.4785766601562,312.6344299316406,524.5704345703125,0.0010230701882392
tile_r018275_c006499,1,-12.507458686828612,294.9452209472656,-4.111708164215088,363.59765625,0.0010179189266636
tile_r018275_c006499,1,-12.072688102722168,95.8459014892578,-2.8660950660705566,154.3159637451172,0.0010121399536728
tile_r018275_c006755,1,253.8504943847656,296.0899353027344,306.20526123046875,337.0765686035156,0.819021463394165
tile_r018275_c006755,1,246.1957550048828,454.2255859375,313.404052734375,505.037109375,0.779486894607544
tile_r018275_c006755,1,415.5238342285156,405.6638793945313,457.1257934570313,443.1277465820313,0.7376253008842468
tile_r018275_c006755,1,306.3750915527344,350.31134033203125,336.22882080078125,378.10296630859375,0.7308757901191711
tile_r018275_c006755,1,207.685791015625,368.576416015625,259.577392578125,407.41839599609375,0.7158750891685486
tile_r018275_c006755,1,400.4956970214844,465.6376037597656,443.357421875,502.9498901367188,0.6643767356872559
tile_r018275_c006755,1,206.489501953125,69.17460632324219,238.8603057861328,100.4520263671875,0.6406472325325012
tile_r018275_c006755,1,251.7483367919922,246.0708465576172,284.09881591796875,272.6997985839844,0.6166709661483765
tile_r018275_c006755,1,309.0965881347656,130.97567749023438,340.585205078125,155.682373046875,0.6121826767921448
tile_r018275_c006755,1,199.50668334960935,479.1791076660156,254.1128387451172,514.43017578125,0.504808783531189
tile_r018275_c006755,1,283.17730712890625,54.86318206787109,305.62603759765625,76.86393737792969,0.4042122066020965
tile_r018275_c006755,1,19.078527450561523,475.66943359375,46.19941329956055,499.474609375,0.1996618807315826
tile_r018275_c006755,1,252.7278594970703,249.0433807373047,279.8847351074219,271.1789245605469,0.1318147182464599
tile_r018275_c006755,1,280.3419494628906,53.12827682495117,307.943603515625,78.87417602539062,0.0949968174099922
tile_r018275_c006755,1,190.7064514160156,1.2315673828125,223.9307556152344,20.942943572998047,0.0551463179290294
tile_r018275_c006755,1,196.0285186767578,466.12103271484375,260.5196838378906,515.6405029296875,0.0446967296302318
tile_r018275_c006755,1,341.37322998046875,485.65423583984375,363.0763549804688,506.7823791503906,0.043034728616476
tile_r018275_c006755,1,306.9299621582031,126.5275650024414,344.6474914550781,158.3617401123047,0.0288193058222532
tile_r018275_c006755,1,250.2467803955078,244.5354766845703,288.24591064453125,278.17095947265625,0.0245284717530012
tile_r018275_c006755,1,141.2869415283203,74.91780090332031,176.1941680908203,100.7607192993164,0.0212952103465795
tile_r018275_c006755,1,402.505859375,468.840576171875,437.1306762695313,497.9762268066406,0.0207130461931228
tile_r018275_c006755,1,139.792724609375,71.248291015625,181.8153381347656,103.89338684082033,0.0079221036285161
tile_r018275_c006755,1,17.026037216186523,475.6094665527344,49.59385299682617,505.6758728027344,0.0079024601727724
tile_r018275_c006755,1,410.6931762695313,399.35003662109375,461.6665954589844,446.7654724121094,0.0075729824602603
tile_r018275_c006755,1,511.4270629882813,77.22602844238281,524.59130859375,176.4990234375,0.00748808728531
tile_r018275_c006755,1,511.8246154785156,23.733850479125977,524.6238403320312,128.39450073242188,0.0074568558484315
tile_r018275_c006755,1,511.4076232910156,2.151480197906494,524.6282958984375,100.91561126708984,0.0072249686345458
tile_r018275_c006755,1,511.6329956054688,50.99990081787109,524.5921630859375,152.8289794921875,0.0067502371966838
tile_r018275_c006755,1,203.1024932861328,361.513427734375,268.44219970703125,415.0034790039063,0.0067266775295138
tile_r018275_c006755,1,395.4153442382813,460.7792053222656,454.7078247070313,509.8221740722656,0.0064662769436836
tile_r018275_c006755,1,511.1276245117188,322.5028686523437,524.5504760742188,420.7903442382813,0.0057999794371426
tile_r018275_c006755,1,511.616943359375,99.924560546875,524.6295166015625,201.0053253173828,0.0056368042714893
tile_r018275_c006755,1,511.2511596679688,295.9970703125,524.5734252929688,398.2630920410156,0.0052951416000723
tile_r018275_c006755,1,511.4039916992188,-4.496136665344238,524.49462890625,72.1179428100586,0.0051105059683322
tile_r018275_c006755,1,511.39013671875,272.0219116210937,524.5797119140625,373.65924072265625,0.0050457422621548
tile_r018275_c006755,1,511.1394653320313,346.20916748046875,524.5902099609375,446.2330932617188,0.0048367627896368
tile_r018275_c006755,1,188.1741485595703,1.236090064048767,229.2720947265625,17.540508270263672,0.0045129642821848
tile_r018275_c006755,1,512.1876220703125,126.18147277832033,524.5987548828125,224.81787109375,0.0044705187901854
tile_r018275_c006755,1,511.2005310058594,243.6302795410156,524.5787353515625,346.9317932128906,0.0038297772407531
tile_r018275_c006755,1,511.984130859375,209.01171875,524.5093383789062,305.184814453125,0.0038021851796656
tile_r018275_c006755,1,511.3701171875,373.4032897949219,524.5631713867188,473.4912109375,0.0037366640754044
tile_r018275_c006755,1,511.9205017089844,411.5128784179688,524.603515625,501.7976684570313,0.0035083794500678
tile_r018275_c006755,1,208.76220703125,372.6333923339844,252.44400024414065,404.3099670410156,0.0035036515910178
tile_r018275_c006755,1,201.5562438964844,63.620849609375,241.5054168701172,104.1935806274414,0.0033320086076855
tile_r018275_c006755,1,337.17462158203125,486.248046875,367.0391845703125,510.2576293945313,0.0033038475085049
tile_r018275_c006755,1,-12.06281852722168,461.3185424804688,-1.9115798473358157,511.8621215820313,0.003097620094195
tile_r018275_c006755,1,420.2638549804688,411.51416015625,456.3322143554688,439.6487426757813,0.0030935630202293
tile_r018275_c006755,1,236.5267639160156,514.1862182617188,301.73583984375,524.7093505859375,0.0030548993963748
tile_r018275_c006755,1,512.2648315429688,172.86328125,524.5958862304688,283.0429077148437,0.0028366714250296
tile_r018275_c006755,1,509.7890625,-12.800000190734863,524.6389770507812,29.28326416015625,0.0026836479082703
tile_r018275_c006755,1,512.2293701171875,435.6748962402344,524.6525268554688,513.0018310546875,0.002655042335391
tile_r018275_c006755,1,241.65005493164065,448.6079711914063,318.698974609375,512.8651733398438,0.0025464054197072
tile_r018275_c006755,1,-12.00731086730957,448.9546813964844,-1.438757300376892,507.3335876464844,0.0024424639996141
tile_r018275_c006755,1,512.5106201171875,149.5709991455078,524.6192626953125,256.11651611328125,0.0022889638785272
tile_r018275_c006755,1,-12.215370178222656,-5.960845947265625,-3.252490282058716,51.2931022644043,0.0022843373008072
tile_r018275_c006755,1,-12.096482276916504,435.7850646972656,-1.8286545276641848,498.2858276367188,0.0022376112174242
tile_r018275_c006755,1,-12.21430778503418,479.8011169433594,-1.186126708984375,516.0587158203125,0.0021795823704451
tile_r018275_c006755,1,200.7057647705078,485.2547912597656,245.4501037597656,512.5411987304688,0.0021696565672755
tile_r018275_c006755,1,458.64990234375,165.03018188476562,515.0768432617188,239.7493133544922,0.0021608141250908
tile_r018275_c006755,1,332.640869140625,503.3318786621094,380.4807739257813,511.00482177734375,0.0020691128447651
tile_r018275_c006755,1,13.058588027954102,468.5874633789063,50.06038284301758,507.51947021484375,0.0020344955846667
tile_r018275_c006755,1,231.7669219970703,169.1676483154297,262.2532043457031,193.44577026367188,0.0019901187624782
tile_r018275_c006755,1,206.6092071533203,477.80126953125,264.7685241699219,514.1683349609375,0.0019497816683724
tile_r018275_c006755,1,266.643310546875,0.461691290140152,315.61529541015625,13.540738105773926,0.0018706645350903
tile_r018275_c006755,1,-12.40108871459961,-0.298370361328125,-2.879469394683838,69.56891632080078,0.0017656829440966
tile_r018275_c006755,1,212.70150756835935,71.6071548461914,236.8720245361328,97.62992095947266,0.0017281610053032
tile_r018275_c006755,1,-12.081558227539062,-8.790273666381836,-3.011460781097412,35.795997619628906,0.0017262395704165
tile_r018275_c006755,1,-12.20497989654541,423.0480346679688,-2.2420716285705566,486.4634704589844,0.0016892640851438
tile_r018275_c006755,1,276.92938232421875,515.7448120117188,347.48175048828125,524.7999877929688,0.0016682316781952
tile_r018275_c006755,1,-12.260278701782228,27.89626121520996,-2.457812547683716,89.6528091430664,0.001648980542086
tile_r018275_c006755,1,187.63754272460935,0.5493667721748352,230.35220336914065,26.79427528381348,0.0016328596975654
tile_r018275_c006755,1,248.4691467285156,514.663330078125,317.6656188964844,524.7999877929688,0.0016276133246719
tile_r018275_c006755,1,325.861083984375,505.1162109375,371.494384765625,511.7366333007813,0.001605735043995
tile_r018275_c006755,1,218.8014678955078,513.4605712890625,293.51953125,524.7999877929688,0.0015803184360265
tile_r018275_c006755,1,135.7968292236328,63.0098762512207,184.8975067138672,104.29719543457033,0.0015706418780609
tile_r018275_c006755,1,-12.257898330688477,142.3538818359375,-2.547755479812622,203.8103790283203,0.0015637216856703
tile_r018275_c006755,1,-12.259259223937988,411.4325256347656,-2.267553806304932,474.6747131347656,0.0015592930139973
tile_r018275_c006755,1,-12.216389656066896,281.0039978027344,-2.5379271507263184,345.37176513671875,0.001529736095108
tile_r018275_c006755,1,-12.28813362121582,205.5952606201172,-2.6979355812072754,268.578369140625,0.0015089873922988
tile_r018275_c006755,1,-11.86266803741455,-12.467025756835938,-0.7493026852607727,17.422801971435547,0.0014875746564939
tile_r018275_c006755,1,-12.26670265197754,400.6914978027344,-2.120535373687744,461.8786010742188,0.0014767169486731
tile_r018275_c006755,1,-12.29163932800293,192.001708984375,-2.453984022140503,258.06298828125,0.0014404298271983
tile_r018275_c006755,1,-12.278607368469238,508.45404052734375,3.4349396228790283,524.7999877929688,0.0014235927956178
tile_r018275_c006755,1,-12.314961433410645,47.60395431518555,-2.4828217029571533,117.1443099975586,0.0013447144301608
tile_r018275_c006755,1,-12.34115219116211,344.1986389160156,-2.7978668212890625,410.52587890625,0.0013394405832514
tile_r018275_c006755,1,-12.291515350341797,219.5313415527344,-2.7141387462615967,282.06170654296875,0.0013148461002856
tile_r018275_c006755,1,263.85162353515625,515.7029418945312,329.82208251953125,524.7999877929688,0.0012805880978703
tile_r018275_c006755,1,238.8596649169922,107.41838073730467,264.2342834472656,129.2460174560547,0.0012797224335372
tile_r018275_c006755,1,303.3334045410156,343.9602966308594,340.44708251953125,381.27642822265625,0.0012571590486913
tile_r018275_c006755,1,-12.280181884765623,388.1348876953125,-2.120765686035156,450.2815551757813,0.0012555412249639
tile_r018275_c006755,1,-12.24436092376709,245.353759765625,-2.121377468109131,310.522216796875,0.0012354624923318
tile_r018275_c006755,1,-12.345693588256836,61.336036682128906,-2.233270168304444,133.1096649169922,0.001232816488482
tile_r018275_c006755,1,-12.296991348266602,319.81121826171875,-2.586993455886841,386.8400268554688,0.0012213808950036
tile_r018275_c006755,1,-12.296502113342283,178.51742553710938,-2.315345764160156,247.2669982910156,0.0012207708787173
tile_r018275_c006755,1,-12.316743850708008,231.8437042236328,-2.5072340965271,296.7630310058594,0.001215016352944
tile_r018275_c006755,1,-12.34801959991455,162.3925323486328,-2.406442165374756,232.619140625,0.0012127270456403
tile_r018275_c006755,1,475.1121215820313,-12.758152961730955,516.8504028320312,-4.147369384765625,0.0012067827628925
tile_r018275_c006755,1,467.8551635742188,149.1285858154297,522.5438232421875,238.5886993408203,0.0012021970469504
tile_r018275_c006755,1,-12.395419120788574,355.3756408691406,-2.6731460094451904,425.2623901367188,0.0011910416651517
tile_r018275_c006755,1,453.4768676757813,147.44296264648438,516.26025390625,230.529052734375,0.0011877946089953
tile_r018275_c006755,1,-12.27785587310791,115.81681823730467,-2.3457274436950684,184.7015380859375,0.001185641856864
tile_r018275_c006755,1,-12.283284187316896,290.9352722167969,-2.658897399902344,361.4407043457031,0.0011765010422095
tile_r018275_c006755,1,-12.259221076965332,333.7398376464844,-2.7556915283203125,397.8851623535156,0.0011479853419587
tile_r018275_c006755,1,308.4020080566406,133.5873565673828,330.82672119140625,151.60122680664062,0.0011418560752645
tile_r018275_c006755,1,-12.083175659179688,262.0659484863281,-2.006237745285034,322.64862060546875,0.0011412139283493
tile_r018275_c006755,1,-12.260046005249023,80.32571411132812,-2.3397812843322754,144.83786010742188,0.0011348228435963
tile_r018275_c006755,1,-12.287290573120115,104.2295913696289,-2.503523349761963,172.2476043701172,0.0011135048698633
tile_r018275_c006755,1,503.3177185058594,-2.170452833175659,521.998291015625,61.21919631958008,0.0011117799440398
tile_r018275_c006755,1,-12.223150253295898,95.14704895019533,-2.47845458984375,157.1901092529297,0.0011003776453435
tile_r018275_c006755,1,294.5892944335937,515.4512939453125,367.6437072753906,524.7999877929688,0.0010874496074393
tile_r018275_c006755,1,140.97683715820312,78.8178939819336,169.1722869873047,100.5319366455078,0.0010797426803037
tile_r018275_c006755,1,-12.34256649017334,371.3265686035156,-2.386183261871338,439.3052673339844,0.0010493756271898
tile_r018275_c006755,1,466.7447204589844,167.38381958007812,522.2160034179688,254.11306762695312,0.0010352140525355
tile_r018275_c006755,1,509.8877868652344,219.1711883544922,524.7999877929688,328.5467834472656,0.0010326722403988
tile_r018275_c006755,1,250.6182861328125,461.79248046875,313.78387451171875,496.8379821777344,0.0010223088320344
tile_r018275_c006755,1,-12.333502769470217,304.16131591796875,-2.574693202972412,375.6608581542969,0.0010175800416618
tile_r018275_c006755,1,494.2054748535156,-12.181025505065918,523.7301025390625,6.250018119812012,0.0010139008518308
tile_r018275_c006755,1,493.2349548339844,22.98724365234375,523.1419677734375,116.3063507080078,0.0010115914046764
tile_r018275_c007011,1,445.8933715820313,177.95974731445312,510.9610290527344,234.42239379882807,0.8612015843391418
tile_r018275_c007011,1,-1.7961852550506592,454.0744018554688,59.06174850463867,504.2381896972656,0.8277651071548462
tile_r018275_c007011,1,421.2486267089844,27.2858943939209,472.6355590820313,72.36463165283203,0.8104342222213745
tile_r018275_c007011,1,0.0808288604021072,296.0837097167969,51.483154296875,337.6341552734375,0.802487850189209
tile_r018275_c007011,1,158.64498901367188,404.02783203125,202.19235229492188,444.4584045410156,0.7517056465148926
tile_r018275_c007011,1,49.9011344909668,349.31805419921875,80.73490142822266,378.72760009765625,0.7047373652458191
tile_r018275_c007011,1,144.0482635498047,464.892578125,187.66067504882807,503.3152465820313,0.6787605881690979
tile_r018275_c007011,1,403.7660217285156,91.2077865600586,470.1324157714844,134.38082885742188,0.6779460906982422
tile_r018275_c007011,1,358.0927124023437,226.6686553955078,399.2698669433594,262.29034423828125,0.6750659942626953
tile_r018275_c007011,1,363.3869018554688,98.7421646118164,404.1769409179688,133.5634002685547,0.5771729946136475
tile_r018275_c007011,1,53.15251922607422,131.10513305664062,84.51362609863281,155.80218505859375,0.566364049911499
tile_r018275_c007011,1,444.7212829589844,313.33642578125,472.8150329589844,336.8876953125,0.4168353080749511
tile_r018275_c007011,1,27.349559783935547,55.09897613525391,49.77934646606445,77.02153015136719,0.345549613237381
tile_r018275_c007011,1,0.2943115234375,245.4427795410156,29.678119659423828,273.9722595214844,0.2266369760036468
tile_r018275_c007011,1,25.839868545532227,52.06795501708984,53.6453857421875,79.83084869384766,0.0785561501979827
tile_r018275_c007011,1,-1.5842101573944092,242.1698303222656,31.1226863861084,279.1231384277344,0.0581817030906677
tile_r018275_c007011,1,404.05224609375,95.13433837890624,452.8155212402344,129.73399353027344,0.0486073158681392
tile_r018275_c007011,1,443.2939453125,312.1420288085937,474.919921875,342.4330444335937,0.0262711476534605
tile_r018275_c007011,1,460.4839782714844,171.70999145507812,516.3876953125,238.34976196289065,0.0257872249931097
tile_r018275_c007011,1,146.0557861328125,468.2251586914063,181.6234588623047,498.604736328125,0.0220190044492483
tile_r018275_c007011,1,50.8979377746582,126.5678482055664,88.96482849121094,158.70730590820312,0.0213878359645605
tile_r018275_c007011,1,153.7610626220703,398.5636596679688,206.4275360107422,448.2341918945313,0.0124609088525176
tile_r018275_c007011,1,85.33935546875,485.5122985839844,107.4461441040039,506.7371215820313,0.0120057556778192
tile_r018275_c007011,1,-4.835784912109375,460.1688537597656,56.67061614990234,497.5096740722656,0.0096401693299412
tile_r018275_c007011,1,139.1294708251953,460.0985412597656,198.7789306640625,510.0027465820313,0.0082871727645397
tile_r018275_c007011,1,365.41790771484375,102.7667465209961,397.07427978515625,130.0674285888672,0.0072108493186533
tile_r018275_c007011,1,446.7635803222656,186.51608276367188,503.9728393554688,231.2304229736328,0.0052388911135494
tile_r018275_c007011,1,-2.7045013904571533,236.4336395263672,36.10460662841797,282.74273681640625,0.0041766096837818
tile_r018275_c007011,1,160.9740753173828,408.4718322753906,197.47817993164065,441.27044677734375,0.0033233580179512
tile_r018275_c007011,1,414.19049072265625,12.783001899719238,480.2054138183594,82.03034210205078,0.0030983018223196
tile_r018275_c007011,1,511.0849609375,34.85186767578125,524.5260009765625,126.8331298828125,0.0030464502051472
tile_r018275_c007011,1,357.7742614746094,90.70256042480467,406.110595703125,137.52029418945312,0.0030426539015024
tile_r018275_c007011,1,407.2350463867188,95.7781982421875,468.1766662597656,127.7889633178711,0.0029920050874352
tile_r018275_c007011,1,353.95123291015625,220.10287475585935,405.0320739746094,265.8461303710937,0.0029721132013946
tile_r018275_c007011,1,399.2937927246094,81.81681823730469,476.08795166015625,144.9513397216797,0.0026433556340634
tile_r018275_c007011,1,56.48427581787109,350.5014343261719,81.83097076416016,377.3472290039063,0.0026208499912172
tile_r018275_c007011,1,47.03436279296875,343.8294372558594,84.38863372802734,382.0169982910156,0.0023575569503009
tile_r018275_c007011,1,-11.86441135406494,297.2937927246094,-1.5190902948379517,355.28912353515625,0.002354034455493
tile_r018275_c007011,1,511.6280822753906,53.37560272216797,524.5780639648438,146.58181762695312,0.0022386049386113
tile_r018275_c007011,1,-6.355969429016113,446.8443908691406,65.28599548339844,513.567138671875,0.0022370470687747
tile_r018275_c007011,1,513.3782348632812,180.8595428466797,524.6951293945312,285.5846862792969,0.0022039299365133
tile_r018275_c007011,1,511.7124938964844,310.59979248046875,524.6179809570312,405.5016174316406,0.0022002125624567
tile_r018275_c007011,1,511.7106323242188,282.46099853515625,524.515625,372.2573852539063,0.0020935316570103
tile_r018275_c007011,1,405.603515625,97.00138854980467,440.0363159179688,127.9883270263672,0.002079913392663
tile_r018275_c007011,1,-11.735221862792969,285.46844482421875,-0.2570266723632812,349.73272705078125,0.0020309407263994
tile_r018275_c007011,1,511.4028930664063,402.2166442871094,524.5985107421875,491.251708984375,0.0020156137179583
tile_r018275_c007011,1,446.5261840820313,224.123046875,513.0400390625,292.0752868652344,0.0018937105778604
tile_r018275_c007011,1,507.1465759277344,-12.800000190734863,524.7659301757812,3.4426817893981934,0.0018483627354726
tile_r018275_c007011,1,454.5979614257813,240.6514434814453,511.58544921875,295.90924072265625,0.0018450709758326
tile_r018275_c007011,1,80.17790222167969,486.220703125,112.7250518798828,510.4341735839844,0.0018247995758429
tile_r018275_c007011,1,511.5027465820313,11.244970321655272,524.6160278320312,105.79388427734376,0.0017895058263093
tile_r018275_c007011,1,-12.083337783813477,1.2396972179412842,-3.6058669090271,53.920997619628906,0.0016599810915067
tile_r018275_c007011,1,511.396240234375,383.6590270996094,524.4588623046875,470.4868774414063,0.0015949112130329
tile_r018275_c007011,1,-12.268686294555664,160.1459503173828,-3.4892210960388184,222.6308135986328,0.0015902725281193
tile_r018275_c007011,1,-12.218366622924805,42.95295333862305,-2.576576232910156,99.8350601196289,0.001587193342857
tile_r018275_c007011,1,-11.908419609069824,271.39520263671875,3.747384548187256,346.47979736328125,0.0015801356639713
tile_r018275_c007011,1,512.1024780273438,245.2046356201172,524.7232666015625,352.1565856933594,0.001543327467516
tile_r018275_c007011,1,512.7551879882812,170.76747131347656,524.2932739257812,262.7621154785156,0.0015350568573921
tile_r018275_c007011,1,-12.261369705200195,6.146261692047119,-3.327336072921753,71.06266784667969,0.0015293690375983
tile_r018275_c007011,1,512.103515625,422.90478515625,524.6871948242188,501.0553588867188,0.0014629692304879
tile_r018275_c007011,1,512.6409301757812,120.270751953125,524.5916748046875,220.3230438232422,0.0014266539365053
tile_r018275_c007011,1,-12.17142105102539,307.75439453125,-2.6908416748046875,368.9220275878906,0.0014257377479225
tile_r018275_c007011,1,-11.810447692871094,-12.45361614227295,0.510021984577179,7.624397277832031,0.0014103960711508
tile_r018275_c007011,1,512.6083984375,213.4963836669922,524.654296875,318.00982666015625,0.0013425421202555
tile_r018275_c007011,1,-12.259740829467772,51.40771484375,-2.3898422718048096,115.0771026611328,0.0013368265936151
tile_r018275_c007011,1,75.97196197509766,504.8544006347656,126.51107025146484,511.2819213867188,0.0013122889213263
tile_r018275_c007011,1,512.0635986328125,349.60333251953125,524.6419677734375,448.5259704589844,0.0013110700529068
tile_r018275_c007011,1,22.7073974609375,515.9346923828125,92.4204559326172,524.7999877929688,0.001243214122951
tile_r018275_c007011,1,512.3273315429688,75.17539978027344,524.6044921875,174.15213012695312,0.0012322107795625
tile_r018275_c007011,1,511.31341552734375,1.435235619544983,524.5327758789062,79.57012176513672,0.0012250941945239
tile_r018275_c007011,1,-12.250008583068848,17.12081527709961,-2.827954053878784,82.74542236328125,0.0011958890827372
tile_r018275_c007011,1,-12.009971618652344,479.4891662597656,0.0570236220955848,514.84228515625,0.001190454699099
tile_r018275_c007011,1,335.21612548828125,469.1315307617188,362.635986328125,494.1256713867188,0.0011900176759809
tile_r018275_c007011,1,512.9500732421875,137.9082489013672,524.5632934570312,238.1431121826172,0.0011899496894329
tile_r018275_c007011,1,-12.251282691955566,63.24296951293945,-2.522651672363281,132.15182495117188,0.0011797228362411
tile_r018275_c007011,1,67.93101501464844,505.24169921875,117.77789306640624,511.9329223632813,0.0011656676651909
tile_r018275_c007011,1,-12.230931282043455,79.08802795410156,-3.111375331878662,143.70460510253906,0.0011361148208379
tile_r018275_c007011,1,-11.551229476928713,462.2118225097656,5.906222343444824,511.6497192382813,0.0011280934559181
tile_r018275_c007011,1,-12.128944396972656,350.89434814453125,-3.320159912109375,409.1548767089844,0.001119396300055
tile_r018275_c007011,1,22.1270694732666,50.488731384277344,56.70110321044922,85.61003112792969,0.0011130907805636
tile_r018275_c007011,1,-12.293793678283691,91.42236328125,-3.679345607757568,155.06582641601562,0.0010772814275696
tile_r018275_c007011,1,38.08339691162109,515.4957275390625,111.14449310302734,524.7999877929688,0.0010762817692011
tile_r018275_c007011,1,-12.279114723205566,358.2124938964844,-3.590611219406128,423.0787963867188,0.0010405484354123
tile_r018275_c007011,1,-12.152058601379396,339.23614501953125,-3.1058592796325684,399.5491333007813,0.0010172392940148
tile_r018275_c007011,1,-5.132336616516113,284.71453857421875,54.44183349609375,343.1297912597656,0.0010074423626065
tile_r018275_c007011,1,282.0422058105469,65.00376892089844,293.1406555175781,74.3695068359375,0.0010061570210382
tile_r018275_c007267,1,190.3714141845703,178.99679565429688,263.6792297363281,235.5162353515625,0.848349392414093
tile_r018275_c007267,1,366.4297790527344,229.966796875,425.1078186035156,285.53302001953125,0.8160732388496399
tile_r018275_c007267,1,275.4415283203125,264.4052734375,318.0352783203125,304.26434326171875,0.8159965872764587
tile_r018275_c007267,1,164.7315673828125,26.856151580810547,217.3920440673828,72.96500396728516,0.8101509213447571
tile_r018275_c007267,1,253.9495086669922,63.666481018066406,310.26025390625,115.0756607055664,0.8071795105934143
tile_r018275_c007267,1,344.3919982910156,446.8455200195313,387.0098571777344,482.5,0.8046305179595947
tile_r018275_c007267,1,256.490966796875,421.5660095214844,304.0709533691406,466.6727600097656,0.7819491624832153
tile_r018275_c007267,1,246.8491668701172,344.36962890625,301.02056884765625,391.9105529785156,0.7653738856315613
tile_r018275_c007267,1,102.0831527709961,226.9442901611328,143.7689666748047,261.98834228515625,0.6996351480484009
tile_r018275_c007267,1,359.4689636230469,388.3856506347656,394.3362121582031,419.9883728027344,0.6981555819511414
tile_r018275_c007267,1,147.39712524414062,89.95634460449219,214.8391571044922,138.18447875976562,0.6664606928825378
tile_r018275_c007267,1,349.12847900390625,83.08419036865234,393.5315856933594,123.84486389160156,0.6662743091583252
tile_r018275_c007267,1,108.13655853271484,98.7806167602539,146.34381103515625,132.9762725830078,0.611594557762146
tile_r018275_c007267,1,188.23123168945312,313.0425720214844,216.91946411132807,337.4530334472656,0.3803426027297973
tile_r018275_c007267,1,284.8971252441406,333.17388916015625,312.9449768066406,360.5924377441406,0.3424035906791687
tile_r018275_c007267,1,146.66934204101562,93.36711120605467,205.39181518554688,131.2245635986328,0.2927350401878357
tile_r018275_c007267,1,148.2371063232422,90.966064453125,194.9831085205078,135.4276123046875,0.0568069405853748
tile_r018275_c007267,1,283.74371337890625,330.8664245605469,317.873779296875,365.7797546386719,0.047530248761177
tile_r018275_c007267,1,354.16943359375,86.82634735107422,392.1896362304688,118.0909423828125,0.0349738672375679
tile_r018275_c007267,1,361.85400390625,391.5278930664063,389.0979614257813,417.58697509765625,0.0317953824996948
tile_r018275_c007267,1,251.4792938232422,415.5679626464844,307.59771728515625,471.7250061035156,0.0236426182091236
tile_r018275_c007267,1,186.2982177734375,309.609375,220.35549926757807,341.0249938964844,0.0186858884990215
tile_r018275_c007267,1,145.1214141845703,85.3248062133789,221.29757690429688,149.6202392578125,0.0126069877296686
tile_r018275_c007267,1,103.88623046875,95.220458984375,151.4138641357422,136.75796508789062,0.0093159256502985
tile_r018275_c007267,1,109.2207260131836,102.8913803100586,140.99343872070312,129.8492889404297,0.0090374052524566
tile_r018275_c007267,1,356.3670349121094,384.0597229003906,398.21234130859375,424.520263671875,0.0082557555288076
tile_r018275_c007267,1,512.1978759765625,354.9818420410156,524.6121215820312,461.2786254882813,0.0073769418522715
tile_r018275_c007267,1,511.6183471679688,308.13702392578125,524.5615234375,410.4642028808594,0.0070040835998952
tile_r018275_c007267,1,344.9991760253906,78.27595520019531,396.68408203125,129.2088165283203,0.0068758931010961
tile_r018275_c007267,1,511.38031005859375,20.959461212158203,524.5860595703125,114.0762176513672,0.00648974487558
tile_r018275_c007267,1,511.8409729003906,330.817626953125,524.592041015625,437.937744140625,0.0064239166676998
tile_r018275_c007267,1,511.4966735839844,280.88336181640625,524.5989990234375,386.2591857910156,0.0060144360177218
tile_r018275_c007267,1,511.625,246.3079071044922,524.5804443359375,347.709228515625,0.0058078244328498
tile_r018275_c007267,1,511.91650390625,37.505516052246094,524.6661987304688,139.89309692382812,0.005500310100615
tile_r018275_c007267,1,511.7210083007813,219.4641571044922,524.5836791992188,324.90771484375,0.0051234224811196
tile_r018275_c007267,1,265.8688659667969,330.4579162597656,317.2563171386719,381.3858337402344,0.0049982937052845
tile_r018275_c007267,1,276.0909118652344,328.97088623046875,320.58087158203125,372.70941162109375,0.004716741386801
tile_r018275_c007267,1,512.3802490234375,381.284423828125,524.6546630859375,481.15667724609375,0.0047021731734275
tile_r018275_c007267,1,512.1172485351562,190.52886962890625,524.5960693359375,298.95513916015625,0.0042807688005268
tile_r018275_c007267,1,257.3022766113281,426.57666015625,297.0921630859375,464.2741088867188,0.0041164397262036
tile_r018275_c007267,1,511.2141723632813,0.838696300983429,524.5997924804688,94.94415283203124,0.0038376243319362
tile_r018275_c007267,1,512.1179809570312,64.20388793945312,524.5902099609375,164.5670166015625,0.0034017101861536
tile_r018275_c007267,1,254.74465942382807,332.07574462890625,314.8446044921875,390.7030944824219,0.003373758867383
tile_r018275_c007267,1,201.6299743652344,256.5172424316406,245.27490234375,294.1734924316406,0.0032254755496978
tile_r018275_c007267,1,97.9696044921875,220.2547912597656,149.39309692382812,265.37799072265625,0.0030851422343403
tile_r018275_c007267,1,512.1633911132812,140.0056610107422,524.6165161132812,246.563232421875,0.0030618850141763
tile_r018275_c007267,1,512.0037841796875,100.4274444580078,524.6011962890625,205.58316040039065,0.0029033136088401
tile_r018275_c007267,1,512.0617065429688,166.3758087158203,524.5568237304688,272.01300048828125,0.002822549548
tile_r018275_c007267,1,157.40115356445312,11.741369247436523,225.1088409423828,82.66444396972656,0.0027148344088345
tile_r018275_c007267,1,195.2069396972656,235.306640625,254.4999084472656,294.82879638671875,0.0026959481183439
tile_r018275_c007267,1,270.0713806152344,258.32440185546875,323.50341796875,310.0589904785156,0.0025924767833203
tile_r018275_c007267,1,250.73501586914065,57.95149993896485,316.910400390625,121.41739654541016,0.0025277654640376
tile_r018275_c007267,1,199.4599609375,245.3358459472656,248.6952209472656,293.638671875,0.0024002471473068
tile_r018275_c007267,1,149.61788940429688,96.6069107055664,184.32986450195312,128.45626831054688,0.0022874257992953
tile_r018275_c007267,1,341.041748046875,439.1045837402344,393.1951599121094,491.44677734375,0.0022081597708165
tile_r018275_c007267,1,-12.24215030670166,467.88275146484375,-1.7482742071151731,513.8174438476562,0.002176395850256
tile_r018275_c007267,1,512.263671875,408.2938537597656,524.4423828125,484.6036071777344,0.0019848307128995
tile_r018275_c007267,1,445.0686645507813,209.094482421875,468.7713012695313,230.34848022460935,0.0017804462695494
tile_r018275_c007267,1,-12.298001289367676,486.485107421875,-1.0593414306640625,516.7816772460938,0.0017556512029841
tile_r018275_c007267,1,508.4335021972656,-12.800000190734863,524.6375732421875,14.237112045288086,0.0016116788610816
tile_r018275_c007267,1,511.5626831054688,-5.972198486328125,524.7349853515625,64.81385803222656,0.0016107697738334
tile_r018275_c007267,1,190.6547698974609,187.66732788085935,249.93505859375,231.0716857910156,0.0015908654313534
tile_r018275_c007267,1,188.2418975830078,224.0095672607422,259.24664306640625,291.326171875,0.0015706456033512
tile_r018275_c007267,1,-12.270990371704102,507.51806640625,2.873547315597534,524.6632080078125,0.001559390919283
tile_r018275_c007267,1,510.0584106445313,369.23138427734375,524.7999877929688,472.930908203125,0.0015274545876309
tile_r018275_c007267,1,-12.33743667602539,375.47955322265625,-2.1226394176483154,435.4185180664063,0.0015117026632651
tile_r018275_c007267,1,-12.29788589477539,435.6624450683594,-2.0615525245666504,499.0672302246094,0.0013824740890413
tile_r018275_c007267,1,441.063232421875,505.41497802734375,507.924560546875,512.1954345703125,0.0013797513674944
tile_r018275_c007267,1,-12.376026153564451,384.74615478515625,-2.171107530593872,451.06732177734375,0.0013699469855055
tile_r018275_c007267,1,35.3330078125,185.91574096679688,129.21441650390625,270.07476806640625,0.0013687151949852
tile_r018275_c007267,1,-12.336709022521973,365.4929809570313,-1.9595504999160769,422.9131774902344,0.001367155695334
tile_r018275_c007267,1,-12.27194118499756,451.1167907714844,-1.7489821910858154,510.0877075195313,0.0013266109162941
tile_r018275_c007267,1,443.7466735839844,-0.8562377691268921,517.3580932617188,81.17234802246094,0.0013152492465451
tile_r018275_c007267,1,-12.360239028930664,4.546484470367432,-4.248181343078613,69.33650970458984,0.0013064849190413
tile_r018275_c007267,1,-12.476655960083008,295.24786376953125,-2.489436388015747,357.3656311035156,0.0012742109829559
tile_r018275_c007267,1,496.652587890625,-0.6061156988143921,521.5214233398438,65.88442993164062,0.0012660204665735
tile_r018275_c007267,1,-12.235316276550291,424.212646484375,-2.035170078277588,485.1808166503906,0.0012417489197105
tile_r018275_c007267,1,-12.470911026000977,307.42498779296875,-2.4135239124298096,369.7131958007813,0.0012344280257821
tile_r018275_c007267,1,-11.622309684753418,-12.479394912719728,-0.6352691650390625,12.99114990234375,0.0012158453464508
tile_r018275_c007267,1,-12.476350784301758,283.0928955078125,-2.303567409515381,345.1127319335937,0.0012105475179851
tile_r018275_c007267,1,161.0966339111328,229.3793029785156,178.9932098388672,244.1708984375,0.0012067661155015
tile_r018275_c007267,1,184.13470458984372,306.194091796875,225.78237915039065,348.3970642089844,0.0011902239639312
tile_r018275_c007267,1,78.9537124633789,468.4883728027344,106.4935302734375,494.09619140625,0.0011848103022202
tile_r018275_c007267,1,-12.44238567352295,321.2337646484375,-2.2036499977111816,382.5841064453125,0.0011822140077129
tile_r018275_c007267,1,144.37203979492188,284.3775939941406,224.6022491455078,344.8111267089844,0.0011736969463527
tile_r018275_c007267,1,-12.540422439575195,245.9185485839844,-2.938737392425537,308.3511657714844,0.0011599643621593
tile_r018275_c007267,1,-12.53801155090332,237.13491821289065,-3.525526523590088,297.00555419921875,0.0011224101763218
tile_r018275_c007267,1,-12.405488014221191,351.31756591796875,-1.8356720209121704,411.79681396484375,0.0011202358873561
tile_r018275_c007267,1,-12.522515296936035,256.33990478515625,-2.431050062179565,320.80743408203125,0.001115100341849
tile_r018275_c007267,1,-12.490106582641602,269.5883178710937,-2.2783737182617188,333.0512084960937,0.0011017449432983
tile_r018275_c007267,1,-12.342185020446776,397.2012634277344,-1.9865554571151731,465.86767578125,0.0011011174647137
tile_r018275_c007267,1,-12.433931350708008,15.974499702453612,-4.299025058746338,80.7814712524414,0.0010998442303389
tile_r018275_c007267,1,-12.25589084625244,411.7296447753906,-1.885865807533264,475.2823791503906,0.0010980786755681
tile_r018275_c007267,1,-12.432683944702148,335.80194091796875,-1.9799178838729856,397.7880859375,0.0010882329661399
tile_r018275_c007267,1,35.7923698425293,195.47933959960935,113.13264465332033,280.6910095214844,0.001066000550054
tile_r018275_c007267,1,278.597412109375,323.5589904785156,321.9822692871094,365.4931640625,0.0010651239426806
tile_r018275_c007267,1,488.6491088867188,-12.342437744140623,523.8033447265625,-2.8059310913085938,0.0010098495986312
tile_r018275_c007267,1,519.5787963867188,419.3058471679688,524.7999877929688,485.7289123535156,0.0010075843892991
tile_r018531_c005987,1,185.0907287597656,227.7210998535156,230.9520568847656,269.8741149902344,0.8239442110061646
tile_r018531_c005987,1,298.5478515625,150.90127563476562,356.97625732421875,202.3784637451172,0.8238043785095215
tile_r018531_c005987,1,411.8787231445313,429.9202575683594,466.1359252929688,474.885986328125,0.8144618272781372
tile_r018531_c005987,1,255.898193359375,94.10792541503906,294.8060913085937,128.37216186523438,0.794741690158844
tile_r018531_c005987,1,397.5982360839844,234.53939819335935,442.9615173339844,273.39605712890625,0.7724190354347229
tile_r018531_c005987,1,2.405010938644409,420.89990234375,48.395355224609375,466.3418884277344,0.767069935798645
tile_r018531_c005987,1,252.6851043701172,25.750207901000977,308.2042541503906,64.90476989746094,0.7658803462982178
tile_r018531_c005987,1,361.009521484375,112.44392395019533,395.3463745117188,147.41873168945312,0.763407289981842
tile_r018531_c005987,1,90.10636901855467,71.82637023925781,128.96597290039062,105.89363098144533,0.7402796149253845
tile_r018531_c005987,1,255.1129913330078,477.4059448242188,292.8544921875,510.76513671875,0.7127224206924438
tile_r018531_c005987,1,257.10321044921875,343.02197265625,286.7764587402344,371.3385620117188,0.6192920207977295
tile_r018531_c005987,1,351.30194091796875,301.45123291015625,393.9991149902344,336.07391357421875,0.5545372366905212
tile_r018531_c005987,1,463.51849365234375,396.7096557617188,496.01763916015625,424.5120239257813,0.4511063694953918
tile_r018531_c005987,1,460.3972778320313,392.8589782714844,497.6052856445313,427.6233520507813,0.0446112416684627
tile_r018531_c005987,1,-1.4107666015625,414.7169799804688,51.39495849609375,471.6828002929688,0.0420337207615375
tile_r018531_c005987,1,357.1249389648437,304.2998046875,392.322998046875,331.88446044921875,0.0389467366039752
tile_r018531_c005987,1,262.06085205078125,30.16001510620117,307.7900390625,62.40641403198242,0.0308133624494075
tile_r018531_c005987,1,255.0897521972656,339.2089233398437,290.2255249023437,374.54779052734375,0.0274775978177785
tile_r018531_c005987,1,257.8739318847656,481.9630737304688,286.96856689453125,509.8790893554688,0.0128341605886816
tile_r018531_c005987,1,306.8622131347656,155.84609985351562,355.8343811035156,198.1853485107422,0.0112478379160165
tile_r018531_c005987,1,85.28007507324219,67.0802001953125,133.2611846923828,110.8251495361328,0.0085570886731147
tile_r018531_c005987,1,344.0946350097656,294.94140625,397.6945190429688,342.1006774902344,0.0079120621085166
tile_r018531_c005987,1,510.9918823242188,180.12469482421875,524.6129150390625,281.87335205078125,0.0078426878899335
tile_r018531_c005987,1,511.1512756347656,206.27685546875,524.6126098632812,306.63885498046875,0.00776973599568
tile_r018531_c005987,1,511.5372924804688,232.2181701660156,524.6111450195312,333.1622009277344,0.0075077237561345
tile_r018531_c005987,1,512.0100708007812,255.474365234375,524.59716796875,359.13946533203125,0.0070549342781305
tile_r018531_c005987,1,511.2730102539063,158.30313110351562,524.5728149414062,253.2721710205078,0.0064789289608597
tile_r018531_c005987,1,251.1099395751953,90.3712387084961,300.46954345703125,132.8529815673828,0.0060823401436209
tile_r018531_c005987,1,366.60009765625,115.41105651855467,392.7911071777344,144.14163208007812,0.0049688681028783
tile_r018531_c005987,1,511.62890625,125.9281234741211,524.654296875,229.65005493164065,0.0047491830773651
tile_r018531_c005987,1,511.54205322265625,78.68778991699219,524.5955810546875,178.13241577148438,0.004731603898108
tile_r018531_c005987,1,512.0147705078125,322.78912353515625,524.5421142578125,417.643798828125,0.0045928629115223
tile_r018531_c005987,1,511.4739379882813,55.1624755859375,524.5862426757812,154.40841674804688,0.0045747850090265
tile_r018531_c005987,1,512.14892578125,292.37921142578125,524.6416015625,397.0205078125,0.004459329880774
tile_r018531_c005987,1,511.7979431152344,99.9168930053711,524.61962890625,203.1629638671875,0.0044357609003782
tile_r018531_c005987,1,511.641357421875,431.9733276367188,524.5318603515625,510.66943359375,0.0039095464162528
tile_r018531_c005987,1,512.3717041015625,381.8655090332031,524.6480712890625,483.7919006347656,0.0034478646703064
tile_r018531_c005987,1,511.6171875,26.731517791748047,524.6204833984375,130.54200744628906,0.0032751187682151
tile_r018531_c005987,1,292.6362609863281,143.848876953125,362.8484497070313,213.5464782714844,0.0030055046081542
tile_r018531_c005987,1,-11.786686897277832,414.8195190429688,-0.9934371709823608,475.8841857910156,0.0028935871087014
tile_r018531_c005987,1,512.5866088867188,347.13433837890625,524.4934692382812,443.1950073242188,0.0027950755320489
tile_r018531_c005987,1,-11.90787410736084,424.6607360839844,-1.7998489141464231,483.1753845214844,0.0024553849361836
tile_r018531_c005987,1,513.0184326171875,448.5884704589844,524.6360473632812,514.1516723632812,0.0024234589654952
tile_r018531_c005987,1,-12.28239631652832,487.0575256347656,-2.0744004249572754,516.6004638671875,0.0023362780921161
tile_r018531_c005987,1,-11.860063552856444,404.8653259277344,0.5760360956192017,470.7600708007813,0.0022124978713691
tile_r018531_c005987,1,511.790283203125,7.566418647766113,524.6168212890625,101.87744140625,0.0022068773396313
tile_r018531_c005987,1,-12.213911056518556,471.1926879882813,-3.152813673019409,514.9041748046875,0.0018123948248103
tile_r018531_c005987,1,-12.219305038452148,435.5807189941406,-3.355332851409912,498.5726013183594,0.0017887112917378
tile_r018531_c005987,1,416.8241271972656,435.4832153320313,463.8885803222656,471.0894470214844,0.0017383818048983
tile_r018531_c005987,1,408.5768432617188,425.39794921875,470.2190551757813,484.2454223632813,0.0017313144635409
tile_r018531_c005987,1,-12.341052055358888,506.1719665527344,2.2582123279571533,524.6971435546875,0.0016378499567508
tile_r018531_c005987,1,261.25714111328125,345.1016540527344,288.76055908203125,368.2155151367188,0.0015647001564502
tile_r018531_c005987,1,-12.083418846130373,337.8412475585937,-2.3991425037384038,395.76947021484375,0.0015556633006781
tile_r018531_c005987,1,422.1744995117188,61.02289962768555,446.4092712402344,86.54377746582031,0.0015204006340354
tile_r018531_c005987,1,275.8190612792969,183.75747680664065,290.2511901855469,197.9878387451172,0.001435759011656
tile_r018531_c005987,1,419.4913024902344,468.2098693847656,455.1174926757813,483.8614196777344,0.0014096535742282
tile_r018531_c005987,1,399.2691345214844,238.84194946289065,438.8742065429688,269.898193359375,0.0013692646753042
tile_r018531_c005987,1,-12.5696382522583,5.845160007476807,-4.023022651672363,67.20057678222656,0.0013692477950826
tile_r018531_c005987,1,512.0709228515625,-3.680853366851807,524.5189208984375,77.3078384399414,0.0013523097150027
tile_r018531_c005987,1,180.08251953125,219.1160125732422,241.0765686035156,279.48223876953125,0.0013199842069298
tile_r018531_c005987,1,509.4714965820313,-12.800000190734863,524.6070556640625,16.850360870361328,0.0012871901271864
tile_r018531_c005987,1,-12.406657218933104,223.4751434326172,-3.972428798675537,282.64111328125,0.0012611546553671
tile_r018531_c005987,1,8.654436111450195,426.9541015625,46.041351318359375,463.4293823242188,0.0012493469985201
tile_r018531_c005987,1,-12.384794235229492,-1.813726782798767,-3.968371629714966,53.39906692504883,0.001245048479177
tile_r018531_c005987,1,499.7373962402344,450.6574096679688,521.2012939453125,511.9623107910156,0.0012343915877863
tile_r018531_c005987,1,-12.212178230285645,386.3224182128906,-0.5725479125976562,466.8404846191406,0.0012326203286647
tile_r018531_c005987,1,449.0601501464844,386.0881958007813,500.8255920410156,434.64453125,0.0012283383402973
tile_r018531_c005987,1,-12.237348556518556,356.2787475585937,-2.800734043121338,417.6637268066406,0.001220884732902
tile_r018531_c005987,1,280.2203063964844,515.5107421875,333.9862365722656,524.4627075195312,0.001194846117869
tile_r018531_c005987,1,-12.398466110229492,300.25274658203125,-3.414724826812744,360.6447143554688,0.0011886650463566
tile_r018531_c005987,1,-12.341965675354004,312.44012451171875,-3.1210739612579346,375.7857360839844,0.0011588361812755
tile_r018531_c005987,1,-11.95446491241455,-12.488564491271973,-0.2134674042463302,12.666732788085938,0.0011535985395312
tile_r018531_c005987,1,458.693359375,386.2640075683594,503.57421875,428.544189453125,0.0011509171454235
tile_r018531_c005987,1,482.28173828125,466.8009643554688,517.0145263671875,511.427734375,0.001107205520384
tile_r018531_c005987,1,513.0086059570312,501.60107421875,524.7999877929688,524.7999877929688,0.001091064303182
tile_r018531_c005987,1,-12.464828491210938,288.2025756835937,-3.4537155628204346,348.756591796875,0.0010401826584711
tile_r018531_c005987,1,91.46142578125,75.1537857055664,123.7774429321289,102.8809585571289,0.0010174079798161
tile_r018531_c005987,1,-12.624765396118164,55.671119689941406,-3.9516799449920654,119.55305480957033,0.0010088903363794
tile_r018531_c006243,1,284.7304992675781,472.1828002929688,345.6410827636719,514.3181762695312,0.8189136385917664
tile_r018531_c006243,1,43.149635314941406,150.95022583007812,100.76798248291016,202.1048583984375,0.8156684041023254
tile_r018531_c006243,1,335.4168395996094,420.1326293945313,389.2583618164063,468.65185546875,0.8136070370674133
tile_r018531_c006243,1,155.850830078125,429.49365234375,210.2740173339844,475.4596557617188,0.809192955493927
tile_r018531_c006243,1,1.2975037097930908,93.4320068359375,39.726356506347656,128.8831787109375,0.7778851985931396
tile_r018531_c006243,1,1.7646362781524658,25.702096939086918,52.45208740234375,64.9918441772461,0.7731863260269165
tile_r018531_c006243,1,141.76718139648438,234.57241821289065,187.1561279296875,273.7107849121094,0.7587283849716187
tile_r018531_c006243,1,105.4011459350586,112.68244934082033,139.10037231445312,147.3243865966797,0.7474936246871948
tile_r018531_c006243,1,477.0856018066406,386.1474304199219,513.4462280273438,429.6437377929688,0.7309573888778687
tile_r018531_c006243,1,0.6684859991073608,476.8442993164063,36.97011184692383,511.344970703125,0.6628931760787964
tile_r018531_c006243,1,443.6290893554688,69.92164611816406,494.6882934570313,109.08659362792967,0.638677179813385
tile_r018531_c006243,1,1.426055908203125,342.5447692871094,32.35009765625,371.073486328125,0.5456609129905701
tile_r018531_c006243,1,95.76545715332033,302.14031982421875,138.77835083007812,334.1474609375,0.5001956820487976
tile_r018531_c006243,1,208.17758178710935,397.0494995117188,238.32162475585935,422.5146484375,0.1597737371921539
tile_r018531_c006243,1,492.6948852539063,270.7857360839844,513.4591064453125,304.0384826660156,0.1552501767873764
tile_r018531_c006243,1,478.66015625,381.6092834472656,518.8978271484375,436.3458862304688,0.0829520300030708
tile_r018531_c006243,1,439.2337951660156,62.599098205566406,499.88037109375,113.2556381225586,0.0775343626737594
tile_r018531_c006243,1,293.82330322265625,478.2810668945313,344.2348022460937,513.162109375,0.0619234852492809
tile_r018531_c006243,1,101.4404296875,304.35162353515625,136.32894897460938,331.5975036621094,0.0403904803097248
tile_r018531_c006243,1,0.1105270385742187,339.283203125,35.49530792236328,375.59423828125,0.0281937196850776
tile_r018531_c006243,1,495.8056640625,267.2940368652344,518.3439331054688,306.3438415527344,0.0248216893523931
tile_r018531_c006243,1,-3.3468017578125,470.0173950195313,39.972389221191406,513.96923828125,0.0190191660076379
tile_r018531_c006243,1,486.738525390625,266.86346435546875,515.687744140625,306.3179626464844,0.0186852030456066
tile_r018531_c006243,1,2.4802963733673096,480.2655334472656,31.2520751953125,509.91357421875,0.0143880480900406
tile_r018531_c006243,1,51.14509201049805,155.9272918701172,99.70542907714844,197.9629669189453,0.010248688980937
tile_r018531_c006243,1,448.7044982910156,73.9080581665039,492.4400329589844,105.83894348144533,0.0101634627208113
tile_r018531_c006243,1,88.40220642089844,295.1820678710937,141.93264770507812,341.64068603515625,0.0094482917338609
tile_r018531_c006243,1,489.3314514160156,386.1268310546875,514.3232421875,426.4139709472656,0.0081493621692061
tile_r018531_c006243,1,498.3564453125,271.5533142089844,512.5301513671875,301.8988342285156,0.0060692755505442
tile_r018531_c006243,1,470.4032287597656,379.8043518066406,514.7545776367188,434.2635192871094,0.0059936414472758
tile_r018531_c006243,1,205.0563507080078,393.9918518066406,242.0409240722656,425.95806884765625,0.0059684789739549
tile_r018531_c006243,1,110.92828369140624,115.5354461669922,136.63668823242188,144.0129852294922,0.0049702189862728
tile_r018531_c006243,1,511.4020385742188,119.296142578125,524.5514526367188,217.0221710205078,0.0039702160283923
tile_r018531_c006243,1,511.8609313964844,144.2352294921875,524.5418701171875,236.4730224609375,0.0039404476992785
tile_r018531_c006243,1,511.5751037597656,89.0341567993164,524.6251220703125,191.48898315429688,0.0036808112636208
tile_r018531_c006243,1,511.9436645507813,68.25011444091797,524.5979614257812,164.1734161376953,0.0030316836200654
tile_r018531_c006243,1,-3.3509535789489746,89.32135009765625,42.072547912597656,133.21945190429688,0.0027518530841916
tile_r018531_c006243,1,513.1092529296875,383.9539184570313,524.6637573242188,479.1047973632813,0.002705875551328
tile_r018531_c006243,1,-11.491422653198242,474.8080139160156,5.2155303955078125,516.1990356445312,0.0026848348788917
tile_r018531_c006243,1,-5.519140720367432,8.829626083374023,58.51790618896485,71.49735260009766,0.0025658046361058
tile_r018531_c006243,1,13.853082656860352,29.904315948486328,51.60051727294922,61.66200637817383,0.0025298739783465
tile_r018531_c006243,1,38.2283935546875,144.73654174804688,106.7685546875,212.0746154785156,0.0024787855800241
tile_r018531_c006243,1,330.1122741699219,414.982421875,394.0110168457031,475.6087951660156,0.0024531225208193
tile_r018531_c006243,1,512.0088500976562,40.09577560424805,524.6146240234375,140.19638061523438,0.0023397707846015
tile_r018531_c006243,1,512.0768432617188,165.00411987304688,524.60205078125,255.1322479248047,0.0022811463568359
tile_r018531_c006243,1,-11.519953727722168,21.357446670532227,-3.0333175659179688,76.72672271728516,0.0022025504149496
tile_r018531_c006243,1,-11.468487739562988,93.05384826660156,-0.6159393191337585,148.51419067382812,0.0021530236117541
tile_r018531_c006243,1,-11.669488906860352,11.31414794921875,-1.4967788457870483,74.56314849853516,0.0020649533253163
tile_r018531_c006243,1,511.7092895507813,5.0506591796875,524.5891723632812,96.6502914428711,0.0019419516902416
tile_r018531_c006243,1,460.5486450195313,371.1423034667969,512.7498168945312,433.35888671875,0.001940096844919
tile_r018531_c006243,1,19.943756103515625,183.7738494873047,34.01166534423828,197.49783325195312,0.0018848690669983
tile_r018531_c006243,1,495.7037963867188,244.520263671875,521.3606567382812,312.31622314453125,0.0018550854874774
tile_r018531_c006243,1,-12.02448272705078,343.9618530273437,-3.088265895843506,405.5389099121094,0.0018053003586828
tile_r018531_c006243,1,512.5755615234375,190.92044067382807,524.6296997070312,282.15582275390625,0.0017557764658704
tile_r018531_c006243,1,-11.570422172546388,336.8282775878906,1.1699371337890625,395.09381103515625,0.0017528020543977
tile_r018531_c006243,1,-11.982723236083984,101.4869384765625,-3.759845018386841,162.57034301757812,0.0017310995608568
tile_r018531_c006243,1,512.2098388671875,263.8084411621094,524.68994140625,362.02191162109375,0.0017123153666034
tile_r018531_c006243,1,509.0139770507813,-12.800000190734863,524.6619262695312,20.420135498046875,0.0016970532014966
tile_r018531_c006243,1,275.12567138671875,462.65185546875,352.822265625,521.2551879882812,0.0016403392655774
tile_r018531_c006243,1,512.8717041015625,320.48065185546875,524.6651000976562,419.5697326660156,0.0015973481349647
tile_r018531_c006243,1,-3.555004835128784,333.8373413085937,39.5412712097168,383.4679260253906,0.0015904223546385
tile_r018531_c006243,1,-11.35499382019043,85.06575012207031,5.716133117675781,144.01290893554688,0.00152769300621
tile_r018531_c006243,1,2.152761936187744,96.4149169921875,32.468936920166016,125.2643051147461,0.0015250296564772
tile_r018531_c006243,1,-12.054685592651367,504.0765686035156,8.131757736206055,524.7999877929688,0.0015114818233996
tile_r018531_c006243,1,492.811279296875,54.41977691650391,521.5054321289062,132.1763916015625,0.0014851875603199
tile_r018531_c006243,1,148.5756378173828,420.2591857910156,217.2043914794922,487.3409118652344,0.0014792495639994
tile_r018531_c006243,1,-12.283594131469728,256.4374084472656,-2.700874328613281,316.74493408203125,0.0014674760168418
tile_r018531_c006243,1,511.7679748535156,-3.013427734375,524.4593505859375,74.2105941772461,0.0014256611466407
tile_r018531_c006243,1,136.95950317382812,229.2898406982422,190.18197631835935,278.44537353515625,0.0014202650636434
tile_r018531_c006243,1,160.82803344726562,435.21826171875,207.864501953125,471.3702087402344,0.0014200378209352
tile_r018531_c006243,1,-12.272504806518556,244.0116729736328,-2.825924634933472,307.0170288085937,0.0014172075316309
tile_r018531_c006243,1,509.4341735839844,260.9847106933594,524.2254028320312,334.7478942871094,0.0014140662970021
tile_r018531_c006243,1,-12.351277351379396,154.1202850341797,-2.8752427101135254,216.43478393554688,0.0014113741926848
tile_r018531_c006243,1,-12.327071189880373,267.9029846191406,-2.628430128097534,328.8292541503906,0.0014038138324394
tile_r018531_c006243,1,-11.532922744750977,330.2231750488281,4.6853532791137695,389.2884521484375,0.0013889537658542
tile_r018531_c006243,1,518.3031005859375,262.1211853027344,524.5205688476562,325.060546875,0.0013810594100505
tile_r018531_c006243,1,-12.027926445007324,437.9366760253906,0.7152099609375,500.9653930664063,0.0013612592592835
tile_r018531_c006243,1,519.8858642578125,383.4247741699219,524.3952026367188,438.9314575195313,0.0013379576848819
tile_r018531_c006243,1,-12.35543441772461,165.1630401611328,-2.4006056785583496,231.52377319335935,0.0013318875571712
tile_r018531_c006243,1,-12.35775089263916,409.6607360839844,-2.472970485687256,469.7808532714844,0.0013300495920702
tile_r018531_c006243,1,490.2323303222656,258.6695251464844,521.7093505859375,333.9800720214844,0.0013266114983707
tile_r018531_c006243,1,-12.243563652038574,231.75308227539065,-3.045309543609619,295.4798278808594,0.0013239792315289
tile_r018531_c006243,1,-12.35015106201172,398.7153930664063,-2.56067967414856,457.92279052734375,0.0013199967797845
tile_r018531_c006243,1,-12.296411514282228,143.3245086669922,-3.256341457366944,204.8991241455078,0.0012994756689295
tile_r018531_c006243,1,512.78369140625,204.5619659423828,524.7999877929688,300.5419311523437,0.0012768740998581
tile_r018531_c006243,1,-12.265745162963867,423.9671020507813,-2.043286085128784,482.4561462402344,0.0012565767392516
tile_r018531_c006243,1,512.6979370117188,298.1600036621094,524.5182495117188,386.7850036621094,0.0012536072172224
tile_r018531_c006243,1,-12.27684211730957,178.88272094726562,-2.1646149158477783,247.7571258544922,0.0012279406655579
tile_r018531_c006243,1,-12.191720008850098,219.5072326660156,-2.8885223865509038,283.7890625,0.001218099379912
tile_r018531_c006243,1,-12.180618286132812,194.11312866210935,-2.3099029064178467,262.2478942871094,0.0012011256767436
tile_r018531_c006243,1,164.53305053710938,60.61705780029297,192.0822296142578,87.88258361816406,0.001197961741127
tile_r018531_c006243,1,143.413818359375,238.86978149414065,182.8203125,270.0606384277344,0.0011786883696913
tile_r018531_c006243,1,-12.277193069458008,129.28579711914062,-3.41395115852356,194.4071807861328,0.0011748104589059
tile_r018531_c006243,1,-12.228696823120115,114.70475769042967,-3.906895399093628,179.66232299804688,0.0011591844959184
tile_r018531_c006243,1,-11.500371932983398,459.6119995117188,24.823938369750977,516.2506713867188,0.0011454925406724
tile_r018531_c006243,1,-12.291834831237791,387.3608703613281,-2.6725800037384038,447.36767578125,0.0011335781309753
tile_r018531_c006243,1,-12.150228500366213,207.5070343017578,-2.5606963634490967,273.42333984375,0.0011256716679781
tile_r018531_c006243,1,203.917724609375,391.2525634765625,245.58609008789065,434.8585815429688,0.0010931428987532
tile_r018531_c006243,1,-12.300573348999023,353.5365600585937,-3.47467041015625,420.87835693359375,0.0010918119223788
tile_r018531_c006243,1,481.9562072753906,246.9072723388672,519.4739990234375,312.2000427246094,0.0010772757232189
tile_r018531_c006243,1,508.2443237304688,132.4248809814453,524.7999877929688,223.70675659179688,0.0010541550582274
tile_r018531_c006243,1,513.0009765625,349.11981201171875,524.7337036132812,440.8776245117188,0.0010531537700444
tile_r018531_c006243,1,504.5731506347656,250.05044555664065,524.4298095703125,318.3807067871094,0.0010335722472518
tile_r018531_c006243,1,323.75762939453125,515.4542236328125,390.274169921875,524.7131958007812,0.0010185611899942
tile_r018531_c006499,1,29.827672958374023,472.07275390625,89.70088958740234,514.3782348632812,0.8209549784660339
tile_r018531_c006499,1,79.5003890991211,420.3876953125,133.32546997070312,468.7619018554688,0.8188515901565552
tile_r018531_c006499,1,330.20770263671875,246.0799865722656,386.3323364257813,294.5738220214844,0.8175204396247864
tile_r018531_c006499,1,221.0993194580078,386.06488037109375,266.05450439453125,429.5623474121094,0.7874457836151123
tile_r018531_c006499,1,454.41015625,214.9045867919922,512.7613525390625,266.5146484375,0.7673808336257935
tile_r018531_c006499,1,253.0770263671875,453.6634826660156,318.9013977050781,513.7669677734375,0.7628606557846069
tile_r018531_c006499,1,462.2967834472656,109.6032485961914,511.4119262695313,152.6736602783203,0.7459512948989868
tile_r018531_c006499,1,186.6331329345703,67.45365142822266,239.0506134033203,111.12052917480467,0.639476478099823
tile_r018531_c006499,1,237.38412475585935,271.30303955078125,272.1783142089844,303.5050964355469,0.5736277103424072
tile_r018531_c006499,1,253.1639709472656,307.1107788085937,289.64239501953125,345.568115234375,0.5220007300376892
tile_r018531_c006499,1,257.77960205078125,465.176513671875,306.10797119140625,510.1431274414063,0.2365327626466751
tile_r018531_c006499,1,460.1685485839844,101.7104263305664,516.3521728515625,158.30105590820312,0.1343391835689544
tile_r018531_c006499,1,275.9560546875,220.6455078125,301.57635498046875,243.3755798339844,0.1245529279112815
tile_r018531_c006499,1,187.58718872070312,72.4329833984375,230.85592651367188,107.3004913330078,0.0873453468084335
tile_r018531_c006499,1,341.5702514648437,452.807861328125,363.02545166015625,471.6411743164063,0.061584535986185
tile_r018531_c006499,1,37.84329605102539,478.1022338867188,88.30296325683594,513.2111206054688,0.0583502650260925
tile_r018531_c006499,1,246.8692321777344,301.96319580078125,291.8006286621094,349.0308532714844,0.0539197064936161
tile_r018531_c006499,1,239.75747680664065,274.5355834960937,267.7350158691406,301.6871643066406,0.0210029110312461
tile_r018531_c006499,1,459.765625,201.30810546875,520.2711181640625,276.0565490722656,0.0146528827026486
tile_r018531_c006499,1,182.51300048828125,61.36503982543945,242.5618133544922,116.0398406982422,0.0114071760326623
tile_r018531_c006499,1,273.892822265625,217.7231903076172,305.4999084472656,246.1807098388672,0.0103202741593122
tile_r018531_c006499,1,231.5595703125,266.1036071777344,274.0467834472656,306.67999267578125,0.004967653658241
tile_r018531_c006499,1,216.5822296142578,381.5094604492188,269.8976135253906,435.6514587402344,0.004308745265007
tile_r018531_c006499,1,513.1654663085938,219.1846618652344,524.6675415039062,331.10968017578125,0.0043038767762482
tile_r018531_c006499,1,340.1697692871094,454.0916137695313,359.2400817871094,470.28662109375,0.0039138309657573
tile_r018531_c006499,1,330.4330139160156,249.53189086914065,379.64306640625,287.5035705566406,0.0035700239241123
tile_r018531_c006499,1,513.3292236328125,105.3216781616211,524.5819702148438,208.4613037109375,0.0035039896611124
tile_r018531_c006499,1,512.5482177734375,183.353759765625,524.5740966796875,276.5658264160156,0.0034323297441005
tile_r018531_c006499,1,458.2201232910156,221.8797149658203,509.7865295410156,261.6619873046875,0.0032626697793602
tile_r018531_c006499,1,511.8059692382813,258.6785583496094,524.47802734375,358.78448486328125,0.0031146027613431
tile_r018531_c006499,1,467.2994079589844,114.53377532958984,510.6831970214844,148.04568481445312,0.0031109123956412
tile_r018531_c006499,1,512.0155029296875,456.9691467285156,524.6641845703125,515.8916015625,0.0029762929771095
tile_r018531_c006499,1,512.5497436523438,154.3663787841797,524.664306640625,262.5627746582031,0.0028386954218149
tile_r018531_c006499,1,512.2942504882812,206.26318359375,524.2109375,292.28741455078125,0.0026713197585195
tile_r018531_c006499,1,-12.17522144317627,463.4573669433594,-2.3663864135742188,513.8262329101562,0.0025853663682937
tile_r018531_c006499,1,512.7732543945312,36.5180892944336,524.6316528320312,141.6313018798828,0.0025567524135112
tile_r018531_c006499,1,73.833740234375,415.18060302734375,137.9710235595703,475.4829711914063,0.0024828200694173
tile_r018531_c006499,1,510.7998046875,423.8860473632813,524.6945190429688,512.2581176757812,0.0024191285483539
tile_r018531_c006499,1,512.8935546875,134.237548828125,524.6595458984375,244.7025909423828,0.002376148244366
tile_r018531_c006499,1,513.0711669921875,55.25297927856445,524.69970703125,160.5652618408203,0.0022507922258228
tile_r018531_c006499,1,512.7357177734375,292.830322265625,524.5845947265625,401.2954711914063,0.00209033023566
tile_r018531_c006499,1,512.2569580078125,7.573864936828613,524.5479736328125,113.60304260253906,0.0020414344035089
tile_r018531_c006499,1,285.46954345703125,455.92919921875,313.960693359375,478.7491149902344,0.0019561846274882
tile_r018531_c006499,1,325.5731811523437,240.158447265625,392.19866943359375,301.9596252441406,0.0019417208386585
tile_r018531_c006499,1,510.2562561035156,-12.800000190734863,524.6193237304688,26.872669219970703,0.0018542751204222
tile_r018531_c006499,1,512.52783203125,319.76934814453125,524.5614013671875,423.5762634277344,0.001726645627059
tile_r018531_c006499,1,459.0337829589844,88.6692123413086,521.2077026367188,165.8517303466797,0.0017038276419043
tile_r018531_c006499,1,512.1400146484375,-6.276852607727051,524.5550537109375,85.3796157836914,0.0016668948810547
tile_r018531_c006499,1,-12.307832717895508,386.2207946777344,-3.0342726707458496,449.5445251464844,0.0016211917391046
tile_r018531_c006499,1,511.9623107910156,97.8807601928711,524.08984375,186.48287963867188,0.0015368448803201
tile_r018531_c006499,1,378.83447265625,265.8775939941406,396.9606323242188,284.96685791015625,0.0014756788732483
tile_r018531_c006499,1,-12.300470352172852,482.9607543945313,-1.0402206182479858,516.8824462890625,0.0014583263546228
tile_r018531_c006499,1,-12.34602165222168,509.6685485839844,4.4098711013793945,524.7999877929688,0.0014139201957732
tile_r018531_c006499,1,-12.493703842163086,-3.364703416824341,-4.065142631530762,55.47471237182617,0.0014012106694281
tile_r018531_c006499,1,512.4559936523438,-8.748089790344238,524.489013671875,54.82363128662109,0.0013950007269158
tile_r018531_c006499,1,-12.33332633972168,396.8119201660156,-2.784846544265747,460.5407104492188,0.0013838071608915
tile_r018531_c006499,1,511.7685546875,393.9243774414063,524.6257934570312,496.7978515625,0.001368683995679
tile_r018531_c006499,1,-12.642508506774902,4.219531059265137,-4.12790060043335,70.41943359375,0.0013491900172084
tile_r018531_c006499,1,79.3609619140625,163.75125122070312,97.8028793334961,180.16525268554688,0.0013262988068163
tile_r018531_c006499,1,512.4149169921875,343.1278686523437,524.5040283203125,443.9571228027344,0.0013122056843712
tile_r018531_c006499,1,267.81719970703125,205.38558959960935,310.34356689453125,246.50521850585935,0.0012791722547262
tile_r018531_c006499,1,-12.206974029541016,439.3775329589844,-1.90198826789856,502.2062377929688,0.001256504910998
tile_r018531_c006499,1,492.0394592285156,188.61192321777344,523.0181884765625,278.27716064453125,0.0012429150519892
tile_r018531_c006499,1,232.7118682861328,265.42852783203125,280.3131408691406,328.1582946777344,0.001234225812368
tile_r018531_c006499,1,-12.510167121887209,171.2887420654297,-4.140585422515869,234.30886840820312,0.0012227322440594
tile_r018531_c006499,1,67.5186767578125,515.3430786132812,135.3075714111328,524.7018432617188,0.0011963511351495
tile_r018531_c006499,1,22.91072654724121,464.5305786132813,96.94622802734376,520.3865966796875,0.0011855931952595
tile_r018531_c006499,1,-12.61083698272705,32.3914909362793,-4.048823356628418,94.9030532836914,0.0011797301704064
tile_r018531_c006499,1,210.1719970703125,374.1136169433594,273.4656982421875,442.5906677246094,0.0011631936067715
tile_r018531_c006499,1,-12.377935409545898,409.4385681152344,-2.538957118988037,474.6760864257813,0.0011541174026206
tile_r018531_c006499,1,513.0169677734375,82.5588150024414,524.4857177734375,174.656494140625,0.0011414069449529
tile_r018531_c006499,1,176.79281616210938,55.8314323425293,250.6531219482422,124.31561279296876,0.0011352580040693
tile_r018531_c006499,1,-12.50347900390625,260.3676147460937,-3.7899887561798096,322.488525390625,0.0011332483263686
tile_r018531_c006499,1,259.5708923339844,503.7818298339844,303.1207580566406,512.5289306640625,0.0011134519008919
tile_r018531_c006499,1,-12.592244148254396,41.765235900878906,-3.9909043312072754,108.30973815917967,0.001108065014705
tile_r018531_c006499,1,-12.567304611206056,269.3175354003906,-3.906306505203247,335.61724853515625,0.0011016767239198
tile_r018531_c006499,1,283.5743713378906,515.2297973632812,360.1976623535156,524.7999877929688,0.0010967284906655
tile_r018531_c006499,1,-12.630082130432127,19.66963768005371,-4.10769510269165,82.95538330078125,0.0010913023725152
tile_r018531_c006499,1,-12.32565212249756,424.7360229492188,-2.078190565109253,489.42236328125,0.0010618445230647
tile_r018531_c006499,1,337.74102783203125,449.23828125,368.90130615234375,475.1129760742188,0.0010525565594434
tile_r018531_c006499,1,-12.582305908203123,188.7503662109375,-4.002937316894531,259.49615478515625,0.0010505494428798
tile_r018531_c006499,1,-12.499053001403809,79.25880432128906,-3.873467922210693,146.54554748535156,0.0010416206205263
tile_r018531_c006499,1,267.56365966796875,514.2698364257812,337.9898376464844,524.7999877929688,0.0010233827633783
tile_r018531_c006499,1,473.3287963867188,-12.628870964050291,517.17333984375,-2.6571807861328125,0.0010196344228461
tile_r018531_c006499,1,518.4884033203125,211.9866180419922,524.6106567382812,273.09002685546875,0.0010186858708038
tile_r018531_c006499,1,509.5451049804688,370.9029846191406,524.7999877929688,478.2439880371094,0.001000108430162
tile_r018531_c006755,1,253.5027313232422,40.000144958496094,306.4491271972656,81.00566101074219,0.8221843242645264
tile_r018531_c006755,1,74.39046478271484,246.6019592285156,129.99147033691406,294.28778076171875,0.8174542188644409
tile_r018531_c006755,1,-2.2981019020080566,451.1311645507813,65.16205596923828,513.9563598632812,0.7646544575691223
tile_r018531_c006755,1,289.9920349121094,401.4718627929688,343.771728515625,455.6568298339844,0.7462202906608582
tile_r018531_c006755,1,245.0626983642578,197.822998046875,313.46435546875,247.0059051513672,0.7391427755355835
tile_r018531_c006755,1,418.1153869628906,476.4881896972656,467.629638671875,512.7291870117188,0.7380268573760986
tile_r018531_c006755,1,415.4352416992188,149.50765991210938,457.2864379882813,187.25961303710935,0.731319010257721
tile_r018531_c006755,1,306.30987548828125,94.1162338256836,336.3148193359375,122.2224349975586,0.7162690758705139
tile_r018531_c006755,1,208.03271484375,112.60491943359376,259.37109375,151.65414428710938,0.6998910903930664
tile_r018531_c006755,1,287.5296936035156,305.59503173828125,366.9671020507813,360.9776611328125,0.678808867931366
tile_r018531_c006755,1,199.97244262695312,221.0373077392578,256.0333251953125,266.20623779296875,0.657639741897583
tile_r018531_c006755,1,400.7978515625,209.4893493652344,442.3578186035156,243.5316467285156,0.631790280342102
tile_r018531_c006755,1,-0.0757553130388259,304.6356506347656,33.2751579284668,347.30877685546875,0.5187076330184937
tile_r018531_c006755,1,439.3389587402344,355.0741271972656,476.28662109375,390.7843627929688,0.4539196789264679
tile_r018531_c006755,1,292.2168884277344,404.1256713867188,338.2362670898437,446.93017578125,0.1564706414937973
tile_r018531_c006755,1,437.361328125,343.5279235839844,481.9175720214844,392.8392639160156,0.1405703425407409
tile_r018531_c006755,1,249.1800842285156,0.5690215826034546,285.8988342285156,16.72074317932129,0.1281808316707611
tile_r018531_c006755,1,441.3627014160156,358.77880859375,471.2593688964844,388.61572265625,0.088104136288166
tile_r018531_c006755,1,18.951160430908203,219.4031219482422,46.16378021240234,244.2395477294922,0.0789796113967895
tile_r018531_c006755,1,398.61181640625,207.20101928710935,449.81494140625,246.895751953125,0.0674364492297172
tile_r018531_c006755,1,307.0502014160156,311.05908203125,366.3783264160156,357.1287536621094,0.0662724673748016
tile_r018531_c006755,1,-1.435034155845642,464.11724853515625,52.3169174194336,509.71282958984375,0.0611681938171386
tile_r018531_c006755,1,197.05050659179688,204.4914093017578,262.9680480957031,270.8849182128906,0.0546113662421703
tile_r018531_c006755,1,247.7261962890625,-0.2355178892612457,284.0287780761719,11.296430587768556,0.0505618192255497
tile_r018531_c006755,1,85.67413330078125,452.77935791015625,107.03363037109376,471.6853942871094,0.0303069688379764
tile_r018531_c006755,1,-0.8053802251815796,292.8577575683594,36.80693817138672,350.91162109375,0.020812364295125
tile_r018531_c006755,1,247.406005859375,0.2234313935041427,286.7190856933594,23.19588661193848,0.0129972919821739
tile_r018531_c006755,1,248.3935546875,0.2355529814958572,286.3023376464844,8.601079940795898,0.0086187655106186
tile_r018531_c006755,1,402.5597534179688,212.5796356201172,435.7837829589844,241.1588897705078,0.0077180881053209
tile_r018531_c006755,1,410.22760009765625,143.17117309570312,462.18853759765625,190.8490447998047,0.0073730247095227
tile_r018531_c006755,1,511.15325927734375,65.4432373046875,524.5527954101562,168.8206787109375,0.0064252950251102
tile_r018531_c006755,1,248.789794921875,1.2697722911834717,278.74713134765625,15.308944702148438,0.0060979607515037
tile_r018531_c006755,1,511.2262573242188,40.24132537841797,524.5774536132812,145.7154998779297,0.0058814482763409
tile_r018531_c006755,1,203.3789978027344,105.5625457763672,268.2294006347656,159.81143188476562,0.0057859849184751
tile_r018531_c006755,1,511.1558227539063,89.14970397949219,524.5834350585938,193.5630340576172,0.0052989153191447
tile_r018531_c006755,1,433.1668090820313,335.52783203125,487.115234375,396.0931701660156,0.0045809405855834
tile_r018531_c006755,1,287.5712890625,321.14910888671875,325.5821228027344,357.1787109375,0.004504813812673
tile_r018531_c006755,1,511.5196228027344,204.3160095214844,524.55126953125,312.4786071777344,0.0041079139336943
tile_r018531_c006755,1,511.3211059570313,19.1765251159668,524.5736083984375,120.97691345214844,0.0039595370180904
tile_r018531_c006755,1,511.4417114257813,115.69889831542967,524.5665283203125,220.5242156982422,0.0039114314131438
tile_r018531_c006755,1,209.2125701904297,116.4815902709961,252.4945068359375,148.44189453125,0.0036529586650431
tile_r018531_c006755,1,417.5718383789063,153.290771484375,453.0327758789063,184.3857879638672,0.0035882606171071
tile_r018531_c006755,1,512.0601806640625,257.5901794433594,524.4749755859375,353.691162109375,0.0033843764103949
tile_r018531_c006755,1,511.8385620117188,141.33740234375,524.5309448242188,241.3148193359375,0.0033163668122142
tile_r018531_c006755,1,511.6998901367188,231.7834930419922,524.5760498046875,333.4452209472656,0.0032113774213939
tile_r018531_c006755,1,512.1222534179688,164.6212921142578,524.5765380859375,273.966552734375,0.0030725935939699
tile_r018531_c006755,1,16.60651206970215,216.145263671875,50.2431640625,246.490478515625,0.0029476787894964
tile_r018531_c006755,1,512.1033325195312,278.0438537597656,524.5675659179688,384.14263916015625,0.0028650774620473
tile_r018531_c006755,1,397.9387817382813,201.38119506835935,460.3096618652344,253.2685089111328,0.0027985200285911
tile_r018531_c006755,1,234.2346649169922,190.1848297119141,317.57763671875,263.84674072265625,0.0025726514868438
tile_r018531_c006755,1,511.5265502929688,415.9666137695313,524.5570068359375,496.8386840820313,0.0025287852622568
tile_r018531_c006755,1,511.063232421875,2.2287750244140625,524.584228515625,94.59104919433594,0.0024615512229502
tile_r018531_c006755,1,246.45230102539065,-0.0517784133553504,303.97735595703125,24.23472595214844,0.0021523362956941
tile_r018531_c006755,1,511.7185668945313,388.73931884765625,524.5316162109375,486.3110961914063,0.0021040316205471
tile_r018531_c006755,1,-12.136848449707031,434.3172912597656,1.7885421514511108,504.9606323242188,0.002070072107017
tile_r018531_c006755,1,-12.193735122680664,-5.647814750671387,-2.990004062652588,52.41015625,0.0020336417946964
tile_r018531_c006755,1,197.3004913330078,187.07974243164065,329.2445678710937,280.16827392578125,0.0020295137073844
tile_r018531_c006755,1,250.8593292236328,1.195184350013733,307.4716186523437,16.45391273498535,0.0019944058731198
tile_r018531_c006755,1,84.19651794433594,454.0569458007813,103.28507995605467,470.33642578125,0.0019466958474367
tile_r018531_c006755,1,286.64862060546875,395.07708740234375,349.17999267578125,463.0157165527344,0.001851703505963
tile_r018531_c006755,1,508.4078979492188,-12.733484268188477,524.70654296875,17.357311248779297,0.0018345392309129
tile_r018531_c006755,1,-12.139107704162598,-8.718767166137695,-2.6764450073242188,37.81235885620117,0.0018342433031648
tile_r018531_c006755,1,507.4514770507813,30.74075698852539,524.7999877929688,125.07076263427734,0.0018229384440928
tile_r018531_c006755,1,-11.942132949829102,-12.401440620422363,-0.331564337015152,17.644054412841797,0.0017773320432752
tile_r018531_c006755,1,-11.92253589630127,444.9999084472656,3.7034316062927246,512.4464111328125,0.0017612524097785
tile_r018531_c006755,1,-12.235791206359863,0.767163097858429,-2.680248975753784,66.39607238769531,0.001749686198309
tile_r018531_c006755,1,-12.204072952270508,205.9860382080078,-2.2828705310821533,266.2919921875,0.0017482957337051
tile_r018531_c006755,1,511.9432067871094,358.9393005371094,524.5614013671875,455.6959533691406,0.0017222809838131
tile_r018531_c006755,1,410.88079833984375,466.25537109375,476.21331787109375,517.9669189453125,0.0017104758881032
tile_r018531_c006755,1,83.32331085205078,453.537109375,108.8314208984375,474.8933715820313,0.0016667752061039
tile_r018531_c006755,1,511.763427734375,303.650634765625,524.6573486328125,411.7774353027344,0.0016601992538198
tile_r018531_c006755,1,24.823678970336918,454.7789001464844,58.93476486206055,480.8279418945313,0.0016548589337617
tile_r018531_c006755,1,430.20062255859375,485.4723510742188,466.0816040039063,510.83056640625,0.0016505756648257
tile_r018531_c006755,1,-12.2084321975708,14.22324562072754,-2.4487075805664062,78.26347351074219,0.0016424318309873
tile_r018531_c006755,1,511.7113342285156,336.08251953125,524.5650634765625,433.342529296875,0.0016074759187176
tile_r018531_c006755,1,247.7794952392578,0.9550506472587584,282.9019470214844,7.03546142578125,0.0016070450656116
tile_r018531_c006755,1,-12.292025566101074,424.3069458007813,-0.6800186038017273,493.5335083007813,0.001592245302163
tile_r018531_c006755,1,69.5496826171875,240.92074584960935,136.4417724609375,301.9281311035156,0.0015605682274326
tile_r018531_c006755,1,-11.537393569946287,286.65155029296875,11.231409072875977,353.7992248535156,0.001557171344757
tile_r018531_c006755,1,-12.154455184936523,193.7171936035156,-1.7657791376113892,254.5931701660156,0.0014901884132996
tile_r018531_c006755,1,-7.038726806640625,441.80859375,70.44537353515625,522.7066650390625,0.0014724145876243
tile_r018531_c006755,1,-12.20230770111084,180.14892578125,-1.8275833129882808,243.8109436035156,0.0014405800029635
tile_r018531_c006755,1,303.2809753417969,87.54695129394531,340.6488037109375,125.4905014038086,0.001397437416017
tile_r018531_c006755,1,11.3685302734375,211.55630493164065,48.04848098754883,245.6811981201172,0.0013859218452125
tile_r018531_c006755,1,342.0289001464844,229.02883911132807,362.3638610839844,250.9483642578125,0.0013781958259642
tile_r018531_c006755,1,-12.305849075317385,156.21371459960938,-2.081996202468872,217.9832763671875,0.0013245384907349
tile_r018531_c006755,1,512.32373046875,434.0785217285156,524.73974609375,509.9851684570313,0.0013024172512814
tile_r018531_c006755,1,-12.347810745239258,216.48269653320312,-2.6995742321014404,282.81500244140625,0.0013009704416617
tile_r018531_c006755,1,-12.27180290222168,167.43246459960938,-2.096893310546875,231.3117218017578,0.0013001144398003
tile_r018531_c006755,1,-12.310710906982422,145.7588348388672,-1.8965743780136108,205.47476196289065,0.001288169529289
tile_r018531_c006755,1,-12.287483215332031,362.09613037109375,-2.967962741851806,429.4839477539063,0.0012822089483961
tile_r018531_c006755,1,-11.881383895874023,476.2833862304688,1.4496780633926392,517.142578125,0.0012797827366739
tile_r018531_c006755,1,-12.339448928833008,34.521244049072266,-2.476997375488281,105.1889419555664,0.0012624399969354
tile_r018531_c006755,1,5.196214199066162,504.29052734375,49.72429275512695,512.59423828125,0.0012393572833389
tile_r018531_c006755,1,-11.845562934875488,274.6617126464844,2.063236951828003,349.30682373046875,0.0012211191933602
tile_r018531_c006755,1,511.78173828125,-4.716229438781738,524.7689208984375,61.28797149658203,0.0012062427122145
tile_r018531_c006755,1,-12.41110897064209,88.80522155761719,-2.5086302757263184,155.191162109375,0.0011960223782807
tile_r018531_c006755,1,-12.322056770324709,413.2772521972656,-2.031236171722412,480.3870239257813,0.0011949531035497
tile_r018531_c006755,1,-12.08409595489502,507.4080200195313,4.791829109191895,524.7999877929688,0.0011867699213325
tile_r018531_c006755,1,506.7897338867188,15.413378715515137,524.7999877929688,109.1765594482422,0.0011860693339258
tile_r018531_c006755,1,-12.375001907348633,63.064674377441406,-2.3124892711639404,130.98782348632812,0.0011321622878313
tile_r018531_c006755,1,481.4837951660156,456.2368774414063,517.2266845703125,511.5636291503906,0.0011278028832748
tile_r018531_c006755,1,-12.328989028930664,133.63131713867188,-1.8694061040878296,194.93185424804688,0.001114742946811
tile_r018531_c006755,1,-11.554247856140137,303.60888671875,6.585400581359863,362.5071411132813,0.00111104932148
tile_r018531_c006755,1,282.3399963378906,289.02545166015625,377.41693115234375,373.4690856933594,0.0011081229895353
tile_r018531_c006755,1,501.01220703125,260.805419921875,521.984375,328.7442932128906,0.0010997012723237
tile_r018531_c006755,1,500.7136840820313,341.1253356933594,522.4097900390625,411.7124633789063,0.0010958015918731
tile_r018531_c006755,1,-12.451667785644531,100.5355987548828,-2.3790359497070312,169.904541015625,0.001086464850232
tile_r018531_c006755,1,-9.597805976867676,293.6722717285156,34.946712493896484,364.0248107910156,0.0010808916995301
tile_r018531_c006755,1,500.0407104492188,413.0388793945313,521.4754638671875,463.5226440429688,0.0010741557925939
tile_r018531_c006755,1,-12.396493911743164,47.34099197387695,-2.33436131477356,119.4560775756836,0.001046733232215
tile_r018531_c006755,1,-12.337472915649414,77.80278015136719,-2.468920946121216,142.2914581298828,0.0010444978252053
tile_r018531_c006755,1,-1.3811050653457642,275.4423828125,39.8916130065918,340.6812438964844,0.0010440974729135
tile_r018531_c006755,1,314.5755920410156,316.6563415527344,360.1415100097656,354.1102905273437,0.0010398140875622
tile_r018531_c006755,1,499.3052673339844,246.7925262451172,522.5919799804688,324.0603942871094,0.0010205635335296
tile_r018531_c007011,1,-1.505090355873108,197.9730224609375,59.236610412597656,245.4805450439453,0.8357424139976501
tile_r018531_c007011,1,0.0862670913338661,40.43839263916016,51.4805793762207,81.5661849975586,0.8002184629440308
tile_r018531_c007011,1,33.69199752807617,401.3630981445313,87.92214965820312,456.1837768554688,0.7710181474685669
tile_r018531_c007011,1,158.95535278320312,148.44320678710938,201.79977416992188,187.9910125732422,0.7545986771583557
tile_r018531_c007011,1,162.0681610107422,476.1320190429688,211.58740234375,512.7861328125,0.7403409481048584
tile_r018531_c007011,1,49.81196212768555,93.2259521484375,80.6992416381836,122.7217254638672,0.7115813493728638
tile_r018531_c007011,1,144.5777587890625,209.0849609375,186.8905029296875,244.0432586669922,0.6707256436347961
tile_r018531_c007011,1,32.165489196777344,306.2740783691406,110.9278564453125,360.9325256347656,0.6657015085220337
tile_r018531_c007011,1,183.5068817138672,355.6250915527344,219.8766632080078,390.7008666992188,0.4562978148460388
tile_r018531_c007011,1,444.6633911132813,57.36783599853516,472.9961853027344,81.15633392333984,0.4217767715454101
tile_r018531_c007011,1,181.95204162597656,343.2826232910156,225.4411163330078,392.2400512695313,0.1526393592357635
tile_r018531_c007011,1,36.27858352661133,404.3758239746094,82.05406951904297,446.375732421875,0.1282207369804382
tile_r018531_c007011,1,185.36691284179688,358.8236389160156,215.0790252685547,388.5806579589844,0.1140592470765113
tile_r018531_c007011,1,51.8056526184082,311.2850036621094,110.44168853759766,356.98052978515625,0.0607671812176704
tile_r018531_c007011,1,443.3771362304688,56.1225814819336,475.0383911132813,86.66795349121094,0.0346204005181789
tile_r018531_c007011,1,-2.120492458343506,0.08489990234375,29.32572364807129,14.584851264953612,0.0162505079060792
tile_r018531_c007011,1,146.2342071533203,212.1874084472656,181.2364501953125,241.5943298339844,0.0161056406795978
tile_r018531_c007011,1,139.77734375,204.6125030517578,198.4590759277344,248.2757873535156,0.0110517218708992
tile_r018531_c007011,1,154.1297149658203,142.7462921142578,206.0516357421875,191.7494659423828,0.0103960577398538
tile_r018531_c007011,1,511.27880859375,422.89111328125,524.7247314453125,513.0618286132812,0.009379643946886
tile_r018531_c007011,1,511.1310424804688,395.4051208496094,524.6275634765625,501.6470336914063,0.0079430500045418
tile_r018531_c007011,1,451.9952697753906,-0.0493041984736919,509.60980224609375,38.72645950317383,0.0070756948553025
tile_r018531_c007011,1,32.00519180297852,322.355712890625,69.43682861328125,356.89898681640625,0.0069210948422551
tile_r018531_c007011,1,511.4851684570313,308.4329528808594,524.6097412109375,413.2955627441406,0.006494709290564
tile_r018531_c007011,1,512.1049194335938,446.0089416503906,524.7406005859375,515.4804077148438,0.0061742798425257
tile_r018531_c007011,1,510.97943115234375,287.36248779296875,524.5855712890625,389.6257934570313,0.0061384146101772
tile_r018531_c007011,1,511.4929809570313,366.6525268554688,524.6529541015625,478.3766479492188,0.0059831510297954
tile_r018531_c007011,1,-1.3049423694610596,0.7769195437431335,30.025915145874023,19.270862579345703,0.0059772357344627
tile_r018531_c007011,1,511.5900268554688,343.5369873046875,524.6123046875,451.2122192382813,0.0058706570416688
tile_r018531_c007011,1,-2.2459030151367188,1.562405347824097,38.26160430908203,23.111059188842773,0.005664590280503
tile_r018531_c007011,1,177.25204467773438,335.214111328125,230.7183532714844,395.6852111816406,0.005126831587404
tile_r018531_c007011,1,188.4020233154297,349.5565795898437,219.42623901367188,387.3766174316406,0.0045634722337126
tile_r018531_c007011,1,-3.2157225608825684,1.044949293136597,57.3529167175293,16.40152931213379,0.0042025754228234
tile_r018531_c007011,1,510.9331970214844,261.42486572265625,524.59765625,365.0174255371094,0.0041649350896477
tile_r018531_c007011,1,56.44618988037109,94.4421844482422,81.791259765625,121.3120574951172,0.0027943274471908
tile_r018531_c007011,1,161.19857788085938,152.80812072753906,197.1334228515625,184.9078521728516,0.0026491535827517
tile_r018531_c007011,1,-11.88442325592041,41.57806396484375,-1.781161546707153,99.06080627441406,0.0026075975038111
tile_r018531_c007011,1,-6.146521091461182,190.97879028320312,63.5776252746582,252.7508544921875,0.0025979545898735
tile_r018531_c007011,1,85.9007339477539,229.0310516357422,106.3526611328125,250.83169555664065,0.002525316318497
tile_r018531_c007011,1,511.6797790527344,53.36872482299805,524.6256103515625,149.3983154296875,0.0023244118783622
tile_r018531_c007011,1,28.78758811950684,299.1439514160156,115.03607177734376,370.5471801757813,0.0022232301998883
tile_r018531_c007011,1,-12.42912769317627,462.0062561035156,-2.183310031890869,514.9474487304688,0.0021651748102158
tile_r018531_c007011,1,46.91341400146485,87.76426696777344,84.35090637207031,125.98533630371094,0.0021391829941421
tile_r018531_c007011,1,511.45892333984375,35.922325134277344,524.5195922851562,125.4572525024414,0.0020587153267115
tile_r018531_c007011,1,155.56106567382812,466.890625,219.409912109375,517.5808715820312,0.0020367042161524
tile_r018531_c007011,1,140.3001708984375,199.3903045654297,206.9419708251953,254.5153045654297,0.001987422350794
tile_r018531_c007011,1,511.697998046875,231.85122680664065,524.5874633789062,338.99615478515625,0.001956757158041
tile_r018531_c007011,1,-12.31342887878418,507.441162109375,2.4300034046173096,524.7533569335938,0.0019410500535741
tile_r018531_c007011,1,30.41213035583496,394.92578125,92.9394073486328,463.6218872070313,0.0018703456735238
tile_r018531_c007011,1,511.4605407714844,145.2663116455078,524.5712890625,244.3217315673828,0.0018643846269696
tile_r018531_c007011,1,-11.89471435546875,20.717533111572266,-0.474935919046402,89.373779296875,0.0018298433860763
tile_r018531_c007011,1,-12.381494522094728,487.9667053222656,-1.3119827508926392,517.7288208007812,0.0018232031725347
tile_r018531_c007011,1,174.4590301513672,485.374267578125,210.0165557861328,510.8626403808594,0.0017339463811367
tile_r018531_c007011,1,-11.667272567749023,207.9538116455078,-2.1043059825897217,264.0960388183594,0.0016776778502389
tile_r018531_c007011,1,511.4058532714844,127.2077865600586,524.4420776367188,216.2808380126953,0.0016577106434851
tile_r018531_c007011,1,511.9762573242188,165.72988891601562,524.5858154296875,271.01861572265625,0.0016063206130638
tile_r018531_c007011,1,-12.4967041015625,447.05322265625,-2.567483425140381,509.2288208007813,0.0015437396941706
tile_r018531_c007011,1,-12.186583518981934,51.182594299316406,-2.7310714721679688,112.7363510131836,0.0015390833141282
tile_r018531_c007011,1,511.9476623535156,19.28045654296875,524.6378784179688,107.7301788330078,0.0015386143932119
tile_r018531_c007011,1,-11.562370300292969,196.6578063964844,-1.191615343093872,259.42791748046875,0.0014704919885843
tile_r018531_c007011,1,-12.465051651000977,437.7470703125,-3.044119358062744,497.1267700195313,0.0014256285503506
tile_r018531_c007011,1,512.6243286132812,494.7005310058594,524.7999877929688,524.7999877929688,0.0013955441536381
tile_r018531_c007011,1,512.0579223632812,93.08537292480467,524.6389770507812,192.7401428222656,0.001356471562758
tile_r018531_c007011,1,512.4421997070312,188.77682495117188,524.6463623046875,301.5649108886719,0.0013099455973133
tile_r018531_c007011,1,-2.087359666824341,1.386956810951233,55.947853088378906,23.57903480529785,0.0012771781766787
tile_r018531_c007011,1,206.7779235839844,514.8778076171875,260.7298278808594,524.450439453125,0.0012582635972648
tile_r018531_c007011,1,352.2359313964844,65.42529296875,363.2275390625,73.55631256103516,0.0012462277663871
tile_r018531_c007011,1,-1.7515411376953125,-0.59619140625,26.95864486694336,5.153665065765381,0.0011942498385906
tile_r018531_c007011,1,388.3301696777344,58.08219146728516,427.5153198242188,105.59112548828124,0.0011779037304222
tile_r018531_c007011,1,-12.579248428344728,385.5630493164063,-3.4531235694885254,455.6882934570313,0.0011735694715753
tile_r018531_c007011,1,59.31451416015625,316.7362365722656,104.20511627197266,354.04168701171875,0.0011647602077573
tile_r018531_c007011,1,-12.125272750854492,94.7298355102539,-3.3001341819763184,153.015625,0.0011529031908139
tile_r018531_c007011,1,454.1053771972656,-0.788891613483429,515.3889770507812,29.597949981689453,0.0011415004264563
tile_r018531_c007011,1,510.1592712402344,297.3438415527344,524.7999877929688,403.6326599121094,0.0011373596498742
tile_r018531_c007011,1,327.06182861328125,65.01838684082031,338.54815673828125,73.3898696899414,0.001121002365835
tile_r018531_c007011,1,-12.49897289276123,427.4059448242188,-3.2225418090820312,487.2069396972656,0.0011166820768266
tile_r018531_c007011,1,-12.585212707519531,374.595458984375,-3.704179286956787,441.848388671875,0.0010988001013174
tile_r018531_c007011,1,506.55517578125,-12.800000190734863,524.7119140625,5.488224983215332,0.0010921244975179
tile_r018531_c007011,1,346.1297607421875,65.13338470458984,358.0834350585937,73.88040924072266,0.001071662409231
tile_r018531_c007011,1,-12.153654098510742,82.94158935546875,-3.0900237560272217,143.29147338867188,0.0010667599271982
tile_r018531_c007011,1,-12.27418327331543,102.07844543457033,-3.563458204269409,167.22384643554688,0.0010588286677375
tile_r018531_c007011,1,510.2269592285156,316.12371826171875,524.7999877929688,427.84613037109375,0.0010359006701037
tile_r018531_c007011,1,-4.353265285491943,-0.1190597563982009,36.215240478515625,5.1188154220581055,0.0010154731571674
tile_r018531_c007267,1,453.6915893554688,440.2761840820313,506.7918090820313,493.8029174804688,0.7937425971031189
tile_r018531_c007267,1,256.29571533203125,165.5535125732422,304.2099609375,211.00607299804688,0.7908647060394287
tile_r018531_c007267,1,275.0580139160156,8.571496963500977,318.0093688964844,47.8870849609375,0.7894879579544067
tile_r018531_c007267,1,344.6853942871094,191.3000946044922,386.7521057128906,226.7777862548828,0.7877413630485535
tile_r018531_c007267,1,246.5174865722656,87.89179992675781,301.2025451660156,136.2736053466797,0.7685996294021606
tile_r018531_c007267,1,283.52996826171875,385.5635681152344,332.1394958496094,429.5474548339844,0.7675295472145081
tile_r018531_c007267,1,373.0909118652344,382.2842102050781,419.32470703125,428.1707153320313,0.7479236125946045
tile_r018531_c007267,1,359.5435485839844,132.5164794921875,394.37255859375,163.9571533203125,0.7027547955513
tile_r018531_c007267,1,340.36773681640625,479.5027770996094,392.7427368164063,512.8685913085938,0.702113926410675
tile_r018531_c007267,1,284.66033935546875,259.3329162597656,316.1573181152344,292.51434326171875,0.606856107711792
tile_r018531_c007267,1,442.5960083007813,333.35809326171875,477.65966796875,366.7532348632813,0.4758721590042114
tile_r018531_c007267,1,482.166259765625,259.9818420410156,513.6294555664062,305.76806640625,0.4735057651996612
tile_r018531_c007267,1,365.1500854492188,-0.5719451904296875,422.1300659179688,28.47585105895996,0.4147821962833404
tile_r018531_c007267,1,188.1656188964844,57.08902740478516,216.963134765625,81.70135498046875,0.405670702457428
tile_r018531_c007267,1,284.36676025390625,76.65193176269531,313.49981689453125,104.9583740234375,0.359902948141098
tile_r018531_c007267,1,332.7107849121094,452.8509826660156,365.4854431152344,486.7296752929688,0.1283720582723617
tile_r018531_c007267,1,478.40087890625,253.6772003173828,516.66162109375,310.2211303710937,0.0546695068478584
tile_r018531_c007267,1,187.20407104492188,55.74847412109375,219.4569549560547,87.1943130493164,0.0532293319702148
tile_r018531_c007267,1,283.28887939453125,74.22320556640625,318.103515625,109.89537048339844,0.0472869724035263
tile_r018531_c007267,1,449.0513610839844,485.4860229492188,478.0619201660156,506.1979370117188,0.0454771928489208
tile_r018531_c007267,1,445.9835815429688,336.4331359863281,474.3738403320313,365.0061645507813,0.0281133465468883
tile_r018531_c007267,1,370.326171875,0.576812744140625,419.2477111816406,23.976755142211918,0.0281011145561933
tile_r018531_c007267,1,361.8480529785156,135.611572265625,389.0798950195313,161.5500030517578,0.0277008153498172
tile_r018531_c007267,1,251.2455596923828,159.73886108398438,307.4637145996094,215.77664184570312,0.0215696096420288
tile_r018531_c007267,1,437.0138549804688,328.8470153808594,481.4337768554688,371.6763305664063,0.0210693757981061
tile_r018531_c007267,1,335.8434143066406,472.6363220214844,396.8724670410156,514.1598510742188,0.0197398774325847
tile_r018531_c007267,1,450.8870544433594,430.4601440429688,514.7799072265625,505.0625,0.0161025878041982
tile_r018531_c007267,1,282.9359741210937,254.5500946044922,320.53521728515625,296.52734375,0.0159334558993577
tile_r018531_c007267,1,286.64404296875,263.7343139648437,309.54498291015625,290.5719299316406,0.0158694200217723
tile_r018531_c007267,1,342.36083984375,485.6424865722656,401.5249938964844,513.29736328125,0.0149640291929245
tile_r018531_c007267,1,368.94818115234375,375.67431640625,423.42620849609375,433.9553833007813,0.0146083300933241
tile_r018531_c007267,1,489.567138671875,261.7748413085937,512.8502197265625,304.482666015625,0.0138122867792844
tile_r018531_c007267,1,336.88604736328125,455.1735229492188,361.8692321777344,486.00537109375,0.0118199251592159
tile_r018531_c007267,1,199.8854522705078,1.5935790538787842,250.6780242919922,36.33916473388672,0.0094948075711727
tile_r018531_c007267,1,448.3041076660156,482.6265258789063,492.1064453125,506.503662109375,0.0082299383357167
tile_r018531_c007267,1,356.623291015625,128.2606964111328,398.1201171875,168.21670532226562,0.0081986701115965
tile_r018531_c007267,1,512.25,98.950439453125,524.6236572265625,204.7615203857422,0.0072593889199197
tile_r018531_c007267,1,269.7221069335937,2.8489699363708496,323.364013671875,53.077911376953125,0.0072584329172968
tile_r018531_c007267,1,511.74609375,51.09072113037109,524.5794067382812,154.70169067382812,0.0069371303543448
tile_r018531_c007267,1,278.7933654785156,378.2190246582031,338.44659423828125,436.1590881347656,0.006926140282303
tile_r018531_c007267,1,511.8875122070313,74.8519287109375,524.5950927734375,182.1807098388672,0.0065680346451699
tile_r018531_c007267,1,511.6034240722656,27.25278663635254,524.59619140625,129.07034301757812,0.0064930664375424
tile_r018531_c007267,1,329.3085021972656,451.7079162597656,369.2935485839844,504.8226623535156,0.0062835807912051
tile_r018531_c007267,1,357.11932373046875,-3.2964234352111816,423.56097412109375,34.827125549316406,0.0057509550824761
tile_r018531_c007267,1,446.4376525878906,481.98382568359375,479.46771240234375,508.277587890625,0.0050411596894264
tile_r018531_c007267,1,265.14501953125,73.7389907836914,317.5545959472656,126.3000717163086,0.0048854472115635
tile_r018531_c007267,1,511.5681762695313,3.3937621116638184,524.6099853515625,104.10147857666016,0.0047620041295886
tile_r018531_c007267,1,341.9037170410156,486.234130859375,384.236328125,511.59674072265625,0.0046826116740703
tile_r018531_c007267,1,512.5554809570312,125.2369613647461,524.6724853515625,225.8651428222656,0.0045926752500236
tile_r018531_c007267,1,275.6083984375,72.13700866699219,320.9105529785156,116.6899871826172,0.0042293155565857
tile_r018531_c007267,1,254.26986694335935,75.25719451904297,315.1141052246094,133.4239044189453,0.0038991505280137
tile_r018531_c007267,1,257.0726013183594,170.67428588867188,297.0761108398437,208.43917846679688,0.0035882708616554
tile_r018531_c007267,1,513.3244018554688,432.3056640625,524.4533081054688,513.2138671875,0.0031996455509215
tile_r018531_c007267,1,511.8848571777344,-4.596356391906738,524.4664916992188,80.62911987304688,0.0030600284226238
tile_r018531_c007267,1,341.1889038085937,182.47293090820312,393.2009582519531,235.3307342529297,0.0027558552101254
tile_r018531_c007267,1,342.0406799316406,479.6123046875,383.8673706054688,507.6431579589844,0.0025349303614348
tile_r018531_c007267,1,331.7186889648437,455.1277465820313,384.185791015625,514.4339599609375,0.0025156096089631
tile_r018531_c007267,1,-12.264481544494627,459.3538208007813,-2.3786301612854004,512.69580078125,0.0024268911220133
tile_r018531_c007267,1,203.3824157714844,503.7566528320313,260.30059814453125,512.62646484375,0.0021156440488994
tile_r018531_c007267,1,509.1014099121094,-12.800000190734863,524.6451416015625,26.04327392578125,0.0020843697711825
tile_r018531_c007267,1,512.3009033203125,152.9310302734375,524.4100341796875,234.96194458007807,0.002005559625104
tile_r018531_c007267,1,473.8387756347656,238.3690490722656,519.06640625,311.06646728515625,0.0019791582599282
tile_r018531_c007267,1,-12.34115219116211,-5.051568508148193,-3.204205274581909,51.44141387939453,0.001730979187414
tile_r018531_c007267,1,512.5416259765625,284.50396728515625,524.5603637695312,377.7726440429688,0.0016658445820212
tile_r018531_c007267,1,-12.205855369567873,434.3700256347656,-2.2992310523986816,498.5733337402344,0.0016012212727218
tile_r018531_c007267,1,-12.144935607910156,423.5348510742188,-2.382855176925659,487.1437377929688,0.0015733788022771
tile_r018531_c007267,1,499.6983337402344,353.6888122558594,520.7379760742188,400.62701416015625,0.0015517119318246
tile_r018531_c007267,1,-12.282495498657228,508.1795959472656,2.532893419265747,524.7418212890625,0.0015513595426455
tile_r018531_c007267,1,509.5609436035156,109.7003936767578,524.7999877929688,216.1425018310547,0.0015392416389659
tile_r018531_c007267,1,443.5299682617188,443.3737182617188,509.4873962402344,504.4548950195313,0.001524118008092
tile_r018531_c007267,1,359.81512451171875,505.72314453125,397.4104614257813,512.9073486328125,0.0015198071487247
tile_r018531_c007267,1,-11.854421615600586,-12.556768417358398,-0.6692001223564148,14.426037788391112,0.0015173429856076
tile_r018531_c007267,1,-12.222922325134276,319.7328491210937,-2.1676011085510254,383.49945068359375,0.001508621033281
tile_r018531_c007267,1,-12.331549644470217,119.01820373535156,-2.1715087890625,179.20144653320312,0.0015075993724167
tile_r018531_c007267,1,-12.228937149047852,309.23638916015625,-2.035221815109253,370.6398620605469,0.0014654113911092
tile_r018531_c007267,1,348.7820739746094,502.19921875,406.8043823242188,513.0960693359375,0.0014631127705797
tile_r018531_c007267,1,330.1014709472656,444.54345703125,369.1829223632813,490.0039978027344,0.0014624044997617
tile_r018531_c007267,1,509.95751953125,252.7267608642578,524.1990356445312,331.9305725097656,0.0014575842069461
tile_r018531_c007267,1,-12.340743064880373,480.1985778808594,-1.4947891235351562,516.4661865234375,0.0014451555907726
tile_r018531_c007267,1,380.5864868164063,389.69732666015625,416.1521911621094,425.66107177734375,0.0014402535744011
tile_r018531_c007267,1,-12.460925102233888,40.021461486816406,-2.518304347991944,101.09185791015624,0.001430683885701
tile_r018531_c007267,1,-12.526432037353516,2.209784030914306,-2.7012619972229004,66.93278503417969,0.0013864849461242
tile_r018531_c007267,1,-12.28880786895752,294.6366577148437,-1.9245636463165283,358.593505859375,0.001385515439324
tile_r018531_c007267,1,-12.369146347045898,128.2843017578125,-2.207536220550537,194.0109100341797,0.0013701498974114
tile_r018531_c007267,1,-12.457636833190918,31.14507484436035,-2.3780014514923096,89.55271911621094,0.0013630331959575
tile_r018531_c007267,1,-12.33285427093506,108.947021484375,-2.017712354660034,166.94912719726562,0.001355803804472
tile_r018531_c007267,1,-12.306947708129885,281.0172424316406,-2.087890625,345.7166442871094,0.0013547408161684
tile_r018531_c007267,1,209.4468994140625,505.27435302734375,248.92306518554688,512.4254150390625,0.0013416836736723
tile_r018531_c007267,1,-12.45661735534668,50.3017463684082,-2.427786350250244,113.3412857055664,0.0013385561760514
tile_r018531_c007267,1,-12.23598575592041,269.1893920898437,-2.1824615001678467,331.0853881835937,0.0013347078347578
tile_r018531_c007267,1,-12.167525291442873,342.3432006835937,-2.012434482574463,409.6466674804688,0.0013154128100723
tile_r018531_c007267,1,363.2271423339844,1.0145385265350342,410.570556640625,23.42933654785156,0.0013108566636219
tile_r018531_c007267,1,-12.190351486206056,330.1932678222656,-1.976611375808716,396.2639770507813,0.0013052219292148
tile_r018531_c007267,1,183.80581665039065,50.1971435546875,225.63720703125,93.50401306152344,0.0013015703298151
tile_r018531_c007267,1,338.6205139160156,489.67523193359375,390.5711975097656,512.589599609375,0.0012935146223753
tile_r018531_c007267,1,512.83154296875,506.3130798339844,524.7999877929688,524.7999877929688,0.0012711732415482
tile_r018531_c007267,1,513.4146728515625,404.2334899902344,524.5169677734375,502.9471740722656,0.0012564683565869
tile_r018531_c007267,1,440.3899536132813,493.57861328125,488.3251953125,509.41259765625,0.001253000809811
tile_r018531_c007267,1,513.251953125,190.70333862304688,524.7150268554688,292.4364318847656,0.0012527270009741
tile_r018531_c007267,1,-12.203031539916992,-8.438122749328613,-2.934095859527588,36.420509338378906,0.0012251759180799
tile_r018531_c007267,1,-12.43875789642334,63.6451416015625,-2.2157790660858154,126.4591064453125,0.0012167014647275
tile_r018531_c007267,1,-12.252227783203123,235.3940887451172,-1.8912551403045652,297.3700561523437,0.0011878602672368
tile_r018531_c007267,1,488.2116088867188,363.4320373535156,516.6168823242188,402.8361206054688,0.0011869451263919
tile_r018531_c007267,1,-12.244026184082031,355.6138610839844,-2.1513595581054688,425.6725158691406,0.0011793739395216
tile_r018531_c007267,1,-12.463597297668455,19.276559829711918,-2.4275848865509038,78.65507507324219,0.0011778959305956
tile_r018531_c007267,1,-12.230546951293944,256.7872619628906,-1.812321424484253,319.135498046875,0.0011582920560613
tile_r018531_c007267,1,513.0233154296875,174.1488494873047,524.7415161132812,273.66510009765625,0.0011565638706088
tile_r018531_c007267,1,-12.250853538513184,166.5138702392578,-2.1065948009490967,229.7637634277344,0.0011453568004071
tile_r018531_c007267,1,-12.303174018859863,177.91510009765625,-2.10516357421875,244.38150024414065,0.0011399247450754
tile_r018531_c007267,1,-12.34238624572754,140.34249877929688,-2.04345703125,208.3101806640625,0.0011311252601444
tile_r018531_c007267,1,214.71371459960935,513.8942260742188,275.05401611328125,524.2024536132812,0.0011296140728518
tile_r018531_c007267,1,512.1416625976562,299.84381103515625,524.5660400390625,393.340576171875,0.0011290244292467
tile_r018531_c007267,1,487.7494201660156,232.6902313232422,522.4255981445312,313.0341796875,0.0011273828567937
tile_r018531_c007267,1,-12.28762435913086,224.4232940673828,-1.899237036705017,286.0804138183594,0.0011178331915289
tile_r018531_c007267,1,-12.401692390441896,94.77180480957033,-1.8788009881973269,155.8721923828125,0.001116577303037
tile_r018531_c007267,1,378.623046875,516.0037231445312,445.0309448242188,524.7999877929688,0.0011143331648781
tile_r018531_c007267,1,500.2313537597656,334.5137634277344,521.8141479492188,399.13812255859375,0.0011124229058623
tile_r018531_c007267,1,203.3720245361328,506.84375,270.137451171875,512.5601806640625,0.0011034406488761
tile_r018531_c007267,1,-12.269292831420898,154.2852325439453,-1.9782394170761108,218.8148498535156,0.0011006649583578
tile_r018531_c007267,1,-12.161505699157717,402.32373046875,-2.4399750232696533,467.15869140625,0.0011005353881046
tile_r018531_c007267,1,513.0994873046875,381.5591735839844,524.6007080078125,491.8528442382813,0.0010992283932864
tile_r018531_c007267,1,-12.429932594299316,78.8753890991211,-2.0034775733947754,141.86962890625,0.0010904563823714
tile_r018531_c007267,1,488.8751831054688,-12.209150314331056,523.9318237304688,0.554333508014679,0.0010862480849027
tile_r018531_c007267,1,408.4650268554688,-5.589550971984863,514.0748291015625,101.6398468017578,0.0010854509891942
tile_r018531_c007267,1,513.4127197265625,458.2040100097656,524.5828247070312,516.5515747070312,0.0010806260397657
tile_r018531_c007267,1,-12.289647102355955,371.1678161621094,-2.297720432281494,440.9480895996094,0.0010705231688916
tile_r018531_c007267,1,446.8021545410156,498.2520446777344,483.66162109375,509.4331970214844,0.0010656979866325
tile_r018531_c007267,1,518.2069091796875,252.1631317138672,524.4834594726562,316.6502380371094,0.0010634186910465
tile_r018531_c007267,1,289.7063903808594,261.033203125,314.5340270996094,289.7574157714844,0.0010599110973998
tile_r018531_c007267,1,435.9400329589844,498.6994018554688,497.7380981445313,509.5158081054688,0.0010489512933418
tile_r018531_c007267,1,-12.31617832183838,209.7893829345703,-1.9649139642715452,274.1752319335937,0.0010463937651365
tile_r018531_c007267,1,444.1181640625,514.8282470703125,511.7741088867188,524.7999877929688,0.001040399307385
tile_r018531_c007267,1,229.1234893798828,514.1189575195312,287.3935546875,524.2238159179688,0.0010367205832153
tile_r018531_c007267,1,102.2242660522461,0.2518249452114105,145.3083038330078,5.256994724273682,0.0010079828789457
tile_r018531_c007267,1,310.60711669921875,513.33935546875,382.166748046875,524.7999877929688,0.001007062382996
tile_r018531_c007267,1,331.95709228515625,458.9347229003906,402.1028747558594,515.3736572265625,0.0010008866665884
tile_r018787_c005987,1,412.23052978515625,174.24923706054688,465.99517822265625,218.9255828857422,0.8201825618743896
tile_r018787_c005987,1,51.206642150878906,307.68658447265625,91.1038589477539,343.8974609375,0.8138424754142761
tile_r018787_c005987,1,345.8450927734375,297.15509033203125,394.7373352050781,346.78778076171875,0.8134022951126099
tile_r018787_c005987,1,2.633457899093628,165.13430786132812,48.1123275756836,209.9808349609375,0.7682202458381653
tile_r018787_c005987,1,61.282981872558594,342.3485717773437,99.3691635131836,381.0573120117188,0.7564187049865723
tile_r018787_c005987,1,256.2735290527344,222.08837890625,292.5023803710937,255.7763671875,0.7352328300476074
tile_r018787_c005987,1,110.2166976928711,403.2994995117188,154.71939086914062,448.60400390625,0.7218449711799622
tile_r018787_c005987,1,351.08172607421875,392.25982666015625,377.3320617675781,418.3185119628906,0.6556411981582642
tile_r018787_c005987,1,257.2998962402344,87.23728942871094,286.4750061035156,114.82208251953124,0.6312718391418457
tile_r018787_c005987,1,350.8863525390625,44.81368255615234,394.2422180175781,79.56547546386719,0.5961681604385376
tile_r018787_c005987,1,479.7371520996094,365.461181640625,513.1445922851562,408.9342346191406,0.5655314326286316
tile_r018787_c005987,1,464.0361328125,141.22586059570312,495.3540954589844,167.9183349609375,0.4723723828792572
tile_r018787_c005987,1,185.2216796875,-0.1022987365722656,225.38803100585935,16.436710357666016,0.2776501774787903
tile_r018787_c005987,1,492.8648376464844,448.6583862304688,515.234375,487.8141479492188,0.1858771592378616
tile_r018787_c005987,1,407.68988037109375,-0.357504278421402,445.30670166015625,16.245168685913086,0.1536777317523956
tile_r018787_c005987,1,486.4496154785156,447.47076416015625,516.1683349609375,490.8670349121094,0.1035948544740676
tile_r018787_c005987,1,56.39177322387695,336.3028869628906,102.0074234008789,384.8072814941406,0.051826000213623
tile_r018787_c005987,1,460.5664978027344,137.34323120117188,497.3096618652344,171.24855041503906,0.045298758894205
tile_r018787_c005987,1,-0.2412445098161697,282.5618591308594,16.799367904663086,306.56805419921875,0.0427366197109222
tile_r018787_c005987,1,356.7859802246094,47.83014678955078,392.29486083984375,76.09870910644531,0.0393059514462947
tile_r018787_c005987,1,491.8504943847656,449.1878051757813,513.1658935546875,480.4176635742188,0.0354446955025196
tile_r018787_c005987,1,-1.2391846179962158,158.8193817138672,51.054786682128906,215.5096740722656,0.0342748649418354
tile_r018787_c005987,1,347.6341247558594,390.0418090820313,381.13909912109375,421.1050720214844,0.0326245799660682
tile_r018787_c005987,1,475.0563049316406,355.95001220703125,516.5953369140625,413.3059692382813,0.0253318957984447
tile_r018787_c005987,1,255.14828491210935,83.19573974609375,289.90289306640625,118.02870178222656,0.0221209209412336
tile_r018787_c005987,1,183.86050415039065,-1.116082787513733,227.2268524169922,21.79987144470215,0.0215811226516962
tile_r018787_c005987,1,401.5928649902344,0.293252557516098,442.7903442382813,10.7640962600708,0.0201020985841751
tile_r018787_c005987,1,415.26995849609375,0.647595226764679,444.7106018066406,15.448080062866213,0.0185651089996099
tile_r018787_c005987,1,253.53173828125,217.65902709960935,296.5731506347656,259.5701599121094,0.016658179461956
tile_r018787_c005987,1,345.78253173828125,39.41498947143555,395.8279418945313,84.04695129394531,0.0155303142964839
tile_r018787_c005987,1,486.3264770507813,350.07861328125,520.5881958007812,417.0294799804688,0.0096274530515074
tile_r018787_c005987,1,0.180184930562973,434.640625,11.835247993469238,472.6407165527344,0.0094924131408333
tile_r018787_c005987,1,114.6366195678711,408.9609375,152.60287475585938,445.7501831054688,0.0072104330174624
tile_r018787_c005987,1,399.1671752929688,-0.7701469659805298,444.6893615722656,22.019519805908203,0.0069024194963276
tile_r018787_c005987,1,186.0345764160156,-0.4280151426792145,217.7687530517578,10.084054946899414,0.0067538795992732
tile_r018787_c005987,1,178.3238983154297,-7.734589576721191,234.32833862304688,9.992535591125488,0.0058659971691668
tile_r018787_c005987,1,-0.3610900938510895,435.5071411132813,18.90825843811035,473.6041870117188,0.0052765561267733
tile_r018787_c005987,1,511.9747009277344,2.9411957263946533,524.6126708984375,102.90145111083984,0.0051701269112527
tile_r018787_c005987,1,487.690673828125,440.89007568359375,519.6407470703125,498.4820861816406,0.004948953166604
tile_r018787_c005987,1,105.2543487548828,398.1338806152344,157.22946166992188,454.5319213867188,0.0049254219047725
tile_r018787_c005987,1,512.1864624023438,36.256874084472656,524.6469116210938,140.88888549804688,0.0048087462782859
tile_r018787_c005987,1,512.0263671875,67.11421966552734,524.537109375,160.65391540527344,0.0047590332105755
tile_r018787_c005987,1,185.30392456054688,-0.0883796662092208,214.7174530029297,13.100378036499023,0.0045826216228306
tile_r018787_c005987,1,512.5498046875,320.1983947753906,524.6898193359375,413.9478454589844,0.004327573813498
tile_r018787_c005987,1,511.58642578125,176.38363647460938,524.4549560546875,269.274169921875,0.0039035137742757
tile_r018787_c005987,1,512.0037231445312,-5.202362060546875,524.4759521484375,75.942138671875,0.0036227954551577
tile_r018787_c005987,1,511.83599853515625,193.7248992919922,524.562744140625,290.158203125,0.0032894082833081
tile_r018787_c005987,1,512.4095458984375,126.2840805053711,524.6422119140625,230.26174926757807,0.0030821899417787
tile_r018787_c005987,1,393.8516540527344,-10.145326614379885,456.5809631347656,13.469253540039062,0.0029032819438725
tile_r018787_c005987,1,67.19486236572266,346.2527160644531,98.55596923828124,377.9238586425781,0.0027504889294505
tile_r018787_c005987,1,258.33953857421875,225.6050720214844,286.4922790527344,252.9897003173828,0.0027395724318921
tile_r018787_c005987,1,-11.693817138671877,159.0785675048828,-1.062164306640625,218.89437866210935,0.0026996748056262
tile_r018787_c005987,1,506.4677734375,440.2742614746094,524.1907958984375,501.5802307128906,0.0026921608950942
tile_r018787_c005987,1,512.5804443359375,91.3499755859375,524.4951782226562,186.1556701660156,0.0025640185922384
tile_r018787_c005987,1,470.5127868652344,330.90191650390625,519.951171875,410.989013671875,0.0024708618875592
tile_r018787_c005987,1,511.9030151367188,216.6119079589844,524.5262451171875,310.1533203125,0.0024696516338735
tile_r018787_c005987,1,511.89654541015625,338.6922912597656,524.4996337890625,424.84375,0.0023814383894205
tile_r018787_c005987,1,-11.778076171875,168.77432250976562,-1.9172805547714236,227.03125,0.0021724964026361
tile_r018787_c005987,1,-11.76842975616455,149.4318084716797,0.351348876953125,212.74508666992188,0.002131087007001
tile_r018787_c005987,1,510.2347106933594,-12.800000190734863,524.609130859375,28.414419174194336,0.0020576633978635
tile_r018787_c005987,1,-11.353089332580566,430.2850646972656,-2.8422272205352783,482.0743103027344,0.0020521453116089
tile_r018787_c005987,1,512.5798950195312,284.9021911621094,524.5989990234375,389.1821899414063,0.0020495085045695
tile_r018787_c005987,1,493.6585998535156,323.90093994140625,523.2687377929688,414.4344787597656,0.0020406797993928
tile_r018787_c005987,1,183.8017120361328,303.8451538085937,213.69955444335935,334.58648681640625,0.0019678543321788
tile_r018787_c005987,1,519.00537109375,437.2442321777344,524.7000732421875,501.71923828125,0.0019458169117569
tile_r018787_c005987,1,173.75668334960938,-12.721864700317385,223.24136352539065,-7.352862358093262,0.0019393427064642
tile_r018787_c005987,1,513.4928588867188,388.0810546875,524.7625732421875,480.4052734375,0.0019389181397855
tile_r018787_c005987,1,177.69955444335938,-12.33099365234375,237.4266662597656,14.832079887390137,0.0018642126815393
tile_r018787_c005987,1,404.5196838378906,165.4005584716797,471.92083740234375,232.21072387695312,0.0018522305181249
tile_r018787_c005987,1,7.978329658508301,503.3128051757813,82.29117584228516,512.3287963867188,0.0017422348028048
tile_r018787_c005987,1,15.936535835266112,504.9830627441406,89.25447082519531,512.407958984375,0.0017300137551501
tile_r018787_c005987,1,261.4453430175781,89.28794860839844,288.6296691894531,111.83758544921876,0.0016314540989696
tile_r018787_c005987,1,-11.287188529968262,276.3345642089844,-3.1342437267303467,330.064453125,0.0015981118194758
tile_r018787_c005987,1,-12.068775177001951,224.470458984375,-3.33428955078125,278.3856811523437,0.0015493120299652
tile_r018787_c005987,1,-12.01215648651123,81.71470642089844,-2.4669342041015625,138.64151000976562,0.0015333688352257
tile_r018787_c005987,1,-11.48351764678955,423.4757690429688,-1.1273376941680908,479.6896362304688,0.0015050439396873
tile_r018787_c005987,1,497.9872131347656,303.66650390625,523.23388671875,392.81256103515625,0.0014906390570104
tile_r018787_c005987,1,-11.308324813842772,270.40557861328125,-1.3154205083847046,322.86163330078125,0.0014843866229057
tile_r018787_c005987,1,-12.054295539855955,179.36892700195312,-3.630889892578125,244.02978515625,0.0014826081460341
tile_r018787_c005987,1,-12.016493797302246,91.0105972290039,-2.737840175628662,148.36404418945312,0.0014291435945779
tile_r018787_c005987,1,-11.839860916137695,-12.452146530151367,-0.2309494018554687,10.74804401397705,0.0014236402930691
tile_r018787_c005987,1,416.8750915527344,179.59512329101562,463.5946350097656,214.8924865722656,0.0014171103248372
tile_r018787_c005987,1,-12.356897354125977,-3.818530321121216,-3.977944850921631,51.12236404418945,0.0013917960459366
tile_r018787_c005987,1,103.98216247558594,349.6690368652344,122.16758728027344,366.7255859375,0.0013549331342801
tile_r018787_c005987,1,-12.178926467895508,460.7277221679688,-2.073542833328247,512.9237060546875,0.0013174520572647
tile_r018787_c005987,1,-12.508212089538574,3.1825013160705566,-4.003196716308594,67.48606872558594,0.0012959513114765
tile_r018787_c005987,1,512.3002319335938,238.3806610107422,524.6094360351562,347.17169189453125,0.0012907768832519
tile_r018787_c005987,1,395.9650268554688,-12.20273780822754,447.6820373535156,3.947802782058716,0.0012897427659481
tile_r018787_c005987,1,48.07207107543945,300.4091186523437,98.4728775024414,360.7434692382813,0.0012880659196525
tile_r018787_c005987,1,-12.336312294006348,43.80733489990234,-3.377091884613037,103.87904357910156,0.0012863354058936
tile_r018787_c005987,1,-11.995113372802734,288.7230834960937,-3.354353427886963,364.84674072265625,0.0012795475777238
tile_r018787_c005987,1,-12.045358657836914,333.7296447753906,-3.08912205696106,393.8201599121094,0.0012591382255777
tile_r018787_c005987,1,-12.13796043395996,70.21369934082031,-2.5774688720703125,130.5726776123047,0.0012489686487242
tile_r018787_c005987,1,8.825413703918457,171.12429809570312,45.8950309753418,207.104736328125,0.0012488896027207
tile_r018787_c005987,1,-11.724058151245115,281.12921142578125,-3.3197662830352783,347.59539794921875,0.0012411512434482
tile_r018787_c005987,1,479.59765625,427.85589599609375,518.4972534179688,498.82427978515625,0.0012402530992403
tile_r018787_c005987,1,178.16073608398438,-3.592404127120972,232.0115203857422,11.708483695983888,0.0012342040427029
tile_r018787_c005987,1,-12.038714408874512,304.976806640625,-3.239727735519409,378.2511291503906,0.0012293988838791
tile_r018787_c005987,1,400.8822326660156,0.730560302734375,439.7247009277344,14.0081205368042,0.0012254180619493
tile_r018787_c005987,1,509.3517456054688,24.64491844177246,524.7999877929688,118.3982391357422,0.0012238072231411
tile_r018787_c005987,1,-12.27138900756836,55.2164306640625,-3.0954651832580566,118.6618194580078,0.001205860171467
tile_r018787_c005987,1,493.0020446777344,386.3897705078125,521.9915161132812,485.2868041992188,0.0012049984652549
tile_r018787_c005987,1,-12.157609939575195,100.7949676513672,-2.8973617553710938,160.8186492919922,0.0012042847229167
tile_r018787_c005987,1,509.4832458496094,55.11823654174805,524.7999877929688,147.63113403320312,0.0012028190540149
tile_r018787_c005987,1,-12.189022064208984,491.3721618652344,-2.047415256500244,516.4754638671875,0.0011994952801615
tile_r018787_c005987,1,510.9344177246094,358.14263916015625,524.137939453125,433.51409912109375,0.0011828903807327
tile_r018787_c005987,1,-12.110095977783203,232.5540008544922,-2.7133803367614746,297.38153076171875,0.0011785895330831
tile_r018787_c005987,1,-12.114706039428713,131.31814575195312,-0.7487945556640625,208.7320098876953,0.0011761463247239
tile_r018787_c005987,1,518.7013549804688,359.22833251953125,524.5279541015625,422.5552673339844,0.0011597307166084
tile_r018787_c005987,1,0.571881115436554,429.9225158691406,24.1326847076416,474.560302734375,0.0011491610202938
tile_r018787_c005987,1,-12.40247917175293,33.9368782043457,-3.4833877086639404,92.3559112548828,0.0011484693968668
tile_r018787_c005987,1,160.4335174560547,-12.800000190734863,218.5601043701172,-4.154879570007324,0.0011434473562985
tile_r018787_c005987,1,449.2966918945313,130.48135375976562,500.6485290527344,178.1370086669922,0.0011367513798177
tile_r018787_c005987,1,-12.212926864624023,343.24237060546875,-3.037026882171631,405.19482421875,0.0011266758665442
tile_r018787_c005987,1,-12.060996055603027,213.8335876464844,-3.910069227218628,268.34149169921875,0.0011265396606177
tile_r018787_c005987,1,-12.205756187438965,-7.7781219482421875,-3.2615325450897217,34.75475311279297,0.0011250590905547
tile_r018787_c005987,1,400.4740295410156,0.7651824951171875,438.1255798339844,9.098550796508787,0.0011232643155381
tile_r018787_c005987,1,139.594970703125,504.7893676757813,206.40902709960935,512.7086791992188,0.0011040694080293
tile_r018787_c005987,1,477.6400451660156,-12.794212341308594,516.7507934570312,-3.910076856613159,0.0010872895363718
tile_r018787_c005987,1,-12.38298511505127,511.1467895507813,3.1396377086639404,524.7999877929688,0.0010792895918712
tile_r018787_c005987,1,113.8920440673828,74.29268646240234,159.5194854736328,130.46365356445312,0.0010578482178971
tile_r018787_c005987,1,396.6263427734375,-3.4950530529022217,451.0589904785156,14.080416679382324,0.0010536044137552
tile_r018787_c005987,1,508.2110290527344,10.593615531921388,524.7999877929688,99.4149932861328,0.0010303220478817
tile_r018787_c005987,1,-12.308965682983398,353.87774658203125,-2.865368604660034,418.5120239257813,0.0010210697073489
tile_r018787_c005987,1,498.630859375,449.6751098632813,512.4173583984375,488.7457885742188,0.0010166589636355
tile_r018787_c005987,1,124.57551574707033,93.06629943847656,142.10256958007812,110.80521392822266,0.0010109834838658
tile_r018787_c005987,1,-12.46307373046875,19.715866088867188,-3.810499668121338,82.21549987792969,0.0010052922880277
tile_r018787_c005987,1,495.0474243164063,-12.2780122756958,523.5941772460938,5.051803588867188,0.0010029055410996
tile_r018787_c005987,1,507.8292846679688,84.52302551269531,524.7999877929688,174.8876495361328,0.0010007107630372
tile_r018787_c006243,1,287.5269470214844,216.8375244140625,345.6171875,266.4365539550781,0.8313130736351013
tile_r018787_c006243,1,155.9335174560547,173.72409057617188,210.26290893554688,219.40847778320312,0.8180564045906067
tile_r018787_c006243,1,335.36700439453125,164.4131622314453,389.4520263671875,213.1343536376953,0.8135228753089905
tile_r018787_c006243,1,89.59782409667969,296.73016357421875,139.05264282226562,347.0215148925781,0.8103575110435486
tile_r018787_c006243,1,234.370361328125,448.3017578125,283.475341796875,493.8712768554688,0.8043913245201111
tile_r018787_c006243,1,223.52731323242188,361.5744018554688,273.2296142578125,409.3463745117188,0.7846001982688904
tile_r018787_c006243,1,292.3788146972656,389.8307495117188,352.3177795410156,447.4051818847656,0.7777148485183716
tile_r018787_c006243,1,477.1002807617188,130.34619140625,513.4895629882812,173.33724975585938,0.7313601970672607
tile_r018787_c006243,1,1.470342993736267,220.49136352539065,37.4423942565918,256.1656799316406,0.6345922350883484
tile_r018787_c006243,1,94.7995147705078,391.865234375,121.9984893798828,418.7256774902344,0.628498911857605
tile_r018787_c006243,1,1.4173446893692017,86.38032531738281,32.682518005371094,114.90827941894533,0.5572133660316467
tile_r018787_c006243,1,94.5807113647461,44.8414421081543,139.04043579101562,78.95332336425781,0.5514422059059143
tile_r018787_c006243,1,208.1436004638672,140.96865844726562,238.6865234375,166.60040283203125,0.2934451401233673
tile_r018787_c006243,1,493.4496154785156,15.636072158813477,513.5035400390625,47.60659790039063,0.1468934565782547
tile_r018787_c006243,1,151.44207763671875,-0.4074729979038238,189.38021850585935,16.444278717041016,0.1370185315608978
tile_r018787_c006243,1,478.6407775878906,125.75643157958984,519.0844116210938,180.19671630859372,0.0770461410284042
tile_r018787_c006243,1,-0.937579333782196,215.2446746826172,41.084434509277344,260.3763732910156,0.0572635382413864
tile_r018787_c006243,1,100.8400421142578,47.75604248046875,136.40396118164062,75.99937438964844,0.0339709855616092
tile_r018787_c006243,1,0.1248596161603927,83.02290344238281,35.65225982666016,119.2707748413086,0.030178440734744
tile_r018787_c006243,1,91.4294891357422,389.63031005859375,125.6795425415039,421.58636474609375,0.0299362130463123
tile_r018787_c006243,1,494.1993103027344,10.073626518249512,516.5114135742188,49.08275604248047,0.028053592890501
tile_r018787_c006243,1,487.2062072753906,8.382695198059082,515.4144287109375,48.50216674804688,0.0188733022660017
tile_r018787_c006243,1,205.90072631835935,138.19277954101562,241.38134765625,169.9751434326172,0.0187927596271038
tile_r018787_c006243,1,145.2451629638672,0.2115936279296875,187.1446075439453,10.858370780944824,0.0181757360696792
tile_r018787_c006243,1,159.15383911132812,0.5929107666015625,188.8055877685547,15.644558906555176,0.0160186663269996
tile_r018787_c006243,1,89.63566589355469,39.17513275146485,140.0201416015625,83.63648986816406,0.0139988334849476
tile_r018787_c006243,1,218.20932006835935,355.78594970703125,277.2527770996094,414.9659729003906,0.0099165113642811
tile_r018787_c006243,1,489.3136596679688,130.09104919433594,514.3074340820312,170.29954528808594,0.0086143100634217
tile_r018787_c006243,1,498.3352966308594,16.125171661376953,512.455322265625,45.806640625,0.0084516666829586
tile_r018787_c006243,1,142.94735717773438,-0.929302215576172,188.91075134277344,22.116430282592773,0.0075039765797555
tile_r018787_c006243,1,296.5228576660156,221.8971710205078,343.779296875,263.4478454589844,0.0067452834919095
tile_r018787_c006243,1,470.1527404785156,124.1928939819336,514.7937622070312,177.502685546875,0.0059276572428643
tile_r018787_c006243,1,511.4971618652344,408.48089599609375,524.6632080078125,504.4625549316406,0.0052625020034611
tile_r018787_c006243,1,512.0895385742188,433.973876953125,524.7999877929688,511.540283203125,0.0039221453480422
tile_r018787_c006243,1,2.964190721511841,223.2295837402344,30.515453338623047,253.0760803222656,0.0033363518305122
tile_r018787_c006243,1,513.2192993164062,127.3654556274414,524.660888671875,230.62319946289065,0.0033225272782146
tile_r018787_c006243,1,226.6791534423828,366.15625,267.6566467285156,406.6320190429688,0.0032840613275766
tile_r018787_c006243,1,137.1564178466797,-10.55086612701416,200.99514770507807,13.476160049438477,0.003006690647453
tile_r018787_c006243,1,511.8366088867188,383.3237915039063,524.6064453125,488.2652893066406,0.0027359176892787
tile_r018787_c006243,1,-12.260802268981934,2.8938536643981934,-2.920918226242065,59.9378776550293,0.0026609215419739
tile_r018787_c006243,1,512.1735229492188,288.1097106933594,524.63427734375,396.1722106933594,0.0024667824618518
tile_r018787_c006243,1,330.0232849121094,159.8852996826172,394.4934997558594,220.4526824951172,0.0024570543318986
tile_r018787_c006243,1,484.65673828125,0.7040649652481079,520.6170654296875,54.1942253112793,0.0021829148754477
tile_r018787_c006243,1,511.8212890625,316.7989196777344,524.6041870117188,420.9489135742188,0.0021559114102274
tile_r018787_c006243,1,511.9842224121094,358.23370361328125,524.5746459960938,465.8567504882813,0.0021172927226871
tile_r018787_c006243,1,511.9827270507813,226.0246124267578,524.56787109375,326.57244873046875,0.0020790267735719
tile_r018787_c006243,1,512.6664428710938,267.82000732421875,524.581298828125,370.9319458007813,0.0020616161637008
tile_r018787_c006243,1,-12.04504680633545,87.65396881103516,-2.939613342285156,149.04737854003906,0.0020354483276605
tile_r018787_c006243,1,512.0353393554688,6.8267822265625,524.6921997070312,105.9538345336914,0.0020191771909594
tile_r018787_c006243,1,-11.597844123840332,80.42678833007812,0.9966720342636108,138.6478271484375,0.0019936107564717
tile_r018787_c006243,1,-11.584142684936523,216.7601623535156,-0.0155654903501272,277.1083984375,0.0019888775423169
tile_r018787_c006243,1,-2.015338182449341,204.55258178710935,48.62320709228516,266.6123962402344,0.0019421598408371
tile_r018787_c006243,1,230.3755798339844,442.6953125,288.125,500.8125,0.001910394988954
tile_r018787_c006243,1,153.08010864257812,169.38804626464844,214.49832153320312,228.508544921875,0.0019067815737798
tile_r018787_c006243,1,-12.332633018493652,11.182202339172363,-2.8196518421173096,72.54364013671875,0.0018998184241354
tile_r018787_c006243,1,518.3621215820312,9.31707763671875,524.5773315429688,67.95179748535156,0.0018632537685334
tile_r018787_c006243,1,512.8244018554688,63.31282806396485,524.6687622070312,164.22518920898438,0.0018518533324822
tile_r018787_c006243,1,513.5036010742188,143.61026000976562,524.5943603515625,252.2332000732422,0.0018263610545545
tile_r018787_c006243,1,460.4500122070313,116.64225769042967,512.2609252929688,175.0330810546875,0.0017708129016682
tile_r018787_c006243,1,490.1839904785156,2.093249559402466,521.9306640625,77.11649322509766,0.0017470113234594
tile_r018787_c006243,1,512.3224487304688,246.426025390625,524.5972900390625,350.2921447753906,0.0017028448637574
tile_r018787_c006243,1,408.8282165527344,260.42242431640625,434.7316284179688,283.7501525878906,0.0016814306145533
tile_r018787_c006243,1,-11.918675422668455,-12.37128448486328,0.3083663880825043,10.812634468078612,0.0015385771403089
tile_r018787_c006243,1,-11.552518844604492,73.3558349609375,4.197004795074463,132.8255615234375,0.0015298816142603
tile_r018787_c006243,1,-3.7644410133361816,77.4427261352539,39.959510803222656,127.1937026977539,0.0014772731810808
tile_r018787_c006243,1,519.8629150390625,127.2939453125,524.4005737304688,183.27359008789065,0.0014608441852033
tile_r018787_c006243,1,512.3580932617188,197.4296875,524.6389770507812,302.7823181152344,0.0014570332132279
tile_r018787_c006243,1,-12.038129806518556,182.7074279785156,0.7285751104354858,250.9929656982422,0.0014424145920202
tile_r018787_c006243,1,508.803955078125,4.469302177429199,524.2670288085938,77.26751708984375,0.0014151737559586
tile_r018787_c006243,1,512.6580810546875,39.481483459472656,524.5233154296875,131.83274841308594,0.0014136590762063
tile_r018787_c006243,1,-12.435197830200195,509.6018676757813,3.2731521129608154,524.7999877929688,0.0013810981763526
tile_r018787_c006243,1,-12.383544921875,153.70370483398438,-2.3308823108673096,215.0856475830078,0.0013319262070581
tile_r018787_c006243,1,-12.366984367370604,143.0834503173828,-2.432598829269409,201.9191436767578,0.001310515217483
tile_r018787_c006243,1,504.4818420410156,-12.800000190734863,524.7999877929688,17.805255889892578,0.0012480083387345
tile_r018787_c006243,1,-12.0806884765625,229.0973358154297,-4.1563720703125,290.63287353515625,0.0012452240334823
tile_r018787_c006243,1,-11.47686767578125,204.43869018554688,7.7897796630859375,270.5683288574219,0.0012426989851519
tile_r018787_c006243,1,138.9741973876953,-12.210573196411133,192.1852569580078,3.840655565261841,0.0012111963005736
tile_r018787_c006243,1,-12.46004581451416,491.41839599609375,-2.127974033355713,517.2387084960938,0.0011953202774748
tile_r018787_c006243,1,512.9754638671875,92.2147979736328,524.73876953125,185.2472686767578,0.0011861139209941
tile_r018787_c006243,1,200.7395477294922,130.04786682128906,244.5290985107422,170.78294372558594,0.0011812532320618
tile_r018787_c006243,1,-12.30960464477539,96.94140625,-3.2732574939727783,164.3089141845703,0.0011789662530645
tile_r018787_c006243,1,26.785863876342773,418.0035095214844,114.0827865600586,514.0535888671875,0.0011702937772497
tile_r018787_c006243,1,-12.123007774353027,-6.729504585266113,-2.5477309226989746,35.72998809814453,0.0011639993172138
tile_r018787_c006243,1,-12.3023099899292,131.6504669189453,-2.537318468093872,191.1644744873047,0.0011417386122047
tile_r018787_c006243,1,-12.562487602233888,472.6917114257813,-3.257157802581787,515.2682495117188,0.0011308236280456
tile_r018787_c006243,1,339.443603515625,65.31805419921875,351.361572265625,74.42330169677734,0.0011186187621206
tile_r018787_c006243,1,-12.290349960327148,167.9756317138672,-1.804408311843872,231.0222625732422,0.0010880033951252
tile_r018787_c006243,1,314.3517150878906,64.93119812011719,326.3007202148437,74.4331283569336,0.0010863996576517
tile_r018787_c006243,1,326.928955078125,65.37178802490234,338.409423828125,75.10821533203125,0.0010774419642984
tile_r018787_c006243,1,203.64712524414065,135.3919219970703,245.11196899414065,178.0153045654297,0.0010721009457483
tile_r018787_c006243,1,-12.399349212646484,23.194299697875977,-2.344670057296753,88.85365295410156,0.0010605928255245
tile_r018787_c006243,1,144.7408447265625,0.603106677532196,184.3656463623047,14.09552001953125,0.0010555298067629
tile_r018787_c006243,1,286.7115173339844,381.9287414550781,357.0848693847656,455.1554565429688,0.001055319677107
tile_r018787_c006243,1,140.09375,-3.689895629882813,195.45932006835935,14.192334175109863,0.0010543297976255
tile_r018787_c006243,1,87.62467193603516,383.0705261230469,137.45883178710938,435.2150268554688,0.0010496225440874
tile_r018787_c006243,1,512.0242919921875,506.3678283691406,524.7999877929688,524.7999877929688,0.001048837439157
tile_r018787_c006243,1,493.5319213867188,67.8905258178711,522.4842529296875,139.85971069335938,0.0010401173494756
tile_r018787_c006243,1,307.9685974121094,397.8623046875,445.4539184570313,513.8781127929688,0.0010175994830206
tile_r018787_c006243,1,-11.94469165802002,59.4758415222168,2.0218307971954346,127.68135833740234,0.001016688067466
tile_r018787_c006499,1,32.135765075683594,216.756591796875,89.74208068847656,266.37847900390625,0.8348300457000732
tile_r018787_c006499,1,79.28755950927734,164.375244140625,133.61314392089844,213.31591796875,0.8132471442222595
tile_r018787_c006499,1,221.2075653076172,130.21694946289062,265.9053649902344,173.21182250976562,0.7889266610145569
tile_r018787_c006499,1,37.07686614990234,390.5720825195313,96.27947998046876,446.9187622070313,0.785514771938324
tile_r018787_c006499,1,328.73785400390625,-2.160833835601806,387.1578063964844,37.49974822998047,0.7790955901145935
tile_r018787_c006499,1,268.1587829589844,403.3367309570313,313.35009765625,444.689453125,0.7061619758605957
tile_r018787_c006499,1,255.36376953125,198.44387817382807,316.13250732421875,260.60479736328125,0.6914543509483337
tile_r018787_c006499,1,-0.8388732671737671,452.4244995117188,27.915691375732425,490.9866333007813,0.5964184999465942
tile_r018787_c006499,1,252.8684844970703,50.817161560058594,289.7868347167969,89.6573257446289,0.5159217119216919
tile_r018787_c006499,1,256.7535095214844,207.7499084472656,307.1866149902344,256.8216857910156,0.4686891734600067
tile_r018787_c006499,1,236.5216827392578,15.00225830078125,270.87030029296875,47.06818771362305,0.4136316180229187
tile_r018787_c006499,1,360.2897033691406,414.2581176757813,412.84381103515625,470.2606506347656,0.1971717625856399
tile_r018787_c006499,1,-4.081581115722656,447.9176635742188,29.98504638671875,495.2616271972656,0.0515784211456775
tile_r018787_c006499,1,246.2777404785156,45.66730880737305,292.0235290527344,93.08683776855467,0.0382988341152668
tile_r018787_c006499,1,341.30645751953125,195.81103515625,363.5992126464844,215.8031311035156,0.0229452792555093
tile_r018787_c006499,1,264.55377197265625,396.4071044921875,318.3677062988281,450.6253051757813,0.0155223924666643
tile_r018787_c006499,1,240.013916015625,18.92875289916992,267.6253356933594,45.73667526245117,0.0145919965580105
tile_r018787_c006499,1,361.27728271484375,421.9811401367188,404.8452758789063,467.0079040527344,0.013493800535798
tile_r018787_c006499,1,0.030310058966279,365.199951171875,19.78837203979492,395.2906799316406,0.0082742348313331
tile_r018787_c006499,1,374.4705200195313,418.1532287597656,408.5580139160156,461.64697265625,0.0073441993445158
tile_r018787_c006499,1,231.218017578125,7.984490871429443,273.62408447265625,49.76240921020508,0.0066996193490922
tile_r018787_c006499,1,330.21630859375,-0.4333770871162414,363.2398376464844,26.679203033447266,0.0060447538271546
tile_r018787_c006499,1,40.34478759765625,221.783447265625,87.8626708984375,263.456787109375,0.0055470783263444
tile_r018787_c006499,1,0.00653076171875,454.3112182617188,19.953441619873047,489.5221557617188,0.0054167122580111
tile_r018787_c006499,1,353.2139587402344,408.8982543945313,418.5259704589844,475.9943237304688,0.0051167798228561
tile_r018787_c006499,1,510.9074096679688,223.02407836914065,524.5902099609375,319.9729919433594,0.0051149278879165
tile_r018787_c006499,1,216.5265350341797,125.5860595703125,269.9193725585937,179.4022979736328,0.0040940241888165
tile_r018787_c006499,1,511.1692810058594,243.9864196777344,524.600341796875,345.2718811035156,0.0040752203203737
tile_r018787_c006499,1,511.7333068847656,374.3986206054688,524.5465698242188,471.3497924804688,0.0039960341528058
tile_r018787_c006499,1,1.9105819463729856,455.0504760742188,26.727258682250977,485.53515625,0.0039913416840136
tile_r018787_c006499,1,511.8208923339844,395.776123046875,524.5806884765625,493.1529846191406,0.003791470080614
tile_r018787_c006499,1,510.7023315429688,201.3188018798828,524.5460815429688,298.151611328125,0.0034126604441553
tile_r018787_c006499,1,0.720166027545929,363.6763305664063,16.042644500732422,397.9859313964844,0.0033513770904392
tile_r018787_c006499,1,511.5088806152344,267.326904296875,524.61669921875,370.5309143066406,0.0032681499142199
tile_r018787_c006499,1,511.9954528808594,420.3884887695313,524.679443359375,511.0771484375,0.0027462989091873
tile_r018787_c006499,1,512.5272827148438,451.1953125,524.4334716796875,516.8582153320312,0.0027130546513944
tile_r018787_c006499,1,73.75559997558594,159.642822265625,138.41384887695312,220.83914184570312,0.0026726806536316
tile_r018787_c006499,1,512.6326904296875,50.278114318847656,524.6174926757812,156.65347290039062,0.0025761630386114
tile_r018787_c006499,1,500.7278442382813,465.5283203125,519.6975708007812,512.8204956054688,0.002513512969017
tile_r018787_c006499,1,511.66253662109375,295.05743408203125,524.5899658203125,393.5756530761719,0.0024805560242384
tile_r018787_c006499,1,511.786865234375,17.424388885498047,524.5931396484375,120.4745101928711,0.002457961672917
tile_r018787_c006499,1,465.440673828125,0.731732189655304,519.0010375976562,13.886651992797852,0.0023801939096301
tile_r018787_c006499,1,512.360107421875,348.1712646484375,524.5848999023438,451.4835815429688,0.0022565296385437
tile_r018787_c006499,1,-11.065902709960938,445.9733276367188,15.516687393188477,501.724609375,0.0021020681597292
tile_r018787_c006499,1,510.8414916992188,167.068603515625,524.5802001953125,274.8544311523437,0.0020020115189254
tile_r018787_c006499,1,163.4435577392578,292.474609375,178.3759307861328,308.80615234375,0.0019994541071355
tile_r018787_c006499,1,259.5989685058594,213.43228149414065,298.60137939453125,254.1811065673828,0.0019264779984951
tile_r018787_c006499,1,271.0303955078125,407.446044921875,308.5254211425781,442.218505859375,0.0018904029857367
tile_r018787_c006499,1,-12.209364891052246,475.6429138183594,-0.797991931438446,516.4033813476562,0.0018767223227769
tile_r018787_c006499,1,232.9512176513672,6.544531345367432,280.3920288085937,66.37654876708984,0.0018717152997851
tile_r018787_c006499,1,-12.314542770385742,506.7384643554688,3.479212999343872,524.7999877929688,0.0018010546918958
tile_r018787_c006499,1,252.59896850585935,190.14126586914065,323.18280029296875,270.42095947265625,0.0017760499613359
tile_r018787_c006499,1,-11.836629867553713,360.9353637695313,-3.2454330921173096,421.0849609375,0.001752542797476
tile_r018787_c006499,1,378.5284729003906,10.2360258102417,397.4732055664063,28.64132308959961,0.0017082187114283
tile_r018787_c006499,1,511.311279296875,1.2203277349472046,524.543701171875,93.52259826660156,0.0017069489695131
tile_r018787_c006499,1,512.1536865234375,318.162841796875,524.5692138671875,426.2096252441406,0.0016696610255166
tile_r018787_c006499,1,335.74676513671875,1.1116561889648438,383.4145812988281,33.7056884765625,0.0016624896088615
tile_r018787_c006499,1,-12.407733917236328,-4.839032173156738,-4.027270317077637,54.83666229248047,0.0016559874638915
tile_r018787_c006499,1,340.1449279785156,197.36111450195312,359.7754821777344,214.29592895507807,0.0016527308616787
tile_r018787_c006499,1,512.5236206054688,75.8990707397461,524.5784912109375,178.25613403320312,0.0016225506551563
tile_r018787_c006499,1,-12.318160057067873,129.7035675048828,-3.0899901390075684,192.8232421875,0.0016028762329369
tile_r018787_c006499,1,498.7740173339844,451.2149353027344,521.7908325195312,514.2376098632812,0.0015890835784375
tile_r018787_c006499,1,-10.912005424499512,429.4479064941406,32.06889724731445,499.3714294433594,0.001565019832924
tile_r018787_c006499,1,-11.984972953796388,-12.510162353515623,-0.9137527346611024,17.67534828186035,0.0014928479213267
tile_r018787_c006499,1,-12.210466384887695,205.1967315673828,-2.7880401611328125,271.3817749023437,0.0014202671591192
tile_r018787_c006499,1,363.8382263183594,503.91595458984375,430.150634765625,512.2739868164062,0.001392328296788
tile_r018787_c006499,1,508.1650390625,42.78064727783203,524.7999877929688,143.8966064453125,0.0013828644296154
tile_r018787_c006499,1,-11.928800582885742,343.21319580078125,-2.013413906097412,410.9755859375,0.0013615348143503
tile_r018787_c006499,1,-12.33712100982666,140.4786376953125,-2.8363571166992188,203.2813720703125,0.0013598268851637
tile_r018787_c006499,1,-12.14803695678711,193.87240600585935,-2.399554491043091,260.14483642578125,0.0013567964779213
tile_r018787_c006499,1,286.08819580078125,200.24560546875,313.19464111328125,223.5655212402344,0.0013563248794525
tile_r018787_c006499,1,513.2555541992188,484.4353637695313,524.7999877929688,524.7999877929688,0.0012936796993017
tile_r018787_c006499,1,505.3050842285156,-12.800000190734863,524.7750244140625,6.191021919250488,0.00129016849678
tile_r018787_c006499,1,-12.29331398010254,-8.45411205291748,-3.386274814605713,40.852516174316406,0.0012879278510808
tile_r018787_c006499,1,-12.606825828552246,13.723852157592772,-4.130230903625488,80.94877624511719,0.0012763567501679
tile_r018787_c006499,1,511.7194213867188,138.79977416992188,524.6002807617188,246.2733612060547,0.0012710461160168
tile_r018787_c006499,1,373.4316711425781,505.8419799804688,439.7437438964844,512.5867309570312,0.0012411150382831
tile_r018787_c006499,1,-12.341836929321287,217.0985870361328,-2.74964451789856,283.48297119140625,0.0012251565931364
tile_r018787_c006499,1,-12.37587833404541,153.0638427734375,-2.6163787841796875,217.5865936279297,0.0011662035249173
tile_r018787_c006499,1,-12.189943313598633,182.36338806152344,-2.100424289703369,248.1651306152344,0.0011477699736133
tile_r018787_c006499,1,-11.647860527038574,456.43255615234375,1.889926195144653,510.83892822265625,0.0010968638816848
tile_r018787_c006499,1,-12.311796188354492,167.94778442382812,-2.197662353515625,233.73452758789065,0.0010887085227295
tile_r018787_c006499,1,210.4765167236328,118.166259765625,273.5748596191406,186.49478149414065,0.0010764417238533
tile_r018787_c006499,1,-12.316250801086426,375.86273193359375,-2.3633575439453125,446.6839904785156,0.0010482305660843
tile_r018787_c006499,1,-10.534319877624512,445.8536071777344,32.68531036376953,512.4055786132812,0.0010479954071342
tile_r018787_c006499,1,49.18634796142578,394.8894958496094,196.4120330810547,514.2122802734375,0.0010445133084431
tile_r018787_c006499,1,508.5158081054688,60.210487365722656,524.7999877929688,165.56771850585938,0.0010291531216353
tile_r018787_c006499,1,512.6233520507812,99.4818878173828,524.6041870117188,202.411865234375,0.0010277163237333
tile_r018787_c006499,1,508.5847778320313,180.7968292236328,524.7999877929688,283.9391174316406,0.0010218793759122
tile_r018787_c006499,1,-12.35915184020996,314.88720703125,-2.467964172363281,387.2009887695313,0.0010209690080955
tile_r018787_c006499,1,-12.152637481689451,329.17919921875,-1.9670242071151731,401.0896606445313,0.0010194027563557
tile_r018787_c006499,1,-12.44037914276123,303.40142822265625,-2.640422105789185,368.41644287109375,0.001011312007904
tile_r018787_c006499,1,-12.432496070861816,229.665771484375,-2.530352830886841,296.2098999023437,0.0010053545702248
tile_r018787_c006499,1,-12.642363548278809,25.477075576782227,-4.053133964538574,96.98573303222656,0.0010023586219176
tile_r018787_c006755,1,420.2816467285156,220.574951171875,464.2818298339844,262.28765869140625,0.7995995879173279
tile_r018787_c006755,1,72.75370788574219,-2.076983690261841,130.88351440429688,37.5933837890625,0.7811224460601807
tile_r018787_c006755,1,289.7322692871094,145.48037719726562,344.223388671875,200.1012725830078,0.7709304690361023
tile_r018787_c006755,1,470.4986267089844,336.87677001953125,511.4639587402344,377.62835693359375,0.7456779479980469
tile_r018787_c006755,1,-1.193084716796875,194.7474365234375,63.01607131958008,260.2869873046875,0.7391809821128845
tile_r018787_c006755,1,285.3323669433594,47.09733963012695,366.84124755859375,108.64967346191406,0.708336591720581
tile_r018787_c006755,1,11.475817680358888,401.2911987304688,58.627906799316406,446.0222778320313,0.6857271194458008
tile_r018787_c006755,1,-0.0267608650028705,48.99237060546875,33.56665802001953,91.1961669921875,0.6124171018600464
tile_r018787_c006755,1,434.3162231445313,428.5149536132813,473.4800720214844,469.40869140625,0.5791234374046326
tile_r018787_c006755,1,439.4441528320313,98.8296356201172,476.3466796875,134.65054321289062,0.4647028744220733
tile_r018787_c006755,1,300.5922546386719,51.43720626831055,365.56829833984375,103.78707122802734,0.4610248506069183
tile_r018787_c006755,1,437.5638732910156,87.5030517578125,481.6279296875,136.2834014892578,0.2318847179412841
tile_r018787_c006755,1,410.8872985839844,278.0909729003906,444.1629943847656,313.9171447753906,0.2281458675861358
tile_r018787_c006755,1,417.5091857910156,342.4468688964844,445.0503845214844,366.4359436035156,0.2014288604259491
tile_r018787_c006755,1,441.8875122070313,266.5364074707031,477.9367065429688,300.04559326171875,0.1679630428552627
tile_r018787_c006755,1,105.3516082763672,413.7955932617188,157.15469360351562,470.0577087402344,0.1575953811407089
tile_r018787_c006755,1,441.4147338867188,102.8187255859375,471.1481323242188,132.57662963867188,0.0793647766113281
tile_r018787_c006755,1,0.2388565093278885,208.4254150390625,49.10433197021485,256.8674621582031,0.0636187046766281
tile_r018787_c006755,1,292.3602294921875,148.5406036376953,337.8574523925781,190.21798706054688,0.049521766602993
tile_r018787_c006755,1,85.24058532714844,196.1066436767578,107.59725189208984,215.6750030517578,0.0397507101297378
tile_r018787_c006755,1,429.7925720214844,422.650390625,477.8941345214844,474.5453186035156,0.024384019896388
tile_r018787_c006755,1,412.8688354492188,281.0234375,439.1344604492188,310.6953125,0.0240565910935401
tile_r018787_c006755,1,310.5218811035156,57.033668518066406,362.955078125,99.16304779052734,0.0221560951322317
tile_r018787_c006755,1,287.4198608398437,65.6109848022461,325.71685791015625,101.5154037475586,0.0174959525465965
tile_r018787_c006755,1,110.1204071044922,419.0335998535156,151.5259552001953,465.7469787597656,0.015564989298582
tile_r018787_c006755,1,466.2985229492188,323.6346435546875,519.54931640625,387.3053588867188,0.0126204984262585
tile_r018787_c006755,1,-0.9682403802871704,37.9380111694336,36.727535247802734,95.43572998046876,0.0119589567184448
tile_r018787_c006755,1,415.9353637695313,215.4534149169922,469.2638549804688,267.0640563964844,0.0116342762485146
tile_r018787_c006755,1,118.2323226928711,417.6329956054688,152.7895050048828,461.62451171875,0.0105613367632031
tile_r018787_c006755,1,412.130859375,337.15533447265625,448.8857421875,369.1160888671875,0.0081327203661203
tile_r018787_c006755,1,418.0098571777344,264.4327697753906,479.3987426757813,308.3177185058594,0.007931038737297
tile_r018787_c006755,1,409.5216674804688,266.6474609375,469.3449096679688,316.4146423339844,0.0076708169654011
tile_r018787_c006755,1,440.1736450195313,430.0330505371094,471.4017639160156,462.6756286621094,0.0071012144908308
tile_r018787_c006755,1,433.6826171875,79.7223892211914,486.6630859375,139.58822631835938,0.0062964297831058
tile_r018787_c006755,1,511.11627197265625,427.7884216308594,524.6864624023438,512.405029296875,0.0061666681431233
tile_r018787_c006755,1,74.31368255615234,-0.3305786252021789,106.85011291503906,26.63925170898437,0.0060863252729177
tile_r018787_c006755,1,512.4378662109375,451.1614379882813,524.6121215820312,514.3395385742188,0.0051178159192204
tile_r018787_c006755,1,97.9999008178711,408.7007751464844,162.1916046142578,475.9275512695313,0.0046229395084083
tile_r018787_c006755,1,513.1932373046875,338.95477294921875,524.5838623046875,440.4841918945313,0.0038768288213759
tile_r018787_c006755,1,416.0540466308594,344.1986389160156,439.98089599609375,365.4139709472656,0.0038203056901693
tile_r018787_c006755,1,435.6112365722656,432.2037963867188,467.2705993652344,466.68798828125,0.0037817065604031
tile_r018787_c006755,1,511.27685546875,400.6819458007813,524.6080932617188,498.1206970214844,0.0035320846363902
tile_r018787_c006755,1,444.8882751464844,93.9255142211914,476.3062438964844,131.5225830078125,0.0028815453406423
tile_r018787_c006755,1,280.5604553222656,34.42363357543945,373.43212890625,118.35233306884766,0.002743388293311
tile_r018787_c006755,1,512.2710571289062,275.2047424316406,524.5919189453125,367.3734436035156,0.0026519908569753
tile_r018787_c006755,1,27.819385528564453,198.9936065673828,58.31137847900391,223.55239868164065,0.0026434524916112
tile_r018787_c006755,1,407.49615478515625,256.33447265625,479.7644958496094,316.3636779785156,0.0026012868620455
tile_r018787_c006755,1,472.5276794433594,341.35955810546875,507.4036560058594,374.5805358886719,0.0025576462503522
tile_r018787_c006755,1,84.1035385131836,197.50341796875,103.71736145019533,214.2699737548828,0.0025082831270992
tile_r018787_c006755,1,122.7573471069336,10.471539497375488,141.53146362304688,28.762187957763672,0.0023624047171324
tile_r018787_c006755,1,511.9690551757813,167.48146057128906,524.5929565429688,270.2197265625,0.0023408362176269
tile_r018787_c006755,1,511.9880981445313,24.835424423217773,524.5797119140625,126.67333984375,0.0023334601428359
tile_r018787_c006755,1,512.1607666015625,376.3713073730469,524.4990234375,475.6388549804688,0.0021666020620614
tile_r018787_c006755,1,511.7520446777344,5.215844631195068,524.5006103515625,97.258056640625,0.0020672813989222
tile_r018787_c006755,1,286.51983642578125,139.0348358154297,349.3807983398437,207.1938018798828,0.0018449145136401
tile_r018787_c006755,1,508.1173706054688,-12.800000190734863,524.7447509765625,13.880762100219728,0.0018174924189224
tile_r018787_c006755,1,511.8688049316406,116.3230972290039,524.6673583984375,217.7890625,0.0018137280130758
tile_r018787_c006755,1,511.46923828125,150.86569213867188,524.3342895507812,234.6361541748047,0.0017582796281203
tile_r018787_c006755,1,500.9609375,452.8751831054688,521.2779541015625,512.9645385742188,0.0017518227687105
tile_r018787_c006755,1,512.9533081054688,288.17742919921875,524.6788940429688,386.3680419921875,0.0016907668905332
tile_r018787_c006755,1,-11.506591796875,31.77412414550781,11.17470359802246,96.8271713256836,0.001634779269807
tile_r018787_c006755,1,511.525390625,248.8573303222656,524.5621948242188,346.7749938964844,0.0015622832579538
tile_r018787_c006755,1,512.0706176757812,191.57601928710935,524.59326171875,293.6151733398437,0.0015445660101249
tile_r018787_c006755,1,511.6458129882813,49.3394775390625,524.65380859375,153.94485473632812,0.0015325025888159
tile_r018787_c006755,1,79.86561584472656,1.134667992591858,127.29911041259766,33.76764678955078,0.0015290762530639
tile_r018787_c006755,1,-12.063050270080566,11.988946914672852,-3.515124559402466,82.51207733154297,0.0015040847938507
tile_r018787_c006755,1,-6.277258396148682,186.7061462402344,70.18011474609375,272.146240234375,0.0014962699497118
tile_r018787_c006755,1,-12.088093757629396,178.61837768554688,1.0789871215820312,253.6275177001953,0.001481122104451
tile_r018787_c006755,1,-12.199030876159668,108.0701141357422,-3.2057433128356934,170.9439239501953,0.0014556851238012
tile_r018787_c006755,1,471.84619140625,279.57989501953125,520.7818603515625,356.5452880859375,0.0014499974204227
tile_r018787_c006755,1,511.865234375,93.1336669921875,524.5164184570312,185.5408935546875,0.0014479223173111
tile_r018787_c006755,1,286.18438720703125,50.4649543762207,331.1737365722656,105.39798736572266,0.0014413386816158
tile_r018787_c006755,1,-12.188352584838867,296.3502502441406,-2.960470676422119,359.76666259765625,0.0014149486087262
tile_r018787_c006755,1,15.475964546203612,407.15570068359375,52.8986701965332,442.4410705566406,0.0013958698837086
tile_r018787_c006755,1,475.371826171875,326.19451904296875,521.6405639648438,408.8851013183594,0.0013807984068989
tile_r018787_c006755,1,-11.80756664276123,21.40194129943848,0.4225173890590668,92.2552261352539,0.0013741368893533
tile_r018787_c006755,1,511.755615234375,219.1505889892578,524.5977172851562,320.8929748535156,0.0013647023588418
tile_r018787_c006755,1,-12.238523483276367,168.8243865966797,-1.0568115711212158,238.4888458251953,0.0013403733028098
tile_r018787_c006755,1,462.9463806152344,395.3771362304688,517.5479736328125,470.4081115722656,0.0013237263774499
tile_r018787_c006755,1,1.3690369129180908,390.49652099609375,65.23814392089844,453.0474548339844,0.0013173285406082
tile_r018787_c006755,1,-12.229860305786133,285.63214111328125,-2.681044101715088,349.7129821777344,0.0013159021036699
tile_r018787_c006755,1,-11.92951488494873,201.1945037841797,-0.2602035403251648,275.5070495605469,0.0013142857933416
tile_r018787_c006755,1,423.0984497070313,343.11993408203125,447.6784057617188,364.8057556152344,0.0013065526727586
tile_r018787_c006755,1,501.4104614257813,419.0661010742188,522.81591796875,512.2706298828125,0.0012476500123739
tile_r018787_c006755,1,-12.33616065979004,509.9960021972656,2.748602390289306,524.7999877929688,0.0012377582024782
tile_r018787_c006755,1,109.4501953125,504.07763671875,173.91397094726562,512.1998901367188,0.0012375330552458
tile_r018787_c006755,1,-12.265289306640623,158.3052215576172,-2.3653244972229004,222.4521026611328,0.001235609059222
tile_r018787_c006755,1,-12.15244483947754,376.4981994628906,-3.412074327468872,440.89459228515625,0.0012219278141856
tile_r018787_c006755,1,500.9163513183594,263.175537109375,522.0933227539062,327.8793334960937,0.0012083713663741
tile_r018787_c006755,1,-12.324040412902832,490.2761840820313,-1.815710425376892,516.3834228515625,0.0011888319859281
tile_r018787_c006755,1,500.5166931152344,86.26614379882812,522.2243041992188,154.4762420654297,0.0011852482566609
tile_r018787_c006755,1,118.989501953125,505.9114379882813,183.1947784423828,512.5108642578125,0.0011821701191365
tile_r018787_c006755,1,496.6095275878906,273.7318725585937,522.6522827148438,344.27471923828125,0.0011703945929184
tile_r018787_c006755,1,-12.470300674438477,439.0905151367188,-4.4456467628479,498.2290954589844,0.0011650504311546
tile_r018787_c006755,1,-12.334661483764648,253.279541015625,-2.8283371925354004,320.9022521972656,0.0011378910858184
tile_r018787_c006755,1,-12.340570449829102,427.3762817382813,-4.425094604492188,485.1141662597656,0.0011262890184298
tile_r018787_c006755,1,484.0174865722656,471.1044921875,517.1573486328125,511.9085998535156,0.0011199361179023
tile_r018787_c006755,1,512.5661010742188,495.7789916992188,524.7999877929688,524.7999877929688,0.0011186661431565
tile_r018787_c006755,1,511.1553649902344,326.6441345214844,523.98193359375,410.6519165039063,0.0011184882605448
tile_r018787_c006755,1,-12.040388107299805,386.0000915527344,-2.887556552886963,453.0181579589844,0.0011077298549935
tile_r018787_c006755,1,-12.263216018676758,242.0350341796875,-3.376573085784912,304.23834228515625,0.001103303511627
tile_r018787_c006755,1,-12.214689254760742,305.27215576171875,-3.433384656906128,371.1947326660156,0.0011027950095012
tile_r018787_c006755,1,-12.287490844726562,128.68881225585938,-3.108721971511841,196.491455078125,0.0010672269854694
tile_r018787_c006755,1,-12.302179336547852,270.34930419921875,-2.646430969238281,337.67657470703125,0.0010641032131388
tile_r018787_c006755,1,499.9869995117188,157.5802001953125,521.4244995117188,204.78482055664065,0.0010635016951709
tile_r018787_c006755,1,369.5305786132813,385.9656066894531,463.0458984375,479.3966674804688,0.001048884820193
tile_r018787_c006755,1,-11.498266220092772,48.07218170166016,5.765942573547363,104.7297821044922,0.0010388557566329
tile_r018787_c006755,1,-12.293414115905762,143.9658203125,-2.777667284011841,209.3887176513672,0.0010251430794596
tile_r018787_c006755,1,511.1470642089844,-5.191235542297363,524.7548828125,58.293434143066406,0.0010196446673944
tile_r018787_c006755,1,-12.052348136901855,216.0967254638672,-2.178338527679444,283.7184143066406,0.0010185959981754
tile_r018787_c006755,1,482.8204956054688,256.1665954589844,519.0860595703125,329.619140625,0.0010148725705221
tile_r018787_c006755,1,500.7944946289063,390.3843994140625,521.744873046875,463.7607421875,0.0010053205769509
tile_r018787_c006755,1,-12.38876247406006,471.2238159179688,-3.3492064476013184,513.9523315429688,0.0010037983302026
tile_r018787_c007011,1,164.1538543701172,220.4022521972656,208.34909057617188,262.2210998535156,0.7957464456558228
tile_r018787_c007011,1,33.6589241027832,145.54678344726562,88.33001708984375,200.4807586669922,0.7927723526954651
tile_r018787_c007011,1,213.83035278320312,337.8768005371094,257.6829833984375,377.4663696289063,0.7468856573104858
tile_r018787_c007011,1,389.59027099609375,453.5062561035156,431.3069763183594,499.1499938964844,0.7183976173400879
tile_r018787_c007011,1,29.81697654724121,47.6370849609375,110.95420837402344,108.200927734375,0.7146843671798706
tile_r018787_c007011,1,178.05123901367188,427.6529235839844,218.437255859375,469.7556762695313,0.5674155354499817
tile_r018787_c007011,1,262.348388671875,399.52099609375,292.1990661621094,430.5137634277344,0.5242044925689697
tile_r018787_c007011,1,261.4179077148437,483.4755859375,309.5364074707031,512.5213012695312,0.5065891742706299
tile_r018787_c007011,1,44.88859939575195,51.9739875793457,109.61083984375,103.21895599365234,0.4721080362796783
tile_r018787_c007011,1,182.91433715820312,93.3512954711914,221.1504821777344,133.4342041015625,0.4575239419937134
tile_r018787_c007011,1,154.7266387939453,277.86456298828125,189.23611450195312,314.7261657714844,0.3740471005439758
tile_r018787_c007011,1,320.4031066894531,350.89715576171875,348.92559814453125,372.0699157714844,0.2536564171314239
tile_r018787_c007011,1,185.09835815429688,101.49381256103516,216.75216674804688,133.29632568359375,0.2522177994251251
tile_r018787_c007011,1,186.0597686767578,265.9104919433594,223.3291931152344,300.7996520996094,0.2497527003288269
tile_r018787_c007011,1,161.66226196289062,341.7315368652344,189.28753662109372,366.5187072753906,0.2488273829221725
tile_r018787_c007011,1,320.01287841796875,346.7490234375,353.5210876464844,373.0481872558594,0.0791942924261093
tile_r018787_c007011,1,36.572998046875,148.79013061523438,81.71235656738281,189.72607421875,0.0472613833844661
tile_r018787_c007011,1,255.3665771484375,475.46875,314.4752197265625,513.5714721679688,0.0442910380661487
tile_r018787_c007011,1,156.62454223632812,280.69842529296875,184.1834259033203,311.474609375,0.042752344161272
tile_r018787_c007011,1,261.8446655273437,491.1861877441406,307.5526733398437,512.354736328125,0.0375180095434188
tile_r018787_c007011,1,31.6765079498291,66.42854309082031,69.83361053466797,101.1245574951172,0.0332614108920097
tile_r018787_c007011,1,173.8396759033203,421.9011840820313,222.9881134033203,474.6599731445313,0.0276843849569559
tile_r018787_c007011,1,180.06039428710938,85.09654235839844,227.21371459960935,137.17164611816406,0.0250895302742719
tile_r018787_c007011,1,54.911277770996094,57.18819427490234,107.1004409790039,99.03939056396484,0.0211726427078247
tile_r018787_c007011,1,320.76287841796875,353.0902709960937,342.93231201171875,370.6500549316406,0.0157163757830858
tile_r018787_c007011,1,160.20382690429688,215.5339813232422,213.2872314453125,266.8269958496094,0.014228262938559
tile_r018787_c007011,1,317.83306884765625,343.34442138671875,358.29608154296875,375.5083923339844,0.0118245035409927
tile_r018787_c007011,1,156.1441192626953,336.67462158203125,193.0574188232422,369.41204833984375,0.010738955810666
tile_r018787_c007011,1,511.7374877929688,188.73602294921875,524.6142578125,293.21258544921875,0.0082822563126683
tile_r018787_c007011,1,258.0260314941406,393.9862976074219,295.8344116210937,435.0769653320313,0.0079425694420933
tile_r018787_c007011,1,511.765625,153.05960083007812,524.6023559570312,255.98471069335935,0.0077226837165653
tile_r018787_c007011,1,182.72830200195312,428.729736328125,216.01712036132807,462.26214599609375,0.0075002699159085
tile_r018787_c007011,1,511.8134765625,50.13214111328125,524.6119384765625,152.92620849609375,0.0072753163985908
tile_r018787_c007011,1,511.7861328125,123.11799621582033,524.642578125,231.2945556640625,0.0070599168539047
tile_r018787_c007011,1,511.79632568359375,87.68985748291016,524.603271484375,190.6760406494141,0.0068500223569571
tile_r018787_c007011,1,511.2737426757813,31.786678314208984,524.5948486328125,127.97508239746094,0.0068259458057582
tile_r018787_c007011,1,511.9064331054688,243.89468383789065,524.5861206054688,345.96875,0.0067767053842544
tile_r018787_c007011,1,511.73541259765625,215.02047729492188,524.6173095703125,320.9096069335937,0.0064956690184772
tile_r018787_c007011,1,153.8113555908203,269.4730834960937,194.0774688720703,316.49371337890625,0.0064771180041134
tile_r018787_c007011,1,210.390869140625,332.1723022460937,261.663330078125,381.84967041015625,0.0062906742095947
tile_r018787_c007011,1,159.8726806640625,343.9034729003906,184.1348114013672,365.5610961914063,0.0059787631034851
tile_r018787_c007011,1,216.5827178955078,341.5829162597656,252.556640625,374.7916870117188,0.0056334803812205
tile_r018787_c007011,1,512.1282348632812,268.5625,524.62939453125,370.6935119628906,0.0056077037006616
tile_r018787_c007011,1,179.3397216796875,263.4200744628906,225.5489959716797,305.90631103515625,0.0053962375968694
tile_r018787_c007011,1,384.8892517089844,449.0987854003906,437.51953125,505.66790771484375,0.0049232700839638
tile_r018787_c007011,1,269.07696533203125,487.21197509765625,308.21630859375,511.4119567871094,0.0047648567706346
tile_r018787_c007011,1,179.1552734375,431.5026245117188,211.6083984375,466.7831115722656,0.0047079077921807
tile_r018787_c007011,1,511.23974609375,10.994009017944336,524.6007080078125,105.19505310058594,0.0041190246120095
tile_r018787_c007011,1,512.3052978515625,294.12725830078125,524.5509033203125,391.8375854492188,0.0036525405012071
tile_r018787_c007011,1,511.1867065429688,417.0809631347656,524.6173706054688,504.73486328125,0.0034741670824587
tile_r018787_c007011,1,396.0003967285156,459.9998168945313,427.91015625,497.232421875,0.0033485435415059
tile_r018787_c007011,1,-12.160033226013184,462.0476684570313,-1.369601488113403,513.2529296875,0.0029549552127718
tile_r018787_c007011,1,323.21636962890625,348.5966186523437,356.0393981933594,370.128662109375,0.0027398483362048
tile_r018787_c007011,1,512.4684448242188,324.8558959960937,524.5499267578125,426.6963806152344,0.0027285707183182
tile_r018787_c007011,1,-12.19894790649414,482.2937622070313,-0.903027355670929,516.6658325195312,0.0027026603929698
tile_r018787_c007011,1,512.25146484375,350.349853515625,524.6346435546875,460.87200927734375,0.002657969482243
tile_r018787_c007011,1,511.6788024902344,438.4345703125,524.7141723632812,514.1136474609375,0.0026245708577334
tile_r018787_c007011,1,470.453125,232.70346069335935,498.6837768554688,261.774169921875,0.0025800892617553
tile_r018787_c007011,1,185.28958129882807,104.82829284667967,210.53805541992188,131.7571258544922,0.002461815951392
tile_r018787_c007011,1,511.11328125,387.4179382324219,524.5939331054688,486.861328125,0.002382960403338
tile_r018787_c007011,1,151.58883666992188,256.72637939453125,224.50341796875,317.0975952148437,0.0022616586647927
tile_r018787_c007011,1,-12.254839897155762,445.9987182617188,-1.774867296218872,508.9134826660156,0.0021889107301831
tile_r018787_c007011,1,-12.262014389038086,435.4544067382813,-2.1431517601013184,498.2340698242188,0.0020165846217423
tile_r018787_c007011,1,31.021997451782227,52.48160552978516,73.2221908569336,104.6158447265625,0.0018730378942564
tile_r018787_c007011,1,-12.160516738891602,503.67333984375,2.396711826324463,524.55224609375,0.0018074800027534
tile_r018787_c007011,1,-12.221994400024414,425.0882873535156,-2.1258437633514404,485.6407165527344,0.0016768951900303
tile_r018787_c007011,1,30.581836700439453,138.6251678466797,93.0653839111328,207.4169464111328,0.0016275568632408
tile_r018787_c007011,1,281.23291015625,515.1329345703125,345.42169189453125,524.7999877929688,0.0016183092957362
tile_r018787_c007011,1,-12.278515815734863,8.385663032531738,-4.181086540222168,66.59265899658203,0.0015968903899192
tile_r018787_c007011,1,315.77264404296875,331.86395263671875,361.2088012695313,374.61279296875,0.0015668246196582
tile_r018787_c007011,1,-12.256302833557127,384.3953552246094,-2.8397812843322754,450.0973205566406,0.0015393345383927
tile_r018787_c007011,1,-12.269464492797852,308.3119506835937,-2.2992217540740967,369.7796936035156,0.0015210391720756
tile_r018787_c007011,1,-12.219978332519531,374.1765441894531,-2.947248935699463,437.4599609375,0.0015138973249122
tile_r018787_c007011,1,-12.236621856689451,298.0869140625,-2.1680710315704346,356.75604248046875,0.0015031869988888
tile_r018787_c007011,1,-12.277868270874023,410.3428649902344,-2.288914442062378,475.5520629882813,0.0014308595564216
tile_r018787_c007011,1,-12.296808242797852,396.0720825195313,-2.629032850265503,464.4009704589844,0.0014298850437626
tile_r018787_c007011,1,-12.396321296691896,182.04818725585935,-3.0237762928009038,242.22348022460935,0.0014165583997964
tile_r018787_c007011,1,476.8584899902344,304.6434020996094,521.8367919921875,386.2335510253906,0.001370754907839
tile_r018787_c007011,1,-12.445232391357422,191.21957397460935,-2.785630702972412,255.0248107910156,0.0013506525428965
tile_r018787_c007011,1,-12.40466022491455,245.905517578125,-2.2032363414764404,306.6141052246094,0.0013089596759527
tile_r018787_c007011,1,-12.404831886291504,232.7896423339844,-2.327842712402344,293.18194580078125,0.0012852038489654
tile_r018787_c007011,1,-12.280936241149902,286.45672607421875,-2.0374131202697754,346.1502990722656,0.0012772103073075
tile_r018787_c007011,1,512.0955810546875,-3.667504787445069,524.4083251953125,81.05535888671875,0.0012762064579874
tile_r018787_c007011,1,-12.35194206237793,318.637939453125,-2.188328504562378,388.87933349609375,0.0012607258977368
tile_r018787_c007011,1,-12.464420318603516,130.7864227294922,-3.534686326980591,196.4755401611328,0.0012524299090728
tile_r018787_c007011,1,-12.329983711242676,274.13494873046875,-2.160395860671997,334.498046875,0.0012378218816593
tile_r018787_c007011,1,-12.37570095062256,260.1639709472656,-2.183885097503662,320.58917236328125,0.0012268119025975
tile_r018787_c007011,1,-12.418827056884766,171.6527557373047,-3.2526259422302246,232.14279174804688,0.0011800341308116
tile_r018787_c007011,1,-12.453849792480469,119.83748626708984,-3.739944458007813,182.79412841796875,0.0011754126753658
tile_r018787_c007011,1,-12.448941230773926,203.3408660888672,-2.635029554367065,268.914306640625,0.001169997267425
tile_r018787_c007011,1,104.0903549194336,235.1439514160156,144.8912353515625,282.9189453125,0.001150632626377
tile_r018787_c007011,1,482.4293823242188,293.3515014648437,521.8479614257812,375.8155822753906,0.0011412726016715
tile_r018787_c007011,1,166.90414428710938,342.4771728515625,192.4560546875,365.3475341796875,0.0011349947890266
tile_r018787_c007011,1,299.5619201660156,515.2145385742188,363.4833984375,524.7576293945312,0.0011347850086167
tile_r018787_c007011,1,-12.427907943725586,218.6810607910156,-2.410382032394409,281.5821228027344,0.0011239509331062
tile_r018787_c007011,1,259.20135498046875,494.74749755859375,300.9893493652344,512.139404296875,0.001117194420658
tile_r018787_c007011,1,81.57820892333984,396.0506896972656,180.18450927734372,510.2316284179688,0.0011167464544996
tile_r018787_c007011,1,252.1234436035156,472.2809448242188,320.9930725097656,520.3502807617188,0.0011086103040724
tile_r018787_c007011,1,115.99006652832033,384.9779357910156,208.5853271484375,478.9151306152344,0.0011046581203117
tile_r018787_c007011,1,509.9100646972656,311.8585510253906,524.7999877929688,421.15032958984375,0.0010941248619928
tile_r018787_c007011,1,164.76998901367188,225.3382873535156,201.4532165527344,259.83367919921875,0.0010856402805075
tile_r018787_c007011,1,-12.469290733337402,159.11911010742188,-3.436395168304444,222.0494842529297,0.0010785927297547
tile_r018787_c007011,1,508.44287109375,-12.800000190734863,524.6531982421875,12.609631538391112,0.0010668645845726
tile_r018787_c007011,1,151.90554809570312,264.5419006347656,210.2049102783203,319.1358337402344,0.0010656502563506
tile_r018787_c007011,1,495.4479370117188,162.55691528320312,523.1434326171875,252.36935424804688,0.0010623143753036
tile_r018787_c007011,1,382.6275939941406,515.3189697265625,448.526123046875,524.7999877929688,0.0010600655805319
tile_r018787_c007011,1,-12.221602439880373,352.62432861328125,-2.460693359375,416.462890625,0.0010567482095211
tile_r018787_c007011,1,330.65606689453125,506.2247924804688,392.0537109375,512.3255004882812,0.0010418959427624
tile_r018787_c007011,1,341.92578125,504.8663940429688,409.58294677734375,512.0885009765625,0.001041151350364
tile_r018787_c007011,1,-12.480469703674316,145.04751586914062,-3.533522129058838,209.96633911132807,0.0010349408257752
tile_r018787_c007011,1,510.1004028320313,62.596473693847656,524.7999877929688,172.42701721191406,0.0010100366780534
tile_r018787_c007011,1,512.7567138671875,502.8675842285156,524.7999877929688,524.7999877929688,0.0010086414404213
tile_r018787_c007267,1,453.48193359375,184.0316467285156,506.9744262695313,238.2216796875,0.8116685748100281
tile_r018787_c007267,1,338.4905700683594,222.4589080810547,390.1704711914063,270.76080322265625,0.7993904948234558
tile_r018787_c007267,1,283.35400390625,129.3028106689453,333.0795288085937,173.99124145507812,0.7709345817565918
tile_r018787_c007267,1,372.948486328125,126.1625747680664,419.4185485839844,172.1504364013672,0.7491587996482849
tile_r018787_c007267,1,372.55706787109375,350.4960021972656,435.7459411621094,416.9706115722656,0.7358226180076599
tile_r018787_c007267,1,133.15731811523438,452.8458862304688,175.9440460205078,499.6619262695313,0.7110065817832947
tile_r018787_c007267,1,6.995532035827637,482.806640625,54.28458404541016,512.5050659179688,0.516253650188446
tile_r018787_c007267,1,442.7359924316406,77.26732635498047,477.67877197265625,110.7007293701172,0.4776847064495086
tile_r018787_c007267,1,284.71368408203125,3.680546522140503,317.0473327636719,35.87135696411133,0.4254026412963867
tile_r018787_c007267,1,480.51751708984375,2.750823974609375,514.244384765625,49.73779296875,0.4011715054512024
tile_r018787_c007267,1,5.274606227874756,397.9244079589844,38.15133285522461,433.5322265625,0.3983423113822937
tile_r018787_c007267,1,332.0081481933594,196.293701171875,366.0037536621094,231.7085418701172,0.2724516689777374
tile_r018787_c007267,1,64.33280944824219,350.79913330078125,92.9402847290039,372.05377197265625,0.2038808166980743
tile_r018787_c007267,1,374.6061096191406,366.0650329589844,426.76177978515625,416.6698303222656,0.1672188341617584
tile_r018787_c007267,1,476.0479431152344,354.5502014160156,515.1873779296875,413.6595153808594,0.1033875122666359
tile_r018787_c007267,1,63.67742919921875,346.6358337402344,97.98234558105467,373.0494689941406,0.0624030157923698
tile_r018787_c007267,1,487.4049682617188,7.544348239898682,513.2825927734375,48.899391174316406,0.0563150681555271
tile_r018787_c007267,1,492.4489135742188,438.8260803222656,512.0994262695312,459.6934509277344,0.0543745718896389
tile_r018787_c007267,1,286.5287170410156,7.341667175292969,311.3910217285156,34.35530471801758,0.0543711557984352
tile_r018787_c007267,1,2.316302537918091,474.5944213867188,58.75341033935547,513.5394287109375,0.0518001280725002
tile_r018787_c007267,1,487.0050354003906,303.8169860839844,506.3101196289063,326.62335205078125,0.0463433265686035
tile_r018787_c007267,1,449.51513671875,229.4087829589844,477.7203979492188,250.1937561035156,0.045747309923172
tile_r018787_c007267,1,475.380859375,340.8778381347656,518.998046875,416.7989196777344,0.033475961536169
tile_r018787_c007267,1,473.3816528320313,-1.6366760730743408,518.4328002929688,54.55849456787109,0.0324243083596229
tile_r018787_c007267,1,336.3825988769531,198.68310546875,362.2339477539063,230.5755920410156,0.0302572455257177
tile_r018787_c007267,1,446.1168823242188,80.48371887207031,474.3438415527344,108.9345932006836,0.0276877358555793
tile_r018787_c007267,1,4.228863716125488,490.6357421875,58.96672439575195,512.6935424804688,0.0257591940462589
tile_r018787_c007267,1,2.5208802223205566,394.64593505859375,42.7409553527832,437.13873291015625,0.0215065293014049
tile_r018787_c007267,1,282.49786376953125,0.933374047279358,321.72393798828125,39.07511138916016,0.0205003954470157
tile_r018787_c007267,1,436.9662170410156,73.11265563964844,481.6211853027344,115.96290588378906,0.0161845032125711
tile_r018787_c007267,1,368.82318115234375,119.5623016357422,423.4508361816406,177.86758422851562,0.01518290117383
tile_r018787_c007267,1,449.3285217285156,173.33151245117188,516.3093872070312,249.31393432617188,0.0139498580247163
tile_r018787_c007267,1,64.7818832397461,353.03485107421875,86.98820495605469,370.7526245117188,0.0114989262074232
tile_r018787_c007267,1,61.53936767578125,343.0048522949219,102.82127380371094,375.29241943359375,0.010300563648343
tile_r018787_c007267,1,427.1702270507813,344.28857421875,444.9661254882813,363.4962768554688,0.0095281861722469
tile_r018787_c007267,1,278.8247985839844,122.2662582397461,338.646240234375,180.08480834960938,0.0072504254058003
tile_r018787_c007267,1,493.3896484375,434.1314392089844,516.1329956054688,460.5790100097656,0.0071995998732745
tile_r018787_c007267,1,484.8377990722656,369.477783203125,513.1029052734375,416.072265625,0.00594685645774
tile_r018787_c007267,1,128.49154663085938,448.5926208496094,182.2920379638672,505.9927368164063,0.0055940267629921
tile_r018787_c007267,1,475.1112365722656,312.36004638671875,520.6265869140625,408.2295837402344,0.0054491790942847
tile_r018787_c007267,1,470.89251708984375,309.9682312011719,515.8380126953125,390.7794189453125,0.0044860285706818
tile_r018787_c007267,1,477.5978393554688,299.657958984375,520.0413208007812,376.64984130859375,0.0043985047377645
tile_r018787_c007267,1,486.7183532714844,428.9609375,513.7498168945312,462.0630798339844,0.0043856459669768
tile_r018787_c007267,1,333.51812744140625,217.0810546875,395.56683349609375,278.29547119140625,0.0043035130947828
tile_r018787_c007267,1,470.0760803222656,301.6100158691406,514.8328857421875,372.41217041015625,0.0041156965307891
tile_r018787_c007267,1,513.1954345703125,176.10067749023438,524.4144287109375,271.7530822753906,0.0033586812205612
tile_r018787_c007267,1,473.0999145507813,299.1198425292969,510.9610290527344,350.8887023925781,0.0030799929518252
tile_r018787_c007267,1,478.70111083984375,293.05810546875,518.911865234375,358.7608337402344,0.0027700604405254
tile_r018787_c007267,1,139.7572784423828,459.5368041992188,172.15286254882812,497.4823303222656,0.0026627951301634
tile_r018787_c007267,1,484.8821411132813,292.6307983398437,516.8558349609375,332.2204284667969,0.0025742754805833
tile_r018787_c007267,1,479.1844787597656,298.3768615722656,510.3329162597656,329.7891540527344,0.0025499321054667
tile_r018787_c007267,1,511.7243041992188,326.2564392089844,524.5020751953125,422.0280151367188,0.002531825331971
tile_r018787_c007267,1,510.5518493652344,352.0877380371094,524.3643798828125,434.840576171875,0.0023979260586202
tile_r018787_c007267,1,-11.792680740356444,479.5838317871094,0.7799240350723267,515.8702392578125,0.0023530493490397
tile_r018787_c007267,1,488.33740234375,379.2806091308594,512.6930541992188,415.1235961914063,0.0023495994973927
tile_r018787_c007267,1,490.1692810058594,394.11468505859375,520.586181640625,460.2288513183594,0.0022968396078795
tile_r018787_c007267,1,485.7483520507813,356.33795166015625,513.8177490234375,410.1187133789063,0.0020449599251151
tile_r018787_c007267,1,449.004150390625,230.5212860107422,470.37738037109375,248.5719757080078,0.0019272069912403
tile_r018787_c007267,1,467.9833984375,318.4803771972656,514.6390380859375,412.7823181152344,0.0018861154094338
tile_r018787_c007267,1,-12.237680435180664,7.763073921203613,-2.5353989601135254,62.9316520690918,0.0018248744308948
tile_r018787_c007267,1,-11.760393142700195,464.5755004882813,1.282597303390503,513.6638793945312,0.0018089164514094
tile_r018787_c007267,1,513.2994995117188,196.5039520263672,524.6427001953125,287.1319885253906,0.0017808785196393
tile_r018787_c007267,1,475.59033203125,286.5668029785156,510.6116333007813,329.65301513671875,0.0016771842492744
tile_r018787_c007267,1,-12.209512710571287,508.426513671875,4.627975463867188,524.7999877929688,0.0016749389469623
tile_r018787_c007267,1,488.5492248535156,297.09674072265625,509.7693481445313,330.970947265625,0.0016549597494304
tile_r018787_c007267,1,-1.2421371936798096,381.9856262207031,46.943885803222656,439.8938598632813,0.0015855189412832
tile_r018787_c007267,1,512.4270629882812,26.08735656738281,524.5772705078125,122.0965805053711,0.0015622243518009
tile_r018787_c007267,1,4.722047328948975,399.5337829589844,30.959545135498047,431.0849609375,0.0015469931531697
tile_r018787_c007267,1,-12.260160446166992,63.8023567199707,-2.1612839698791504,127.30760192871094,0.0015262789092957
tile_r018787_c007267,1,-12.263047218322754,52.94100189208984,-2.0229125022888184,114.2557373046875,0.0015059527941048
tile_r018787_c007267,1,479.9085998535156,409.5433044433594,516.9296875,462.95843505859375,0.0015024099266156
tile_r018787_c007267,1,-12.01377296447754,453.13775634765625,-1.2425155639648438,511.249755859375,0.0014993207296356
tile_r018787_c007267,1,-12.36060619354248,25.09725952148437,-2.190783739089966,89.20439910888672,0.0014946949668228
tile_r018787_c007267,1,-12.33542823791504,37.76946640014648,-1.934443712234497,102.24549865722656,0.0014896832872182
tile_r018787_c007267,1,488.0478515625,355.8485412597656,513.6090087890625,396.7635803222656,0.0014858779031783
tile_r018787_c007267,1,11.389727592468262,484.8470764160156,51.03636932373047,509.5753784179688,0.0014813266461715
tile_r018787_c007267,1,499.4944458007813,97.93196105957033,520.8987426757812,144.8126220703125,0.0014753204304724
tile_r018787_c007267,1,-11.83534049987793,-12.329179763793944,1.281337022781372,7.565213203430176,0.0014673111727461
tile_r018787_c007267,1,24.6096305847168,515.0359497070312,90.02250671386719,524.7999877929688,0.0014514501672238
tile_r018787_c007267,1,513.1680297851562,304.0204467773437,524.3629150390625,398.9412536621094,0.0014361233916133
tile_r018787_c007267,1,473.8311462402344,363.9817504882813,518.9815673828125,441.9818420410156,0.0014132377691566
tile_r018787_c007267,1,444.92041015625,186.86404418945312,508.5331115722656,246.7029571533203,0.0014132041251286
tile_r018787_c007267,1,446.1951293945313,223.753662109375,478.732421875,253.2715301513672,0.0014086302835494
tile_r018787_c007267,1,330.42413330078125,190.8065948486328,371.3412780761719,235.6680145263672,0.0013545640977099
tile_r018787_c007267,1,-12.202104568481444,86.8831787109375,-1.9935195446014404,153.83456420898438,0.0013465238735079
tile_r018787_c007267,1,513.5110473632812,145.6442413330078,524.5149536132812,249.6830139160156,0.0013408790109679
tile_r018787_c007267,1,-12.189664840698242,166.267333984375,-2.4311890602111816,231.68423461914065,0.0013290257193148
tile_r018787_c007267,1,-12.228922843933104,74.43097686767578,-1.96820068359375,140.34378051757812,0.0013151654275134
tile_r018787_c007267,1,-12.243091583251951,177.21047973632812,-2.34344482421875,244.1104278564453,0.0013133222237229
tile_r018787_c007267,1,-12.335992813110352,201.3372039794922,-2.472897291183472,268.97265625,0.0013045078376308
tile_r018787_c007267,1,380.5733642578125,133.6533203125,416.2139587402344,169.6507110595703,0.0012818339746445
tile_r018787_c007267,1,512.7515869140625,389.8882751464844,524.6318359375,476.6204223632813,0.0012598196044564
tile_r018787_c007267,1,-12.271482467651367,189.5832977294922,-2.310678005218506,256.5411682128906,0.0012470874935388
tile_r018787_c007267,1,-12.277369499206545,100.2662124633789,-2.113870143890381,169.8301239013672,0.0012148664100095
tile_r018787_c007267,1,-11.929121017456056,398.7962951660156,-4.1632399559021,465.5513610839844,0.0012075480772182
tile_r018787_c007267,1,-12.346510887145996,213.745849609375,-2.639564514160156,281.5706481933594,0.0011929224710911
tile_r018787_c007267,1,504.81341552734375,-3.686474561691284,523.9771118164062,69.71821594238281,0.0011661379830911
tile_r018787_c007267,1,479.8264770507813,277.4420471191406,518.4694213867188,332.96630859375,0.0011611633235588
tile_r018787_c007267,1,58.884033203125,330.8923645019531,106.5846939086914,374.5146789550781,0.0011608287459239
tile_r018787_c007267,1,42.25553131103516,515.0873413085938,107.74153900146484,524.7999877929688,0.0011539128609001
tile_r018787_c007267,1,488.0924682617188,107.4708251953125,517.0016479492188,147.3130645751953,0.0011505060829222
tile_r018787_c007267,1,-12.180140495300291,145.70907592773438,-2.467915296554565,209.3441925048828,0.0011351974681019
tile_r018787_c007267,1,-12.316778182983398,115.8108901977539,-2.253770351409912,184.7984161376953,0.001119396300055
tile_r018787_c007267,1,290.4801330566406,3.051458835601806,321.7870483398437,27.997314453125,0.0011086066951975
tile_r018787_c007267,1,517.9100952148438,-1.187139868736267,524.517822265625,59.89101028442383,0.0010899106273427
tile_r018787_c007267,1,512.0684814453125,41.81515502929688,524.5841064453125,137.9965057373047,0.0010860654292628
tile_r018787_c007267,1,499.9224548339844,78.44773864746094,521.9832763671875,143.52261352539062,0.0010653960052877
tile_r018787_c007267,1,490.87451171875,428.9867248535156,520.5469970703125,481.7384643554688,0.0010643637506291
tile_r018787_c007267,1,84.0822982788086,504.2947387695313,153.62948608398438,512.1593627929688,0.0010628018062561
tile_r018787_c007267,1,491.0659790039063,439.7525939941406,510.0347290039063,465.2659606933594,0.0010548607679083
tile_r018787_c007267,1,-3.344677686691284,470.5784301757813,65.57260131835938,520.2692260742188,0.0010421416955068
tile_r018787_c007267,1,-12.218904495239258,411.2622985839844,-4.798303127288818,478.291015625,0.0010414192220196
tile_r018787_c007267,1,126.0002899169922,515.3357543945312,193.0733337402344,524.7999877929688,0.0010373919503763
tile_r018787_c007267,1,420.193359375,341.8057556152344,447.1128845214844,370.0169067382813,0.0010264989687129
tile_r018787_c007267,1,-12.247411727905272,132.38674926757812,-2.488175868988037,197.9627685546875,0.0010258005931973
tile_r018787_c007267,1,503.0576171875,-12.800000190734863,524.7999877929688,23.22477149963379,0.0010220444528385
tile_r018787_c007267,1,513.4449462890625,109.2223129272461,524.6930541992188,220.2766571044922,0.0010197291849181
tile_r018787_c007267,1,513.1339721679688,435.2208862304688,524.7568359375,510.4052734375,0.0010190799366682
tile_r018787_c007267,1,513.6383056640625,211.6923828125,524.6765747070312,309.54461669921875,0.0010189618915319
tile_r018787_c007267,1,69.59473419189453,505.6195373535156,136.42715454101562,512.3914184570312,0.0010010015685111
tile_r019043_c005987,1,345.3838806152344,40.55098724365234,395.3301696777344,90.93116760253906,0.8260847330093384
tile_r019043_c005987,1,51.1367416381836,51.63777923583984,91.2562484741211,88.06034088134766,0.812582790851593
tile_r019043_c005987,1,454.51361083984375,329.26971435546875,510.346435546875,376.9783325195313,0.8044737577438354
tile_r019043_c005987,1,19.863800048828125,357.958984375,68.35694122314453,400.19091796875,0.8014270067214966
tile_r019043_c005987,1,19.042743682861328,286.81085205078125,71.33796691894531,336.9066467285156,0.7811298966407776
tile_r019043_c005987,1,453.295654296875,278.8172912597656,506.9596252441406,323.0111389160156,0.7733162641525269
tile_r019043_c005987,1,61.204246520996094,86.2375717163086,99.6072769165039,125.1192626953125,0.7588852643966675
tile_r019043_c005987,1,107.7822494506836,365.856201171875,144.9396514892578,403.32025146484375,0.757631778717041
tile_r019043_c005987,1,110.6064682006836,147.46188354492188,154.5780487060547,192.10379028320312,0.7214004993438721
tile_r019043_c005987,1,150.62850952148438,401.0504760742188,183.7036590576172,433.39453125,0.6643890738487244
tile_r019043_c005987,1,350.94464111328125,136.08279418945312,377.7295837402344,162.4366912841797,0.6498395204544067
tile_r019043_c005987,1,479.72900390625,109.91046142578124,513.1360473632812,152.92112731933594,0.5707825422286987
tile_r019043_c005987,1,492.9136657714844,192.5454559326172,514.8880004882812,232.376708984375,0.1708651185035705
tile_r019043_c005987,1,486.2277221679688,191.239990234375,515.234375,234.484130859375,0.1405802965164184
tile_r019043_c005987,1,157.62692260742188,255.3168029785156,180.33364868164065,276.3350524902344,0.1033368706703186
tile_r019043_c005987,1,56.25620269775391,79.93753814697266,102.2192153930664,128.88160705566406,0.0524967052042484
tile_r019043_c005987,1,347.7841796875,133.94400024414062,381.4312438964844,165.1853790283203,0.0365446358919143
tile_r019043_c005987,1,-0.1119628921151161,26.860240936279297,16.676776885986328,50.49383544921875,0.0364710614085197
tile_r019043_c005987,1,475.064453125,100.13591003417967,516.7421875,157.2801055908203,0.0203936081379652
tile_r019043_c005987,1,449.85443115234375,266.02587890625,516.2523193359375,334.38995361328125,0.0189169850200414
tile_r019043_c005987,1,454.78564453125,321.970947265625,518.7028198242188,388.442138671875,0.0181481391191482
tile_r019043_c005987,1,511.4503784179688,424.6198120117188,524.6708984375,512.4827270507812,0.0151174888014793
tile_r019043_c005987,1,14.637097358703612,281.37677001953125,75.373046875,343.1221618652344,0.0123471096158027
tile_r019043_c005987,1,491.0787048339844,196.505615234375,512.4019775390625,229.57730102539065,0.0108709810301661
tile_r019043_c005987,1,103.75687408447266,360.6934509277344,149.66722106933594,407.0193786621094,0.0101799443364143
tile_r019043_c005987,1,511.4986877441406,400.38665771484375,524.6014404296875,499.415771484375,0.0084581021219491
tile_r019043_c005987,1,486.3204650878906,94.6235122680664,520.7108764648438,161.0404815673828,0.0083750700578093
tile_r019043_c005987,1,155.4138641357422,403.4845275878906,182.2482452392578,431.0892028808594,0.0076704425737261
tile_r019043_c005987,1,147.47384643554688,395.9435424804688,186.6949920654297,437.9485473632813,0.0076325610280036
tile_r019043_c005987,1,512.3316040039062,447.7183227539063,524.6793212890625,514.7549438476562,0.0071848295629024
tile_r019043_c005987,1,151.17149353027344,252.0577087402344,182.19879150390625,279.7876892089844,0.0070761740207672
tile_r019043_c005987,1,0.1720306426286697,178.1813507080078,11.556851387023926,216.48501586914065,0.0063023874536156
tile_r019043_c005987,1,512.3812255859375,340.225341796875,524.563720703125,444.9159240722656,0.0062998761422932
tile_r019043_c005987,1,0.8080047369003296,25.29766845703125,20.81772804260254,51.06005859375,0.0052672019228339
tile_r019043_c005987,1,15.99912452697754,351.8011169433594,74.01542663574219,409.49359130859375,0.0049319555982947
tile_r019043_c005987,1,99.6070556640625,505.3328552246094,147.55935668945312,512.7255249023438,0.0046407687477767
tile_r019043_c005987,1,487.6143493652344,183.89242553710935,520.54541015625,242.33447265625,0.0042308503761887
tile_r019043_c005987,1,512.4646606445312,64.33747863769531,524.7033081054688,158.1309814453125,0.003962320741266
tile_r019043_c005987,1,511.7460021972656,370.62786865234375,524.57080078125,476.0664978027344,0.0037505803629755
tile_r019043_c005987,1,105.7135009765625,142.172607421875,157.47982788085938,198.2128448486328,0.0036805276758968
tile_r019043_c005987,1,-0.3371948301792145,179.30551147460938,19.299701690673828,217.2877960205078,0.0032321405597031
tile_r019043_c005987,1,67.04710388183594,90.0527114868164,98.70660400390624,122.0340576171875,0.0028014476411044
tile_r019043_c005987,1,92.39543151855467,504.6080932617188,157.1830291748047,512.5037231445312,0.0027542307507246
tile_r019043_c005987,1,455.4059448242188,285.00469970703125,505.0477600097656,317.0494384765625,0.0026624405290931
tile_r019043_c005987,1,492.7549743652344,193.61306762695312,512.7604370117188,222.9520263671875,0.0025449926033616
tile_r019043_c005987,1,171.01577758789062,505.1359252929688,234.727783203125,512.6583862304688,0.0025134999305009
tile_r019043_c005987,1,511.8762817382813,83.2883529663086,524.5137939453125,169.0221710205078,0.0023223005700856
tile_r019043_c005987,1,-11.251822471618652,20.187265396118164,-3.389129638671875,73.63480377197266,0.0022452222183346
tile_r019043_c005987,1,-0.3479278683662414,25.7456111907959,11.4791898727417,50.65459442138672,0.0021770005114376
tile_r019043_c005987,1,513.5443725585938,269.136962890625,524.4447021484375,373.48382568359375,0.0021468664053827
tile_r019043_c005987,1,21.440807342529297,363.2813415527344,61.84064865112305,397.974609375,0.0021314055193215
tile_r019043_c005987,1,-12.181222915649414,482.26171875,-2.1302947998046875,516.0529174804688,0.0020282624755054
tile_r019043_c005987,1,456.78515625,332.8065490722656,503.4292907714844,366.1322326660156,0.0019953630398958
tile_r019043_c005987,1,-12.092058181762695,465.1350708007813,-2.754202365875244,513.3182373046875,0.0018993798876181
tile_r019043_c005987,1,513.50634765625,131.4757537841797,524.7381591796875,223.0759735107422,0.0018543634796515
tile_r019043_c005987,1,469.8885192871094,73.7736587524414,520.2606811523438,154.5470428466797,0.001827847212553
tile_r019043_c005987,1,493.9329223632813,67.69669342041016,523.3936767578125,158.09300231933594,0.0018156559672206
tile_r019043_c005987,1,98.45606994628906,499.7749938964844,145.70050048828125,512.6843872070312,0.0017117594834417
tile_r019043_c005987,1,512.4631958007812,33.95295715332031,524.6151123046875,133.339111328125,0.0016913006547838
tile_r019043_c005987,1,507.29150390625,184.5005340576172,524.0421142578125,256.5131225585937,0.0016587772406637
tile_r019043_c005987,1,103.7624740600586,93.4603271484375,122.4323501586914,111.0010986328125,0.0016521535580977
tile_r019043_c005987,1,47.99433517456055,44.80925369262695,98.54664611816406,103.86091613769533,0.0016447085654363
tile_r019043_c005987,1,-11.404627799987791,173.8498077392578,-2.506001234054565,227.242919921875,0.0016378788277506
tile_r019043_c005987,1,-12.136499404907228,344.8445739746094,-2.244647264480591,410.3931274414063,0.0015966311329975
tile_r019043_c005987,1,518.9821166992188,181.36349487304688,524.72607421875,245.83963012695312,0.0015629014233127
tile_r019043_c005987,1,512.6759033203125,198.10464477539065,524.71044921875,300.156982421875,0.0015194648876786
tile_r019043_c005987,1,475.9888610839844,175.0399627685547,515.587890625,244.9763946533203,0.001458270708099
tile_r019043_c005987,1,-11.792070388793944,-12.490150451660156,1.7453536987304688,2.8297271728515625,0.0014306225348263
tile_r019043_c005987,1,500.0899353027344,332.95037841796875,522.0379638671875,415.875,0.001424255198799
tile_r019043_c005987,1,89.81429290771484,506.6908264160156,140.84535217285156,512.7449340820312,0.0014216094277799
tile_r019043_c005987,1,-12.109573364257812,357.820556640625,-2.5071914196014404,420.04400634765625,0.001404627575539
tile_r019043_c005987,1,512.9105834960938,237.60205078125,524.5479125976562,337.31549072265625,0.0013813659315928
tile_r019043_c005987,1,-12.259129524230955,380.2591552734375,-2.6851868629455566,450.8814392089844,0.0013795524137094
tile_r019043_c005987,1,-11.512718200683594,167.2063751220703,-0.9280136227607728,222.7405548095703,0.0013778925640508
tile_r019043_c005987,1,-11.730619430541992,24.49456787109375,-3.2542877197265625,90.3061752319336,0.0013753361999988
tile_r019043_c005987,1,-12.100714683532717,325.532470703125,-3.213090419769287,389.9920043945313,0.0013609863817691
tile_r019043_c005987,1,-12.090727806091309,314.58233642578125,-3.2273011207580566,378.3092041015625,0.0013592324685305
tile_r019043_c005987,1,508.4427795410156,-12.800000190734863,524.6935424804688,6.9295501708984375,0.0013589251320809
tile_r019043_c005987,1,512.8973388671875,488.9651489257813,524.7999877929688,524.7999877929688,0.0013546261470764
tile_r019043_c005987,1,-12.01509952545166,30.913122177124023,-2.9566969871521,108.2667465209961,0.0013265128945931
tile_r019043_c005987,1,1.1187560558319092,175.5147247314453,23.1990966796875,216.2899627685547,0.001324076205492
tile_r019043_c005987,1,-11.60120964050293,5.91827392578125,-2.625726222991944,59.459739685058594,0.0013224253198131
tile_r019043_c005987,1,-12.185747146606444,369.0354614257813,-2.9042632579803467,434.5632934570313,0.0013025400694459
tile_r019043_c005987,1,-12.190914154052734,433.6022338867188,-2.566192626953125,501.5032348632813,0.0012758097145706
tile_r019043_c005987,1,-12.153339385986328,448.2454223632813,-2.305398464202881,510.6067504882813,0.0012737347278743
tile_r019043_c005987,1,512.7523193359375,218.0727081298828,524.6175537109375,321.38726806640625,0.0012715910561382
tile_r019043_c005987,1,-12.32311725616455,507.40179443359375,2.157330274581909,524.7999877929688,0.0012655244208872
tile_r019043_c005987,1,-12.178903579711914,421.7579040527344,-2.5215163230896,486.5187377929688,0.0012586310040205
tile_r019043_c005987,1,511.0537109375,184.3902282714844,524.5984497070312,273.6752014160156,0.0012553995475172
tile_r019043_c005987,1,-12.203842163085938,396.1483459472656,-2.671496629714966,463.9537048339844,0.0012505053309723
tile_r019043_c005987,1,171.66781616210938,497.7216796875,229.9091796875,512.7506103515625,0.0012447828194126
tile_r019043_c005987,1,-12.072624206542969,46.2162971496582,-2.874580383300781,122.63114166259766,0.0012390227057039
tile_r019043_c005987,1,-12.153407096862791,411.2757873535156,-2.5722579956054688,474.5054626464844,0.0012371529592201
tile_r019043_c005987,1,140.455810546875,376.77142333984375,185.0887756347656,438.2906799316406,0.0012212574947625
tile_r019043_c005987,1,89.39496612548828,486.5575256347656,141.779052734375,513.8004760742188,0.0012176068266853
tile_r019043_c005987,1,-12.060373306274414,77.33613586425781,-2.8985183238983154,138.1896514892578,0.0012168410466983
tile_r019043_c005987,1,-12.040216445922852,259.65069580078125,-2.7016968727111816,323.1993713378906,0.0012082199100404
tile_r019043_c005987,1,498.1907653808594,45.44176483154297,523.4759521484375,138.72195434570312,0.0012066919589415
tile_r019043_c005987,1,513.8014526367188,286.1304626464844,524.6212158203125,393.3931579589844,0.0011882422259077
tile_r019043_c005987,1,172.1228790283203,488.0498046875,227.82717895507807,512.8316650390625,0.0011833063326776
tile_r019043_c005987,1,99.1790771484375,514.7092895507812,163.7430877685547,524.5651245117188,0.0011667518410831
tile_r019043_c005987,1,493.85986328125,129.9903106689453,521.9210205078125,226.736083984375,0.0011664212215691
tile_r019043_c005987,1,510.9044799804688,102.38670349121094,524.1329956054688,177.98324584960938,0.0011630291119217
tile_r019043_c005987,1,-3.9609665870666495,17.085479736328125,3.068597316741944,58.5651969909668,0.0011597267584875
tile_r019043_c005987,1,518.66650390625,103.3648910522461,524.5325317382812,166.5923309326172,0.0011531091295182
tile_r019043_c005987,1,-12.03197956085205,269.6341247558594,-2.7932448387146,336.430419921875,0.0011400963412597
tile_r019043_c005987,1,511.7484436035156,323.7693786621094,524.2208862304688,412.5060424804688,0.0011270999675616
tile_r019043_c005987,1,111.904296875,515.0228271484375,176.5153350830078,524.7999877929688,0.0011162376031279
tile_r019043_c005987,1,80.70948028564453,514.2832641601562,145.84384155273438,524.2280883789062,0.0010879635810852
tile_r019043_c005987,1,-12.224531173706056,86.8791732788086,-2.8297622203826904,149.43798828125,0.0010858001187443
tile_r019043_c005987,1,469.6625061035156,-12.629678726196287,517.0631103515625,-4.261862277984619,0.001073679071851
tile_r019043_c005987,1,185.7626953125,506.4133911132813,256.971435546875,512.3836669921875,0.0010525520192459
tile_r019043_c005987,1,147.7177734375,241.1989288330078,191.1516571044922,282.27801513671875,0.0010284504387527
tile_r019043_c006243,1,89.2002182006836,40.31998443603516,139.5322265625,91.08589935302734,0.8258500099182129
tile_r019043_c006243,1,388.4886779785156,397.1393127441406,434.86474609375,441.1590270996094,0.8152397274971008
tile_r019043_c006243,1,233.6517639160156,190.95492553710935,284.29901123046875,239.21469116210935,0.8056332468986511
tile_r019043_c006243,1,197.2324676513672,278.4917907714844,249.8173370361328,322.5216369628906,0.7993839979171753
tile_r019043_c006243,1,197.682373046875,326.765380859375,269.33770751953125,384.4242248535156,0.7906635403633118
tile_r019043_c006243,1,223.6664581298828,106.52546691894533,272.9110717773437,153.1132049560547,0.7886627912521362
tile_r019043_c006243,1,292.381591796875,134.2801513671875,352.2782287597656,191.35494995117188,0.7770429849624634
tile_r019043_c006243,1,443.6650390625,478.81005859375,495.2123107910156,512.7706298828125,0.7604295015335083
tile_r019043_c006243,1,94.6921844482422,135.7547149658203,122.26513671875,162.7300567626953,0.6370099782943726
tile_r019043_c006243,1,284.94879150390625,386.1904602050781,318.6557312011719,421.3119201660156,0.3726566135883331
tile_r019043_c006243,1,440.5995178222656,472.7008361816406,502.4616088867188,516.3378295898438,0.0519689954817295
tile_r019043_c006243,1,282.9383544921875,382.9324340820313,323.8092041015625,425.7649536132813,0.0431958585977554
tile_r019043_c006243,1,91.5737075805664,133.5628204345703,125.9246063232422,165.61245727539062,0.0328174419701099
tile_r019043_c006243,1,218.8447723388672,100.6802215576172,276.5668029785156,158.489990234375,0.0152841135859489
tile_r019043_c006243,1,207.52001953125,334.96160888671875,270.17401123046875,378.6366271972656,0.0118898702785372
tile_r019043_c006243,1,511.0559692382813,235.6101837158203,524.6111450195312,333.8499755859375,0.00737867038697
tile_r019043_c006243,1,511.3482971191406,199.08499145507807,524.6524658203125,311.9729309082031,0.0064682043157517
tile_r019043_c006243,1,306.69482421875,0.928356945514679,339.4306640625,13.845751762390137,0.0059427679516375
tile_r019043_c006243,1,511.3872985839844,257.6395874023437,524.6197509765625,356.779296875,0.005930186714977
tile_r019043_c006243,1,279.7708435058594,376.9314270019531,329.38189697265625,434.1177673339844,0.0055676093325018
tile_r019043_c006243,1,306.5013732910156,0.4001098573207855,340.8086853027344,5.860696315765381,0.0053510824218392
tile_r019043_c006243,1,511.6993103027344,164.16134643554688,524.6018676757812,269.4621276855469,0.0050417049787938
tile_r019043_c006243,1,192.278564453125,272.039306640625,255.1150360107422,330.2596740722656,0.004883789923042
tile_r019043_c006243,1,196.96435546875,317.67559814453125,279.7158203125,396.0487365722656,0.0045335120521485
tile_r019043_c006243,1,511.6785278320313,280.39453125,524.6541748046875,377.6427307128906,0.0042868359014391
tile_r019043_c006243,1,511.8800659179688,139.5539093017578,524.5994262695312,247.9247131347656,0.0036284886300563
tile_r019043_c006243,1,393.5467834472656,306.51092529296875,415.4000854492188,327.48590087890625,0.0035814440343528
tile_r019043_c006243,1,286.5839233398437,388.5104370117188,312.13604736328125,415.4298706054688,0.0028020991012454
tile_r019043_c006243,1,512.0055541992188,35.41301345825195,524.6209716796875,138.0514678955078,0.0025632285978645
tile_r019043_c006243,1,229.8158721923828,185.00827026367188,288.5536499023437,244.76791381835935,0.0025453143753111
tile_r019043_c006243,1,-12.09809684753418,468.4574279785156,-2.413499355316162,514.732421875,0.0023818654008209
tile_r019043_c006243,1,512.11962890625,115.6441421508789,524.5751953125,223.42251586914065,0.0022930740378797
tile_r019043_c006243,1,447.8634643554688,500.5701599121094,491.1283264160156,512.5230712890625,0.0022593152243644
tile_r019043_c006243,1,512.3365478515625,363.22900390625,524.4842529296875,454.7650451660156,0.0022258223034441
tile_r019043_c006243,1,511.84375,60.59995269775391,524.5941162109375,162.01345825195312,0.002202374394983
tile_r019043_c006243,1,-12.213613510131836,486.3386840820313,-1.874549865722656,517.0441284179688,0.0021633366122841
tile_r019043_c006243,1,512.2864379882812,305.1248474121094,524.6348876953125,404.68658447265625,0.0020596969407051
tile_r019043_c006243,1,-12.13267707824707,439.0480346679688,-3.028184413909912,500.4572143554688,0.0019643763080239
tile_r019043_c006243,1,512.0182495117188,86.17109680175781,524.5997314453125,195.26870727539065,0.0019544444512575
tile_r019043_c006243,1,508.2323303222656,248.8005828857422,524.7999877929688,347.5337829589844,0.0018772921757772
tile_r019043_c006243,1,-12.1902494430542,448.1829223632813,-2.672682285308838,511.8717651367188,0.0018052161904051
tile_r019043_c006243,1,512.333984375,16.198978424072266,524.5589599609375,114.93115234375,0.0018014445668086
tile_r019043_c006243,1,383.9996948242188,388.9236755371094,438.4948120117188,447.18060302734375,0.0017573325894773
tile_r019043_c006243,1,-12.266311645507812,504.8965759277344,2.015158176422119,524.6448364257812,0.0016612403560429
tile_r019043_c006243,1,508.57720947265625,174.13711547851562,524.7999877929688,272.67352294921875,0.0016589289298281
tile_r019043_c006243,1,512.6617431640625,421.7860412597656,524.688232421875,510.9058532714844,0.001629844889976
tile_r019043_c006243,1,512.5335693359375,334.7051696777344,524.5401611328125,435.7532653808594,0.0015465144533663
tile_r019043_c006243,1,513.3933715820312,445.4920959472656,524.3980712890625,517.0086669921875,0.0014799716882407
tile_r019043_c006243,1,512.3670654296875,510.67388916015625,524.7999877929688,524.7999877929688,0.0014310625847429
tile_r019043_c006243,1,-12.314988136291504,-2.0808959007263184,-4.074316501617432,51.50373458862305,0.0014106063172221
tile_r019043_c006243,1,508.9640502929688,-12.800000190734863,524.6339721679688,14.323473930358888,0.0013952889712527
tile_r019043_c006243,1,512.3775634765625,381.9887390136719,524.5723266601562,480.68115234375,0.0013902917271479
tile_r019043_c006243,1,-12.501507759094238,3.600341796875,-3.9698989391326895,71.82523345947266,0.0013749204808846
tile_r019043_c006243,1,508.8800659179688,263.7142639160156,524.7999877929688,369.1346740722656,0.0013603629777207
tile_r019043_c006243,1,-12.077836990356444,431.8180541992188,-2.9047653675079346,487.40771484375,0.0013430593535304
tile_r019043_c006243,1,302.9485778808594,-9.60096549987793,353.449462890625,1.9763885736465452,0.0013259104453027
tile_r019043_c006243,1,512.0255126953125,-1.4888916015625,524.5965576171875,93.5558624267578,0.0012628668919205
tile_r019043_c006243,1,444.4712524414063,489.3077087402344,500.32232666015625,513.1915283203125,0.001239713281393
tile_r019043_c006243,1,199.04031372070312,284.4917907714844,248.16140747070312,317.432373046875,0.0011892981128767
tile_r019043_c006243,1,243.0430145263672,514.5100708007812,300.51727294921875,524.1700439453125,0.0011615576222538
tile_r019043_c006243,1,488.7349548339844,456.4999084472656,516.1350708007812,518.19677734375,0.001139266998507
tile_r019043_c006243,1,298.0775756835937,-12.63701629638672,354.081298828125,-6.870014190673828,0.0011331312125548
tile_r019043_c006243,1,331.6241149902344,506.10748291015625,387.81396484375,512.1927490234375,0.0011268218513578
tile_r019043_c006243,1,437.5817260742188,467.1683654785156,512.09326171875,520.138671875,0.0011184839531779
tile_r019043_c006243,1,-11.880711555480955,-12.43381690979004,0.3931075930595398,9.717084884643556,0.0011083706049248
tile_r019043_c006243,1,87.8364486694336,126.8863296508789,138.31088256835938,178.61392211914062,0.0011058305390179
tile_r019043_c006243,1,231.64566040039065,514.5084838867188,288.6839904785156,524.1712036132812,0.0010710454080253
tile_r019043_c006243,1,509.9931640625,27.664234161376957,524.7999877929688,123.55118560791016,0.001070556230843
tile_r019043_c006243,1,389.55169677734375,305.44061279296875,414.321044921875,329.7236328125,0.0010452887509018
tile_r019043_c006243,1,303.22833251953125,142.9937286376953,352.33428955078125,190.48995971679688,0.0010329225333407
tile_r019043_c006243,1,-12.23335075378418,35.39177703857422,-3.782144069671631,94.8699951171875,0.0010040063643828
tile_r019043_c006499,1,133.05545043945312,397.5276489257813,178.40963745117188,440.4674682617188,0.8191807866096497
tile_r019043_c006499,1,243.5634307861328,375.235107421875,293.837158203125,426.685302734375,0.8018580079078674
tile_r019043_c006499,1,37.4338264465332,135.1548614501953,96.18244934082033,190.6778564453125,0.7854968309402466
tile_r019043_c006499,1,188.1634979248047,479.658203125,238.7967987060547,512.5095825195312,0.7668657302856445
tile_r019043_c006499,1,268.2972106933594,147.7798614501953,313.087158203125,188.4763946533203,0.7327109575271606
tile_r019043_c006499,1,-0.938916027545929,196.3633270263672,27.800390243530277,235.7559051513672,0.5789514780044556
tile_r019043_c006499,1,29.07305335998535,386.3908081054688,60.21912384033203,419.6371154785156,0.4073313176631927
tile_r019043_c006499,1,360.6119079589844,159.0590057373047,411.01947021484375,213.5487518310547,0.2918360829353332
tile_r019043_c006499,1,27.292919158935547,383.9796752929688,64.61766052246094,424.7310485839844,0.0811679735779762
tile_r019043_c006499,1,264.4769287109375,140.943359375,318.16705322265625,194.35513305664065,0.0119193512946367
tile_r019043_c006499,1,364.13427734375,166.5299072265625,405.0970764160156,209.2701873779297,0.0115504879504442
tile_r019043_c006499,1,137.3135528564453,305.8844299316406,160.0303497314453,328.00592041015625,0.0098645621910691
tile_r019043_c006499,1,0.0849792510271072,109.58447265625,19.433856964111328,138.99063110351562,0.0097406338900327
tile_r019043_c006499,1,50.87441253662109,0.8364837765693665,83.08477783203125,14.147738456726074,0.0097220372408628
tile_r019043_c006499,1,181.7733459472656,474.3531188964844,246.3889617919922,515.7048950195312,0.0073737264610826
tile_r019043_c006499,1,50.5997200012207,0.302581787109375,84.39689636230469,6.006567478179932,0.0071064946241676
tile_r019043_c006499,1,354.580322265625,153.5596160888672,418.29248046875,219.6257781982422,0.0066496143117547
tile_r019043_c006499,1,-2.8804168701171875,190.63238525390625,30.57430648803711,240.7323760986328,0.0057204337790608
tile_r019043_c006499,1,30.34749794006348,388.6717529296875,55.2008171081543,414.5680541992188,0.0050197397358715
tile_r019043_c006499,1,0.147369384765625,198.4782257080078,19.305408477783203,233.54476928710935,0.0047176820226013
tile_r019043_c006499,1,374.352294921875,162.61404418945312,408.0067443847656,205.9297332763672,0.0046962546184659
tile_r019043_c006499,1,128.75607299804688,391.8385620117188,182.0283966064453,444.4981384277344,0.0044077313505113
tile_r019043_c006499,1,0.7969085574150085,108.2138442993164,15.730257987976074,141.65115356445312,0.0041896817274391
tile_r019043_c006499,1,0.3652587831020355,346.210205078125,18.0949821472168,373.7613830566406,0.0040552467107772
tile_r019043_c006499,1,511.8836059570313,209.4051818847656,524.521484375,297.73699951171875,0.0039819995872676
tile_r019043_c006499,1,511.7621154785156,119.0399932861328,524.5482177734375,213.0336456298828,0.0035012017469853
tile_r019043_c006499,1,2.112805128097534,199.36782836914065,26.742511749267575,229.2144012451172,0.0031663267873227
tile_r019043_c006499,1,511.8994140625,139.8223419189453,524.5814208984375,236.8753967285156,0.0030089472420513
tile_r019043_c006499,1,512.1802978515625,227.24624633789065,524.5758056640625,324.03228759765625,0.0029858124908059
tile_r019043_c006499,1,22.63981056213379,375.9761657714844,73.79095458984375,433.6128845214844,0.0029740708414465
tile_r019043_c006499,1,511.5403442382813,13.417981147766112,524.6251220703125,112.21726989746094,0.0027146961074322
tile_r019043_c006499,1,511.74212646484375,181.9707946777344,524.511474609375,281.77838134765625,0.0026447048876434
tile_r019043_c006499,1,255.30392456054688,0.829663097858429,286.3227844238281,15.203656196594238,0.0026261315215379
tile_r019043_c006499,1,1.2117888927459717,337.66375732421875,13.696090698242188,376.2662353515625,0.0026067832950502
tile_r019043_c006499,1,191.9778594970703,500.5031127929688,235.49563598632807,512.5291137695312,0.0025313629303127
tile_r019043_c006499,1,511.541259765625,-3.4878783226013184,524.5272216796875,69.25421142578125,0.002439904725179
tile_r019043_c006499,1,-11.000981330871582,189.7334899902344,11.762336730957031,246.3689422607422,0.0023909257724881
tile_r019043_c006499,1,0.6436492800712585,346.12841796875,12.721776962280272,373.1736450195313,0.002346938708797
tile_r019043_c006499,1,511.6182556152344,41.02289962768555,524.5960083007812,135.05569458007812,0.0022856569848954
tile_r019043_c006499,1,512.35205078125,93.0870361328125,524.5897216796875,193.6197509765625,0.002131228102371
tile_r019043_c006499,1,511.7540893554688,384.57568359375,524.5966796875,478.4382934570313,0.0020337086170911
tile_r019043_c006499,1,511.1785278320313,358.86962890625,524.4715576171875,451.2998046875,0.00202083052136
tile_r019043_c006499,1,511.9881286621094,409.6989135742188,524.5819702148438,489.8270568847656,0.0020077168010175
tile_r019043_c006499,1,509.0588989257813,-12.774319648742676,524.65185546875,21.24472427368164,0.0019543392118066
tile_r019043_c006499,1,512.3825073242188,252.01370239257807,524.5889892578125,352.2745361328125,0.0019149392610415
tile_r019043_c006499,1,512.2882080078125,281.888427734375,524.5740966796875,383.33111572265625,0.0019060340709984
tile_r019043_c006499,1,-11.769380569458008,105.3265609741211,-3.316394090652466,164.82174682617188,0.0018211164278909
tile_r019043_c006499,1,512.0914306640625,309.6646423339844,524.5750122070312,406.7975463867188,0.0017893123440444
tile_r019043_c006499,1,-12.363759994506836,257.600341796875,-2.5909423828125,318.5633850097656,0.0016543916426599
tile_r019043_c006499,1,-11.553339004516602,335.7074279785156,-1.5956207513809204,389.60693359375,0.0016267806058749
tile_r019043_c006499,1,-11.435380935668944,340.720458984375,-2.836132764816284,398.0221252441406,0.0015851121861487
tile_r019043_c006499,1,-12.349700927734377,-2.183331251144409,-3.350297451019287,53.206504821777344,0.0015408151084557
tile_r019043_c006499,1,512.1354370117188,62.8309326171875,524.5819091796875,169.16796875,0.0015296493656933
tile_r019043_c006499,1,47.26544189453125,-9.889544486999512,96.5049285888672,2.011785984039306,0.0014980105916038
tile_r019043_c006499,1,512.1796264648438,335.19091796875,524.6029663085938,431.603515625,0.0014563729055225
tile_r019043_c006499,1,0.297534167766571,339.8545837402344,22.07162475585937,376.8815002441406,0.0014116712845861
tile_r019043_c006499,1,-12.320749282836914,509.5748596191406,2.922769069671631,524.7999877929688,0.001411203527823
tile_r019043_c006499,1,-10.618069648742676,172.25987243652344,31.82320213317871,243.3292999267578,0.0013864097418263
tile_r019043_c006499,1,-11.876404762268066,87.4006118774414,-2.1314589977264404,154.2056427001953,0.0013683373108506
tile_r019043_c006499,1,187.97738647460935,489.6170959472656,246.93960571289065,513.2210693359375,0.0013669228646904
tile_r019043_c006499,1,-12.499659538269045,437.42962646484375,-4.322778224945068,498.7433166503906,0.0013646855950355
tile_r019043_c006499,1,-12.332193374633787,489.54730224609375,-1.664005994796753,516.7265014648438,0.0013350053923204
tile_r019043_c006499,1,501.0741271972656,203.87808227539065,521.7139892578125,267.32733154296875,0.0013158839428797
tile_r019043_c006499,1,-12.522388458251951,6.559338569641113,-2.8994598388671875,71.1514892578125,0.0012798559619113
tile_r019043_c006499,1,467.8381958007813,-12.742223739624023,515.67919921875,-4.470461845397949,0.0012771129840984
tile_r019043_c006499,1,223.8603515625,215.26416015625,303.76031494140625,299.4154663085937,0.0012740878155454
tile_r019043_c006499,1,-12.188599586486816,209.4205322265625,-1.0319350957870483,277.8815612792969,0.0012185391969978
tile_r019043_c006499,1,-12.453292846679688,463.95111083984375,-3.186753749847412,514.5415649414062,0.0011772357393056
tile_r019043_c006499,1,42.7109489440918,-12.650986671447754,96.97735595703124,-7.012150764465332,0.0011738820467144
tile_r019043_c006499,1,489.31689453125,-12.250017166137695,523.9091796875,1.317349195480347,0.0011593296658247
tile_r019043_c006499,1,218.89859008789065,515.654296875,282.119873046875,524.7999877929688,0.0011526133166626
tile_r019043_c006499,1,-12.326374053955078,229.04086303710935,-2.978079319000244,296.9361877441406,0.0011465887073427
tile_r019043_c006499,1,-12.42317008972168,46.323875427246094,-2.871346950531006,110.53236389160156,0.0011451980099081
tile_r019043_c006499,1,-12.432957649230955,278.06280517578125,-2.364401340484619,341.6351928710937,0.0011138396803289
tile_r019043_c006499,1,-12.450998306274414,426.0856323242188,-4.254513740539551,488.0304565429688,0.0010923772351816
tile_r019043_c006499,1,513.0184936523438,432.5657348632813,524.7783813476562,504.3336791992188,0.0010885145748034
tile_r019043_c006499,1,-12.569540977478027,446.9696350097656,-3.8718490600585938,510.28955078125,0.0010833332780748
tile_r019043_c006499,1,75.6495132446289,505.9901428222656,130.40365600585938,512.2296142578125,0.0010721882572397
tile_r019043_c006499,1,248.90902709960935,1.496545433998108,291.5838317871094,14.875012397766112,0.0010714404052123
tile_r019043_c006499,1,131.93260192871094,304.1087341308594,160.16287231445312,330.9032592773437,0.0010710530914366
tile_r019043_c006499,1,-12.258519172668455,120.2320556640625,-2.445794582366944,190.9219512939453,0.0010681526036933
tile_r019043_c006499,1,-12.325658798217772,57.5919189453125,-2.659019470214844,129.7150421142578,0.0010644377907738
tile_r019043_c006499,1,-12.44943141937256,37.18855285644531,-2.735614061355591,94.94377136230467,0.0010620988905429
tile_r019043_c006499,1,499.8267517089844,210.2605438232422,522.2605590820312,281.4229431152344,0.0010433198185637
tile_r019043_c006499,1,-12.023225784301758,352.44744873046875,-2.817535400390625,427.0916442871094,0.0010288757039234
tile_r019043_c006499,1,290.60791015625,505.7828063964844,356.7276306152344,513.0910034179688,0.001027391757816
tile_r019043_c006499,1,-11.638903617858888,199.9034118652344,0.84564208984375,259.07177734375,0.0010128254070878
tile_r019043_c006499,1,-12.109516143798828,72.70935821533203,-2.136918544769287,143.9952392578125,0.0010076847393065
tile_r019043_c006499,1,-12.457246780395508,25.28338050842285,-2.668768405914306,83.73894500732422,0.0010018646717071
tile_r019043_c006499,1,247.573486328125,-12.66755485534668,300.99810791015625,-7.075527191162109,0.0010013226419687
tile_r019043_c006755,1,470.5723571777344,81.26757049560547,511.37744140625,121.2577133178711,0.7529878616333008
tile_r019043_c006755,1,294.7603759765625,364.476318359375,331.3079833984375,399.1700744628906,0.7433100938796997
tile_r019043_c006755,1,471.2307739257813,449.5025939941406,514.69873046875,500.15533447265625,0.7308863997459412
tile_r019043_c006755,1,-1.3048492670059204,374.7946166992188,38.054466247558594,425.3899536132813,0.7265267968177795
tile_r019043_c006755,1,336.324951171875,438.8658142089844,367.7853088378906,469.9820251464844,0.7044446468353271
tile_r019043_c006755,1,11.92986297607422,145.83364868164062,58.15607452392578,189.38101196289065,0.7010032534599304
tile_r019043_c006755,1,434.2897338867188,172.9699249267578,473.2369995117188,213.15805053710935,0.6012640595436096
tile_r019043_c006755,1,411.8790893554688,23.90808486938477,443.2727661132813,57.4013900756836,0.3384850919246673
tile_r019043_c006755,1,104.2842025756836,158.1812286376953,155.7100372314453,213.7874298095703,0.3376039564609527
tile_r019043_c006755,1,418.2164001464844,86.74764251708984,445.0003967285156,109.88800048828124,0.2948575913906097
tile_r019043_c006755,1,310.1854553222656,410.1991271972656,336.24139404296875,432.0292053222656,0.2220349013805389
tile_r019043_c006755,1,441.5865173339844,7.421795845031738,476.7763671875,43.5512809753418,0.1239000633358955
tile_r019043_c006755,1,443.09417724609375,15.5943603515625,474.0691833496094,44.10172653198242,0.1169332861900329
tile_r019043_c006755,1,334.78814697265625,437.0572204589844,372.4153747558594,474.8464965820313,0.0407103486359119
tile_r019043_c006755,1,472.9482421875,442.5050659179688,520.1461791992188,506.7943420410156,0.0286844372749328
tile_r019043_c006755,1,106.0920181274414,166.1044921875,148.73287963867188,211.3433074951172,0.0197401326149702
tile_r019043_c006755,1,-1.07659912109375,0.3360595703125,30.250904083251957,19.927753448486328,0.0126695595681667
tile_r019043_c006755,1,338.0284729003906,440.7212829589844,363.3006286621094,466.8718872070313,0.0125474259257316
tile_r019043_c006755,1,297.1820373535156,367.32904052734375,327.841796875,396.1141052246094,0.0114947641268372
tile_r019043_c006755,1,412.0734252929688,81.51399230957031,448.7938537597656,112.5869369506836,0.0102068521082401
tile_r019043_c006755,1,466.3019409179688,68.45063018798828,519.5662231445312,130.7344207763672,0.0098980264738202
tile_r019043_c006755,1,7.00372314453125,140.50466918945312,62.2974739074707,192.5155334472656,0.009805311448872
tile_r019043_c006755,1,98.0413589477539,153.327880859375,161.94137573242188,220.25320434570312,0.0094388797879219
tile_r019043_c006755,1,429.2876586914063,166.98202514648438,477.375732421875,218.3182678222656,0.009151647798717
tile_r019043_c006755,1,439.81298828125,174.38363647460938,471.4074096679688,206.69921875,0.0083438782021403
tile_r019043_c006755,1,511.83056640625,386.0537109375,524.69873046875,485.59521484375,0.0075645507313311
tile_r019043_c006755,1,408.9261779785156,3.006603956222534,479.1115112304688,60.83153533935547,0.0065826610662043
tile_r019043_c006755,1,410.4557495117188,15.554028511047363,447.4644470214844,59.7942008972168,0.0064817778766155
tile_r019043_c006755,1,416.1058654785156,88.41876983642578,439.8515625,109.4011459350586,0.0059534506872296
tile_r019043_c006755,1,413.9544067382813,26.7159481048584,437.6170959472656,54.26431274414063,0.0057397382333874
tile_r019043_c006755,1,511.7867736816406,231.91015625,524.5753173828125,332.45574951171875,0.0051499470137059
tile_r019043_c006755,1,116.7230453491211,163.56494140625,151.2353057861328,207.0901641845703,0.0051114154048264
tile_r019043_c006755,1,511.3323364257813,205.2819366455078,524.6114501953125,305.84637451171875,0.0050317645072937
tile_r019043_c006755,1,511.864501953125,363.5958862304688,524.629150390625,462.6251831054688,0.0048163216561079
tile_r019043_c006755,1,512.2628784179688,403.8935546875,524.7364501953125,501.9537048339844,0.0043613258749246
tile_r019043_c006755,1,511.0801696777344,181.88363647460935,524.5848388671875,280.1504821777344,0.0040642544627189
tile_r019043_c006755,1,512.28759765625,255.15365600585935,524.6139526367188,357.5484924316406,0.0038397922180593
tile_r019043_c006755,1,513.1809692382812,83.95690155029297,524.58447265625,183.1788330078125,0.0033761262893676
tile_r019043_c006755,1,511.3438415527344,155.4137420654297,524.62744140625,256.7870788574219,0.0033176597207784
tile_r019043_c006755,1,512.3946533203125,281.61932373046875,524.584716796875,379.2276916503906,0.0032873672898858
tile_r019043_c006755,1,426.306640625,-0.1790954619646072,484.1345825195313,48.363807678222656,0.0031035023275762
tile_r019043_c006755,1,292.3700256347656,360.09307861328125,336.5503845214844,412.33734130859375,0.0030637476593255
tile_r019043_c006755,1,335.3128356933594,503.7998962402344,403.6968383789063,512.1678466796875,0.0028558727353811
tile_r019043_c006755,1,-11.313180923461914,369.1924743652344,4.772662162780762,430.8318481445313,0.0028151429723948
tile_r019043_c006755,1,511.6212768554688,133.5095977783203,524.5216674804688,230.46212768554688,0.0027154681738466
tile_r019043_c006755,1,512.3895263671875,325.85009765625,524.6534423828125,442.1333923339844,0.0023839795030653
tile_r019043_c006755,1,-11.760865211486816,398.1166076660156,-2.890083312988281,449.3995971679688,0.0023103093262761
tile_r019043_c006755,1,306.32586669921875,407.1253051757813,338.5604553222656,433.0328979492188,0.0021756379865109
tile_r019043_c006755,1,0.0076812743209302,1.380181908607483,22.96756362915039,21.5915584564209,0.0020943265408277
tile_r019043_c006755,1,323.66412353515625,504.780517578125,388.77484130859375,512.4512329101562,0.002073033247143
tile_r019043_c006755,1,424.0509643554688,7.365441799163818,477.4636840820313,51.98066329956055,0.0020579805132001
tile_r019043_c006755,1,-12.32366943359375,471.380126953125,-2.241717576980591,514.5443115234375,0.0020021754316985
tile_r019043_c006755,1,-12.308910369873049,488.6153259277344,-1.9133498668670652,517.1107177734375,0.0019957902841269
tile_r019043_c006755,1,-12.200380325317385,2.665081739425659,-3.7871246337890634,63.42847442626953,0.0019782362505793
tile_r019043_c006755,1,512.5890502929688,304.14239501953125,524.5779418945312,408.228515625,0.001944754156284
tile_r019043_c006755,1,-11.876717567443848,-1.777105689048767,-3.5160155296325684,47.31755447387695,0.0018446625908836
tile_r019043_c006755,1,512.1784057617188,23.60727310180664,524.6053466796875,109.1695556640625,0.0018344118725508
tile_r019043_c006755,1,-12.214741706848145,410.8048706054688,-3.034287929534912,467.7781372070313,0.001735201338306
tile_r019043_c006755,1,-12.258122444152832,506.39691162109375,1.9985488653182983,524.6531982421875,0.0017184213502332
tile_r019043_c006755,1,15.834192276000977,151.4484405517578,52.76264572143555,186.1845703125,0.0016789496876299
tile_r019043_c006755,1,512.6636962890625,105.2239227294922,524.5509643554688,205.3257751464844,0.0016406899085268
tile_r019043_c006755,1,424.547607421875,86.95712280273438,446.7596130371094,108.18994140625,0.0015339953824877
tile_r019043_c006755,1,-12.322278022766112,12.217931747436523,-3.652412414550781,81.08122253417969,0.0015223657246679
tile_r019043_c006755,1,-12.2119722366333,39.632568359375,-3.2729294300079346,104.2327880859375,0.001488392939791
tile_r019043_c006755,1,476.58251953125,70.48091888427734,521.5671997070312,153.45538330078125,0.001481392304413
tile_r019043_c006755,1,408.0052795410156,313.73980712890625,516.4119262695312,434.5930786132813,0.0014544575242325
tile_r019043_c006755,1,512.8338623046875,34.4102783203125,524.7010498046875,128.91049194335938,0.0013969476567581
tile_r019043_c006755,1,-12.37053680419922,440.4059143066406,-2.6005783081054688,497.29986572265625,0.0013808010844513
tile_r019043_c006755,1,471.7920837402344,16.218616485595703,520.8031005859375,100.11271667480467,0.0013492151629179
tile_r019043_c006755,1,462.6217651367188,53.24174880981445,518.4754638671875,125.10296630859376,0.0013474500738084
tile_r019043_c006755,1,461.3440856933594,138.0836639404297,517.5175170898438,209.1343536376953,0.0013182177208364
tile_r019043_c006755,1,-12.413172721862791,454.1692504882813,-2.3436858654022217,510.7647399902344,0.0012629517586901
tile_r019043_c006755,1,-12.146020889282228,119.61808776855467,-3.573094129562378,184.7234649658203,0.0012364874128252
tile_r019043_c006755,1,436.8629455566406,1.5620605945587158,479.43939208984375,46.30665969848633,0.0012226140825077
tile_r019043_c006755,1,298.4374084472656,505.2882385253906,374.2708129882813,512.4403076171875,0.001210581511259
tile_r019043_c006755,1,-12.348572731018066,423.96185302734375,-2.595556735992432,483.4464416503906,0.0011865636333823
tile_r019043_c006755,1,506.533203125,-12.800000190734863,524.7236328125,7.8798675537109375,0.001183821586892
tile_r019043_c006755,1,345.19122314453125,505.71240234375,403.95111083984375,512.1223754882812,0.0011789246927946
tile_r019043_c006755,1,518.2922973632812,432.51025390625,524.6276245117188,498.5997924804688,0.0011760975467041
tile_r019043_c006755,1,500.0374145507813,376.3429260253906,523.6438598632812,470.69329833984375,0.0011564971646293
tile_r019043_c006755,1,-12.5900239944458,300.9833068847656,-3.9232406616210938,354.99298095703125,0.001149705145508
tile_r019043_c006755,1,-12.032438278198242,129.25643920898438,-3.048208713531494,196.87619018554688,0.0011366273974999
tile_r019043_c006755,1,409.0497131347656,12.066717147827148,454.4712829589844,64.22252655029297,0.0011347833788022
tile_r019043_c006755,1,-6.9130859375,358.86798095703125,51.27740478515625,439.2666931152344,0.0011155699612572
tile_r019043_c006755,1,511.1107482910156,71.28883361816406,523.9664306640625,152.62046813964844,0.0011146552860736
tile_r019043_c006755,1,181.6800842285156,414.8992309570313,197.8602752685547,430.3980407714844,0.0010872880229726
tile_r019043_c006755,1,-12.60657787322998,288.30712890625,-3.917887926101685,345.5088806152344,0.0010541450465098
tile_r019043_c006755,1,-12.580918312072754,312.186767578125,-3.891517639160156,366.5074768066406,0.0010535396868363
tile_r019043_c006755,1,-12.291522026062012,170.27154541015625,-4.516412258148193,231.446533203125,0.0010497366311028
tile_r019043_c006755,1,512.7001342773438,507.5842895507813,524.7999877929688,524.7999877929688,0.001043161842972
tile_r019043_c006755,1,79.3359603881836,278.49761962890625,96.99188232421876,295.4301147460937,0.0010318564018234
tile_r019043_c006755,1,-11.683395385742188,-12.384984970092772,0.5104507207870483,10.773701667785645,0.0010261328425258
tile_r019043_c006755,1,500.6843872070313,133.53366088867188,521.7507934570312,206.60189819335935,0.0010194425703957
tile_r019043_c006755,1,478.17333984375,85.29512023925781,511.86669921875,117.5575714111328,0.001005329657346
tile_r019043_c006755,1,-12.271539688110352,58.64809036254883,-3.868731737136841,128.517333984375,0.0010034422157332
tile_r019043_c006755,1,480.2536010742188,-0.8859192132949829,518.6922607421875,72.12983703613281,0.0010009539546445
tile_r019043_c007011,1,250.8533172607422,230.2466583251953,316.9013671875,305.91778564453125,0.7919930815696716
tile_r019043_c007011,1,344.8148803710937,360.057373046875,390.06292724609375,404.945556640625,0.7793107032775879
tile_r019043_c007011,1,38.8551139831543,364.7057495117188,75.41043853759766,398.92230224609375,0.7547727823257446
tile_r019043_c007011,1,447.880859375,303.87139892578125,493.0791015625,354.1080017089844,0.7529195547103882
tile_r019043_c007011,1,217.4081573486328,451.6981506347656,264.37750244140625,497.9635620117188,0.7431677579879761
tile_r019043_c007011,1,399.2014770507813,474.1202087402344,440.7281188964844,512.0792236328125,0.7427432537078857
tile_r019043_c007011,1,213.77212524414065,81.67743682861328,257.76861572265625,121.5711441040039,0.7424148321151733
tile_r019043_c007011,1,389.8978576660156,197.0417938232422,432.1337890625,243.3087921142578,0.7249864935874939
tile_r019043_c007011,1,80.61601257324219,439.1748962402344,111.7078628540039,469.9593811035156,0.7003706097602844
tile_r019043_c007011,1,177.9549560546875,171.8103485107422,218.8134002685547,214.16098022460935,0.5622267127037048
tile_r019043_c007011,1,262.0014038085937,142.96347045898438,292.3351745605469,175.33082580566406,0.5102651715278625
tile_r019043_c007011,1,156.54837036132812,23.64190673828125,186.67257690429688,57.092750549316406,0.2834877073764801
tile_r019043_c007011,1,54.187950134277344,410.5762634277344,80.1336441040039,431.6895446777344,0.2561690807342529
tile_r019043_c007011,1,320.4683532714844,94.9361343383789,348.49395751953125,116.074951171875,0.236381858587265
tile_r019043_c007011,1,161.45944213867188,86.0467529296875,189.3885955810547,110.71150207519533,0.1837178766727447
tile_r019043_c007011,1,184.7865753173828,3.789659023284912,223.1151428222656,44.42290115356445,0.0963223874568939
tile_r019043_c007011,1,256.8619384765625,234.4996337890625,309.2962646484375,287.3775634765625,0.0685294270515441
tile_r019043_c007011,1,319.9322204589844,90.6347198486328,353.0843811035156,117.1411590576172,0.0645409598946571
tile_r019043_c007011,1,342.2166442871094,355.18682861328125,394.2884216308594,412.04095458984375,0.0610333494842052
tile_r019043_c007011,1,186.73727416992188,14.600103378295898,218.8336639404297,44.683692932128906,0.050609603524208
tile_r019043_c007011,1,79.1167984008789,437.3727416992188,116.32942199707033,474.8426818847656,0.042004931718111
tile_r019043_c007011,1,174.0293731689453,166.6228790283203,223.2972869873047,218.7593536376953,0.025058215484023
tile_r019043_c007011,1,152.1346893310547,1.0445435047149658,224.6892852783203,62.7938117980957,0.0228515155613422
tile_r019043_c007011,1,445.4913940429688,297.2979736328125,500.1573181152344,361.8537292480469,0.0223063603043556
tile_r019043_c007011,1,153.31201171875,20.7886962890625,189.42410278320312,60.712989807128906,0.0199000816792249
tile_r019043_c007011,1,320.7874450683594,97.2324447631836,342.4472045898437,114.6401596069336,0.0145995272323489
tile_r019043_c007011,1,302.9685974121094,401.8043518066406,325.5577697753906,421.9129333496094,0.0138735929504036
tile_r019043_c007011,1,257.7998962402344,138.1557159423828,295.9126892089844,179.47134399414062,0.0092221358790993
tile_r019043_c007011,1,317.7485046386719,87.06269836425781,358.0893249511719,119.7328643798828,0.0087126484140753
tile_r019043_c007011,1,82.30574035644531,440.9054565429688,107.12019348144533,466.6040954589844,0.0077116200700402
tile_r019043_c007011,1,393.9394226074219,469.0433654785156,445.2654418945313,514.9906005859375,0.0075761908665299
tile_r019043_c007011,1,156.1182861328125,80.55723571777344,192.8875732421875,113.0248031616211,0.0074090813286602
tile_r019043_c007011,1,210.7881317138672,76.37540435791016,261.8372497558594,127.37298583984376,0.0065013705752789
tile_r019043_c007011,1,451.9520568847656,308.3750305175781,489.6868286132813,350.2245483398437,0.0064236330799758
tile_r019043_c007011,1,35.520240783691406,358.73394775390625,80.34785461425781,402.55224609375,0.0058807367458939
tile_r019043_c007011,1,512.0931396484375,14.394689559936523,524.5963134765625,115.0580062866211,0.0058540189638733
tile_r019043_c007011,1,153.9643096923828,12.478276252746582,196.1739044189453,60.66320037841797,0.0052945395000278
tile_r019043_c007011,1,216.6075439453125,85.48225402832031,252.6360626220703,118.85847473144533,0.005108886398375
tile_r019043_c007011,1,384.9772338867188,192.6714782714844,438.8960876464844,249.0365295410156,0.0048904619179666
tile_r019043_c007011,1,168.0083465576172,-0.972552478313446,229.0718231201172,49.845848083496094,0.0048015317879617
tile_r019043_c007011,1,511.6775512695313,-1.6171417236328125,524.5732421875,92.0063247680664,0.0046715280041098
tile_r019043_c007011,1,183.495361328125,173.40170288085938,216.0968780517578,207.4658203125,0.0046665156260132
tile_r019043_c007011,1,179.16432189941406,175.63999938964844,212.19448852539065,211.63101196289065,0.0044657462276518
tile_r019043_c007011,1,157.793212890625,26.37531089782715,181.83908081054688,54.49393844604492,0.0044125132262706
tile_r019043_c007011,1,299.89666748046875,324.22918701171875,323.6878967285156,347.0716857910156,0.0043981308117508
tile_r019043_c007011,1,301.3169860839844,403.9342651367188,321.70001220703125,420.5094604492188,0.004337762016803
tile_r019043_c007011,1,512.3624267578125,38.28035736083984,524.5648193359375,135.81607055664062,0.0042359153740108
tile_r019043_c007011,1,160.0489044189453,88.0804443359375,184.2134552001953,109.5217056274414,0.0038134632632136
tile_r019043_c007011,1,406.1874084472656,477.4503784179688,438.3118286132813,509.4406127929688,0.0035284208133816
tile_r019043_c007011,1,511.9925842285156,-7.246783256530762,524.6163940429688,61.7110710144043,0.0031627707649022
tile_r019043_c007011,1,79.233642578125,504.15234375,148.1110076904297,512.1490478515625,0.0031356571707874
tile_r019043_c007011,1,512.2513427734375,59.2474365234375,524.5363159179688,160.0078582763672,0.0030362557154148
tile_r019043_c007011,1,395.89404296875,203.5411071777344,428.369140625,241.4226531982422,0.0029040814843028
tile_r019043_c007011,1,511.23138427734375,160.15390014648438,524.5792236328125,256.7958984375,0.0028776391409337
tile_r019043_c007011,1,512.2757568359375,424.65576171875,524.6956787109375,509.44677734375,0.002737091621384
tile_r019043_c007011,1,512.6287841796875,79.71891021728516,524.6510620117188,186.9981842041016,0.0027219983749091
tile_r019043_c007011,1,301.3246459960937,395.9928588867188,328.106689453125,420.9602661132813,0.0026175938546657
tile_r019043_c007011,1,-12.222737312316896,432.646240234375,-2.198382616043091,490.838623046875,0.0024613954592496
tile_r019043_c007011,1,511.3661193847656,180.94662475585935,524.5924682617188,283.8041076660156,0.0024308236315846
tile_r019043_c007011,1,50.12050628662109,408.3056640625,82.27693176269531,433.12890625,0.0024242834188044
tile_r019043_c007011,1,-12.13823127746582,422.08740234375,-2.120497226715088,479.46142578125,0.0023753978312015
tile_r019043_c007011,1,69.76881408691406,505.37939453125,133.04910278320312,512.4307861328125,0.0023692755494266
tile_r019043_c007011,1,511.8377075195313,404.4483337402344,524.5784912109375,495.5192260742188,0.0023163831792771
tile_r019043_c007011,1,512.0924072265625,316.71417236328125,524.6214599609375,416.8864135742188,0.0022987900301814
tile_r019043_c007011,1,511.2073364257813,129.2377471923828,524.5899658203125,233.3726501464844,0.0022885042708367
tile_r019043_c007011,1,511.78704833984375,295.82061767578125,524.5531005859375,387.29827880859375,0.0022729025222361
tile_r019043_c007011,1,243.104248046875,1.646490454673767,294.7530822753906,13.55499267578125,0.002184769604355
tile_r019043_c007011,1,509.6707153320313,-12.800000190734863,524.6072998046875,23.41623306274414,0.0021810606122016
tile_r019043_c007011,1,227.574462890625,456.5094604492188,262.70318603515625,493.1832885742188,0.0020737692248076
tile_r019043_c007011,1,-12.242966651916504,-3.77294921875,-2.962515354156494,49.409217834472656,0.0020297686569392
tile_r019043_c007011,1,511.6116333007813,209.66098022460935,524.5641479492188,303.5929260253906,0.0019995996262878
tile_r019043_c007011,1,511.98046875,371.3044128417969,524.5955200195312,476.6272583007813,0.0019968457054346
tile_r019043_c007011,1,323.3553161621094,92.5332489013672,355.600830078125,114.2139663696289,0.0019561529625207
tile_r019043_c007011,1,512.1458740234375,345.5224609375,524.5693359375,448.0066833496094,0.0018876662943512
tile_r019043_c007011,1,-11.80748462677002,-12.515698432922363,-0.1011764556169509,10.333045959472656,0.0018494107061997
tile_r019043_c007011,1,508.806640625,25.64783096313477,524.7999877929688,118.8564910888672,0.0018237481126561
tile_r019043_c007011,1,512.9984741210938,449.8785095214844,524.4800415039062,514.8453369140625,0.0017657264834269
tile_r019043_c007011,1,498.4020385742188,283.8041076660156,521.2801513671875,367.405517578125,0.0017373875016346
tile_r019043_c007011,1,-12.421436309814451,4.520886421203613,-2.5275025367736816,65.40164184570312,0.0017046079738065
tile_r019043_c007011,1,-12.275921821594238,41.51240158081055,-2.079502820968628,100.66853332519533,0.0016932147555053
tile_r019043_c007011,1,511.7001953125,272.4098815917969,524.5960693359375,369.5380554199219,0.0016557241324335
tile_r019043_c007011,1,-12.126860618591309,217.6030731201172,-1.7797027826309204,281.2716369628906,0.0016439635073766
tile_r019043_c007011,1,-12.184991836547852,400.0221252441406,-2.2059783935546875,463.287353515625,0.0016254941001534
tile_r019043_c007011,1,85.22509765625,505.8490295410156,150.29971313476562,512.2195434570312,0.00161797425244
tile_r019043_c007011,1,-12.294185638427734,51.282188415527344,-2.1768875122070312,113.5632553100586,0.0015992154367268
tile_r019043_c007011,1,-12.133855819702148,307.66973876953125,-2.051596164703369,370.38873291015625,0.0015867226757109
tile_r019043_c007011,1,-12.257158279418944,127.78117370605467,-2.748312473297119,193.1970672607422,0.0015666433610022
tile_r019043_c007011,1,512.01904296875,247.40115356445312,524.4402465820312,344.33502197265625,0.0015647799009457
tile_r019043_c007011,1,-12.2422513961792,178.33840942382812,-2.057751417160034,242.32046508789065,0.0015638801269233
tile_r019043_c007011,1,-12.22810173034668,117.6746597290039,-2.8397979736328125,181.04324340820312,0.0015356496442109
tile_r019043_c007011,1,402.1860961914063,500.045654296875,437.96624755859375,512.8560791015625,0.0015246483962982
tile_r019043_c007011,1,415.0523376464844,515.5191650390625,476.4302673339844,524.6971435546875,0.0015200285706669
tile_r019043_c007011,1,-12.456971168518066,459.8583068847656,-2.2161269187927246,512.7069091796875,0.0015060288133099
tile_r019043_c007011,1,247.6433563232422,506.8759765625,308.3306579589844,512.6302490234375,0.0015037897974252
tile_r019043_c007011,1,-12.410215377807615,443.0738220214844,-1.9827454090118408,505.8781127929688,0.0014907475560903
tile_r019043_c007011,1,-12.224823951721191,167.53457641601562,-2.0859878063201904,229.59194946289065,0.0014866924611851
tile_r019043_c007011,1,-12.101923942565918,318.7206420898437,-1.9793930053710935,385.92572021484375,0.00147002376616
tile_r019043_c007011,1,-12.29246711730957,139.21859741210938,-2.566181898117065,206.71533203125,0.0014650402590632
tile_r019043_c007011,1,-12.24370574951172,188.75436401367188,-1.9308639764785769,256.6920471191406,0.0014647779753431
tile_r019043_c007011,1,-12.161357879638672,344.6185607910156,-2.820013523101806,411.5013732910156,0.0014502855483442
tile_r019043_c007011,1,-12.282604217529297,152.9147491455078,-2.270735263824463,218.9144592285156,0.0014495662180706
tile_r019043_c007011,1,-12.055192947387695,331.8438415527344,-2.2427260875701904,397.8876037597656,0.0014447021530941
tile_r019043_c007011,1,-12.193998336791992,228.6820831298828,-2.027998447418213,294.8518981933594,0.0014443692052736
tile_r019043_c007011,1,45.0199089050293,505.8064575195313,118.8541030883789,512.3923950195312,0.0013882343191653
tile_r019043_c007011,1,-12.231037139892578,388.3515625,-2.347265720367432,453.0328063964844,0.001386395888403
tile_r019043_c007011,1,315.4078063964844,75.7929916381836,361.2621154785156,118.8062973022461,0.0013860658509656
tile_r019043_c007011,1,365.1018676757813,263.85406494140625,396.8665161132813,291.3648681640625,0.0013657041126862
tile_r019043_c007011,1,-12.36253547668457,20.85089683532715,-2.288360595703125,79.23218536376953,0.0013630280736833
tile_r019043_c007011,1,307.665283203125,514.474609375,370.2488708496094,524.3360595703125,0.0013583615655079
tile_r019043_c007011,1,-12.181310653686523,202.9322509765625,-1.6610122919082642,270.0141906738281,0.0013392645632848
tile_r019043_c007011,1,-12.232544898986816,296.53045654296875,-1.9003722667694087,357.3988342285156,0.0013377564027905
tile_r019043_c007011,1,507.76904296875,12.72241497039795,524.7999877929688,102.7318878173828,0.0013372240355238
tile_r019043_c007011,1,255.00390625,514.4986572265625,317.94512939453125,524.3630981445312,0.0013196881627663
tile_r019043_c007011,1,268.87432861328125,514.2525634765625,331.81475830078125,524.2957763671875,0.001319270231761
tile_r019043_c007011,1,-12.304095268249512,238.8639678955078,-2.373207092285156,308.47186279296875,0.0013128295540809
tile_r019043_c007011,1,429.9569396972656,514.7904052734375,498.3372192382813,524.5525512695312,0.001311597879976
tile_r019043_c007011,1,499.5975036621094,464.577880859375,520.036376953125,513.8993530273438,0.0013106825063005
tile_r019043_c007011,1,481.6658325195313,27.3939208984375,522.4020385742188,111.99171447753906,0.0013069061096757
tile_r019043_c007011,1,478.735595703125,47.68156814575195,522.0477905273438,131.36459350585938,0.0012995122233405
tile_r019043_c007011,1,-12.37489891052246,61.60474395751953,-2.0499801635742188,132.72998046875,0.001295379945077
tile_r019043_c007011,1,-12.34287166595459,283.524169921875,-2.1531691551208496,347.2748413085937,0.0012784242862835
tile_r019043_c007011,1,-12.144424438476562,-7.918806552886963,-2.3868210315704346,33.790191650390625,0.0012621496571227
tile_r019043_c007011,1,369.4592895507813,515.2806396484375,434.68408203125,524.7999877929688,0.0012532783439382
tile_r019043_c007011,1,321.369873046875,514.2409057617188,382.3997497558594,524.3297729492188,0.0012454511597752
tile_r019043_c007011,1,52.549110412597656,412.6739196777344,75.64288330078125,431.4561462402344,0.0012451320653781
tile_r019043_c007011,1,-12.284103393554688,357.2822265625,-3.1298904418945312,426.7461853027344,0.0012325324350968
tile_r019043_c007011,1,-12.37465476989746,250.9766082763672,-2.3954405784606934,322.0313415527344,0.0012140943435952
tile_r019043_c007011,1,254.54495239257807,345.71728515625,284.3934326171875,371.7420043945313,0.0012065322371199
tile_r019043_c007011,1,288.2489624023437,0.8360077142715454,334.0341186523437,13.18918800354004,0.0011992159998044
tile_r019043_c007011,1,296.2322692871094,514.6170654296875,358.58209228515625,524.3770751953125,0.0011946737067773
tile_r019043_c007011,1,228.161376953125,515.7225952148438,297.8951721191406,524.7149047851562,0.0011734528234228
tile_r019043_c007011,1,-12.28135108947754,373.34661865234375,-2.752619981765747,440.8853149414063,0.0011712472187355
tile_r019043_c007011,1,482.28076171875,481.4039916992188,515.5340576171875,513.0866088867188,0.0011643753387033
tile_r019043_c007011,1,496.02197265625,266.1573181152344,522.0905151367188,353.96746826171875,0.0011635355185717
tile_r019043_c007011,1,-12.369823455810549,267.77081298828125,-2.3602280616760254,335.17694091796875,0.0011464537819847
tile_r019043_c007011,1,283.86895751953125,514.4054565429688,346.00439453125,524.3280029296875,0.0011293702991679
tile_r019043_c007011,1,498.01959228515625,297.9305114746094,522.3223266601562,381.88275146484375,0.0011272400151938
tile_r019043_c007011,1,243.4814910888672,515.1568603515625,307.2924194335937,524.2515869140625,0.0011267295340076
tile_r019043_c007011,1,247.9158172607422,482.6576232910156,294.138916015625,510.8935546875,0.0011080417316406
tile_r019043_c007011,1,109.3882827758789,126.3072509765625,213.0612030029297,227.81588745117188,0.001102051930502
tile_r019043_c007011,1,306.87994384765625,507.2112426757813,379.65924072265625,512.50732421875,0.0010955892503261
tile_r019043_c007011,1,470.2905883789063,482.9478454589844,511.796630859375,512.6021728515625,0.0010865363292396
tile_r019043_c007011,1,400.3653259277344,486.5682678222656,437.2927856445313,513.15673828125,0.0010798290604725
tile_r019043_c007011,1,502.4312438964844,-12.800000190734863,524.7161865234375,-6.993642330169678,0.0010635051876306
tile_r019043_c007011,1,492.1717834472656,-12.30170726776123,523.5369873046875,1.649298071861267,0.0010632119374349
tile_r019043_c007011,1,-12.242929458618164,96.06111145019533,-2.3233673572540283,160.43753051757812,0.0010620311368256
tile_r019043_c007011,1,152.7457733154297,9.873779296875,205.8402862548828,65.12194061279297,0.0010594194754958
tile_r019043_c007011,1,238.24462890625,506.2782287597656,301.95916748046875,512.3258056640625,0.0010538252536207
tile_r019043_c007011,1,337.3422241210937,514.4275512695312,399.237548828125,524.6259765625,0.0010271221399307
tile_r019043_c007011,1,-12.351303100585938,77.51516723632812,-1.949101209640503,148.83718872070312,0.0010164759587496
tile_r019043_c007011,1,472.8483276367188,-12.750642776489258,516.9065551757812,-4.2549147605896,0.001010114676319
tile_r019043_c007011,1,295.9322814941406,320.66864013671875,324.5813903808594,347.9931640625,0.0010061622597277
tile_r019043_c007267,1,-2.545300245285034,227.54037475585935,63.09214019775391,309.0831604003906,0.8067716360092163
tile_r019043_c007267,1,87.64347839355469,358.811767578125,134.9003143310547,406.1722106933594,0.7632720470428467
tile_r019043_c007267,1,192.80712890625,304.4198303222656,237.7801818847656,352.47430419921875,0.7501001954078674
tile_r019043_c007267,1,142.6199951171875,473.5272521972656,185.3445587158203,512.27978515625,0.7247243523597717
tile_r019043_c007267,1,372.8954772949219,95.37223815917967,435.0951232910156,160.7210235595703,0.7205576300621033
tile_r019043_c007267,1,134.18789672851562,196.8748016357422,176.21084594726562,243.3197326660156,0.7062233090400696
tile_r019043_c007267,1,259.91943359375,420.1847534179688,300.83074951171875,455.9988403320313,0.577781617641449
tile_r019043_c007267,1,5.030390739440918,141.81326293945312,38.28662872314453,177.76864624023438,0.3051596581935882
tile_r019043_c007267,1,64.3162841796875,94.6929702758789,92.85392761230467,116.0059051513672,0.1922850757837295
tile_r019043_c007267,1,374.7197265625,110.10755920410156,426.5540161132813,160.68069458007812,0.1894655078649521
tile_r019043_c007267,1,476.5789489746094,99.234130859375,515.233642578125,157.70693969726562,0.1072521582245826
tile_r019043_c007267,1,63.688232421875,90.4964370727539,97.97248840332033,116.8926773071289,0.060875579714775
tile_r019043_c007267,1,492.53466796875,182.8868560791016,512.1080932617188,203.63412475585935,0.0500245131552219
tile_r019043_c007267,1,487.8114318847656,48.34005737304688,506.2531127929688,70.46826934814453,0.0258780363947153
tile_r019043_c007267,1,338.4486999511719,-0.9303817749023438,390.3049011230469,8.852989196777344,0.0233799796551466
tile_r019043_c007267,1,2.210192918777466,138.38760375976562,42.63970947265625,181.29205322265625,0.0157761704176664
tile_r019043_c007267,1,510.9325256347656,422.3135681152344,524.7237548828125,513.29931640625,0.0143104307353496
tile_r019043_c007267,1,188.98753356933597,297.57843017578125,242.478759765625,360.5476379394531,0.0141989858821034
tile_r019043_c007267,1,137.1721954345703,468.437255859375,189.71340942382807,515.1287841796875,0.0111665893346071
tile_r019043_c007267,1,339.774658203125,-0.1812568604946136,392.3518981933594,13.283404350280762,0.0110408458858728
tile_r019043_c007267,1,64.799560546875,97.00486755371094,86.89179992675781,114.70599365234376,0.0104482369497418
tile_r019043_c007267,1,61.5465202331543,86.7016830444336,102.81351470947266,119.1043472290039,0.0103529281914234
tile_r019043_c007267,1,255.3495635986328,415.2233276367188,306.5584411621094,462.1454162597656,0.0102921621873974
tile_r019043_c007267,1,511.9041137695313,448.511474609375,524.69384765625,514.579833984375,0.0097270244732499
tile_r019043_c007267,1,-0.6735473871231079,325.0155334472656,29.3953857421875,369.5625,0.009720453992486
tile_r019043_c007267,1,510.9913024902344,394.503662109375,524.6393432617188,500.1790466308594,0.0092731900513172
tile_r019043_c007267,1,6.869479179382324,144.96336364746094,34.31349182128906,175.37998962402344,0.0091829933226108
tile_r019043_c007267,1,474.984375,73.06571960449219,520.6014404296875,161.807373046875,0.0086292512714862
tile_r019043_c007267,1,266.91571044921875,425.3536071777344,300.61639404296875,453.2872009277344,0.0069277579896152
tile_r019043_c007267,1,511.3059692382813,330.53289794921875,524.61962890625,433.8015747070313,0.0067709181457757
tile_r019043_c007267,1,511.025634765625,304.00244140625,524.5960693359375,406.97119140625,0.0067113931290805
tile_r019043_c007267,1,493.0506286621094,178.2653045654297,516.5009155273438,204.3779754638672,0.0063415230251848
tile_r019043_c007267,1,511.2077026367188,368.93658447265625,524.6021728515625,475.5698852539063,0.0062633696943521
tile_r019043_c007267,1,484.9240112304688,113.74818420410156,513.1080322265625,160.10549926757812,0.0060404865071177
tile_r019043_c007267,1,427.2823791503906,88.55681610107422,444.75970458984375,107.4752197265625,0.0052805999293923
tile_r019043_c007267,1,129.25534057617188,192.515380859375,182.8802490234375,249.0180206298828,0.0050206636078655
tile_r019043_c007267,1,82.03007507324219,350.27667236328125,141.1763153076172,417.6749877929688,0.0047978414222598
tile_r019043_c007267,1,499.59478759765625,297.59783935546875,519.712646484375,347.35369873046875,0.0044341143220663
tile_r019043_c007267,1,490.83294677734375,306.1009216308594,512.368896484375,338.9701538085937,0.0042605120688676
tile_r019043_c007267,1,470.9533081054688,54.82960891723633,516.2941284179688,138.6800537109375,0.0038451144937425
tile_r019043_c007267,1,510.457763671875,294.2914428710937,524.2988891601562,378.1261901855469,0.0037355867680162
tile_r019043_c007267,1,486.7158203125,172.9513702392578,513.9635009765625,205.6990509033203,0.0036783532705157
tile_r019043_c007267,1,479.0724487304688,45.9001350402832,520.2546997070312,122.5024185180664,0.003636940382421
tile_r019043_c007267,1,469.9386291503906,46.400123596191406,515.3744506835938,118.6939926147461,0.0034389225766062
tile_r019043_c007267,1,139.9603729248047,203.22787475585935,172.51412963867188,241.5556182861328,0.0033354135230183
tile_r019043_c007267,1,338.537109375,0.0642456039786338,382.4344787597656,8.132421493530273,0.0032742209732532
tile_r019043_c007267,1,46.503936767578125,400.5269470214844,71.40776824951172,422.6931762695313,0.0031723375432193
tile_r019043_c007267,1,473.1257934570313,44.1406364440918,512.4425659179688,100.91400146484376,0.0030076554976403
tile_r019043_c007267,1,149.7076873779297,477.3733520507813,182.8645782470703,509.7639770507813,0.0027690806891769
tile_r019043_c007267,1,43.4631233215332,323.5769958496094,68.0826187133789,347.565185546875,0.0026595527306199
tile_r019043_c007267,1,511.5994262695313,71.82080078125,524.5021362304688,165.9149169921875,0.0024962672032415
tile_r019043_c007267,1,485.2081909179688,40.017189025878906,519.2916259765625,105.4929656982422,0.0024233828298747
tile_r019043_c007267,1,488.3765563964844,123.4015655517578,512.6970825195312,159.1571807861328,0.0023988045286387
tile_r019043_c007267,1,510.3887634277344,96.7055206298828,524.3624267578125,178.5265655517578,0.0023554358631372
tile_r019043_c007267,1,201.20571899414065,504.3016662597656,266.5346069335937,512.4855346679688,0.0023156383540481
tile_r019043_c007267,1,489.9745178222656,137.3896942138672,520.6671142578125,203.8153076171875,0.0022766578476876
tile_r019043_c007267,1,485.7735290527344,100.45457458496094,513.7886962890625,154.14193725585938,0.002096262993291
tile_r019043_c007267,1,-12.078497886657717,465.8622131347656,-3.3480300903320312,513.3446044921875,0.002090421738103
tile_r019043_c007267,1,-12.23266315460205,477.793212890625,-2.263043165206909,515.832275390625,0.0019700748380273
tile_r019043_c007267,1,485.10443115234375,45.66606903076172,508.15228271484375,71.32544708251953,0.0018634746083989
tile_r019043_c007267,1,487.7535705566406,39.69368743896485,517.9238891601562,78.83985900878906,0.0017571459757164
tile_r019043_c007267,1,504.91455078125,-12.800000190734863,524.7999877929688,-2.2969040870666504,0.001713249599561
tile_r019043_c007267,1,496.1159057617188,307.6263732910156,512.6921997070312,341.1612243652344,0.0016780068399384
tile_r019043_c007267,1,145.90663146972656,501.4960021972656,182.54672241210935,512.9055786132812,0.0016493746079504
tile_r019043_c007267,1,337.37567138671875,-12.76083278656006,402.2879028320313,-6.682559967041016,0.0016428250819444
tile_r019043_c007267,1,346.19171142578125,-0.6783233880996704,389.1312255859375,5.353155612945557,0.0016280969139188
tile_r019043_c007267,1,334.18865966796875,-8.278724670410156,396.375244140625,2.545161485671997,0.0016048835823312
tile_r019043_c007267,1,479.1795043945313,43.37148284912109,511.8087768554688,78.11946868896484,0.0015972735127434
tile_r019043_c007267,1,467.8020629882813,63.1414794921875,514.9910888671875,158.5601806640625,0.0015728290891274
tile_r019043_c007267,1,488.8804626464844,43.23097610473633,509.8630981445313,74.97225952148438,0.0015672327717766
tile_r019043_c007267,1,-1.5054931640625,277.79205322265625,69.4766616821289,379.961669921875,0.0015605192165821
tile_r019043_c007267,1,487.84765625,100.0816421508789,513.5853271484375,140.80856323242188,0.0015378665411844
tile_r019043_c007267,1,-1.607147216796875,125.7060317993164,46.482421875,183.748291015625,0.0015073617687448
tile_r019043_c007267,1,50.9177360534668,514.3541259765625,113.57698822021484,524.3378295898438,0.0014312417479231
tile_r019043_c007267,1,479.9927673339844,152.8180694580078,517.0333862304688,206.5760498046875,0.0014148212503641
tile_r019043_c007267,1,158.5038604736328,515.4365844726562,220.9276123046875,524.7286376953125,0.0014146144967526
tile_r019043_c007267,1,474.0718688964844,107.9806900024414,519.044921875,185.74588012695312,0.0014079556567594
tile_r019043_c007267,1,513.0338134765625,50.72639083862305,524.38671875,143.92782592773438,0.0013930319109931
tile_r019043_c007267,1,57.0348014831543,73.30323028564453,109.92112731933594,120.805419921875,0.0013577407225966
tile_r019043_c007267,1,173.49588012695312,514.5711059570312,243.2748260498047,524.4420166015625,0.001330426428467
tile_r019043_c007267,1,263.3556213378906,424.5868225097656,295.098388671875,451.1461791992188,0.0013013180578127
tile_r019043_c007267,1,518.3323974609375,295.7186889648437,524.7291259765625,360.9640197753906,0.0012926112394779
tile_r019043_c007267,1,64.86376953125,514.1455078125,126.0986099243164,524.3445434570312,0.0012876531109213
tile_r019043_c007267,1,-11.947270393371582,-12.42603588104248,2.3690185546875,3.089712619781494,0.0012776367366313
tile_r019043_c007267,1,112.7974853515625,515.2392578125,178.42141723632812,524.7999877929688,0.0012746576685458
tile_r019043_c007267,1,198.02651977539065,309.2179260253906,234.48422241210935,349.8165588378906,0.0012400564737617
tile_r019043_c007267,1,39.15631103515625,514.47607421875,101.58433532714844,524.3649291992188,0.0012325946008786
tile_r019043_c007267,1,512.33154296875,489.1360473632813,524.7999877929688,524.7999877929688,0.0012116179568693
tile_r019043_c007267,1,-11.95720100402832,142.8855438232422,-4.212730407714844,209.23910522460935,0.0011891417670994
tile_r019043_c007267,1,512.6697998046875,133.99356079101562,524.6311645507812,220.8693389892578,0.0011885958956554
tile_r019043_c007267,1,498.2821350097656,297.2090759277344,523.1746826171875,380.7242126464844,0.0011861020466312
tile_r019043_c007267,1,144.0679473876953,489.24267578125,181.9147186279297,513.1995239257812,0.0011826588306576
tile_r019043_c007267,1,-1.736297607421875,320.2027893066406,44.92794036865234,376.57427978515625,0.0011765228118747
tile_r019043_c007267,1,512.8580932617188,179.457763671875,524.6036376953125,275.7128295898437,0.0011724840151146
tile_r019043_c007267,1,107.5658721923828,262.9181213378906,140.82363891601562,294.8739624023437,0.0011603710008785
tile_r019043_c007267,1,500.0782165527344,432.0411071777344,523.1858520507812,515.94287109375,0.0011554505908861
tile_r019043_c007267,1,512.3621215820312,270.0048828125,524.6304931640625,364.317138671875,0.0011462753172963
tile_r019043_c007267,1,-12.09693431854248,228.695068359375,0.2226303070783615,308.609130859375,0.0011364829260855
tile_r019043_c007267,1,483.33929443359375,295.9336853027344,515.9442138671875,347.5965881347656,0.0011347422841936
tile_r019043_c007267,1,509.5382690429688,352.93927001953125,524.7999877929688,452.3740234375,0.0011242924956604
tile_r019043_c007267,1,-12.082345962524414,0.7034972906112671,-3.444903612136841,53.680206298828125,0.0011202876921743
tile_r019043_c007267,1,-12.243375778198242,6.755312919616699,-3.400869846343994,74.28587341308594,0.001097684376873
tile_r019043_c007267,1,513.0203857421875,243.8017120361328,524.7481689453125,349.23114013671875,0.0010974496835842
tile_r019043_c007267,1,128.79928588867188,464.1755981445313,195.3995819091797,519.0006103515625,0.001083607901819
tile_r019043_c007267,1,347.2003479003906,0.8530426025390625,395.43170166015625,11.3094482421875,0.0010791765525937
tile_r019043_c007267,1,80.88771057128906,514.3577880859375,143.18455505371094,524.6577758789062,0.0010740401921793
tile_r019043_c007267,1,180.43295288085935,284.54461669921875,243.403564453125,367.92767333984375,0.0010474694427102
tile_r019043_c007267,1,336.2672424316406,0.6219390630722046,378.9962463378906,13.527231216430664,0.0010462187929078
tile_r019043_c007267,1,27.235692977905277,514.3594970703125,88.8138427734375,524.2723388671875,0.0010250414488837
tile_r019043_c007267,1,-12.219432830810549,155.3062286376953,-4.673348903656006,222.1912078857422,0.0010165389394387
tile_r019043_c007267,1,220.470458984375,505.4291076660156,282.656494140625,512.4578247070312,0.0010160049423575
tile_r019043_c007267,1,50.09590911865234,506.8272399902344,124.1570281982422,512.5525512695312,0.0010072801960632
tile_r019043_c007267,1,-12.114449501037598,33.493919372558594,-3.570478916168213,97.3535385131836,0.0010034588631242
tile_r019043_c007267,1,347.58355712890625,-12.736806869506836,413.9689025878906,-7.281870365142822,0.0010028710821643
tile_r019299_c005987,1,227.827392578125,437.1393432617188,276.05279541015625,476.0135803222656,0.8317781090736389
tile_r019299_c005987,1,289.178955078125,282.0409545898437,336.39849853515625,329.5634460449219,0.8076052069664001
tile_r019299_c005987,1,454.3343200683594,72.98358154296875,510.4762268066406,121.50899505615234,0.8004040122032166
tile_r019299_c005987,1,19.709142684936523,101.57559967041016,68.50791931152344,144.35275268554688,0.7963138222694397
tile_r019299_c005987,1,19.09653854370117,30.409088134765625,71.06224060058594,80.97415161132812,0.7798248529434204
tile_r019299_c005987,1,453.12744140625,23.398021697998047,506.9993286132813,67.17059326171875,0.7790789604187012
tile_r019299_c005987,1,98.93571472167967,249.72171020507807,146.0982208251953,293.3442687988281,0.767582356929779
tile_r019299_c005987,1,107.6833038330078,109.7217788696289,145.18106079101562,147.401123046875,0.751161515712738
tile_r019299_c005987,1,150.5199432373047,144.8143310546875,183.91329956054688,177.3921661376953,0.6436595320701599
tile_r019299_c005987,1,441.8187561035156,483.42767333984375,484.3621215820313,513.0384521484375,0.6118090152740479
tile_r019299_c005987,1,298.3848571777344,489.903076171875,352.19268798828125,512.4248657226562,0.2524501979351043
tile_r019299_c005987,1,-1.0497649908065796,490.40771484375,25.182037353515625,512.57275390625,0.0789852365851402
tile_r019299_c005987,1,300.38873291015625,494.1572265625,363.00787353515625,512.8175659179688,0.0543447583913803
tile_r019299_c005987,1,154.050537109375,1.6391112804412842,182.5565948486328,20.059946060180664,0.0513369515538215
tile_r019299_c005987,1,144.97048950195312,1.4815032482147217,187.53256225585935,19.496387481689453,0.0238667801022529
tile_r019299_c005987,1,142.3023681640625,1.4492065906524658,183.2915802001953,23.730056762695312,0.0223555043339729
tile_r019299_c005987,1,447.9733276367188,6.753954887390137,516.8668823242188,78.885009765625,0.0202691964805126
tile_r019299_c005987,1,453.6148376464844,65.50030517578125,518.9929809570312,132.99734497070312,0.0181913878768682
tile_r019299_c005987,1,103.2779312133789,106.09586334228516,148.34091186523438,151.17945861816406,0.0161950979381799
tile_r019299_c005987,1,291.17193603515625,484.1396484375,355.6031799316406,513.841796875,0.0148729598149657
tile_r019299_c005987,1,13.603137016296388,23.75211524963379,75.53143310546875,86.64442443847656,0.0148652475327253
tile_r019299_c005987,1,308.39471435546875,493.8668823242188,350.8609924316406,513.2291870117188,0.0137080587446689
tile_r019299_c005987,1,434.0865173339844,480.2184448242188,488.7308654785156,515.5993041992188,0.0103669334203004
tile_r019299_c005987,1,147.50973510742188,139.9118194580078,186.7293701171875,181.90219116210935,0.0094684483483433
tile_r019299_c005987,1,511.7238159179688,167.1348876953125,524.5974731445312,270.5526733398437,0.008837167173624
tile_r019299_c005987,1,512.0111083984375,405.6650390625,524.6712646484375,505.4418029785156,0.0077822296880185
tile_r019299_c005987,1,155.35464477539062,147.24746704101562,182.3853454589844,174.99172973632812,0.0074770380742847
tile_r019299_c005987,1,511.936767578125,229.6006774902344,524.602294921875,331.9134826660156,0.0073085147887468
tile_r019299_c005987,1,511.6963806152344,190.54055786132807,524.62109375,296.25054931640625,0.0070547838695347
tile_r019299_c005987,1,511.7821350097656,360.1762084960937,524.5802001953125,461.98443603515625,0.0069908541627228
tile_r019299_c005987,1,511.7098693847656,144.1289520263672,524.6032104492188,245.868896484375,0.0063719609752297
tile_r019299_c005987,1,512.3699951171875,84.0655746459961,524.5786743164062,190.1615753173828,0.0063401777297258
tile_r019299_c005987,1,511.9885864257813,380.7933654785156,524.6043090820312,484.8404235839844,0.006193732842803
tile_r019299_c005987,1,511.9542846679688,334.0468139648437,524.6121215820312,438.460693359375,0.0056378683075308
tile_r019299_c005987,1,15.8504638671875,95.68192291259766,74.22792053222656,153.67237854003906,0.0054573849774897
tile_r019299_c005987,1,512.3048095703125,252.8081970214844,524.6219482421875,360.6708068847656,0.0050640520639717
tile_r019299_c005987,1,512.050537109375,305.857421875,524.6136474609375,413.3223571777344,0.0050323875620961
tile_r019299_c005987,1,501.6788024902344,450.87841796875,519.6876220703125,512.3684692382812,0.0047185686416924
tile_r019299_c005987,1,312.273681640625,498.23388671875,352.3541564941406,513.0813598632812,0.0046977209858596
tile_r019299_c005987,1,94.3067855834961,242.3325653076172,151.28683471679688,301.01226806640625,0.0046114297583699
tile_r019299_c005987,1,512.4563598632812,277.20428466796875,524.6101684570312,387.0814514160156,0.0038753799162805
tile_r019299_c005987,1,511.7720642089844,114.6031265258789,524.5806884765625,221.8583984375,0.0036530715879052
tile_r019299_c005987,1,511.9463806152344,446.1822814941406,524.5667114257812,514.3658447265625,0.0036085287574678
tile_r019299_c005987,1,-11.316363334655762,483.9166870117188,15.885446548461914,515.8594970703125,0.0034794805105775
tile_r019299_c005987,1,449.3375854492188,487.7918090820313,483.03369140625,511.4513549804688,0.0033886060118675
tile_r019299_c005987,1,221.7510223388672,430.82171630859375,282.28326416015625,485.17962646484375,0.0032043715473264
tile_r019299_c005987,1,140.5814208984375,0.308877557516098,184.73782348632807,16.905284881591797,0.0030846509616822
tile_r019299_c005987,1,288.2115783691406,474.70556640625,359.5589294433594,514.7112426757812,0.0029985411092638
tile_r019299_c005987,1,-6.299725532531738,492.8497009277344,49.99430465698242,512.8441162109375,0.0029835819732397
tile_r019299_c005987,1,285.5098571777344,273.7108459472656,343.46954345703125,340.35430908203125,0.0028525097295641
tile_r019299_c005987,1,21.22833251953125,106.8768310546875,62.36832427978516,142.3335723876953,0.0026539845857769
tile_r019299_c005987,1,131.2315673828125,1.1706726551055908,189.37771606445312,13.758050918579102,0.0024204936344176
tile_r019299_c005987,1,513.1937255859375,15.311548233032228,524.5015869140625,119.5478286743164,0.002333904383704
tile_r019299_c005987,1,315.27020263671875,501.9796447753906,351.58642578125,512.9630126953125,0.002323864493519
tile_r019299_c005987,1,455.27197265625,28.97736549377441,505.4109497070313,61.4365234375,0.0023164572194218
tile_r019299_c005987,1,298.7421875,497.6097717285156,349.308349609375,511.9129028320313,0.0018963450565934
tile_r019299_c005987,1,503.734375,-12.800000190734863,524.7999877929688,-1.794183373451233,0.0017071423353627
tile_r019299_c005987,1,-12.188197135925291,0.91033935546875,-3.232679843902588,67.33657836914062,0.0016633818158879
tile_r019299_c005987,1,-12.214140892028809,88.27584075927734,-2.144918918609619,155.72923278808594,0.0015562188345938
tile_r019299_c005987,1,500.4292907714844,437.13616943359375,521.3831787109375,513.8007202148438,0.0014518932439386
tile_r019299_c005987,1,104.385498046875,255.36929321289065,143.96255493164062,291.2709350585937,0.0014483814593404
tile_r019299_c005987,1,-4.224646091461182,472.2884216308594,36.45684814453125,513.883056640625,0.001427469891496
tile_r019299_c005987,1,-11.920804023742676,-12.351595878601074,0.1958908140659332,15.679980278015137,0.0014095152728259
tile_r019299_c005987,1,55.10772705078125,513.9685668945312,117.60235595703124,524.4114990234375,0.0014052168698981
tile_r019299_c005987,1,456.7952270507813,76.58375549316406,503.8876037597656,110.43951416015624,0.0013919617049396
tile_r019299_c005987,1,-12.19223690032959,101.13997650146484,-2.37359619140625,165.75343322753906,0.0013827453367412
tile_r019299_c005987,1,-12.059304237365724,-8.146319389343262,-2.822322130203247,38.90767288208008,0.0013225260190665
tile_r019299_c005987,1,-12.19411563873291,57.67220306396485,-3.202845811843872,123.79666900634766,0.0013112038141116
tile_r019299_c005987,1,139.44760131835938,119.5450210571289,185.9873962402344,182.405029296875,0.0013043743092566
tile_r019299_c005987,1,499.5448303222656,76.0704574584961,522.2296142578125,160.86184692382812,0.0012913886457681
tile_r019299_c005987,1,-12.359395027160645,123.3819808959961,-2.4431655406951904,197.2451171875,0.0012752666370943
tile_r019299_c005987,1,-12.278542518615724,112.2511215209961,-2.7216796875,180.9147491455078,0.00124650914222
tile_r019299_c005987,1,-11.779444694519045,496.2742309570313,11.573549270629885,524.7999877929688,0.0012219679774716
tile_r019299_c005987,1,-12.17238712310791,11.957315444946287,-3.068742275238037,81.55567932128906,0.0012076613493263
tile_r019299_c005987,1,9.515100479125977,514.6001586914062,70.76641845703125,524.6792602539062,0.0011769318953156
tile_r019299_c005987,1,511.5843811035156,67.72943878173828,524.2337646484375,157.03524780273438,0.0011768573895096
tile_r019299_c005987,1,-12.313459396362305,138.89419555664062,-2.4539809226989746,209.7674865722656,0.0011640065349638
tile_r019299_c005987,1,65.79745483398438,514.3104248046875,130.05712890625,524.3753051757812,0.0011530881747603
tile_r019299_c005987,1,513.6097412109375,35.147544860839844,524.6220703125,138.33888244628906,0.0011530745541676
tile_r019299_c005987,1,-12.270541191101074,153.75906372070312,-2.3459014892578125,220.7581329345703,0.0011484491406008
tile_r019299_c005987,1,41.6323127746582,513.9967041015625,103.08203125,524.6123657226562,0.0010959196370095
tile_r019299_c005987,1,511.7977600097656,502.0596618652344,524.7999877929688,524.7999877929688,0.0010535134933888
tile_r019299_c005987,1,27.221553802490234,514.33984375,86.04541015625,524.4044799804688,0.0010409277165308
tile_r019299_c005987,1,304.03729248046875,512.6492309570312,353.5783386230469,516.6788940429688,0.0010360126616433
tile_r019299_c005987,1,-12.21357250213623,229.78955078125,-3.180908203125,305.6318359375,0.0010083084926009
tile_r019299_c006243,1,437.69580078125,345.50250244140625,487.5852661132813,392.3053588867188,0.8371110558509827
tile_r019299_c006243,1,442.12744140625,221.29428100585935,501.0633850097656,280.89215087890625,0.816200852394104
tile_r019299_c006243,1,388.9788208007813,141.460205078125,434.5105590820313,184.5365295410156,0.8128871917724609
tile_r019299_c006243,1,33.11677169799805,281.958251953125,80.2814712524414,329.7452697753906,0.806830644607544
tile_r019299_c006243,1,197.08724975585935,23.24637794494629,249.095947265625,66.26444244384766,0.8043513298034668
tile_r019299_c006243,1,197.5415496826172,69.96013641357422,269.7066955566406,129.04928588867188,0.7930154800415039
tile_r019299_c006243,1,185.60357666015625,483.4974670410156,228.58480834960935,513.1513671875,0.5831325054168701
tile_r019299_c006243,1,430.1931762695313,438.562744140625,454.0709838867188,460.5550231933594,0.4193286597728729
tile_r019299_c006243,1,496.5259704589844,394.2744140625,513.3355712890625,422.44091796875,0.3504498302936554
tile_r019299_c006243,1,42.3665771484375,489.6980590820313,96.2670669555664,512.7091674804688,0.2338832914829254
tile_r019299_c006243,1,-0.248147577047348,437.537109375,22.98768615722656,470.8612365722656,0.1731440126895904
tile_r019299_c006243,1,285.54022216796875,130.52606201171875,317.78955078125,164.63941955566406,0.1616825312376022
tile_r019299_c006243,1,44.77968597412109,494.0464782714844,106.986572265625,512.8279418945312,0.0547201819717884
tile_r019299_c006243,1,493.4000854492188,395.5108337402344,512.3944091796875,419.5807495117188,0.0249982457607984
tile_r019299_c006243,1,484.7723693847656,277.64434814453125,506.6688537597656,297.84527587890625,0.0242512039840221
tile_r019299_c006243,1,282.84033203125,126.4197998046875,320.2281188964844,169.4139404296875,0.022670229896903
tile_r019299_c006243,1,428.92193603515625,435.9376831054688,457.7550354003906,463.5341796875,0.0217080302536487
tile_r019299_c006243,1,52.7750244140625,493.77734375,94.8576431274414,513.23046875,0.0155724957585334
tile_r019299_c006243,1,194.1633758544922,14.416949272155762,254.2533264160156,72.05078887939453,0.0146284764632582
tile_r019299_c006243,1,206.771240234375,78.41766357421875,269.9854431152344,123.07591247558594,0.0122305378317832
tile_r019299_c006243,1,-2.4349944591522217,432.2312622070313,25.440189361572266,474.8455200195313,0.0113051971420645
tile_r019299_c006243,1,36.0639877319336,483.4469604492188,100.4066390991211,514.6942138671875,0.0095761585980653
tile_r019299_c006243,1,177.831787109375,480.3189392089844,233.370849609375,515.7097778320312,0.0076379366219043
tile_r019299_c006243,1,438.9444274902344,215.038818359375,510.4030151367188,288.40411376953125,0.0068122628144919
tile_r019299_c006243,1,489.2206115722656,390.6691284179688,517.1466064453125,427.5193481445313,0.0062348507344722
tile_r019299_c006243,1,196.22476196289065,60.91816329956055,280.0722045898437,140.97409057617188,0.0060579380951821
tile_r019299_c006243,1,485.7439575195313,275.4306640625,510.8380737304688,299.6553649902344,0.0055924858897924
tile_r019299_c006243,1,56.1724853515625,497.9505920410156,96.3420639038086,513.0911865234375,0.0051946165040135
tile_r019299_c006243,1,384.4116821289063,135.44677734375,438.2511596679688,188.5232391357422,0.004819547291845
tile_r019299_c006243,1,435.55224609375,337.5423278808594,492.8785095214844,396.9917907714844,0.0047272606752812
tile_r019299_c006243,1,511.4225158691406,2.001077175140381,524.6461181640625,100.9283218383789,0.0042776255868375
tile_r019299_c006243,1,498.2255859375,383.4440612792969,520.0945434570312,426.8321228027344,0.0042697708122432
tile_r019299_c006243,1,490.95947265625,268.5693359375,519.3875732421875,301.80401611328125,0.0038996506482362
tile_r019299_c006243,1,425.8318786621094,432.3185424804688,459.1294555664063,466.4678649902344,0.0038591285701841
tile_r019299_c006243,1,193.2017059326172,487.9994201660156,227.2807159423828,511.5824279785156,0.0037765579763799
tile_r019299_c006243,1,511.6973571777344,25.341222763061523,524.6520385742188,121.3926239013672,0.003529158886522
tile_r019299_c006243,1,511.75396728515625,-4.396331787109375,524.5050048828125,74.99046325683594,0.0031779156997799
tile_r019299_c006243,1,-1.900877356529236,422.7672729492188,30.5511474609375,478.7396545410156,0.0029567063320428
tile_r019299_c006243,1,497.9325256347656,342.5885314941406,522.6096801757812,425.0458984375,0.0027181208133697
tile_r019299_c006243,1,279.4967956542969,120.3851547241211,330.2912292480469,178.36376953125,0.0025019643362611
tile_r019299_c006243,1,59.15108489990234,501.6593627929688,95.5965805053711,512.9827270507812,0.0023994287475943
tile_r019299_c006243,1,28.93467712402344,273.2255859375,87.62286376953125,340.5555725097656,0.0023673071991652
tile_r019299_c006243,1,511.9034118652344,274.6234741210937,524.5028076171875,362.6300659179688,0.0023457880597561
tile_r019299_c006243,1,286.73944091796875,132.41793823242188,311.7157592773437,158.7918243408203,0.0023419545032083
tile_r019299_c006243,1,512.2590942382812,396.5164794921875,524.6608276367188,492.6057739257813,0.0022284553851932
tile_r019299_c006243,1,512.9619750976562,448.773681640625,524.6239013671875,513.4843139648438,0.0022080221679061
tile_r019299_c006243,1,509.6007690429688,-12.800000190734863,524.65380859375,26.962560653686523,0.0021411047782748
tile_r019299_c006243,1,511.7520446777344,428.66552734375,524.5881958007812,507.8102416992188,0.0021315079648047
tile_r019299_c006243,1,482.2809448242188,275.9089660644531,515.57666015625,306.52203369140625,0.0020620506256818
tile_r019299_c006243,1,32.8698844909668,474.07666015625,103.7775421142578,514.8619995117188,0.0020604529418051
tile_r019299_c006243,1,508.1969604492188,382.414794921875,523.8502807617188,440.746826171875,0.0019808325450867
tile_r019299_c006243,1,512.29541015625,108.12736511230467,524.4837036132812,198.82308959960935,0.001945678028278
tile_r019299_c006243,1,511.8556213378906,298.8027648925781,524.5341186523438,386.3193054199219,0.0019275738159194
tile_r019299_c006243,1,502.2047424316406,325.85211181640625,522.2041625976562,408.0875549316406,0.0017572372453287
tile_r019299_c006243,1,512.2937622070312,49.6627311706543,524.6378784179688,148.89512634277344,0.0017440351657569
tile_r019299_c006243,1,496.2224731445313,271.605712890625,521.7018432617188,335.13922119140625,0.0017188551137223
tile_r019299_c006243,1,42.52800369262695,496.6222229003906,93.4915542602539,511.96234130859375,0.001700687687844
tile_r019299_c006243,1,176.690673828125,472.16693115234375,244.0568389892578,517.7291259765625,0.001655148807913
tile_r019299_c006243,1,393.5259704589844,50.549842834472656,415.5021362304688,71.20345306396484,0.0016113781603053
tile_r019299_c006243,1,507.01605224609375,9.293432235717772,524.7999877929688,97.79460144042967,0.0016036173328757
tile_r019299_c006243,1,-12.144219398498535,234.1549835205078,-2.582751512527466,296.1298828125,0.0015680709620937
tile_r019299_c006243,1,-12.206928253173828,243.6723175048828,-2.411311388015747,307.8827209472656,0.0015244060195982
tile_r019299_c006243,1,160.3038330078125,178.79617309570312,180.4633026123047,201.09494018554688,0.0014968877658247
tile_r019299_c006243,1,512.493408203125,180.2333068847656,524.5364990234375,280.9154663085937,0.0014806201215833
tile_r019299_c006243,1,-12.22953987121582,344.544189453125,-2.0522141456604004,407.8340759277344,0.0014301736373454
tile_r019299_c006243,1,-12.242386817932127,457.8291931152344,-1.0309051275253296,512.5950317382812,0.0014155403478071
tile_r019299_c006243,1,-12.292051315307615,508.9156799316406,2.8986403942108154,524.7999877929688,0.0014016564236953
tile_r019299_c006243,1,-12.14582633972168,333.670166015625,-2.206185817718506,397.3142700195313,0.0013920563505962
tile_r019299_c006243,1,518.7174682617188,380.7531127929688,524.5462036132812,441.0516662597656,0.0013905222294852
tile_r019299_c006243,1,-12.172823905944824,182.6125946044922,-2.889744520187378,246.19711303710935,0.0013720146380364
tile_r019299_c006243,1,511.8255004882813,322.36834716796875,524.7303466796875,409.7745056152344,0.0013512829318642
tile_r019299_c006243,1,512.5250854492188,79.83802032470703,524.5418701171875,179.94998168945312,0.0013495750026777
tile_r019299_c006243,1,510.9695739746094,382.32421875,524.6666259765625,471.45458984375,0.0013301210710778
tile_r019299_c006243,1,-10.876973152160645,429.5282287597656,3.481242418289185,482.9092712402344,0.0013260057894513
tile_r019299_c006243,1,511.4662170410156,256.5372314453125,524.2537231445312,334.0135498046875,0.0013196114450693
tile_r019299_c006243,1,494.24267578125,256.3807373046875,520.673828125,302.7131042480469,0.0012948187068104
tile_r019299_c006243,1,-12.267409324645996,307.0609436035156,-2.066384792327881,378.7462768554688,0.0012822584249079
tile_r019299_c006243,1,-12.2932767868042,295.62969970703125,-2.2739837169647217,364.947021484375,0.0012786557199433
tile_r019299_c006243,1,512.5791015625,204.4512634277344,524.6984252929688,304.02227783203125,0.001262949896045
tile_r019299_c006243,1,481.17724609375,276.7320251464844,517.8450317382812,327.1819763183594,0.0012485071783885
tile_r019299_c006243,1,-11.19947338104248,435.5828552246094,0.5258117914199829,486.6824645996094,0.0012288280995562
tile_r019299_c006243,1,-12.313919067382812,355.6967163085937,-1.9745010137557983,418.98388671875,0.0012251670705154
tile_r019299_c006243,1,-12.270828247070312,255.1718292236328,-2.0879929065704346,321.5240783691406,0.0012114432174712
tile_r019299_c006243,1,-12.321560859680176,282.8360900878906,-2.454415798187256,348.90582275390625,0.0012025801697745
tile_r019299_c006243,1,-11.3167724609375,423.5418090820313,7.45391845703125,480.9210815429688,0.0012023235904052
tile_r019299_c006243,1,-12.115328788757324,210.52951049804688,-2.40045166015625,275.75396728515625,0.0011835339246317
tile_r019299_c006243,1,-12.225423812866213,191.803955078125,-2.5931410789489746,264.2940368652344,0.0011819150531664
tile_r019299_c006243,1,-12.377768516540527,368.534912109375,-1.7322494983673096,435.41546630859375,0.0011768002295866
tile_r019299_c006243,1,-12.142498016357422,174.43685913085938,-2.883396863937378,231.58627319335935,0.0011732258135452
tile_r019299_c006243,1,-12.465971946716309,-1.2794616222381592,-3.954812526702881,56.97420501708984,0.001154291559942
tile_r019299_c006243,1,-12.317118644714355,268.5546875,-2.2254652976989746,334.7015686035156,0.001147590111941
tile_r019299_c006243,1,512.4124755859375,126.6396942138672,524.5686645507812,227.5051727294922,0.0011464013950899
tile_r019299_c006243,1,-12.603466987609863,8.282983779907227,-4.0062408447265625,70.50712585449219,0.0011462173424661
tile_r019299_c006243,1,-12.24748706817627,487.17041015625,-1.2486129999160769,516.2852783203125,0.0011319110635668
tile_r019299_c006243,1,512.4157104492188,152.64926147460938,524.5887451171875,255.8198699951172,0.0011287728557363
tile_r019299_c006243,1,465.9185180664063,-12.610261917114258,516.2656860351562,-4.104759216308594,0.0011056140065193
tile_r019299_c006243,1,502.8402404785156,313.3699035644531,522.1361083984375,391.84088134765625,0.0010753003880381
tile_r019299_c006243,1,488.0272521972656,-12.194903373718262,523.9686279296875,3.2362823486328125,0.0010703187435865
tile_r019299_c006243,1,490.6327209472656,267.80987548828125,520.9822998046875,316.71240234375,0.0010649358155205
tile_r019299_c006243,1,-11.958821296691896,-12.45176124572754,0.1561294496059417,11.535394668579102,0.0010562198003754
tile_r019299_c006243,1,499.0467834472656,452.3573303222656,521.2326049804688,511.8633728027344,0.0010529130231589
tile_r019299_c006243,1,-9.967364311218262,425.0662536621094,25.329700469970703,495.6023864746094,0.0010357516584917
tile_r019299_c006243,1,494.216796875,387.8112182617188,520.1749877929688,435.7434692382813,0.0010328551288694
tile_r019299_c006243,1,-8.937158584594727,416.9461059570313,27.186389923095703,481.8693237304688,0.0010327218333259
tile_r019299_c006499,1,181.68374633789065,345.6446838378906,231.61489868164065,392.1821899414063,0.8373667597770691
tile_r019299_c006499,1,187.0287322998047,223.30419921875,243.58889770507807,279.8145446777344,0.8320285081863403
tile_r019299_c006499,1,255.26773071289065,442.5169982910156,302.0345153808594,485.6650390625,0.8317440748214722
tile_r019299_c006499,1,133.11227416992188,141.7454833984375,178.0248565673828,184.11962890625,0.8163849115371704
tile_r019299_c006499,1,243.7166748046875,119.3167953491211,293.78424072265625,170.19931030273438,0.802672803401947
tile_r019299_c006499,1,240.0636749267578,393.1638793945313,276.12030029296875,421.5192260742188,0.704298734664917
tile_r019299_c006499,1,395.1879577636719,450.3340759277344,445.9983520507813,506.9705200195313,0.6490346193313599
tile_r019299_c006499,1,174.0286407470703,438.71435546875,197.9785614013672,460.2809448242188,0.4849822521209717
tile_r019299_c006499,1,29.151296615600582,130.3774871826172,59.94926834106445,163.25625610351562,0.3934095799922943
tile_r019299_c006499,1,313.5699768066406,390.8883361816406,336.0862731933594,413.510009765625,0.2894814312458038
tile_r019299_c006499,1,402.3759765625,452.5951232910156,442.9464721679688,492.3152465820313,0.1701179295778274
tile_r019299_c006499,1,237.1006317138672,389.8924255371094,278.7166442871094,425.40863037109375,0.1229834854602813
tile_r019299_c006499,1,27.314437866210938,127.9240493774414,64.47483825683594,168.59445190429688,0.0671808868646621
tile_r019299_c006499,1,405.0538024902344,480.4913024902344,435.6123962402344,507.1315307617188,0.0357912890613079
tile_r019299_c006499,1,172.7751007080078,436.0509338378906,201.5597381591797,463.4132385253906,0.0229069199413061
tile_r019299_c006499,1,511.3642578125,409.9430541992188,524.6527099609375,505.7655334472656,0.0099445516243577
tile_r019299_c006499,1,137.55349731445312,50.26618576049805,159.74588012695312,71.8120346069336,0.0096710296347737
tile_r019299_c006499,1,511.5452270507813,436.5187377929688,524.69677734375,515.5540771484375,0.0074971965514123
tile_r019299_c006499,1,511.4541015625,368.998046875,524.6296997070312,476.0747985839844,0.007217492442578
tile_r019299_c006499,1,435.65869140625,0.179025262594223,464.7483520507813,16.63675308227539,0.0068335402756929
tile_r019299_c006499,1,411.1846618652344,0.2219818085432052,436.4983520507813,12.586031913757324,0.0060212155804038
tile_r019299_c006499,1,229.9800720214844,278.5876770019531,250.14892578125,296.6198425292969,0.0059118089266121
tile_r019299_c006499,1,511.6550903320313,338.9329528808594,524.6339721679688,449.5974731445313,0.0055691748857498
tile_r019299_c006499,1,30.33226585388184,132.62953186035156,55.1590690612793,158.41639709472656,0.0051622474566102
tile_r019299_c006499,1,0.381439208984375,89.8372573852539,18.369726181030277,117.8683624267578,0.0051510124467313
tile_r019299_c006499,1,413.2171936035156,-0.1709281951189041,465.6205139160156,16.247173309326172,0.0045494707301259
tile_r019299_c006499,1,179.17999267578125,338.0908203125,236.3076171875,396.4078979492188,0.0043756235390901
tile_r019299_c006499,1,307.5265197753906,390.5992126464844,336.3588256835937,417.2117309570313,0.0040775244124233
tile_r019299_c006499,1,128.76622009277344,135.8658905029297,181.67697143554688,188.30587768554688,0.0037614020984619
tile_r019299_c006499,1,22.4415283203125,119.6636962890625,73.95816802978516,177.74728393554688,0.0031994404271245
tile_r019299_c006499,1,1.2393982410430908,80.70057678222656,13.981463432312012,120.4414520263672,0.0030506674665957
tile_r019299_c006499,1,407.8386840820313,-2.958142042160034,457.2560424804688,10.238733291625977,0.0030044200830161
tile_r019299_c006499,1,409.0496215820313,-0.7666839361190796,436.9662170410156,8.942517280578613,0.0029253894463181
tile_r019299_c006499,1,512.1797485351562,319.8336486816406,524.5922241210938,424.1695861816406,0.0027887695468962
tile_r019299_c006499,1,-12.311906814575195,5.400286674499512,-2.852107286453247,61.93944549560547,0.0027837296947836
tile_r019299_c006499,1,0.6596649289131165,89.85406494140625,12.870773315429688,117.28719329833984,0.0025602120440453
tile_r019299_c006499,1,241.4979705810547,395.544189453125,269.3825988769531,418.2433166503906,0.0024888382758945
tile_r019299_c006499,1,408.6673278808594,-3.5557007789611816,465.287841796875,12.5090970993042,0.0023131731431931
tile_r019299_c006499,1,512.3134765625,298.9187927246094,524.5515747070312,398.0934448242188,0.0022439267486333
tile_r019299_c006499,1,511.8338012695313,152.92381286621094,524.5525512695312,249.8708953857422,0.0022284288424998
tile_r019299_c006499,1,511.77435302734375,128.50912475585938,524.578857421875,227.8831329345703,0.0021276676561683
tile_r019299_c006499,1,511.122802734375,102.9940948486328,524.4595336914062,196.69760131835935,0.0020458477083593
tile_r019299_c006499,1,512.806640625,270.03875732421875,524.6320190429688,375.6756286621094,0.0020354483276605
tile_r019299_c006499,1,309.1378479003906,393.13916015625,332.0209045410156,413.4686584472656,0.0019510048441588
tile_r019299_c006499,1,411.2684631347656,0.0131164547055959,455.8965759277344,14.1889009475708,0.001937330700457
tile_r019299_c006499,1,506.8663940429688,-12.773847579956056,524.75537109375,4.20513916015625,0.0019341415027156
tile_r019299_c006499,1,-11.946040153503418,-12.377952575683594,1.0594772100448608,5.716009616851807,0.0018598213791847
tile_r019299_c006499,1,512.556396484375,460.851806640625,524.450439453125,516.5170288085938,0.0017951047047972
tile_r019299_c006499,1,-11.525447845458984,79.15748596191406,-1.4810988903045654,133.84182739257812,0.0017921807011589
tile_r019299_c006499,1,310.00994873046875,384.9316101074219,340.75244140625,419.4388732910156,0.001787134213373
tile_r019299_c006499,1,511.9725646972656,54.38800048828125,524.5728759765625,151.37889099121094,0.0017381882062181
tile_r019299_c006499,1,413.9585571289063,515.1534423828125,477.2169494628906,524.5297241210938,0.0017121791606768
tile_r019299_c006499,1,512.11474609375,29.541284561157227,524.5723876953125,128.16110229492188,0.0017019493971019
tile_r019299_c006499,1,-11.40525722503662,84.19920349121094,-2.732049465179444,141.85885620117188,0.0016989317955449
tile_r019299_c006499,1,0.550280749797821,83.49263000488281,22.007003784179688,119.8736343383789,0.0016109845601022
tile_r019299_c006499,1,512.3441162109375,247.7544860839844,524.5538940429688,345.22833251953125,0.0015806449810042
tile_r019299_c006499,1,410.3564453125,-1.4031555652618408,462.6402282714844,23.49442481994629,0.0015761294635012
tile_r019299_c006499,1,512.0054321289062,1.7871215343475342,524.6591186523438,98.6905517578125,0.0015651620924472
tile_r019299_c006499,1,221.98904418945312,361.2892456054688,283.7238464355469,426.57958984375,0.0015149550745263
tile_r019299_c006499,1,431.2302856445313,514.6926879882812,493.9708862304688,524.3260498046875,0.0015106602804735
tile_r019299_c006499,1,-12.391633987426758,510.2216796875,3.260711669921875,524.7999877929688,0.0014942275593057
tile_r019299_c006499,1,512.3507690429688,212.71957397460935,524.6119995117188,325.3402404785156,0.0014878382207825
tile_r019299_c006499,1,500.4485473632813,460.1370239257813,520.8327026367188,515.0928955078125,0.0014867547433823
tile_r019299_c006499,1,512.4171752929688,175.58819580078125,524.5860595703125,279.34259033203125,0.0014615843538194
tile_r019299_c006499,1,512.0553588867188,79.27996063232422,524.59814453125,176.1487579345703,0.0014609310310333
tile_r019299_c006499,1,334.86669921875,369.602294921875,399.6913146972656,431.0952758789063,0.0014297127490863
tile_r019299_c006499,1,233.7538604736328,384.5010986328125,282.3287658691406,428.7001037597656,0.0013900018529966
tile_r019299_c006499,1,384.47943115234375,445.9823303222656,453.05267333984375,517.2418823242188,0.0013361017918214
tile_r019299_c006499,1,-12.554190635681152,437.6148376464844,-3.918286085128784,500.4823303222656,0.0013359969016164
tile_r019299_c006499,1,-12.44157886505127,21.6743221282959,-2.486959934234619,86.53636932373047,0.0013303940650075
tile_r019299_c006499,1,318.8876037597656,389.10162353515625,336.2926330566406,410.7115783691406,0.0013163703260943
tile_r019299_c006499,1,511.8922424316406,-0.6881958246231079,524.4554443359375,65.15838623046875,0.0012819299008697
tile_r019299_c006499,1,135.08102416992188,49.3871955871582,163.32672119140625,73.84952545166016,0.0012254279572516
tile_r019299_c006499,1,293.465087890625,504.7891540527344,354.4368591308594,512.1400146484375,0.0012126779183745
tile_r019299_c006499,1,-12.38705348968506,490.7413940429688,-1.427883863449097,517.2083129882812,0.0012038190616294
tile_r019299_c006499,1,488.5128784179688,-12.17663860321045,523.8796997070312,-3.045060634613037,0.0012004920281469
tile_r019299_c006499,1,-12.463220596313477,465.2459106445313,-2.9587769508361816,515.1492919921875,0.0011868694564327
tile_r019299_c006499,1,512.2608642578125,482.1271362304688,524.7999877929688,524.7999877929688,0.0011625239858403
tile_r019299_c006499,1,-12.551705360412598,448.2073364257813,-3.478389024734497,510.99072265625,0.0011335365707054
tile_r019299_c006499,1,-12.008049964904783,95.6736068725586,-2.6867339611053467,169.91928100585938,0.0011197776766493
tile_r019299_c006499,1,182.4254913330078,215.7294158935547,250.3193817138672,290.9685363769531,0.0011083378922194
tile_r019299_c006499,1,465.6163024902344,476.0138549804688,514.19580078125,513.4944458007812,0.0011045860592275
tile_r019299_c006499,1,-12.492091178894045,181.08517456054688,-4.161675930023193,245.3289794921875,0.0010736959520727
tile_r019299_c006499,1,300.9110717773437,505.4441528320313,365.402099609375,511.7783203125,0.0010209321044385
tile_r019299_c006499,1,-12.588778495788574,418.04150390625,-3.683245897293091,479.4671020507813,0.0010155490599572
tile_r019299_c006499,1,-12.558808326721191,364.3109436035156,-3.9479751586914062,423.648681640625,0.0010101348161697
tile_r019299_c006499,1,-12.606618881225586,190.6544952392578,-4.02392578125,260.074951171875,0.0010035641025751
tile_r019299_c006755,1,0.3964660763740539,442.27142333984375,47.19064331054688,486.21234130859375,0.8191314339637756
tile_r019299_c006755,1,449.8241271972656,361.3599243164063,501.1380004882813,411.1158142089844,0.8103281855583191
tile_r019299_c006755,1,336.17633056640625,253.60562133789065,377.04095458984375,291.89166259765625,0.7770784497261047
tile_r019299_c006755,1,294.88348388671875,108.58293151855467,331.34100341796875,143.03536987304688,0.7359662652015686
tile_r019299_c006755,1,447.0933532714844,439.5888671875,482.6205139160156,473.4142456054688,0.7274113893508911
tile_r019299_c006755,1,-1.270013451576233,118.9690170288086,37.92298126220703,168.98464965820312,0.7255187034606934
tile_r019299_c006755,1,336.306640625,182.9909210205078,368.412109375,214.3430633544922,0.7029919624328613
tile_r019299_c006755,1,473.6232299804688,194.1593017578125,513.9319458007812,242.1531524658203,0.6991801261901855
tile_r019299_c006755,1,139.4822235107422,450.2359313964844,190.0923767089844,507.0228576660156,0.6412968039512634
tile_r019299_c006755,1,57.45223236083984,390.9201965332031,80.14054107666016,413.5467834472656,0.389706403017044
tile_r019299_c006755,1,0.546038806438446,392.91217041015625,23.3513240814209,422.3071899414063,0.3783900737762451
tile_r019299_c006755,1,310.3990173339844,154.3998565673828,335.9737243652344,175.75430297851562,0.1910145729780197
tile_r019299_c006755,1,146.57772827148438,452.5867309570313,186.93589782714844,492.2413940429688,0.1727038770914077
tile_r019299_c006755,1,337.8382263183594,185.10504150390625,364.079345703125,211.48861694335935,0.0961362421512603
tile_r019299_c006755,1,443.9463806152344,436.4859313964844,486.9295959472656,476.7478637695313,0.0343817062675952
tile_r019299_c006755,1,149.131591796875,480.9614868164063,179.46484375,507.0709533691406,0.0340096056461334
tile_r019299_c006755,1,-0.626330554485321,385.4532775878906,28.305694580078125,426.1919555664063,0.0231880545616149
tile_r019299_c006755,1,476.7911987304688,187.0787353515625,519.9873046875,247.82614135742188,0.0198300313204526
tile_r019299_c006755,1,331.9046936035156,249.565673828125,382.3474731445313,298.5121459960937,0.0138265714049339
tile_r019299_c006755,1,297.2911376953125,111.4715347290039,327.79766845703125,139.9858856201172,0.012103384360671
tile_r019299_c006755,1,51.97138595581055,390.757080078125,80.507568359375,416.6588439941406,0.0102128908038139
tile_r019299_c006755,1,511.69244384765625,119.5854034423828,524.659912109375,216.9999542236328,0.0076244566589593
tile_r019299_c006755,1,333.69561767578125,179.7416534423828,372.8152465820313,219.2064971923828,0.0054923393763601
tile_r019299_c006755,1,179.52737426757812,0.3001647889614105,208.6844482421875,16.675769805908203,0.0046360925771296
tile_r019299_c006755,1,449.7705993652344,442.5628051757813,479.26953125,470.3719787597656,0.0046217660419642
tile_r019299_c006755,1,445.7088012695313,355.84796142578125,506.3185424804688,417.0286254882813,0.0041864421218633
tile_r019299_c006755,1,155.26220703125,0.3303894102573395,180.4586944580078,12.589349746704102,0.0040954421274363
tile_r019299_c006755,1,512.3533325195312,146.6295928955078,524.7364501953125,246.0054168701172,0.003874089801684
tile_r019299_c006755,1,53.065467834472656,393.1813354492188,75.63309478759766,413.1939392089844,0.0035836331080645
tile_r019299_c006755,1,511.7744140625,396.7605285644531,524.5531005859375,481.6140747070313,0.0034901592880487
tile_r019299_c006755,1,512.0554809570312,29.78332901000977,524.5595703125,123.7528305053711,0.0034216225612908
tile_r019299_c006755,1,290.6016540527344,103.0832748413086,336.94451904296875,149.9725341796875,0.0032092155888676
tile_r019299_c006755,1,511.9979553222656,90.2950668334961,524.6080932617188,197.72116088867188,0.0031969884876161
tile_r019299_c006755,1,-11.68944263458252,425.2179565429688,1.6933151483535769,495.1915893554688,0.0030497191473841
tile_r019299_c006755,1,512.7997436523438,193.0346221923828,524.7515258789062,294.6046447753906,0.0030409910250455
tile_r019299_c006755,1,157.0892333984375,-0.0484100356698036,209.6780548095703,16.271081924438477,0.0029462368693202
tile_r019299_c006755,1,511.8057556152344,2.226205348968506,524.6453857421875,103.54261779785156,0.0029280944727361
tile_r019299_c006755,1,502.4696350097656,258.15869140625,512.2955932617188,280.0616760253906,0.0029242907185107
tile_r019299_c006755,1,-11.321962356567385,113.35261535644533,4.930584907531738,174.4882049560547,0.0027927746996283
tile_r019299_c006755,1,153.21441650390625,-0.6990150213241577,180.76828002929688,9.001663208007812,0.0025470969267189
tile_r019299_c006755,1,-12.199909210205078,458.9617309570313,-2.5284104347229004,511.5973510742188,0.0025129045825451
tile_r019299_c006755,1,512.4814453125,222.4424591064453,524.4326171875,307.9822082519531,0.0024900711141526
tile_r019299_c006755,1,499.6965942382813,258.4674987792969,512.619140625,281.80499267578125,0.0024732302408665
tile_r019299_c006755,1,511.4942321777344,414.7959899902344,524.6134033203125,495.6985473632813,0.0024256606120616
tile_r019299_c006755,1,-11.699121475219728,435.5458068847656,-0.2368606626987457,499.9957885742188,0.002364941406995
tile_r019299_c006755,1,512.8992919921875,358.0809631347656,524.6232299804688,459.0270385742188,0.002353262156248
tile_r019299_c006755,1,-11.78236484527588,142.08486938476562,-2.796249389648437,192.8693389892578,0.0021770005114376
tile_r019299_c006755,1,151.76388549804688,-2.7982711791992188,201.51876831054688,10.178407669067385,0.0021516452543437
tile_r019299_c006755,1,512.5512084960938,57.9364128112793,524.6173095703125,170.57850646972656,0.002123482292518
tile_r019299_c006755,1,512.0911254882812,-5.186370849609375,524.48486328125,73.61943817138672,0.0019873871933668
tile_r019299_c006755,1,-12.130949020385742,236.81411743164065,-2.574867248535156,293.4076538085937,0.0018686791881918
tile_r019299_c006755,1,79.41576385498047,366.00299072265625,143.766845703125,430.24603271484375,0.0018218073528259
tile_r019299_c006755,1,63.10029220581055,389.9717712402344,80.0033950805664,410.7023315429688,0.0017849000869318
tile_r019299_c006755,1,-12.35291862487793,320.0157470703125,-2.4674148559570312,381.6194152832031,0.0017028592992573
tile_r019299_c006755,1,509.34765625,-12.800000190734863,524.6224365234375,17.997631072998047,0.0016505983658134
tile_r019299_c006755,1,306.175537109375,150.7485809326172,338.5101013183594,176.4426727294922,0.0016499754274263
tile_r019299_c006755,1,511.99658203125,435.176025390625,524.75732421875,512.522216796875,0.001631339197047
tile_r019299_c006755,1,-12.224340438842772,154.7955780029297,-2.9300522804260254,211.5413360595703,0.0016233379719778
tile_r019299_c006755,1,501.66595458984375,246.6785430908203,520.221435546875,298.43280029296875,0.0016009033424779
tile_r019299_c006755,1,128.99404907226562,445.4458923339844,197.6357421875,517.0972900390625,0.0015808811876922
tile_r019299_c006755,1,501.7522583007813,424.5017700195313,522.3489379882812,502.3933715820313,0.0015486010815948
tile_r019299_c006755,1,502.7044982910156,415.5013732910156,522.0296020507812,486.6365356445313,0.0015364328864961
tile_r019299_c006755,1,-12.23583698272705,507.0335083007813,2.942913770675659,524.7999877929688,0.0015184828080236
tile_r019299_c006755,1,-12.254722595214844,308.773681640625,-2.2564423084259038,369.749267578125,0.0014707671944051
tile_r019299_c006755,1,294.7530212402344,469.70458984375,338.9261779785156,509.8816528320313,0.0014556866372004
tile_r019299_c006755,1,-12.192302703857422,297.0887145996094,-2.1463913917541504,359.4325561523437,0.0014457108918577
tile_r019299_c006755,1,-12.243557929992676,252.37942504882807,-2.381553649902344,319.0990905761719,0.0014411836164072
tile_r019299_c006755,1,-12.419169425964355,-1.436273217201233,-4.216722011566162,51.24554443359375,0.0013828644296154
tile_r019299_c006755,1,-12.324654579162598,478.1883850097656,-1.4119675159454346,515.9921875,0.0013776840642094
tile_r019299_c006755,1,501.9187622070313,225.0462646484375,520.6502075195312,288.2214050292969,0.0013235316146165
tile_r019299_c006755,1,328.5188293457031,244.9829559326172,387.9844970703125,305.500732421875,0.0013233381323516
tile_r019299_c006755,1,-10.92150592803955,383.7073669433594,6.554931640625,435.004638671875,0.0013191583566367
tile_r019299_c006755,1,-11.822587966918944,-12.520695686340332,-0.6302688717842102,10.08203125,0.0013041035272181
tile_r019299_c006755,1,159.5964813232422,515.3225708007812,222.099609375,524.5145263671875,0.0012877292465418
tile_r019299_c006755,1,155.146728515625,0.1031463593244552,200.8690185546875,14.252603530883787,0.0012852026848122
tile_r019299_c006755,1,499.62249755859375,470.63128662109375,520.8623657226562,513.879638671875,0.0012849982595071
tile_r019299_c006755,1,-12.65909481048584,6.415387153625488,-4.00023365020752,67.6075668334961,0.0012705498374998
tile_r019299_c006755,1,-12.155529975891112,284.6679077148437,-2.0690293312072754,346.6805114746094,0.0012644954258576
tile_r019299_c006755,1,-12.621546745300291,46.17635345458984,-3.746220350265503,99.48690032958984,0.0012251472799107
tile_r019299_c006755,1,512.9998168945312,336.2198181152344,524.3748168945312,436.5989685058594,0.0011832357849925
tile_r019299_c006755,1,512.2745361328125,245.7465362548828,524.4803466796875,330.010986328125,0.0011587925255298
tile_r019299_c006755,1,-12.600553512573242,55.59725189208984,-3.7623138427734375,110.53507232666016,0.001156831625849
tile_r019299_c006755,1,499.4729614257813,249.12649536132807,520.8284301757812,311.56365966796875,0.0011532579082995
tile_r019299_c006755,1,-12.202692031860352,266.94268798828125,-2.0472564697265625,333.671875,0.0011259989114478
tile_r019299_c006755,1,500.3944396972656,442.0433654785156,522.5026245117188,512.4161376953125,0.001121824956499
tile_r019299_c006755,1,502.603515625,401.42236328125,521.8273315429688,461.8860473632813,0.0011166373733431
tile_r019299_c006755,1,176.66000366210938,514.6972045898438,235.662353515625,524.2364501953125,0.0011045628925785
tile_r019299_c006755,1,499.9859924316406,120.3940658569336,523.5228881835938,211.7615203857422,0.0011023491388186
tile_r019299_c006755,1,474.3439331054688,-12.690098762512209,517.310546875,-4.3040313720703125,0.0010772686218842
tile_r019299_c006755,1,518.8815307617188,245.8743438720703,524.7999877929688,304.1889038085937,0.0010751729132607
tile_r019299_c006755,1,151.57559204101562,479.46881103515625,181.85025024414065,503.31195068359375,0.001071587903425
tile_r019299_c006755,1,-12.664969444274902,23.40301513671875,-3.8663055896759033,81.25273132324219,0.0010536952177062
tile_r019299_c006755,1,154.4465789794922,-1.1452178955078125,206.7588348388672,23.65656471252441,0.001038113143295
tile_r019299_c006755,1,-12.34455108642578,213.8211975097656,-2.2647690773010254,276.4730529785156,0.0010334752732887
tile_r019299_c006755,1,496.9845275878906,29.34272766113281,522.0736694335938,111.2576141357422,0.0010315749095752
tile_r019299_c006755,1,257.4955444335937,514.7835693359375,310.8263244628906,524.3195190429688,0.0010104255052283
tile_r019299_c006755,1,-2.391918897628784,435.4567260742188,50.3958740234375,493.3368225097656,0.0010083545930683
tile_r019299_c007011,1,195.399169921875,363.6943359375,243.2632293701172,409.503173828125,0.8319423794746399
tile_r019299_c007011,1,80.42154693603516,253.89407348632807,120.89119720458984,291.6630249023437,0.7768073081970215
tile_r019299_c007011,1,344.94891357421875,104.23200988769533,389.971923828125,148.7989501953125,0.7763369083404541
tile_r019299_c007011,1,448.48388671875,48.541954040527344,493.1825256347656,96.97515869140624,0.7634592652320862
tile_r019299_c007011,1,38.948974609375,108.70808410644533,75.3720474243164,142.81008911132812,0.7494219541549683
tile_r019299_c007011,1,218.7064971923828,196.01708984375,264.2958374023437,241.3342742919922,0.7415857315063477
tile_r019299_c007011,1,191.5385284423828,439.97607421875,226.41650390625,472.8505859375,0.7315475940704346
tile_r019299_c007011,1,253.60433959960935,-2.132850646972656,315.5577697753906,48.859962463378906,0.7037549614906311
tile_r019299_c007011,1,80.8204345703125,183.39244079589844,112.00578308105467,213.8975067138672,0.6986847519874573
tile_r019299_c007011,1,399.8960571289063,218.7118682861328,440.2327575683594,260.4361877441406,0.6900495290756226
tile_r019299_c007011,1,476.5226440429688,262.6230773925781,509.9552612304688,297.18243408203125,0.6827318668365479
tile_r019299_c007011,1,320.14312744140625,435.5095825195313,383.3067932128906,490.5355529785156,0.5472832322120667
tile_r019299_c007011,1,244.7518615722656,490.4995727539063,290.4693298339844,512.7354125976562,0.3846764862537384
tile_r019299_c007011,1,54.44139862060547,154.7650146484375,79.84712219238281,175.44140625,0.2302471250295639
tile_r019299_c007011,1,252.559814453125,419.0771484375,280.33544921875,444.6095581054688,0.2238531857728958
tile_r019299_c007011,1,457.2897033691406,454.9357299804688,489.6705627441406,482.2554626464844,0.2212098389863968
tile_r019299_c007011,1,256.7291564941406,-0.5495635867118835,309.899169921875,30.725631713867188,0.1412075012922287
tile_r019299_c007011,1,236.3550262451172,485.76416015625,294.3819885253906,513.3624267578125,0.1083226799964904
tile_r019299_c007011,1,82.1661148071289,185.33157348632807,107.5797882080078,211.11959838867188,0.1038985401391983
tile_r019299_c007011,1,243.21041870117188,493.0126037597656,301.8259582519531,513.2130126953125,0.0708076059818267
tile_r019299_c007011,1,342.29766845703125,99.39283752441406,394.21533203125,155.92730712890625,0.0577320791780948
tile_r019299_c007011,1,458.296875,457.5565490722656,484.6880798339844,480.8329162597656,0.0354976020753383
tile_r019299_c007011,1,396.8137817382813,214.6328125,444.51220703125,265.1039428710937,0.0299062971025705
tile_r019299_c007011,1,79.26788330078125,181.5128936767578,116.06124114990234,218.54165649414065,0.0242874063551425
tile_r019299_c007011,1,188.3036651611328,436.7572326660156,230.68734741210935,476.0779418945313,0.0240045227110385
tile_r019299_c007011,1,333.1240234375,439.1478576660156,382.58056640625,481.5656127929688,0.0225143525749444
tile_r019299_c007011,1,445.0499877929688,41.96491622924805,499.2345581054688,104.6736068725586,0.0194985885173082
tile_r019299_c007011,1,478.20501708984375,266.9232482910156,504.69342041015625,294.4375,0.0145254749804735
tile_r019299_c007011,1,455.753173828125,449.0149536132813,499.0486755371094,486.7448120117188,0.0129397772252559
tile_r019299_c007011,1,76.12895202636719,249.744873046875,126.2376480102539,298.272216796875,0.0121865253895521
tile_r019299_c007011,1,314.46923828125,429.7216796875,387.9501953125,502.7373046875,0.0114252846688032
tile_r019299_c007011,1,303.03631591796875,145.8397216796875,325.71759033203125,165.95889282226562,0.0108322761952877
tile_r019299_c007011,1,246.9275360107422,255.6514587402344,269.46368408203125,276.9640197753906,0.0090662669390439
tile_r019299_c007011,1,473.0227661132813,257.26031494140625,515.0499877929688,302.0489807128906,0.0072690788656473
tile_r019299_c007011,1,35.75330352783203,102.6997528076172,80.33051300048828,146.37045288085938,0.006700824946165
tile_r019299_c007011,1,431.4708862304688,350.81463623046875,476.3933715820313,396.0396118164063,0.0061679976060986
tile_r019299_c007011,1,193.99954223632807,442.73681640625,222.82516479492188,469.8942260742188,0.0055425791069865
tile_r019299_c007011,1,233.79666137695312,475.65240478515625,295.4521789550781,514.5299072265625,0.0031824277248233
tile_r019299_c007011,1,301.43768310546875,147.93539428710938,321.8563537597656,164.52906799316406,0.0029677955899387
tile_r019299_c007011,1,493.59765625,442.4796752929688,517.6702880859375,504.99365234375,0.0024568873923271
tile_r019299_c007011,1,511.9869689941406,179.94253540039062,524.5962524414062,282.41241455078125,0.0022624731063842
tile_r019299_c007011,1,246.8726043701172,414.7305603027344,284.2265014648437,447.58935546875,0.0021984670311212
tile_r019299_c007011,1,511.5386657714844,43.39738845825195,524.5557861328125,131.62783813476562,0.0020649021025747
tile_r019299_c007011,1,513.0247192382812,265.132568359375,524.59716796875,362.1925659179688,0.0020566051825881
tile_r019299_c007011,1,511.9415588378906,61.78496170043945,524.6226806640625,161.68936157226562,0.0020343484356999
tile_r019299_c007011,1,511.8297729492188,374.62158203125,524.5667114257812,471.21875,0.0019890344701707
tile_r019299_c007011,1,-12.279356002807615,485.8777465820313,-2.2191786766052246,516.7249755859375,0.0019176532514393
tile_r019299_c007011,1,511.824951171875,132.9189453125,524.5614624023438,232.4783477783203,0.0018945968477055
tile_r019299_c007011,1,50.13066864013672,152.12362670898438,82.15756225585938,176.53433227539062,0.0018841119017452
tile_r019299_c007011,1,454.3467712402344,439.0809631347656,516.0362548828125,508.9727478027344,0.0018836017698049
tile_r019299_c007011,1,472.9903259277344,250.20266723632807,519.9889526367188,309.0483093261719,0.0018357062945142
tile_r019299_c007011,1,-12.166299819946287,166.2144012451172,-2.196368455886841,224.5705108642578,0.0018201743951067
tile_r019299_c007011,1,498.0343322753906,253.03189086914065,521.8760375976562,342.4972229003906,0.0017568717012181
tile_r019299_c007011,1,512.029296875,399.25927734375,524.65869140625,494.0026245117188,0.0017380913486704
tile_r019299_c007011,1,512.0399169921875,158.57766723632812,524.5626220703125,255.95382690429688,0.0017356349853798
tile_r019299_c007011,1,-12.16310977935791,1.4528930187225342,-3.2701690196990967,53.37976837158203,0.0017266324721276
tile_r019299_c007011,1,453.242431640625,446.6753845214844,510.54486083984375,493.1423950195313,0.0017180460272356
tile_r019299_c007011,1,-12.355630874633787,467.751708984375,-3.2635178565979004,514.6815795898438,0.0017053311457857
tile_r019299_c007011,1,190.8903350830078,358.18975830078125,248.9193420410156,415.6531372070313,0.0016934500308707
tile_r019299_c007011,1,301.0888061523437,140.06407165527344,329.18994140625,164.83062744140625,0.0016857313457876
tile_r019299_c007011,1,-12.249234199523926,506.0621032714844,1.8711960315704343,524.7999877929688,0.0016761403530836
tile_r019299_c007011,1,227.8194122314453,200.7451171875,262.5960693359375,237.1783142089844,0.0016725861933082
tile_r019299_c007011,1,512.0872802734375,90.3392105102539,524.5664672851562,192.64047241210935,0.0016662364359945
tile_r019299_c007011,1,-12.251598358154297,176.74755859375,-2.2600646018981934,235.5941467285156,0.0016489985864609
tile_r019299_c007011,1,-0.0747642517089843,270.26007080078125,16.945388793945312,299.8052673339844,0.0016404429916292
tile_r019299_c007011,1,-12.157207489013672,51.46940994262695,-2.208155870437622,114.1728973388672,0.0016154459444805
tile_r019299_c007011,1,510.500244140625,250.7011260986328,523.843994140625,330.17926025390625,0.0016121354419738
tile_r019299_c007011,1,498.276611328125,31.190414428710938,521.266845703125,111.48509216308594,0.0016025695949792
tile_r019299_c007011,1,343.3497009277344,440.446044921875,379.9634704589844,477.922119140625,0.0015728013822808
tile_r019299_c007011,1,511.4917907714844,346.8533935546875,524.6183471679688,449.5120239257813,0.0015651024878025
tile_r019299_c007011,1,-12.398391723632812,8.002276420593262,-3.102713108062744,67.73320007324219,0.0015631328569725
tile_r019299_c007011,1,506.8990173339844,-12.800000190734863,524.7843017578125,3.602896213531494,0.001560119446367
tile_r019299_c007011,1,422.4328002929688,347.5894470214844,479.857421875,401.00238037109375,0.0015222664223983
tile_r019299_c007011,1,-12.19633960723877,144.8287353515625,-2.315258741378784,206.2227478027344,0.0015213224105536
tile_r019299_c007011,1,-11.797063827514648,-12.45408821105957,1.2939269542694092,4.924006462097168,0.0014472398906946
tile_r019299_c007011,1,454.1683654785156,53.13007736206055,490.6001892089844,94.2275161743164,0.0014423932880163
tile_r019299_c007011,1,-12.139236450195312,62.571083068847656,-2.1131911277771,129.98544311523438,0.0014204415492713
tile_r019299_c007011,1,-12.254232406616213,41.5802116394043,-2.120556592941284,101.18138122558594,0.0014180944999679
tile_r019299_c007011,1,36.04219818115234,470.07421875,83.45269775390625,509.7625122070313,0.0014069637982174
tile_r019299_c007011,1,512.5997924804688,212.00228881835935,524.6907958984375,306.4557189941406,0.0013714939123019
tile_r019299_c007011,1,-12.1002197265625,76.31526947021484,-2.3863861560821533,142.04006958007812,0.001368063618429
tile_r019299_c007011,1,-12.203730583190918,89.5435562133789,-2.9601852893829346,155.6553192138672,0.0013621781254187
tile_r019299_c007011,1,512.1660766601562,282.5262756347656,524.3875732421875,371.7881774902344,0.0013619549572467
tile_r019299_c007011,1,-12.374592781066896,31.683862686157227,-2.388113498687744,91.49079895019533,0.0013547788839787
tile_r019299_c007011,1,498.6504821777344,444.7461853027344,519.6075439453125,510.1061401367188,0.0013398003065958
tile_r019299_c007011,1,-0.3576797544956207,267.4058837890625,12.47300910949707,300.9828491210937,0.0013181424001231
tile_r019299_c007011,1,364.4244079589844,514.7903442382812,423.4039001464844,524.193359375,0.0013174233026802
tile_r019299_c007011,1,512.1590576171875,305.150390625,524.5979614257812,410.7020568847656,0.0013026051456108
tile_r019299_c007011,1,511.4437561035156,24.797143936157227,524.5880737304688,113.0868682861328,0.0012973226839676
tile_r019299_c007011,1,-12.39236068725586,20.574609756469727,-2.83289647102356,80.1624984741211,0.0012766211293637
tile_r019299_c007011,1,-12.401738166809082,187.44918823242188,-2.226660251617432,249.4175567626953,0.0012668780982494
tile_r019299_c007011,1,231.14285278320312,493.0105590820313,298.1540222167969,522.8095703125,0.0012642388464882
tile_r019299_c007011,1,-12.071420669555664,271.791748046875,-4.080001831054688,329.09088134765625,0.0011830126168206
tile_r019299_c007011,1,348.8318786621094,514.7125854492188,413.60638427734375,524.6280517578125,0.0011753388680517
tile_r019299_c007011,1,499.1228637695313,43.16887283325195,522.4010009765625,126.03662109375,0.0011615188559517
tile_r019299_c007011,1,-12.320820808410645,102.4583969116211,-3.247570753097534,171.0659942626953,0.0011535908561199
tile_r019299_c007011,1,-12.308786392211914,118.6437759399414,-2.8573806285858154,185.1380615234375,0.0011055850191041
tile_r019299_c007011,1,72.90835571289062,245.5559539794922,131.8153839111328,304.83428955078125,0.0011038186494261
tile_r019299_c007011,1,305.0814819335937,422.9357299804688,407.83306884765625,510.6162109375,0.0010975813493132
tile_r019299_c007011,1,-12.506176948547363,398.2033081054688,-3.630703687667847,465.1906127929688,0.0010589930461719
tile_r019299_c007011,1,-11.747533798217772,266.42236328125,-3.681710720062256,317.60552978515625,0.0010355445556342
tile_r019299_c007011,1,243.7178192138672,499.42138671875,294.13922119140625,512.1903076171875,0.0010324302129447
tile_r019299_c007011,1,494.4098510742188,427.6339721679688,521.4202270507812,494.9097595214844,0.0010178592056035
tile_r019299_c007011,1,232.78890991210935,-12.800000190734863,291.235107421875,-4.309819221496582,0.0010072638979181
tile_r019299_c007011,1,-12.515983581542969,200.323974609375,-2.4893479347229004,266.9083557128906,0.0010024254443123
tile_r019299_c007267,1,88.20378112792969,103.6555404663086,134.30398559570312,149.33206176757812,0.7832551598548889
tile_r019299_c007267,1,192.24545288085935,47.8052864074707,237.91323852539065,96.13822174072266,0.7630844712257385
tile_r019299_c007267,1,221.4350128173828,264.3378295898437,253.5803680419922,295.73760986328125,0.7570556998252869
tile_r019299_c007267,1,-2.8087158203125,-2.055987596511841,62.17537689208984,51.9629135131836,0.7484410405158997
tile_r019299_c007267,1,143.58633422851562,218.37918090820312,184.5474548339844,260.4409484863281,0.7075930237770081
tile_r019299_c007267,1,260.17364501953125,164.64993286132812,300.01611328125,198.7974853515625,0.6538693904876709
tile_r019299_c007267,1,333.9950256347656,342.19610595703125,368.7453002929688,372.6497802734375,0.6374266743659973
tile_r019299_c007267,1,285.15972900390625,309.8516540527344,311.8216247558594,330.9278259277344,0.6316562294960022
tile_r019299_c007267,1,63.8814582824707,435.3181762695313,127.48980712890624,490.5596618652344,0.6092641353607178
tile_r019299_c007267,1,333.2142944335937,434.5811462402344,363.6492309570313,458.47216796875,0.5688102841377258
tile_r019299_c007267,1,1.400628685951233,417.595703125,25.783599853515625,445.5894470214844,0.4313880503177643
tile_r019299_c007267,1,0.813323974609375,491.84564208984375,33.394325256347656,512.8348999023438,0.2717388868331909
tile_r019299_c007267,1,200.7733459472656,453.7353515625,238.07308959960935,485.3109436035156,0.2402019649744033
tile_r019299_c007267,1,281.46209716796875,307.3658142089844,314.22137451171875,332.62939453125,0.0730295106768608
tile_r019299_c007267,1,-3.6249420642852783,487.7056274414063,34.49771499633789,514.6255493164062,0.0725503861904144
tile_r019299_c007267,1,201.26205444335935,456.1036682128906,232.215087890625,482.3831481933594,0.0663754343986511
tile_r019299_c007267,1,85.5306396484375,98.8972396850586,138.40847778320312,156.29251098632812,0.0627722889184951
tile_r019299_c007267,1,222.7541961669922,268.7532653808594,248.09619140625,293.7802124023437,0.037108439952135
tile_r019299_c007267,1,-0.7415267825126648,69.7590103149414,29.581573486328125,113.4841079711914,0.0326267257332801
tile_r019299_c007267,1,76.78693389892578,439.2020568847656,126.71501159667967,481.66650390625,0.0259506609290838
tile_r019299_c007267,1,46.6718978881836,144.8292999267578,70.95902252197266,166.24618530273438,0.0246654003858566
tile_r019299_c007267,1,199.47866821289065,449.9004821777344,246.60580444335935,489.3038024902344,0.0225689858198165
tile_r019299_c007267,1,267.4553527832031,169.8870849609375,300.4223022460937,196.5568084716797,0.0153939640149474
tile_r019299_c007267,1,330.6233215332031,430.3592834472656,367.9594421386719,462.4957885742188,0.0143948197364807
tile_r019299_c007267,1,188.04489135742188,41.3590202331543,242.29714965820312,104.255859375,0.0140540041029453
tile_r019299_c007267,1,182.12942504882807,348.920166015625,223.988037109375,399.2261352539063,0.0132363671436905
tile_r019299_c007267,1,-0.5206344723701477,410.36669921875,29.51205444335937,448.6354370117188,0.0131752612069249
tile_r019299_c007267,1,254.7850646972656,160.99691772460938,302.8919982910156,201.9438934326172,0.0126657905057072
tile_r019299_c007267,1,58.648704528808594,429.3359375,131.9934539794922,502.5730590820313,0.0103355729952454
tile_r019299_c007267,1,-4.760106086730957,494.5384826660156,37.58842849731445,512.3410034179688,0.0083161834627389
tile_r019299_c007267,1,511.6193237304688,164.7918243408203,524.6243896484375,269.12615966796875,0.0082828905433416
tile_r019299_c007267,1,43.67130279541016,67.9261245727539,67.90899658203125,91.42626953125,0.0077906213700771
tile_r019299_c007267,1,511.5790100097656,190.0741729736328,524.6275634765625,293.1084899902344,0.0074881864711642
tile_r019299_c007267,1,511.5361328125,138.80801391601562,524.6248168945312,242.76675415039065,0.007212986703962
tile_r019299_c007267,1,511.1310424804688,48.1045150756836,524.5984497070312,149.3520965576172,0.0071683418937027
tile_r019299_c007267,1,511.537109375,75.1223373413086,524.6090087890625,175.6864471435547,0.006985992193222
tile_r019299_c007267,1,282.89227294921875,312.066650390625,305.6361389160156,329.5863342285156,0.0065859546884894
tile_r019299_c007267,1,511.6222534179688,113.4928970336914,524.5890502929688,217.24917602539065,0.0063064200803637
tile_r019299_c007267,1,511.54339599609375,216.0197296142578,524.5933837890625,315.0477600097656,0.0061319223605096
tile_r019299_c007267,1,0.4070190489292145,0.497637927532196,54.483985900878906,42.33915328979492,0.0055827731266617
tile_r019299_c007267,1,494.927734375,51.5928840637207,512.6480712890625,84.72127532958984,0.0054486207664012
tile_r019299_c007267,1,511.6057739257813,238.8939971923828,524.6385498046875,342.7198181152344,0.0053717759437859
tile_r019299_c007267,1,-0.5410827398300171,0.0011932372581213,55.29235076904297,30.74469947814941,0.0053378730081021
tile_r019299_c007267,1,138.8732147216797,211.9912567138672,189.9188995361328,265.721435546875,0.0051045888103544
tile_r019299_c007267,1,44.8348388671875,140.28933715820312,73.58866119384766,165.5782012939453,0.0045090178027749
tile_r019299_c007267,1,202.23324584960935,458.06256103515625,227.339111328125,480.59576416015625,0.0042359032668173
tile_r019299_c007267,1,500.2197265625,41.297508239746094,519.6754150390625,90.95025634765624,0.0041821743361651
tile_r019299_c007267,1,202.5200653076172,446.1265563964844,268.6896057128906,492.4169921875,0.0040629575960338
tile_r019299_c007267,1,45.26091384887695,146.9720916748047,66.92912292480469,164.9640350341797,0.0040212902240455
tile_r019299_c007267,1,249.6672821044922,455.4078979492188,269.13458251953125,475.2858276367188,0.0037721344269812
tile_r019299_c007267,1,510.3907165527344,38.9116439819336,524.3049926757812,119.6054229736328,0.0037061241455376
tile_r019299_c007267,1,511.75048828125,267.13299560546875,524.6475830078125,362.8717346191406,0.0035879861097782
tile_r019299_c007267,1,-1.7440001964569092,66.90434265136719,43.0619010925293,120.1088409423828,0.0034651681780815
tile_r019299_c007267,1,-11.316198348999023,484.2613220214844,17.040714263916016,516.6813354492188,0.0034614079631865
tile_r019299_c007267,1,224.51644897460935,448.3353576660156,270.6839904785156,486.158203125,0.0034385139588266
tile_r019299_c007267,1,289.0136108398437,312.5634765625,314.3171691894531,331.67498779296875,0.0032510973978787
tile_r019299_c007267,1,511.3089904785156,415.2965698242188,524.5423583984375,500.3661193847656,0.002987858839333
tile_r019299_c007267,1,329.8592224121094,337.0921325683594,371.35003662109375,379.376708984375,0.0028061354532837
tile_r019299_c007267,1,-11.482111930847168,492.3215942382813,10.914149284362791,524.7999877929688,0.0027006124146282
tile_r019299_c007267,1,194.42416381835935,441.9801635742188,266.15533447265625,505.2428588867188,0.0026557305827736
tile_r019299_c007267,1,-8.204797744750977,-1.6610229015350342,65.80859375,101.16446685791016,0.0023597145918756
tile_r019299_c007267,1,511.6116333007813,437.2875061035156,524.7536010742188,513.6175537109375,0.0023308873642235
tile_r019299_c007267,1,-2.417529344558716,29.95488548278809,68.25196838378906,123.4323501586914,0.0023117593955248
tile_r019299_c007267,1,227.6259307861328,265.50213623046875,255.079345703125,293.6939392089844,0.0023073009215295
tile_r019299_c007267,1,-0.398760974407196,69.4128646850586,26.21210289001465,100.3504638671875,0.0022690668702125
tile_r019299_c007267,1,186.4385681152344,483.4564514160156,205.67919921875,500.6974487304688,0.0021961294114589
tile_r019299_c007267,1,166.4496307373047,344.6963806152344,221.2708282470703,401.7724609375,0.0021771911997348
tile_r019299_c007267,1,218.4637756347656,259.2152404785156,256.57769775390625,298.4891967773437,0.0021766640711575
tile_r019299_c007267,1,490.1488342285156,48.85713958740234,512.04443359375,80.97491455078125,0.0021220613270998
tile_r019299_c007267,1,-11.219490051269531,413.0892028808594,1.2054946422576904,464.1411743164063,0.0020535041112452
tile_r019299_c007267,1,193.8690490722656,447.6267700195313,251.24398803710935,498.5966796875,0.0020310750696808
tile_r019299_c007267,1,-6.617700099945068,494.1591796875,39.76765823364258,522.5484619140625,0.0019683898426592
tile_r019299_c007267,1,512.6123046875,291.4972229003906,524.7086181640625,392.4588317871094,0.00194942811504
tile_r019299_c007267,1,86.60655212402344,440.550048828125,124.11055755615234,477.9386291503906,0.0016882946947589
tile_r019299_c007267,1,207.080322265625,457.0487365722656,249.0289001464844,483.1832885742188,0.0016652437625452
tile_r019299_c007267,1,263.49615478515625,169.0782012939453,294.6258239746094,194.34158325195312,0.0016380721936002
tile_r019299_c007267,1,518.3800659179688,41.47871017456055,524.7195434570312,104.6034927368164,0.0016153290634974
tile_r019299_c007267,1,108.7007293701172,514.7272338867188,167.2178955078125,524.1837158203125,0.0015951306559145
tile_r019299_c007267,1,0.6845000982284546,492.3560485839844,23.90316200256348,513.5966796875,0.0015723416581749
tile_r019299_c007267,1,0.532147228717804,70.61518859863281,21.607498168945312,114.24983215332033,0.0015654489398002
tile_r019299_c007267,1,197.98226928710935,53.266380310058594,234.51449584960935,93.73944091796876,0.0015129845123738
tile_r019299_c007267,1,-12.169710159301758,215.90542602539065,-4.055963039398193,286.36407470703125,0.0015000576386228
tile_r019299_c007267,1,-7.578619480133057,-6.006970405578613,64.88976287841797,70.8930892944336,0.0014431909658014
tile_r019299_c007267,1,-11.88647747039795,-12.565673828125,3.513723850250244,15.429010391235352,0.0014373932499438
tile_r019299_c007267,1,209.5508270263672,445.5408325195313,273.9827575683594,505.3501892089844,0.0014057497028261
tile_r019299_c007267,1,-2.254048109054565,406.9864196777344,33.94480514526367,452.9996948242188,0.001371857128106
tile_r019299_c007267,1,-11.207242012023926,465.9807739257813,34.95714569091797,517.94873046875,0.001363503979519
tile_r019299_c007267,1,-11.939804077148438,419.0978393554688,-2.2249464988708496,473.828125,0.0013367648934945
tile_r019299_c007267,1,512.460693359375,319.7618713378906,524.5731201171875,419.96783447265625,0.0013315406395122
tile_r019299_c007267,1,93.1308822631836,514.6368408203125,157.57711791992188,524.6222534179688,0.0013227243907749
tile_r019299_c007267,1,-5.471787929534912,476.5310668945313,38.350807189941406,514.5031127929688,0.0013019354082643
tile_r019299_c007267,1,1.5372726917266846,81.34136962890625,24.31478881835937,113.97640228271484,0.0012771727051585
tile_r019299_c007267,1,506.6490173339844,-12.800000190734863,524.7649536132812,0.4681030213832855,0.0012662163935601
tile_r019299_c007267,1,-12.04056453704834,201.081787109375,-3.758876085281372,263.4491577148437,0.0012531667016446
tile_r019299_c007267,1,498.4927368164063,41.93833160400391,523.0740966796875,127.0330810546875,0.0012529225787147
tile_r019299_c007267,1,-11.13572120666504,407.5111389160156,8.869433403015137,462.1912231445313,0.0012451166985556
tile_r019299_c007267,1,120.9667510986328,514.5891723632812,177.84622192382812,524.1321411132812,0.0011954642832279
tile_r019299_c007267,1,-11.711451530456545,74.91869354248047,-1.110809326171875,132.4323272705078,0.0011600211728364
tile_r019299_c007267,1,129.49349975585938,514.6759643554688,190.30990600585935,524.5011596679688,0.0011312987189739
tile_r019299_c007267,1,141.9355926513672,514.60302734375,206.8762664794922,524.66943359375,0.0010904803639277
tile_r019299_c007267,1,-12.312543869018556,350.19873046875,-3.2039122581481934,409.3451232910156,0.0010726387845352
tile_r019299_c007267,1,501.4006958007813,51.54999923706055,512.3157348632812,87.84449768066406,0.0010515076573938
tile_r019299_c007267,1,-12.362868309020996,339.2968139648437,-3.3816237449646,397.6549377441406,0.0010512517765164
tile_r019299_c007267,1,48.532470703125,422.4966735839844,153.24868774414062,510.7271423339844,0.0010402976768091
tile_r019299_c007267,1,321.5111389160156,416.4444274902344,370.3926696777344,465.5818481445313,0.0010388096561655
tile_r019299_c007267,1,-12.218523979187012,228.5684051513672,-4.243922233581543,296.3977966308594,0.0010366480564698
tile_r019299_c007267,1,69.98651123046875,449.1390686035156,108.76622009277344,480.7398376464844,0.0010275522945448
tile_r019299_c007267,1,-12.071650505065918,14.257519721984863,-3.2743911743164062,75.00978088378906,0.0010230561019852
tile_r019299_c007267,1,279.7001342773437,308.2998962402344,315.8829650878906,340.0313415527344,0.0010204156860709
tile_r019299_c007267,1,512.3934326171875,382.4056091308594,524.6600341796875,483.1300354003906,0.0010058785555884
tile_r019299_c007267,1,292.686767578125,394.3287963867188,360.611572265625,467.1924743652344,0.0010032409336417
tile_r019555_c005987,1,228.4727020263672,181.5032501220703,275.5680236816406,219.74685668945312,0.8293986320495605
tile_r019555_c005987,1,288.96392822265625,25.78036117553711,336.6786499023437,74.13893127441406,0.8099766373634338
tile_r019555_c005987,1,284.12139892578125,286.9835510253906,326.7313842773437,325.2679138183594,0.8060470223426819
tile_r019555_c005987,1,320.54852294921875,439.4889221191406,376.6269836425781,482.18463134765625,0.8027064800262451
tile_r019555_c005987,1,305.44189453125,238.7489776611328,348.5071716308594,276.6756286621094,0.766665518283844
tile_r019555_c005987,1,95.9499053955078,0.1296569854021072,147.41488647460938,37.84819793701172,0.7178755402565002
tile_r019555_c005987,1,445.9169006347656,229.3143310546875,482.3265686035156,265.3262939453125,0.6890035271644592
tile_r019555_c005987,1,3.790960788726807,349.8134460449219,41.63042449951172,386.0767211914063,0.6781104803085327
tile_r019555_c005987,1,88.10811614990234,436.3251953125,129.08909606933594,477.6474609375,0.6476962566375732
tile_r019555_c005987,1,223.807373046875,290.0325622558594,253.94253540039065,318.5458374023437,0.5565508604049683
tile_r019555_c005987,1,478.6076049804688,470.193115234375,509.5757751464844,496.7583618164063,0.4851649105548858
tile_r019555_c005987,1,312.0231628417969,398.31005859375,341.80401611328125,427.4909057617188,0.3904101848602295
tile_r019555_c005987,1,-0.2797859311103821,234.6068420410156,24.246204376220703,266.13629150390625,0.1409970819950103
tile_r019555_c005987,1,476.8544006347656,466.469482421875,512.9332885742188,502.1236877441406,0.1219354942440986
tile_r019555_c005987,1,300.907470703125,232.9296875,351.7850036621094,279.87091064453125,0.0694378092885017
tile_r019555_c005987,1,280.6265563964844,283.1930236816406,330.2564392089844,330.25146484375,0.0239993520081043
tile_r019555_c005987,1,219.7447204589844,285.45245361328125,256.67547607421875,321.22528076171875,0.0225097239017486
tile_r019555_c005987,1,224.2201690673828,291.802001953125,248.72201538085935,315.1845092773437,0.017884474247694
tile_r019555_c005987,1,307.5279235839844,394.7127075195313,345.8375549316406,431.2030334472656,0.0146761378273367
tile_r019555_c005987,1,-0.875415027141571,345.4366149902344,42.79628372192383,390.86175537109375,0.0073102307505905
tile_r019555_c005987,1,93.291015625,439.8156127929688,127.2895965576172,474.0173950195313,0.0071245213039219
tile_r019555_c005987,1,511.8661193847656,104.8917465209961,524.5916748046875,205.0630645751953,0.0061804624274373
tile_r019555_c005987,1,511.625244140625,166.66738891601562,524.615478515625,268.74365234375,0.0059544490650296
tile_r019555_c005987,1,512.1051635742188,124.67610168457033,524.6236572265625,227.5227508544922,0.0050137774087488
tile_r019555_c005987,1,511.9573364257813,79.4118423461914,524.6143798828125,182.9863739013672,0.0049850028008222
tile_r019555_c005987,1,510.5348510742188,193.84033203125,524.5382690429688,289.69891357421875,0.0046792458742856
tile_r019555_c005987,1,512.017578125,51.9987907409668,524.6138916015625,158.00331115722656,0.0045330342836678
tile_r019555_c005987,1,83.68182373046875,431.26507568359375,133.57595825195312,484.23968505859375,0.0040732915513217
tile_r019555_c005987,1,511.9861450195313,3.3557982444763184,524.6287231445312,105.94783782958984,0.0039331871084868
tile_r019555_c005987,1,511.1099548339844,245.5810546875,524.5191650390625,338.3321228027344,0.0037133146543055
tile_r019555_c005987,1,512.3600463867188,24.280956268310547,524.6121215820312,131.7709503173828,0.0035969146993011
tile_r019555_c005987,1,511.9476623535156,-4.520440578460693,524.4890747070312,73.76298522949219,0.0033732745796442
tile_r019555_c005987,1,473.0716857910156,454.1497192382813,518.7888793945312,505.3333129882813,0.0033256551250815
tile_r019555_c005987,1,450.1556091308594,233.3382110595703,479.04193115234375,263.19342041015625,0.0033033012878149
tile_r019555_c005987,1,510.7286987304688,215.2062530517578,524.6062622070312,318.31817626953125,0.003130831522867
tile_r019555_c005987,1,511.9899291992188,406.8414916992188,524.5675048828125,488.7931518554688,0.0031126344110816
tile_r019555_c005987,1,285.0823669433594,16.34346580505371,343.0770568847656,84.02667236328125,0.0029112286865711
tile_r019555_c005987,1,321.18975830078125,443.7561645507813,366.74554443359375,476.83056640625,0.0026513880584388
tile_r019555_c005987,1,-2.877493381500244,231.02392578125,25.1328239440918,271.93389892578125,0.0024826310109347
tile_r019555_c005987,1,511.6192932128906,382.0064392089844,524.583740234375,471.6376953125,0.002157969167456
tile_r019555_c005987,1,511.70361328125,268.214599609375,524.5810546875,356.951171875,0.0021386099979281
tile_r019555_c005987,1,-11.719243049621582,349.2474060058594,-3.272264003753662,406.77154541015625,0.0021098623983561
tile_r019555_c005987,1,-12.121977806091309,357.70233154296875,-4.24151611328125,417.2518615722656,0.0020745322108268
tile_r019555_c005987,1,103.6222915649414,2.1809144020080566,144.7133331298828,34.857200622558594,0.0019894654396921
tile_r019555_c005987,1,-3.48553466796875,228.6279754638672,28.420812606811523,281.5711364746094,0.0019794208928942
tile_r019555_c005987,1,-12.346879959106444,466.2717895507813,-4.636822700500488,514.2073364257812,0.0019619853701442
tile_r019555_c005987,1,222.2732391357422,175.0929718017578,281.9209899902344,229.38916015625,0.001909700455144
tile_r019555_c005987,1,509.94775390625,-12.800000190734863,524.63525390625,29.75713539123535,0.0019066400127485
tile_r019555_c005987,1,502.3550415039063,206.1786651611328,522.6231079101562,286.2044372558594,0.001884595490992
tile_r019555_c005987,1,11.956059455871582,354.330810546875,40.15331268310547,382.59368896484375,0.0018696159822866
tile_r019555_c005987,1,98.2048568725586,0.9133087396621704,138.5471954345703,32.676490783691406,0.0017924228450283
tile_r019555_c005987,1,511.2191467285156,306.267578125,524.4830932617188,402.5082092285156,0.0017833044985309
tile_r019555_c005987,1,-12.322773933410645,2.718768358230591,-4.362806797027588,65.08942413330078,0.0017398511990904
tile_r019555_c005987,1,-11.612310409545898,340.2757263183594,-0.743743896484375,402.12786865234375,0.0016230907058343
tile_r019555_c005987,1,-11.169093132019045,228.0005645751953,0.214955136179924,285.3934326171875,0.0016154905315488
tile_r019555_c005987,1,511.2742309570313,335.3765563964844,524.6201171875,431.3796997070313,0.0015767532167956
tile_r019555_c005987,1,276.37664794921875,278.6734313964844,337.6834716796875,338.84588623046875,0.001436271239072
tile_r019555_c005987,1,509.917236328125,92.8166275024414,524.7999877929688,196.2071533203125,0.0013476619496941
tile_r019555_c005987,1,-12.293846130371094,447.2237243652344,-3.649468898773194,505.6727600097656,0.0012553301639854
tile_r019555_c005987,1,463.1317443847656,436.9546508789063,516.5008544921875,506.2042541503906,0.0012161273043602
tile_r019555_c005987,1,440.6862182617188,224.74853515625,485.1364135742188,270.22998046875,0.0012149018002673
tile_r019555_c005987,1,510.00439453125,112.9851303100586,524.7999877929688,218.7208251953125,0.0011967322789132
tile_r019555_c005987,1,501.5960083007813,243.0531311035156,522.7131958007812,325.42724609375,0.0011729660909622
tile_r019555_c005987,1,-12.36536979675293,369.1492309570313,-4.3984694480896,432.7384643554688,0.001163410837762
tile_r019555_c005987,1,503.611083984375,347.98663330078125,512.6117553710938,371.0166015625,0.0011534397490322
tile_r019555_c005987,1,501.5399475097656,186.7288818359375,521.9508666992188,258.9193115234375,0.0011261490872129
tile_r019555_c005987,1,305.94317626953125,386.0325622558594,349.06024169921875,433.0987854003906,0.0010561192175373
tile_r019555_c005987,1,-12.31887149810791,406.2191467285156,-3.0291810035705566,461.8529357910156,0.0010059518972411
tile_r019555_c005987,1,-12.62380313873291,122.5725326538086,-4.034287929534912,183.2522735595703,0.0010005653603002
tile_r019555_c006243,1,437.5857543945313,89.45857238769531,487.6505737304688,136.28787231445312,0.8385520577430725
tile_r019555_c006243,1,28.51361083984375,287.167236328125,70.62290954589844,324.7250366210937,0.8202438354492188
tile_r019555_c006243,1,32.77417755126953,25.66243934631348,80.59739685058594,74.33577728271484,0.8107598423957825
tile_r019555_c006243,1,64.54183197021484,439.8353576660156,120.85237884521484,482.1162109375,0.7988280057907104
tile_r019555_c006243,1,49.46085357666016,238.81851196289065,92.46485900878906,276.535400390625,0.7649627923965454
tile_r019555_c006243,1,188.9521484375,228.86264038085935,226.3469696044922,265.7625427246094,0.7111243009567261
tile_r019555_c006243,1,426.3643493652344,338.6780700683594,461.5787963867188,368.416748046875,0.6762794256210327
tile_r019555_c006243,1,439.1044921875,428.3783264160156,476.0287170410156,463.4974670410156,0.5529667139053345
tile_r019555_c006243,1,223.58334350585935,471.637939453125,253.9652862548828,495.824462890625,0.5505986213684082
tile_r019555_c006243,1,430.0631713867188,182.6451110839844,454.1172790527344,204.548095703125,0.481455385684967
tile_r019555_c006243,1,452.5108337402344,0.1047485321760177,494.3010864257813,22.49442672729492,0.471489816904068
tile_r019555_c006243,1,56.2946662902832,398.9431762695313,85.23490905761719,426.9934692382813,0.4573571979999542
tile_r019555_c006243,1,496.533935546875,138.31069946289062,513.3109130859375,166.31492614746094,0.3581403493881225
tile_r019555_c006243,1,-0.262429803609848,181.64715576171875,23.052875518798828,214.7536163330078,0.2205761969089508
tile_r019555_c006243,1,44.57951736450195,232.9611358642578,95.87078857421876,279.86199951171875,0.0612630769610405
tile_r019555_c006243,1,484.9536743164063,22.1059684753418,506.2452697753906,41.04853439331055,0.0448947139084339
tile_r019555_c006243,1,220.1324157714844,469.4671020507813,255.79818725585935,500.8741149902344,0.0296063348650932
tile_r019555_c006243,1,428.7913513183594,180.08657836914062,457.5860900878906,207.2983856201172,0.0289440471678972
tile_r019555_c006243,1,435.4178771972656,424.0466918945313,480.68115234375,466.7258911132813,0.0230876896530389
tile_r019555_c006243,1,52.1099967956543,395.444580078125,89.00911712646484,430.195556640625,0.016706857830286
tile_r019555_c006243,1,29.812969207763672,289.8090209960937,65.75430297851562,320.42694091796875,0.0158329252153635
tile_r019555_c006243,1,-2.302011013031006,176.65750122070312,25.430347442626957,218.55667114257807,0.0157129019498825
tile_r019555_c006243,1,24.274097442626957,283.0775756835937,74.23667907714844,329.7594299316406,0.01243391726166
tile_r019555_c006243,1,485.671875,19.973033905029297,510.1150512695313,42.60418701171875,0.0102645326405763
tile_r019555_c006243,1,428.052001953125,341.24090576171875,454.3463439941406,365.1336059570313,0.0102483173832297
tile_r019555_c006243,1,489.2332458496094,134.5577392578125,517.1800537109375,171.30203247070312,0.0059541249647736
tile_r019555_c006243,1,447.14739990234375,-2.6904327869415283,498.9820861816406,20.688100814819336,0.0053122830577194
tile_r019555_c006243,1,435.0416870117188,81.32966613769531,492.6510620117188,140.588623046875,0.005214859265834
tile_r019555_c006243,1,493.3447265625,141.30906677246094,510.6867065429688,166.71487426757812,0.0052036922425031
tile_r019555_c006243,1,477.909423828125,2.9851150512695312,515.9281616210938,40.40037155151367,0.0049640089273452
tile_r019555_c006243,1,498.1695251464844,127.2817840576172,520.1116943359375,170.6284637451172,0.0041427034884691
tile_r019555_c006243,1,485.6863403320313,5.850384712219238,516.8277587890625,42.22916412353516,0.0037132475990802
tile_r019555_c006243,1,194.0057830810547,233.1302032470703,223.19918823242188,263.43780517578125,0.003615376073867
tile_r019555_c006243,1,511.4451293945313,300.3038635253906,524.4923706054688,391.7532653808594,0.0035564019344747
tile_r019555_c006243,1,65.1992416381836,443.98834228515625,111.05485534667967,476.6939086914063,0.0034562586806714
tile_r019555_c006243,1,511.2605895996094,271.02801513671875,524.5474243164062,366.6926879882813,0.0034552684519439
tile_r019555_c006243,1,-1.7759841680526731,167.12525939941406,30.3562068939209,222.0684051513672,0.0031767103355377
tile_r019555_c006243,1,433.0095825195313,341.7489624023437,462.5668029785156,365.3165588378906,0.0027715929318219
tile_r019555_c006243,1,497.6983947753906,87.3917465209961,522.6035766601562,168.7591094970703,0.0025694475043565
tile_r019555_c006243,1,28.536243438720703,15.7750244140625,87.15278625488281,84.31275939941406,0.0024532240349799
tile_r019555_c006243,1,511.78515625,202.6271514892578,524.6043090820312,308.93438720703125,0.0023906368296593
tile_r019555_c006243,1,511.4232482910156,250.2370147705078,524.5462646484375,344.2039489746094,0.0022902784403413
tile_r019555_c006243,1,442.32806396484375,431.2830200195313,470.5657653808594,461.5394592285156,0.0021509327925741
tile_r019555_c006243,1,-12.199885368347168,482.3334045410156,-1.0846725702285769,515.9755859375,0.0021384230349212
tile_r019555_c006243,1,422.4375915527344,334.88262939453125,468.5585021972656,375.2320556640625,0.0020413557067513
tile_r019555_c006243,1,-12.083402633666992,-2.4305968284606934,-3.0870163440704346,48.613868713378906,0.0020285616628825
tile_r019555_c006243,1,-12.091278076171877,335.2604064941406,-2.890400648117065,391.3365173339844,0.0020195182878524
tile_r019555_c006243,1,511.2550659179688,392.166015625,524.56640625,479.5579223632813,0.0020156011451035
tile_r019555_c006243,1,-11.81812572479248,-12.326716423034668,0.3765243589878082,11.000459671020508,0.0020001695957034
tile_r019555_c006243,1,511.5904235839844,321.3085327148437,524.53466796875,416.5011596679688,0.0019873608835041
tile_r019555_c006243,1,511.828125,21.738155364990234,524.5460815429688,106.9622573852539,0.0019702324643731
tile_r019555_c006243,1,512.3921508789062,139.52685546875,524.6480102539062,239.9318084716797,0.0019365407060831
tile_r019555_c006243,1,508.1366271972656,126.3637237548828,523.84228515625,183.1376037597656,0.0018759677186608
tile_r019555_c006243,1,-12.149696350097656,465.013671875,-2.56365966796875,513.6959228515625,0.0018720226362347
tile_r019555_c006243,1,511.0416870117188,411.8668823242188,524.6285400390625,499.92919921875,0.0018299486255273
tile_r019555_c006243,1,512.1731567382812,343.0001525878906,524.64013671875,446.7439880371094,0.0018195126904174
tile_r019555_c006243,1,-12.203919410705566,343.2354431152344,-2.7564759254455566,403.9537963867188,0.0017845663242042
tile_r019555_c006243,1,511.8220825195313,44.9887924194336,524.5379638671875,130.1286163330078,0.0017578279366716
tile_r019555_c006243,1,501.8515625,70.88288116455078,522.2117309570312,151.96829223632812,0.0017447767313569
tile_r019555_c006243,1,-12.30963134765625,2.673571825027466,-2.828509569168091,64.898681640625,0.0017255519051104
tile_r019555_c006243,1,511.6773071289063,182.4830322265625,524.5448608398438,273.5995483398437,0.0016790983499959
tile_r019555_c006243,1,512.1138916015625,159.1887664794922,524.5867309570312,253.86294555664065,0.0016273004002869
tile_r019555_c006243,1,-12.22718620300293,89.45439147949219,-2.1733765602111816,150.87796020507812,0.0015905936015769
tile_r019555_c006243,1,455.9271545410156,0.9212295413017272,513.177734375,34.8762321472168,0.0015793835045769
tile_r019555_c006243,1,-12.300424575805664,41.58725738525391,-2.531266689300537,106.72154235839844,0.0015445830067619
tile_r019555_c006243,1,-12.138930320739746,78.58213806152344,-2.306278944015503,140.30865478515625,0.0015364688588306
tile_r019555_c006243,1,-12.278522491455078,354.1292419433594,-2.527656555175781,420.6814880371094,0.001500759855844
tile_r019555_c006243,1,-12.08701992034912,315.49920654296875,-2.6756744384765625,377.4953918457031,0.0014962344430387
tile_r019555_c006243,1,480.2366333007813,12.848272323608398,516.2742919921875,49.058990478515625,0.001476360601373
tile_r019555_c006243,1,-12.2650728225708,51.56732177734375,-2.245309352874756,120.85203552246094,0.0014735381118953
tile_r019555_c006243,1,-12.167430877685549,65.37078094482422,-2.261796474456787,130.90402221679688,0.0014717080630362
tile_r019555_c006243,1,-12.140273094177246,285.0961303710937,-2.455157518386841,350.188232421875,0.0014519072137773
tile_r019555_c006243,1,446.505859375,-1.6685974597930908,514.9056396484375,22.247333526611328,0.0014504478313028
tile_r019555_c006243,1,518.6690063476562,124.9925308227539,524.5399169921875,184.9190368652344,0.0014484884450212
tile_r019555_c006243,1,496.1127014160156,11.537676811218262,521.9466552734375,79.48379516601562,0.0014380633365362
tile_r019555_c006243,1,52.99503326416016,400.6179809570313,80.00291442871094,425.5530395507813,0.0014156347606331
tile_r019555_c006243,1,-11.279336929321287,168.1264190673828,7.251516819000244,225.0171813964844,0.0014125528978183
tile_r019555_c006243,1,-12.09238338470459,277.14996337890625,-2.292437791824341,334.4813842773437,0.0014095259830355
tile_r019555_c006243,1,-12.33745002746582,31.88677024841309,-2.7872862815856934,91.86994934082033,0.0014007369754835
tile_r019555_c006243,1,-10.813644409179688,173.8914794921875,3.6059234142303462,227.3179473876953,0.0013846778310835
tile_r019555_c006243,1,-12.31065559387207,100.709228515625,-2.102792263031006,161.9762420654297,0.0013669091276824
tile_r019555_c006243,1,511.82666015625,67.22868347167969,524.7283935546875,154.21463012695312,0.0013635422801598
tile_r019555_c006243,1,511.7899475097656,438.5879821777344,524.7257080078125,511.5485229492188,0.0013632202753797
tile_r019555_c006243,1,440.1123046875,432.8086853027344,463.958984375,459.8765563964844,0.001363008050248
tile_r019555_c006243,1,0.1384826600551605,473.850830078125,40.98214721679688,513.0209350585938,0.0013414704008027
tile_r019555_c006243,1,-12.367389678955078,113.741455078125,-1.8763885498046875,178.03549194335938,0.0013197453226894
tile_r019555_c006243,1,-12.368241310119627,16.023035049438477,-2.742462158203125,78.89054107666016,0.0013195618521422
tile_r019555_c006243,1,-12.355549812316896,510.6587829589844,5.006124973297119,524.7999877929688,0.0013075846945866
tile_r019555_c006243,1,-12.324607849121094,370.4038696289063,-2.508702039718628,438.737548828125,0.0013019453035667
tile_r019555_c006243,1,502.4779357910156,-12.800000190734863,524.7999877929688,4.782139778137207,0.0012852607760578
tile_r019555_c006243,1,85.24462890625,505.6695251464844,147.8634490966797,512.0369262695312,0.0012821386335417
tile_r019555_c006243,1,-12.15791130065918,297.6553649902344,-2.629356384277344,367.56884765625,0.0012755879433825
tile_r019555_c006243,1,510.9689025878906,126.077880859375,524.6649169921875,215.34912109375,0.0012678914936259
tile_r019555_c006243,1,-12.019686698913574,-6.546872138977051,-2.436589002609253,34.120262145996094,0.0012487545609474
tile_r019555_c006243,1,-12.342767715454102,387.3163146972656,-2.9192261695861816,454.7487182617188,0.001236408483237
tile_r019555_c006243,1,-11.106666564941406,179.62448120117188,1.1888930797576904,230.6992950439453,0.0012348961317911
tile_r019555_c006243,1,-12.102317810058594,269.314453125,-2.1258530616760254,323.25457763671875,0.0012284676777198
tile_r019555_c006243,1,425.0599670410156,178.18923950195312,459.4933471679688,212.54342651367188,0.0012206353712826
tile_r019555_c006243,1,-12.234439849853516,197.9111785888672,-1.7580184936523438,262.0392150878906,0.0012130985269322
tile_r019555_c006243,1,-9.680615425109863,170.31118774414062,24.439001083374023,234.9288024902344,0.0011348823318257
tile_r019555_c006243,1,-8.725683212280273,161.1219940185547,26.960155487060547,225.5733642578125,0.0011153739178553
tile_r019555_c006243,1,-12.388439178466797,215.6576385498047,-2.960649013519287,282.4729309082031,0.0011028952430933
tile_r019555_c006243,1,502.5867309570313,58.78192901611328,522.1891479492188,135.81680297851562,0.0010800168383866
tile_r019555_c006243,1,51.89274978637695,242.59750366210935,87.30098724365234,274.46148681640625,0.0010606595315039
tile_r019555_c006243,1,511.52447509765625,8.523327827453613,524.524169921875,92.0547103881836,0.0010554629843682
tile_r019555_c006243,1,454.3973693847656,-1.886297583580017,513.5206909179688,50.17144775390625,0.0010537223424762
tile_r019555_c006243,1,-12.319872856140137,400.6683654785156,-3.5119400024414062,467.05517578125,0.0010422618361189
tile_r019555_c006243,1,215.80859375,462.8959045410156,258.9950256347656,502.4390563964844,0.0010415377328172
tile_r019555_c006243,1,-12.20796012878418,258.3672790527344,-2.1262099742889404,314.99493408203125,0.0010146772256121
tile_r019555_c006243,1,203.7279815673828,456.2605590820313,260.88775634765625,511.3115234375,0.0010059226769953
tile_r019555_c006243,1,-11.900657653808594,153.3488311767578,2.663491725921631,220.0555725097656,0.0010036419844254
tile_r019555_c006243,1,427.6400451660156,-12.800000190734863,492.892578125,-3.967913866043091,0.0010009619873017
tile_r019555_c006499,1,181.7315368652344,89.56570434570312,231.6336975097656,136.22659301757812,0.8391209244728088
tile_r019555_c006499,1,256.0326538085937,186.6656036376953,301.9420471191406,229.25973510742188,0.8332091569900513
tile_r019555_c006499,1,350.7650756835937,325.439453125,401.7303161621094,374.6632690429688,0.8148358464241028
tile_r019555_c006499,1,293.3642883300781,433.72314453125,353.9704895019531,485.3684692382813,0.8069125413894653
tile_r019555_c006499,1,305.2779235839844,252.3228302001953,350.8504333496094,294.0380249023437,0.7407259941101074
tile_r019555_c006499,1,240.07638549804688,137.183349609375,276.0111083984375,165.4346160888672,0.7064247727394104
tile_r019555_c006499,1,170.39791870117188,338.5288391113281,205.99526977539065,368.5470886230469,0.6758137941360474
tile_r019555_c006499,1,396.22698974609375,194.96743774414065,445.9408264160156,251.9781188964844,0.6634671688079834
tile_r019555_c006499,1,373.1311950683594,360.2432556152344,411.73834228515625,398.5745239257813,0.5695429444313049
tile_r019555_c006499,1,182.91305541992188,427.5611877441406,221.4571075439453,463.832275390625,0.5686545968055725
tile_r019555_c006499,1,437.62744140625,473.4183654785156,470.3514709472656,501.3203125,0.5604366064071655
tile_r019555_c006499,1,196.6439971923828,0.1641571074724197,238.1620635986328,22.391977310180664,0.4669472277164459
tile_r019555_c006499,1,174.057861328125,182.6269378662109,198.29150390625,204.5497131347656,0.4636600017547607
tile_r019555_c006499,1,313.5630798339844,134.86605834960938,336.09197998046875,157.51187133789062,0.341378778219223
tile_r019555_c006499,1,237.02651977539065,133.9473114013672,278.5792541503906,169.30581665039062,0.1175778284668922
tile_r019555_c006499,1,434.15728759765625,470.4279174804688,472.10052490234375,505.3933715820313,0.11631690710783
tile_r019555_c006499,1,179.75247192382812,423.6203002929688,226.8639373779297,466.7316284179688,0.0521820299327373
tile_r019555_c006499,1,402.2013549804688,196.77572631835935,442.7437438964844,236.5570831298828,0.0323945805430412
tile_r019555_c006499,1,172.7806854248047,179.9495849609375,201.96469116210935,207.1852264404297,0.0266665071249008
tile_r019555_c006499,1,172.71859741210938,340.66558837890625,201.397216796875,366.54193115234375,0.0237972866743803
tile_r019555_c006499,1,402.8942260742188,215.7926788330078,437.8280334472656,251.58740234375,0.0217294823378324
tile_r019555_c006499,1,296.2300720214844,440.492919921875,344.13671875,481.6450805664063,0.0136409346014261
tile_r019555_c006499,1,404.9466857910156,223.4022979736328,435.43408203125,250.705810546875,0.0120975635945796
tile_r019555_c006499,1,229.3918914794922,22.660614013671875,248.7913055419922,39.88042068481445,0.0119392583146691
tile_r019555_c006499,1,302.72662353515625,247.95895385742188,354.5745544433594,300.72833251953125,0.0095167309045791
tile_r019555_c006499,1,511.4931640625,372.2933044433594,524.5269775390625,468.42523193359375,0.0090566677972674
tile_r019555_c006499,1,511.140625,408.6480407714844,524.6527099609375,507.6853637695313,0.0089660659432411
tile_r019555_c006499,1,351.332275390625,329.505859375,413.0238342285156,401.6589965820313,0.0079962247982621
tile_r019555_c006499,1,511.7083435058594,347.4827575683594,524.5663452148438,452.11724853515625,0.0074182613752782
tile_r019555_c006499,1,511.74365234375,282.2539367675781,524.6101684570312,388.29827880859375,0.0072218459099531
tile_r019555_c006499,1,511.5148010253906,209.7375946044922,524.563720703125,309.28912353515625,0.0070860031992197
tile_r019555_c006499,1,512.1751708984375,241.2980194091797,524.6002197265625,349.8117980957031,0.0069253896363079
tile_r019555_c006499,1,511.4165954589844,154.6013641357422,524.6123046875,254.987548828125,0.0061177490279078
tile_r019555_c006499,1,346.355712890625,317.713134765625,409.8009338378906,389.8106994628906,0.0060105458833277
tile_r019555_c006499,1,511.5091857910156,98.3828353881836,524.6513671875,208.33804321289065,0.0058736409991979
tile_r019555_c006499,1,511.2733459472656,180.5733184814453,524.6057739257812,286.74078369140625,0.0058716810308396
tile_r019555_c006499,1,512.009765625,318.3202514648437,524.6209106445312,427.7525024414063,0.005624477751553
tile_r019555_c006499,1,511.4011840820313,127.5118179321289,524.625,233.92068481445312,0.0055392473004758
tile_r019555_c006499,1,307.71075439453125,134.83004760742188,336.3556823730469,161.02529907226562,0.0054611028172075
tile_r019555_c006499,1,191.15771484375,-2.755316972732544,243.4303741455078,20.518634796142575,0.0050127711147069
tile_r019555_c006499,1,511.3678588867188,437.9406127929688,524.6857299804688,512.978515625,0.0049006990157067
tile_r019555_c006499,1,178.96987915039062,81.29237365722656,236.450439453125,140.57177734375,0.0042822668328881
tile_r019555_c006499,1,511.9613342285156,72.70228576660156,524.6246337890625,182.60870361328125,0.0037717996165156
tile_r019555_c006499,1,362.617919921875,338.13580322265625,414.2420043945313,398.1388244628906,0.0037332025822252
tile_r019555_c006499,1,289.6407165527344,422.9800720214844,363.79888916015625,495.8208923339844,0.0034086084924638
tile_r019555_c006499,1,-12.312576293945312,485.8934631347656,-0.80792236328125,516.73388671875,0.003105029463768
tile_r019555_c006499,1,167.2952423095703,334.9540405273437,213.5679931640625,374.9532775878906,0.0029292877297848
tile_r019555_c006499,1,-12.253998756408691,474.1160278320313,-1.2209914922714231,513.9560546875,0.002819740679115
tile_r019555_c006499,1,309.1415100097656,137.15423583984375,331.779541015625,157.41175842285156,0.0026926987338811
tile_r019555_c006499,1,241.50390625,139.5546417236328,269.28594970703125,162.1982879638672,0.0026151412166655
tile_r019555_c006499,1,483.6507873535156,464.1043090820313,517.1917724609375,510.6423950195313,0.0025590262375772
tile_r019555_c006499,1,443.2124938964844,475.5989685058594,469.8443298339844,499.21527099609375,0.0024976865388453
tile_r019555_c006499,1,217.23861694335935,2.853938341140747,259.1586303710937,35.99158477783203,0.0024279681965708
tile_r019555_c006499,1,311.1829528808594,255.88308715820312,348.83642578125,288.5994873046875,0.0024096854031085
tile_r019555_c006499,1,175.19448852539062,418.9552612304688,232.6122589111328,474.2472534179688,0.0021800810936838
tile_r019555_c006499,1,378.6282653808594,363.4703979492188,408.63812255859375,394.8550720214844,0.0021480058785527
tile_r019555_c006499,1,512.1998291015625,56.9212646484375,524.5545043945312,156.02102661132812,0.0021369024179875
tile_r019555_c006499,1,193.18716430664065,0.9740082025527954,248.0190887451172,32.70750427246094,0.0019967050757259
tile_r019555_c006499,1,310.4681701660156,129.22512817382812,341.20721435546875,162.5926971435547,0.0019958566408604
tile_r019555_c006499,1,186.08688354492188,430.5503540039063,215.03732299804688,461.595458984375,0.0019592375028878
tile_r019555_c006499,1,177.05752563476562,341.47674560546875,206.8817596435547,365.63873291015625,0.0019136702176183
tile_r019555_c006499,1,512.1349487304688,31.37752723693848,524.6566162109375,134.47000122070312,0.0018888893537223
tile_r019555_c006499,1,500.19091796875,454.1940307617188,520.9495239257812,512.1477661132812,0.0017843889072537
tile_r019555_c006499,1,-12.27849578857422,504.0075073242188,2.937487840652466,524.4844970703125,0.0017370749264955
tile_r019555_c006499,1,183.9774475097656,432.47271728515625,208.7506866455078,460.0591430664063,0.001719705411233
tile_r019555_c006499,1,163.11178588867188,327.20965576171875,218.50045776367188,388.9339904785156,0.0016178663354367
tile_r019555_c006499,1,-12.388819694519045,460.2120971679688,-1.0236800909042358,511.8404235839844,0.0015351832844316
tile_r019555_c006499,1,-12.306944847106934,-4.352374076843262,-4.225909233093262,53.4131088256836,0.0014619588619098
tile_r019555_c006499,1,222.134033203125,106.0313491821289,283.4407653808594,170.57919311523438,0.0014524313155561
tile_r019555_c006499,1,477.762939453125,443.6676635742188,518.2098388671875,510.4110412597656,0.0014230831293389
tile_r019555_c006499,1,-11.770402908325195,-12.511704444885254,-0.5784042477607727,12.896718978881836,0.0013774852268397
tile_r019555_c006499,1,512.12060546875,7.2066650390625,524.63134765625,106.73405456542967,0.0013659512624144
tile_r019555_c006499,1,233.8246154785156,128.51376342773438,282.26788330078125,172.57688903808594,0.0013472377322614
tile_r019555_c006499,1,508.1749877929688,-12.800000190734863,524.6510009765625,12.890246391296388,0.001323458389379
tile_r019555_c006499,1,-12.538689613342283,1.644384741783142,-4.239445686340332,68.7342758178711,0.0012929991353303
tile_r019555_c006499,1,-12.462461471557615,351.2968139648437,-2.923869371414185,412.194580078125,0.0012761626858264
tile_r019555_c006499,1,318.7443542480469,133.110107421875,336.3835144042969,154.6111297607422,0.001207398599945
tile_r019555_c006499,1,497.6399536132813,367.4894104003906,522.0574951171875,444.5151977539063,0.0012039135908707
tile_r019555_c006499,1,-12.4122314453125,386.5774536132813,-1.891778588294983,444.9072265625,0.0011612395755946
tile_r019555_c006499,1,-12.45319652557373,359.3451232910156,-2.2444961071014404,422.2941284179688,0.0011593119706958
tile_r019555_c006499,1,298.26776123046875,506.0900268554688,364.5962219238281,512.6632690429688,0.0011420865776017
tile_r019555_c006499,1,-12.523037910461426,441.0791931152344,-1.4417587518692017,503.1942443847656,0.0011397689813748
tile_r019555_c006499,1,-12.446080207824709,398.765869140625,-1.8875885009765625,457.739501953125,0.0011344851227477
tile_r019555_c006499,1,168.43661499023438,177.92837524414062,204.0820770263672,212.5238800048828,0.0011216400889679
tile_r019555_c006499,1,-12.485302925109863,410.1354370117188,-1.745794653892517,470.4795837402344,0.0010836191941052
tile_r019555_c006499,1,-12.510411262512209,423.6940307617188,-1.6197417974472046,485.00244140625,0.0010806713253259
tile_r019555_c006499,1,389.73968505859375,190.331298828125,450.9861755371094,265.78173828125,0.0010764109902083
tile_r019555_c006499,1,-12.5919771194458,172.12832641601562,-3.754025220870972,235.8572235107422,0.0010690739145502
tile_r019555_c006499,1,469.75244140625,-12.65032196044922,517.03271484375,-4.259970188140869,0.001057275920175
tile_r019555_c006499,1,-12.431683540344238,371.3123474121094,-1.796966552734375,433.7200622558594,0.0010394154815003
tile_r019555_c006499,1,500.545654296875,422.0768432617188,522.9942626953125,512.8145751953125,0.0010240507544949
tile_r019555_c006499,1,365.28466796875,354.9422302246094,417.6073303222656,404.8426208496094,0.0010150838643312
tile_r019555_c006499,1,-12.161441802978516,-7.962327480316162,-3.395787000656128,38.09941482543945,0.0010102243395522
tile_r019555_c006755,1,95.5470962524414,326.10205078125,144.9603729248047,373.7955932617188,0.8153852224349976
tile_r019555_c006755,1,450.0938415527344,105.8437271118164,500.8493041992188,154.8551025390625,0.8111057877540588
tile_r019555_c006755,1,0.7178955078125,186.37252807617188,46.97581100463867,230.0989532470703,0.8091634511947632
tile_r019555_c006755,1,37.59759521484375,434.3875122070313,97.3267059326172,485.4535217285156,0.8073351979255676
tile_r019555_c006755,1,50.0298080444336,252.56771850585935,94.39347076416016,293.553955078125,0.7340051531791687
tile_r019555_c006755,1,334.9701232910156,1.307855248451233,377.1698303222656,35.6500129699707,0.6970919370651245
tile_r019555_c006755,1,447.4762268066406,183.9214324951172,482.44927978515625,216.74398803710935,0.6746150851249695
tile_r019555_c006755,1,140.979736328125,194.53646850585935,189.5595245361328,250.647216796875,0.6573757529258728
tile_r019555_c006755,1,423.6817321777344,331.9919128417969,450.60302734375,362.6355590820313,0.6415992975234985
tile_r019555_c006755,1,466.6962890625,429.7969665527344,503.8470764160156,466.802734375,0.5953223705291748
tile_r019555_c006755,1,117.54969787597656,360.5274963378906,155.56394958496094,398.39154052734375,0.5379497408866882
tile_r019555_c006755,1,181.79544067382807,473.4823303222656,214.03591918945312,501.33056640625,0.532194972038269
tile_r019555_c006755,1,0.593518078327179,136.92800903320312,23.267635345458984,166.3264923095703,0.3477617800235748
tile_r019555_c006755,1,481.6630859375,489.7377014160156,514.3919677734375,513.7023315429688,0.3453297019004822
tile_r019555_c006755,1,57.6158561706543,135.05758666992188,79.9554443359375,157.3852081298828,0.3284811377525329
tile_r019555_c006755,1,178.09141540527344,470.7655334472656,215.6841735839844,505.5143432617188,0.0779716894030571
tile_r019555_c006755,1,146.53866577148438,196.82192993164065,186.61471557617188,236.3872528076172,0.0329889729619026
tile_r019555_c006755,1,443.9891052246094,180.30780029296875,487.2569885253906,219.9890594482422,0.0297817103564739
tile_r019555_c006755,1,463.6332092285156,425.5211486816406,512.283203125,471.8001403808594,0.0237479377537965
tile_r019555_c006755,1,468.7916564941406,434.4136352539063,501.5318908691406,463.61236572265625,0.0220270194113254
tile_r019555_c006755,1,147.662841796875,219.6072235107422,181.39437866210935,251.2884826660156,0.0206651799380779
tile_r019555_c006755,1,-0.6503051519393921,129.35043334960938,28.314594268798828,170.22021484375,0.0203361622989177
tile_r019555_c006755,1,40.1662712097168,440.4620971679688,88.06184387207031,481.8058471679688,0.0120186069980263
tile_r019555_c006755,1,150.50289916992188,225.0707092285156,178.1634063720703,250.1164093017578,0.0100959464907646
tile_r019555_c006755,1,328.85791015625,-2.076702833175659,382.8515625,39.64438629150391,0.00776973599568
tile_r019555_c006755,1,51.8603515625,134.81298828125,80.2386703491211,160.2873992919922,0.0071686538867652
tile_r019555_c006755,1,95.7976303100586,329.69805908203125,156.9578857421875,401.3074645996094,0.0068821473978459
tile_r019555_c006755,1,46.5252799987793,248.0161590576172,98.49684143066406,300.82391357421875,0.0061387787573039
tile_r019555_c006755,1,472.84130859375,483.4724731445313,514.5194091796875,515.1353759765625,0.0054467786103487
tile_r019555_c006755,1,423.0558471679688,335.452880859375,444.9122009277344,361.73724365234375,0.0054242233745753
tile_r019555_c006755,1,450.1619262695313,186.6538848876953,479.1062622070313,213.78005981445312,0.0048004239797592
tile_r019555_c006755,1,90.9472198486328,317.6226501464844,153.37109375,389.3439331054688,0.0041109016165137
tile_r019555_c006755,1,55.243919372558594,255.9783172607422,92.6169662475586,288.4200134277344,0.0039667799137532
tile_r019555_c006755,1,460.8345642089844,415.1410217285156,514.7103271484375,477.5606384277344,0.003794444957748
tile_r019555_c006755,1,511.2411193847656,331.3828125,524.6077270507812,432.6036987304688,0.0037321439012885
tile_r019555_c006755,1,511.59417724609375,310.4937438964844,524.4532470703125,406.48333740234375,0.003453288692981
tile_r019555_c006755,1,511.80218505859375,140.2666778564453,524.5418701171875,229.05712890625,0.0034354811068624
tile_r019555_c006755,1,511.6942443847656,224.7693328857422,524.4569091796875,315.10028076171875,0.0034088483080267
tile_r019555_c006755,1,511.8809509277344,257.9488220214844,524.50634765625,355.7427673339844,0.0031152870506048
tile_r019555_c006755,1,106.7773895263672,337.6207580566406,158.01315307617188,397.6600036621094,0.0030979632865637
tile_r019555_c006755,1,187.59347534179688,475.35302734375,213.4544219970703,499.1295776367188,0.0030211159028112
tile_r019555_c006755,1,445.85784912109375,100.33516693115234,506.2320861816406,160.98590087890625,0.0029963352717459
tile_r019555_c006755,1,54.111778259277344,129.5740203857422,81.87081146240234,162.1930694580078,0.0029511027969419
tile_r019555_c006755,1,53.10630035400391,137.40203857421875,75.3869400024414,157.07009887695312,0.0028316490352153
tile_r019555_c006755,1,501.1868591308594,3.2706847190856934,512.5508422851562,22.790882110595703,0.0028284126892685
tile_r019555_c006755,1,511.7843322753906,281.767578125,524.5723266601562,389.4671936035156,0.002824556780979
tile_r019555_c006755,1,34.6814079284668,424.783203125,107.45198822021484,495.1322326660156,0.0027826894074678
tile_r019555_c006755,1,429.16015625,334.79815673828125,452.8832092285156,360.9954223632813,0.0026570481713861
tile_r019555_c006755,1,511.4215698242188,158.70516967773438,524.57470703125,252.1570281982422,0.0026079027447849
tile_r019555_c006755,1,-11.706652641296388,168.86672973632812,1.6700531244277954,240.25796508789065,0.0025493453722447
tile_r019555_c006755,1,122.87825012207033,363.5458068847656,152.5491943359375,394.8377990722656,0.0024935211986303
tile_r019555_c006755,1,512.0240478515625,362.7981567382813,524.5601196289062,452.25537109375,0.0024913090746849
tile_r019555_c006755,1,512.8416137695312,103.2850112915039,524.625,204.4772491455078,0.0024822542909532
tile_r019555_c006755,1,513.2733154296875,407.4319763183594,524.2669677734375,488.418212890625,0.0024395219516009
tile_r019555_c006755,1,-12.276471138000488,460.5245971679688,-1.1558349132537842,513.4488525390625,0.0023131049238145
tile_r019555_c006755,1,-11.999465942382812,-3.0085816383361816,-2.880609035491944,47.6486701965332,0.0022930488921701
tile_r019555_c006755,1,511.8623962402344,195.11865234375,524.5506591796875,295.2188415527344,0.0022543158847838
tile_r019555_c006755,1,-12.193079948425291,426.7479553222656,-1.9981781244277956,483.3504943847656,0.0022514862939715
tile_r019555_c006755,1,-12.20273780822754,1.334143042564392,-2.6844940185546875,63.2789421081543,0.002039328450337
tile_r019555_c006755,1,420.2620239257813,329.31573486328125,454.81201171875,366.0724487304688,0.00196123868227
tile_r019555_c006755,1,-12.26563549041748,488.742919921875,-0.795697033405304,517.2242431640625,0.0019589271396398
tile_r019555_c006755,1,513.0499267578125,374.9061584472656,524.5530395507812,468.4168090820313,0.0019536956679075
tile_r019555_c006755,1,-12.236559867858888,507.43017578125,1.9513946771621704,524.6360473632812,0.0019092333968728
tile_r019555_c006755,1,-12.261948585510254,445.3766479492188,-1.6521164178848269,505.7741088867188,0.0018823759164661
tile_r019555_c006755,1,-11.910072326660156,191.49420166015625,-0.8440628051757812,253.65249633789065,0.0018479994032531
tile_r019555_c006755,1,79.39021301269531,112.5313949584961,144.78762817382812,174.11752319335938,0.0016707717441022
tile_r019555_c006755,1,-12.371099472045898,63.94490814208984,-2.310821533203125,126.25794982910156,0.0016436378937214
tile_r019555_c006755,1,-12.23746395111084,280.8711853027344,-2.1158173084259038,347.0039978027344,0.001642775023356
tile_r019555_c006755,1,-11.733366012573242,-12.339202880859377,0.684661865234375,11.949674606323242,0.0016280349809676
tile_r019555_c006755,1,-12.274340629577637,318.09869384765625,-2.107829332351685,380.26568603515625,0.0016209478490054
tile_r019555_c006755,1,-12.28307056427002,202.4375915527344,-2.9016616344451904,266.8627319335937,0.0016195132629945
tile_r019555_c006755,1,-11.7263822555542,179.46217346191406,-0.2298568785190582,245.472412109375,0.0016043215291574
tile_r019555_c006755,1,-12.211751937866213,305.85504150390625,-2.043280124664306,368.4026489257813,0.0015161789488047
tile_r019555_c006755,1,-12.220955848693848,41.0532112121582,-2.075192213058472,103.47833251953124,0.0014743241481482
tile_r019555_c006755,1,484.935791015625,463.76416015625,520.254150390625,517.0242919921875,0.0014621906448155
tile_r019555_c006755,1,-12.279267311096191,52.1636962890625,-2.137777805328369,114.0735855102539,0.001455839141272
tile_r019555_c006755,1,-12.23051643371582,408.8311462402344,-1.870701551437378,465.96142578125,0.0014454610645771
tile_r019555_c006755,1,134.3994140625,189.8175506591797,195.80322265625,265.1220092773437,0.0014451300958171
tile_r019555_c006755,1,-12.385156631469728,328.8108825683594,-2.1853058338165283,393.1637573242188,0.0013841392938047
tile_r019555_c006755,1,497.4517517089844,0.718371570110321,517.4232177734375,36.0742073059082,0.0013565173139795
tile_r019555_c006755,1,337.5474548339844,3.0174560546875,370.6491088867188,31.18477249145508,0.0013454380678012
tile_r019555_c006755,1,502.6988830566406,160.07664489746094,522.495849609375,233.9578094482422,0.0013453221181407
tile_r019555_c006755,1,-12.299814224243164,257.2478942871094,-1.836798071861267,325.1197814941406,0.0013231699122115
tile_r019555_c006755,1,-12.334649085998535,243.687255859375,-2.0231826305389404,311.4496459960937,0.0012926039053127
tile_r019555_c006755,1,-10.961286544799805,127.86228942871094,6.244088649749756,179.15040588378906,0.0012834771769121
tile_r019555_c006755,1,-12.168190956115724,30.8689079284668,-2.101058959960937,90.5977020263672,0.0012731458991765
tile_r019555_c006755,1,-12.207719802856444,13.789629936218262,-2.2480177879333496,77.87358856201172,0.0012681517982855
tile_r019555_c006755,1,-12.320819854736328,229.00424194335935,-2.3956801891326904,295.9727478027344,0.001255482668057
tile_r019555_c006755,1,512.9426879882812,80.83976745605469,524.4088745117188,182.16567993164065,0.0012399973347783
tile_r019555_c006755,1,-12.479013442993164,340.85711669921875,-2.1289780139923096,407.236328125,0.0012086400529369
tile_r019555_c006755,1,-11.925016403198242,-6.8335723876953125,-2.2985610961914062,34.07272720336914,0.001202895771712
tile_r019555_c006755,1,309.9257507324219,222.09976196289065,336.08013916015625,247.9755401611328,0.0011721384944394
tile_r019555_c006755,1,489.46380615234375,-0.728118896484375,519.8729248046875,24.03400039672852,0.0011551358038559
tile_r019555_c006755,1,62.92938232421875,133.78744506835938,80.05206298828125,154.56912231445312,0.0011479563545435
tile_r019555_c006755,1,-2.242321729660034,178.72616577148438,50.13116455078125,237.15966796875,0.0011264000786468
tile_r019555_c006755,1,507.4810485839844,-12.800000190734863,524.6728515625,19.13531494140625,0.0011217591818422
tile_r019555_c006755,1,481.49755859375,0.016668701544404,518.9412841796875,60.920692443847656,0.0011149813653901
tile_r019555_c006755,1,-12.380460739135742,214.7831573486328,-2.824946641921997,281.3075561523437,0.0011102537391707
tile_r019555_c006755,1,-12.276529312133787,397.7925720214844,-1.685028076171875,454.2247924804688,0.0011080792173743
tile_r019555_c006755,1,502.6031188964844,145.9012451171875,522.0943603515625,206.5594482421875,0.0010949282441288
tile_r019555_c006755,1,502.3259887695313,369.5372924804688,522.7775268554688,439.3558654785156,0.0010637702653184
tile_r019555_c006755,1,470.28662109375,489.4462890625,519.8541870117188,522.7488403320312,0.0010501246433705
tile_r019555_c006755,1,500.5367126464844,306.61041259765625,522.2135009765625,378.272705078125,0.0010210351319983
tile_r019555_c006755,1,109.03521728515624,355.08660888671875,161.80538940429688,404.8392639160156,0.0010043293004855
tile_r019555_c007011,1,246.2976531982422,235.633544921875,292.37030029296875,278.8773803710937,0.8342688083648682
tile_r019555_c007011,1,195.4488983154297,107.79212951660156,243.16720581054688,153.41700744628906,0.830061674118042
tile_r019555_c007011,1,282.99951171875,378.21685791015625,331.44744873046875,421.406005859375,0.8295422792434692
tile_r019555_c007011,1,79.21379089355469,1.382867455482483,120.986328125,35.40819549560547,0.7058525085449219
tile_r019555_c007011,1,191.7122344970703,184.1133270263672,226.33639526367188,216.38687133789065,0.6975405216217041
tile_r019555_c007011,1,477.5103149414063,8.55949592590332,509.23773193359375,39.88237380981445,0.6819977760314941
tile_r019555_c007011,1,362.3609008789063,378.762451171875,398.4100036621094,408.84619140625,0.6739432215690613
tile_r019555_c007011,1,211.54379272460935,432.4717712402344,248.2324676513672,464.7575073242188,0.6675860285758972
tile_r019555_c007011,1,167.63693237304688,331.9801025390625,194.48043823242188,362.5333251953125,0.6272056102752686
tile_r019555_c007011,1,379.35345458984375,471.8779296875,409.55572509765625,497.8390502929688,0.58567875623703
tile_r019555_c007011,1,308.04498291015625,287.2914733886719,345.19683837890625,320.5203857421875,0.5817755460739136
tile_r019555_c007011,1,322.80731201171875,180.19741821289065,383.9991760253906,235.2663116455078,0.5245644450187683
tile_r019555_c007011,1,222.70230102539065,490.4490356445313,267.1105041503906,512.73388671875,0.338255226612091
tile_r019555_c007011,1,253.43881225585935,162.56991577148438,280.6747436523437,188.1947784423828,0.2243130207061767
tile_r019555_c007011,1,457.3948364257813,198.7677001953125,489.1891479492188,225.9349822998047,0.1882538199424743
tile_r019555_c007011,1,332.63592529296875,339.82916259765625,363.79345703125,363.0605163574219,0.1809006780385971
tile_r019555_c007011,1,331.550048828125,334.862548828125,367.602294921875,364.33538818359375,0.0399891771376132
tile_r019555_c007011,1,332.7986755371094,182.89073181152344,382.87738037109375,226.0304718017578,0.0330575630068779
tile_r019555_c007011,1,188.3330993652344,180.6355438232422,230.8412170410156,219.4614715576172,0.025194589048624
tile_r019555_c007011,1,478.7615356445313,12.724291801452637,503.7630920410156,37.532135009765625,0.0238271038979291
tile_r019555_c007011,1,359.1776733398437,374.3562622070313,401.839599609375,411.2984313964844,0.0220949947834014
tile_r019555_c007011,1,458.4481506347656,201.4354705810547,484.1364135742188,224.52395629882807,0.0219686832278966
tile_r019555_c007011,1,332.52020263671875,342.3182983398437,357.22760009765625,361.9630126953125,0.017547134310007
tile_r019555_c007011,1,337.27960205078125,339.99713134765625,367.05712890625,360.2260437011719,0.0137426890432834
tile_r019555_c007011,1,455.84814453125,192.9969787597656,497.0354614257813,230.21728515625,0.0103883491829037
tile_r019555_c007011,1,245.74435424804688,1.481170654296875,269.4385070800781,20.311504364013672,0.0098577747121453
tile_r019555_c007011,1,511.6034240722656,424.9637756347656,524.6802978515625,512.4854736328125,0.0089208651334047
tile_r019555_c007011,1,208.1562957763672,427.3869018554688,252.802490234375,469.7191467285156,0.0083736320957541
tile_r019555_c007011,1,224.8081970214844,495.447021484375,271.33349609375,512.7010498046875,0.0078193023800849
tile_r019555_c007011,1,512.1329345703125,449.2054748535156,524.6837158203125,514.2200927734375,0.0076620164327323
tile_r019555_c007011,1,73.17314147949219,-1.983813524246216,126.6347885131836,39.23941040039063,0.0070358202792704
tile_r019555_c007011,1,215.6578063964844,483.9556579589844,272.26202392578125,514.3253784179688,0.0064834239892661
tile_r019555_c007011,1,314.51202392578125,289.3415832519531,342.5660095214844,317.5841064453125,0.0064374008215963
tile_r019555_c007011,1,304.1376037597656,281.88916015625,348.44140625,324.2094116210937,0.0060633355751633
tile_r019555_c007011,1,473.76947021484375,3.1603026390075684,513.5472412109375,45.11897659301758,0.0060480148531496
tile_r019555_c007011,1,194.2591552734375,186.72286987304688,222.8096466064453,213.5076446533203,0.0057443147525191
tile_r019555_c007011,1,512.02099609375,394.08099365234375,524.6047973632812,499.4401245117188,0.0052484422922134
tile_r019555_c007011,1,428.43212890625,93.1492691040039,476.5120239257813,141.72817993164062,0.005242358893156
tile_r019555_c007011,1,328.4749450683594,332.7225341796875,379.56243896484375,371.4915771484375,0.0050285905599594
tile_r019555_c007011,1,167.06045532226562,335.3905944824219,188.86083984375,361.7415771484375,0.0048251175321638
tile_r019555_c007011,1,377.8196411132813,474.9449157714844,403.27685546875,497.1142578125,0.0048083602450788
tile_r019555_c007011,1,489.0552673339844,372.01361083984375,512.4134521484375,394.89068603515625,0.0043211663141846
tile_r019555_c007011,1,371.27056884765625,469.09033203125,412.37786865234375,504.80078125,0.0041415761224925
tile_r019555_c007011,1,511.61181640625,352.26007080078125,524.3772583007812,433.3011779785156,0.0040006353519856
tile_r019555_c007011,1,512.2450561523438,366.9017639160156,524.6021118164062,473.0574340820313,0.0039243479259312
tile_r019555_c007011,1,310.42803955078125,291.2154235839844,338.5439453125,318.29180908203125,0.0034689824096858
tile_r019555_c007011,1,511.7129821777344,325.5343322753906,524.6307373046875,420.8591918945313,0.0034325746819376
tile_r019555_c007011,1,315.7525329589844,172.97470092773438,389.3958129882813,245.4022979736328,0.0030195710714906
tile_r019555_c007011,1,512.0188598632812,292.4188537597656,524.6610107421875,398.505859375,0.0028234033379703
tile_r019555_c007011,1,239.92453002929688,-0.0467018112540245,270.6269836425781,22.956558227539062,0.0026447148993611
tile_r019555_c007011,1,164.348388671875,328.52764892578125,199.66775512695312,365.8331909179688,0.0023519694805145
tile_r019555_c007011,1,172.9848175048828,334.1357421875,197.1600646972656,360.8956909179688,0.0023430564906448
tile_r019555_c007011,1,454.0393676757813,191.0629425048828,506.09326171875,234.5363311767578,0.0022422384936362
tile_r019555_c007011,1,454.9203186035156,184.25450134277344,516.2952880859375,257.150390625,0.0022234471980482
tile_r019555_c007011,1,328.931884765625,333.19415283203125,393.6323852539063,391.1474609375,0.00219178176485
tile_r019555_c007011,1,500.28173828125,0.1405883729457855,521.7091064453125,85.3490219116211,0.0020528603345155
tile_r019555_c007011,1,497.2384643554688,345.7484741210937,521.0528564453125,401.4303283691406,0.0019875103607773
tile_r019555_c007011,1,511.930908203125,272.244384765625,524.5181274414062,368.1851196289063,0.0019031624542549
tile_r019555_c007011,1,387.6329650878906,60.408790588378906,426.45355224609375,100.78526306152344,0.0018967377254739
tile_r019555_c007011,1,405.7442321777344,1.425469994544983,445.7176818847656,12.956329345703123,0.0018423717701807
tile_r019555_c007011,1,494.0936584472656,179.723388671875,520.3059692382812,239.3456115722656,0.0018036402761936
tile_r019555_c007011,1,25.822982788085938,210.3513641357422,93.18973541259766,290.21563720703125,0.001754178549163
tile_r019555_c007011,1,246.9680633544922,158.47372436523438,284.380859375,191.20579528808597,0.0017490407917648
tile_r019555_c007011,1,417.4828186035156,79.5631103515625,477.3037109375,144.11788940429688,0.00174617592711
tile_r019555_c007011,1,511.82171630859375,119.0510711669922,524.5623779296875,214.361083984375,0.0017289262032136
tile_r019555_c007011,1,362.6739807128906,381.2064514160156,390.3689880371094,405.6927795410156,0.0016974046593531
tile_r019555_c007011,1,191.0286865234375,103.62628173828124,247.74850463867188,159.51792907714844,0.0016545776743441
tile_r019555_c007011,1,342.70166015625,184.16131591796875,380.43505859375,222.5540008544922,0.0015806938754394
tile_r019555_c007011,1,407.8772583007813,1.014378309249878,436.7450256347656,11.710942268371582,0.0015703323297202
tile_r019555_c007011,1,512.888671875,14.9255952835083,524.5941162109375,104.06424713134766,0.0015635348390787
tile_r019555_c007011,1,512.0617065429688,143.00259399414062,524.6527099609375,244.80810546875,0.0015352081973105
tile_r019555_c007011,1,500.5535278320313,442.6375427246094,521.4329833984375,514.918212890625,0.0015049536013975
tile_r019555_c007011,1,511.4320373535156,91.1020965576172,524.6229248046875,191.49624633789065,0.0014960797270759
tile_r019555_c007011,1,81.67570495605469,3.130876064300537,114.5136947631836,30.97904586791992,0.0014872029423713
tile_r019555_c007011,1,473.7007751464844,-3.4751219749450684,519.5271606445312,52.79630279541016,0.0013775121187791
tile_r019555_c007011,1,492.4200744628906,184.85362243652344,521.1571655273438,257.8368225097656,0.0013667782768607
tile_r019555_c007011,1,213.57144165039065,436.9845581054688,242.4142608642578,462.1851501464844,0.0013583712279796
tile_r019555_c007011,1,512.2127685546875,234.9114990234375,524.5654907226562,325.86883544921875,0.0013576380442827
tile_r019555_c007011,1,-12.444083213806152,465.8644104003906,-3.031569004058838,514.778076171875,0.0012974649434909
tile_r019555_c007011,1,495.6876525878906,245.6214904785156,512.4146728515625,268.88397216796875,0.0012783908750861
tile_r019555_c007011,1,-12.38917350769043,490.2159118652344,-1.4074554443359375,517.07568359375,0.0012640787754207
tile_r019555_c007011,1,511.9195251464844,225.2187042236328,524.3761596679688,303.2601013183594,0.0012620366178452
tile_r019555_c007011,1,-12.371728897094728,510.2427673339844,3.234719753265381,524.7999877929688,0.0012589978286996
tile_r019555_c007011,1,512.1043701171875,49.719215393066406,524.6052856445312,152.9634246826172,0.0012444698950275
tile_r019555_c007011,1,512.0421142578125,192.32534790039065,524.7178955078125,289.100341796875,0.0012301766546443
tile_r019555_c007011,1,511.0055541992188,487.13818359375,524.7999877929688,524.7999877929688,0.0012221232755109
tile_r019555_c007011,1,380.9076843261719,-12.732187271118164,436.0557556152344,-7.111788749694824,0.0012183644575998
tile_r019555_c007011,1,-12.063867568969728,10.037054061889648,-4.128549098968506,63.08580780029297,0.0011978934053331
tile_r019555_c007011,1,-12.501996040344238,438.6798400878906,-4.157916069030762,500.6590270996094,0.0011959682451561
tile_r019555_c007011,1,401.708251953125,467.91455078125,470.7713317871094,510.7138671875,0.0011823242530226
tile_r019555_c007011,1,-12.256113052368164,16.63348388671875,-4.337315559387207,74.15602111816406,0.0011789768468588
tile_r019555_c007011,1,498.0508728027344,188.4862823486328,521.84521484375,269.7377014160156,0.0011771162971854
tile_r019555_c007011,1,-11.727017402648926,-12.56804370880127,0.837268054485321,5.532557487487793,0.0011551241623237
tile_r019555_c007011,1,330.15313720703125,319.95562744140625,378.84130859375,368.4479064941406,0.0011356079485267
tile_r019555_c007011,1,512.06201171875,40.317527770996094,524.4703369140625,128.07931518554688,0.001118914457038
tile_r019555_c007011,1,400.332763671875,70.91829681396484,478.917724609375,144.93829345703125,0.0011159445857629
tile_r019555_c007011,1,490.88330078125,358.2845764160156,522.2702026367188,429.0113220214844,0.0011007613502442
tile_r019555_c007011,1,501.0731506347656,245.590087890625,512.9539794921875,268.493896484375,0.0010922248475253
tile_r019555_c007011,1,-12.523146629333496,448.7951049804688,-3.578561305999756,510.9191284179688,0.0010729199275374
tile_r019555_c007011,1,493.5778198242188,418.86334228515625,522.4959716796875,512.6366577148438,0.0010705456370487
tile_r019555_c007011,1,-12.479928016662598,141.86459350585938,-3.686967372894287,207.69577026367188,0.0010698314290493
tile_r019555_c007011,1,511.8606567382813,173.060791015625,524.4517822265625,260.96710205078125,0.0010649485047906
tile_r019555_c007011,1,77.61531829833984,320.2732238769531,91.93204498291016,335.77740478515625,0.0010643394198268
tile_r019555_c007011,1,-12.52502155303955,298.18017578125,-4.011796474456787,360.9939575195313,0.0010554528562352
tile_r019555_c007011,1,-12.534634590148926,383.9851684570313,-4.233499050140381,450.7550659179688,0.0010424316860735
tile_r019555_c007011,1,355.6058654785156,371.20123291015625,405.3116149902344,417.731689453125,0.001038648886606
tile_r019555_c007011,1,108.5530776977539,434.6255798339844,127.1383819580078,447.9279174804688,0.0010376316495239
tile_r019555_c007011,1,-12.553037643432615,309.24053955078125,-3.984378099441528,373.6697387695313,0.0010213581845164
tile_r019555_c007011,1,510.0612182617188,1.3074829578399658,523.7669067382812,71.45415496826172,0.0010145868873223
tile_r019555_c007011,1,498.2557067871094,323.4681091308594,522.5156860351562,402.6624450683594,0.0010082680964842
tile_r019555_c007011,1,-12.453089714050291,131.3562774658203,-3.731097459793091,195.5427703857422,0.0010073344456031
tile_r019555_c007011,1,407.1257934570313,0.3934570252895355,431.8746032714844,5.602734565734863,0.0010062122019007
tile_r019555_c007267,1,25.85103988647461,377.7886657714844,75.45591735839844,421.6868286132813,0.8230045437812805
tile_r019555_c007267,1,245.48806762695312,281.13995361328125,298.8328857421875,342.1341857910156,0.7576968669891357
tile_r019555_c007267,1,-0.0501312240958213,236.26022338867188,36.09250259399414,276.36407470703125,0.7361605167388916
tile_r019555_c007267,1,221.648681640625,9.102801322937012,253.2670440673828,39.16138458251953,0.7156118154525757
tile_r019555_c007267,1,106.1543960571289,378.618896484375,142.6125030517578,409.07122802734375,0.6851881742477417
tile_r019555_c007267,1,396.25775146484375,328.5292053222656,441.8049926757813,367.90576171875,0.6723624467849731
tile_r019555_c007267,1,334.0072631835937,86.03253173828125,368.80218505859375,116.70494079589844,0.6244405508041382
tile_r019555_c007267,1,285.144775390625,53.83380126953125,311.73638916015625,74.92696380615234,0.621584415435791
tile_r019555_c007267,1,123.24847412109376,471.8128967285156,153.59649658203125,497.8407287597656,0.6129725575447083
tile_r019555_c007267,1,52.7439079284668,287.9399108886719,88.73585510253906,320.03741455078125,0.5898032188415527
tile_r019555_c007267,1,66.93507385253906,179.82174682617188,128.29684448242188,235.45413208007807,0.5650325417518616
tile_r019555_c007267,1,333.66015625,178.8424530029297,363.2228393554688,201.7203369140625,0.5595452785491943
tile_r019555_c007267,1,368.351806640625,327.166259765625,389.0478515625,345.70672607421875,0.4931786060333252
tile_r019555_c007267,1,1.3616836071014404,161.55667114257812,25.756336212158203,189.5953063964844,0.413705050945282
tile_r019555_c007267,1,76.61044311523438,339.58551025390625,108.0911636352539,363.2340393066406,0.2153346091508865
tile_r019555_c007267,1,199.80697631835935,196.27279663085935,236.546875,229.271240234375,0.1696149855852127
tile_r019555_c007267,1,250.9731903076172,289.150634765625,291.6048278808594,340.745849609375,0.1603840589523315
tile_r019555_c007267,1,281.54705810546875,51.34024810791016,313.96484375,76.55853271484375,0.0747192874550819
tile_r019555_c007267,1,335.76483154296875,88.31670379638672,365.1478576660156,113.7276840209961,0.0599639117717742
tile_r019555_c007267,1,366.3149719238281,328.78619384765625,384.8327331542969,344.8180847167969,0.0508206076920032
tile_r019555_c007267,1,75.01502990722656,334.1678771972656,113.9809112548828,366.25579833984375,0.0492954403162002
tile_r019555_c007267,1,76.69934844970703,182.82449340820312,127.02287292480467,226.1756896972656,0.0370673090219497
tile_r019555_c007267,1,222.8555603027344,12.978582382202148,247.7751007080078,37.30590057373047,0.0242093615233898
tile_r019555_c007267,1,76.51258850097656,342.03692626953125,101.66109466552734,362.1087036132813,0.0219212472438812
tile_r019555_c007267,1,81.20780181884766,339.8766174316406,111.12264251708984,360.4410705566406,0.0163651928305625
tile_r019555_c007267,1,198.5876007080078,192.0264129638672,242.5945281982422,232.272216796875,0.0161362774670124
tile_r019555_c007267,1,201.94677734375,199.9489288330078,229.8755798339844,225.3767547607422,0.0136316791176795
tile_r019555_c007267,1,294.8838806152344,469.0770568847656,321.40155029296875,492.8226623535156,0.0130797689780592
tile_r019555_c007267,1,392.5572814941406,322.20379638671875,446.98138427734375,372.64599609375,0.0119766173884272
tile_r019555_c007267,1,-0.566021740436554,154.1248779296875,29.506519317626957,192.7540283203125,0.0115323839709162
tile_r019555_c007267,1,253.1607360839844,282.1011657714844,292.32598876953125,318.5643615722656,0.011267396621406
tile_r019555_c007267,1,330.9855041503906,174.5305938720703,367.8399353027344,205.8178253173828,0.0105083808302879
tile_r019555_c007267,1,181.61148071289065,90.2634048461914,223.9975128173828,144.5970001220703,0.0101584373041987
tile_r019555_c007267,1,103.15959167480467,373.7374877929688,147.06124877929688,412.5379028320313,0.0084025021642446
tile_r019555_c007267,1,58.87017822265625,289.5799255371094,86.38333892822266,317.25927734375,0.0065934089943766
tile_r019555_c007267,1,-5.368288993835449,230.89132690429688,37.44059753417969,282.2065124511719,0.0064782202243804
tile_r019555_c007267,1,282.95538330078125,56.0692138671875,305.2017822265625,73.5197982788086,0.0058037508279085
tile_r019555_c007267,1,72.49946594238281,332.4608459472656,121.73014831542967,371.2884826660156,0.0055622048676013
tile_r019555_c007267,1,121.76849365234376,474.8722534179688,147.31797790527344,497.1111450195313,0.0054493937641382
tile_r019555_c007267,1,372.53912353515625,328.2157592773437,390.52923583984375,347.6019897460937,0.0052230106666684
tile_r019555_c007267,1,54.9339485168457,291.8326721191406,82.39754486083984,317.7367553710937,0.0049558002501726
tile_r019555_c007267,1,171.3563232421875,84.4077377319336,224.02078247070312,147.3601531982422,0.0043627195991575
tile_r019555_c007267,1,364.7850646972656,322.5862121582031,393.0017700195313,349.4369812011719,0.0042522624135017
tile_r019555_c007267,1,257.3998413085937,283.9143981933594,287.89910888671875,312.34295654296875,0.0042255679145455
tile_r019555_c007267,1,511.24169921875,406.8219604492188,524.6768798828125,508.7064514160156,0.00417220313102
tile_r019555_c007267,1,511.5060424804688,2.2683990001678467,524.6546630859375,98.90464782714844,0.0040781032294034
tile_r019555_c007267,1,115.4129867553711,469.0917053222656,156.29733276367188,504.7190551757813,0.0040513449348509
tile_r019555_c007267,1,511.2828063964844,246.747802734375,524.5810546875,345.230224609375,0.0040177451446652
tile_r019555_c007267,1,511.4801635742188,270.5570678710937,524.5377197265625,368.5514221191406,0.003881809534505
tile_r019555_c007267,1,511.54345703125,306.4256896972656,524.5584716796875,407.9978637695313,0.0037730236072093
tile_r019555_c007267,1,60.702369689941406,172.70968627929688,133.8944091796875,244.8355712890625,0.0037274060305207
tile_r019555_c007267,1,248.7899932861328,198.33969116210935,269.9301147460937,221.4696807861328,0.0037209661677479
tile_r019555_c007267,1,511.6026306152344,440.3795776367188,524.62451171875,513.8494873046875,0.0037150259595364
tile_r019555_c007267,1,511.0006713867188,222.97055053710935,524.5891723632812,316.5640563964844,0.0036358088254928
tile_r019555_c007267,1,294.9520874023437,467.55224609375,329.0682373046875,494.6249084472656,0.0035946411080658
tile_r019555_c007267,1,511.6477661132813,331.5362243652344,524.56982421875,430.787109375,0.0033667483367025
tile_r019555_c007267,1,289.1783142089844,56.673133850097656,314.24676513671875,75.58138275146484,0.0032020541839301
tile_r019555_c007267,1,48.91899490356445,281.38946533203125,92.57511901855467,323.5621032714844,0.0027886689640581
tile_r019555_c007267,1,512.2802734375,25.28536033630371,524.6552734375,118.65287017822266,0.0027670904528349
tile_r019555_c007267,1,329.5262145996094,76.84700012207031,374.164794921875,123.7404327392578,0.0027588617522269
tile_r019555_c007267,1,294.2474060058594,468.3427734375,345.6861877441406,509.1867065429688,0.0027497827541083
tile_r019555_c007267,1,511.8358459472656,382.19970703125,524.5690307617188,482.1309509277344,0.0027124313637614
tile_r019555_c007267,1,511.1419067382813,191.3899688720703,524.6178588867188,296.18463134765625,0.0026830954011529
tile_r019555_c007267,1,511.9758911132813,-7.45892333984375,524.5906982421875,57.94881439208984,0.0024917866103351
tile_r019555_c007267,1,-12.085759162902832,488.01123046875,-2.2420897483825684,516.26513671875,0.0024646103847771
tile_r019555_c007267,1,-11.462687492370604,241.6050720214844,-0.1564926207065582,297.98828125,0.002375349169597
tile_r019555_c007267,1,237.0019989013672,275.2387084960937,307.1690979003906,352.2523193359375,0.0023635388351976
tile_r019555_c007267,1,511.4197387695313,170.39364624023438,524.5877075195312,263.9405212402344,0.0023503564298152
tile_r019555_c007267,1,72.9822769165039,332.3069763183594,137.6572265625,390.4818420410156,0.0023223049938678
tile_r019555_c007267,1,303.79547119140625,405.2053833007813,324.8598022460937,427.3741149902344,0.0022942742798477
tile_r019555_c007267,1,201.9833068847656,187.7346954345703,270.06103515625,238.9696044921875,0.0022930281702429
tile_r019555_c007267,1,313.60028076171875,503.3883666992188,364.1764526367188,511.7731323242188,0.0022921371273696
tile_r019555_c007267,1,512.1754760742188,357.4088439941406,524.5958862304688,457.49798583984375,0.0022829107474535
tile_r019555_c007267,1,-11.20366668701172,157.1866455078125,1.4504013061523438,207.9146728515625,0.0021631121635437
tile_r019555_c007267,1,149.9421844482422,1.436608910560608,190.43405151367188,13.074621200561523,0.0021463057491928
tile_r019555_c007267,1,509.7783203125,-12.800000190734863,524.6212768554688,23.53018569946289,0.0021415804512798
tile_r019555_c007267,1,398.58099365234375,331.22271728515625,434.0289611816406,366.5839538574219,0.0020978176034986
tile_r019555_c007267,1,-11.9929780960083,361.8514709472656,-1.8753478527069087,416.2896118164063,0.0020850196015089
tile_r019555_c007267,1,228.1932830810547,9.286584854125977,254.9422149658203,36.368919372558594,0.0020792502909898
tile_r019555_c007267,1,147.42855834960938,71.13783264160156,225.23275756835935,148.90316772460938,0.0020244179759174
tile_r019555_c007267,1,-11.83161163330078,254.19140625,-2.756758213043213,312.68603515625,0.0020018962677568
tile_r019555_c007267,1,241.5524139404297,191.7224884033203,271.5266418457031,228.25466918945312,0.0019948228728026
tile_r019555_c007267,1,-12.021198272705078,371.44830322265625,-1.7709823846817017,428.0655212402344,0.00191919086501
tile_r019555_c007267,1,316.4711303710937,493.0873107910156,351.8626403808594,511.0603637695313,0.0018973915139213
tile_r019555_c007267,1,-12.06589412689209,472.70452880859375,-2.638049364089966,513.9160766601562,0.001884268829599
tile_r019555_c007267,1,-12.211189270019531,278.8336486816406,-2.750563144683838,343.21539306640625,0.001799524994567
tile_r019555_c007267,1,131.6949920654297,58.48715972900391,169.83401489257812,99.6991958618164,0.0017681303434073
tile_r019555_c007267,1,151.89910888671875,0.9992935061454772,181.5066070556641,11.78819465637207,0.0017634017858654
tile_r019555_c007267,1,76.0233154296875,343.87469482421875,96.79764556884766,363.0216979980469,0.0017535055521875
tile_r019555_c007267,1,512.815673828125,47.47006988525391,524.6446533203125,151.6348114013672,0.0017238311702385
tile_r019555_c007267,1,-12.219621658325195,321.44403076171875,-2.223388671875,384.0614929199219,0.0017195792170241
tile_r019555_c007267,1,-12.018868446350098,268.88983154296875,-2.968981981277466,327.7223205566406,0.0016483189538121
tile_r019555_c007267,1,-12.161247253417969,309.9831237792969,-2.2215850353240967,369.3898315429688,0.0016407718649134
tile_r019555_c007267,1,-12.03662109375,350.30352783203125,-1.8383499383926392,406.8311462402344,0.0016397419385612
tile_r019555_c007267,1,-12.24506950378418,-4.531396389007568,-4.337571620941162,47.05322265625,0.001622783136554
tile_r019555_c007267,1,253.100830078125,302.9442443847656,287.8699645996094,338.84381103515625,0.0016189952148124
tile_r019555_c007267,1,106.5958023071289,381.0708923339844,134.50375366210938,405.8164978027344,0.0015976903960108
tile_r019555_c007267,1,393.1775817871094,503.2950134277344,461.95513916015625,512.1102294921875,0.0015955460257828
tile_r019555_c007267,1,-11.130813598632812,229.2855224609375,11.094805717468262,285.96112060546875,0.0015865905443206
tile_r019555_c007267,1,-12.183801651000977,334.2245178222656,-1.9189956188201904,397.7774353027344,0.0015511084347963
tile_r019555_c007267,1,501.25146484375,456.3775024414063,521.34033203125,513.3228149414062,0.0015366452280431
tile_r019555_c007267,1,-12.203191757202148,293.61627197265625,-2.431339979171753,357.154541015625,0.0015195481246337
tile_r019555_c007267,1,-12.05478858947754,382.7013549804688,-1.8288695812225344,442.173828125,0.0015194310108199
tile_r019555_c007267,1,86.1242904663086,184.11245727539065,124.629150390625,222.6782684326172,0.0015154284192249
tile_r019555_c007267,1,-12.026599884033203,445.4546813964844,-2.975502014160156,498.2902221679688,0.0014927483862265
tile_r019555_c007267,1,319.9781799316406,506.4487915039063,386.9475708007813,512.4990844726562,0.0014822192024439
tile_r019555_c007267,1,332.2065124511719,507.0039978027344,392.4385986328125,512.3321533203125,0.0014731992268934
tile_r019555_c007267,1,512.1158447265625,143.00247192382812,524.5745849609375,242.5929412841797,0.0014423637185245
tile_r019555_c007267,1,-12.561662673950195,0.5077270269393921,-4.364415168762207,62.09000396728516,0.0014345960225909
tile_r019555_c007267,1,-12.0037202835083,432.7337036132813,-2.8104019165039062,484.81201171875,0.0013862823834642
tile_r019555_c007267,1,124.81315612792967,-12.733648300170898,179.86355590820312,-7.064281463623047,0.0013500686036422
tile_r019555_c007267,1,-11.860013961791992,163.3245849609375,-2.3718247413635254,217.934814453125,0.0013422231422737
tile_r019555_c007267,1,-12.078118324279783,396.9108276367188,-2.300886631011963,459.19091796875,0.001338051399216
tile_r019555_c007267,1,-12.239666938781738,505.20751953125,1.8364471197128296,524.6550903320312,0.0013201129622757
tile_r019555_c007267,1,217.328857421875,3.535888671875,257.58984375,44.56436920166016,0.0013184098061174
tile_r019555_c007267,1,311.9764099121094,476.4464416503906,354.875244140625,510.88421630859375,0.0013111900771036
tile_r019555_c007267,1,402.3410034179688,504.7399291992188,471.3627014160156,512.2303466796875,0.0013064356753602
tile_r019555_c007267,1,339.156982421875,507.53564453125,398.5596618652344,512.0725708007812,0.0012580029433593
tile_r019555_c007267,1,422.31689453125,505.7966918945313,480.57373046875,512.4192504882812,0.0012481326702982
tile_r019555_c007267,1,-2.204997301101685,150.48648071289062,34.06083297729492,197.1112823486328,0.0012400398263707
tile_r019555_c007267,1,512.3766479492188,79.70368194580078,524.4962158203125,173.74636840820312,0.0012400363339111
tile_r019555_c007267,1,-12.240196228027344,175.11093139648438,-2.3920578956604004,234.5419464111328,0.0012310498859733
tile_r019555_c007267,1,-11.151115417480469,151.77828979492188,8.883474349975586,205.60891723632807,0.0012280149385333
tile_r019555_c007267,1,350.4141540527344,515.3021240234375,404.3319396972656,524.4815673828125,0.0012214169837534
tile_r019555_c007267,1,-12.10147476196289,456.17626953125,-2.6297621726989746,510.87646484375,0.0012077149003744
tile_r019555_c007267,1,508.8755798339844,171.54580688476562,524.7999877929688,275.9652404785156,0.0012032132362946
tile_r019555_c007267,1,151.2198486328125,0.391802966594696,176.4196014404297,5.6553955078125,0.0011851590825244
tile_r019555_c007267,1,501.9535217285156,-12.800000190734863,524.6907958984375,-7.053191184997559,0.0011801982764154
tile_r019555_c007267,1,-12.400922775268556,84.07234191894531,-3.3407225608825684,140.81454467773438,0.0011214824626222
tile_r019555_c007267,1,-12.34926414489746,94.5965576171875,-3.188828945159912,152.24044799804688,0.0011112473439425
tile_r019555_c007267,1,74.02332305908203,320.5282287597656,122.4581298828125,368.9476013183594,0.0010906439274549
tile_r019555_c007267,1,-12.09617519378662,412.7278747558594,-2.6041336059570312,474.5698852539063,0.0010863478528335
tile_r019555_c007267,1,493.86328125,-12.203575134277344,523.4382934570312,2.434609889984131,0.0010730174835771
tile_r019555_c007267,1,303.7538452148437,499.5692443847656,357.0096130371094,511.50048828125,0.001065076328814
tile_r019555_c007267,1,193.9116668701172,183.56497192382807,264.0155639648437,244.703369140625,0.0010572754545137
tile_r019555_c007267,1,129.98281860351562,53.758636474609375,223.052978515625,148.26089477539062,0.001053842366673
tile_r019555_c007267,1,142.9505615234375,515.4801635742188,201.94021606445312,524.1744995117188,0.001042618881911
tile_r019555_c007267,1,335.0270080566406,515.2677612304688,392.7635192871094,524.5611572265625,0.0010411390103399
tile_r019555_c007267,1,-12.489520072937012,71.86119079589844,-3.3388381004333496,131.52389526367188,0.0010391070973128
tile_r019555_c007267,1,300.64874267578125,404.6337890625,321.48223876953125,429.0693359375,0.0010368643561378
tile_r019555_c007267,1,509.5221557617188,149.81556701660156,524.7999877929688,250.84164428710935,0.0010333616519346
tile_r019555_c007267,1,513.233642578125,495.0926818847656,524.7999877929688,524.7999877929688,0.0010261416900902
tile_r019555_c007267,1,44.23088455200195,260.5731506347656,99.37648010253906,327.0536193847656,0.0010247773025184
tile_r019555_c007267,1,2.3468017578125,273.55035400390625,22.67947769165039,299.1378479003906,0.0010173047194257
tile_r019555_c007267,1,-12.63268756866455,16.217809677124023,-4.124293327331543,79.24703216552734,0.0010139689547941
tile_r019555_c007267,1,147.53207397460938,479.8982849121094,207.2069854736328,510.29779052734375,0.0010037763277068
tile_r019811_c006243,1,28.720531463623047,31.336017608642575,70.58592224121094,68.70995330810547,0.823861837387085
tile_r019811_c006243,1,147.42367553710938,426.954345703125,213.2920684814453,481.723388671875,0.8170068264007568
tile_r019811_c006243,1,159.94808959960938,315.1356506347656,206.5004425048828,361.1190490722656,0.8107784390449524
tile_r019811_c006243,1,64.11274719238281,183.71292114257807,119.5338363647461,226.91213989257807,0.7847182750701904
tile_r019811_c006243,1,303.3361511230469,445.9026489257813,354.74468994140625,499.8255004882813,0.7668889760971069
tile_r019811_c006243,1,457.2603454589844,292.11981201171875,500.3534240722656,333.55242919921875,0.6928528547286987
tile_r019811_c006243,1,426.2832946777344,82.51702117919922,461.6696166992188,112.59138488769533,0.6791490912437439
tile_r019811_c006243,1,138.8602752685547,264.8302307128906,172.4115447998047,292.1158752441406,0.5874530076980591
tile_r019811_c006243,1,48.7490234375,0.4429077208042145,93.85612487792967,23.11824989318848,0.5649631023406982
tile_r019811_c006243,1,439.1058654785156,172.9609375,476.3269653320313,206.95962524414065,0.5537437200546265
tile_r019811_c006243,1,222.7025451660156,214.6715087890625,254.3418884277344,240.6322021484375,0.4926885068416595
tile_r019811_c006243,1,56.130470275878906,142.7734375,85.31982421875,171.11343383789062,0.4402997195720672
tile_r019811_c006243,1,189.26077270507807,491.8912963867188,239.4522247314453,513.7161254882812,0.3658753931522369
tile_r019811_c006243,1,454.4539184570313,287.14996337890625,507.4794921875,336.9070739746094,0.1144422814249992
tile_r019811_c006243,1,185.8315887451172,484.0458068847656,240.9503936767578,514.3250732421875,0.0959934741258621
tile_r019811_c006243,1,192.9244079589844,495.6178283691406,234.14321899414065,512.9005126953125,0.0553310327231884
tile_r019811_c006243,1,24.647579193115234,27.3829345703125,74.3492660522461,72.66380310058594,0.0359244421124458
tile_r019811_c006243,1,216.834716796875,212.0765838623047,256.0877990722656,243.9415283203125,0.0287408996373415
tile_r019811_c006243,1,136.7509765625,259.59454345703125,174.979736328125,295.37432861328125,0.0253089349716901
tile_r019811_c006243,1,435.69921875,168.125244140625,480.6802673339844,210.3939666748047,0.0202134475111961
tile_r019811_c006243,1,428.5690307617188,84.66410064697266,457.216796875,110.64774322509766,0.0199745036661624
tile_r019811_c006243,1,60.58049392700195,178.25778198242188,125.4106903076172,231.33322143554688,0.0178573913872241
tile_r019811_c006243,1,52.08623123168945,139.37094116210938,89.10722351074219,174.33071899414062,0.0175737794488668
tile_r019811_c006243,1,29.988330841064453,33.921409606933594,65.66072845458984,64.38813781738281,0.0153766069561243
tile_r019811_c006243,1,189.579833984375,-0.2060401886701584,221.3218688964844,5.976022243499756,0.0117713725194334
tile_r019811_c006243,1,51.3255615234375,0.2864623963832855,85.08491516113281,19.6984920501709,0.0112338094040751
tile_r019811_c006243,1,150.3645782470703,432.9762573242188,205.03482055664065,477.6760864257813,0.0089101921766996
tile_r019811_c006243,1,139.96826171875,269.4017028808594,164.6443328857422,290.32196044921875,0.0075808023102581
tile_r019811_c006243,1,460.40142822265625,296.0431213378906,494.4938049316406,330.741943359375,0.0058565256185829
tile_r019811_c006243,1,512.0206909179688,373.8094787597656,524.5802612304688,471.2503051757813,0.0056345807388424
tile_r019811_c006243,1,511.9849548339844,350.9412841796875,524.5601806640625,453.4905395507813,0.0055816480889916
tile_r019811_c006243,1,309.4427795410156,453.3346557617188,350.10601806640625,495.73046875,0.0054580112919211
tile_r019811_c006243,1,188.1815643310547,0.7058075070381165,220.4344024658203,11.753158569335938,0.0051939762197434
tile_r019811_c006243,1,54.03792572021485,1.165557861328125,93.11297607421876,16.90708351135254,0.0045852893963456
tile_r019811_c006243,1,298.73858642578125,440.1434631347656,360.9464721679688,509.0243225097656,0.0043889032676815
tile_r019811_c006243,1,511.9072265625,312.03143310546875,524.55224609375,411.8462829589844,0.0042370921000838
tile_r019811_c006243,1,511.3993225097656,45.1340446472168,524.4924926757812,136.97943115234375,0.0039782831445336
tile_r019811_c006243,1,230.8545837402344,215.5356903076172,254.9697265625,238.95278930664065,0.00358532438986
tile_r019811_c006243,1,512.3714599609375,291.8751525878906,524.6663208007812,398.626953125,0.0035647337790578
tile_r019811_c006243,1,511.3121032714844,13.130102157592772,524.5550537109375,112.1576690673828,0.0034365472383797
tile_r019811_c006243,1,512.3255615234375,394.1419067382813,524.6461791992188,483.8214721679688,0.0032025533728301
tile_r019811_c006243,1,463.4844665527344,275.5374450683594,519.7169189453125,344.7423400878906,0.0028451178222894
tile_r019811_c006243,1,511.5794372558594,64.64734649658203,524.5331420898438,161.72897338867188,0.0023287115618586
tile_r019811_c006243,1,433.0363159179688,85.6541748046875,462.5574340820313,109.35758972167967,0.0022936642635613
tile_r019811_c006243,1,511.30419921875,134.9834747314453,524.54736328125,227.12966918945312,0.0022610721644014
tile_r019811_c006243,1,64.67738342285156,187.47653198242188,111.9728775024414,221.44497680664065,0.0022515719756484
tile_r019811_c006243,1,512.8089599609375,271.9949645996094,524.423828125,365.2581481933594,0.0022233424242585
tile_r019811_c006243,1,507.43463134765625,-12.751516342163086,524.7094116210938,12.099340438842772,0.0022110131103545
tile_r019811_c006243,1,511.28857421875,0.1641449034214019,524.5604248046875,86.33209228515625,0.0021570257376879
tile_r019811_c006243,1,422.3081970214844,78.55241394042969,468.60009765625,119.4126968383789,0.0021241959184408
tile_r019811_c006243,1,512.1595458984375,85.7885513305664,524.6378784179688,192.33200073242188,0.0020820284262299
tile_r019811_c006243,1,511.3116760253906,166.84913635253906,524.5716552734375,269.2059631347656,0.0020771895069628
tile_r019811_c006243,1,-12.032896041870115,71.03230285644531,-2.6164886951446533,127.0545425415039,0.0019836267456412
tile_r019811_c006243,1,512.8236083984375,249.97671508789065,524.5105590820312,349.0267944335937,0.0019680256955325
tile_r019811_c006243,1,442.2943420410156,175.31982421875,470.9126892089844,205.5113220214844,0.0019109905697405
tile_r019811_c006243,1,192.04525756835935,497.5491333007813,227.059814453125,512.39697265625,0.0018636012682691
tile_r019811_c006243,1,133.6199951171875,253.6956024169922,179.84616088867188,299.25762939453125,0.0017921696417033
tile_r019811_c006243,1,-12.182783126831056,87.25346374511719,-2.586395263671875,148.3401336669922,0.0017071625916287
tile_r019811_c006243,1,511.68988037109375,193.4499053955078,524.6026000976562,299.85675048828125,0.0016446209046989
tile_r019811_c006243,1,148.42178344726562,266.5801696777344,171.63272094726562,287.5238647460937,0.0016327827470377
tile_r019811_c006243,1,-12.18288230895996,30.192968368530277,-2.648600816726685,92.8067855834961,0.0015780193498358
tile_r019811_c006243,1,-12.405219078063965,462.4072265625,-3.249017238616944,513.5158081054688,0.0015271854354068
tile_r019811_c006243,1,511.2880859375,-4.87213134765625,524.7388916015625,54.64835357666016,0.0015128051163628
tile_r019811_c006243,1,512.1130981445312,223.7807159423828,524.6031494140625,322.81756591796875,0.0015033810632303
tile_r019811_c006243,1,52.8861083984375,144.3950653076172,80.35871887207031,169.7821807861328,0.0014681692700833
tile_r019811_c006243,1,-12.258920669555664,98.28987121582033,-2.358783006668091,165.15328979492188,0.0014234512345865
tile_r019811_c006243,1,-12.161554336547852,23.136632919311523,-2.7665696144104004,78.13035583496094,0.0013918709009885
tile_r019811_c006243,1,-12.222940444946287,13.6484375,-2.902386426925659,67.7039794921875,0.0013887076638638
tile_r019811_c006243,1,-12.177133560180664,40.705322265625,-2.6294937133789062,110.36750793457033,0.0013428323436528
tile_r019811_c006243,1,-12.366216659545898,509.3518676757813,3.1109986305236816,524.7999877929688,0.0012911519734188
tile_r019811_c006243,1,471.10107421875,-12.51636791229248,518.3245239257812,-3.9713714122772217,0.0012754859635606
tile_r019811_c006243,1,487.4501037597656,-12.149455070495604,523.9945068359375,-1.7814041376113892,0.0012566922232508
tile_r019811_c006243,1,-12.30649185180664,114.69319152832033,-2.307551622390747,183.0235137939453,0.0012403836008161
tile_r019811_c006243,1,-12.375941276550291,484.0083923339844,-1.7795394659042358,516.2718505859375,0.0012263380922377
tile_r019811_c006243,1,305.31280517578125,515.5872192382812,368.6981201171875,524.7999877929688,0.0012111281976103
tile_r019811_c006243,1,-12.327882766723633,131.40902709960938,-2.665020704269409,198.9006805419922,0.0011607147753238
tile_r019811_c006243,1,203.93197631835935,186.9547119140625,262.4115600585937,256.5158996582031,0.0011558484984561
tile_r019811_c006243,1,187.85812377929688,-12.16062355041504,229.99368286132807,-2.607491970062256,0.0011453360784798
tile_r019811_c006243,1,181.5233459472656,494.9563598632813,242.5196228027344,522.68505859375,0.0011376775801181
tile_r019811_c006243,1,-12.475950241088867,434.1791076660156,-3.687301635742188,502.6218872070313,0.0011149505153298
tile_r019811_c006243,1,180.9766387939453,-12.711776733398438,234.13742065429688,-5.0815935134887695,0.0011059885146096
tile_r019811_c006243,1,-12.42227554321289,237.02963256835935,-3.5896849632263184,316.996826171875,0.0011021659011021
tile_r019811_c006243,1,-12.4456205368042,222.9687957763672,-3.626190185546875,301.69268798828125,0.0010991665767505
tile_r019811_c006243,1,-12.479132652282717,421.1607360839844,-3.765478610992432,491.31982421875,0.0010963638778775
tile_r019811_c006243,1,201.5635223388672,492.5120239257813,236.17758178710935,513.1920776367188,0.0010736437980085
tile_r019811_c006243,1,35.679935455322266,-7.8505706787109375,106.8025131225586,19.88064193725586,0.001055906410329
tile_r019811_c006243,1,-12.398682594299316,213.2440643310547,-3.831242322921753,285.73651123046875,0.0010323617607355
tile_r019811_c006243,1,17.4986515045166,12.967462539672852,79.75338745117188,76.60244750976562,0.0010143211111426
tile_r019811_c006243,1,422.1587829589844,72.04784393310547,470.595703125,128.88671875,0.0010130362352356
tile_r019811_c006243,1,189.19287109375,-10.103757858276367,229.49917602539065,2.0230422019958496,0.0010041618952527
tile_r019811_c006243,1,-12.17508602142334,3.355633497238159,-3.2028870582580566,56.535743713378906,0.0010015048319473
tile_r019811_c006499,1,376.384521484375,301.4632263183594,424.377197265625,344.87713623046875,0.845730185508728
tile_r019811_c006499,1,360.946533203125,479.6408081054688,399.3665466308594,511.7482299804688,0.8323378562927246
tile_r019811_c006499,1,350.224365234375,68.75629425048828,402.3575744628906,119.124755859375,0.8179266452789307
tile_r019811_c006499,1,293.2073669433594,176.99951171875,354.7640991210937,229.76431274414065,0.8132773637771606
tile_r019811_c006499,1,410.85400390625,437.0347290039063,455.7266540527344,483.757080078125,0.8083845376968384
tile_r019811_c006499,1,47.4995002746582,446.5536193847656,98.19561767578124,499.4561462402344,0.7660296559333801
tile_r019811_c006499,1,201.9347686767578,292.89599609375,243.6517639160156,332.16259765625,0.742951512336731
tile_r019811_c006499,1,452.3068237304688,322.8319702148437,493.6808471679688,362.1061096191406,0.7409090399742126
tile_r019811_c006499,1,275.90740966796875,297.13201904296875,313.7554626464844,332.0803527832031,0.7264407277107239
tile_r019811_c006499,1,306.13385009765625,0.0492309555411338,352.35845947265625,37.06654739379883,0.7259476184844971
tile_r019811_c006499,1,319.5162658691406,253.8511199951172,355.39569091796875,285.72918701171875,0.6937670707702637
tile_r019811_c006499,1,170.3092041015625,82.2713851928711,206.1464080810547,112.8470687866211,0.6823201179504395
tile_r019811_c006499,1,345.84747314453125,451.6009826660156,373.503173828125,476.453125,0.6413848996162415
tile_r019811_c006499,1,182.8535003662109,171.6458740234375,221.9929656982422,208.0881805419922,0.5987769365310669
tile_r019811_c006499,1,373.086669921875,104.0681610107422,411.7776794433594,142.618408203125,0.5848993062973022
tile_r019811_c006499,1,436.9537048339844,216.0423889160156,470.0642700195313,246.0797882080078,0.5739341378211975
tile_r019811_c006499,1,475.761962890625,410.9073791503906,500.5099182128906,434.290771484375,0.308383047580719
tile_r019811_c006499,1,294.9393615722656,183.0555877685547,346.3154296875,226.4987030029297,0.1608078181743621
tile_r019811_c006499,1,343.7216796875,448.37158203125,376.4248046875,478.8346557617188,0.090897299349308
tile_r019811_c006499,1,300.6830139160156,-3.414320468902588,357.6333923339844,42.676025390625,0.0336991026997566
tile_r019811_c006499,1,179.25709533691406,168.0941925048828,227.93130493164065,213.2690887451172,0.032277226448059
tile_r019811_c006499,1,324.69830322265625,257.5340270996094,354.3793334960937,283.0546264648437,0.0247966852039098
tile_r019811_c006499,1,172.631103515625,84.52430725097656,201.4268341064453,110.7386703491211,0.0219924412667751
tile_r019811_c006499,1,472.1936645507813,408.4006958007813,502.79052734375,436.3821411132813,0.0189666375517845
tile_r019811_c006499,1,278.7214660644531,301.2251892089844,308.2098999023437,329.1549377441406,0.014892591163516
tile_r019811_c006499,1,345.712646484375,453.3091735839844,367.3601989746094,475.5189514160156,0.0120535977184772
tile_r019811_c006499,1,448.3438415527344,315.1911926269531,498.1354370117188,366.9005126953125,0.0097712036222219
tile_r019811_c006499,1,511.5851440429688,115.1983642578125,524.5247802734375,212.8516540527344,0.0090306559577584
tile_r019811_c006499,1,345.6649475097656,61.94033050537109,410.109375,133.2916259765625,0.00784707441926
tile_r019811_c006499,1,351.23004150390625,73.75778198242188,412.752197265625,145.55862426757812,0.0073671964928507
tile_r019811_c006499,1,511.4381408691406,136.3103790283203,524.5926513671875,244.0647735595703,0.0071592088788747
tile_r019811_c006499,1,511.7383728027344,28.634191513061523,524.6199951171875,131.54701232910156,0.0069171437062323
tile_r019811_c006499,1,511.70458984375,91.5167236328125,524.5670166015625,195.884033203125,0.0066028167493641
tile_r019811_c006499,1,511.3211059570313,165.64639282226562,524.5728759765625,271.9606018066406,0.0063783950172364
tile_r019811_c006499,1,53.65512847900391,453.1671752929688,93.82923889160156,495.4789123535156,0.0060695689171552
tile_r019811_c006499,1,339.32330322265625,445.9097290039063,384.9712524414063,482.6832580566406,0.0059576537460088
tile_r019811_c006499,1,511.875,51.028076171875,524.6181640625,157.00991821289062,0.0051947892643511
tile_r019811_c006499,1,512.0364379882812,2.2182250022888184,524.63037109375,110.39327239990234,0.0051343422383069
tile_r019811_c006499,1,511.8406677246094,232.99575805664065,524.5527954101562,328.4436950683594,0.0050653349608182
tile_r019811_c006499,1,511.6817321777344,203.3100128173828,524.59375,310.0965270996094,0.0048947059549391
tile_r019811_c006499,1,-12.169305801391602,460.1210021972656,-2.064276218414306,512.8587036132812,0.00451962929219
tile_r019811_c006499,1,309.1310729980469,2.1069931983947754,347.61151123046875,33.05534744262695,0.0043637678027153
tile_r019811_c006499,1,432.6619567871094,212.3140869140625,473.2149963378906,250.4652099609375,0.0040197377093136
tile_r019811_c006499,1,167.19015502929688,78.43135070800781,213.79556274414065,119.4892807006836,0.0039173252880573
tile_r019811_c006499,1,42.6411018371582,440.6922912597656,104.78819274902344,509.0536193847656,0.0036773346364498
tile_r019811_c006499,1,415.75830078125,439.961669921875,451.1942443847656,480.4898071289063,0.0031294387299567
tile_r019811_c006499,1,363.0790100097656,83.01174926757812,414.3219299316406,141.95407104492188,0.0031247655861079
tile_r019811_c006499,1,512.0722045898438,-4.467455863952637,524.464111328125,77.5240478515625,0.0030557415448129
tile_r019811_c006499,1,512.7936401367188,456.6499938964844,524.5020751953125,514.2664184570312,0.0029761840123683
tile_r019811_c006499,1,438.8052673339844,219.2696075439453,465.7640686035156,243.9273223876953,0.0029236399568617
tile_r019811_c006499,1,494.3580932617188,301.29595947265625,520.5098876953125,375.096923828125,0.0028439168818295
tile_r019811_c006499,1,-12.304601669311523,478.3059692382813,-1.1282562017440796,516.6455078125,0.0026557825040072
tile_r019811_c006499,1,512.3546142578125,258.0367126464844,524.5809326171875,354.5223083496094,0.0026515056379139
tile_r019811_c006499,1,511.9534301757813,417.9597778320313,524.6135864257812,504.9893493652344,0.0025792487431317
tile_r019811_c006499,1,344.54705810546875,452.1480102539063,387.22857666015625,496.331787109375,0.0025697299279272
tile_r019811_c006499,1,378.58056640625,107.44367980957033,408.6626892089844,138.8104705810547,0.0024812426418066
tile_r019811_c006499,1,289.0769958496094,165.59666442871094,364.582275390625,238.5885772705078,0.0024279996287077
tile_r019811_c006499,1,462.5985412597656,404.72314453125,503.6835021972656,441.1618041992188,0.0023578261025249
tile_r019811_c006499,1,315.8265991210937,2.4044830799102783,350.3200988769531,29.91574478149414,0.0023369018454104
tile_r019811_c006499,1,-12.208301544189451,437.02197265625,-2.127938747406006,500.5372924804688,0.0022749223280698
tile_r019811_c006499,1,509.1771545410156,-12.800000190734863,524.6316528320312,19.7706298828125,0.0021915503311902
tile_r019811_c006499,1,175.3579559326172,163.2340087890625,232.7287139892578,218.62350463867188,0.002180534414947
tile_r019811_c006499,1,-12.246971130371094,505.366943359375,2.3634324073791504,524.5697631835938,0.0020230889786034
tile_r019811_c006499,1,185.7989654541016,174.6802520751953,215.781494140625,205.7705078125,0.0019690308254212
tile_r019811_c006499,1,497.9647521972656,281.3689880371094,521.57763671875,363.1028747558594,0.0017554606311023
tile_r019811_c006499,1,-12.196566581726074,222.2567596435547,-1.7016372680664062,279.0528564453125,0.001729107229039
tile_r019811_c006499,1,166.435302734375,70.914306640625,217.5296936035156,130.05007934570312,0.0017290743999183
tile_r019811_c006499,1,-12.280500411987305,422.6094665527344,-2.1422271728515625,488.7796020507813,0.0016944903181865
tile_r019811_c006499,1,455.6846618652344,325.94189453125,488.8772583007813,359.3026428222656,0.001686789910309
tile_r019811_c006499,1,177.06338500976562,85.23050689697266,206.89498901367188,109.82301330566406,0.001670715981163
tile_r019811_c006499,1,-12.28518295288086,229.21548461914065,-1.888023376464844,293.6116638183594,0.0016621407121419
tile_r019811_c006499,1,-12.295074462890623,397.7994995117188,-2.1208205223083496,463.35888671875,0.0016386869829148
tile_r019811_c006499,1,288.8462829589844,411.17822265625,325.5103454589844,446.2157287597656,0.0016372568206861
tile_r019811_c006499,1,478.5509643554688,208.67514038085935,518.8712158203125,282.4786682128906,0.0016077253967523
tile_r019811_c006499,1,-12.309462547302246,270.3939819335937,-2.093124389648437,333.128173828125,0.0016060309717431
tile_r019811_c006499,1,511.8447265625,282.8999938964844,524.5138549804688,377.1326293945313,0.0015783979324623
tile_r019811_c006499,1,-12.341611862182615,240.2042694091797,-1.8800948858261108,307.85809326171875,0.001568331499584
tile_r019811_c006499,1,471.3219604492188,-12.514402389526367,516.0489501953125,-4.272196769714356,0.0015468391356989
tile_r019811_c006499,1,-12.312437057495115,386.53814697265625,-1.9103561639785769,451.6271057128906,0.0015176385641098
tile_r019811_c006499,1,512.1704711914062,388.2744445800781,524.3272705078125,483.0146484375,0.0014953933423385
tile_r019811_c006499,1,-12.390419006347656,-2.179669141769409,-4.171198844909668,54.37590789794922,0.0014871610328555
tile_r019811_c006499,1,-12.259958267211914,257.6477355957031,-2.0048325061798096,320.0947570800781,0.0014831509906798
tile_r019811_c006499,1,-12.296764373779297,409.2039184570313,-2.1716079711914062,476.1669921875,0.0014579673297703
tile_r019811_c006499,1,-12.37791347503662,280.75225830078125,-2.00818943977356,346.8622131347656,0.0014219485456123
tile_r019811_c006499,1,-12.384735107421877,347.8629455566406,-1.549159288406372,409.0291442871094,0.0013993576867505
tile_r019811_c006499,1,-12.596612930297852,5.021307468414307,-4.1696882247924805,68.03689575195312,0.0013900282792747
tile_r019811_c006499,1,-12.363566398620604,336.67657470703125,-1.4138580560684204,395.2374572753906,0.0013588960282504
tile_r019811_c006499,1,295.97515869140625,-6.813446044921875,360.62054443359375,52.7327880859375,0.0013350886292755
tile_r019811_c006499,1,-12.46220874786377,94.2847671508789,-3.027487277984619,155.3458709716797,0.0013291680952534
tile_r019811_c006499,1,-12.361690521240234,372.9744567871094,-1.7384567260742188,439.77532958984375,0.0013216874795034
tile_r019811_c006499,1,496.5030212402344,110.62950134277344,521.9150390625,187.36813354492188,0.0013002153718844
tile_r019811_c006499,1,-12.35734748840332,309.7623596191406,-1.7069091796875,371.0035705566406,0.0012894541723653
tile_r019811_c006499,1,-12.395410537719728,359.216064453125,-1.6094329357147217,425.0558166503906,0.0012787269661203
tile_r019811_c006499,1,-12.36769199371338,323.6346740722656,-1.4622695446014404,383.1369018554688,0.0012776289368048
tile_r019811_c006499,1,183.8892059326172,176.4175567626953,209.12271118164065,204.3126983642578,0.0012663195375353
tile_r019811_c006499,1,471.8102416992188,396.99224853515625,512.1649169921875,437.5503540039063,0.0012582289054989
tile_r019811_c006499,1,-12.368413925170898,294.3447265625,-1.8380874395370483,359.29119873046875,0.0012193751754239
tile_r019811_c006499,1,384.4531555175781,515.7484130859375,439.8453063964844,524.5018310546875,0.0012126363581046
tile_r019811_c006499,1,-12.46224594116211,102.5033721923828,-2.3280258178710938,165.81399536132812,0.0011837363708764
tile_r019811_c006499,1,49.58544921875,515.5927734375,112.9258041381836,524.7999877929688,0.0011814169120043
tile_r019811_c006499,1,489.8557739257813,-12.219049453735352,523.6094970703125,0.681732177734375,0.0011791301658377
tile_r019811_c006499,1,365.1324157714844,98.65681457519533,417.8358459472656,148.7399139404297,0.0011725582880899
tile_r019811_c006499,1,512.56884765625,330.6695861816406,524.5928955078125,425.6183471679688,0.0011684506898745
tile_r019811_c006499,1,-12.417226791381836,130.1852264404297,-1.9688003063201904,188.31228637695312,0.0011676662834361
tile_r019811_c006499,1,-11.880678176879885,-12.515917778015137,-0.6963332891464233,13.803179740905762,0.0011666768696159
tile_r019811_c006499,1,415.2801818847656,43.438026428222656,518.0904541015625,175.59494018554688,0.0011583830928429
tile_r019811_c006499,1,-12.443166732788086,142.2443389892578,-1.9302825927734373,200.7302703857422,0.0011464734561741
tile_r019811_c006499,1,512.119140625,303.40875244140625,524.6439208984375,399.0118713378906,0.0011338141048327
tile_r019811_c006499,1,315.337158203125,246.946533203125,356.9227600097656,291.9000549316406,0.0011250257957726
tile_r019811_c006499,1,-12.477424621582031,153.1954803466797,-1.7860138416290283,213.9521942138672,0.0011214300757274
tile_r019811_c006499,1,362.0525207519531,483.6823120117188,391.5560302734375,509.25146484375,0.0011001706589013
tile_r019811_c006499,1,102.19490051269533,78.3092041015625,114.5637664794922,88.84559631347656,0.0010954984463751
tile_r019811_c006499,1,121.1758041381836,140.35269165039062,186.2707061767578,228.3805694580078,0.0010653908830136
tile_r019811_c006499,1,-12.441808700561523,114.7551040649414,-1.889157056808472,177.3837432861328,0.0010617882944643
tile_r019811_c006499,1,-12.504817962646484,165.94642639160156,-1.6599502563476562,229.62857055664065,0.0010602690745145
tile_r019811_c006499,1,-12.482012748718262,74.84152221679688,-3.430161952972412,137.78445434570312,0.0010466041276231
tile_r019811_c006499,1,-12.622587203979492,40.8706283569336,-3.6284241676330566,108.89143371582033,0.001018424751237
tile_r019811_c006499,1,-12.38057804107666,202.6826629638672,-1.3539855480194092,261.73486328125,0.0010128137655556
tile_r019811_c006499,1,268.8406677246094,286.82049560546875,318.92095947265625,341.612060546875,0.0010123179526999
tile_r019811_c006499,1,512.8590087890625,348.8226928710937,524.6168212890625,443.65032958984375,0.0010116035118699
tile_r019811_c006755,1,120.62068176269533,301.8045349121094,167.9947509765625,344.763671875,0.8454525470733643
tile_r019811_c006755,1,105.08137512207033,479.6761779785156,143.1830291748047,511.7881774902344,0.8295530676841736
tile_r019811_c006755,1,95.0110321044922,69.34001159667969,145.61767578125,118.2978744506836,0.8193128108978271
tile_r019811_c006755,1,37.45931625366211,177.78070068359375,98.08677673339844,229.835693359375,0.8131140470504761
tile_r019811_c006755,1,155.06509399414062,437.2215270996094,199.6587677001953,483.85443115234375,0.8069405555725098
tile_r019811_c006755,1,19.418376922607425,296.76300048828125,57.61604690551758,332.18231201171875,0.7452427744865417
tile_r019811_c006755,1,196.59262084960935,322.8946838378906,237.8706512451172,361.55670166015625,0.7341392040252686
tile_r019811_c006755,1,50.8139877319336,0.1846191436052322,95.8644790649414,36.63304901123047,0.7203670740127563
tile_r019811_c006755,1,63.471473693847656,253.6978302001953,99.39997863769533,285.8226928710937,0.6848714351654053
tile_r019811_c006755,1,423.6755981445313,75.99256896972656,450.4716796875,106.4477081298828,0.6576407551765442
tile_r019811_c006755,1,89.90086364746094,451.6791076660156,117.39925384521484,476.439453125,0.6356656551361084
tile_r019811_c006755,1,466.916259765625,174.32447814941406,503.438232421875,210.57046508789065,0.595022439956665
tile_r019811_c006755,1,117.58781433105467,104.4439468383789,155.4478302001953,142.2729034423828,0.5674698352813721
tile_r019811_c006755,1,180.9110565185547,216.1768035888672,213.78274536132807,245.9817352294922,0.5421894192695618
tile_r019811_c006755,1,480.740234375,234.182861328125,512.6751708984375,271.17095947265625,0.3996275067329407
tile_r019811_c006755,1,221.6325225830078,412.4030151367188,242.99658203125,434.0270385742188,0.0828184410929679
tile_r019811_c006755,1,87.7000961303711,448.40234375,120.3648681640625,478.7463989257813,0.081547699868679
tile_r019811_c006755,1,482.79046630859375,230.05844116210935,517.0542602539062,276.6361389160156,0.0232661217451095
tile_r019811_c006755,1,45.45174407958984,-3.284825086593628,101.18795013427734,42.45351409912109,0.0231827534735202
tile_r019811_c006755,1,68.79002380371094,257.56793212890625,98.35447692871094,283.0218200683594,0.0226554069668054
tile_r019811_c006755,1,254.9923553466797,315.24884033203125,287.32489013671875,345.0137634277344,0.0214740335941314
tile_r019811_c006755,1,470.6028442382813,177.93087768554688,501.7127075195313,207.1761932373047,0.017726507037878
tile_r019811_c006755,1,464.1989135742188,170.18832397460938,511.7190551757813,215.686767578125,0.0148968305438756
tile_r019811_c006755,1,89.79093933105469,453.3815002441406,111.2819366455078,475.5503540039063,0.0113452663645148
tile_r019811_c006755,1,22.087268829345703,300.5552978515625,51.98899459838867,329.2059936523437,0.0096029872074723
tile_r019811_c006755,1,199.5990753173828,326.48486328125,234.048583984375,358.62823486328125,0.00923278555274
tile_r019811_c006755,1,475.0394592285156,219.73257446289065,520.5052490234375,283.2362365722656,0.0082537215203046
tile_r019811_c006755,1,40.154762268066406,184.31922912597656,88.17753601074219,225.9306640625,0.0075515215285122
tile_r019811_c006755,1,95.6426010131836,73.77973175048828,156.4005126953125,144.89077758789062,0.0064667668193578
tile_r019811_c006755,1,475.3036193847656,227.7182159423828,512.857421875,276.449951171875,0.0062994044274091
tile_r019811_c006755,1,512.6051635742188,235.0582733154297,524.59619140625,344.2208251953125,0.0061551737599074
tile_r019811_c006755,1,423.1158142089844,79.56468200683594,444.7003784179688,105.6527099609375,0.005774209741503
tile_r019811_c006755,1,116.20149230957033,297.5325927734375,172.7823944091797,349.6164855957031,0.0057569677010178
tile_r019811_c006755,1,90.44437408447266,62.465118408203125,153.34327697753906,132.83370971679688,0.0049734315834939
tile_r019811_c006755,1,1.000643968582153,327.4601135253906,18.2566032409668,349.08941650390625,0.0047004441730678
tile_r019811_c006755,1,512.1113891601562,401.6721801757813,524.5482788085938,493.8698120117188,0.0044561428949236
tile_r019811_c006755,1,82.80987548828125,446.0354919433594,128.81983947753906,483.07220458984375,0.004253193270415
tile_r019811_c006755,1,182.7427215576172,219.2497100830078,209.72378540039065,243.8959045410156,0.0039340951479971
tile_r019811_c006755,1,511.22607421875,75.41162109375,524.6090698242188,175.4250946044922,0.0036803127732127
tile_r019811_c006755,1,159.8187255859375,440.0685424804688,195.1759490966797,480.6529235839844,0.0034129475243389
tile_r019811_c006755,1,512.9375,419.2233276367188,524.7449340820312,508.7745056152344,0.0033670926932245
tile_r019811_c006755,1,511.7012634277344,299.6036376953125,524.5529174804688,394.4323120117188,0.0033396438229829
tile_r019811_c006755,1,512.1290283203125,252.5673370361328,524.5992431640625,364.23736572265625,0.0033150382805615
tile_r019811_c006755,1,511.587890625,54.4599494934082,524.4619140625,149.70254516601562,0.0032765218056738
tile_r019811_c006755,1,218.2339630126953,409.8184509277344,244.0726776123047,435.4904174804688,0.0032180363778024
tile_r019811_c006755,1,511.8484497070313,380.5914001464844,524.5672607421875,478.9512634277344,0.0031902212649583
tile_r019811_c006755,1,122.910888671875,107.5946273803711,152.4542999267578,138.67367553710938,0.0031643121037632
tile_r019811_c006755,1,460.9342651367188,159.3784637451172,515.0572509765625,221.6658935546875,0.002929794602096
tile_r019811_c006755,1,429.2394409179688,78.74852752685547,452.7583923339844,104.7863311767578,0.0029167025350034
tile_r019811_c006755,1,59.9675178527832,2.448846340179444,94.1297378540039,29.6287899017334,0.0028434221167117
tile_r019811_c006755,1,1.9149169921875,326.0053100585937,15.037869453430176,351.8406677246094,0.0027083314489573
tile_r019811_c006755,1,511.7500915527344,344.5980529785156,524.6633911132812,460.0650329589844,0.0026618000119924
tile_r019811_c006755,1,107.06266784667967,81.37126922607422,157.91390991210938,141.2137451171875,0.0026272020768374
tile_r019811_c006755,1,176.6261444091797,212.41195678710935,217.0885467529297,250.45443725585935,0.0026195626705884
tile_r019811_c006755,1,513.0509033203125,150.79718017578125,524.2337646484375,250.3980407714844,0.0026126052252948
tile_r019811_c006755,1,511.5382690429688,316.1787109375,524.626953125,427.6275939941406,0.0025341601576656
tile_r019811_c006755,1,511.7456665039063,28.402759552001957,524.5894165039062,132.56448364257812,0.0024849299807101
tile_r019811_c006755,1,88.64288330078125,452.2396545410156,131.18333435058594,497.46142578125,0.0024194852448999
tile_r019811_c006755,1,512.0200805664062,106.84260559082033,524.5548095703125,192.76022338867188,0.0024155362043529
tile_r019811_c006755,1,344.26397705078125,356.2782592773437,365.4088745117188,376.33489990234375,0.0023447435814887
tile_r019811_c006755,1,34.7297477722168,167.89749145507812,108.2238311767578,238.1776123046875,0.0021135008428245
tile_r019811_c006755,1,-12.116592407226562,-1.468389868736267,-2.6853623390197754,53.48019409179688,0.0020224717445671
tile_r019811_c006755,1,511.75103759765625,10.099573135375977,524.5374755859375,99.0118637084961,0.0020032455213367
tile_r019811_c006755,1,420.2628784179688,73.25100708007812,454.6739196777344,109.8604736328125,0.0019032194977626
tile_r019811_c006755,1,-12.187660217285156,169.65151977539062,-2.0437774658203125,229.3447723388672,0.0018936617998406
tile_r019811_c006755,1,513.0672607421875,118.52668762207033,524.5443725585938,210.2298126220703,0.0018805132713168
tile_r019811_c006755,1,-12.301448822021484,5.356115818023682,-2.5882630348205566,69.04686737060547,0.0018705299589782
tile_r019811_c006755,1,481.9268493652344,238.18820190429688,508.29541015625,267.69305419921875,0.0018251610454171
tile_r019811_c006755,1,-12.248616218566896,27.316991806030277,-2.4549591541290283,91.1377410888672,0.0017379696946591
tile_r019811_c006755,1,273.4920959472656,228.9287109375,287.91326904296875,242.7384796142578,0.0016930534038692
tile_r019811_c006755,1,512.0240478515625,223.4980926513672,524.5195922851562,319.2230834960937,0.0016919577028602
tile_r019811_c006755,1,-12.27351188659668,61.8192024230957,-2.2011122703552246,123.82823181152344,0.0016677577514201
tile_r019811_c006755,1,-11.75151538848877,-12.434431076049805,0.7320663332939148,8.589105606079102,0.0016484616789966
tile_r019811_c006755,1,512.5399169921875,442.2294006347656,524.6268310546875,515.7708129882812,0.0016277489485219
tile_r019811_c006755,1,-12.204930305480955,49.64996337890625,-2.191227674484253,111.99515533447266,0.0015969291562214
tile_r019811_c006755,1,-11.971235275268556,269.9759216308594,-2.1142578125,330.8832397460937,0.0015959661686792
tile_r019811_c006755,1,-12.24873161315918,189.01852416992188,-1.9825271368026731,250.9606170654297,0.0015094105619937
tile_r019811_c006755,1,489.494140625,235.7432556152344,512.8515625,267.08331298828125,0.0014981647254899
tile_r019811_c006755,1,-12.201948165893556,152.29605102539062,-1.9642059803009035,208.44741821289065,0.0014949348988011
tile_r019811_c006755,1,-12.036394119262695,259.7899475097656,-2.1242568492889404,317.3797912597656,0.0014846919802948
tile_r019811_c006755,1,436.71527099609375,311.4081115722656,477.5142211914063,360.443115234375,0.0014746772358193
tile_r019811_c006755,1,509.2715759277344,-12.800000190734863,524.6236572265625,18.087108612060547,0.0014231054810807
tile_r019811_c006755,1,-12.38895034790039,72.67729187011719,-2.249229431152344,136.76406860351562,0.001421851105988
tile_r019811_c006755,1,191.3858642578125,312.56414794921875,243.1460723876953,366.2206115722656,0.001320905983448
tile_r019811_c006755,1,513.65771484375,165.40798950195312,524.6717529296875,265.7530517578125,0.0012919571017846
tile_r019811_c006755,1,511.9082946777344,-4.650964260101318,524.4974365234375,76.62461853027344,0.0012901660520583
tile_r019811_c006755,1,-11.980194091796877,280.2418518066406,-1.869197130203247,353.3334350585937,0.001258146832697
tile_r019811_c006755,1,-12.203667640686035,246.817138671875,-2.093090772628784,307.3700561523437,0.0012477290583774
tile_r019811_c006755,1,1.520758032798767,327.8932800292969,21.569690704345703,352.5044250488281,0.0012422724394127
tile_r019811_c006755,1,31.77350234985352,411.0624084472656,69.99468994140625,445.9622192382813,0.0012397575192153
tile_r019811_c006755,1,-12.48366355895996,84.95574951171875,-2.190348863601685,150.91136169433594,0.0012309566373005
tile_r019811_c006755,1,-12.308568000793455,201.54318237304688,-1.805230736732483,266.2973022460937,0.0012068465584889
tile_r019811_c006755,1,502.4186401367188,113.4264907836914,522.6826171875,182.53109741210935,0.001161161577329
tile_r019811_c006755,1,-12.60101318359375,466.2408142089844,-3.5151398181915283,515.2884521484375,0.0011539837578311
tile_r019811_c006755,1,-12.463605880737305,509.9364318847656,3.351609706878662,524.7999877929688,0.0011365533573552
tile_r019811_c006755,1,-12.257556915283203,141.900146484375,-1.7512404918670654,197.386474609375,0.0011341522913426
tile_r019811_c006755,1,-12.605307579040527,441.18798828125,-3.786990404129028,498.5794067382813,0.0011117905378341
tile_r019811_c006755,1,59.36362457275391,246.95864868164065,101.0267333984375,292.0101013183594,0.0011087597813457
tile_r019811_c006755,1,109.18586730957033,98.9766845703125,161.63308715820312,148.73538208007812,0.0010985222179442
tile_r019811_c006755,1,476.12646484375,231.6722717285156,519.0018310546875,303.0419006347656,0.0010859748581424
tile_r019811_c006755,1,220.7973175048828,204.8597869873047,291.9203186035156,281.31170654296875,0.0010839449241757
tile_r019811_c006755,1,510.5084838867188,219.78842163085935,523.7550048828125,302.44635009765625,0.0010822496842592
tile_r019811_c006755,1,-12.273210525512695,235.1342315673828,-2.057264804840088,296.3002319335937,0.0010776268318295
tile_r019811_c006755,1,-12.604589462280272,428.6502075195313,-3.752856492996216,487.6228637695313,0.0010718503035604
tile_r019811_c006755,1,512.8344116210938,504.2780151367188,524.7999877929688,524.7999877929688,0.0010578209767118
tile_r019811_c006755,1,-12.293420791625977,219.40890502929688,-1.779606580734253,281.3186340332031,0.001054999534972
tile_r019811_c006755,1,129.0427703857422,515.88671875,183.7436981201172,524.4953002929688,0.0010496621252968
tile_r019811_c006755,1,-12.653189659118652,450.68994140625,-3.689256191253662,510.82177734375,0.001048186677508
tile_r019811_c006755,1,496.4646606445313,127.30232238769533,522.0247802734375,202.3128967285156,0.0010451345006003
tile_r019811_c006755,1,106.14007568359376,483.6591796875,135.11158752441406,509.1902465820313,0.0010299182031303
tile_r019811_c006755,1,494.1525268554688,399.1039123535156,522.1818237304688,475.0912170410156,0.0010218925308436
tile_r019811_c006755,1,-12.578993797302246,414.6315307617188,-3.999256849288941,476.7997131347656,0.0010134734911844
tile_r019811_c006755,1,510.1331176757813,367.9369201660156,524.7999877929688,458.2275390625,0.0010018741013482
tile_r019811_c007011,1,283.1577453613281,122.3016586303711,331.4140014648437,165.2402801513672,0.830473005771637
tile_r019811_c007011,1,406.58111572265625,448.54779052734375,454.3938903808594,489.457763671875,0.823688268661499
tile_r019811_c007011,1,397.3924865722656,320.82879638671875,455.8251953125,379.6885681152344,0.8040325045585632
tile_r019811_c007011,1,474.1082153320313,370.7252502441406,513.3978271484375,413.8435974121094,0.7240589261054993
tile_r019811_c007011,1,311.2081604003906,426.9835510253906,348.847412109375,461.6564025878906,0.702319324016571
tile_r019811_c007011,1,211.868896484375,177.09762573242188,247.82681274414065,208.4373779296875,0.678340494632721
tile_r019811_c007011,1,281.9358825683594,345.2986755371094,315.5336303710937,377.1206665039063,0.6743082404136658
tile_r019811_c007011,1,362.5147399902344,122.94670104980467,398.1831970214844,152.68313598632812,0.6683919429779053
tile_r019811_c007011,1,167.55661010742188,75.75181579589844,194.4912109375,106.437744140625,0.6320703029632568
tile_r019811_c007011,1,307.6571350097656,31.28163719177246,344.96307373046875,64.50773620605469,0.6024683713912964
tile_r019811_c007011,1,225.29037475585935,235.5038146972656,262.2293395996094,270.8441467285156,0.5421616435050964
tile_r019811_c007011,1,379.4784240722656,215.4277801513672,409.352783203125,242.2367706298828,0.5003248453140259
tile_r019811_c007011,1,249.3340301513672,0.0419708266854286,293.3506774902344,23.66486167907715,0.4764120578765869
tile_r019811_c007011,1,0.2369262725114822,313.57666015625,30.245574951171875,346.59783935546875,0.2461717873811721
tile_r019811_c007011,1,332.9266967773437,84.4277114868164,363.102783203125,106.8324737548828,0.1415005624294281
tile_r019811_c007011,1,473.14990234375,363.7034301757813,518.1380004882812,420.012939453125,0.0972492769360542
tile_r019811_c007011,1,404.5233459472656,332.4403076171875,455.0162963867188,376.8464050292969,0.087878830730915
tile_r019811_c007011,1,406.2228393554688,376.8068542480469,426.6018676757813,394.5173950195313,0.0472300983965396
tile_r019811_c007011,1,331.6739807128906,79.04122161865234,367.01556396484375,108.35604095458984,0.0247446466237306
tile_r019811_c007011,1,359.19384765625,118.3787612915039,401.4977111816406,155.04837036132812,0.0214813537895679
tile_r019811_c007011,1,404.806640625,378.5054931640625,422.8132934570313,393.7746276855469,0.0129714179784059
tile_r019811_c007011,1,332.69256591796875,86.74861145019531,356.2764587402344,105.8119125366211,0.0129618430510163
tile_r019811_c007011,1,337.7109069824219,84.43485260009766,366.7969055175781,103.99959564208984,0.0123027209192514
tile_r019811_c007011,1,256.8759765625,0.8592071533203125,292.73388671875,19.23137855529785,0.0084509951993823
tile_r019811_c007011,1,511.6471557617188,296.40533447265625,524.5926513671875,388.5768127441406,0.0075201732106506
tile_r019811_c007011,1,511.40045166015625,228.2404327392578,524.6166381835938,329.208984375,0.0074467025697231
tile_r019811_c007011,1,511.6156311035156,205.768310546875,524.6080322265625,303.4554138183594,0.0073308628052473
tile_r019811_c007011,1,512.4087524414062,381.8917846679688,524.5702514648438,483.0760803222656,0.0071167708374559
tile_r019811_c007011,1,307.648681640625,422.08056640625,354.837158203125,467.07568359375,0.0070832027122378
tile_r019811_c007011,1,511.47259521484375,271.22760009765625,524.6019287109375,370.20745849609375,0.0068652536720037
tile_r019811_c007011,1,304.1059875488281,25.5721435546875,347.3015441894531,68.34004974365234,0.0062823635526001
tile_r019811_c007011,1,511.51025390625,413.3474731445313,524.57177734375,503.6076049804688,0.0062294225208461
tile_r019811_c007011,1,511.7041931152344,181.18136596679688,524.5997314453125,278.2077331542969,0.0059544998221099
tile_r019811_c007011,1,405.32470703125,374.5103149414063,429.5292053222656,391.2434997558594,0.0059528579004108
tile_r019811_c007011,1,314.3836975097656,33.26594161987305,342.4263610839844,61.453125,0.0058771334588527
tile_r019811_c007011,1,209.1870574951172,172.49151611328125,251.47769165039065,213.9031219482422,0.0055982433259487
tile_r019811_c007011,1,512.00634765625,307.4750366210937,524.7174682617188,409.8326110839844,0.0053839418105781
tile_r019811_c007011,1,167.1264190673828,79.4024887084961,188.7373504638672,105.6530303955078,0.0046837027184665
tile_r019811_c007011,1,-4.346575736999512,305.7915954589844,30.56904983520508,349.87139892578125,0.0044162920676171
tile_r019811_c007011,1,226.225830078125,238.70834350585935,257.1991577148437,268.20562744140625,0.0043239244259893
tile_r019811_c007011,1,511.9898376464844,156.0334014892578,524.5486450195312,255.6234436035156,0.0041141845285892
tile_r019811_c007011,1,241.44369506835935,-2.4960265159606934,296.776123046875,34.50461959838867,0.0041046417318284
tile_r019811_c007011,1,511.6993103027344,95.7850112915039,524.4083251953125,178.0493621826172,0.0035751739051193
tile_r019811_c007011,1,328.675537109375,77.3778076171875,382.1997680664063,116.7089614868164,0.0035388225223869
tile_r019811_c007011,1,512.2068481445312,122.3273468017578,524.6488037109375,233.2399139404297,0.0034031346440315
tile_r019811_c007011,1,489.1410217285156,116.0670166015625,512.3480224609375,138.7613067626953,0.0033462066203355
tile_r019811_c007011,1,511.78173828125,69.30708312988281,524.6300048828125,165.4208984375,0.0029427735134959
tile_r019811_c007011,1,370.55120849609375,210.82473754882807,413.140869140625,248.0621795654297,0.0029270921368151
tile_r019811_c007011,1,512.1295776367188,435.1344299316406,524.6643676757812,510.98626708984375,0.0028065317310392
tile_r019811_c007011,1,219.3821563720703,229.2456970214844,264.3248291015625,273.48126220703125,0.0027839296963065
tile_r019811_c007011,1,329.1812438964844,74.6255111694336,372.8963012695313,110.813720703125,0.002714000409469
tile_r019811_c007011,1,243.8682861328125,-3.329946994781494,301.03387451171875,22.278881072998047,0.0026573666837066
tile_r019811_c007011,1,172.98910522460938,78.0108413696289,197.01547241210935,104.5201644897461,0.0024748118594288
tile_r019811_c007011,1,511.9828186035156,39.48430252075195,524.65185546875,142.8258514404297,0.0023981551639735
tile_r019811_c007011,1,-2.060089111328125,302.1280822753906,36.27010345458984,353.2848205566406,0.0023093523923307
tile_r019811_c007011,1,512.07568359375,328.2562561035156,524.6243286132812,428.8221740722656,0.0022942470386624
tile_r019811_c007011,1,164.3551788330078,72.3590316772461,199.6880340576172,109.6540756225586,0.0021430463530123
tile_r019811_c007011,1,309.9839782714844,35.05611801147461,338.46484375,62.2061882019043,0.0021177248563617
tile_r019811_c007011,1,362.7351684570313,125.3344268798828,390.2966918945313,149.6426239013672,0.0020051654428243
tile_r019811_c007011,1,-12.191778182983398,506.6350708007813,1.7995437383651731,524.64306640625,0.0019785272888839
tile_r019811_c007011,1,329.5616760253906,78.18193054199219,393.923583984375,136.70693969726562,0.0019086545798927
tile_r019811_c007011,1,400.5606384277344,441.41064453125,458.7579956054688,496.7530212402344,0.0018591929692775
tile_r019811_c007011,1,250.17529296875,0.990087866783142,286.60986328125,19.0739860534668,0.0017870399169623
tile_r019811_c007011,1,-12.267702102661133,491.93212890625,-1.0605652332305908,517.6803588867188,0.0017440592637285
tile_r019811_c007011,1,488.0113220214844,1.013861060142517,513.3107299804688,12.912317276000977,0.0017393551534041
tile_r019811_c007011,1,377.8341369628906,218.23779296875,402.2486267089844,241.1737365722656,0.0017059036763384
tile_r019811_c007011,1,509.8508911132813,361.673828125,524.0740966796875,446.3020629882813,0.0016196781070902
tile_r019811_c007011,1,-12.313551902770996,471.1622924804688,-1.2900848388671875,514.9909057617188,0.001611033687368
tile_r019811_c007011,1,0.5000518560409546,311.8656616210937,21.565860748291016,347.4148864746094,0.0015983248595148
tile_r019811_c007011,1,497.5411987304688,84.8801498413086,521.10595703125,145.6451416015625,0.0015489992219954
tile_r019811_c007011,1,511.8136596679688,23.24120712280273,524.5277099609375,113.70295715332033,0.0015389316249638
tile_r019811_c007011,1,-11.698007583618164,-12.541467666625977,-0.8975555300712585,9.70530891418457,0.0014541369164362
tile_r019811_c007011,1,213.7592315673828,181.34738159179688,242.1446228027344,206.10031127929688,0.0014532170025631
tile_r019811_c007011,1,491.6796875,364.7327270507813,522.1025390625,462.2720642089844,0.0014483325649052
tile_r019811_c007011,1,502.1179809570313,402.7824096679688,521.6533203125,478.8746032714844,0.0013425152283161
tile_r019811_c007011,1,-11.35707664489746,308.45318603515625,5.524984836578369,365.6939086914063,0.0012677544727921
tile_r019811_c007011,1,-12.531793594360352,42.92424392700195,-4.05694580078125,104.7078857421875,0.001240536570549
tile_r019811_c007011,1,-11.252856254577637,302.78863525390625,9.014330863952637,360.2469787597656,0.0012293959734961
tile_r019811_c007011,1,-11.885269165039062,315.3583374023437,-1.721929907798767,380.1920776367188,0.0012140937615185
tile_r019811_c007011,1,-12.440996170043944,450.5296936035156,-1.488560438156128,510.1279296875,0.0011988504556939
tile_r019811_c007011,1,-12.459071159362791,436.2027282714844,-2.041003465652466,495.8158264160156,0.0011769750854
tile_r019811_c007011,1,-12.438459396362305,425.2716674804688,-2.267834424972534,481.1466674804688,0.0011629952350631
tile_r019811_c007011,1,-12.420690536499023,415.43310546875,-2.3475327491760254,470.1234436035156,0.0011454985942691
tile_r019811_c007011,1,500.5784301757813,293.4842224121094,522.33154296875,366.36077880859375,0.0011398358037695
tile_r019811_c007011,1,-12.353711128234863,-2.199139356613159,-4.282214164733887,55.71772003173828,0.0011386594269424
tile_r019811_c007011,1,501.4571228027344,410.6368103027344,522.05517578125,497.4903259277344,0.0011310616973787
tile_r019811_c007011,1,355.7469787597656,115.44294738769533,404.91302490234375,161.65182495117188,0.0011222631437703
tile_r019811_c007011,1,-12.18141746520996,327.3974609375,-2.925654649734497,395.91943359375,0.0011169400531798
tile_r019811_c007011,1,500.24560546875,448.3152465820313,520.6883544921875,512.0693359375,0.0011144928866997
tile_r019811_c007011,1,-12.325361251831056,342.2432556152344,-3.930676221847534,411.7845764160156,0.0011104409350082
tile_r019811_c007011,1,-12.562128067016602,52.6136474609375,-4.0467848777771,117.31672668457033,0.0011054771021008
tile_r019811_c007011,1,-12.523090362548828,183.05172729492188,-4.106019496917725,244.6448516845703,0.0010986776323989
tile_r019811_c007011,1,323.3782653808594,69.81913757324219,367.1450805664063,111.3488998413086,0.001096437103115
tile_r019811_c007011,1,316.556640625,430.5911254882813,347.75396728515625,459.8147583007813,0.0010933012235909
tile_r019811_c007011,1,295.7200622558594,391.73052978515625,362.35345458984375,491.15966796875,0.0010665474692359
tile_r019811_c007011,1,-12.567338943481444,7.830328464508057,-4.056826591491699,72.92752075195312,0.0010566788259893
tile_r019811_c007011,1,475.3829650878906,-12.544126510620115,516.9810180664062,-3.694854736328125,0.0010527354897931
tile_r019811_c007011,1,479.4219665527344,470.3767700195313,515.4055786132812,510.3949279785156,0.0010438438039273
tile_r019811_c007011,1,507.6229553222656,-12.800000190734863,524.55224609375,10.16103172302246,0.0010406302753835
tile_r019811_c007011,1,-12.560181617736816,128.8484649658203,-4.25499439239502,194.047607421875,0.0010387789225205
tile_r019811_c007011,1,-12.562975883483888,65.58961486816406,-4.009138584136963,130.7279052734375,0.0010364425834268
tile_r019811_c007011,1,-12.505109786987305,25.58102798461914,-3.989689588546753,84.15576171875,0.0010226351441815
tile_r019811_c007011,1,-12.54811668395996,204.9595184326172,-3.929213047027588,269.3919372558594,0.0010157431242987
tile_r019811_c007011,1,497.447265625,303.1864624023437,523.6689453125,401.36334228515625,0.0010144060943275
tile_r019811_c007011,1,490.3099060058594,-12.225133895874023,522.0367431640625,-1.2845748662948608,0.0010071985889226
tile_r019811_c007011,1,-12.408344268798828,250.0099334716797,-3.4666168689727783,313.4729309082031,0.0010004428913816
tile_r019811_c007267,1,150.3903350830078,448.4691467285156,198.59402465820312,489.6748962402344,0.8287560939788818
tile_r019811_c007267,1,25.848827362060547,121.8295669555664,75.45145416259766,165.6878662109375,0.8220680356025696
tile_r019811_c007267,1,141.0607147216797,320.03466796875,200.2702178955078,380.16644287109375,0.8069083094596863
tile_r019811_c007267,1,332.9175109863281,287.36236572265625,387.8777160644531,335.5673828125,0.7828195095062256
tile_r019811_c007267,1,374.2395324707031,407.2601013183594,426.4143676757813,454.91351318359375,0.7749803066253662
tile_r019811_c007267,1,217.6409454345703,370.8716430664063,264.33221435546875,416.1764221191406,0.7642815709114075
tile_r019811_c007267,1,245.6180877685547,24.915191650390625,299.4909973144531,86.80738067626953,0.7600609064102173
tile_r019811_c007267,1,55.43106842041016,427.1708068847656,92.40531158447266,461.7828063964844,0.6909443736076355
tile_r019811_c007267,1,25.740215301513672,345.62872314453125,58.80861282348633,376.7522583007813,0.6735420227050781
tile_r019811_c007267,1,106.40482330322266,122.7344741821289,142.47515869140625,153.0487823486328,0.663871169090271
tile_r019811_c007267,1,395.90771484375,71.67781066894531,442.0684509277344,112.0465316772461,0.6618931889533997
tile_r019811_c007267,1,51.4442138671875,31.426929473876957,88.68357849121094,64.09242248535156,0.5661108493804932
tile_r019811_c007267,1,446.48388671875,468.0680541992188,476.29150390625,495.5036010742188,0.5649324655532837
tile_r019811_c007267,1,123.19820404052734,215.095703125,153.70819091796875,242.8008728027344,0.4949631690979004
tile_r019811_c007267,1,-2.080427646636963,-0.4827728271484375,37.66227340698242,23.283462524414062,0.3419566452503204
tile_r019811_c007267,1,368.5104064941406,71.08428955078125,389.2640075683594,89.7015380859375,0.3096802234649658
tile_r019811_c007267,1,489.1683044433594,301.8609313964844,513.9873657226562,339.4832458496094,0.2903079688549042
tile_r019811_c007267,1,443.23529052734375,466.5266723632813,478.446044921875,499.8094787597656,0.1446694135665893
tile_r019811_c007267,1,250.914306640625,32.39685821533203,291.6837463378906,84.80963897705078,0.1196601018309593
tile_r019811_c007267,1,76.89967346191406,84.29753112792969,107.0471420288086,107.00886535644533,0.1109434962272644
tile_r019811_c007267,1,371.4969177246094,72.30473327636719,387.93841552734375,88.6536865234375,0.1045470312237739
tile_r019811_c007267,1,148.4363555908203,331.90533447265625,199.1947021484375,377.1154479980469,0.071894384920597
tile_r019811_c007267,1,150.18698120117188,376.7184143066406,170.71749877929688,394.51507568359375,0.0408565253019332
tile_r019811_c007267,1,347.09283447265625,393.9583129882813,378.68695068359375,427.2610473632813,0.0275315269827842
tile_r019811_c007267,1,-0.6066070795059204,0.2046875059604644,31.597585678100582,20.01444625854492,0.0234202556312084
tile_r019811_c007267,1,392.6600646972656,65.7806167602539,447.2318420410156,116.7606430053711,0.0224943496286869
tile_r019811_c007267,1,103.1452407836914,118.2614517211914,145.7462158203125,155.3509521484375,0.0221021603792905
tile_r019811_c007267,1,75.81074523925781,79.01991271972656,111.3683624267578,108.68736267089844,0.0191098060458898
tile_r019811_c007267,1,488.9375,298.3705139160156,518.3037109375,344.17303466796875,0.0178143307566642
tile_r019811_c007267,1,366.1881713867188,72.42957305908203,385.1551208496094,89.15654754638672,0.0144577072933316
tile_r019811_c007267,1,-5.804620265960693,-0.9444046020507812,39.759376525878906,34.89745330810547,0.0127763589844107
tile_r019811_c007267,1,76.6640625,86.58921813964844,100.1403579711914,105.92244720458984,0.01185252238065
tile_r019811_c007267,1,148.8064422607422,378.5316467285156,166.80239868164062,393.7392578125,0.0114031005650758
tile_r019811_c007267,1,252.53054809570312,25.890941619873047,293.15264892578125,66.73887634277344,0.0100622391328215
tile_r019811_c007267,1,437.3396606445313,462.1615295410156,480.7394409179688,504.1581115722656,0.0098609961569309
tile_r019811_c007267,1,494.44140625,303.484619140625,512.4107666015625,339.2901916503906,0.0095794787630438
tile_r019811_c007267,1,81.64600372314453,84.23771667480469,110.9623565673828,104.1254653930664,0.0091844424605369
tile_r019811_c007267,1,370.72705078125,400.9373474121094,433.7001953125,459.8387145996094,0.0068464130163192
tile_r019811_c007267,1,58.55220413208008,33.24764633178711,86.51177215576172,61.3712043762207,0.0059605091810226
tile_r019811_c007267,1,149.23265075683594,374.36566162109375,173.66949462890625,391.3088684082031,0.0050820638425648
tile_r019811_c007267,1,241.9862823486328,17.256824493408203,306.55816650390625,91.97175598144533,0.0047641224227845
tile_r019811_c007267,1,51.6004753112793,421.6263732910156,98.59635162353516,467.2943420410156,0.0046820449642837
tile_r019811_c007267,1,49.135475158691406,25.11224365234375,91.8190460205078,67.73738098144531,0.0039445655420422
tile_r019811_c007267,1,-12.142616271972656,462.17236328125,-1.832977294921875,511.98291015625,0.0039435634389519
tile_r019811_c007267,1,348.8226623535156,396.6287231445313,373.9195251464844,425.0783081054688,0.0038847515825182
tile_r019811_c007267,1,511.7352600097656,371.5637817382813,524.56298828125,473.2057495117188,0.0037802159786224
tile_r019811_c007267,1,511.5775451660156,50.43886566162109,524.5601806640625,155.6301727294922,0.003665933618322
tile_r019811_c007267,1,511.61712646484375,76.15589904785156,524.571044921875,177.61514282226562,0.0034267336595803
tile_r019811_c007267,1,511.5256958007813,28.19476318359375,524.5393676757812,126.51554870605467,0.0033274511806666
tile_r019811_c007267,1,72.62681579589844,77.01628112792969,126.99961853027344,117.9770965576172,0.0033128571230918
tile_r019811_c007267,1,114.6320571899414,210.61361694335935,157.71560668945312,249.4932098388672,0.0032790205441415
tile_r019811_c007267,1,364.57037353515625,65.8047866821289,395.8309020996094,93.72254943847656,0.0031914908904582
tile_r019811_c007267,1,511.6732482910156,193.9293975830078,524.5875244140625,289.83203125,0.0031333519145846
tile_r019811_c007267,1,511.7573852539063,402.48388671875,524.5629272460938,492.9346618652344,0.0030243161600083
tile_r019811_c007267,1,511.8008728027344,136.57806396484375,524.61376953125,248.7300262451172,0.0028390234801918
tile_r019811_c007267,1,511.4091796875,5.696179389953613,524.5693359375,104.55003356933594,0.0027422183193266
tile_r019811_c007267,1,144.81417846679688,441.73870849609375,203.02487182617188,496.99798583984375,0.0027117556892335
tile_r019811_c007267,1,73.44944763183594,75.1782455444336,116.7035903930664,111.0177764892578,0.0025430722162127
tile_r019811_c007267,1,-12.264573097229004,478.2350158691406,-0.9698928594589232,515.7174072265625,0.0025341503787785
tile_r019811_c007267,1,225.2034149169922,376.06689453125,261.88995361328125,413.1837768554688,0.0024453529622405
tile_r019811_c007267,1,54.44498825073242,35.57658767700195,82.37444305419922,61.859169006347656,0.0024408171884715
tile_r019811_c007267,1,-11.814983367919922,4.328399658203125,-3.317657470703125,56.64708709716797,0.0024294089525938
tile_r019811_c007267,1,511.414306640625,166.2392578125,524.5433959960938,270.9677124023437,0.0024227963294833
tile_r019811_c007267,1,-12.255744934082031,436.4754943847656,-2.156468152999878,500.369140625,0.0023842472583055
tile_r019811_c007267,1,-12.076684951782228,13.678179740905762,-3.2277145385742188,69.39531707763672,0.002370122121647
tile_r019811_c007267,1,372.982421875,72.23136901855469,390.595458984375,91.82112121582033,0.0023393556475639
tile_r019811_c007267,1,512.1397094726562,101.4642562866211,524.5965576171875,203.05422973632807,0.0023145601153373
tile_r019811_c007267,1,500.6366271972656,303.8881530761719,512.54052734375,341.02227783203125,0.0023110469337552
tile_r019811_c007267,1,481.4501953125,292.90216064453125,518.6031494140625,345.28961181640625,0.002279442269355
tile_r019811_c007267,1,257.17498779296875,26.50404357910156,292.3653869628906,57.0360221862793,0.002153409877792
tile_r019811_c007267,1,210.876708984375,364.0909118652344,271.2997436523437,425.4264526367188,0.0021089289803057
tile_r019811_c007267,1,-12.095579147338867,302.22125244140625,-2.306893825531006,360.2415466308594,0.0021037473343312
tile_r019811_c007267,1,508.2605590820313,-12.7929105758667,524.7033081054688,11.578672409057615,0.0020907691214233
tile_r019811_c007267,1,-12.215683937072754,425.78125,-2.073347568511963,486.1578979492188,0.0020065200515091
tile_r019811_c007267,1,512.3072509765625,217.49087524414065,524.5602416992188,303.743896484375,0.0020015456248074
tile_r019811_c007267,1,498.8495178222656,440.96142578125,521.4744873046875,507.4991149902344,0.001976276282221
tile_r019811_c007267,1,-11.99524974822998,106.54069519042967,-1.7687575817108154,160.67825317382812,0.001955569256097
tile_r019811_c007267,1,512.4186401367188,323.27813720703125,524.4923095703125,422.7903442382813,0.0019478274043649
tile_r019811_c007267,1,511.6920776367188,-0.1699585020542144,524.5231323242188,75.0042495727539,0.001920624403283
tile_r019811_c007267,1,-12.026693344116213,116.1397476196289,-1.677027940750122,172.704345703125,0.0018004039302468
tile_r019811_c007267,1,73.71305847167969,77.275390625,138.9693145751953,138.62051391601562,0.0017964424332603
tile_r019811_c007267,1,398.5166015625,74.92356872558594,434.0638732910156,110.67657470703124,0.0017850922886282
tile_r019811_c007267,1,-12.282373428344728,22.5205135345459,-2.756230115890503,86.78125762939453,0.00176615442615
tile_r019811_c007267,1,498.7568359375,457.5977478027344,520.2839965820312,511.3448181152344,0.0017512167105451
tile_r019811_c007267,1,106.70992279052734,125.1636734008789,134.45437622070312,149.7929229736328,0.001735302968882
tile_r019811_c007267,1,-12.1168212890625,320.05059814453125,-1.872746229171753,384.7450256347656,0.0017274988349527
tile_r019811_c007267,1,475.432861328125,289.14068603515625,516.6837158203125,351.82232666015625,0.0017268873052671
tile_r019811_c007267,1,-12.165546417236328,332.3172912597656,-1.465429663658142,396.41162109375,0.0017180289141833
tile_r019811_c007267,1,511.9971618652344,346.710205078125,524.5272216796875,442.8341369628906,0.001707148971036
tile_r019811_c007267,1,121.75048828125,217.92788696289065,146.4928741455078,241.6611328125,0.00169624958653
tile_r019811_c007267,1,-11.389111518859863,-5.073647975921631,8.685748100280762,35.913414001464844,0.0016846995567902
tile_r019811_c007267,1,510.3002014160156,295.14508056640625,524.3649291992188,381.50531005859375,0.0016784486360847
tile_r019811_c007267,1,512.18408203125,301.8658142089844,524.6722412109375,406.1182556152344,0.001657064538449
tile_r019811_c007267,1,517.267578125,295.0638732910156,524.6663818359375,353.78741455078125,0.0016468145186081
tile_r019811_c007267,1,-12.230849266052246,66.66226959228516,-2.124774217605591,128.20294189453125,0.0015959411393851
tile_r019811_c007267,1,511.9046936035156,427.3033142089844,524.5899658203125,503.6056518554688,0.0015841149725019
tile_r019811_c007267,1,-12.190176010131836,345.9391174316406,-1.7076447010040283,406.9488830566406,0.0015734514454379
tile_r019811_c007267,1,-12.259285926818848,233.3750457763672,-2.71778416633606,293.283447265625,0.0015659081982448
tile_r019811_c007267,1,-12.187724113464355,55.38054275512695,-2.1431121826171875,113.76863098144533,0.0015643358929082
tile_r019811_c007267,1,-12.22514820098877,414.2535705566406,-1.969041466712952,472.9104919433594,0.0015585827641189
tile_r019811_c007267,1,-12.040447235107422,95.13720703125,-1.7276580333709717,150.9737548828125,0.0015522195026278
tile_r019811_c007267,1,511.2918090820313,-3.8812623023986816,524.7999877929688,55.68510818481445,0.0014466121792793
tile_r019811_c007267,1,-12.190033912658691,79.17707824707031,-1.797946214675903,141.79751586914062,0.0014442123938351
tile_r019811_c007267,1,-12.259649276733398,37.73621368408203,-2.366346836090088,101.55174255371094,0.0014393628807738
tile_r019811_c007267,1,517.3715209960938,302.6156616210937,524.502685546875,366.669189453125,0.0014157068217173
tile_r019811_c007267,1,-12.074256896972656,127.49967193603516,-1.735194444656372,186.73243713378903,0.0014153987867757
tile_r019811_c007267,1,-12.285856246948242,400.2764587402344,-2.0114777088165283,459.4879760742188,0.00139134330675
tile_r019811_c007267,1,-12.232319831848145,505.5179748535156,2.6670730113983154,524.5984497070312,0.0013747304910793
tile_r019811_c007267,1,361.260009765625,61.5522575378418,394.3824768066406,99.80206298828124,0.0013587950961664
tile_r019811_c007267,1,480.7394409179688,467.46142578125,516.2520751953125,513.2178955078125,0.0013495415914803
tile_r019811_c007267,1,501.3047790527344,430.8091735839844,521.4500732421875,498.09521484375,0.0013097684131935
tile_r019811_c007267,1,-11.42674732208252,-1.1898940801620483,4.891087532043457,45.281044006347656,0.0013070225249975
tile_r019811_c007267,1,-12.220690727233888,359.4422912597656,-1.9448105096817017,418.0106506347656,0.0012958567822352
tile_r019811_c007267,1,-12.325319290161133,385.2483520507813,-1.9611724615097048,445.5792846679688,0.0012524495832622
tile_r019811_c007267,1,-12.120683670043944,141.6051788330078,-2.190834045410156,203.7080841064453,0.0012400976847857
tile_r019811_c007267,1,99.8370361328125,115.20082092285156,149.34823608398438,161.75277709960938,0.0012271730229258
tile_r019811_c007267,1,-12.328262329101562,242.326171875,-2.522631883621216,304.8008728027344,0.0012205516686663
tile_r019811_c007267,1,489.1669006347656,-12.234850883483888,524.0762939453125,-1.6831527948379517,0.0011999821290373
tile_r019811_c007267,1,-12.298215866088867,371.6065368652344,-1.9766082763671875,431.2913208007813,0.0011718649184331
tile_r019811_c007267,1,67.62565612792969,67.6494369506836,111.16740417480467,111.8641586303711,0.0011432976461946
tile_r019811_c007267,1,-12.34261417388916,256.3539428710937,-2.376214504241944,321.03228759765625,0.0011282482882961
tile_r019811_c007267,1,-12.31505012512207,274.1845397949219,-2.205366611480713,339.40826416015625,0.0011118021793663
tile_r019811_c007267,1,-12.188974380493164,215.17770385742188,-2.3156464099884038,276.4607238769531,0.0011051439214497
tile_r019811_c007267,1,309.6730041503906,313.6749267578125,368.427001953125,368.3478698730469,0.0011000842787325
tile_r019811_c007267,1,-12.082977294921877,177.51507568359375,-2.639730930328369,232.0425262451172,0.0010932752629742
tile_r019811_c007267,1,470.58837890625,-12.66405963897705,517.2409057617188,-4.385908603668213,0.0010838102316483
tile_r019811_c007267,1,253.06607055664065,46.72978591918945,287.79644775390625,82.8936767578125,0.0010620022658258
tile_r019811_c007267,1,316.8279113769531,328.80389404296875,368.5973510742188,366.9436645507813,0.0010559451766312
tile_r019811_c007267,1,-12.102523803710938,189.8377990722656,-2.688438415527344,246.6441345214844,0.0010444272775202
tile_r020067_c006499,1,376.1534118652344,45.102684020996094,424.4246215820313,88.98124694824219,0.8446646332740784
tile_r020067_c006499,1,413.3235473632813,283.073486328125,454.4371032714844,320.9481811523437,0.8384004235267639
tile_r020067_c006499,1,410.9578247070313,181.03196716308597,455.6180725097656,228.13247680664065,0.8208245635032654
tile_r020067_c006499,1,361.6790466308594,223.5693359375,398.58111572265625,256.6405334472656,0.8054841160774231
tile_r020067_c006499,1,16.98101806640625,379.32611083984375,60.3691520690918,422.74755859375,0.7859854102134705
tile_r020067_c006499,1,48.06938552856445,190.3665008544922,98.7632293701172,243.04165649414065,0.7855271697044373
tile_r020067_c006499,1,450.3193359375,422.7730407714844,499.2951049804688,465.4736328125,0.7739032506942749
tile_r020067_c006499,1,421.2607421875,467.4313354492188,454.0271606445313,494.8934631347656,0.7658968567848206
tile_r020067_c006499,1,201.6609649658203,37.01823043823242,243.7945098876953,76.64125061035156,0.7499474883079529
tile_r020067_c006499,1,452.0104064941406,66.17476654052734,494.921630859375,106.37996673583984,0.7462357878684998
tile_r020067_c006499,1,83.57672882080078,425.4609375,121.6645278930664,460.9083862304688,0.7397869229316711
tile_r020067_c006499,1,129.0885009765625,354.5957336425781,160.29611206054688,385.6600341796875,0.734032154083252
tile_r020067_c006499,1,275.98162841796875,41.223182678222656,313.4598693847656,76.11190032958984,0.7330118417739868
tile_r020067_c006499,1,345.6051330566406,195.4132843017578,373.5748596191406,221.0295867919922,0.6474327445030212
tile_r020067_c006499,1,319.1288452148437,1.418218970298767,357.19439697265625,29.558263778686523,0.6356296539306641
tile_r020067_c006499,1,173.8055877685547,490.9185180664063,204.4024200439453,512.912353515625,0.5358744859695435
tile_r020067_c006499,1,326.3827514648437,381.759033203125,357.382080078125,408.65423583984375,0.4677057266235351
tile_r020067_c006499,1,404.318359375,345.2811584472656,437.3074340820313,376.16015625,0.457999050617218
tile_r020067_c006499,1,-0.0177947990596294,451.2589721679688,21.91019630432129,477.0587768554688,0.3696156442165375
tile_r020067_c006499,1,475.621337890625,154.8280792236328,500.6041564941406,178.3329620361328,0.3430110812187195
tile_r020067_c006499,1,111.5147705078125,338.69830322265625,131.0235137939453,358.552978515625,0.2472296804189682
tile_r020067_c006499,1,406.1720275878906,348.9065856933594,434.0519104003906,374.365234375,0.1157122701406478
tile_r020067_c006499,1,445.6912536621094,416.2545776367188,504.4295349121094,471.4562377929688,0.0992268621921539
tile_r020067_c006499,1,343.5302124023437,192.3550262451172,376.2478942871094,223.9209442138672,0.0802438706159591
tile_r020067_c006499,1,105.86439514160156,333.142578125,133.57647705078125,358.88848876953125,0.0616453476250171
tile_r020067_c006499,1,419.207275390625,464.6868286132813,456.9337463378906,498.9766540527344,0.0448923707008361
tile_r020067_c006499,1,426.7040100097656,468.2222595214844,453.0819396972656,491.4755859375,0.0400625020265579
tile_r020067_c006499,1,472.19964599609375,152.4217987060547,502.7278747558594,180.3058624267578,0.0224576592445373
tile_r020067_c006499,1,168.34326171875,486.631103515625,206.5091857910156,514.0556030273438,0.0175524856895208
tile_r020067_c006499,1,123.7112274169922,348.5503234863281,162.85916137695312,388.19573974609375,0.0133972419425845
tile_r020067_c006499,1,345.6360778808594,197.09521484375,367.1677856445313,219.8203125,0.0132317272946238
tile_r020067_c006499,1,322.761962890625,376.61810302734375,360.7310180664063,412.01751708984375,0.0130829503759741
tile_r020067_c006499,1,278.72442626953125,45.22280883789063,308.0281677246094,73.24207305908203,0.012600228190422
tile_r020067_c006499,1,285.0869140625,153.6547088623047,325.5057678222656,192.0918426513672,0.0093459691852331
tile_r020067_c006499,1,407.7803649902344,276.50164794921875,459.77001953125,326.7669372558594,0.0087707806378602
tile_r020067_c006499,1,448.490234375,59.6318473815918,497.9054565429688,110.64422607421876,0.0081868562847375
tile_r020067_c006499,1,113.1712646484375,339.2627868652344,136.0734100341797,360.0106506347656,0.0073629319667816
tile_r020067_c006499,1,326.45574951171875,385.5458068847656,349.47869873046875,406.5240173339844,0.0062491698190569
tile_r020067_c006499,1,13.261499404907228,372.9883728027344,64.14295959472656,427.9891662597656,0.0050684097222983
tile_r020067_c006499,1,43.7235107421875,184.61997985839844,104.8061065673828,249.7939910888672,0.0047807325609028
tile_r020067_c006499,1,102.336669921875,329.96453857421875,135.58297729492188,360.9844665527344,0.0038954033516347
tile_r020067_c006499,1,512.8497924804688,411.1764221191406,524.6129150390625,498.9884338378906,0.0036676775198429
tile_r020067_c006499,1,78.67961120605469,420.0682678222656,124.6353759765625,464.6424865722656,0.0035883646924048
tile_r020067_c006499,1,398.26416015625,337.7098693847656,442.0602416992188,380.0146484375,0.0035513599868863
tile_r020067_c006499,1,512.1677856445312,376.08447265625,524.5382080078125,476.1034240722656,0.003522778628394
tile_r020067_c006499,1,511.9227600097656,280.1449584960937,524.5726318359375,380.7525939941406,0.0035216743126511
tile_r020067_c006499,1,23.70011329650879,385.1053771972656,58.51725006103516,420.9466857910156,0.0034127268008887
tile_r020067_c006499,1,344.78302001953125,194.7079162597656,384.10693359375,233.39340209960935,0.0029501698445528
tile_r020067_c006499,1,511.8055725097656,199.349853515625,524.5291748046875,292.1762084960937,0.0029123693238943
tile_r020067_c006499,1,176.4782257080078,493.7198181152344,207.04165649414065,511.58447265625,0.0028294038493186
tile_r020067_c006499,1,511.7594604492188,261.450439453125,524.47265625,355.4366760253906,0.0028068386018276
tile_r020067_c006499,1,494.1644592285156,46.199317932128906,520.4948120117188,118.5620574951172,0.0027802190743386
tile_r020067_c006499,1,415.739013671875,183.79739379882807,451.16790771484375,224.75064086914065,0.002522814553231
tile_r020067_c006499,1,512.07080078125,302.5092163085937,524.5477294921875,403.183349609375,0.0025114193558692
tile_r020067_c006499,1,-12.308855056762695,4.683740139007568,-2.640667676925659,63.4615592956543,0.0025051105767488
tile_r020067_c006499,1,512.4075927734375,341.18829345703125,524.6492309570312,451.9671936035156,0.0024664222728461
tile_r020067_c006499,1,314.7960510253906,-1.3725754022598269,359.2030639648437,33.79650115966797,0.0024554457049816
tile_r020067_c006499,1,512.9635009765625,432.1939086914063,524.7999877929688,511.21685791015625,0.002362911356613
tile_r020067_c006499,1,462.6526489257813,148.71188354492188,503.8596801757813,184.7371826171875,0.0023567709140479
tile_r020067_c006499,1,-11.966898918151855,459.537841796875,-2.319079637527466,512.8502197265625,0.0023169443011283
tile_r020067_c006499,1,511.8492736816406,233.5960235595703,524.5503540039062,339.1023254394531,0.0023075763601809
tile_r020067_c006499,1,-12.16523265838623,-1.0977661609649658,-2.892874240875244,50.570106506347656,0.0023000589571893
tile_r020067_c006499,1,512.1375732421875,162.03665161132812,524.5548095703125,258.1386108398437,0.0021753159817308
tile_r020067_c006499,1,511.9765625,-2.211666822433472,524.5618896484375,79.9355697631836,0.0021445814054459
tile_r020067_c006499,1,-12.087461471557615,484.5814514160156,-1.9379425048828125,516.2584228515625,0.0021392768248915
tile_r020067_c006499,1,-1.97369384765625,435.9891052246094,28.35507202148437,480.0777893066406,0.0020720481406897
tile_r020067_c006499,1,455.2828063964844,69.87471008300781,489.6561584472656,102.93019104003906,0.0020288252271711
tile_r020067_c006499,1,-12.37016487121582,13.808465957641602,-2.4953689575195312,76.75377655029297,0.0020033351611346
tile_r020067_c006499,1,368.0838317871094,226.8222198486328,399.00091552734375,252.82943725585935,0.0019935681484639
tile_r020067_c006499,1,128.83970642089844,356.7918395996094,153.90480041503906,382.932373046875,0.0019911739509552
tile_r020067_c006499,1,167.664794921875,497.3903198242188,211.0470733642578,512.3606567382812,0.0019893660210072
tile_r020067_c006499,1,-12.190811157226562,192.4432678222656,-2.3764922618865967,254.83578491210935,0.0019870905671268
tile_r020067_c006499,1,509.06005859375,-12.800000190734863,524.6922607421875,19.30892372131348,0.0019570551812648
tile_r020067_c006499,1,51.26519775390625,196.02133178710935,92.1848373413086,240.0561981201172,0.0019280969863757
tile_r020067_c006499,1,-12.217602729797363,203.2036895751953,-2.442301988601685,266.13018798828125,0.0019023410277441
tile_r020067_c006499,1,21.66904067993164,505.2042846679688,81.3860855102539,512.0277099609375,0.0018378385575488
tile_r020067_c006499,1,-11.814973831176758,-12.447088241577148,0.7586380243301392,7.461573600769043,0.0018373023485764
tile_r020067_c006499,1,-12.22856330871582,505.6865234375,1.7900100946426392,524.6701049804688,0.0017543613212183
tile_r020067_c006499,1,-12.256097793579102,141.4542694091797,-2.19610595703125,204.8802490234375,0.0017469566082581
tile_r020067_c006499,1,512.1754150390625,11.801953315734863,524.5792846679688,110.40861511230467,0.0016106648836284
tile_r020067_c006499,1,-12.277134895324709,214.46566772460935,-2.351151943206787,280.59405517578125,0.0016022147610783
tile_r020067_c006499,1,-12.222743034362791,180.04800415039062,-2.1895155906677246,245.78140258789065,0.0015985812060534
tile_r020067_c006499,1,-12.276763916015623,130.3578643798828,-1.9780868291854856,193.6404571533203,0.0015952688409015
tile_r020067_c006499,1,158.3375244140625,511.7765197753906,206.3550567626953,515.5137939453125,0.0015901059377938
tile_r020067_c006499,1,386.6419067382813,503.1099548339844,454.55517578125,512.2376708984375,0.0015835606027394
tile_r020067_c006499,1,-12.222820281982422,269.1106262207031,-2.163679599761963,334.31842041015625,0.0015654914313927
tile_r020067_c006499,1,-12.18998908996582,259.0729675292969,-2.275987148284912,322.30426025390625,0.0015500903828069
tile_r020067_c006499,1,-10.65973663330078,443.626953125,4.099037170410156,488.1939392089844,0.0015446784673258
tile_r020067_c006499,1,512.2360229492188,-6.428167819976807,524.6414794921875,57.67661285400391,0.0015388539759442
tile_r020067_c006499,1,-12.416868209838867,24.422311782836918,-2.195474147796631,90.4269561767578,0.0015346974832937
tile_r020067_c006499,1,-12.16293716430664,347.50299072265625,-1.969203233718872,413.6885681152344,0.0015162308700382
tile_r020067_c006499,1,-12.269463539123535,152.50588989257812,-2.253129482269287,218.6047821044922,0.0015157206216827
tile_r020067_c006499,1,-12.275699615478516,165.4452667236328,-2.2099151611328125,233.3931579589844,0.001511197653599
tile_r020067_c006499,1,99.44816589355467,320.65704345703125,139.3338623046875,361.2574157714844,0.0015037187840789
tile_r020067_c006499,1,-12.246152877807615,307.0279235839844,-2.0170562267303467,368.4722595214844,0.0014961959095671
tile_r020067_c006499,1,511.8514709472656,38.36670303344727,524.5407104492188,129.47842407226562,0.0014371296856552
tile_r020067_c006499,1,-12.233230590820312,245.5354461669922,-2.193734645843506,310.1277770996094,0.0014368095435202
tile_r020067_c006499,1,-12.363099098205566,91.67850494384766,-1.5805587768554688,151.95982360839844,0.0014256510185077
tile_r020067_c006499,1,512.277587890625,131.783203125,524.2909545898438,229.32522583007807,0.0014208027860149
tile_r020067_c006499,1,-12.335026741027832,227.82064819335935,-2.120381116867065,297.980224609375,0.0014177083503454
tile_r020067_c006499,1,-12.265836715698242,319.3758850097656,-1.9951263666152956,383.3685607910156,0.0013961330987513
tile_r020067_c006499,1,-12.210792541503906,294.99664306640625,-2.0228638648986816,355.8605041503906,0.0013882244238629
tile_r020067_c006499,1,-12.092252731323242,360.8063354492188,-1.6365585327148438,425.46673583984375,0.0013852865668013
tile_r020067_c006499,1,-12.364198684692385,51.49404144287109,-1.777065992355347,113.9491195678711,0.001384085859172
tile_r020067_c006499,1,-12.348288536071776,79.83060455322266,-1.443060278892517,138.27052307128906,0.0013746689073741
tile_r020067_c006499,1,-12.206499099731444,281.52117919921875,-2.0064284801483154,345.02850341796875,0.0013718622503802
tile_r020067_c006499,1,-12.33133602142334,116.9405288696289,-1.7960631847381592,182.26773071289065,0.0013674540678039
tile_r020067_c006499,1,-12.223609924316406,333.8106384277344,-2.034199476242065,398.4313354492188,0.0013564140535891
tile_r020067_c006499,1,-12.386889457702637,37.16119384765625,-1.9592971801757808,102.4067840576172,0.0013456213055178
tile_r020067_c006499,1,499.0577697753906,24.88690185546875,521.796630859375,107.09188079833984,0.0013406624784693
tile_r020067_c006499,1,471.65924072265625,141.2934112548828,511.7537536621094,181.49853515625,0.0013262692373245
tile_r020067_c006499,1,-12.369038581848145,103.2352523803711,-1.6533401012420654,167.82473754882812,0.0013226061128079
tile_r020067_c006499,1,-12.361438751220703,65.8061752319336,-1.504797339439392,126.1171646118164,0.0013081259094178
tile_r020067_c006499,1,-4.065438747406006,447.7935485839844,3.5630202293396,481.6509704589844,0.0013007895322516
tile_r020067_c006499,1,500.1785278320313,-0.1959976255893707,519.63671875,47.2011604309082,0.0012723875697702
tile_r020067_c006499,1,88.9491958618164,300.2774353027344,140.70419311523438,375.48638916015625,0.0012445540633052
tile_r020067_c006499,1,-11.367677688598633,448.594482421875,-0.3772689700126648,503.8177185058594,0.0012405874440446
tile_r020067_c006499,1,150.6398162841797,481.128173828125,209.4588623046875,514.5625610351562,0.0012324682902544
tile_r020067_c006499,1,-12.064684867858888,375.5946350097656,-1.8147475719451904,435.5044860839844,0.0012288936413824
tile_r020067_c006499,1,51.12495040893555,504.51953125,109.10511779785156,511.916015625,0.0012274998007342
tile_r020067_c006499,1,354.5369567871094,215.20217895507807,404.33441162109375,262.9434814453125,0.0012262950185686
tile_r020067_c006499,1,-12.130544662475586,388.92041015625,-2.160641431808472,447.9317321777344,0.0012193188304081
tile_r020067_c006499,1,317.382080078125,374.4309997558594,363.0577697753906,416.8696899414063,0.0012124163331463
tile_r020067_c006499,1,-12.486730575561523,445.1310424804688,-3.987095594406128,500.8587951660156,0.0011988995829597
tile_r020067_c006499,1,97.24641418457033,324.9529724121094,141.45187377929688,376.7268676757813,0.0011760483030229
tile_r020067_c006499,1,122.8160400390625,344.2540283203125,168.9032440185547,394.7409057617188,0.0011550599010661
tile_r020067_c006499,1,403.8701171875,172.80020141601562,462.5086059570313,236.60903930664065,0.0011412660824134
tile_r020067_c006499,1,512.5838623046875,76.29349517822266,524.5870361328125,168.76779174804688,0.0011015271302312
tile_r020067_c006499,1,487.2598571777344,-12.182467460632324,523.6936645507812,1.0379607677459717,0.0010859650792554
tile_r020067_c006499,1,-12.18979835510254,401.2914123535156,-1.3534622192382812,469.3986206054688,0.0010593603365123
tile_r020067_c006499,1,197.3686981201172,27.37456703186035,253.292724609375,87.16399383544922,0.0010527576087042
tile_r020067_c006499,1,-7.0919189453125,430.2325134277344,25.89776992797852,482.3475646972656,0.0010280767455697
tile_r020067_c006755,1,120.2209014892578,45.25276947021485,168.25210571289062,88.98927307128906,0.8434330224990845
tile_r020067_c006755,1,157.290771484375,283.0590515136719,198.5930938720703,320.8191223144531,0.8395979404449463
tile_r020067_c006755,1,253.6983337402344,308.3638610839844,294.4300842285156,346.4024353027344,0.8343650102615356
tile_r020067_c006755,1,155.05245971679688,181.09085083007807,199.67044067382807,228.0186767578125,0.8159499168395996
tile_r020067_c006755,1,105.51025390625,223.43869018554688,142.7023162841797,256.81658935546875,0.8106175065040588
tile_r020067_c006755,1,194.90869140625,423.7715759277344,242.9201202392578,464.7626037597656,0.7804769277572632
tile_r020067_c006755,1,165.17062377929688,467.2288208007813,198.1537628173828,494.9422912597656,0.7710505127906799
tile_r020067_c006755,1,20.10412979125977,41.4398193359375,57.13886642456055,76.4021987915039,0.7617081999778748
tile_r020067_c006755,1,299.6620178222656,431.7019958496094,338.66387939453125,469.0955505371094,0.754355251789093
tile_r020067_c006755,1,196.7808837890625,67.56462097167969,236.9422607421875,104.9578628540039,0.7435926795005798
tile_r020067_c006755,1,89.42213439941406,195.2751922607422,117.72159576416016,221.1598663330078,0.6524189114570618
tile_r020067_c006755,1,63.32976150512695,1.4110596179962158,101.00933837890624,29.373889923095703,0.6515425443649292
tile_r020067_c006755,1,70.0863265991211,381.615966796875,101.6735610961914,408.7513732910156,0.5071457624435425
tile_r020067_c006755,1,148.22213745117188,345.3215026855469,181.3513946533203,376.2418212890625,0.4922736585140228
tile_r020067_c006755,1,221.1285400390625,156.2118682861328,243.4366912841797,178.1256866455078,0.1784502863883972
tile_r020067_c006755,1,336.08453369140625,385.7232360839844,358.1248779296875,407.4010314941406,0.0880799442529678
tile_r020067_c006755,1,163.15231323242188,464.4189453125,201.00759887695312,498.9562377929688,0.0465804561972618
tile_r020067_c006755,1,170.60791015625,468.0687561035156,197.2091827392578,491.6062622070313,0.0384076796472072
tile_r020067_c006755,1,254.4999084472656,58.628662109375,288.02813720703125,89.880615234375,0.0367932692170143
tile_r020067_c006755,1,66.1691665649414,377.0497131347656,105.09210205078124,411.8055725097656,0.0194699242711067
tile_r020067_c006755,1,150.28677368164062,349.9506225585937,176.3330841064453,374.01214599609375,0.0163361206650733
tile_r020067_c006755,1,89.5218734741211,196.97628784179688,111.3449249267578,219.97897338867188,0.0136934891343116
tile_r020067_c006755,1,294.9714050292969,426.6639709472656,342.4751281738281,475.4120178222656,0.013687971048057
tile_r020067_c006755,1,478.8871154785156,0.08447265625,513.8544921875,14.274304389953612,0.0129591031000018
tile_r020067_c006755,1,152.06100463867188,276.7603454589844,204.3343505859375,326.14569091796875,0.0120808333158493
tile_r020067_c006755,1,22.173608779907227,44.79899215698242,51.87728118896485,73.12721252441406,0.0111157996580004
tile_r020067_c006755,1,84.76896667480469,190.32655334472656,125.58927917480467,225.9631805419922,0.009072926826775
tile_r020067_c006755,1,0.964709460735321,71.47587585449219,18.602453231811523,93.1739273071289,0.0078739980235695
tile_r020067_c006755,1,70.30521392822266,385.1690979003906,94.05230712890624,406.6776428222656,0.0063224481418728
tile_r020067_c006755,1,331.1817321777344,383.06982421875,358.7545471191406,408.4134216308594,0.0046894722618162
tile_r020067_c006755,1,246.5329132080078,299.60577392578125,299.29962158203125,353.40185546875,0.0045252130366861
tile_r020067_c006755,1,512.2151489257812,145.5187530517578,524.5305786132812,242.0231475830078,0.0040562925860285
tile_r020067_c006755,1,1.868579149246216,70.22265625,15.611791610717772,95.64411926269533,0.0040383539162576
tile_r020067_c006755,1,511.907958984375,424.389892578125,524.6690673828125,509.8208618164063,0.0039628497324883
tile_r020067_c006755,1,142.15090942382812,338.2206420898437,185.59890747070312,379.899169921875,0.0037496238946914
tile_r020067_c006755,1,478.8097229003906,-0.2371971160173416,514.614990234375,10.31223487854004,0.0036049217451363
tile_r020067_c006755,1,511.5326232910156,44.693992614746094,524.564453125,136.6571044921875,0.0033457106910645
tile_r020067_c006755,1,511.8812561035156,124.2881851196289,524.5567626953125,223.2705993652344,0.0033148652873933
tile_r020067_c006755,1,512.8084716796875,162.3450927734375,524.6175537109375,266.8506164550781,0.0032540981192141
tile_r020067_c006755,1,512.0872192382812,267.1519470214844,524.5921020507812,372.9305725097656,0.0032091103494167
tile_r020067_c006755,1,512.0348510742188,290.5103454589844,524.6237182617188,397.3514099121094,0.0031230577733367
tile_r020067_c006755,1,216.4527282714844,154.06155395507812,245.8205108642578,180.79220581054688,0.0031227134168148
tile_r020067_c006755,1,159.7120819091797,183.7922515869141,195.2440490722656,224.8490753173828,0.0031002524774521
tile_r020067_c006755,1,511.5361328125,25.086400985717773,524.541015625,118.78370666503906,0.0029280709568411
tile_r020067_c006755,1,88.63661193847656,194.5034637451172,127.91446685791016,232.4996032714844,0.0029254336841404
tile_r020067_c006755,1,511.74127197265625,87.26821899414062,524.664306640625,203.2438507080078,0.0028697566594928
tile_r020067_c006755,1,512.5839233398438,183.3667907714844,524.5772705078125,292.7647399902344,0.0028565896209329
tile_r020067_c006755,1,512.6384887695312,445.6892700195313,524.7412109375,514.7222900390625,0.0026989509351551
tile_r020067_c006755,1,511.44769287109375,59.87364959716797,524.6288452148438,169.31716918945312,0.0026652426458895
tile_r020067_c006755,1,472.7551879882813,0.005767822265625,515.2672729492188,7.458727836608887,0.0026459794025868
tile_r020067_c006755,1,277.4054260253906,505.373291015625,344.1425170898437,512.0493774414062,0.0025857179425656
tile_r020067_c006755,1,512.3369750976562,313.9686889648437,524.617431640625,424.533935546875,0.0025152482558041
tile_r020067_c006755,1,512.0616455078125,396.7984313964844,524.6119995117188,499.16943359375,0.0023746057413518
tile_r020067_c006755,1,30.98114013671875,154.065185546875,69.80223083496094,191.5436248779297,0.0021898513659834
tile_r020067_c006755,1,191.07470703125,57.54970550537109,243.0459442138672,109.9931411743164,0.0021887982729822
tile_r020067_c006755,1,512.5850830078125,210.9437561035156,524.6317749023438,323.2835388183594,0.0021765406709164
tile_r020067_c006755,1,-12.009511947631836,10.405481338500977,-3.0212721824646,62.49111175537109,0.0021259654313325
tile_r020067_c006755,1,112.0283660888672,226.7718811035156,142.99365234375,252.9397430419922,0.0020753170829266
tile_r020067_c006755,1,-11.959577560424805,17.426467895507812,-2.784062147140503,74.8302230834961,0.0020566324237734
tile_r020067_c006755,1,512.7098388671875,242.56314086914065,524.572265625,349.3988647460937,0.0020122237037867
tile_r020067_c006755,1,59.003639221191406,-1.501776099205017,103.07064056396484,33.745460510253906,0.0019982098601758
tile_r020067_c006755,1,472.7159118652344,0.266101062297821,517.8587646484375,41.133087158203125,0.0019736427348107
tile_r020067_c006755,1,436.1051635742188,55.352783203125,477.4676818847656,103.804443359375,0.0019450058462098
tile_r020067_c006755,1,511.4776306152344,-1.8795166015625,524.4959716796875,90.88748931884766,0.0018929735524579
tile_r020067_c006755,1,512.5426635742188,340.62066650390625,524.6033935546875,450.2821350097656,0.0018719531362876
tile_r020067_c006755,1,512.4451293945312,367.3387451171875,524.6344604492188,477.6688537597656,0.0018179544713348
tile_r020067_c006755,1,-11.69605827331543,-12.488824844360352,0.5638290643692017,5.327929496765137,0.0017302567139267
tile_r020067_c006755,1,353.04034423828125,397.9948120117188,485.1863403320313,516.96630859375,0.0016284628072753
tile_r020067_c006755,1,131.5349884033203,503.5359497070313,198.97494506835935,512.234375,0.001567497733049
tile_r020067_c006755,1,-11.987622261047363,25.165454864501957,-2.3759751319885254,96.764892578125,0.0015396944945678
tile_r020067_c006755,1,502.9912109375,-12.800000190734863,524.7962646484375,4.837777614593506,0.0015038176206871
tile_r020067_c006755,1,70.2018814086914,430.6542053222656,142.99447631835938,503.8739318847656,0.0015035077231004
tile_r020067_c006755,1,268.57080078125,506.2936401367188,326.2355041503906,512.4588623046875,0.0014670260716229
tile_r020067_c006755,1,-12.016105651855469,3.159777879714966,-3.299098253250122,52.30751800537109,0.0014433750184252
tile_r020067_c006755,1,-12.348843574523926,509.6476440429688,2.816030979156494,524.7771606445312,0.0013475514715537
tile_r020067_c006755,1,-12.456756591796877,245.64480590820312,-3.162616014480591,306.58660888671875,0.0013466001255437
tile_r020067_c006755,1,98.53166198730467,215.64224243164065,148.05197143554688,263.2267150878906,0.0013126932317391
tile_r020067_c006755,1,-12.455842971801758,467.6446228027344,-2.74713134765625,514.5022583007812,0.0012992641422897
tile_r020067_c006755,1,344.52740478515625,100.5173110961914,364.8105773925781,121.0960693359375,0.0012967995135113
tile_r020067_c006755,1,-12.448271751403809,438.6166076660156,-3.3455123901367188,498.5177612304688,0.001281984266825
tile_r020067_c006755,1,472.0933532714844,-1.1423393487930298,520.1307373046875,15.39501953125,0.0012568166712298
tile_r020067_c006755,1,472.474609375,1.063938856124878,514.8636474609375,25.329736709594727,0.0012191707501187
tile_r020067_c006755,1,347.524169921875,396.9694213867188,422.1180114746094,468.9366149902344,0.0011903278063982
tile_r020067_c006755,1,-12.506906509399414,450.0383911132813,-3.0002503395080566,509.7610473632813,0.0011762023204937
tile_r020067_c006755,1,-12.486512184143066,235.55453491210935,-3.2500228881835938,295.693115234375,0.0011390943545848
tile_r020067_c006755,1,200.6234436035156,73.4737777709961,231.7769470214844,102.5095443725586,0.0011370952706784
tile_r020067_c006755,1,464.1841735839844,-12.73659324645996,517.6027221679688,-6.993621826171875,0.0011312562273815
tile_r020067_c006755,1,-11.805804252624512,44.45257568359375,-2.233515977859497,110.54791259765624,0.0011264107888564
tile_r020067_c006755,1,-12.395029067993164,490.7249145507813,-1.775262475013733,517.2296142578125,0.0011186160845682
tile_r020067_c006755,1,-12.43198013305664,424.7123107910156,-3.5196824073791504,486.8033142089844,0.0011178437853232
tile_r020067_c006755,1,-12.400493621826172,385.7925415039063,-3.661904811859131,448.6652221679688,0.0011001874227076
tile_r020067_c006755,1,282.412841796875,506.20263671875,357.4710388183594,512.2196044921875,0.0010983218671754
tile_r020067_c006755,1,-12.49599552154541,256.66033935546875,-3.2568435668945312,319.9976501464844,0.0010974016040563
tile_r020067_c006755,1,-12.440732955932615,397.48040771484375,-3.644874572753906,462.1734924316406,0.0010944282403215
tile_r020067_c006755,1,-12.44324779510498,372.0914916992188,-3.778860569000244,437.95849609375,0.0010922061046585
tile_r020067_c006755,1,272.6465759277344,488.4307556152344,349.7544860839844,513.0680541992188,0.0010849408572539
tile_r020067_c006755,1,-11.623418807983398,62.26628494262695,-3.834677219390869,116.6512451171875,0.0010768176289275
tile_r020067_c006755,1,65.03456115722656,370.382080078125,114.12300872802734,414.35052490234375,0.001072701648809
tile_r020067_c006755,1,249.2851104736328,514.9627685546875,314.2496032714844,524.340087890625,0.0010674898512661
tile_r020067_c006755,1,469.9607543945313,-10.62470817565918,524.0208740234375,3.891859531402588,0.0010457220487296
tile_r020067_c006755,1,-12.537672996520996,156.8096466064453,-4.242083549499512,220.4163360595703,0.0010456159943714
tile_r020067_c006755,1,477.3508911132813,-0.736340343952179,521.60595703125,53.3109245300293,0.0010440228506922
tile_r020067_c006755,1,492.3463745117188,143.6707305908203,522.2384033203125,219.8035888671875,0.0010436449665576
tile_r020067_c006755,1,148.32815551757812,172.6145782470703,207.97085571289065,236.8197479248047,0.0010428836103528
tile_r020067_c006755,1,-12.578384399414062,170.4254608154297,-3.947463989257813,232.8245391845703,0.0010242507560178
tile_r020067_c006755,1,-12.29725456237793,324.18182373046875,-4.133431911468506,387.5651245117188,0.0010147092398256
tile_r020067_c006755,1,205.3499755859375,149.8482208251953,245.7081756591797,187.73727416992188,0.0010074102319777
tile_r020067_c007011,1,406.8225708007813,192.2955017089844,454.4883728027344,234.1181640625,0.826036274433136
tile_r020067_c007011,1,396.7951049804688,63.829376220703125,456.3130798339844,124.06575012207033,0.8135559558868408
tile_r020067_c007011,1,0.6435028314590454,308.3744812011719,38.367618560791016,346.8581848144531,0.7780188918113708
tile_r020067_c007011,1,43.89836502075195,432.2378845214844,82.34732818603516,468.8504943847656,0.770483672618866
tile_r020067_c007011,1,376.2743225097656,477.6030883789063,413.9702758789063,511.93548583984375,0.7458853125572205
tile_r020067_c007011,1,365.629638671875,404.3230590820313,401.71234130859375,437.30859375,0.7442076206207275
tile_r020067_c007011,1,473.7664184570313,114.5196533203125,513.40576171875,157.89639282226562,0.7373834848403931
tile_r020067_c007011,1,361.2870178222656,300.70318603515625,405.4818420410156,343.2743530273437,0.7207126617431641
tile_r020067_c007011,1,311.737060546875,171.5104217529297,348.099365234375,204.9018096923828,0.7180702090263367
tile_r020067_c007011,1,261.4874267578125,258.52740478515625,298.3197631835937,293.8409423828125,0.6978816390037537
tile_r020067_c007011,1,281.9125061035156,89.31977844238281,315.4925231933594,121.09440612792967,0.6837241649627686
tile_r020067_c007011,1,0.2044845521450042,57.489479064941406,30.6232852935791,90.7888641357422,0.3171891570091247
tile_r020067_c007011,1,372.6116638183594,270.49774169921875,398.2034606933594,293.6611633300781,0.1575344800949096
tile_r020067_c007011,1,472.6629028320313,107.5838394165039,517.9964599609375,164.017578125,0.1087736561894416
tile_r020067_c007011,1,404.3790893554688,76.01518249511719,455.2601623535156,120.9554443359375,0.0763109102845192
tile_r020067_c007011,1,406.1355895996094,120.82566833496094,426.7257385253906,138.48887634277344,0.0688256919384002
tile_r020067_c007011,1,80.41004943847656,385.99609375,101.9646453857422,407.2696228027344,0.0675021931529045
tile_r020067_c007011,1,378.39404296875,481.7394409179688,408.51312255859375,510.4407348632813,0.027644770219922
tile_r020067_c007011,1,404.77197265625,122.5144500732422,422.92138671875,137.74234008789062,0.0210294779390096
tile_r020067_c007011,1,358.9808044433594,291.30865478515625,407.27386474609375,347.3700561523437,0.0164313204586505
tile_r020067_c007011,1,370.5247497558594,408.0240173339844,399.6929321289063,434.6244201660156,0.0147394808009266
tile_r020067_c007011,1,222.3142852783203,0.320211797952652,261.2614440917969,13.445840835571287,0.0114851240068674
tile_r020067_c007011,1,257.4925231933594,253.7801513671875,302.8700561523437,300.48834228515625,0.01131540723145
tile_r020067_c007011,1,39.124473571777344,427.0094604492188,86.24398040771484,475.2672729492188,0.0108433635905385
tile_r020067_c007011,1,221.45901489257807,-0.1107757538557052,259.31939697265625,9.64062213897705,0.0097370417788624
tile_r020067_c007011,1,405.2741088867188,118.56690979003906,429.51513671875,135.61416625976562,0.0089671593159437
tile_r020067_c007011,1,364.517822265625,269.6845703125,401.5903930664063,312.9248962402344,0.0083965770900249
tile_r020067_c007011,1,-4.1916823387146,50.205810546875,30.7734432220459,93.8565444946289,0.0083568254485726
tile_r020067_c007011,1,511.6033325195313,40.30648040771485,524.5855712890625,133.71697998046875,0.0079092448577284
tile_r020067_c007011,1,368.6275024414063,267.7940368652344,400.677978515625,295.69366455078125,0.0074907625094056
tile_r020067_c007011,1,512.4737548828125,125.50813293457033,524.5479736328125,229.1811065673828,0.0072393710725009
tile_r020067_c007011,1,511.3837890625,13.24717140197754,524.6222534179688,114.5195770263672,0.0067736282944679
tile_r020067_c007011,1,499.1384887695313,474.08306884765625,518.14013671875,514.5667724609375,0.0065327286720275
tile_r020067_c007011,1,353.3345642089844,259.7286682128906,408.9141540527344,345.0492553710937,0.0056799547746777
tile_r020067_c007011,1,511.0875549316406,-2.244793653488159,524.581298828125,84.73302459716797,0.00554820895195
tile_r020067_c007011,1,512.010498046875,51.334922790527344,524.7119750976562,154.46385192871094,0.0054983017034828
tile_r020067_c007011,1,511.6754455566406,156.22653198242188,524.5297241210938,254.49594116210935,0.0054752305150032
tile_r020067_c007011,1,308.2431945800781,166.28671264648438,354.2106628417969,209.998046875,0.0050886408425867
tile_r020067_c007011,1,75.5606689453125,383.2451171875,102.62278747558594,408.3277282714844,0.0049131298437714
tile_r020067_c007011,1,512.0529174804688,178.29721069335938,524.5613403320312,282.50079345703125,0.0041802087798714
tile_r020067_c007011,1,217.1899871826172,0.1055267304182052,260.417724609375,7.181344509124756,0.0041099586524069
tile_r020067_c007011,1,263.2761535644531,262.1664428710937,292.96063232421875,290.95562744140625,0.0039206147193908
tile_r020067_c007011,1,-5.774682521820068,302.32977294921875,41.18354415893555,353.7853088378906,0.0035685009788721
tile_r020067_c007011,1,359.4081420898437,397.76904296875,404.253662109375,441.4469604492188,0.0035615526139736
tile_r020067_c007011,1,511.5929565429688,-6.724206447601318,524.5935668945312,56.9337272644043,0.0034020675811916
tile_r020067_c007011,1,-11.99986457824707,463.15960693359375,-2.511663913726806,512.290771484375,0.0033196893054991
tile_r020067_c007011,1,512.3505859375,215.50015258789065,524.5514526367188,317.386962890625,0.0033005175646394
tile_r020067_c007011,1,499.3907165527344,482.7425842285156,516.80224609375,513.1687622070312,0.003295944770798
tile_r020067_c007011,1,512.2039794921875,240.88607788085935,524.5950927734375,341.296142578125,0.0029172974172979
tile_r020067_c007011,1,424.6101684570313,282.5653381347656,450.0946350097656,304.77001953125,0.0028575637843459
tile_r020067_c007011,1,-11.55576515197754,297.18359375,4.032449245452881,357.91619873046875,0.0028555521275848
tile_r020067_c007011,1,88.2801513671875,100.1058578491211,109.2013931274414,120.8135223388672,0.0028252566698938
tile_r020067_c007011,1,512.1163940429688,432.1299743652344,524.6871337890625,510.6064453125,0.0025946763344109
tile_r020067_c007011,1,509.07421875,-12.800000190734863,524.6578979492188,22.09730529785156,0.0025197397917509
tile_r020067_c007011,1,22.77496719360352,505.6170043945313,87.69297790527344,512.0753784179688,0.0024528740905225
tile_r020067_c007011,1,511.7646484375,403.4644165039063,524.5853271484375,497.2862854003906,0.0023692022077739
tile_r020067_c007011,1,485.83502197265625,478.9613342285156,517.0364990234375,514.5515747070312,0.0022863333579152
tile_r020067_c007011,1,-12.032201766967772,445.55859375,-2.035597324371338,507.7733459472656,0.0022008134983479
tile_r020067_c007011,1,-12.07793140411377,318.1577453613281,-1.8328567743301392,373.24798583984375,0.0021838715765625
tile_r020067_c007011,1,512.0928955078125,72.2802963256836,524.6170654296875,173.31198120117188,0.0021835681982338
tile_r020067_c007011,1,497.1629028320313,448.4940490722656,521.1570434570312,515.6813354492188,0.0021761306561529
tile_r020067_c007011,1,512.1942138671875,269.2352294921875,524.586181640625,366.38031005859375,0.0020874496549367
tile_r020067_c007011,1,-12.069316864013672,432.4544982910156,-2.281681776046753,497.826171875,0.0020801667124032
tile_r020067_c007011,1,-12.048772811889648,422.6961975097656,-2.488012790679932,482.9032287597656,0.0020774751901626
tile_r020067_c007011,1,499.661865234375,492.88128662109375,512.8807373046875,512.5249633789062,0.0020694467239081
tile_r020067_c007011,1,-12.152093887329102,481.9201049804688,-1.5067535638809204,515.9298706054688,0.0020618045236915
tile_r020067_c007011,1,511.55218505859375,345.6534118652344,524.5728149414062,442.3656311035156,0.0020082585979253
tile_r020067_c007011,1,-12.088098526000977,411.8211975097656,-2.502978563308716,472.3819274902344,0.0019673297647386
tile_r020067_c007011,1,512.2440185546875,318.1388244628906,524.5909423828125,417.5249633789063,0.0019100049976259
tile_r020067_c007011,1,-12.141278266906738,271.7926025390625,0.16473388671875,346.8487548828125,0.0018679553177207
tile_r020067_c007011,1,-11.676872253417969,307.82928466796875,0.4973007142543793,362.22802734375,0.0018268662970513
tile_r020067_c007011,1,511.8258666992188,373.72564697265625,524.6467895507812,468.0374145507813,0.0018232526490464
tile_r020067_c007011,1,0.4961273074150085,56.15926361083984,22.04722213745117,91.46067810058594,0.0017932123737409
tile_r020067_c007011,1,22.773571014404297,506.3626403808594,75.16459655761719,512.2573852539062,0.0017852060263976
tile_r020067_c007011,1,-2.6158905029296875,47.06353759765625,36.888973236083984,98.6839599609375,0.0017185261240229
tile_r020067_c007011,1,-12.17115306854248,389.6472473144531,-2.8033370971679688,452.7080078125,0.0016997657949104
tile_r020067_c007011,1,401.3870544433594,185.17271423339844,458.73541259765625,241.2733917236328,0.0016579893417656
tile_r020067_c007011,1,512.4451904296875,294.1394958496094,524.47900390625,388.703369140625,0.0016398784937337
tile_r020067_c007011,1,489.8306579589844,108.6207046508789,522.1556396484375,205.6195373535156,0.0016120756044983
tile_r020067_c007011,1,117.82093811035156,339.4291381835937,156.82728576660156,378.06256103515625,0.0015564813511446
tile_r020067_c007011,1,473.12841796875,-12.49479866027832,515.8126220703125,-4.129033088684082,0.0015298663638532
tile_r020067_c007011,1,-12.1995210647583,506.5661010742188,2.755889892578125,524.7190551757812,0.0015240925131365
tile_r020067_c007011,1,-12.27665901184082,245.9532165527344,-1.8707778453826904,303.03179931640625,0.0015131479594856
tile_r020067_c007011,1,215.432373046875,-9.359573364257812,271.9962463378906,4.211817741394043,0.0015102941542863
tile_r020067_c007011,1,91.025390625,390.8382873535156,210.5438995361328,511.8829956054688,0.0014958304818719
tile_r020067_c007011,1,509.8710021972656,105.4911117553711,524.0772705078125,190.96499633789065,0.0014660011511296
tile_r020067_c007011,1,501.9403381347656,145.86318969726562,521.7898559570312,221.4737243652344,0.0014583200681954
tile_r020067_c007011,1,-11.746164321899414,-12.50831413269043,-0.5220276117324829,11.302668571472168,0.0014339184854179
tile_r020067_c007011,1,-12.22313117980957,-1.731597900390625,-4.098145961761475,54.6071891784668,0.0014329199912026
tile_r020067_c007011,1,-12.279756546020508,235.42068481445312,-1.855552673339844,290.0626220703125,0.0013725836761295
tile_r020067_c007011,1,-12.181001663208008,379.6784973144531,-2.723902940750122,439.7080078125,0.0013613590272143
tile_r020067_c007011,1,500.80560302734375,38.8480110168457,522.4061279296875,111.6130599975586,0.0013531044824048
tile_r020067_c007011,1,501.3753356933594,-0.823168933391571,521.0751342773438,49.192344665527344,0.0012947206851094
tile_r020067_c007011,1,511.0222778320313,463.4974060058594,524.0703125,516.8153076171875,0.0012876163236796
tile_r020067_c007011,1,-11.334141731262209,52.30145263671875,6.007318019866943,109.10731506347656,0.001263698330149
tile_r020067_c007011,1,-11.232582092285156,46.616477966308594,9.718873977661133,103.91828918457033,0.0012593469582498
tile_r020067_c007011,1,-12.272517204284668,257.9897766113281,-1.419346570968628,320.8474426269531,0.0012593258870765
tile_r020067_c007011,1,492.19573974609375,-1.9085540771484373,521.7452392578125,33.62285614013672,0.0012373669305816
tile_r020067_c007011,1,369.96923828125,471.7177734375,421.2009887695313,516.5437622070312,0.0012247761478647
tile_r020067_c007011,1,91.8975601196289,395.9564514160156,172.76828002929688,470.0589904785156,0.001202721032314
tile_r020067_c007011,1,-12.311911582946776,224.672119140625,-1.7869399785995483,279.21685791015625,0.0011908358428627
tile_r020067_c007011,1,-12.301788330078123,331.62890625,-2.6651902198791504,391.0455932617188,0.0011879451340064
tile_r020067_c007011,1,479.5196228027344,451.0626831054688,519.0096435546875,515.5888671875,0.001183039159514
tile_r020067_c007011,1,-12.431446075439451,159.2100830078125,-2.483261108398437,213.5862579345703,0.0011750970734283
tile_r020067_c007011,1,-11.881818771362305,59.332496643066406,-1.993333458900452,123.7820053100586,0.001172955497168
tile_r020067_c007011,1,-12.458325386047363,168.87176513671875,-2.3611342906951904,225.6025390625,0.0011555155506357
tile_r020067_c007011,1,490.3391723632813,-12.143011093139648,523.6824951171875,1.858984351158142,0.0011253859847784
tile_r020067_c007011,1,-12.19018268585205,71.9738540649414,-3.2485153675079346,139.5247344970703,0.0011203453177586
tile_r020067_c007011,1,254.177490234375,248.517333984375,308.6307067871094,305.53228759765625,0.001115525374189
tile_r020067_c007011,1,209.8599090576172,-12.738133430480955,265.1272888183594,-6.739305019378662,0.0011100675910711
tile_r020067_c007011,1,-12.333833694458008,86.7238998413086,-3.999337673187256,155.4052276611328,0.0010919902706518
tile_r020067_c007011,1,-12.47758674621582,180.07778930664062,-2.150872707366944,239.6913604736328,0.0010858615860342
tile_r020067_c007011,1,-12.213117599487305,367.3462524414063,-2.7817397117614746,427.6160278320313,0.0010826254729181
tile_r020067_c007011,1,-12.376180648803713,210.661865234375,-1.831181287765503,266.9642028808594,0.0010816343128681
tile_r020067_c007011,1,511.85546875,483.9195251464844,524.7999877929688,524.7999877929688,0.0010789252119138
tile_r020067_c007011,1,497.3560485839844,48.78216552734375,523.6798706054688,145.33108520507812,0.0010756585979834
tile_r020067_c007011,1,419.3724670410156,279.2059020996094,451.4060668945313,303.68414306640625,0.0010587217984721
tile_r020067_c007011,1,398.1360778808594,113.09732818603516,432.03851318359375,140.53187561035156,0.0010558078065514
tile_r020067_c007011,1,390.2702026367188,515.5700073242188,449.7019653320313,524.58251953125,0.0010396903380751
tile_r020067_c007011,1,-12.42841911315918,150.12313842773438,-2.7426743507385254,204.3472900390625,0.0010389195522293
tile_r020067_c007011,1,-12.44497776031494,194.40234375,-1.97314453125,253.5301818847656,0.001038780901581
tile_r020067_c007011,1,377.553955078125,44.762977600097656,451.7110900878906,112.6771011352539,0.0010291512589901
tile_r020067_c007267,1,150.2357940673828,191.49343872070312,199.22314453125,234.9656219482422,0.8247213363647461
tile_r020067_c007267,1,140.43685913085938,63.53607177734375,201.05810546875,124.58192443847656,0.8094910383224487
tile_r020067_c007267,1,272.8404846191406,438.7862243652344,322.3436889648437,491.2813415527344,0.8038942813873291
tile_r020067_c007267,1,374.3152160644531,151.10498046875,426.0316467285156,198.7297821044922,0.7756554484367371
tile_r020067_c007267,1,331.5152282714844,30.567916870117188,388.59228515625,81.976806640625,0.7740147113800049
tile_r020067_c007267,1,216.973876953125,113.7740249633789,265.0636291503906,160.76913452148438,0.7532830238342285
tile_r020067_c007267,1,109.7861785888672,404.2257385253906,145.8698272705078,437.544189453125,0.727038562297821
tile_r020067_c007267,1,119.78922271728516,477.037109375,158.67189025878906,512.3995971679688,0.714302659034729
tile_r020067_c007267,1,105.08943939208984,299.90582275390625,150.08570861816406,343.7767944335937,0.7137476801872253
tile_r020067_c007267,1,55.80916595458984,171.462158203125,92.1210708618164,204.9839324951172,0.6988345980644226
tile_r020067_c007267,1,451.7916870117188,251.1966857910156,497.3251037597656,289.95672607421875,0.6933541893959045
tile_r020067_c007267,1,25.499008178710938,89.42918395996094,58.987098693847656,120.92608642578124,0.6740221381187439
tile_r020067_c007267,1,242.7423858642578,480.362060546875,289.71453857421875,512.4497680664062,0.6543090343475342
tile_r020067_c007267,1,446.1766052246094,212.0465850830078,475.87445068359375,239.0008850097656,0.6163535118103027
tile_r020067_c007267,1,6.045965671539307,258.37158203125,43.85018157958984,294.9330139160156,0.615043580532074
tile_r020067_c007267,1,489.8381958007813,46.12407302856445,513.9924926757812,83.4359130859375,0.2961979210376739
tile_r020067_c007267,1,485.3758850097656,375.0467834472656,513.3880004882812,410.9659118652344,0.1506959199905395
tile_r020067_c007267,1,116.8192367553711,270.3079528808594,142.30197143554688,293.8798217773437,0.1014478281140327
tile_r020067_c007267,1,428.9639587402344,362.7824096679688,461.8327026367188,395.16748046875,0.0954500362277031
tile_r020067_c007267,1,436.00537109375,455.0087890625,514.3405151367188,514.4017333984375,0.0828806310892105
tile_r020067_c007267,1,148.21875,75.14765167236328,199.62551879882807,121.6381378173828,0.0568034909665584
tile_r020067_c007267,1,150.0281982421875,120.6200942993164,171.1312713623047,138.6578826904297,0.0566291362047195
tile_r020067_c007267,1,427.4461975097656,272.22247314453125,466.6084899902344,315.20623779296875,0.0333310551941394
tile_r020067_c007267,1,448.67822265625,245.94577026367188,503.8220825195313,293.39178466796875,0.0283550471067428
tile_r020067_c007267,1,346.5898132324219,137.71920776367188,379.0828247070313,171.5185089111328,0.0234373565763235
tile_r020067_c007267,1,122.1851577758789,481.43310546875,152.91006469726562,510.6082153320313,0.0216285679489374
tile_r020067_c007267,1,438.8755798339844,494.95849609375,490.5771484375,512.77490234375,0.0191695298999547
tile_r020067_c007267,1,490.5918884277344,367.2194213867188,517.1234130859375,415.7496032714844,0.0174080803990364
tile_r020067_c007267,1,489.87493896484375,42.543251037597656,518.5897827148438,88.00657653808594,0.0170514304190874
tile_r020067_c007267,1,148.73751831054688,122.4135284423828,167.0252227783203,137.8231964111328,0.0169638898223638
tile_r020067_c007267,1,444.2220764160156,207.1840057373047,478.8556518554688,241.4451446533203,0.0155230490490794
tile_r020067_c007267,1,114.4561996459961,407.8807678222656,143.8076171875,434.7600708007813,0.0131444707512855
tile_r020067_c007267,1,433.8602600097656,498.6788024902344,497.0213928222656,512.7454223632812,0.0126783791929483
tile_r020067_c007267,1,434.0206604003906,284.1311950683594,465.5906677246094,315.2369689941406,0.0126660401001572
tile_r020067_c007267,1,370.7717895507813,144.5778045654297,434.0446166992188,203.7191467285156,0.0116821974515914
tile_r020067_c007267,1,494.763671875,47.65802001953125,512.3651123046875,83.2623062133789,0.0099559621885418
tile_r020067_c007267,1,100.76016998291016,289.40924072265625,153.25140380859375,348.622314453125,0.0094102472066879
tile_r020067_c007267,1,439.7844848632813,496.5313415527344,479.4952087402344,512.5802001953125,0.0079289870336651
tile_r020067_c007267,1,438.4856567382813,500.7474670410156,486.3477478027344,512.8046875,0.0069751115515828
tile_r020067_c007267,1,149.16940307617188,118.28135681152344,173.81057739257812,135.99313354492188,0.0065389364026486
tile_r020067_c007267,1,112.599609375,272.54986572265625,146.4976806640625,298.5994567871094,0.0046408413909375
tile_r020067_c007267,1,52.1299934387207,165.98257446289062,98.30069732666016,209.72952270507807,0.0046026175841689
tile_r020067_c007267,1,134.2418975830078,57.89320755004883,206.10464477539065,132.576416015625,0.0043642856180667
tile_r020067_c007267,1,235.8251495361328,472.5929565429688,292.822021484375,516.0816650390625,0.0043569155968725
tile_r020067_c007267,1,438.1226196289063,204.6710968017578,480.85784912109375,245.0826110839844,0.0043152677826583
tile_r020067_c007267,1,278.37872314453125,444.8810424804688,318.8710021972656,488.060546875,0.004030724056065
tile_r020067_c007267,1,236.6545867919922,57.480079650878906,270.73614501953125,90.39411926269533,0.0039886338636279
tile_r020067_c007267,1,476.9627075195313,451.1729431152344,516.3443603515625,513.5393676757812,0.0039598825387656
tile_r020067_c007267,1,106.68318176269533,269.87847900390625,148.0821075439453,326.6880798339844,0.0036977739073336
tile_r020067_c007267,1,103.3870620727539,397.9390563964844,148.5229949951172,441.8445434570313,0.0036854604259133
tile_r020067_c007267,1,145.1612548828125,184.7191467285156,203.22817993164065,242.7977600097656,0.003517652163282
tile_r020067_c007267,1,11.057726860046388,262.1028137207031,42.47571563720703,289.5837707519531,0.0034990548156201
tile_r020067_c007267,1,478.4208068847656,370.2449645996094,518.12353515625,422.7838439941406,0.0034954717848449
tile_r020067_c007267,1,511.7077026367188,115.2449188232422,524.5637817382812,217.1099548339844,0.0034683856647461
tile_r020067_c007267,1,493.5715942382813,462.39404296875,513.2145385742188,488.13916015625,0.0033558909781277
tile_r020067_c007267,1,-3.138317823410034,250.6496124267578,47.60493087768555,305.32275390625,0.0033033026847988
tile_r020067_c007267,1,96.05242919921876,255.9617156982422,154.97320556640625,346.28717041015625,0.0031896650325506
tile_r020067_c007267,1,439.2681579589844,487.60107421875,496.9990234375,512.3006591796875,0.00314471591264
tile_r020067_c007267,1,512.30322265625,313.9925231933594,524.7073364257812,407.55267333984375,0.002977074123919
tile_r020067_c007267,1,424.0850524902344,262.1803283691406,475.1045837402344,320.03717041015625,0.0028213057667016
tile_r020067_c007267,1,426.8771362304688,271.5552673339844,459.1951293945313,305.6494140625,0.0027569301892071
tile_r020067_c007267,1,348.57257080078125,140.4127655029297,374.3704223632813,169.2986602783203,0.0027413784991949
tile_r020067_c007267,1,511.78948974609375,145.7586212158203,524.566650390625,240.28201293945312,0.0027148344088345
tile_r020067_c007267,1,464.2185668945313,463.7620239257813,496.3609313964844,494.2510681152344,0.0026631029322743
tile_r020067_c007267,1,500.6924743652344,48.0409049987793,512.4715576171875,84.9576416015625,0.0024214701261371
tile_r020067_c007267,1,211.0557098388672,107.45881652832033,271.4391174316406,168.928955078125,0.0024213260039687
tile_r020067_c007267,1,-12.18224811553955,266.57177734375,-3.529994249343872,332.16339111328125,0.0022865585051476
tile_r020067_c007267,1,-11.967302322387695,229.3203125,-0.1120712310075759,298.7568359375,0.0022632074542343
tile_r020067_c007267,1,-12.119884490966797,45.5981674194336,-2.474169969558716,104.1874008178711,0.0022441146429628
tile_r020067_c007267,1,266.79461669921875,432.6681518554688,327.8609313964844,498.6634826660156,0.002193012740463
tile_r020067_c007267,1,241.5290985107422,60.389610290527344,269.1709899902344,87.19989013671875,0.002067798981443
tile_r020067_c007267,1,113.9371566772461,471.4337768554688,165.60055541992188,516.4474487304688,0.0019908235408365
tile_r020067_c007267,1,-11.931225776672363,256.9794921875,-2.746044874191284,317.08172607421875,0.0019361573504284
tile_r020067_c007267,1,497.3333435058594,344.01580810546875,521.6366577148438,421.1808471679688,0.0019319868879392
tile_r020067_c007267,1,481.1448364257813,32.428565979003906,519.5706176757812,89.4324951171875,0.0019305410096421
tile_r020067_c007267,1,-12.275508880615234,6.250176906585693,-2.960697889328003,63.9550666809082,0.0018937916029244
tile_r020067_c007267,1,512.3740234375,66.71080017089844,524.4986572265625,166.50189208984375,0.0018875116948038
tile_r020067_c007267,1,432.1475524902344,276.0962829589844,460.76708984375,312.9656677246094,0.0018600434996187
tile_r020067_c007267,1,452.3137817382813,255.03207397460935,488.7176818847656,288.0899963378906,0.0018514090916141
tile_r020067_c007267,1,-12.219205856323242,215.52615356445312,-1.6002914905548096,287.2798156738281,0.0018373093334957
tile_r020067_c007267,1,517.2371215820312,40.361328125,524.6715087890625,97.50484466552734,0.0018254563910886
tile_r020067_c007267,1,233.03421020507807,51.226173400878906,274.7477722167969,93.0680160522461,0.0017465275013819
tile_r020067_c007267,1,-12.13237762451172,63.1771240234375,-1.9650741815567017,128.78402709960938,0.001740934792906
tile_r020067_c007267,1,511.8341674804688,171.28099060058594,524.4910278320312,254.33560180664065,0.0017390388529747
tile_r020067_c007267,1,224.90396118164065,119.58869934082033,262.3575744628906,157.65280151367188,0.001732587465085
tile_r020067_c007267,1,-12.184237480163574,75.74217224121094,-1.5396652221679688,140.47885131835938,0.0017325741937384
tile_r020067_c007267,1,510.037109375,39.01286697387695,524.3869018554688,124.26481628417967,0.0017145060701295
tile_r020067_c007267,1,431.4073181152344,442.8623962402344,519.7268676757812,524.7999877929688,0.001714045763947
tile_r020067_c007267,1,243.7373962402344,490.4906311035156,294.3641662597656,513.0320434570312,0.0016948267584666
tile_r020067_c007267,1,512.2371215820312,279.2394104003906,524.5032958984375,368.28851318359375,0.0016944621456786
tile_r020067_c007267,1,-12.302485466003418,191.79171752929688,-2.330920457839966,254.4501953125,0.0016831692773848
tile_r020067_c007267,1,512.0972900390625,45.08878326416016,524.6818237304688,149.85696411132812,0.001675852923654
tile_r020067_c007267,1,-12.282415390014648,168.399658203125,-2.1047377586364746,231.50082397460935,0.0016629733145236
tile_r020067_c007267,1,511.943115234375,90.7964096069336,524.5322875976562,186.79367065429688,0.0016478921752423
tile_r020067_c007267,1,-12.072729110717772,1.606042504310608,-3.0269057750701904,47.46760177612305,0.0016103673260658
tile_r020067_c007267,1,-12.21140956878662,89.61920166015625,-1.7692168951034546,151.03439331054688,0.0015780245885252
tile_r020067_c007267,1,-12.314456939697266,179.650390625,-2.242810010910034,243.5658721923828,0.0015724119730293
tile_r020067_c007267,1,517.4069213867188,46.86614990234375,524.5108642578125,110.24397277832033,0.0015706589911133
tile_r020067_c007267,1,-12.27496337890625,156.7133331298828,-2.053907871246338,216.77560424804688,0.0015392107889056
tile_r020067_c007267,1,-11.80335807800293,245.0121154785156,-0.8382247686386108,306.5635681152344,0.0015334988711401
tile_r020067_c007267,1,505.0914001464844,-12.800000190734863,524.7999877929688,0.5208069086074829,0.0015130643732845
tile_r020067_c007267,1,512.13134765625,338.3489685058594,524.5807495117188,420.6387634277344,0.0015110083622857
tile_r020067_c007267,1,-12.317280769348145,143.3920440673828,-2.0988082885742188,202.4646453857422,0.0014403281966224
tile_r020067_c007267,1,-12.281476974487305,204.50064086914065,-2.127601623535156,268.394287109375,0.0014392429729923
tile_r020067_c007267,1,439.3113403320313,495.33685302734375,508.7933654785156,511.68939208984375,0.0014000894734635
tile_r020067_c007267,1,512.9065551757812,237.9741668701172,524.6995239257812,347.194580078125,0.001370123703964
tile_r020067_c007267,1,478.5299682617188,350.2806091308594,518.4944458007812,418.89788818359375,0.0013461186317726
tile_r020067_c007267,1,-12.243624687194824,103.3020477294922,-2.009002685546875,162.136474609375,0.0013073766604065
tile_r020067_c007267,1,-12.35059928894043,128.91787719726562,-2.0305511951446533,189.2997131347656,0.0012718756916001
tile_r020067_c007267,1,-12.325113296508787,17.969696044921875,-2.766406297683716,83.23167419433594,0.0012427628971636
tile_r020067_c007267,1,-11.918546676635742,-12.330682754516602,0.9065445065498352,7.5875959396362305,0.00123071228154
tile_r020067_c007267,1,316.3477478027344,71.7775650024414,369.7952575683594,111.3451690673828,0.0012294251937419
tile_r020067_c007267,1,481.3220825195313,3.331442356109619,516.5418090820312,27.89623069763184,0.0012249810388311
tile_r020067_c007267,1,435.2501525878906,505.3521118164063,508.87506103515625,512.4647827148438,0.0011892125476151
tile_r020067_c007267,1,-12.323320388793944,115.4687271118164,-2.052813768386841,175.4107208251953,0.0011828712886199
tile_r020067_c007267,1,296.5769958496094,505.1192321777344,350.9364624023437,511.9889526367188,0.0011717019369825
tile_r020067_c007267,1,509.8238220214844,363.8493041992188,523.9935302734375,437.3561401367188,0.0011605588952079
tile_r020067_c007267,1,501.7888793945313,175.5111083984375,521.6341552734375,236.6227264404297,0.0011483354028314
tile_r020067_c007267,1,488.9215393066406,441.47509765625,519.1923217773438,506.7366333007813,0.0011283772764727
tile_r020067_c007267,1,-12.207996368408203,282.3065490722656,-3.3904175758361816,346.27166748046875,0.0011090090265497
tile_r020067_c007267,1,512.8089599609375,380.2139587402344,524.6976318359375,472.7521362304688,0.0010775550035759
tile_r020067_c007267,1,423.5564880371094,252.14779663085935,492.134033203125,316.7713317871094,0.0010750505607575
tile_r020067_c007267,1,473.5252380371094,3.5874176025390625,520.9091186523438,82.15731048583984,0.0010726056061685
tile_r020067_c007267,1,424.98724365234375,512.0301513671875,494.255126953125,516.1337280273438,0.0010629948228597
tile_r020067_c007267,1,473.0209045410156,231.9268341064453,520.7724609375,308.3044128417969,0.001032389816828
tile_r020067_c007267,1,-12.36961555480957,511.326416015625,4.457540988922119,524.7999877929688,0.0010282594012096
tile_r020323_c006755,1,252.57827758789065,51.2757682800293,295.388427734375,91.52327728271484,0.8337041735649109
tile_r020323_c006755,1,157.0767364501953,26.5661678314209,199.3376922607422,64.95034790039062,0.8298113942146301
tile_r020323_c006755,1,194.6636199951172,167.29931640625,243.2577667236328,209.06982421875,0.7850132584571838
tile_r020323_c006755,1,164.7713623046875,210.68603515625,197.9967041015625,239.06494140625,0.7615141868591309
tile_r020323_c006755,1,137.3151397705078,257.99005126953125,185.4361572265625,310.5114440917969,0.7577345371246338
tile_r020323_c006755,1,299.5458374023437,175.7586669921875,338.7760314941406,213.2281951904297,0.7520664930343628
tile_r020323_c006755,1,182.6075134277344,339.8514709472656,221.6688995361328,381.5506896972656,0.7226259112358093
tile_r020323_c006755,1,292.2003479003906,270.1073608398437,344.3489685058594,320.33013916015625,0.7196090817451477
tile_r020323_c006755,1,320.8407897949219,401.8667907714844,355.0644226074219,432.3373107910156,0.6943414807319641
tile_r020323_c006755,1,253.6972198486328,323.89166259765625,291.4261779785156,358.5354919433594,0.6561745405197144
tile_r020323_c006755,1,69.33531188964844,124.3707046508789,102.29811096191406,153.6454620361328,0.5338255167007446
tile_r020323_c006755,1,148.17849731445312,89.02689361572266,181.4158477783203,120.15193939208984,0.5098000168800354
tile_r020323_c006755,1,324.7984924316406,476.9406127929688,371.6834411621094,513.3056640625,0.4393885731697082
tile_r020323_c006755,1,312.34295654296875,445.4755859375,379.1726684570313,514.4091796875,0.2358077317476272
tile_r020323_c006755,1,326.4789428710937,483.8771362304688,367.4964294433594,512.5185546875,0.2004996389150619
tile_r020323_c006755,1,335.6543884277344,129.41287231445312,358.24615478515625,151.52059936523438,0.1728689223527908
tile_r020323_c006755,1,282.96044921875,258.75445556640625,346.3543395996094,324.4555053710937,0.1452165693044662
tile_r020323_c006755,1,318.0850524902344,461.9699096679688,375.5409240722656,514.3396606445312,0.0397292077541351
tile_r020323_c006755,1,170.63735961914062,211.5567321777344,197.21142578125,235.615234375,0.0282501243054866
tile_r020323_c006755,1,260.29473876953125,327.9270935058594,290.1205139160156,356.637451171875,0.0247614365071058
tile_r020323_c006755,1,322.5390625,404.9189453125,349.98974609375,430.2230529785156,0.0227401219308376
tile_r020323_c006755,1,249.3200225830078,317.7494812011719,294.7738647460937,362.3645629882813,0.0204725284129381
tile_r020323_c006755,1,139.2370147705078,267.72430419921875,180.3797912597656,308.04901123046875,0.019629243761301
tile_r020323_c006755,1,186.3363800048828,343.8406982421875,215.5317840576172,378.9450988769531,0.019553292542696
tile_r020323_c006755,1,282.0165100097656,255.5687713623047,338.1835021972656,308.35467529296875,0.0163767654448747
tile_r020323_c006755,1,150.26278686523438,93.9519500732422,176.3095703125,117.9604034423828,0.0149962613359093
tile_r020323_c006755,1,285.474365234375,256.6474609375,313.5907287597656,278.6578063964844,0.0144104622304439
tile_r020323_c006755,1,511.59271240234375,419.7551879882813,524.7239990234375,509.6975708007813,0.0121027566492557
tile_r020323_c006755,1,294.73492431640625,170.57357788085938,342.2594299316406,220.0487365722656,0.0111687267199158
tile_r020323_c006755,1,511.5007934570313,395.11767578125,524.60546875,498.3151245117188,0.0078800646588206
tile_r020323_c006755,1,306.44415283203125,424.9172973632813,381.75189208984375,515.2981567382812,0.0072899889200925
tile_r020323_c006755,1,330.5281982421875,126.7952651977539,360.11309814453125,152.1632080078125,0.0066146594472229
tile_r020323_c006755,1,246.1300506591797,43.4821662902832,299.8132019042969,97.8713150024414,0.0063095046207308
tile_r020323_c006755,1,512.2900390625,444.1050720214844,524.6904296875,513.58154296875,0.0060315984301269
tile_r020323_c006755,1,316.2266845703125,395.5155334472656,358.58013916015625,435.3746948242188,0.0060184109024703
tile_r020323_c006755,1,286.1055603027344,257.7452087402344,306.2792053222656,277.8387756347656,0.0053979963995516
tile_r020323_c006755,1,70.2388687133789,129.0963592529297,94.0906982421875,150.6038360595703,0.0053820679895579
tile_r020323_c006755,1,512.0925903320312,293.00701904296875,524.5572509765625,391.43017578125,0.0053760269656777
tile_r020323_c006755,1,335.7061462402344,486.8504028320313,370.1998596191406,511.6974487304688,0.0047854878939688
tile_r020323_c006755,1,327.41925048828125,489.0069274902344,359.20428466796875,511.8720703125,0.0046449117362499
tile_r020323_c006755,1,369.3898010253906,74.84884643554688,417.1466369628906,123.2487564086914,0.004474202170968
tile_r020323_c006755,1,511.9635620117188,377.0680541992188,524.4885864257812,474.46533203125,0.0044684093445539
tile_r020323_c006755,1,512.0008544921875,270.6131896972656,524.5875854492188,372.6893615722656,0.004241379443556
tile_r020323_c006755,1,152.940185546875,14.520761489868164,206.0474548339844,70.99114990234375,0.0041848719120025
tile_r020323_c006755,1,178.76925659179688,333.1686096191406,227.27951049804688,386.5751953125,0.0040917815640568
tile_r020323_c006755,1,142.1464080810547,82.32913970947266,185.3619842529297,123.57147216796876,0.0039994120597839
tile_r020323_c006755,1,-12.006153106689451,464.37640380859375,-1.3474655151367188,512.7666625976562,0.0039958767592906
tile_r020323_c006755,1,66.7451400756836,117.7131576538086,108.7206573486328,155.7371368408203,0.0038234265521168
tile_r020323_c006755,1,512.3270263671875,314.07550048828125,524.6432495117188,416.486328125,0.003645091317594
tile_r020323_c006755,1,511.942626953125,39.00410079956055,524.6234741210938,139.41455078125,0.0035108809825032
tile_r020323_c006755,1,511.7843627929688,21.09857177734375,524.5794677734375,116.9766616821289,0.0029126489534974
tile_r020323_c006755,1,512.2215576171875,243.0946044921875,524.54345703125,349.3331298828125,0.0028841579332947
tile_r020323_c006755,1,-12.19752597808838,477.2984313964844,-0.7356918454170227,516.2933349609375,0.0027923258021473
tile_r020323_c006755,1,512.7337646484375,343.09539794921875,524.6329345703125,452.7849731445313,0.0027147128712385
tile_r020323_c006755,1,512.3046264648438,58.6773796081543,524.6043701171875,165.51739501953125,0.0026111940387636
tile_r020323_c006755,1,511.9773559570313,179.593017578125,524.5828857421875,279.5746459960937,0.00244817067869
tile_r020323_c006755,1,512.3320922851562,201.7174835205078,524.5878295898438,308.5812072753906,0.0021271603181958
tile_r020323_c006755,1,-12.13279151916504,-2.2637436389923096,-3.639604091644287,47.58658599853516,0.002122268313542
tile_r020323_c006755,1,4.332446098327637,473.5026245117188,22.125585556030277,492.4938354492188,0.0020244121551513
tile_r020323_c006755,1,512.07177734375,155.66091918945312,524.5676879882812,257.69854736328125,0.0019954948220402
tile_r020323_c006755,1,244.3418426513672,307.51385498046875,298.7330017089844,365.3265380859375,0.0019537170883268
tile_r020323_c006755,1,354.8314819335937,514.9599609375,414.0984497070313,524.4929809570312,0.0019235115032643
tile_r020323_c006755,1,512.5467529296875,84.19831848144531,524.5946044921875,191.2362518310547,0.0018489831127226
tile_r020323_c006755,1,375.977294921875,76.38427734375,425.4508361816406,130.5317840576172,0.0018272758461534
tile_r020323_c006755,1,129.918701171875,248.40689086914065,192.965576171875,319.028564453125,0.0018149638781324
tile_r020323_c006755,1,173.7620849609375,411.3361206054688,250.8426971435547,503.1829223632813,0.0017908070003613
tile_r020323_c006755,1,-12.378825187683104,2.644274950027466,-3.839224338531494,61.85516357421875,0.0017516252119094
tile_r020323_c006755,1,326.7035217285156,495.6109313964844,369.6984252929688,512.5538330078125,0.0017212778329849
tile_r020323_c006755,1,368.6918640136719,504.1969604492188,431.5760803222656,511.83203125,0.0016593979671597
tile_r020323_c006755,1,506.7040100097656,-12.800000190734863,524.7608642578125,2.9739532470703125,0.0016297633992508
tile_r020323_c006755,1,512.296875,125.70149230957033,524.5968627929688,233.5203399658203,0.0015764425043016
tile_r020323_c006755,1,511.96087646484375,1.134790062904358,524.6046142578125,96.4757080078125,0.0014847294660285
tile_r020323_c006755,1,-12.205230712890623,505.4639587402344,3.0796844959259038,524.6112060546875,0.0014825380640104
tile_r020323_c006755,1,499.452880859375,392.6853637695313,512.604736328125,424.1576232910156,0.0014645798364654
tile_r020323_c006755,1,-11.806724548339844,-12.453561782836914,0.9247512817382812,8.927273750305176,0.0012887567281723
tile_r020323_c006755,1,-12.434049606323242,383.82073974609375,-2.6466994285583496,445.4730529785156,0.0012749405577778
tile_r020323_c006755,1,-12.290273666381836,359.90789794921875,-3.498846530914306,423.8282165527344,0.0012403239961713
tile_r020323_c006755,1,502.4829711914063,393.55413818359375,512.8516235351562,418.6971130371094,0.0012077694991603
tile_r020323_c006755,1,-12.515631675720217,394.7879333496094,-2.2679076194763184,460.69183349609375,0.0011712901759892
tile_r020323_c006755,1,356.0425720214844,208.3502960205078,397.549560546875,254.2362365722656,0.0011683617485687
tile_r020323_c006755,1,298.9273376464844,274.67901611328125,337.0340270996094,314.7313537597656,0.0011677597649395
tile_r020323_c006755,1,-12.3095703125,441.0988159179688,-0.6307296752929688,503.0807495117188,0.0011660441523417
tile_r020323_c006755,1,70.65666961669922,173.4820556640625,144.4193572998047,246.4530487060547,0.0011619128054007
tile_r020323_c006755,1,-12.396234512329102,206.117431640625,-3.043962001800537,268.083740234375,0.0011582461884245
tile_r020323_c006755,1,-12.391875267028809,218.82861328125,-3.165846347808838,281.51055908203125,0.0011576616670936
tile_r020323_c006755,1,201.7848358154297,432.2901306152344,253.3236541748047,494.7102661132813,0.0011567781912162
tile_r020323_c006755,1,-12.428972244262695,193.1678466796875,-3.03492283821106,255.6002655029297,0.0011557368561625
tile_r020323_c006755,1,-12.372560501098633,370.4812622070313,-2.8179290294647217,433.3929748535156,0.0011412411695346
tile_r020323_c006755,1,-12.458879470825195,229.4525604248047,-3.3265914916992188,296.2645874023437,0.0011407079873606
tile_r020323_c006755,1,-4.760351657867432,467.1426696777344,27.552494049072266,508.50537109375,0.0011346774408593
tile_r020323_c006755,1,-12.403542518615724,181.5985870361328,-3.211100816726685,243.55776977539065,0.0011343364603817
tile_r020323_c006755,1,338.1117553710937,515.0506591796875,404.31256103515625,524.7999877929688,0.0011204621987417
tile_r020323_c006755,1,-12.448183059692385,12.878686904907228,-4.025167942047119,78.02079772949219,0.0011136051034554
tile_r020323_c006755,1,189.3890380859375,157.7188720703125,251.1616973876953,215.3121337890625,0.0011005732230842
tile_r020323_c006755,1,363.3638610839844,505.71435546875,419.5099487304688,511.7487182617188,0.0010999066289514
tile_r020323_c006755,1,-12.182004928588867,66.21437072753906,-4.068411350250244,130.66790771484375,0.0010959879728034
tile_r020323_c006755,1,-12.215214729309082,338.40557861328125,-3.298109531402588,406.3064575195313,0.0010816368740051
tile_r020323_c006755,1,369.2708129882813,514.1710205078125,434.4085083007813,524.4967041015625,0.0010801921598613
tile_r020323_c006755,1,-12.378308296203612,114.52986145019533,-3.7575759887695312,181.8418731689453,0.0010800203308463
tile_r020323_c006755,1,502.1832885742188,-12.800000190734863,524.7965698242188,-7.3598127365112305,0.0010637539671733
tile_r020323_c006755,1,-12.492490768432615,242.02017211914065,-3.545771837234497,309.3529663085937,0.0010516569018363
tile_r020323_c006755,1,279.8489685058594,254.08511352539065,328.5507202148437,302.66094970703125,0.001051606843248
tile_r020323_c006755,1,-12.27562141418457,326.8602905273437,-3.501330614089966,395.11370849609375,0.0010500266216695
tile_r020323_c006755,1,355.88104248046875,184.43307495117188,453.1382751464844,273.06646728515625,0.0010460728080943
tile_r020323_c006755,1,-12.343592643737791,128.4418182373047,-3.63697361946106,192.6835174560547,0.0010459362529218
tile_r020323_c006755,1,497.0113830566406,390.68402099609375,512.4256591796875,437.0164184570313,0.0010411305120214
tile_r020323_c006755,1,319.568115234375,110.20794677734376,365.5978088378906,154.22276306152344,0.001023462624289
tile_r020323_c006755,1,485.2735290527344,-12.343603134155272,523.6398315429688,-3.566293239593506,0.0010148459114134
tile_r020323_c006755,1,-12.389402389526367,140.59799194335938,-3.649713039398194,205.82339477539065,0.0010131486924365
tile_r020323_c006755,1,-12.246272087097168,76.3337631225586,-4.053999423980713,143.7670440673828,0.0010040776105597
tile_r020323_c006755,1,-12.40271282196045,167.2473907470703,-3.4991164207458496,231.30197143554688,0.0010018860921263
tile_r020323_c006755,1,303.3231506347656,514.5185546875,372.2247924804688,524.4679565429688,0.0010002084309235
tile_r020323_c007011,1,0.4877380430698395,52.10028076171875,38.59462738037109,91.28072357177734,0.7778593301773071
tile_r020323_c007011,1,452.1880798339844,472.80267333984375,491.7578125,511.21685791015625,0.7716125845909119
tile_r020323_c007011,1,43.60213470458984,175.87802124023438,82.8589859008789,213.4320373535156,0.7650504112243652
tile_r020323_c007011,1,376.872802734375,222.4611358642578,412.2268981933594,256.037109375,0.7524635791778564
tile_r020323_c007011,1,365.8309631347656,148.580078125,401.5337829589844,180.88571166992188,0.7515970468521118
tile_r020323_c007011,1,477.504638671875,300.8104553222656,508.08441162109375,332.4999389648437,0.739498496055603
tile_r020323_c007011,1,36.32417678833008,269.63067626953125,88.20848846435547,320.2333068847656,0.7373649477958679
tile_r020323_c007011,1,464.0794982910156,386.4798278808594,499.0423889160156,423.1624450683594,0.7334966659545898
tile_r020323_c007011,1,360.2802124023437,42.43038177490234,406.494873046875,87.790771484375,0.7305638790130615
tile_r020323_c007011,1,261.15985107421875,4.326596260070801,298.20867919921875,37.98554992675781,0.7195529937744141
tile_r020323_c007011,1,64.7494125366211,401.9078063964844,98.83089447021484,432.0216674804688,0.6676134467124939
tile_r020323_c007011,1,391.92425537109375,319.5654296875,417.5076599121094,340.3802795410156,0.5708244442939758
tile_r020323_c007011,1,68.9326171875,478.34674072265625,115.5284652709961,513.3739013671875,0.4402607083320617
tile_r020323_c007011,1,0.896405041217804,319.5072631835937,36.365516662597656,358.3934020996094,0.3560029566287994
tile_r020323_c007011,1,57.92302322387695,447.9948120117188,122.39631652832033,514.5653076171875,0.181625947356224
tile_r020323_c007011,1,-1.2813857793807983,309.1241455078125,38.4688720703125,359.6658020019531,0.1495585888624191
tile_r020323_c007011,1,3.390011548995972,326.4504089355469,34.090877532958984,357.57720947265625,0.1403655260801315
tile_r020323_c007011,1,476.01416015625,296.92486572265625,512.1199951171875,336.9505920410156,0.137005865573883
tile_r020323_c007011,1,28.92598533630371,258.82550048828125,90.70733642578124,323.95916748046875,0.1367320269346237
tile_r020323_c007011,1,62.58597946166992,467.4674682617188,119.630615234375,514.35009765625,0.1199240535497665
tile_r020323_c007011,1,372.4656677246094,15.231073379516602,397.8728942871094,38.42243576049805,0.1103338673710823
tile_r020323_c007011,1,70.89436340332031,485.8773498535156,110.7570571899414,513.0177612304688,0.1004475876688957
tile_r020323_c007011,1,80.0909652709961,129.7855987548828,102.0367202758789,151.39773559570312,0.0793146193027496
tile_r020323_c007011,1,390.7079162597656,316.84454345703125,419.6790161132813,343.54315185546875,0.0582205690443515
tile_r020323_c007011,1,391.23193359375,320.57196044921875,413.2032165527344,338.48565673828125,0.0553636737167835
tile_r020323_c007011,1,378.5603942871094,225.742919921875,407.81060791015625,253.7436065673828,0.0497228763997554
tile_r020323_c007011,1,66.7145767211914,405.2359313964844,93.7156219482422,430.0154418945313,0.0252146106213331
tile_r020323_c007011,1,370.7044067382813,152.1648712158203,399.3977661132813,178.3600311279297,0.017520897090435
tile_r020323_c007011,1,111.7138442993164,74.63723754882812,162.8458251953125,123.8267822265625,0.0140572870150208
tile_r020323_c007011,1,38.90317535400391,170.68199157714844,86.43867492675781,220.19271850585935,0.0135371517390012
tile_r020323_c007011,1,479.1087036132813,302.88140869140625,502.63720703125,329.62359619140625,0.012896747328341
tile_r020323_c007011,1,26.411340713500977,254.96810913085935,83.61616516113281,312.1544494628906,0.0114073315635323
tile_r020323_c007011,1,365.037353515625,12.138128280639648,399.5675659179688,43.52803421020508,0.0103221209719777
tile_r020323_c007011,1,28.987279891967773,256.2841796875,57.1032600402832,279.0097045898437,0.0086307199671864
tile_r020323_c007011,1,461.4631958007813,383.3186950683594,503.9823303222656,427.563720703125,0.0078824255615472
tile_r020323_c007011,1,455.6708984375,476.2406311035156,487.3341674804688,509.0711059570313,0.0076859998516738
tile_r020323_c007011,1,366.1095275878906,44.985130310058594,403.5550231933594,83.9267349243164,0.0069824643433094
tile_r020323_c007011,1,512.3411254882812,307.404052734375,524.5691528320312,405.3951110839844,0.0066840439103543
tile_r020323_c007011,1,258.36676025390625,2.1833786964416504,303.3909606933594,42.43518829345703,0.0064728818833827
tile_r020323_c007011,1,-2.515423536300659,296.73895263671875,45.01096725463867,362.3573303222656,0.0061293370090425
tile_r020323_c007011,1,468.1657104492188,389.6881103515625,496.1776428222656,420.4517517089844,0.0060769924893975
tile_r020323_c007011,1,448.5291137695313,464.398193359375,499.9345703125,514.8843383789062,0.0059178029187023
tile_r020323_c007011,1,355.9290466308594,26.151683807373047,410.0750427246094,93.7872085571289,0.0058370656333863
tile_r020323_c007011,1,263.5712890625,6.8671555519104,291.94757080078125,34.26932907104492,0.0051449215970933
tile_r020323_c007011,1,369.4737243652344,10.22758960723877,400.3199157714844,37.8535270690918,0.0048711509443819
tile_r020323_c007011,1,512.27734375,387.3569030761719,524.630859375,479.7793884277344,0.0047416724264621
tile_r020323_c007011,1,79.64117431640625,486.9851684570313,114.08155822753906,511.7173767089844,0.0046351421624422
tile_r020323_c007011,1,60.4212646484375,395.7074279785156,102.37385559082033,434.91552734375,0.0045793061144649
tile_r020323_c007011,1,71.4428482055664,489.0759887695313,102.4570541381836,511.8600463867188,0.0044291308149695
tile_r020323_c007011,1,353.1372985839844,5.082781791687012,405.8980407714844,78.34349822998047,0.0043414318934082
tile_r020323_c007011,1,498.7139587402344,449.7723693847656,517.88720703125,515.7443237304688,0.0043271300382912
tile_r020323_c007011,1,-5.454535007476807,46.292259216308594,41.38422775268555,98.01570892333984,0.0043056961148977
tile_r020323_c007011,1,512.0343017578125,362.1706848144531,524.4581298828125,453.6824340820313,0.0042952727526426
tile_r020323_c007011,1,511.80615234375,333.81964111328125,524.5217895507812,433.5431518554688,0.0042747547850012
tile_r020323_c007011,1,512.3646850585938,293.6890563964844,524.4930419921875,386.0418090820313,0.0040087755769491
tile_r020323_c007011,1,29.48203468322754,257.0264587402344,50.08549880981445,278.28369140625,0.0038968413136899
tile_r020323_c007011,1,53.21746826171875,426.3538208007813,125.0043716430664,520.8592529296875,0.0034062864724546
tile_r020323_c007011,1,74.19441223144531,126.84538269042967,104.2037582397461,151.7284393310547,0.0032128079328686
tile_r020323_c007011,1,-11.576006889343262,40.922019958496094,3.638113498687744,102.0357666015625,0.0031492155976593
tile_r020323_c007011,1,424.2528381347656,25.915912628173828,449.9012756347656,48.3454704284668,0.003042307915166
tile_r020323_c007011,1,511.3501586914063,427.220458984375,524.5907592773438,512.2398071289062,0.003029846586287
tile_r020323_c007011,1,500.4466857910156,218.76516723632807,519.8826293945312,263.63043212890625,0.0029508909210562
tile_r020323_c007011,1,-11.685330390930176,317.9647521972656,0.0843627899885177,381.36376953125,0.0029506452847272
tile_r020323_c007011,1,-12.255304336547852,463.17919921875,-1.7144988775253296,513.63330078125,0.0026921557728201
tile_r020323_c007011,1,499.5558471679688,433.9366149902344,521.8318481445312,518.1866455078125,0.0026404620148241
tile_r020323_c007011,1,359.47735595703125,142.2632293701172,404.3883666992188,184.6529083251953,0.0025823654141277
tile_r020323_c007011,1,511.81689453125,146.2209014892578,524.57861328125,244.3568420410156,0.0025325235910713
tile_r020323_c007011,1,485.45697021484375,286.0445251464844,520.6868896484375,351.791748046875,0.0024233437143266
tile_r020323_c007011,1,372.7317504882813,218.63265991210935,417.444091796875,261.2904663085937,0.0023938252124935
tile_r020323_c007011,1,-12.242937088012695,485.29443359375,-1.1613967418670654,517.0510864257812,0.0023597124963998
tile_r020323_c007011,1,511.5504760742188,89.4618148803711,524.56396484375,187.6147918701172,0.0023396236356347
tile_r020323_c007011,1,377.8097229003906,227.5064392089844,400.5115356445313,252.2697296142578,0.0023335579317063
tile_r020323_c007011,1,-12.073405265808104,61.8869743347168,-1.7636855840682983,116.77071380615234,0.0023278433363884
tile_r020323_c007011,1,475.3681640625,291.50494384765625,518.7507934570312,341.45758056640625,0.0022890628315508
tile_r020323_c007011,1,487.3069458007813,213.81967163085935,517.4762573242188,264.831787109375,0.0022753530647605
tile_r020323_c007011,1,-12.172996520996094,505.0910034179688,1.7537002563476562,524.5978393554688,0.0022722906433045
tile_r020323_c007011,1,512.2958984375,14.36309814453125,524.6077270507812,110.33479309082033,0.0022606828715652
tile_r020323_c007011,1,512.2457275390625,62.306373596191406,524.5855712890625,162.98391723632812,0.0022317583207041
tile_r020323_c007011,1,-12.328546524047852,447.6862182617188,-2.2086548805236816,507.7167053222656,0.0021376609802246
tile_r020323_c007011,1,512.2508544921875,446.5950622558594,524.5411376953125,516.2618408203125,0.0021055999677628
tile_r020323_c007011,1,511.85650634765625,117.03515625,524.6380615234375,213.3032684326172,0.0020774039439857
tile_r020323_c007011,1,499.6362915039063,204.5179748535156,520.6797485351562,266.33642578125,0.0020574517548084
tile_r020323_c007011,1,-12.16160488128662,386.130126953125,-2.207907199859619,449.89886474609375,0.0020240836311131
tile_r020323_c007011,1,29.263818740844727,258.0557861328125,61.08188629150391,282.5716552734375,0.0019746583420783
tile_r020323_c007011,1,-12.052854537963867,2.3017578125,-2.7785186767578125,45.46136474609375,0.0019673241768032
tile_r020323_c007011,1,-11.68517780303955,51.50238037109375,0.4058898985385895,106.0784683227539,0.0019652037881314
tile_r020323_c007011,1,-12.136014938354492,18.434436798095703,-0.7487853765487671,91.5908432006836,0.00195595738478
tile_r020323_c007011,1,-12.06507968902588,155.5446014404297,-2.5297532081604004,216.14404296875,0.0019493603613227
tile_r020323_c007011,1,-11.57350730895996,294.80694580078125,5.154412746429443,363.39697265625,0.0019327860791236
tile_r020323_c007011,1,512.1259765625,175.3496551513672,524.6018676757812,263.6087951660156,0.0019325136672705
tile_r020323_c007011,1,-12.119366645812988,143.42788696289062,-2.703779697418213,206.163818359375,0.0019166314741596
tile_r020323_c007011,1,-12.340424537658691,433.6943359375,-2.2893524169921875,495.9359436035156,0.0019041028572246
tile_r020323_c007011,1,-12.071751594543455,333.74755859375,-3.3933441638946533,395.55419921875,0.0018715969054028
tile_r020323_c007011,1,512.4766845703125,38.3800163269043,524.4818725585938,133.7365264892578,0.0018379521789029
tile_r020323_c007011,1,503.05126953125,235.6655731201172,512.3978271484375,261.4867553710937,0.0018355952342972
tile_r020323_c007011,1,499.86334228515625,234.49887084960935,512.688720703125,262.50689697265625,0.0018131980905309
tile_r020323_c007011,1,-11.664838790893556,-12.491549491882324,0.7513870000839233,4.230142116546631,0.0018101171590387
tile_r020323_c007011,1,-12.24778938293457,7.968512058258057,-2.3977952003479004,63.98845291137695,0.0017994428053498
tile_r020323_c007011,1,-12.139220237731934,132.5795135498047,-2.8028550148010254,195.04055786132807,0.001779397483915
tile_r020323_c007011,1,-12.029437065124512,166.71774291992188,-2.484204053878784,229.1165771484375,0.0017667212523519
tile_r020323_c007011,1,70.75248718261719,495.5368041992188,113.5482406616211,512.5509033203125,0.0017116983653977
tile_r020323_c007011,1,-12.139552116394045,218.4704132080078,-2.799182176589966,281.34881591796875,0.0016842520562931
tile_r020323_c007011,1,508.51318359375,-12.800000190734863,524.69384765625,8.722427368164062,0.0016784326871857
tile_r020323_c007011,1,-12.02559757232666,207.2379913330078,-2.794750928878784,268.60565185546875,0.0016620449023321
tile_r020323_c007011,1,-11.779924392700195,285.1944885253906,1.4766861200332642,353.47027587890625,0.001661260263063
tile_r020323_c007011,1,309.3853759765625,313.2621459960937,325.7743835449219,331.635009765625,0.0016091166762635
tile_r020323_c007011,1,501.0323181152344,295.10406494140625,522.7073364257812,387.069091796875,0.0016018357127904
tile_r020323_c007011,1,-12.02420711517334,190.3865203857422,-2.331073045730591,257.2735290527344,0.0015495178522542
tile_r020323_c007011,1,-12.20850658416748,229.0775909423828,-2.370426893234253,294.5076599121094,0.001540484256111
tile_r020323_c007011,1,-12.330978393554688,419.3179626464844,-2.068234205245972,483.7743225097656,0.0015363831771537
tile_r020323_c007011,1,-12.050589561462402,176.71798706054688,-2.272160291671753,245.2233123779297,0.0015323047991842
tile_r020323_c007011,1,-12.24565887451172,346.5170288085937,-3.35157322883606,411.9425354003906,0.0015134124550968
tile_r020323_c007011,1,-12.27518367767334,407.0966796875,-2.053291320800781,471.8965759277344,0.0014958212850615
tile_r020323_c007011,1,511.91650390625,-0.4729949831962585,524.48681640625,85.30586242675781,0.0014677527360618
tile_r020323_c007011,1,-12.260756492614746,359.4747619628906,-2.584517002105713,428.01947021484375,0.001462087733671
tile_r020323_c007011,1,99.8691177368164,515.1305541992188,156.8081817626953,524.5383911132812,0.0014483731938526
tile_r020323_c007011,1,-12.15188694000244,122.4391098022461,-2.7236557006835938,182.3749084472656,0.0014468395384028
tile_r020323_c007011,1,513.2503662109375,501.2009887695313,524.7999877929688,524.7999877929688,0.0014322828501462
tile_r020323_c007011,1,-12.187992095947266,243.4440460205078,-2.03814697265625,308.74041748046875,0.001422362984158
tile_r020323_c007011,1,497.8573303222656,188.4501953125,522.0242919921875,266.4794006347656,0.0013751037186011
tile_r020323_c007011,1,511.4624938964844,210.3208923339844,524.2919921875,280.1087951660156,0.0013143138494342
tile_r020323_c007011,1,-12.019389152526855,272.6831970214844,-0.5626052618026733,345.4505310058594,0.0012952534016221
tile_r020323_c007011,1,-12.289682388305664,75.63041687011719,-2.6187758445739746,134.5682830810547,0.0012907909695059
tile_r020323_c007011,1,42.807106018066406,274.7041931152344,80.8081283569336,314.65350341796875,0.0012884296011179
tile_r020323_c007011,1,-12.141434669494627,258.52752685546875,-1.499761939048767,326.51513671875,0.0012719368096441
tile_r020323_c007011,1,357.290283203125,4.639001369476318,403.017822265625,43.58533477783203,0.0012327008880674
tile_r020323_c007011,1,488.32232666015625,-12.2764253616333,523.740478515625,-2.2443923950195312,0.001210150308907
tile_r020323_c007011,1,500.9308471679688,222.68685913085935,520.9991455078125,273.6342163085937,0.0011894340859726
tile_r020323_c007011,1,471.9675903320313,-12.527776718139648,517.3826904296875,-4.242088317871094,0.0011863422114402
tile_r020323_c007011,1,501.7713012695313,425.1270446777344,521.7745971679688,499.7998962402344,0.0011712366249412
tile_r020323_c007011,1,-12.182292938232422,110.4444351196289,-2.7795562744140625,170.35302734375,0.0011569600319489
tile_r020323_c007011,1,501.1431579589844,324.35308837890625,522.7786865234375,407.8633728027344,0.0011185304028913
tile_r020323_c007011,1,485.7420959472656,223.2628936767578,518.9996948242188,278.1078186035156,0.0011163720628246
tile_r020323_c007011,1,511.19232177734375,286.4366149902344,523.7965087890625,367.084716796875,0.0011124055599793
tile_r020323_c007011,1,511.9111328125,218.5597686767578,524.5753784179688,299.33526611328125,0.0010955297620967
tile_r020323_c007011,1,480.8033752441406,191.26547241210935,518.4542236328125,262.2704162597656,0.0010836269939318
tile_r020323_c007011,1,484.0594787597656,514.4686279296875,522.560546875,524.7122192382812,0.0010662839049473
tile_r020323_c007011,1,396.6346435546875,318.46905517578125,420.9629821777344,339.57440185546875,0.0010034259175881
tile_r020323_c007267,1,244.1693115234375,224.4032287597656,293.1944580078125,273.41717529296875,0.8262378573417664
tile_r020323_c007267,1,273.6561889648437,183.7953643798828,322.10205078125,235.30795288085935,0.8076444268226624
tile_r020323_c007267,1,221.9681701660156,301.2011108398437,253.0703125,332.010009765625,0.8045346736907959
tile_r020323_c007267,1,196.0475616455078,473.2508850097656,235.12890625,511.1500854492188,0.7849445939064026
tile_r020323_c007267,1,280.5641174316406,340.4521484375,319.0553283691406,379.1657104492188,0.7810366153717041
tile_r020323_c007267,1,316.6468200683594,477.861572265625,359.05694580078125,512.1673583984375,0.7716111540794373
tile_r020323_c007267,1,208.35763549804688,387.1275024414063,241.87332153320312,422.2833557128906,0.7536852359771729
tile_r020323_c007267,1,109.8635025024414,148.39645385742188,145.7293243408203,181.07254028320312,0.7470819354057312
tile_r020323_c007267,1,120.6213836669922,222.1822204589844,156.4651336669922,256.511474609375,0.7366949319839478
tile_r020323_c007267,1,103.9885025024414,41.737060546875,151.1910858154297,88.19901275634766,0.7280927896499634
tile_r020323_c007267,1,5.84368896484375,4.488600254058838,42.94104766845703,38.0039176940918,0.691917896270752
tile_r020323_c007267,1,330.956787109375,349.7295227050781,377.63385009765625,394.6612548828125,0.6545290350914001
tile_r020323_c007267,1,451.8374938964844,-1.1627380847930908,498.0310668945313,32.08837890625,0.6179597973823547
tile_r020323_c007267,1,135.3768768310547,318.6312561035156,162.35256958007812,340.77099609375,0.5744640827178955
tile_r020323_c007267,1,429.1727600097656,107.2264404296875,461.7733459472656,138.9049835205078,0.2207935154438018
tile_r020323_c007267,1,426.0817260742188,15.7156982421875,467.0430603027344,59.28849411010742,0.1979454457759857
tile_r020323_c007267,1,485.0564575195313,119.1590347290039,513.5011596679688,154.96292114257812,0.1925964951515197
tile_r020323_c007267,1,338.9967346191406,356.207275390625,375.69476318359375,391.9139709472656,0.1276218593120575
tile_r020323_c007267,1,116.36146545410156,14.985674858093262,142.11395263671875,38.745582580566406,0.0908218771219253
tile_r020323_c007267,1,122.3166046142578,225.50387573242188,152.03787231445312,254.10891723632807,0.0510089360177516
tile_r020323_c007267,1,135.10958862304688,320.2347106933594,157.57424926757812,338.8251342773437,0.0509427189826965
tile_r020323_c007267,1,435.0026245117188,200.6225128173828,514.5823364257812,273.28387451171875,0.0430405549705028
tile_r020323_c007267,1,311.81768798828125,473.9567260742188,363.3464965820313,514.4651489257812,0.0419232249259948
tile_r020323_c007267,1,427.6781311035156,15.900921821594238,460.1507873535156,51.74991989135742,0.0368352606892585
tile_r020323_c007267,1,434.4525451660156,28.100326538085938,466.025390625,58.9293098449707,0.0305376760661602
tile_r020323_c007267,1,324.4297790527344,344.44940185546875,380.6554565429688,400.00634765625,0.0301623735576868
tile_r020323_c007267,1,442.6051635742188,-2.906573534011841,500.5891723632813,36.37648391723633,0.0281659383326768
tile_r020323_c007267,1,489.2757873535156,111.8490753173828,517.2177734375,159.74136352539062,0.0199897624552249
tile_r020323_c007267,1,223.4557342529297,303.47344970703125,246.6571044921875,329.07275390625,0.0187131706625223
tile_r020323_c007267,1,451.9671325683594,0.6917358636856079,486.7859802246094,29.53036499023437,0.0175096970051527
tile_r020323_c007267,1,114.6683578491211,151.9553985595703,143.5359344482422,178.48165893554688,0.015745036303997
tile_r020323_c007267,1,464.41845703125,209.37841796875,493.7971801757813,239.04428100585935,0.0152993984520435
tile_r020323_c007267,1,423.8331909179688,11.107030868530272,478.0355529785156,64.0779800415039,0.0122477691620588
tile_r020323_c007267,1,133.81837463378906,314.8288269042969,165.05397033691406,345.4138488769531,0.01002724096179
tile_r020323_c007267,1,511.2256774902344,355.73748779296875,524.5999145507812,458.7926635742188,0.0097271343693137
tile_r020323_c007267,1,427.3763732910156,195.72134399414065,519.8590698242188,295.0281677246094,0.0093445088714361
tile_r020323_c007267,1,11.046941757202148,6.269058227539063,42.15498733520508,33.117942810058594,0.0092892553657293
tile_r020323_c007267,1,107.13033294677734,11.879022598266602,144.15089416503906,50.72312545776367,0.0084414351731538
tile_r020323_c007267,1,99.92608642578124,26.508777618408203,154.70709228515625,93.65007019042967,0.0084397476166486
tile_r020323_c007267,1,511.1785583496094,396.76513671875,524.5985717773438,496.0313415527344,0.008318149484694
tile_r020323_c007267,1,511.53753662109375,321.81378173828125,524.5776977539062,423.2474060058594,0.0082906764000654
tile_r020323_c007267,1,462.115234375,1.8669220209121704,498.1232299804688,28.46486473083496,0.007499442435801
tile_r020323_c007267,1,209.91159057617188,389.53851318359375,236.5657501220703,419.1546936035156,0.0074148066341876
tile_r020323_c007267,1,191.4796295166016,467.9627075195313,238.523681640625,514.2345581054688,0.0068785632029175
tile_r020323_c007267,1,511.6482543945313,425.58544921875,524.5973510742188,510.08837890625,0.0068039246834814
tile_r020323_c007267,1,511.9280395507813,295.1753845214844,524.59423828125,399.6025390625,0.0067155645228922
tile_r020323_c007267,1,510.9761657714844,248.5183868408203,524.611328125,345.8176574707031,0.0060418155044317
tile_r020323_c007267,1,511.6366271972656,272.4366760253906,524.6061401367188,369.8310546875,0.005561732687056
tile_r020323_c007267,1,278.44781494140625,189.40017700195312,318.6233825683594,232.1737060546875,0.0047727008350193
tile_r020323_c007267,1,96.69865417480467,5.00738525390625,150.62442016601562,81.00440979003906,0.0045818234793841
tile_r020323_c007267,1,110.1182861328125,44.59708404541016,147.9437255859375,84.13462829589844,0.004448520950973
tile_r020323_c007267,1,512.4469604492188,448.1392211914063,524.6178588867188,515.6231079101562,0.004268564749509
tile_r020323_c007267,1,478.3297729492188,114.4820785522461,518.16455078125,166.16641235351562,0.004250110592693
tile_r020323_c007267,1,113.03395080566406,9.863775253295898,144.67922973632812,38.04065704345703,0.0040034959092736
tile_r020323_c007267,1,432.0581970214844,19.320392608642575,460.6013793945313,56.26715087890625,0.0038889830466359
tile_r020323_c007267,1,493.9906311035156,206.6293487548828,513.1736450195312,231.4657745361328,0.0035514456685632
tile_r020323_c007267,1,276.1441345214844,331.74053955078125,322.6788024902344,386.4035034179688,0.0034323218278586
tile_r020323_c007267,1,449.6389770507813,-2.117645263671875,514.3616333007812,41.62836456298828,0.0034163550008088
tile_r020323_c007267,1,344.99774169921875,360.5288696289063,375.5718688964844,390.04986572265625,0.0032903559040278
tile_r020323_c007267,1,512.2430419921875,212.2041015625,524.7449951171875,321.5264587402344,0.0029300623573362
tile_r020323_c007267,1,512.2733154296875,58.490379333496094,524.7262573242188,151.4114990234375,0.0028934797737747
tile_r020323_c007267,1,218.962646484375,296.7601013183594,257.3817749023437,336.67144775390625,0.0028676658403128
tile_r020323_c007267,1,116.6250991821289,218.40689086914065,161.51473999023438,261.873291015625,0.00281502911821
tile_r020323_c007267,1,103.4985580444336,142.1256561279297,148.5096893310547,184.85910034179688,0.0026911357417702
tile_r020323_c007267,1,-11.828290939331056,3.6971497535705566,-3.322805881500244,60.63529586791992,0.0025611959863454
tile_r020323_c007267,1,-12.169607162475586,10.672002792358398,-3.8235230445861816,75.64545440673828,0.0024985359050333
tile_r020323_c007267,1,-4.365130424499512,-3.297497510910034,48.32047653198242,48.71710968017578,0.0024758467916399
tile_r020323_c007267,1,201.50390625,477.58837890625,233.48876953125,509.4280395507813,0.0023575625382363
tile_r020323_c007267,1,478.2810668945313,193.41128540039065,522.0345458984375,274.3414001464844,0.0023440832737833
tile_r020323_c007267,1,385.5958557128906,346.866943359375,410.23529052734375,367.5825805664063,0.0022703874856233
tile_r020323_c007267,1,241.3163146972656,219.6045379638672,298.3191833496094,280.55718994140625,0.0022519652266055
tile_r020323_c007267,1,121.7398910522461,227.3414306640625,144.7238311767578,252.5807342529297,0.0022385718766599
tile_r020323_c007267,1,457.3283081054688,1.257360816001892,509.7626953125,27.883092880249023,0.0021539428271353
tile_r020323_c007267,1,-11.715388298034668,-12.46840476989746,1.5174392461776731,9.26246166229248,0.0020595588721334
tile_r020323_c007267,1,329.72076416015625,352.6229553222656,371.4681091308594,389.1687622070313,0.0018755050841718
tile_r020323_c007267,1,496.6778259277344,88.41107940673828,521.7386474609375,165.071044921875,0.0017439696239307
tile_r020323_c007267,1,500.5632934570313,455.47601318359375,520.8489990234375,512.997314453125,0.0016991784796118
tile_r020323_c007267,1,1.398553490638733,171.0535888671875,20.212677001953125,192.6825256347656,0.0016895978478714
tile_r020323_c007267,1,339.4315490722656,514.9212646484375,398.5760192871094,524.7072143554688,0.0016414453275501
tile_r020323_c007267,1,499.3079223632813,426.1924743652344,521.9354248046875,502.0901489257813,0.0016223073471337
tile_r020323_c007267,1,422.2373046875,100.05859375,467.5855407714844,149.77456665039062,0.0015858866972848
tile_r020323_c007267,1,266.4765625,173.06954956054688,332.0474548339844,248.3683319091797,0.0015817816602066
tile_r020323_c007267,1,512.1312255859375,29.357593536376957,524.5067138671875,112.48841857910156,0.0015768418088555
tile_r020323_c007267,1,319.4398498535156,490.7552185058594,357.5877380371094,512.2914428710938,0.0015171054983511
tile_r020323_c007267,1,512.6080322265625,193.2855987548828,524.6790771484375,295.9173278808594,0.001451002433896
tile_r020323_c007267,1,512.0792846679688,82.75883483886719,524.5992431640625,164.3816375732422,0.0014465999556705
tile_r020323_c007267,1,427.56097412109375,17.459253311157227,452.58831787109375,40.12303924560547,0.0014361727517098
tile_r020323_c007267,1,491.87841796875,190.9557342529297,520.8323364257812,252.7347869873047,0.0013850003015249
tile_r020323_c007267,1,204.0059814453125,383.3595581054688,245.9196014404297,425.8488159179688,0.0013790171360597
tile_r020323_c007267,1,513.1036376953125,483.5925903320313,524.7999877929688,524.7999877929688,0.0013708854094147
tile_r020323_c007267,1,434.7169799804688,-2.395727634429932,499.6365356445313,48.68659591674805,0.0013339116703718
tile_r020323_c007267,1,422.5494995117188,-9.425817489624023,510.6260681152344,63.056861877441406,0.0013047943357378
tile_r020323_c007267,1,310.8284606933594,511.8342895507813,361.2389221191406,515.66650390625,0.0012991274707019
tile_r020323_c007267,1,-12.378807067871094,509.073486328125,2.890852451324463,524.7999877929688,0.0012930169468745
tile_r020323_c007267,1,388.4836120605469,506.58154296875,444.9164123535156,512.1818237304688,0.0012895247200503
tile_r020323_c007267,1,509.5992736816406,369.1527099609375,524.7999877929688,476.6814575195313,0.0012843692675232
tile_r020323_c007267,1,500.5372009277344,410.71630859375,522.45556640625,493.7022399902344,0.0012711526360362
tile_r020323_c007267,1,-12.34360694885254,485.3821716308594,-2.793554782867432,516.5004272460938,0.0012630906421691
tile_r020323_c007267,1,477.6492309570313,94.63008880615234,518.75830078125,162.44232177734375,0.0012496921699494
tile_r020323_c007267,1,100.9540557861328,4.479723930358887,147.28604125976562,44.025726318359375,0.0012472294038161
tile_r020323_c007267,1,-12.33300495147705,465.16015625,-4.242331027984619,514.6052856445312,0.0012080071028321
tile_r020323_c007267,1,168.0778045654297,25.447490692138672,194.6107482910156,48.87505340576172,0.001188114285469
tile_r020323_c007267,1,-12.260039329528809,26.624828338623047,-3.6220061779022217,90.59098052978516,0.0011705055367201
tile_r020323_c007267,1,502.284423828125,239.6835021972656,523.2994384765625,336.09344482421875,0.0011623783502727
tile_r020323_c007267,1,-11.846087455749512,-5.81231689453125,0.3449569642543793,43.99705123901367,0.0011550015769898
tile_r020323_c007267,1,509.1203002929688,107.9888153076172,523.9874877929688,180.6478576660156,0.0011324988445267
tile_r020323_c007267,1,316.3837280273437,497.0179748535156,358.1957397460937,512.6310424804688,0.0011103404685854
tile_r020323_c007267,1,183.34420776367188,464.3130798339844,244.8551483154297,519.2001953125,0.0011065987637266
tile_r020323_c007267,1,230.5481414794922,515.4493408203125,286.5538024902344,524.5524291992188,0.0011062187841162
tile_r020323_c007267,1,-12.189831733703612,43.04019927978516,-3.357191562652588,101.84114837646484,0.0010850442340597
tile_r020323_c007267,1,354.35015869140625,514.3469848632812,421.375244140625,524.6920776367188,0.0010641391854733
tile_r020323_c007267,1,500.5919799804688,312.49151611328125,522.0890502929688,390.2639770507813,0.0010571007151156
tile_r020323_c007267,1,306.2139587402344,468.37445068359375,370.7225646972656,519.2675170898438,0.0010502648074179
tile_r020323_c007267,1,213.5142517089844,515.8405151367188,271.4317932128906,524.7999877929688,0.0010404458735138
tile_r020323_c007267,1,-12.53002643585205,311.8265991210937,-3.922468662261963,372.4656677246094,0.0010298824636265
tile_r020323_c007267,1,467.44281005859375,2.216599941253662,503.9757385253906,26.401403427124023,0.0010257810354232
tile_r020323_c007267,1,497.4344787597656,320.3740234375,522.4524536132812,400.3589782714844,0.0010174399940297
tile_r020323_c007267,1,-12.267119407653809,51.82073974609375,-3.4761078357696533,113.83311462402344,0.0010163442930206
tile_r020323_c007267,1,504.5458068847656,-12.800000190734863,524.4747314453125,2.452493190765381,0.0010132910683751
